,SSH_10min,Tide_10min,Significant_Wave_Height,Peak_Wave_Period,Wave_Setup,Wave_Swash,Wave_Runup,Total_Water_Level,beach_slope,water_depth
2026-09-22 00:00:00,-0.09218252,0.12529672328911148,1.649999963119626,11.999999731779099,0.03703356092441259,1.2207260741312065,1.257759635055619,1.2908738412930338,0.005493633158953499,8.0
2026-09-22 00:10:00,-0.09218252,0.14033089794404716,1.649999963119626,11.999999731779099,0.03703356092441259,1.2207260741312065,1.257759635055619,1.3059080159479695,0.005493633158953499,8.0
2026-09-22 00:20:00,-0.09218252,0.15432229519405538,1.649999963119626,11.999999731779099,0.03703356092441259,1.2207260741312065,1.257759635055619,1.3198994131979775,0.005493633158953499,8.0
2026-09-22 00:30:00,-0.09218252,0.1672090547005836,1.649999963119626,11.999999731779099,0.03703356092441259,1.2207260741312065,1.257759635055619,1.3327861727045058,0.005493633158953499,8.0
2026-09-22 00:40:00,-0.09218252,0.1789360291074038,1.649999963119626,11.999999731779099,0.03703356092441259,1.2207260741312065,1.257759635055619,1.344513147111326,0.005493633158953499,8.0
2026-09-22 00:50:00,-0.09218252,0.18945378787295297,1.649999963119626,11.999999731779099,0.03703356092441259,1.2207260741312065,1.257759635055619,1.3550309058768752,0.005493633158953499,8.0
2026-09-22 01:00:00,-0.09218252,0.1987177956242349,1.649999963119626,11.999999731779099,0.03703356092441259,1.2207260741312065,1.257759635055619,1.3642949136281572,0.005493633158953499,8.0
2026-09-22 01:10:00,-0.09218252,0.20668788343146793,1.649999963119626,11.999999731779099,0.03703356092441259,1.2207260741312065,1.257759635055619,1.37226500143539,0.005493633158953499,8.0
2026-09-22 01:20:00,-0.09218252,0.21332809341979939,1.649999963119626,11.999999731779099,0.03703356092441259,1.2207260741312065,1.257759635055619,1.3789052114237217,0.005493633158953499,8.0
2026-09-22 01:30:00,-0.09218252,0.2186069302342779,1.649999963119626,11.999999731779099,0.03703356092441259,1.2207260741312065,1.257759635055619,1.3841840482382002,0.005493633158953499,8.0
2026-09-22 01:40:00,-0.09218252,0.22249800262056588,1.649999963119626,11.999999731779099,0.03703356092441259,1.2207260741312065,1.257759635055619,1.3880751206244881,0.005493633158953499,8.0
2026-09-22 01:50:00,-0.09218252,0.22498099024921156,1.649999963119626,11.999999731779099,0.03703356092441259,1.2207260741312065,1.257759635055619,1.3905581082531338,0.005493633158953499,8.0
2026-09-22 02:00:00,-0.09218252,0.22604283056930327,1.649999963119626,11.999999731779099,0.03703356092441259,1.2207260741312065,1.257759635055619,1.3916199485732255,0.005493633158953499,8.0
2026-09-22 02:10:00,-0.09218252,0.22567899233655386,1.649999963119626,11.999999731779099,0.03703356092441259,1.2207260741312065,1.257759635055619,1.3912561103404761,0.005493633158953499,8.0
2026-09-22 02:20:00,-0.09218252,0.2238946897266675,1.649999963119626,11.999999731779099,0.03703356092441259,1.2207260741312065,1.257759635055619,1.3894718077305899,0.005493633158953499,8.0
2026-09-22 02:30:00,-0.09218252,0.22070589513224423,1.649999963119626,11.999999731779099,0.03703356092441259,1.2207260741312065,1.257759635055619,1.3862830131361665,0.005493633158953499,8.0
2026-09-22 02:40:00,-0.09218252,0.21614002901689294,1.649999963119626,11.999999731779099,0.03703356092441259,1.2207260741312065,1.257759635055619,1.3817171470208152,0.005493633158953499,8.0
2026-09-22 02:50:00,-0.09218252,0.21023623965212337,1.649999963119626,11.999999731779099,0.03703356092441259,1.2207260741312065,1.257759635055619,1.3758133576560456,0.005493633158953499,8.0
2026-09-22 03:00:00,-0.09218252,0.20304522963950739,1.649999963119626,12.139999728649855,0.0374656191351974,1.234967878329404,1.2724334974646014,1.383296210052412,0.005493633158953499,8.0
2026-09-22 03:10:00,-0.09218252,0.19462863530889082,1.649999963119626,12.139999728649855,0.0374656191351974,1.234967878329404,1.2724334974646014,1.3748796157217955,0.005493633158953499,8.0
2026-09-22 03:20:00,-0.09218252,0.18505801315868758,1.649999963119626,12.139999728649855,0.0374656191351974,1.234967878329404,1.2724334974646014,1.3653089935715923,0.005493633158953499,8.0
2026-09-22 03:30:00,-0.09218252,0.17441352935125598,1.649999963119626,12.139999728649855,0.0374656191351974,1.234967878329404,1.2724334974646014,1.3546645097641608,0.005493633158953499,8.0
2026-09-22 03:40:00,-0.09218252,0.16278247869443074,1.649999963119626,12.139999728649855,0.0374656191351974,1.234967878329404,1.2724334974646014,1.3430334591073354,0.005493633158953499,8.0
2026-09-22 03:50:00,-0.09218252,0.15025777520840242,1.649999963119626,12.139999728649855,0.0374656191351974,1.234967878329404,1.2724334974646014,1.330508755621307,0.005493633158953499,8.0
2026-09-22 04:00:00,-0.09218252,0.1369365553098303,1.649999963119626,12.139999728649855,0.0374656191351974,1.234967878329404,1.2724334974646014,1.317187535722735,0.005493633158953499,8.0
2026-09-22 04:10:00,-0.09218252,0.12291901683790854,1.649999963119626,12.139999728649855,0.0374656191351974,1.234967878329404,1.2724334974646014,1.3031699972508133,0.005493633158953499,8.0
2026-09-22 04:20:00,-0.09218252,0.10830758480899709,1.649999963119626,12.139999728649855,0.0374656191351974,1.234967878329404,1.2724334974646014,1.2885585652219018,0.005493633158953499,8.0
2026-09-22 04:30:00,-0.09218252,0.09320645116057259,1.649999963119626,12.139999728649855,0.0374656191351974,1.234967878329404,1.2724334974646014,1.2734574315734772,0.005493633158953499,8.0
2026-09-22 04:40:00,-0.09218252,0.07772148631552177,1.649999963119626,12.139999728649855,0.0374656191351974,1.234967878329404,1.2724334974646014,1.2579724667284264,0.005493633158953499,8.0
2026-09-22 04:50:00,-0.09218252,0.06196047033785571,1.649999963119626,12.139999728649855,0.0374656191351974,1.234967878329404,1.2724334974646014,1.2422114507507604,0.005493633158953499,8.0
2026-09-22 05:00:00,-0.09218252,0.04603354698287315,1.649999963119626,12.139999728649855,0.0374656191351974,1.234967878329404,1.2724334974646014,1.2262845273957779,0.005493633158953499,8.0
2026-09-22 05:10:00,-0.09218252,0.030053769977528875,1.649999963119626,12.139999728649855,0.0374656191351974,1.234967878329404,1.2724334974646014,1.2103047503904336,0.005493633158953499,8.0
2026-09-22 05:20:00,-0.09218252,0.014137591681931072,1.649999963119626,12.139999728649855,0.0374656191351974,1.234967878329404,1.2724334974646014,1.1943885720948357,0.005493633158953499,8.0
2026-09-22 05:30:00,-0.09218252,-0.00159485777893387,1.649999963119626,12.139999728649855,0.0374656191351974,1.234967878329404,1.2724334974646014,1.1786561226339707,0.005493633158953499,8.0
2026-09-22 05:40:00,-0.09218252,-0.017019837265313455,1.649999963119626,12.139999728649855,0.0374656191351974,1.234967878329404,1.2724334974646014,1.1632311431475912,0.005493633158953499,8.0
2026-09-22 05:50:00,-0.09218252,-0.032010511691512186,1.649999963119626,12.139999728649855,0.0374656191351974,1.234967878329404,1.2724334974646014,1.1482404687213925,0.005493633158953499,8.0
2026-09-22 06:00:00,-0.09218252,-0.046437979158233354,1.6399999633431435,12.27999972552061,0.037782661368002415,1.2454184456128414,1.2832011069808438,1.1445806107709136,0.005493633158953499,8.0
2026-09-22 06:10:00,-0.09218252,-0.06017281485646639,1.6399999633431435,12.27999972552061,0.037782661368002415,1.2454184456128414,1.2832011069808438,1.1308457750726806,0.005493633158953499,8.0
2026-09-22 06:20:00,-0.09218252,-0.07308708307372247,1.6399999633431435,12.27999972552061,0.037782661368002415,1.2454184456128414,1.2832011069808438,1.1179315068554245,0.005493633158953499,8.0
2026-09-22 06:30:00,-0.09218252,-0.08505671674219287,1.6399999633431435,12.27999972552061,0.037782661368002415,1.2454184456128414,1.2832011069808438,1.105961873186954,0.005493633158953499,8.0
2026-09-22 06:40:00,-0.09218252,-0.09596412137496677,1.6399999633431435,12.27999972552061,0.037782661368002415,1.2454184456128414,1.2832011069808438,1.0950544685541803,0.005493633158953499,8.0
2026-09-22 06:50:00,-0.09218252,-0.10570083159018459,1.6399999633431435,12.27999972552061,0.037782661368002415,1.2454184456128414,1.2832011069808438,1.0853177583389624,0.005493633158953499,8.0
2026-09-22 07:00:00,-0.09218252,-0.11417003695278942,1.6399999633431435,12.27999972552061,0.037782661368002415,1.2454184456128414,1.2832011069808438,1.0768485529763576,0.005493633158953499,8.0
2026-09-22 07:10:00,-0.09218252,-0.12128880087882701,1.6399999633431435,12.27999972552061,0.037782661368002415,1.2454184456128414,1.2832011069808438,1.06972978905032,0.005493633158953499,8.0
2026-09-22 07:20:00,-0.09218252,-0.12698982122031316,1.6399999633431435,12.27999972552061,0.037782661368002415,1.2454184456128414,1.2832011069808438,1.064028768708834,0.005493633158953499,8.0
2026-09-22 07:30:00,-0.09218252,-0.13122262117190278,1.6399999633431435,12.27999972552061,0.037782661368002415,1.2454184456128414,1.2832011069808438,1.0597959687572442,0.005493633158953499,8.0
2026-09-22 07:40:00,-0.09218252,-0.1339541101584109,1.6399999633431435,12.27999972552061,0.037782661368002415,1.2454184456128414,1.2832011069808438,1.057064479770736,0.005493633158953499,8.0
2026-09-22 07:50:00,-0.09218252,-0.13516851077383454,1.6399999633431435,12.27999972552061,0.037782661368002415,1.2454184456128414,1.2832011069808438,1.0558500791553125,0.005493633158953499,8.0
2026-09-22 08:00:00,-0.09218252,-0.134866703755277,1.6399999633431435,12.27999972552061,0.037782661368002415,1.2454184456128414,1.2832011069808438,1.05615188617387,0.005493633158953499,8.0
2026-09-22 08:10:00,-0.09218252,-0.13306509230876545,1.6399999633431435,12.27999972552061,0.037782661368002415,1.2454184456128414,1.2832011069808438,1.0579534976203815,0.005493633158953499,8.0
2026-09-22 08:20:00,-0.09218252,-0.12979412476264476,1.6399999633431435,12.27999972552061,0.037782661368002415,1.2454184456128414,1.2832011069808438,1.0612244651665022,0.005493633158953499,8.0
2026-09-22 08:30:00,-0.09218252,-0.12509663656736453,1.6399999633431435,12.27999972552061,0.037782661368002415,1.2454184456128414,1.2832011069808438,1.0659219533617825,0.005493633158953499,8.0
2026-09-22 08:40:00,-0.09218252,-0.11902617692199194,1.6399999633431435,12.27999972552061,0.037782661368002415,1.2454184456128414,1.2832011069808438,1.071992413007155,0.005493633158953499,8.0
2026-09-22 08:50:00,-0.09218252,-0.11164547174753142,1.6399999633431435,12.27999972552061,0.037782661368002415,1.2454184456128414,1.2832011069808438,1.0793731181816155,0.005493633158953499,8.0
2026-09-22 09:00:00,-0.09218252,-0.10302514491233496,1.6299999635666609,12.27999972552061,0.03766729419374467,1.2416156323213323,1.279282926515077,1.0840752645510452,0.005493633158953499,8.0
2026-09-22 09:10:00,-0.09218252,-0.0932427774792737,1.6299999635666609,12.27999972552061,0.03766729419374467,1.2416156323213323,1.279282926515077,1.0938576319841065,0.005493633158953499,8.0
2026-09-22 09:20:00,-0.09218252,-0.08238233480458693,1.6299999635666609,12.27999972552061,0.03766729419374467,1.2416156323213323,1.279282926515077,1.1047180746587932,0.005493633158953499,8.0
2026-09-22 09:30:00,-0.09218252,-0.07053393975956992,1.6299999635666609,12.27999972552061,0.03766729419374467,1.2416156323213323,1.279282926515077,1.1165664697038102,0.005493633158953499,8.0
2026-09-22 09:40:00,-0.09218252,-0.057793922653418164,1.6299999635666609,12.27999972552061,0.03766729419374467,1.2416156323213323,1.279282926515077,1.129306486809962,0.005493633158953499,8.0
2026-09-22 09:50:00,-0.09218252,-0.044265040326957605,1.6299999635666609,12.27999972552061,0.03766729419374467,1.2416156323213323,1.279282926515077,1.1428353691364226,0.005493633158953499,8.0
2026-09-22 10:00:00,-0.09218252,-0.03005673243779216,1.6299999635666609,12.27999972552061,0.03766729419374467,1.2416156323213323,1.279282926515077,1.1570436770255879,0.005493633158953499,8.0
2026-09-22 10:10:00,-0.09218252,-0.015285274897846517,1.6299999635666609,12.27999972552061,0.03766729419374467,1.2416156323213323,1.279282926515077,1.1718151345655337,0.005493633158953499,8.0
2026-09-22 10:20:00,-0.09218252,-7.369968697964635e-05,1.6299999635666609,12.27999972552061,0.03766729419374467,1.2416156323213323,1.279282926515077,1.1870267097764005,0.005493633158953499,8.0
2026-09-22 10:30:00,-0.09218252,0.015448624572055328,1.6299999635666609,12.27999972552061,0.03766729419374467,1.2416156323213323,1.279282926515077,1.2025490340354354,0.005493633158953499,8.0
2026-09-22 10:40:00,-0.09218252,0.031146818440290432,1.6299999635666609,12.27999972552061,0.03766729419374467,1.2416156323213323,1.279282926515077,1.2182472279036705,0.005493633158953499,8.0
2026-09-22 10:50:00,-0.09218252,0.04688174418322866,1.6299999635666609,12.27999972552061,0.03766729419374467,1.2416156323213323,1.279282926515077,1.233982153646609,0.005493633158953499,8.0
2026-09-22 11:00:00,-0.09218252,0.0625116550562262,1.6299999635666609,12.27999972552061,0.03766729419374467,1.2416156323213323,1.279282926515077,1.2496120645196063,0.005493633158953499,8.0
2026-09-22 11:10:00,-0.09218252,0.07789416391531587,1.6299999635666609,12.27999972552061,0.03766729419374467,1.2416156323213323,1.279282926515077,1.264994573378696,0.005493633158953499,8.0
2026-09-22 11:20:00,-0.09218252,0.0928884142096317,1.6299999635666609,12.27999972552061,0.03766729419374467,1.2416156323213323,1.279282926515077,1.279988823673012,0.005493633158953499,8.0
2026-09-22 11:30:00,-0.09218252,0.10735730957495783,1.6299999635666609,12.27999972552061,0.03766729419374467,1.2416156323213323,1.279282926515077,1.294457719038338,0.005493633158953499,8.0
2026-09-22 11:40:00,-0.09218252,0.12116964716528082,1.6299999635666609,12.27999972552061,0.03766729419374467,1.2416156323213323,1.279282926515077,1.308270056628661,0.005493633158953499,8.0
2026-09-22 11:50:00,-0.09218252,0.13420200581575556,1.6299999635666609,12.27999972552061,0.03766729419374467,1.2416156323213323,1.279282926515077,1.3213024152791357,0.005493633158953499,8.0
2026-09-22 12:00:00,-0.09218252,0.14634026259502386,1.6099999640136957,12.249999726191163,0.03734403847079358,1.2309602516404428,1.2683042901112362,1.3224620356545633,0.005493633158953499,8.0
2026-09-22 12:10:00,-0.09218252,0.15748064768965372,1.6099999640136957,12.249999726191163,0.03734403847079358,1.2309602516404428,1.2683042901112362,1.3336024207491932,0.005493633158953499,8.0
2026-09-22 12:20:00,-0.09218252,0.1675302939112508,1.6099999640136957,12.249999726191163,0.03734403847079358,1.2309602516404428,1.2683042901112362,1.3436520669707903,0.005493633158953499,8.0
2026-09-22 12:30:00,-0.09218252,0.17640728814698978,1.6099999640136957,12.249999726191163,0.03734403847079358,1.2309602516404428,1.2683042901112362,1.3525290612065293,0.005493633158953499,8.0
2026-09-22 12:40:00,-0.09218252,0.18404028212863843,1.6099999640136957,12.249999726191163,0.03734403847079358,1.2309602516404428,1.2683042901112362,1.360162055188178,0.005493633158953499,8.0
2026-09-22 12:50:00,-0.09218252,0.190367763332989,1.6099999640136957,12.249999726191163,0.03734403847079358,1.2309602516404428,1.2683042901112362,1.3664895363925285,0.005493633158953499,8.0
2026-09-22 13:00:00,-0.09218252,0.19533711881220245,1.6099999640136957,12.249999726191163,0.03734403847079358,1.2309602516404428,1.2683042901112362,1.3714588918717419,0.005493633158953499,8.0
2026-09-22 13:10:00,-0.09218252,0.19890364170071595,1.6099999640136957,12.249999726191163,0.03734403847079358,1.2309602516404428,1.2683042901112362,1.3750254147602554,0.005493633158953499,8.0
2026-09-22 13:20:00,-0.09218252,0.20102963023990675,1.6099999640136957,12.249999726191163,0.03734403847079358,1.2309602516404428,1.2683042901112362,1.3771514032994463,0.005493633158953499,8.0
2026-09-22 13:30:00,-0.09218252,0.2016837123897226,1.6099999640136957,12.249999726191163,0.03734403847079358,1.2309602516404428,1.2683042901112362,1.377805485449262,0.005493633158953499,8.0
2026-09-22 13:40:00,-0.09218252,0.20084049749265415,1.6099999640136957,12.249999726191163,0.03734403847079358,1.2309602516404428,1.2683042901112362,1.3769622705521936,0.005493633158953499,8.0
2026-09-22 13:50:00,-0.09218252,0.19848061354106847,1.6099999640136957,12.249999726191163,0.03734403847079358,1.2309602516404428,1.2683042901112362,1.3746023866006079,0.005493633158953499,8.0
2026-09-22 14:00:00,-0.09218252,0.19459113940092698,1.6099999640136957,12.249999726191163,0.03734403847079358,1.2309602516404428,1.2683042901112362,1.3707129124604664,0.005493633158953499,8.0
2026-09-22 14:10:00,-0.09218252,0.18916639131434765,1.6099999640136957,12.249999726191163,0.03734403847079358,1.2309602516404428,1.2683042901112362,1.365288164373887,0.005493633158953499,8.0
2026-09-22 14:20:00,-0.09218252,0.18220897796162652,1.6099999640136957,12.249999726191163,0.03734403847079358,1.2309602516404428,1.2683042901112362,1.358330751021166,0.005493633158953499,8.0
2026-09-22 14:30:00,-0.09218252,0.17373100332196345,1.6099999640136957,12.249999726191163,0.03734403847079358,1.2309602516404428,1.2683042901112362,1.349852776381503,0.005493633158953499,8.0
2026-09-22 14:40:00,-0.09218252,0.1637552754812902,1.6099999640136957,12.249999726191163,0.03734403847079358,1.2309602516404428,1.2683042901112362,1.3398770485408296,0.005493633158953499,8.0
2026-09-22 14:50:00,-0.09218252,0.15231637486959237,1.6099999640136957,12.249999726191163,0.03734403847079358,1.2309602516404428,1.2683042901112362,1.3284381479291318,0.005493633158953499,8.0
2026-09-22 15:00:00,-0.09218252,0.139461447430862,1.5899999644607306,12.109999729320407,0.036687233205096884,1.2093101782084252,1.2459974114135222,1.2932763417926874,0.005493633158953499,8.0
2026-09-22 15:10:00,-0.09218252,0.1252506158241026,1.5899999644607306,12.109999729320407,0.036687233205096884,1.2093101782084252,1.2459974114135222,1.279065510185928,0.005493633158953499,8.0
2026-09-22 15:20:00,-0.09218252,0.10975694135330151,1.5899999644607306,12.109999729320407,0.036687233205096884,1.2093101782084252,1.2459974114135222,1.2635718357151269,0.005493633158953499,8.0
2026-09-22 15:30:00,-0.09218252,0.09306591673260921,1.5899999644607306,12.109999729320407,0.036687233205096884,1.2093101782084252,1.2459974114135222,1.2468808110944345,0.005493633158953499,8.0
2026-09-22 15:40:00,-0.09218252,0.0752745192040419,1.5899999644607306,12.109999729320407,0.036687233205096884,1.2093101782084252,1.2459974114135222,1.2290894135658672,0.005493633158953499,8.0
2026-09-22 15:50:00,-0.09218252,0.05648989950537499,1.5899999644607306,12.109999729320407,0.036687233205096884,1.2093101782084252,1.2459974114135222,1.2103047938672005,0.005493633158953499,8.0
2026-09-22 16:00:00,-0.09218252,0.036827819257129274,1.5899999644607306,12.109999729320407,0.036687233205096884,1.2093101782084252,1.2459974114135222,1.1906427136189546,0.005493633158953499,8.0
2026-09-22 16:10:00,-0.09218252,0.016410973231025954,1.5899999644607306,12.109999729320407,0.036687233205096884,1.2093101782084252,1.2459974114135222,1.1702258675928514,0.005493633158953499,8.0
2026-09-22 16:20:00,-0.09218252,-0.004632659017513459,1.5899999644607306,12.109999729320407,0.036687233205096884,1.2093101782084252,1.2459974114135222,1.149182235344312,0.005493633158953499,8.0
2026-09-22 16:30:00,-0.09218252,-0.026171296698789273,1.5899999644607306,12.109999729320407,0.036687233205096884,1.2093101782084252,1.2459974114135222,1.1276435976630361,0.005493633158953499,8.0
2026-09-22 16:40:00,-0.09218252,-0.0480705659250312,1.5899999644607306,12.109999729320407,0.036687233205096884,1.2093101782084252,1.2459974114135222,1.1057443284367943,0.005493633158953499,8.0
2026-09-22 16:50:00,-0.09218252,-0.07019435998632508,1.5899999644607306,12.109999729320407,0.036687233205096884,1.2093101782084252,1.2459974114135222,1.0836205343755003,0.005493633158953499,8.0
2026-09-22 17:00:00,-0.09218252,-0.0924053261440766,1.5899999644607306,12.109999729320407,0.036687233205096884,1.2093101782084252,1.2459974114135222,1.0614095682177487,0.005493633158953499,8.0
2026-09-22 17:10:00,-0.09218252,-0.114565003701914,1.5899999644607306,12.109999729320407,0.036687233205096884,1.2093101782084252,1.2459974114135222,1.0392498906599115,0.005493633158953499,8.0
2026-09-22 17:20:00,-0.09218252,-0.1365336860052407,1.5899999644607306,12.109999729320407,0.036687233205096884,1.2093101782084252,1.2459974114135222,1.0172812083565848,0.005493633158953499,8.0
2026-09-22 17:30:00,-0.09218252,-0.1581701189963662,1.5899999644607306,12.109999729320407,0.036687233205096884,1.2093101782084252,1.2459974114135222,0.9956447753654591,0.005493633158953499,8.0
2026-09-22 17:40:00,-0.09218252,-0.1793311761707243,1.5899999644607306,12.109999729320407,0.036687233205096884,1.2093101782084252,1.2459974114135222,0.974483718191101,0.005493633158953499,8.0
2026-09-22 17:50:00,-0.09218252,-0.19987166093544279,1.5899999644607306,12.109999729320407,0.036687233205096884,1.2093101782084252,1.2459974114135222,0.9539432334263827,0.005493633158953499,8.0
2026-09-22 18:00:00,-0.09218252,-0.21964438093943162,1.5599999651312828,11.989999732002616,0.03597938514072384,1.1859775964330155,1.2219569815737392,0.9101300835826108,0.005493633158953499,8.0
2026-09-22 18:10:00,-0.09218252,-0.23850061525766159,1.5599999651312828,11.989999732002616,0.03597938514072384,1.1859775964330155,1.2219569815737392,0.8912738492643808,0.005493633158953499,8.0
2026-09-22 18:20:00,-0.09218252,-0.2562910568554559,1.5599999651312828,11.989999732002616,0.03597938514072384,1.1859775964330155,1.2219569815737392,0.8734834076665865,0.005493633158953499,8.0
2026-09-22 18:30:00,-0.09218252,-0.27286726343087075,1.5599999651312828,11.989999732002616,0.03597938514072384,1.1859775964330155,1.2219569815737392,0.8569072010911717,0.005493633158953499,8.0
2026-09-22 18:40:00,-0.09218252,-0.2880835949647955,1.5599999651312828,11.989999732002616,0.03597938514072384,1.1859775964330155,1.2219569815737392,0.8416908695572469,0.005493633158953499,8.0
2026-09-22 18:50:00,-0.09218252,-0.3017995619297444,1.5599999651312828,11.989999732002616,0.03597938514072384,1.1859775964330155,1.2219569815737392,0.827974902592298,0.005493633158953499,8.0
2026-09-22 19:00:00,-0.09218252,-0.3138824601513901,1.5599999651312828,11.989999732002616,0.03597938514072384,1.1859775964330155,1.2219569815737392,0.8158920043706523,0.005493633158953499,8.0
2026-09-22 19:10:00,-0.09218252,-0.3242101320419573,1.5599999651312828,11.989999732002616,0.03597938514072384,1.1859775964330155,1.2219569815737392,0.8055643324800852,0.005493633158953499,8.0
2026-09-22 19:20:00,-0.09218252,-0.33267367336974424,1.5599999651312828,11.989999732002616,0.03597938514072384,1.1859775964330155,1.2219569815737392,0.7971007911522983,0.005493633158953499,8.0
2026-09-22 19:30:00,-0.09218252,-0.33917990225679634,1.5599999651312828,11.989999732002616,0.03597938514072384,1.1859775964330155,1.2219569815737392,0.7905945622652462,0.005493633158953499,8.0
2026-09-22 19:40:00,-0.09218252,-0.3436534230710605,1.5599999651312828,11.989999732002616,0.03597938514072384,1.1859775964330155,1.2219569815737392,0.7861210414509819,0.005493633158953499,8.0
2026-09-22 19:50:00,-0.09218252,-0.3460381506640717,1.5599999651312828,11.989999732002616,0.03597938514072384,1.1859775964330155,1.2219569815737392,0.7837363138579707,0.005493633158953499,8.0
2026-09-22 20:00:00,-0.09218252,-0.34629820656535387,1.5599999651312828,11.989999732002616,0.03597938514072384,1.1859775964330155,1.2219569815737392,0.7834762579566885,0.005493633158953499,8.0
2026-09-22 20:10:00,-0.09218252,-0.34441815330862313,1.5599999651312828,11.989999732002616,0.03597938514072384,1.1859775964330155,1.2219569815737392,0.7853563112134193,0.005493633158953499,8.0
2026-09-22 20:20:00,-0.09218252,-0.34040259029565706,1.5599999651312828,11.989999732002616,0.03597938514072384,1.1859775964330155,1.2219569815737392,0.7893718742263853,0.005493633158953499,8.0
2026-09-22 20:30:00,-0.09218252,-0.33427518833759484,1.5599999651312828,11.989999732002616,0.03597938514072384,1.1859775964330155,1.2219569815737392,0.7954992761844476,0.005493633158953499,8.0
2026-09-22 20:40:00,-0.09218252,-0.3260772846067856,1.5599999651312828,11.989999732002616,0.03597938514072384,1.1859775964330155,1.2219569815737392,0.8036971799152568,0.005493633158953499,8.0
2026-09-22 20:50:00,-0.09218252,-0.315866190584195,1.5599999651312828,11.989999732002616,0.03597938514072384,1.1859775964330155,1.2219569815737392,0.8139082739378474,0.005493633158953499,8.0
2026-09-22 21:00:00,-0.09218252,-0.30371337949298766,1.5399999655783176,11.84999973513186,0.03533059617090098,1.164591761738696,1.199922357909597,0.8040264613649126,0.005493633158953499,8.0
2026-09-22 21:10:00,-0.09218252,-0.2897027155905297,1.5399999655783176,11.84999973513186,0.03533059617090098,1.164591761738696,1.199922357909597,0.8180371252673706,0.005493633158953499,8.0
2026-09-22 21:20:00,-0.09218252,-0.27392886617221235,1.5399999655783176,11.84999973513186,0.03533059617090098,1.164591761738696,1.199922357909597,0.8338109746856879,0.005493633158953499,8.0
2026-09-22 21:30:00,-0.09218252,-0.25649600108803855,1.5399999655783176,11.84999973513186,0.03533059617090098,1.164591761738696,1.199922357909597,0.8512438397698616,0.005493633158953499,8.0
2026-09-22 21:40:00,-0.09218252,-0.23751683809549853,1.5399999655783176,11.84999973513186,0.03533059617090098,1.164591761738696,1.199922357909597,0.8702230027624017,0.005493633158953499,8.0
2026-09-22 21:50:00,-0.09218252,-0.21711204103407866,1.5399999655783176,11.84999973513186,0.03533059617090098,1.164591761738696,1.199922357909597,0.8906277998238216,0.005493633158953499,8.0
2026-09-22 22:00:00,-0.09218252,-0.19540992739882554,1.5399999655783176,11.84999973513186,0.03533059617090098,1.164591761738696,1.199922357909597,0.9123299134590747,0.005493633158953499,8.0
2026-09-22 22:10:00,-0.09218252,-0.17254639816280082,1.5399999655783176,11.84999973513186,0.03533059617090098,1.164591761738696,1.199922357909597,0.9351934426950994,0.005493633158953499,8.0
2026-09-22 22:20:00,-0.09218252,-0.14866497065892229,1.5399999655783176,11.84999973513186,0.03533059617090098,1.164591761738696,1.199922357909597,0.959074870198978,0.005493633158953499,8.0
2026-09-22 22:30:00,-0.09218252,-0.12391677841658233,1.5399999655783176,11.84999973513186,0.03533059617090098,1.164591761738696,1.199922357909597,0.9838230624413179,0.005493633158953499,8.0
2026-09-22 22:40:00,-0.09218252,-0.0984604020138398,1.5399999655783176,11.84999973513186,0.03533059617090098,1.164591761738696,1.199922357909597,1.0092794388440605,0.005493633158953499,8.0
2026-09-22 22:50:00,-0.09218252,-0.07246141204421938,1.5399999655783176,11.84999973513186,0.03533059617090098,1.164591761738696,1.199922357909597,1.035278428813681,0.005493633158953499,8.0
2026-09-22 23:00:00,-0.09218252,-0.046091537148859114,1.5399999655783176,11.84999973513186,0.03533059617090098,1.164591761738696,1.199922357909597,1.0616483037090412,0.005493633158953499,8.0
2026-09-22 23:10:00,-0.09218252,-0.01952741306672839,1.5399999655783176,11.84999973513186,0.03533059617090098,1.164591761738696,1.199922357909597,1.0882124277911718,0.005493633158953499,8.0
2026-09-22 23:20:00,-0.09218252,0.007051082279415164,1.5399999655783176,11.84999973513186,0.03533059617090098,1.164591761738696,1.199922357909597,1.1147909231373154,0.005493633158953499,8.0
2026-09-22 23:30:00,-0.09218252,0.033462853114227524,1.5399999655783176,11.84999973513186,0.03533059617090098,1.164591761738696,1.199922357909597,1.1412026939721278,0.005493633158953499,8.0
2026-09-22 23:40:00,-0.09218252,0.05952787081331124,1.5399999655783176,11.84999973513186,0.03533059617090098,1.164591761738696,1.199922357909597,1.1672677116712116,0.005493633158953499,8.0
2026-09-22 23:50:00,-0.09218252,0.08506958698252172,1.5399999655783176,11.84999973513186,0.03533059617090098,1.164591761738696,1.199922357909597,1.192809427840422,0.005493633158953499,8.0
2026-09-23 00:00:00,-0.088056885,0.10991732254013875,1.4999999664723873,11.749999737367034,0.03457448749447534,1.1396683799965648,1.1742428674910401,1.1961033053251584,0.005493633158953499,8.0
2026-09-23 00:10:00,-0.088056885,0.13390847782431525,1.4999999664723873,11.749999737367034,0.03457448749447534,1.1396683799965648,1.1742428674910401,1.2200944606093351,0.005493633158953499,8.0
2026-09-23 00:20:00,-0.088056885,0.1568904228761739,1.4999999664723873,11.749999737367034,0.03457448749447534,1.1396683799965648,1.1742428674910401,1.2430764056611936,0.005493633158953499,8.0
2026-09-23 00:30:00,-0.088056885,0.17872195666243773,1.4999999664723873,11.749999737367034,0.03457448749447534,1.1396683799965648,1.1742428674910401,1.2649079394474576,0.005493633158953499,8.0
2026-09-23 00:40:00,-0.088056885,0.19927426581259547,1.4999999664723873,11.749999737367034,0.03457448749447534,1.1396683799965648,1.1742428674910401,1.2854602485976152,0.005493633158953499,8.0
2026-09-23 00:50:00,-0.088056885,0.21843136278180272,1.4999999664723873,11.749999737367034,0.03457448749447534,1.1396683799965648,1.1742428674910401,1.3046173455668224,0.005493633158953499,8.0
2026-09-23 01:00:00,-0.088056885,0.23609003471305076,1.4999999664723873,11.749999737367034,0.03457448749447534,1.1396683799965648,1.1742428674910401,1.3222760174980706,0.005493633158953499,8.0
2026-09-23 01:10:00,-0.088056885,0.2521593818830038,1.4999999664723873,11.749999737367034,0.03457448749447534,1.1396683799965648,1.1742428674910401,1.3383453646680237,0.005493633158953499,8.0
2026-09-23 01:20:00,-0.088056885,0.2665600631781321,1.4999999664723873,11.749999737367034,0.03457448749447534,1.1396683799965648,1.1742428674910401,1.3527460459631517,0.005493633158953499,8.0
2026-09-23 01:30:00,-0.088056885,0.27922339123965323,1.4999999664723873,11.749999737367034,0.03457448749447534,1.1396683799965648,1.1742428674910401,1.365409374024673,0.005493633158953499,8.0
2026-09-23 01:40:00,-0.088056885,0.29009042897684767,1.4999999664723873,11.749999737367034,0.03457448749447534,1.1396683799965648,1.1742428674910401,1.3762764117618675,0.005493633158953499,8.0
2026-09-23 01:50:00,-0.088056885,0.29911123109111243,1.4999999664723873,11.749999737367034,0.03457448749447534,1.1396683799965648,1.1742428674910401,1.3852972138761321,0.005493633158953499,8.0
2026-09-23 02:00:00,-0.088056885,0.30624435008361944,1.4999999664723873,11.749999737367034,0.03457448749447534,1.1396683799965648,1.1742428674910401,1.3924303328686392,0.005493633158953499,8.0
2026-09-23 02:10:00,-0.088056885,0.31145668868400905,1.4999999664723873,11.749999737367034,0.03457448749447534,1.1396683799965648,1.1742428674910401,1.3976426714690289,0.005493633158953499,8.0
2026-09-23 02:20:00,-0.088056885,0.3147237340887475,1.4999999664723873,11.749999737367034,0.03457448749447534,1.1396683799965648,1.1742428674910401,1.4009097168737672,0.005493633158953499,8.0
2026-09-23 02:30:00,-0.088056885,0.3160301591109257,1.4999999664723873,11.749999737367034,0.03457448749447534,1.1396683799965648,1.1742428674910401,1.4022161418959453,0.005493633158953499,8.0
2026-09-23 02:40:00,-0.088056885,0.3153707270175381,1.4999999664723873,11.749999737367034,0.03457448749447534,1.1396683799965648,1.1742428674910401,1.4015567098025579,0.005493633158953499,8.0
2026-09-23 02:50:00,-0.088056885,0.31275139604280416,1.4999999664723873,11.749999737367034,0.03457448749447534,1.1396683799965648,1.1742428674910401,1.3989373788278239,0.005493633158953499,8.0
2026-09-23 03:00:00,-0.088056885,0.30819049079986605,1.4699999671429396,11.669999739155173,0.033993961519720416,1.1205326777739189,1.1545266392936393,1.374660245387485,0.005493633158953499,8.0
2026-09-23 03:10:00,-0.088056885,0.301719794450291,1.4699999671429396,11.669999739155173,0.033993961519720416,1.1205326777739189,1.1545266392936393,1.36818954903791,0.005493633158953499,8.0
2026-09-23 03:20:00,-0.088056885,0.2933854189250037,1.4699999671429396,11.669999739155173,0.033993961519720416,1.1205326777739189,1.1545266392936393,1.3598551735126225,0.005493633158953499,8.0
2026-09-23 03:30:00,-0.088056885,0.2832483303129878,1.4699999671429396,11.669999739155173,0.033993961519720416,1.1205326777739189,1.1545266392936393,1.3497180849006067,0.005493633158953499,8.0
2026-09-23 03:40:00,-0.088056885,0.27138444045507554,1.4699999671429396,11.669999739155173,0.033993961519720416,1.1205326777739189,1.1545266392936393,1.3378541950426945,0.005493633158953499,8.0
2026-09-23 03:50:00,-0.088056885,0.25788421988504245,1.4699999671429396,11.669999739155173,0.033993961519720416,1.1205326777739189,1.1545266392936393,1.3243539744726613,0.005493633158953499,8.0
2026-09-23 04:00:00,-0.088056885,0.24285183646938968,1.4699999671429396,11.669999739155173,0.033993961519720416,1.1205326777739189,1.1545266392936393,1.3093215910570086,0.005493633158953499,8.0
2026-09-23 04:10:00,-0.088056885,0.22640387271311027,1.4699999671429396,11.669999739155173,0.033993961519720416,1.1205326777739189,1.1545266392936393,1.2928736273007293,0.005493633158953499,8.0
2026-09-23 04:20:00,-0.088056885,0.20866771721417135,1.4699999671429396,11.669999739155173,0.033993961519720416,1.1205326777739189,1.1545266392936393,1.2751374718017903,0.005493633158953499,8.0
2026-09-23 04:30:00,-0.088056885,0.1897797571587471,1.4699999671429396,11.669999739155173,0.033993961519720416,1.1205326777739189,1.1545266392936393,1.2562495117463661,0.005493633158953499,8.0
2026-09-23 04:40:00,-0.088056885,0.1698835154668259,1.4699999671429396,11.669999739155173,0.033993961519720416,1.1205326777739189,1.1545266392936393,1.2363532700544448,0.005493633158953499,8.0
2026-09-23 04:50:00,-0.088056885,0.14912787627057478,1.4699999671429396,11.669999739155173,0.033993961519720416,1.1205326777739189,1.1545266392936393,1.2155976308581937,0.005493633158953499,8.0
2026-09-23 05:00:00,-0.088056885,0.12766552573191736,1.4699999671429396,11.669999739155173,0.033993961519720416,1.1205326777739189,1.1545266392936393,1.1941352803195362,0.005493633158953499,8.0
2026-09-23 05:10:00,-0.088056885,0.10565170369473084,1.4699999671429396,11.669999739155173,0.033993961519720416,1.1205326777739189,1.1545266392936393,1.1721214582823498,0.005493633158953499,8.0
2026-09-23 05:20:00,-0.088056885,0.08324331890097353,1.4699999671429396,11.669999739155173,0.033993961519720416,1.1205326777739189,1.1545266392936393,1.1497130734885925,0.005493633158953499,8.0
2026-09-23 05:30:00,-0.088056885,0.06059843136605239,1.4699999671429396,11.669999739155173,0.033993961519720416,1.1205326777739189,1.1545266392936393,1.1270681859536713,0.005493633158953499,8.0
2026-09-23 05:40:00,-0.088056885,0.037876055649021044,1.4699999671429396,11.669999739155173,0.033993961519720416,1.1205326777739189,1.1545266392936393,1.10434581023664,0.005493633158953499,8.0
2026-09-23 05:50:00,-0.088056885,0.01523619406122518,1.4699999671429396,11.669999739155173,0.033993961519720416,1.1205326777739189,1.1545266392936393,1.081705948648844,0.005493633158953499,8.0
2026-09-23 06:00:00,-0.088056885,-0.007160025559664942,1.4399999678134918,11.629999740049243,0.03352997393494268,1.1052383952725038,1.1387683692074464,1.0435514589417612,0.005493633158953499,8.0
2026-09-23 06:10:00,-0.088056885,-0.029150252746657643,1.4399999678134918,11.629999740049243,0.03352997393494268,1.1052383952725038,1.1387683692074464,1.0215612317547684,0.005493633158953499,8.0
2026-09-23 06:20:00,-0.088056885,-0.050571006083769875,1.4399999678134918,11.629999740049243,0.03352997393494268,1.1052383952725038,1.1387683692074464,1.0001404784176562,0.005493633158953499,8.0
2026-09-23 06:30:00,-0.088056885,-0.07125808704294737,1.4399999678134918,11.629999740049243,0.03352997393494268,1.1052383952725038,1.1387683692074464,0.9794533974584787,0.005493633158953499,8.0
2026-09-23 06:40:00,-0.088056885,-0.09104741828818395,1.4399999678134918,11.629999740049243,0.03352997393494268,1.1052383952725038,1.1387683692074464,0.9596640662132421,0.005493633158953499,8.0
2026-09-23 06:50:00,-0.088056885,-0.10977636467926828,1.4399999678134918,11.629999740049243,0.03352997393494268,1.1052383952725038,1.1387683692074464,0.9409351198221578,0.005493633158953499,8.0
2026-09-23 07:00:00,-0.088056885,-0.12728554272083228,1.4399999678134918,11.629999740049243,0.03352997393494268,1.1052383952725038,1.1387683692074464,0.9234259417805938,0.005493633158953499,8.0
2026-09-23 07:10:00,-0.088056885,-0.14342106904599555,1.4399999678134918,11.629999740049243,0.03352997393494268,1.1052383952725038,1.1387683692074464,0.9072904154554304,0.005493633158953499,8.0
2026-09-23 07:20:00,-0.088056885,-0.1580371467144953,1.4399999678134918,11.629999740049243,0.03352997393494268,1.1052383952725038,1.1387683692074464,0.8926743377869307,0.005493633158953499,8.0
2026-09-23 07:30:00,-0.088056885,-0.1709988453422862,1.4399999678134918,11.629999740049243,0.03352997393494268,1.1052383952725038,1.1387683692074464,0.8797126391591399,0.005493633158953499,8.0
2026-09-23 07:40:00,-0.088056885,-0.18218490214546695,1.4399999678134918,11.629999740049243,0.03352997393494268,1.1052383952725038,1.1387683692074464,0.8685265823559591,0.005493633158953499,8.0
2026-09-23 07:50:00,-0.088056885,-0.1914903591396632,1.4399999678134918,11.629999740049243,0.03352997393494268,1.1052383952725038,1.1387683692074464,0.8592211253617629,0.005493633158953499,8.0
2026-09-23 08:00:00,-0.088056885,-0.19882885839662245,1.4399999678134918,11.629999740049243,0.03352997393494268,1.1052383952725038,1.1387683692074464,0.8518826261048036,0.005493633158953499,8.0
2026-09-23 08:10:00,-0.088056885,-0.20413444186296506,1.4399999678134918,11.629999740049243,0.03352997393494268,1.1052383952725038,1.1387683692074464,0.846577042638461,0.005493633158953499,8.0
2026-09-23 08:20:00,-0.088056885,-0.2073627421911823,1.4399999678134918,11.629999740049243,0.03352997393494268,1.1052383952725038,1.1387683692074464,0.8433487423102437,0.005493633158953499,8.0
2026-09-23 08:30:00,-0.088056885,-0.20849150217659343,1.4399999678134918,11.629999740049243,0.03352997393494268,1.1052383952725038,1.1387683692074464,0.8422199823248326,0.005493633158953499,8.0
2026-09-23 08:40:00,-0.088056885,-0.20752041721524392,1.4399999678134918,11.629999740049243,0.03352997393494268,1.1052383952725038,1.1387683692074464,0.8431910672861821,0.005493633158953499,8.0
2026-09-23 08:50:00,-0.088056885,-0.2044703517737956,1.4399999678134918,11.629999740049243,0.03352997393494268,1.1052383952725038,1.1387683692074464,0.8462411327276305,0.005493633158953499,8.0
2026-09-23 09:00:00,-0.088056885,-0.1993820310947472,1.409999968484044,11.549999741837382,0.032950635545807204,1.0861418390756443,1.1190924746214514,0.8316535588206839,0.005493633158953499,8.0
2026-09-23 09:10:00,-0.088056885,-0.19231434809898365,1.409999968484044,11.549999741837382,0.032950635545807204,1.0861418390756443,1.1190924746214514,0.8387212418164475,0.005493633158953499,8.0
2026-09-23 09:20:00,-0.088056885,-0.18334244866888047,1.409999968484044,11.549999741837382,0.032950635545807204,1.0861418390756443,1.1190924746214514,0.8476931412465506,0.005493633158953499,8.0
2026-09-23 09:30:00,-0.088056885,-0.17255576393582622,1.409999968484044,11.549999741837382,0.032950635545807204,1.0861418390756443,1.1190924746214514,0.8584798259796049,0.005493633158953499,8.0
2026-09-23 09:40:00,-0.088056885,-0.16005614570662755,1.409999968484044,11.549999741837382,0.032950635545807204,1.0861418390756443,1.1190924746214514,0.8709794442088036,0.005493633158953499,8.0
2026-09-23 09:50:00,-0.088056885,-0.1459562322831662,1.409999968484044,11.549999741837382,0.032950635545807204,1.0861418390756443,1.1190924746214514,0.8850793576322649,0.005493633158953499,8.0
2026-09-23 10:00:00,-0.088056885,-0.13037813035219556,1.409999968484044,11.549999741837382,0.032950635545807204,1.0861418390756443,1.1190924746214514,0.9006574595632355,0.005493633158953499,8.0
2026-09-23 10:10:00,-0.088056885,-0.11345244908092049,1.409999968484044,11.549999741837382,0.032950635545807204,1.0861418390756443,1.1190924746214514,0.9175831408345105,0.005493633158953499,8.0
2026-09-23 10:20:00,-0.088056885,-0.09531767088466575,1.409999968484044,11.549999741837382,0.032950635545807204,1.0861418390756443,1.1190924746214514,0.9357179190307654,0.005493633158953499,8.0
2026-09-23 10:30:00,-0.088056885,-0.07611979533920071,1.409999968484044,11.549999741837382,0.032950635545807204,1.0861418390756443,1.1190924746214514,0.9549157945762303,0.005493633158953499,8.0
2026-09-23 10:40:00,-0.088056885,-0.056012153925317776,1.409999968484044,11.549999741837382,0.032950635545807204,1.0861418390756443,1.1190924746214514,0.9750234359901133,0.005493633158953499,8.0
2026-09-23 10:50:00,-0.088056885,-0.03515526799840489,1.409999968484044,11.549999741837382,0.032950635545807204,1.0861418390756443,1.1190924746214514,0.9958803219170262,0.005493633158953499,8.0
2026-09-23 11:00:00,-0.088056885,-0.013716613319722072,1.409999968484044,11.549999741837382,0.032950635545807204,1.0861418390756443,1.1190924746214514,1.0173189765957091,0.005493633158953499,8.0
2026-09-23 11:10:00,-0.088056885,0.008129837284838024,1.409999968484044,11.549999741837382,0.032950635545807204,1.0861418390756443,1.1190924746214514,1.039165427200269,0.005493633158953499,8.0
2026-09-23 11:20:00,-0.088056885,0.03020439732278785,1.409999968484044,11.549999741837382,0.032950635545807204,1.0861418390756443,1.1190924746214514,1.061239987238219,0.005493633158953499,8.0
2026-09-23 11:30:00,-0.088056885,0.05232284267161088,1.409999968484044,11.549999741837382,0.032950635545807204,1.0861418390756443,1.1190924746214514,1.083358432587042,0.005493633158953499,8.0
2026-09-23 11:40:00,-0.088056885,0.07429800049527893,1.409999968484044,11.549999741837382,0.032950635545807204,1.0861418390756443,1.1190924746214514,1.10533359041071,0.005493633158953499,8.0
2026-09-23 11:50:00,-0.088056885,0.09594172138973482,1.409999968484044,11.549999741837382,0.032950635545807204,1.0861418390756443,1.1190924746214514,1.126977311305166,0.005493633158953499,8.0
2026-09-23 12:00:00,-0.088056885,0.11706715763091781,1.3799999691545963,11.419999744743109,0.03223130591428376,1.06243079387294,1.0946620997872238,1.1236723727121214,0.005493633158953499,8.0
2026-09-23 12:10:00,-0.088056885,0.13749123068166086,1.3799999691545963,11.419999744743109,0.03223130591428376,1.06243079387294,1.0946620997872238,1.1440964457628644,0.005493633158953499,8.0
2026-09-23 12:20:00,-0.088056885,0.15703714386225245,1.3799999691545963,11.419999744743109,0.03223130591428376,1.06243079387294,1.0946620997872238,1.163642358943456,0.005493633158953499,8.0
2026-09-23 12:30:00,-0.088056885,0.1755367844680829,1.3799999691545963,11.419999744743109,0.03223130591428376,1.06243079387294,1.0946620997872238,1.1821419995492863,0.005493633158953499,8.0
2026-09-23 12:40:00,-0.088056885,0.19283286499010077,1.3799999691545963,11.419999744743109,0.03223130591428376,1.06243079387294,1.0946620997872238,1.1994380800713043,0.005493633158953499,8.0
2026-09-23 12:50:00,-0.088056885,0.2087806750021217,1.3799999691545963,11.419999744743109,0.03223130591428376,1.06243079387294,1.0946620997872238,1.2153858900833252,0.005493633158953499,8.0
2026-09-23 13:00:00,-0.088056885,0.2232493512646642,1.3799999691545963,11.419999744743109,0.03223130591428376,1.06243079387294,1.0946620997872238,1.2298545663458678,0.005493633158953499,8.0
2026-09-23 13:10:00,-0.088056885,0.2361226196922635,1.3799999691545963,11.419999744743109,0.03223130591428376,1.06243079387294,1.0946620997872238,1.242727834773467,0.005493633158953499,8.0
2026-09-23 13:20:00,-0.088056885,0.24729901386803912,1.3799999691545963,11.419999744743109,0.03223130591428376,1.06243079387294,1.0946620997872238,1.2539042289492426,0.005493633158953499,8.0
2026-09-23 13:30:00,-0.088056885,0.2566916250762281,1.3799999691545963,11.419999744743109,0.03223130591428376,1.06243079387294,1.0946620997872238,1.2632968401574316,0.005493633158953499,8.0
2026-09-23 13:40:00,-0.088056885,0.2642274827210463,1.3799999691545963,11.419999744743109,0.03223130591428376,1.06243079387294,1.0946620997872238,1.2708326978022497,0.005493633158953499,8.0
2026-09-23 13:50:00,-0.088056885,0.26984669662477273,1.3799999691545963,11.419999744743109,0.03223130591428376,1.06243079387294,1.0946620997872238,1.2764519117059763,0.005493633158953499,8.0
2026-09-23 14:00:00,-0.088056885,0.27350151039314724,1.3799999691545963,11.419999744743109,0.03223130591428376,1.06243079387294,1.0946620997872238,1.2801067254743508,0.005493633158953499,8.0
2026-09-23 14:10:00,-0.088056885,0.27515541591635656,1.3799999691545963,11.419999744743109,0.03223130591428376,1.06243079387294,1.0946620997872238,1.28176063099756,0.005493633158953499,8.0
2026-09-23 14:20:00,-0.088056885,0.2747824630252848,1.3799999691545963,11.419999744743109,0.03223130591428376,1.06243079387294,1.0946620997872238,1.2813876781064883,0.005493633158953499,8.0
2026-09-23 14:30:00,-0.088056885,0.2723668673194132,1.3799999691545963,11.419999744743109,0.03223130591428376,1.06243079387294,1.0946620997872238,1.2789720824006166,0.005493633158953499,8.0
2026-09-23 14:40:00,-0.088056885,0.26790297666769725,1.3799999691545963,11.419999744743109,0.03223130591428376,1.06243079387294,1.0946620997872238,1.2745081917489007,0.005493633158953499,8.0
2026-09-23 14:50:00,-0.088056885,0.2613956078465758,1.3799999691545963,11.419999744743109,0.03223130591428376,1.06243079387294,1.0946620997872238,1.2680008229277793,0.005493633158953499,8.0
2026-09-23 15:00:00,-0.088056885,0.2528607146681024,1.3499999698251486,11.259999748319387,0.0314323990779344,1.036096669322404,1.0675290684003385,1.2323328983624204,0.005493633158953499,8.0
2026-09-23 15:10:00,-0.088056885,0.2423263035876593,1.3499999698251486,11.259999748319387,0.0314323990779344,1.036096669322404,1.0675290684003385,1.2217984872819774,0.005493633158953499,8.0
2026-09-23 15:20:00,-0.088056885,0.22983347722441452,1.3499999698251486,11.259999748319387,0.0314323990779344,1.036096669322404,1.0675290684003385,1.2093056609187327,0.005493633158953499,8.0
2026-09-23 15:30:00,-0.088056885,0.21543746453535353,1.3499999698251486,11.259999748319387,0.0314323990779344,1.036096669322404,1.0675290684003385,1.1949096482296717,0.005493633158953499,8.0
2026-09-23 15:40:00,-0.088056885,0.19920849102702737,1.3499999698251486,11.259999748319387,0.0314323990779344,1.036096669322404,1.0675290684003385,1.1786806747213454,0.005493633158953499,8.0
2026-09-23 15:50:00,-0.088056885,0.1812323538478973,1.3499999698251486,11.259999748319387,0.0314323990779344,1.036096669322404,1.0675290684003385,1.1607045375422154,0.005493633158953499,8.0
2026-09-23 16:00:00,-0.088056885,0.1616105937035182,1.3499999698251486,11.259999748319387,0.0314323990779344,1.036096669322404,1.0675290684003385,1.1410827773978363,0.005493633158953499,8.0
2026-09-23 16:10:00,-0.088056885,0.1404601949378083,1.3499999698251486,11.259999748319387,0.0314323990779344,1.036096669322404,1.0675290684003385,1.1199323786321265,0.005493633158953499,8.0
2026-09-23 16:20:00,-0.088056885,0.11791279254633824,1.3499999698251486,11.259999748319387,0.0314323990779344,1.036096669322404,1.0675290684003385,1.0973849762406562,0.005493633158953499,8.0
2026-09-23 16:30:00,-0.088056885,0.09411341463985176,1.3499999698251486,11.259999748319387,0.0314323990779344,1.036096669322404,1.0675290684003385,1.0735855983341698,0.005493633158953499,8.0
2026-09-23 16:40:00,-0.088056885,0.06921883545970729,1.3499999698251486,11.259999748319387,0.0314323990779344,1.036096669322404,1.0675290684003385,1.0486910191540253,0.005493633158953499,8.0
2026-09-23 16:50:00,-0.088056885,0.043395651994393686,1.3499999698251486,11.259999748319387,0.0314323990779344,1.036096669322404,1.0675290684003385,1.0228678356887118,0.005493633158953499,8.0
2026-09-23 17:00:00,-0.088056885,0.016818222155654258,1.3499999698251486,11.259999748319387,0.0314323990779344,1.036096669322404,1.0675290684003385,0.9962904058499724,0.005493633158953499,8.0
2026-09-23 17:10:00,-0.088056885,-0.010333388351683948,1.3499999698251486,11.259999748319387,0.0314323990779344,1.036096669322404,1.0675290684003385,0.9691387953426341,0.005493633158953499,8.0
2026-09-23 17:20:00,-0.088056885,-0.03787531128753716,1.3499999698251486,11.259999748319387,0.0314323990779344,1.036096669322404,1.0675290684003385,0.9415968724067809,0.005493633158953499,8.0
2026-09-23 17:30:00,-0.088056885,-0.06562151786356642,1.3499999698251486,11.259999748319387,0.0314323990779344,1.036096669322404,1.0675290684003385,0.9138506658307517,0.005493633158953499,8.0
2026-09-23 17:40:00,-0.088056885,-0.09338511947346279,1.3499999698251486,11.259999748319387,0.0314323990779344,1.036096669322404,1.0675290684003385,0.8860870642208554,0.005493633158953499,8.0
2026-09-23 17:50:00,-0.088056885,-0.12097929540403264,1.3499999698251486,11.259999748319387,0.0314323990779344,1.036096669322404,1.0675290684003385,0.8584928882902855,0.005493633158953499,8.0
2026-09-23 18:00:00,-0.088056885,-0.1482178659348206,1.3199999704957008,11.169999750331044,0.030832759385980957,1.0163309274174974,1.0471636868034784,0.8108889361626375,0.005493633158953499,8.0
2026-09-23 18:10:00,-0.088056885,-0.17491557723683698,1.3199999704957008,11.169999750331044,0.030832759385980957,1.0163309274174974,1.0471636868034784,0.7841912248606211,0.005493633158953499,8.0
2026-09-23 18:20:00,-0.088056885,-0.20088820480201325,1.3199999704957008,11.169999750331044,0.030832759385980957,1.0163309274174974,1.0471636868034784,0.7582185972954447,0.005493633158953499,8.0
2026-09-23 18:30:00,-0.088056885,-0.22595261008015843,1.3199999704957008,11.169999750331044,0.030832759385980957,1.0163309274174974,1.0471636868034784,0.7331541920172996,0.005493633158953499,8.0
2026-09-23 18:40:00,-0.088056885,-0.24992689693182868,1.3199999704957008,11.169999750331044,0.030832759385980957,1.0163309274174974,1.0471636868034784,0.7091799051656293,0.005493633158953499,8.0
2026-09-23 18:50:00,-0.088056885,-0.2726308090645672,1.3199999704957008,11.169999750331044,0.030832759385980957,1.0163309274174974,1.0471636868034784,0.6864759930328908,0.005493633158953499,8.0
2026-09-23 19:00:00,-0.088056885,-0.2938864868304884,1.3199999704957008,11.169999750331044,0.030832759385980957,1.0163309274174974,1.0471636868034784,0.6652203152669696,0.005493633158953499,8.0
2026-09-23 19:10:00,-0.088056885,-0.3135196642115618,1.3199999704957008,11.169999750331044,0.030832759385980957,1.0163309274174974,1.0471636868034784,0.6455871378858962,0.005493633158953499,8.0
2026-09-23 19:20:00,-0.088056885,-0.3313613381687348,1.3199999704957008,11.169999750331044,0.030832759385980957,1.0163309274174974,1.0471636868034784,0.6277454639287232,0.005493633158953499,8.0
2026-09-23 19:30:00,-0.088056885,-0.34724988827355013,1.3199999704957008,11.169999750331044,0.030832759385980957,1.0163309274174974,1.0471636868034784,0.6118569138239078,0.005493633158953499,8.0
2026-09-23 19:40:00,-0.088056885,-0.36103357043652634,1.3199999704957008,11.169999750331044,0.030832759385980957,1.0163309274174974,1.0471636868034784,0.5980732316609316,0.005493633158953499,8.0
2026-09-23 19:50:00,-0.088056885,-0.3725732606419404,1.3199999704957008,11.169999750331044,0.030832759385980957,1.0163309274174974,1.0471636868034784,0.5865335414555176,0.005493633158953499,8.0
2026-09-23 20:00:00,-0.088056885,-0.38174528819477,1.3199999704957008,11.169999750331044,0.030832759385980957,1.0163309274174974,1.0471636868034784,0.577361513902688,0.005493633158953499,8.0
2026-09-23 20:10:00,-0.088056885,-0.3884441771831367,1.3199999704957008,11.169999750331044,0.030832759385980957,1.0163309274174974,1.0471636868034784,0.5706626249143214,0.005493633158953499,8.0
2026-09-23 20:20:00,-0.088056885,-0.39258511208479996,1.3199999704957008,11.169999750331044,0.030832759385980957,1.0163309274174974,1.0471636868034784,0.5665216900126581,0.005493633158953499,8.0
2026-09-23 20:30:00,-0.088056885,-0.3941059591771234,1.3199999704957008,11.169999750331044,0.030832759385980957,1.0163309274174974,1.0471636868034784,0.5650008429203346,0.005493633158953499,8.0
2026-09-23 20:40:00,-0.088056885,-0.39296870803729206,1.3199999704957008,11.169999750331044,0.030832759385980957,1.0163309274174974,1.0471636868034784,0.5661380940601659,0.005493633158953499,8.0
2026-09-23 20:50:00,-0.088056885,-0.38916024364745094,1.3199999704957008,11.169999750331044,0.030832759385980957,1.0163309274174974,1.0471636868034784,0.5699465584500071,0.005493633158953499,8.0
2026-09-23 21:00:00,-0.088056885,-0.3826924144573164,1.289999971166253,11.149999750778079,0.030425797997589137,1.0029163821894946,1.0333421801870837,0.5625928810237469,0.005493633158953499,8.0
2026-09-23 21:10:00,-0.088056885,-0.37360141950908465,1.289999971166253,11.149999750778079,0.030425797997589137,1.0029163821894946,1.0333421801870837,0.5716838759719787,0.005493633158953499,8.0
2026-09-23 21:20:00,-0.088056885,-0.36194659224870473,1.289999971166253,11.149999750778079,0.030425797997589137,1.0029163821894946,1.0333421801870837,0.5833387032323586,0.005493633158953499,8.0
2026-09-23 21:30:00,-0.088056885,-0.34780870418697524,1.289999971166253,11.149999750778079,0.030425797997589137,1.0029163821894946,1.0333421801870837,0.597476591294088,0.005493633158953499,8.0
2026-09-23 21:40:00,-0.088056885,-0.331287943529631,1.289999971166253,11.149999750778079,0.030425797997589137,1.0029163821894946,1.0333421801870837,0.6139973519514323,0.005493633158953499,8.0
2026-09-23 21:50:00,-0.088056885,-0.31250173889950394,1.289999971166253,11.149999750778079,0.030425797997589137,1.0029163821894946,1.0333421801870837,0.6327835565815594,0.005493633158953499,8.0
2026-09-23 22:00:00,-0.088056885,-0.2915825952787573,1.289999971166253,11.149999750778079,0.030425797997589137,1.0029163821894946,1.0333421801870837,0.653702700202306,0.005493633158953499,8.0
2026-09-23 22:10:00,-0.088056885,-0.26867608861272957,1.289999971166253,11.149999750778079,0.030425797997589137,1.0029163821894946,1.0333421801870837,0.6766092068683338,0.005493633158953499,8.0
2026-09-23 22:20:00,-0.088056885,-0.2439391302349198,1.289999971166253,11.149999750778079,0.030425797997589137,1.0029163821894946,1.0333421801870837,0.7013461652461435,0.005493633158953499,8.0
2026-09-23 22:30:00,-0.088056885,-0.2175385660844237,1.289999971166253,11.149999750778079,0.030425797997589137,1.0029163821894946,1.0333421801870837,0.7277467293966396,0.005493633158953499,8.0
2026-09-23 22:40:00,-0.088056885,-0.18965012443794785,1.289999971166253,11.149999750778079,0.030425797997589137,1.0029163821894946,1.0333421801870837,0.7556351710431155,0.005493633158953499,8.0
2026-09-23 22:50:00,-0.088056885,-0.16045767514509926,1.289999971166253,11.149999750778079,0.030425797997589137,1.0029163821894946,1.0333421801870837,0.7848276203359641,0.005493633158953499,8.0
2026-09-23 23:00:00,-0.088056885,-0.13015271899926747,1.289999971166253,11.149999750778079,0.030425797997589137,1.0029163821894946,1.0333421801870837,0.8151325764817958,0.005493633158953499,8.0
2026-09-23 23:10:00,-0.088056885,-0.09893399298585792,1.289999971166253,11.149999750778079,0.030425797997589137,1.0029163821894946,1.0333421801870837,0.8463513024952054,0.005493633158953499,8.0
2026-09-23 23:20:00,-0.088056885,-0.06700705914137241,1.289999971166253,11.149999750778079,0.030425797997589137,1.0029163821894946,1.0333421801870837,0.8782782363396909,0.005493633158953499,8.0
2026-09-23 23:30:00,-0.088056885,-0.03458374387137389,1.289999971166253,11.149999750778079,0.030425797997589137,1.0029163821894946,1.0333421801870837,0.9107015516096895,0.005493633158953499,8.0
2026-09-23 23:40:00,-0.088056885,-0.0018813104045085005,1.289999971166253,11.149999750778079,0.030425797997589137,1.0029163821894946,1.0333421801870837,0.9434039850765548,0.005493633158953499,8.0
2026-09-23 23:50:00,-0.088056885,0.03087872193003853,1.289999971166253,11.149999750778079,0.030425797997589137,1.0029163821894946,1.0333421801870837,0.9761640174111018,0.005493633158953499,8.0
2026-09-24 00:00:00,-0.100744866,0.06347215581545729,1.269999971613288,11.079999752342701,0.0299994902947383,0.9888641302460435,1.0188636205407817,0.981590910521526,0.005493633158953499,8.0
2026-09-24 00:10:00,-0.100744866,0.09567408702804951,1.269999971613288,11.079999752342701,0.0299994902947383,0.9888641302460435,1.0188636205407817,1.0137928417341182,0.005493633158953499,8.0
2026-09-24 00:20:00,-0.100744866,0.1272612148056122,1.269999971613288,11.079999752342701,0.0299994902947383,0.9888641302460435,1.0188636205407817,1.045379969511681,0.005493633158953499,8.0
2026-09-24 00:30:00,-0.100744866,0.1580143935693412,1.269999971613288,11.079999752342701,0.0299994902947383,0.9888641302460435,1.0188636205407817,1.07613314827541,0.005493633158953499,8.0
2026-09-24 00:40:00,-0.100744866,0.18772129391673317,1.269999971613288,11.079999752342701,0.0299994902947383,0.9888641302460435,1.0188636205407817,1.105840048622802,0.005493633158953499,8.0
2026-09-24 00:50:00,-0.100744866,0.21617902087454435,1.269999971613288,11.079999752342701,0.0299994902947383,0.9888641302460435,1.0188636205407817,1.1342977755806132,0.005493633158953499,8.0
2026-09-24 01:00:00,-0.100744866,0.24319653387999773,1.269999971613288,11.079999752342701,0.0299994902947383,0.9888641302460435,1.0188636205407817,1.1613152885860665,0.005493633158953499,8.0
2026-09-24 01:10:00,-0.100744866,0.2685967265534694,1.269999971613288,11.079999752342701,0.0299994902947383,0.9888641302460435,1.0188636205407817,1.1867154812595382,0.005493633158953499,8.0
2026-09-24 01:20:00,-0.100744866,0.29221805336632517,1.269999971613288,11.079999752342701,0.0299994902947383,0.9888641302460435,1.0188636205407817,1.210336808072394,0.005493633158953499,8.0
2026-09-24 01:30:00,-0.100744866,0.31391563178646065,1.269999971613288,11.079999752342701,0.0299994902947383,0.9888641302460435,1.0188636205407817,1.2320343864925294,0.005493633158953499,8.0
2026-09-24 01:40:00,-0.100744866,0.3335617976402618,1.269999971613288,11.079999752342701,0.0299994902947383,0.9888641302460435,1.0188636205407817,1.2516805523463306,0.005493633158953499,8.0
2026-09-24 01:50:00,-0.100744866,0.35104614285872415,1.269999971613288,11.079999752342701,0.0299994902947383,0.9888641302460435,1.0188636205407817,1.269164897564793,0.005493633158953499,8.0
2026-09-24 02:00:00,-0.100744866,0.36627511268626917,1.269999971613288,11.079999752342701,0.0299994902947383,0.9888641302460435,1.0188636205407817,1.2843938673923379,0.005493633158953499,8.0
2026-09-24 02:10:00,-0.100744866,0.379171278500608,1.269999971613288,11.079999752342701,0.0299994902947383,0.9888641302460435,1.0188636205407817,1.2972900332066768,0.005493633158953499,8.0
2026-09-24 02:20:00,-0.100744866,0.38967242822100395,1.269999971613288,11.079999752342701,0.0299994902947383,0.9888641302460435,1.0188636205407817,1.3077911829270727,0.005493633158953499,8.0
2026-09-24 02:30:00,-0.100744866,0.39773062610384585,1.269999971613288,11.079999752342701,0.0299994902947383,0.9888641302460435,1.0188636205407817,1.3158493808099145,0.005493633158953499,8.0
2026-09-24 02:40:00,-0.100744866,0.40331138634814767,1.269999971613288,11.079999752342701,0.0299994902947383,0.9888641302460435,1.0188636205407817,1.3214301410542164,0.005493633158953499,8.0
2026-09-24 02:50:00,-0.100744866,0.4063930814601506,1.269999971613288,11.079999752342701,0.0299994902947383,0.9888641302460435,1.0188636205407817,1.3245118361662194,0.005493633158953499,8.0
2026-09-24 03:00:00,-0.100744866,0.40696666922062863,1.2599999718368053,11.029999753460288,0.029746305920286688,0.9805184902443567,1.0102647961646434,1.316486599550559,0.005493633158953499,8.0
2026-09-24 03:10:00,-0.100744866,0.4050357758585744,1.2599999718368053,11.029999753460288,0.029746305920286688,0.9805184902443567,1.0102647961646434,1.314555706188505,0.005493633158953499,8.0
2026-09-24 03:20:00,-0.100744866,0.4006171227697666,1.2599999718368053,11.029999753460288,0.029746305920286688,0.9805184902443567,1.0102647961646434,1.310137053099697,0.005493633158953499,8.0
2026-09-24 03:30:00,-0.100744866,0.3937412355878231,1.2599999718368053,11.029999753460288,0.029746305920286688,0.9805184902443567,1.0102647961646434,1.3032611659177535,0.005493633158953499,8.0
2026-09-24 03:40:00,-0.100744866,0.38445333324015885,1.2599999718368053,11.029999753460288,0.029746305920286688,0.9805184902443567,1.0102647961646434,1.2939732635700891,0.005493633158953499,8.0
2026-09-24 03:50:00,-0.100744866,0.3728142652547404,1.2599999718368053,11.029999753460288,0.029746305920286688,0.9805184902443567,1.0102647961646434,1.2823341955846708,0.005493633158953499,8.0
2026-09-24 04:00:00,-0.100744866,0.35890135169111675,1.2599999718368053,11.029999753460288,0.029746305920286688,0.9805184902443567,1.0102647961646434,1.2684212820210472,0.005493633158953499,8.0
2026-09-24 04:10:00,-0.100744866,0.34280898273911625,1.2599999718368053,11.029999753460288,0.029746305920286688,0.9805184902443567,1.0102647961646434,1.2523289130690467,0.005493633158953499,8.0
2026-09-24 04:20:00,-0.100744866,0.32464885453863773,1.2599999718368053,11.029999753460288,0.029746305920286688,0.9805184902443567,1.0102647961646434,1.234168784868568,0.005493633158953499,8.0
2026-09-24 04:30:00,-0.100744866,0.30454975119357236,1.2599999718368053,11.029999753460288,0.029746305920286688,0.9805184902443567,1.0102647961646434,1.2140696815235028,0.005493633158953499,8.0
2026-09-24 04:40:00,-0.100744866,0.2826568271455855,1.2599999718368053,11.029999753460288,0.029746305920286688,0.9805184902443567,1.0102647961646434,1.192176757475516,0.005493633158953499,8.0
2026-09-24 04:50:00,-0.100744866,0.2591303933962122,1.2599999718368053,11.029999753460288,0.029746305920286688,0.9805184902443567,1.0102647961646434,1.1686503237261425,0.005493633158953499,8.0
2026-09-24 05:00:00,-0.100744866,0.23414426022728435,1.2599999718368053,11.029999753460288,0.029746305920286688,0.9805184902443567,1.0102647961646434,1.1436641905572147,0.005493633158953499,8.0
2026-09-24 05:10:00,-0.100744866,0.2078837324064262,1.2599999718368053,11.029999753460288,0.029746305920286688,0.9805184902443567,1.0102647961646434,1.1174036627363566,0.005493633158953499,8.0
2026-09-24 05:20:00,-0.100744866,0.18054338514174312,1.2599999718368053,11.029999753460288,0.029746305920286688,0.9805184902443567,1.0102647961646434,1.0900633154716735,0.005493633158953499,8.0
2026-09-24 05:30:00,-0.100744866,0.15232476704837766,1.2599999718368053,11.029999753460288,0.029746305920286688,0.9805184902443567,1.0102647961646434,1.061844697378308,0.005493633158953499,8.0
2026-09-24 05:40:00,-0.100744866,0.12343417741123217,1.2599999718368053,11.029999753460288,0.029746305920286688,0.9805184902443567,1.0102647961646434,1.0329541077411626,0.005493633158953499,8.0
2026-09-24 05:50:00,-0.100744866,0.0940806496376514,1.2599999718368053,11.029999753460288,0.029746305920286688,0.9805184902443567,1.0102647961646434,1.0036005799675818,0.005493633158953499,8.0
2026-09-24 06:00:00,-0.100744866,0.06447424201386157,1.2299999725073576,10.969999754801393,0.029230176539332804,0.9635054734771715,0.9927356500165043,0.9564650261956529,0.005493633158953499,8.0
2026-09-24 06:10:00,-0.100744866,0.0348246949222101,1.2299999725073576,10.969999754801393,0.029230176539332804,0.9635054734771715,0.9927356500165043,0.9268154791040014,0.005493633158953499,8.0
2026-09-24 06:20:00,-0.100744866,0.005340464799289025,1.2299999725073576,10.969999754801393,0.029230176539332804,0.9635054734771715,0.9927356500165043,0.8973312489810804,0.005493633158953499,8.0
2026-09-24 06:30:00,-0.100744866,-0.023771904660320198,1.2299999725073576,10.969999754801393,0.029230176539332804,0.9635054734771715,0.9927356500165043,0.8682188795214711,0.005493633158953499,8.0
2026-09-24 06:40:00,-0.100744866,-0.05230815857545205,1.2299999725073576,10.969999754801393,0.029230176539332804,0.9635054734771715,0.9927356500165043,0.8396826256063393,0.005493633158953499,8.0
2026-09-24 06:50:00,-0.100744866,-0.08006657378677191,1.2299999725073576,10.969999754801393,0.029230176539332804,0.9635054734771715,0.9927356500165043,0.8119242103950195,0.005493633158953499,8.0
2026-09-24 07:00:00,-0.100744866,-0.10684820881978918,1.2299999725073576,10.969999754801393,0.029230176539332804,0.9635054734771715,0.9927356500165043,0.7851425753620022,0.005493633158953499,8.0
2026-09-24 07:10:00,-0.100744866,-0.13245730509340464,1.2299999725073576,10.969999754801393,0.029230176539332804,0.9635054734771715,0.9927356500165043,0.7595334790883868,0.005493633158953499,8.0
2026-09-24 07:20:00,-0.100744866,-0.15670196977265433,1.2299999725073576,10.969999754801393,0.029230176539332804,0.9635054734771715,0.9927356500165043,0.735288814409137,0.005493633158953499,8.0
2026-09-24 07:30:00,-0.100744866,-0.17939524074976376,1.2299999725073576,10.969999754801393,0.029230176539332804,0.9635054734771715,0.9927356500165043,0.7125955434320276,0.005493633158953499,8.0
2026-09-24 07:40:00,-0.100744866,-0.2003565909857904,1.2299999725073576,10.969999754801393,0.029230176539332804,0.9635054734771715,0.9927356500165043,0.691634193196001,0.005493633158953499,8.0
2026-09-24 07:50:00,-0.100744866,-0.21941387775088428,1.2299999725073576,10.969999754801393,0.029230176539332804,0.9635054734771715,0.9927356500165043,0.6725769064309071,0.005493633158953499,8.0
2026-09-24 08:00:00,-0.100744866,-0.23640568763479639,1.2299999725073576,10.969999754801393,0.029230176539332804,0.9635054734771715,0.9927356500165043,0.6555850965469949,0.005493633158953499,8.0
2026-09-24 08:10:00,-0.100744866,-0.25118397667697073,1.2299999725073576,10.969999754801393,0.029230176539332804,0.9635054734771715,0.9927356500165043,0.6408068075048206,0.005493633158953499,8.0
2026-09-24 08:20:00,-0.100744866,-0.26361686226917447,1.2299999725073576,10.969999754801393,0.029230176539332804,0.9635054734771715,0.9927356500165043,0.6283739219126169,0.005493633158953499,8.0
2026-09-24 08:30:00,-0.100744866,-0.2735913944696709,1.2299999725073576,10.969999754801393,0.029230176539332804,0.9635054734771715,0.9927356500165043,0.6183993897121205,0.005493633158953499,8.0
2026-09-24 08:40:00,-0.100744866,-0.28101612229227796,1.2299999725073576,10.969999754801393,0.029230176539332804,0.9635054734771715,0.9927356500165043,0.6109746618895133,0.005493633158953499,8.0
2026-09-24 08:50:00,-0.100744866,-0.28582327703816485,1.2299999725073576,10.969999754801393,0.029230176539332804,0.9635054734771715,0.9927356500165043,0.6061675071436265,0.005493633158953499,8.0
2026-09-24 09:00:00,-0.100744866,-0.28797041910839966,1.219999972730875,10.869999757036567,0.028845741977503926,0.9508334732236836,0.9796792152011875,0.5909639302580749,0.005493633158953499,8.0
2026-09-24 09:10:00,-0.100744866,-0.28744143474822664,1.219999972730875,10.869999757036567,0.028845741977503926,0.9508334732236836,0.9796792152011875,0.5914929146182479,0.005493633158953499,8.0
2026-09-24 09:20:00,-0.100744866,-0.28424682040513366,1.219999972730875,10.869999757036567,0.028845741977503926,0.9508334732236836,0.9796792152011875,0.5946875289613409,0.005493633158953499,8.0
2026-09-24 09:30:00,-0.100744866,-0.2784232496739795,1.219999972730875,10.869999757036567,0.028845741977503926,0.9508334732236836,0.9796792152011875,0.6005110996924949,0.005493633158953499,8.0
2026-09-24 09:40:00,-0.100744866,-0.2700324749550157,1.219999972730875,10.869999757036567,0.028845741977503926,0.9508334732236836,0.9796792152011875,0.6089018744114588,0.005493633158953499,8.0
2026-09-24 09:50:00,-0.100744866,-0.2591596670048085,1.219999972730875,10.869999757036567,0.028845741977503926,0.9508334732236836,0.9796792152011875,0.619774682361666,0.005493633158953499,8.0
2026-09-24 10:00:00,-0.100744866,-0.24591133534365434,1.219999972730875,10.869999757036567,0.028845741977503926,0.9508334732236836,0.9796792152011875,0.6330230140228201,0.005493633158953499,8.0
2026-09-24 10:10:00,-0.100744866,-0.230412996598519,1.219999972730875,10.869999757036567,0.028845741977503926,0.9508334732236836,0.9796792152011875,0.6485213527679555,0.005493633158953499,8.0
2026-09-24 10:20:00,-0.100744866,-0.2128067644941367,1.219999972730875,10.869999757036567,0.028845741977503926,0.9508334732236836,0.9796792152011875,0.6661275848723378,0.005493633158953499,8.0
2026-09-24 10:30:00,-0.100744866,-0.19324902344592032,1.219999972730875,10.869999757036567,0.028845741977503926,0.9508334732236836,0.9796792152011875,0.6856853259205542,0.005493633158953499,8.0
2026-09-24 10:40:00,-0.100744866,-0.17190831964036374,1.219999972730875,10.869999757036567,0.028845741977503926,0.9508334732236836,0.9796792152011875,0.7070260297261108,0.005493633158953499,8.0
2026-09-24 10:50:00,-0.100744866,-0.148963562238239,1.219999972730875,10.869999757036567,0.028845741977503926,0.9508334732236836,0.9796792152011875,0.7299707871282355,0.005493633158953499,8.0
2026-09-24 11:00:00,-0.100744866,-0.12460257792615213,1.219999972730875,10.869999757036567,0.028845741977503926,0.9508334732236836,0.9796792152011875,0.7543317714403224,0.005493633158953499,8.0
2026-09-24 11:10:00,-0.100744866,-0.09902101006906573,1.219999972730875,10.869999757036567,0.028845741977503926,0.9508334732236836,0.9796792152011875,0.7799133392974088,0.005493633158953499,8.0
2026-09-24 11:20:00,-0.100744866,-0.07242150510910139,1.219999972730875,10.869999757036567,0.028845741977503926,0.9508334732236836,0.9796792152011875,0.8065128442573731,0.005493633158953499,8.0
2026-09-24 11:30:00,-0.100744866,-0.04501308927809695,1.219999972730875,10.869999757036567,0.028845741977503926,0.9508334732236836,0.9796792152011875,0.8339212600883776,0.005493633158953499,8.0
2026-09-24 11:40:00,-0.100744866,-0.017010612110178437,1.219999972730875,10.869999757036567,0.028845741977503926,0.9508334732236836,0.9796792152011875,0.8619237372562961,0.005493633158953499,8.0
2026-09-24 11:50:00,-0.100744866,0.011365876789743911,1.219999972730875,10.869999757036567,0.028845741977503926,0.9508334732236836,0.9796792152011875,0.8903002261562184,0.005493633158953499,8.0
2026-09-24 12:00:00,-0.100744866,0.03989194453042587,1.1999999731779099,10.72999976016581,0.02823986394572877,0.9308620988089789,0.9591019627547076,0.8982490414504205,0.005493633158953499,8.0
2026-09-24 12:10:00,-0.100744866,0.06833988874567071,1.1999999731779099,10.72999976016581,0.02823986394572877,0.9308620988089789,0.9591019627547076,0.9266969856656653,0.005493633158953499,8.0
2026-09-24 12:20:00,-0.100744866,0.09648021546283524,1.1999999731779099,10.72999976016581,0.02823986394572877,0.9308620988089789,0.9591019627547076,0.9548373123828299,0.005493633158953499,8.0
2026-09-24 12:30:00,-0.100744866,0.12408350229564385,1.1999999731779099,10.72999976016581,0.02823986394572877,0.9308620988089789,0.9591019627547076,0.9824405992156384,0.005493633158953499,8.0
2026-09-24 12:40:00,-0.100744866,0.15092261887766142,1.1999999731779099,10.72999976016581,0.02823986394572877,0.9308620988089789,0.9591019627547076,1.009279715797656,0.005493633158953499,8.0
2026-09-24 12:50:00,-0.100744866,0.1767752290263028,1.1999999731779099,10.72999976016581,0.02823986394572877,0.9308620988089789,0.9591019627547076,1.0351323259462974,0.005493633158953499,8.0
2026-09-24 13:00:00,-0.100744866,0.2014264592728046,1.1999999731779099,10.72999976016581,0.02823986394572877,0.9308620988089789,0.9591019627547076,1.0597835561927993,0.005493633158953499,8.0
2026-09-24 13:10:00,-0.100744866,0.22467159079721277,1.1999999731779099,10.72999976016581,0.02823986394572877,0.9308620988089789,0.9591019627547076,1.0830286877172073,0.005493633158953499,8.0
2026-09-24 13:20:00,-0.100744866,0.24631861953939752,1.1999999731779099,10.72999976016581,0.02823986394572877,0.9308620988089789,0.9591019627547076,1.104675716459392,0.005493633158953499,8.0
2026-09-24 13:30:00,-0.100744866,0.2661905340975914,1.1999999731779099,10.72999976016581,0.02823986394572877,0.9308620988089789,0.9591019627547076,1.124547631017586,0.005493633158953499,8.0
2026-09-24 13:40:00,-0.100744866,0.28412718224304523,1.1999999731779099,10.72999976016581,0.02823986394572877,0.9308620988089789,0.9591019627547076,1.1424842791630399,0.005493633158953499,8.0
2026-09-24 13:50:00,-0.100744866,0.29998663240291124,1.1999999731779099,10.72999976016581,0.02823986394572877,0.9308620988089789,0.9591019627547076,1.158343729322906,0.005493633158953499,8.0
2026-09-24 14:00:00,-0.100744866,0.3136459821812142,1.1999999731779099,10.72999976016581,0.02823986394572877,0.9308620988089789,0.9591019627547076,1.1720030791012088,0.005493633158953499,8.0
2026-09-24 14:10:00,-0.100744866,0.32500161691545815,1.1999999731779099,10.72999976016581,0.02823986394572877,0.9308620988089789,0.9591019627547076,1.1833587138354527,0.005493633158953499,8.0
2026-09-24 14:20:00,-0.100744866,0.33396897164037553,1.1999999731779099,10.72999976016581,0.02823986394572877,0.9308620988089789,0.9591019627547076,1.1923260685603703,0.005493633158953499,8.0
2026-09-24 14:30:00,-0.100744866,0.3404818940734635,1.1999999731779099,10.72999976016581,0.02823986394572877,0.9308620988089789,0.9591019627547076,1.1988389909934583,0.005493633158953499,8.0
2026-09-24 14:40:00,-0.100744866,0.3444917393340633,1.1999999731779099,10.72999976016581,0.02823986394572877,0.9308620988089789,0.9591019627547076,1.202848836254058,0.005493633158953499,8.0
2026-09-24 14:50:00,-0.100744866,0.3459663454910384,1.1999999731779099,10.72999976016581,0.02823986394572877,0.9308620988089789,0.9591019627547076,1.204323442411033,0.005493633158953499,8.0
2026-09-24 15:00:00,-0.100744866,0.3448890405138571,1.169999973848462,10.659999761730433,0.027702718604122052,0.9131563392835642,0.9408590578876863,1.1850032325668305,0.005493633158953499,8.0
2026-09-24 15:10:00,-0.100744866,0.3412578158851938,1.169999973848462,10.659999761730433,0.027702718604122052,0.9131563392835642,0.9408590578876863,1.181372007938167,0.005493633158953499,8.0
2026-09-24 15:20:00,-0.100744866,0.3350847715708157,1.169999973848462,10.659999761730433,0.027702718604122052,0.9131563392835642,0.9408590578876863,1.175198963623789,0.005493633158953499,8.0
2026-09-24 15:30:00,-0.100744866,0.32639589497205324,1.169999973848462,10.659999761730433,0.027702718604122052,0.9131563392835642,0.9408590578876863,1.1665100870250265,0.005493633158953499,8.0
2026-09-24 15:40:00,-0.100744866,0.31523118751367313,1.169999973848462,10.659999761730433,0.027702718604122052,0.9131563392835642,0.9408590578876863,1.1553453795666464,0.005493633158953499,8.0
2026-09-24 15:50:00,-0.100744866,0.30164510238224046,1.169999973848462,10.659999761730433,0.027702718604122052,0.9131563392835642,0.9408590578876863,1.1417592944352137,0.005493633158953499,8.0
2026-09-24 16:00:00,-0.100744866,0.2857072112601033,1.169999973848462,10.659999761730433,0.027702718604122052,0.9131563392835642,0.9408590578876863,1.1258214033130767,0.005493633158953499,8.0
2026-09-24 16:10:00,-0.100744866,0.26750298182129884,1.169999973848462,10.659999761730433,0.027702718604122052,0.9131563392835642,0.9408590578876863,1.1076171738742722,0.005493633158953499,8.0
2026-09-24 16:20:00,-0.100744866,0.24713452562360175,1.169999973848462,10.659999761730433,0.027702718604122052,0.9131563392835642,0.9408590578876863,1.087248717676575,0.005493633158953499,8.0
2026-09-24 16:30:00,-0.100744866,0.22472116990281868,1.169999973848462,10.659999761730433,0.027702718604122052,0.9131563392835642,0.9408590578876863,1.064835361955792,0.005493633158953499,8.0
2026-09-24 16:40:00,-0.100744866,0.20039971791869293,1.169999973848462,10.659999761730433,0.027702718604122052,0.9131563392835642,0.9408590578876863,1.0405139099716663,0.005493633158953499,8.0
2026-09-24 16:50:00,-0.100744866,0.17432428903797284,1.169999973848462,10.659999761730433,0.027702718604122052,0.9131563392835642,0.9408590578876863,1.0144384810909461,0.005493633158953499,8.0
2026-09-24 17:00:00,-0.100744866,0.14666566916312082,1.169999973848462,10.659999761730433,0.027702718604122052,0.9131563392835642,0.9408590578876863,0.9867798612160942,0.005493633158953499,8.0
2026-09-24 17:10:00,-0.100744866,0.11761014951801586,1.169999973848462,10.659999761730433,0.027702718604122052,0.9131563392835642,0.9408590578876863,0.9577243415709892,0.005493633158953499,8.0
2026-09-24 17:20:00,-0.100744866,0.0873578820656417,1.169999973848462,10.659999761730433,0.027702718604122052,0.9131563392835642,0.9408590578876863,0.927472074118615,0.005493633158953499,8.0
2026-09-24 17:30:00,-0.100744866,0.05612082710480688,1.169999973848462,10.659999761730433,0.027702718604122052,0.9131563392835642,0.9408590578876863,0.8962350191577803,0.005493633158953499,8.0
2026-09-24 17:40:00,-0.100744866,0.02412040733715831,1.169999973848462,10.659999761730433,0.027702718604122052,0.9131563392835642,0.9408590578876863,0.8642345993901317,0.005493633158953499,8.0
2026-09-24 17:50:00,-0.100744866,-0.008414991062826055,1.169999973848462,10.659999761730433,0.027702718604122052,0.9131563392835642,0.9408590578876863,0.8316992009901473,0.005493633158953499,8.0
2026-09-24 18:00:00,-0.100744866,-0.04125251980328073,1.1599999740719795,10.579999763518572,0.027377066908063748,0.9024219808654039,0.9297990477734677,0.787801662135474,0.005493633158953499,8.0
2026-09-24 18:10:00,-0.100744866,-0.07415722819765515,1.1599999740719795,10.579999763518572,0.027377066908063748,0.9024219808654039,0.9297990477734677,0.7548969537410996,0.005493633158953499,8.0
2026-09-24 18:20:00,-0.100744866,-0.10689416026435847,1.1599999740719795,10.579999763518572,0.027377066908063748,0.9024219808654039,0.9297990477734677,0.7221600216743962,0.005493633158953499,8.0
2026-09-24 18:30:00,-0.100744866,-0.13923010458504184,1.1599999740719795,10.579999763518572,0.027377066908063748,0.9024219808654039,0.9297990477734677,0.6898240773537129,0.005493633158953499,8.0
2026-09-24 18:40:00,-0.100744866,-0.17093495826820046,1.1599999740719795,10.579999763518572,0.027377066908063748,0.9024219808654039,0.9297990477734677,0.6581192236705542,0.005493633158953499,8.0
2026-09-24 18:50:00,-0.100744866,-0.20178271621537286,1.1599999740719795,10.579999763518572,0.027377066908063748,0.9024219808654039,0.9297990477734677,0.6272714657233818,0.005493633158953499,8.0
2026-09-24 19:00:00,-0.100744866,-0.23155214519881495,1.1599999740719795,10.579999763518572,0.027377066908063748,0.9024219808654039,0.9297990477734677,0.5975020367399397,0.005493633158953499,8.0
2026-09-24 19:10:00,-0.100744866,-0.26002724315256576,1.1599999740719795,10.579999763518572,0.027377066908063748,0.9024219808654039,0.9297990477734677,0.5690269387861889,0.005493633158953499,8.0
2026-09-24 19:20:00,-0.100744866,-0.2869976127259373,1.1599999740719795,10.579999763518572,0.027377066908063748,0.9024219808654039,0.9297990477734677,0.5420565692128174,0.005493633158953499,8.0
2026-09-24 19:30:00,-0.100744866,-0.31225889131768453,1.1599999740719795,10.579999763518572,0.027377066908063748,0.9024219808654039,0.9297990477734677,0.5167952906210702,0.005493633158953499,8.0
2026-09-24 19:40:00,-0.100744866,-0.335613375338893,1.1599999740719795,10.579999763518572,0.027377066908063748,0.9024219808654039,0.9297990477734677,0.49344080659986167,0.005493633158953499,8.0
2026-09-24 19:50:00,-0.100744866,-0.35687095503091476,1.1599999740719795,10.579999763518572,0.027377066908063748,0.9024219808654039,0.9297990477734677,0.4721832269078399,0.005493633158953499,8.0
2026-09-24 20:00:00,-0.100744866,-0.37585043958779213,1.1599999740719795,10.579999763518572,0.027377066908063748,0.9024219808654039,0.9297990477734677,0.45320374235096256,0.005493633158953499,8.0
2026-09-24 20:10:00,-0.100744866,-0.39238130475828664,1.1599999740719795,10.579999763518572,0.027377066908063748,0.9024219808654039,0.9297990477734677,0.43667287718046804,0.005493633158953499,8.0
2026-09-24 20:20:00,-0.100744866,-0.40630584154355137,1.1599999740719795,10.579999763518572,0.027377066908063748,0.9024219808654039,0.9297990477734677,0.42274834039520326,0.005493633158953499,8.0
2026-09-24 20:30:00,-0.100744866,-0.41748163105579916,1.1599999740719795,10.579999763518572,0.027377066908063748,0.9024219808654039,0.9297990477734677,0.4115725508829555,0.005493633158953499,8.0
2026-09-24 20:40:00,-0.100744866,-0.42578422298548646,1.1599999740719795,10.579999763518572,0.027377066908063748,0.9024219808654039,0.9297990477734677,0.4032699589532682,0.005493633158953499,8.0
2026-09-24 20:50:00,-0.100744866,-0.43110985879445923,1.1599999740719795,10.579999763518572,0.027377066908063748,0.9024219808654039,0.9297990477734677,0.3979443231442954,0.005493633158953499,8.0
2026-09-24 21:00:00,-0.100744866,-0.43337805988627043,1.149999974295497,10.529999764636159,0.02712998454813097,0.8942774797237655,0.9214074642718965,0.38728453855091305,0.005493633158953499,8.0
2026-09-24 21:10:00,-0.100744866,-0.4325338980855707,1.149999974295497,10.529999764636159,0.02712998454813097,0.8942774797237655,0.9214074642718965,0.38812870035161284,0.005493633158953499,8.0
2026-09-24 21:20:00,-0.100744866,-0.42854978131544585,1.149999974295497,10.529999764636159,0.02712998454813097,0.8942774797237655,0.9214074642718965,0.3921128171217376,0.005493633158953499,8.0
2026-09-24 21:30:00,-0.100744866,-0.4214266199483513,1.149999974295497,10.529999764636159,0.02712998454813097,0.8942774797237655,0.9214074642718965,0.3992359784888322,0.005493633158953499,8.0
2026-09-24 21:40:00,-0.100744866,-0.4111942855608172,1.149999974295497,10.529999764636159,0.02712998454813097,0.8942774797237655,0.9214074642718965,0.4094683128763662,0.005493633158953499,8.0
2026-09-24 21:50:00,-0.100744866,-0.3979113289450571,1.149999974295497,10.529999764636159,0.02712998454813097,0.8942774797237655,0.9214074642718965,0.4227512694921264,0.005493633158953499,8.0
2026-09-24 22:00:00,-0.100744866,-0.3816639824386421,1.149999974295497,10.529999764636159,0.02712998454813097,0.8942774797237655,0.9214074642718965,0.4389986159985414,0.005493633158953499,8.0
2026-09-24 22:10:00,-0.100744866,-0.3625645267724384,1.149999974295497,10.529999764636159,0.02712998454813097,0.8942774797237655,0.9214074642718965,0.4580980716647451,0.005493633158953499,8.0
2026-09-24 22:20:00,-0.100744866,-0.34074914907406567,1.149999974295497,10.529999764636159,0.02712998454813097,0.8942774797237655,0.9214074642718965,0.4799134493631178,0.005493633158953499,8.0
2026-09-24 22:30:00,-0.100744866,-0.31637545139364803,1.149999974295497,10.529999764636159,0.02712998454813097,0.8942774797237655,0.9214074642718965,0.5042871470435355,0.005493633158953499,8.0
2026-09-24 22:40:00,-0.100744866,-0.2896197852035709,1.149999974295497,10.529999764636159,0.02712998454813097,0.8942774797237655,0.9214074642718965,0.5310428132336126,0.005493633158953499,8.0
2026-09-24 22:50:00,-0.100744866,-0.2606745849702668,1.149999974295497,10.529999764636159,0.02712998454813097,0.8942774797237655,0.9214074642718965,0.5599880134669166,0.005493633158953499,8.0
2026-09-24 23:00:00,-0.100744866,-0.22974585406971265,1.149999974295497,10.529999764636159,0.02712998454813097,0.8942774797237655,0.9214074642718965,0.5909167443674708,0.005493633158953499,8.0
2026-09-24 23:10:00,-0.100744866,-0.19705092123936335,1.149999974295497,10.529999764636159,0.02712998454813097,0.8942774797237655,0.9214074642718965,0.6236116771978202,0.005493633158953499,8.0
2026-09-24 23:20:00,-0.100744866,-0.16281653983377464,1.149999974295497,10.529999764636159,0.02712998454813097,0.8942774797237655,0.9214074642718965,0.6578460586034088,0.005493633158953499,8.0
2026-09-24 23:30:00,-0.100744866,-0.12727735055930567,1.149999974295497,10.529999764636159,0.02712998454813097,0.8942774797237655,0.9214074642718965,0.6933852478778778,0.005493633158953499,8.0
2026-09-24 23:40:00,-0.100744866,-0.09067467704100861,1.149999974295497,10.529999764636159,0.02712998454813097,0.8942774797237655,0.9214074642718965,0.7299879213961749,0.005493633158953499,8.0
2026-09-24 23:50:00,-0.100744866,-0.05325557839596351,1.149999974295497,10.529999764636159,0.02712998454813097,0.8942774797237655,0.9214074642718965,0.76740702004122,0.005493633158953499,8.0
2026-09-25 00:00:00,-0.08588794,-0.015272048840158852,1.1199999749660492,10.429999766871333,0.02651951485117931,0.8741547516378303,0.9006742664890096,0.7995142789109815,0.005493633158953499,8.0
2026-09-25 00:10:00,-0.08588794,0.023019764801810696,1.1199999749660492,10.429999766871333,0.02651951485117931,0.8741547516378303,0.9006742664890096,0.837806092552951,0.005493633158953499,8.0
2026-09-25 00:20:00,-0.08588794,0.061360459226559465,1.1199999749660492,10.429999766871333,0.02651951485117931,0.8741547516378303,0.9006742664890096,0.8761467869776998,0.005493633158953499,8.0
2026-09-25 00:30:00,-0.08588794,0.09948850123532614,1.1199999749660492,10.429999766871333,0.02651951485117931,0.8741547516378303,0.9006742664890096,0.9142748289864665,0.005493633158953499,8.0
2026-09-25 00:40:00,-0.08588794,0.1371416719155713,1.1199999749660492,10.429999766871333,0.02651951485117931,0.8741547516378303,0.9006742664890096,0.9519279996667116,0.005493633158953499,8.0
2026-09-25 00:50:00,-0.08588794,0.17405887422091504,1.1199999749660492,10.429999766871333,0.02651951485117931,0.8741547516378303,0.9006742664890096,0.9888452019720554,0.005493633158953499,8.0
2026-09-25 01:00:00,-0.08588794,0.2099823018144653,1.1199999749660492,10.429999766871333,0.02651951485117931,0.8741547516378303,0.9006742664890096,1.0247686295656058,0.005493633158953499,8.0
2026-09-25 01:10:00,-0.08588794,0.244659918063937,1.1199999749660492,10.429999766871333,0.02651951485117931,0.8741547516378303,0.9006742664890096,1.0594462458150773,0.005493633158953499,8.0
2026-09-25 01:20:00,-0.08588794,0.2778481497571863,1.1199999749660492,10.429999766871333,0.02651951485117931,0.8741547516378303,0.9006742664890096,1.0926344775083265,0.005493633158953499,8.0
2026-09-25 01:30:00,-0.08588794,0.3093146657100901,1.1199999749660492,10.429999766871333,0.02651951485117931,0.8741547516378303,0.9006742664890096,1.1241009934612305,0.005493633158953499,8.0
2026-09-25 01:40:00,-0.08588794,0.3388410899088335,1.1199999749660492,10.429999766871333,0.02651951485117931,0.8741547516378303,0.9006742664890096,1.153627417659974,0.005493633158953499,8.0
2026-09-25 01:50:00,-0.08588794,0.36622549472289256,1.1199999749660492,10.429999766871333,0.02651951485117931,0.8741547516378303,0.9006742664890096,1.181011822474033,0.005493633158953499,8.0
2026-09-25 02:00:00,-0.08588794,0.39128453252185585,1.1199999749660492,10.429999766871333,0.02651951485117931,0.8741547516378303,0.9006742664890096,1.2060708602729961,0.005493633158953499,8.0
2026-09-25 02:10:00,-0.08588794,0.41385509247967267,1.1199999749660492,10.429999766871333,0.02651951485117931,0.8741547516378303,0.9006742664890096,1.228641420230813,0.005493633158953499,8.0
2026-09-25 02:20:00,-0.08588794,0.4337954102389272,1.1199999749660492,10.429999766871333,0.02651951485117931,0.8741547516378303,0.9006742664890096,1.2485817379900674,0.005493633158953499,8.0
2026-09-25 02:30:00,-0.08588794,0.45098560694732903,1.1199999749660492,10.429999766871333,0.02651951485117931,0.8741547516378303,0.9006742664890096,1.2657719346984693,0.005493633158953499,8.0
2026-09-25 02:40:00,-0.08588794,0.4653276854736619,1.1199999749660492,10.429999766871333,0.02651951485117931,0.8741547516378303,0.9006742664890096,1.2801140132248023,0.005493633158953499,8.0
2026-09-25 02:50:00,-0.08588794,0.47674505965198727,1.1199999749660492,10.429999766871333,0.02651951485117931,0.8741547516378303,0.9006742664890096,1.2915313874031276,0.005493633158953499,8.0
2026-09-25 03:00:00,-0.08588794,0.48518173177219953,1.0899999756366014,10.29999976977706,0.025835848471630892,0.8516192634295796,0.8774551119012105,1.2767489049355407,0.005493633158953499,8.0
2026-09-25 03:10:00,-0.08588794,0.49060125990907233,1.0899999756366014,10.29999976977706,0.025835848471630892,0.8516192634295796,0.8774551119012105,1.2821684330724135,0.005493633158953499,8.0
2026-09-25 03:20:00,-0.08588794,0.4929856670254821,1.0899999756366014,10.29999976977706,0.025835848471630892,0.8516192634295796,0.8774551119012105,1.2845528401888233,0.005493633158953499,8.0
2026-09-25 03:30:00,-0.08588794,0.49233443711125896,1.0899999756366014,10.29999976977706,0.025835848471630892,0.8516192634295796,0.8774551119012105,1.2839016102746001,0.005493633158953499,8.0
2026-09-25 03:40:00,-0.08588794,0.4886637206042754,1.0899999756366014,10.29999976977706,0.025835848471630892,0.8516192634295796,0.8774551119012105,1.2802308937676166,0.005493633158953499,8.0
2026-09-25 03:50:00,-0.08588794,0.48200583475302006,1.0899999756366014,10.29999976977706,0.025835848471630892,0.8516192634295796,0.8774551119012105,1.2735730079163612,0.005493633158953499,8.0
2026-09-25 04:00:00,-0.08588794,0.4724090985455906,1.0899999756366014,10.29999976977706,0.025835848471630892,0.8516192634295796,0.8774551119012105,1.2639762717089318,0.005493633158953499,8.0
2026-09-25 04:10:00,-0.08588794,0.4599379915874413,1.0899999756366014,10.29999976977706,0.025835848471630892,0.8516192634295796,0.8774551119012105,1.2515051647507827,0.005493633158953499,8.0
2026-09-25 04:20:00,-0.08588794,0.44467357768728116,1.0899999756366014,10.29999976977706,0.025835848471630892,0.8516192634295796,0.8774551119012105,1.2362407508506223,0.005493633158953499,8.0
2026-09-25 04:30:00,-0.08588794,0.4267140922769186,1.0899999756366014,10.29999976977706,0.025835848471630892,0.8516192634295796,0.8774551119012105,1.2182812654402597,0.005493633158953499,8.0
2026-09-25 04:40:00,-0.08588794,0.40617556309561487,1.0899999756366014,10.29999976977706,0.025835848471630892,0.8516192634295796,0.8774551119012105,1.197742736258956,0.005493633158953499,8.0
2026-09-25 04:50:00,-0.08588794,0.38319231896107014,1.0899999756366014,10.29999976977706,0.025835848471630892,0.8516192634295796,0.8774551119012105,1.1747594921244113,0.005493633158953499,8.0
2026-09-25 05:00:00,-0.08588794,0.35791724384433027,1.0899999756366014,10.29999976977706,0.025835848471630892,0.8516192634295796,0.8774551119012105,1.1494844170076715,0.005493633158953499,8.0
2026-09-25 05:10:00,-0.08588794,0.33052165234649705,1.0899999756366014,10.29999976977706,0.025835848471630892,0.8516192634295796,0.8774551119012105,1.1220888255098382,0.005493633158953499,8.0
2026-09-25 05:20:00,-0.08588794,0.30119469612294125,1.0899999756366014,10.29999976977706,0.025835848471630892,0.8516192634295796,0.8774551119012105,1.0927618692862824,0.005493633158953499,8.0
2026-09-25 05:30:00,-0.08588794,0.2701422548781699,1.0899999756366014,10.29999976977706,0.025835848471630892,0.8516192634295796,0.8774551119012105,1.0617094280415111,0.005493633158953499,8.0
2026-09-25 05:40:00,-0.08588794,0.23758531527909177,1.0899999756366014,10.29999976977706,0.025835848471630892,0.8516192634295796,0.8774551119012105,1.029152488442433,0.005493633158953499,8.0
2026-09-25 05:50:00,-0.08588794,0.203757890928081,1.0899999756366014,10.29999976977706,0.025835848471630892,0.8516192634295796,0.8774551119012105,0.9953250640914222,0.005493633158953499,8.0
2026-09-25 06:00:00,-0.08588794,0.16890458063400923,1.0599999763071537,10.219999771565199,0.025279942597955626,0.8332951061565818,0.8585750487545374,0.9415916906506774,0.005493633158953499,8.0
2026-09-25 06:10:00,-0.08588794,0.133277895704643,1.0599999763071537,10.219999771565199,0.025279942597955626,0.8332951061565818,0.8585750487545374,0.9059650057213111,0.005493633158953499,8.0
2026-09-25 06:20:00,-0.08588794,0.09713550592895598,1.0599999763071537,10.219999771565199,0.025279942597955626,0.8332951061565818,0.8585750487545374,0.8698226159456242,0.005493633158953499,8.0
2026-09-25 06:30:00,-0.08588794,0.0607375563542558,1.0599999763071537,10.219999771565199,0.025279942597955626,0.8332951061565818,0.8585750487545374,0.8334246663709239,0.005493633158953499,8.0
2026-09-25 06:40:00,-0.08588794,0.024344192382401677,1.0599999763071537,10.219999771565199,0.025279942597955626,0.8332951061565818,0.8585750487545374,0.7970313023990698,0.005493633158953499,8.0
2026-09-25 06:50:00,-0.08588794,-0.011786598971472724,1.0599999763071537,10.219999771565199,0.025279942597955626,0.8332951061565818,0.8585750487545374,0.7609005110451954,0.005493633158953499,8.0
2026-09-25 07:00:00,-0.08588794,-0.04740076533945009,1.0599999763071537,10.219999771565199,0.025279942597955626,0.8332951061565818,0.8585750487545374,0.725286344677218,0.005493633158953499,8.0
2026-09-25 07:10:00,-0.08588794,-0.08224956501534479,1.0599999763071537,10.219999771565199,0.025279942597955626,0.8332951061565818,0.8585750487545374,0.6904375450013234,0.005493633158953499,8.0
2026-09-25 07:20:00,-0.08588794,-0.11609057484446793,1.0599999763071537,10.219999771565199,0.025279942597955626,0.8332951061565818,0.8585750487545374,0.6565965351722002,0.005493633158953499,8.0
2026-09-25 07:30:00,-0.08588794,-0.1486884076824763,1.0599999763071537,10.219999771565199,0.025279942597955626,0.8332951061565818,0.8585750487545374,0.6239987023341919,0.005493633158953499,8.0
2026-09-25 07:40:00,-0.08588794,-0.17981525287828443,1.0599999763071537,10.219999771565199,0.025279942597955626,0.8332951061565818,0.8585750487545374,0.5928718571383838,0.005493633158953499,8.0
2026-09-25 07:50:00,-0.08588794,-0.20925137508661337,1.0599999763071537,10.219999771565199,0.025279942597955626,0.8332951061565818,0.8585750487545374,0.5634357349300547,0.005493633158953499,8.0
2026-09-25 08:00:00,-0.08588794,-0.2367857118148897,1.0599999763071537,10.219999771565199,0.025279942597955626,0.8332951061565818,0.8585750487545374,0.5359013982017784,0.005493633158953499,8.0
2026-09-25 08:10:00,-0.08588794,-0.26221669778164225,1.0599999763071537,10.219999771565199,0.025279942597955626,0.8332951061565818,0.8585750487545374,0.5104704122350259,0.005493633158953499,8.0
2026-09-25 08:20:00,-0.08588794,-0.28535341545022624,1.0599999763071537,10.219999771565199,0.025279942597955626,0.8332951061565818,0.8585750487545374,0.4873336945664419,0.005493633158953499,8.0
2026-09-25 08:30:00,-0.08588794,-0.3060171291302541,1.0599999763071537,10.219999771565199,0.025279942597955626,0.8332951061565818,0.8585750487545374,0.46666998088641404,0.005493633158953499,8.0
2026-09-25 08:40:00,-0.08588794,-0.3240432093067809,1.0599999763071537,10.219999771565199,0.025279942597955626,0.8332951061565818,0.8585750487545374,0.44864390070988724,0.005493633158953499,8.0
2026-09-25 08:50:00,-0.08588794,-0.33928339999137275,1.0599999763071537,10.219999771565199,0.025279942597955626,0.8332951061565818,0.8585750487545374,0.4334037100252954,0.005493633158953499,8.0
2026-09-25 09:00:00,-0.08588794,-0.3516083308726385,1.0199999772012234,10.14999977312982,0.024628523889308685,0.8118225881763298,0.8364511120656385,0.39895484245513074,0.005493633158953499,8.0
2026-09-25 09:10:00,-0.08588794,-0.3609101336431352,1.0199999772012234,10.14999977312982,0.024628523889308685,0.8118225881763298,0.8364511120656385,0.38965303968463405,0.005493633158953499,8.0
2026-09-25 09:20:00,-0.08588794,-0.36710499290541476,1.0199999772012234,10.14999977312982,0.024628523889308685,0.8118225881763298,0.8364511120656385,0.38345818042235447,0.005493633158953499,8.0
2026-09-25 09:30:00,-0.08588794,-0.37013544996872405,1.0199999772012234,10.14999977312982,0.024628523889308685,0.8118225881763298,0.8364511120656385,0.3804277233590452,0.005493633158953499,8.0
2026-09-25 09:40:00,-0.08588794,-0.3699722841436573,1.0199999772012234,10.14999977312982,0.024628523889308685,0.8118225881763298,0.8364511120656385,0.38059088918411194,0.005493633158953499,8.0
2026-09-25 09:50:00,-0.08588794,-0.36661582046244556,1.0199999772012234,10.14999977312982,0.024628523889308685,0.8118225881763298,0.8364511120656385,0.38394735286532367,0.005493633158953499,8.0
2026-09-25 10:00:00,-0.08588794,-0.3600965526616063,1.0199999772012234,10.14999977312982,0.024628523889308685,0.8118225881763298,0.8364511120656385,0.39046662066616294,0.005493633158953499,8.0
2026-09-25 10:10:00,-0.08588794,-0.35047502162645855,1.0199999772012234,10.14999977312982,0.024628523889308685,0.8118225881763298,0.8364511120656385,0.4000881517013107,0.005493633158953499,8.0
2026-09-25 10:20:00,-0.08588794,-0.3378409470598067,1.0199999772012234,10.14999977312982,0.024628523889308685,0.8118225881763298,0.8364511120656385,0.4127222262679625,0.005493633158953499,8.0
2026-09-25 10:30:00,-0.08588794,-0.32231166771665015,1.0199999772012234,10.14999977312982,0.024628523889308685,0.8118225881763298,0.8364511120656385,0.4282515056111191,0.005493633158953499,8.0
2026-09-25 10:40:00,-0.08588794,-0.30402999727780844,1.0199999772012234,10.14999977312982,0.024628523889308685,0.8118225881763298,0.8364511120656385,0.4465331760499608,0.005493633158953499,8.0
2026-09-25 10:50:00,-0.08588794,-0.2831616433459617,1.0199999772012234,10.14999977312982,0.024628523889308685,0.8118225881763298,0.8364511120656385,0.4674015299818075,0.005493633158953499,8.0
2026-09-25 11:00:00,-0.08588794,-0.2598923620665262,1.0199999772012234,10.14999977312982,0.024628523889308685,0.8118225881763298,0.8364511120656385,0.490670811261243,0.005493633158953499,8.0
2026-09-25 11:10:00,-0.08588794,-0.23442502805252974,1.0199999772012234,10.14999977312982,0.024628523889308685,0.8118225881763298,0.8364511120656385,0.5161381452752395,0.005493633158953499,8.0
2026-09-25 11:20:00,-0.08588794,-0.20697678829015953,1.0199999772012234,10.14999977312982,0.024628523889308685,0.8118225881763298,0.8364511120656385,0.5435863850376097,0.005493633158953499,8.0
2026-09-25 11:30:00,-0.08588794,-0.17777644089208042,1.0199999772012234,10.14999977312982,0.024628523889308685,0.8118225881763298,0.8364511120656385,0.5727867324356888,0.005493633158953499,8.0
2026-09-25 11:40:00,-0.08588794,-0.14706213842566193,1.0199999772012234,10.14999977312982,0.024628523889308685,0.8118225881763298,0.8364511120656385,0.6035010349021073,0.005493633158953499,8.0
2026-09-25 11:50:00,-0.08588794,-0.1150794659205282,1.0199999772012234,10.14999977312982,0.024628523889308685,0.8118225881763298,0.8364511120656385,0.635483707407241,0.005493633158953499,8.0
2026-09-25 12:00:00,-0.08588794,-0.08207989105910787,0.9899999778717756,10.019999776035547,0.02395287090673829,0.7895512431503511,0.8135041140570893,0.6455362842601122,0.005493633158953499,8.0
2026-09-25 12:10:00,-0.08588794,-0.04831953463522243,0.9899999778717756,10.019999776035547,0.02395287090673829,0.7895512431503511,0.8135041140570893,0.6792966406839976,0.005493633158953499,8.0
2026-09-25 12:20:00,-0.08588794,-0.01405816850915695,0.9899999778717756,10.019999776035547,0.02395287090673829,0.7895512431503511,0.8135041140570893,0.7135580068100631,0.005493633158953499,8.0
2026-09-25 12:30:00,-0.08588794,0.020441679464539612,0.9899999778717756,10.019999776035547,0.02395287090673829,0.7895512431503511,0.8135041140570893,0.7480578547837597,0.005493633158953499,8.0
2026-09-25 12:40:00,-0.08588794,0.05491564572888973,0.9899999778717756,10.019999776035547,0.02395287090673829,0.7895512431503511,0.8135041140570893,0.7825318210481098,0.005493633158953499,8.0
2026-09-25 12:50:00,-0.08588794,0.08909860318225303,0.9899999778717756,10.019999776035547,0.02395287090673829,0.7895512431503511,0.8135041140570893,0.8167147785014731,0.005493633158953499,8.0
2026-09-25 13:00:00,-0.08588794,0.12272598997122426,0.9899999778717756,10.019999776035547,0.02395287090673829,0.7895512431503511,0.8135041140570893,0.8503421652904444,0.005493633158953499,8.0
2026-09-25 13:10:00,-0.08588794,0.1555354642068061,0.9899999778717756,10.019999776035547,0.02395287090673829,0.7895512431503511,0.8135041140570893,0.8831516395260262,0.005493633158953499,8.0
2026-09-25 13:20:00,-0.08588794,0.18726890893541803,0.9899999778717756,10.019999776035547,0.02395287090673829,0.7895512431503511,0.8135041140570893,0.9148850842546381,0.005493633158953499,8.0
2026-09-25 13:30:00,-0.08588794,0.21767476277189957,0.9899999778717756,10.019999776035547,0.02395287090673829,0.7895512431503511,0.8135041140570893,0.9452909380911196,0.005493633158953499,8.0
2026-09-25 13:40:00,-0.08588794,0.24651060426157795,0.9899999778717756,10.019999776035547,0.02395287090673829,0.7895512431503511,0.8135041140570893,0.974126779580798,0.005493633158953499,8.0
2026-09-25 13:50:00,-0.08588794,0.2735458779535157,0.9899999778717756,10.019999776035547,0.02395287090673829,0.7895512431503511,0.8135041140570893,1.0011620532727359,0.005493633158953499,8.0
2026-09-25 14:00:00,-0.08588794,0.2985646220295243,0.9899999778717756,10.019999776035547,0.02395287090673829,0.7895512431503511,0.8135041140570893,1.0261807973487445,0.005493633158953499,8.0
2026-09-25 14:10:00,-0.08588794,0.3213680444071782,0.9899999778717756,10.019999776035547,0.02395287090673829,0.7895512431503511,0.8135041140570893,1.0489842197263983,0.005493633158953499,8.0
2026-09-25 14:20:00,-0.08588794,0.3417767982001505,0.9899999778717756,10.019999776035547,0.02395287090673829,0.7895512431503511,0.8135041140570893,1.0693929735193706,0.005493633158953499,8.0
2026-09-25 14:30:00,-0.08588794,0.3596328278679429,0.9899999778717756,10.019999776035547,0.02395287090673829,0.7895512431503511,0.8135041140570893,1.0872490031871629,0.005493633158953499,8.0
2026-09-25 14:40:00,-0.08588794,0.37480069213933076,0.9899999778717756,10.019999776035547,0.02395287090673829,0.7895512431503511,0.8135041140570893,1.1024168674585508,0.005493633158953499,8.0
2026-09-25 14:50:00,-0.08588794,0.3871683149512925,0.9899999778717756,10.019999776035547,0.02395287090673829,0.7895512431503511,0.8135041140570893,1.1147844902705126,0.005493633158953499,8.0
2026-09-25 15:00:00,-0.08588794,0.3966471662096013,0.9599999785423279,10.02999977581203,0.02361069682175916,0.7782722622206328,0.801882959042392,1.112642186514124,0.005493633158953499,8.0
2026-09-25 15:10:00,-0.08588794,0.40317192443795885,0.9599999785423279,10.02999977581203,0.02361069682175916,0.7782722622206328,0.801882959042392,1.1191669447424817,0.005493633158953499,8.0
2026-09-25 15:20:00,-0.08588794,0.40669971773763236,0.9599999785423279,10.02999977581203,0.02361069682175916,0.7782722622206328,0.801882959042392,1.122694738042155,0.005493633158953499,8.0
2026-09-25 15:30:00,-0.08588794,0.4072090729342453,0.9599999785423279,10.02999977581203,0.02361069682175916,0.7782722622206328,0.801882959042392,1.1232040932387681,0.005493633158953499,8.0
2026-09-25 15:40:00,-0.08588794,0.40469872160666526,0.9599999785423279,10.02999977581203,0.02361069682175916,0.7782722622206328,0.801882959042392,1.120693741911188,0.005493633158953499,8.0
2026-09-25 15:50:00,-0.08588794,0.39918641379682107,0.9599999785423279,10.02999977581203,0.02361069682175916,0.7782722622206328,0.801882959042392,1.115181434101344,0.005493633158953499,8.0
2026-09-25 16:00:00,-0.08588794,0.39070787539216134,0.9599999785423279,10.02999977581203,0.02361069682175916,0.7782722622206328,0.801882959042392,1.1067028956966842,0.005493633158953499,8.0
2026-09-25 16:10:00,-0.08588794,0.3793160151427594,0.9599999785423279,10.02999977581203,0.02361069682175916,0.7782722622206328,0.801882959042392,1.0953110354472821,0.005493633158953499,8.0
2026-09-25 16:20:00,-0.08588794,0.3650804455410414,0.9599999785423279,10.02999977581203,0.02361069682175916,0.7782722622206328,0.801882959042392,1.0810754658455641,0.005493633158953499,8.0
2026-09-25 16:30:00,-0.08588794,0.34808733301701095,0.9599999785423279,10.02999977581203,0.02361069682175916,0.7782722622206328,0.801882959042392,1.0640823533215338,0.005493633158953499,8.0
2026-09-25 16:40:00,-0.08588794,0.32843954272664866,0.9599999785423279,10.02999977581203,0.02361069682175916,0.7782722622206328,0.801882959042392,1.0444345630311713,0.005493633158953499,8.0
2026-09-25 16:50:00,-0.08588794,0.3062569973613773,0.9599999785423279,10.02999977581203,0.02361069682175916,0.7782722622206328,0.801882959042392,1.0222520176659,0.005493633158953499,8.0
2026-09-25 17:00:00,-0.08588794,0.2816771330113586,0.9599999785423279,10.02999977581203,0.02361069682175916,0.7782722622206328,0.801882959042392,0.9976721533158814,0.005493633158953499,8.0
2026-09-25 17:10:00,-0.08588794,0.2548553124481464,0.9599999785423279,10.02999977581203,0.02361069682175916,0.7782722622206328,0.801882959042392,0.9708503327526692,0.005493633158953499,8.0
2026-09-25 17:20:00,-0.08588794,0.22596504978684004,0.9599999785423279,10.02999977581203,0.02361069682175916,0.7782722622206328,0.801882959042392,0.9419600700913628,0.005493633158953499,8.0
2026-09-25 17:30:00,-0.08588794,0.19519791111242593,0.9599999785423279,10.02999977581203,0.02361069682175916,0.7782722622206328,0.801882959042392,0.9111929314169487,0.005493633158953499,8.0
2026-09-25 17:40:00,-0.08588794,0.16276298206927498,0.9599999785423279,10.02999977581203,0.02361069682175916,0.7782722622206328,0.801882959042392,0.8787580023737978,0.005493633158953499,8.0
2026-09-25 17:50:00,-0.08588794,0.12888583279063562,0.9599999785423279,10.02999977581203,0.02361069682175916,0.7782722622206328,0.801882959042392,0.8448808530951584,0.005493633158953499,8.0
2026-09-25 18:00:00,-0.08588794,0.09380695821973029,0.9499999787658453,10.039999775588512,0.023510819674119665,0.7749800419941677,0.7984908616682873,0.8064098811501483,0.005493633158953499,8.0
2026-09-25 18:10:00,-0.08588794,0.05777972265757614,0.9499999787658453,10.039999775588512,0.023510819674119665,0.7749800419941677,0.7984908616682873,0.7703826455879942,0.005493633158953499,8.0
2026-09-25 18:20:00,-0.08588794,0.02106788540469861,0.9499999787658453,10.039999775588512,0.023510819674119665,0.7749800419941677,0.7984908616682873,0.7336708083351167,0.005493633158953499,8.0
2026-09-25 18:30:00,-0.08588794,-0.0160571758377746,0.9499999787658453,10.039999775588512,0.023510819674119665,0.7749800419941677,0.7984908616682873,0.6965457470926435,0.005493633158953499,8.0
2026-09-25 18:40:00,-0.08588794,-0.05331939989458458,0.9499999787658453,10.039999775588512,0.023510819674119665,0.7749800419941677,0.7984908616682873,0.6592835230358335,0.005493633158953499,8.0
2026-09-25 18:50:00,-0.08588794,-0.09044098012017751,0.9499999787658453,10.039999775588512,0.023510819674119665,0.7749800419941677,0.7984908616682873,0.6221619428102405,0.005493633158953499,8.0
2026-09-25 19:00:00,-0.08588794,-0.1271451557699565,0.9499999787658453,10.039999775588512,0.023510819674119665,0.7749800419941677,0.7984908616682873,0.5854577671604615,0.005493633158953499,8.0
2026-09-25 19:10:00,-0.08588794,-0.163158729076067,0.9499999787658453,10.039999775588512,0.023510819674119665,0.7749800419941677,0.7984908616682873,0.5494441938543511,0.005493633158953499,8.0
2026-09-25 19:20:00,-0.08588794,-0.19821421613860593,0.9499999787658453,10.039999775588512,0.023510819674119665,0.7749800419941677,0.7984908616682873,0.5143887067918121,0.005493633158953499,8.0
2026-09-25 19:30:00,-0.08588794,-0.23205158528922032,0.9499999787658453,10.039999775588512,0.023510819674119665,0.7749800419941677,0.7984908616682873,0.48055133764119773,0.005493633158953499,8.0
2026-09-25 19:40:00,-0.08588794,-0.2644195865769234,0.9499999787658453,10.039999775588512,0.023510819674119665,0.7749800419941677,0.7984908616682873,0.44818333635349467,0.005493633158953499,8.0
2026-09-25 19:50:00,-0.08588794,-0.2950767246667879,0.9499999787658453,10.039999775588512,0.023510819674119665,0.7749800419941677,0.7984908616682873,0.41752619826363013,0.005493633158953499,8.0
2026-09-25 20:00:00,-0.08588794,-0.32379196917868724,0.9499999787658453,10.039999775588512,0.023510819674119665,0.7749800419941677,0.7984908616682873,0.3888109537517308,0.005493633158953499,8.0
2026-09-25 20:10:00,-0.08588794,-0.35034532625425985,0.9499999787658453,10.039999775588512,0.023510819674119665,0.7749800419941677,0.7984908616682873,0.3622575966761582,0.005493633158953499,8.0
2026-09-25 20:20:00,-0.08588794,-0.37452840958000805,0.9499999787658453,10.039999775588512,0.023510819674119665,0.7749800419941677,0.7984908616682873,0.33807451335041,0.005493633158953499,8.0
2026-09-25 20:30:00,-0.08588794,-0.3961451461591738,0.9499999787658453,10.039999775588512,0.023510819674119665,0.7749800419941677,0.7984908616682873,0.31645777677124426,0.005493633158953499,8.0
2026-09-25 20:40:00,-0.08588794,-0.4150127321364485,0.9499999787658453,10.039999775588512,0.023510819674119665,0.7749800419941677,0.7984908616682873,0.29759019079396953,0.005493633158953499,8.0
2026-09-25 20:50:00,-0.08588794,-0.4309629188456664,0.9499999787658453,10.039999775588512,0.023510819674119665,0.7749800419941677,0.7984908616682873,0.28164000408475165,0.005493633158953499,8.0
2026-09-25 21:00:00,-0.08588794,-0.4438436629104416,0.9399999789893627,9.999999776482582,0.023293576850690195,0.7678191324742997,0.7911127093249899,0.261381107676679,0.005493633158953499,8.0
2026-09-25 21:10:00,-0.08588794,-0.4535211216912085,0.9399999789893627,9.999999776482582,0.023293576850690195,0.7678191324742997,0.7911127093249899,0.2517036488959121,0.005493633158953499,8.0
2026-09-25 21:20:00,-0.08588794,-0.45988192256736765,0.9399999789893627,9.999999776482582,0.023293576850690195,0.7678191324742997,0.7911127093249899,0.24534284801975303,0.005493633158953499,8.0
2026-09-25 21:30:00,-0.08588794,-0.46283558739606745,0.9399999789893627,9.999999776482582,0.023293576850690195,0.7678191324742997,0.7911127093249899,0.24238918319105318,0.005493633158953499,8.0
2026-09-25 21:40:00,-0.08588794,-0.46231695737877265,0.9399999789893627,9.999999776482582,0.023293576850690195,0.7678191324742997,0.7911127093249899,0.24290781320834798,0.005493633158953499,8.0
2026-09-25 21:50:00,-0.08588794,-0.4582884427138522,0.9399999789893627,9.999999776482582,0.023293576850690195,0.7678191324742997,0.7911127093249899,0.24693632787326836,0.005493633158953499,8.0
2026-09-25 22:00:00,-0.08588794,-0.4507419183641853,0.9399999789893627,9.999999776482582,0.023293576850690195,0.7678191324742997,0.7911127093249899,0.2544828522229353,0.005493633158953499,8.0
2026-09-25 22:10:00,-0.08588794,-0.43970010265921283,0.9399999789893627,9.999999776482582,0.023293576850690195,0.7678191324742997,0.7911127093249899,0.26552466792790774,0.005493633158953499,8.0
2026-09-25 22:20:00,-0.08588794,-0.4252172878503601,0.9399999789893627,9.999999776482582,0.023293576850690195,0.7678191324742997,0.7911127093249899,0.28000748273676046,0.005493633158953499,8.0
2026-09-25 22:30:00,-0.08588794,-0.4073793379381156,0.9399999789893627,9.999999776482582,0.023293576850690195,0.7678191324742997,0.7911127093249899,0.29784543264900504,0.005493633158953499,8.0
2026-09-25 22:40:00,-0.08588794,-0.3863029242518876,0.9399999789893627,9.999999776482582,0.023293576850690195,0.7678191324742997,0.7911127093249899,0.318921846335233,0.005493633158953499,8.0
2026-09-25 22:50:00,-0.08588794,-0.36213402769946035,0.9399999789893627,9.999999776482582,0.023293576850690195,0.7678191324742997,0.7911127093249899,0.3430907428876603,0.005493633158953499,8.0
2026-09-25 23:00:00,-0.08588794,-0.33504579211083313,0.9399999789893627,9.999999776482582,0.023293576850690195,0.7678191324742997,0.7911127093249899,0.3701789784762875,0.005493633158953499,8.0
2026-09-25 23:10:00,-0.08588794,-0.3052358600188167,0.9399999789893627,9.999999776482582,0.023293576850690195,0.7678191324742997,0.7911127093249899,0.39998891056830393,0.005493633158953499,8.0
2026-09-25 23:20:00,-0.08588794,-0.2729233555492133,0.9399999789893627,9.999999776482582,0.023293576850690195,0.7678191324742997,0.7911127093249899,0.4323014150379073,0.005493633158953499,8.0
2026-09-25 23:30:00,-0.08588794,-0.23834569568392616,0.9399999789893627,9.999999776482582,0.023293576850690195,0.7678191324742997,0.7911127093249899,0.46687907490319447,0.005493633158953499,8.0
2026-09-25 23:40:00,-0.08588794,-0.20175540931179378,0.9399999789893627,9.999999776482582,0.023293576850690195,0.7678191324742997,0.7911127093249899,0.5034693612753268,0.005493633158953499,8.0
2026-09-25 23:50:00,-0.08588794,-0.1634171239303293,0.9399999789893627,9.999999776482582,0.023293576850690195,0.7678191324742997,0.7911127093249899,0.5418076466567914,0.005493633158953499,8.0
2026-09-26 00:00:00,-0.050022032,-0.1236048448418722,0.9299999792128801,9.959999777376652,0.023076666180794556,0.760669171630963,0.7837458378117576,0.6101189608580022,0.005493633158953499,8.0
2026-09-26 00:10:00,-0.050022032,-0.08259960550562136,0.9299999792128801,9.959999777376652,0.023076666180794556,0.760669171630963,0.7837458378117576,0.651124200194253,0.005493633158953499,8.0
2026-09-26 00:20:00,-0.050022032,-0.040687515576178196,0.9299999792128801,9.959999777376652,0.023076666180794556,0.760669171630963,0.7837458378117576,0.6930362901236962,0.005493633158953499,8.0
2026-09-26 00:30:00,-0.050022032,0.0018418190658273676,0.9299999792128801,9.959999777376652,0.023076666180794556,0.760669171630963,0.7837458378117576,0.7355656247657018,0.005493633158953499,8.0
2026-09-26 00:40:00,-0.050022032,0.044696576270078316,0.9299999792128801,9.959999777376652,0.023076666180794556,0.760669171630963,0.7837458378117576,0.7784203819699527,0.005493633158953499,8.0
2026-09-26 00:50:00,-0.050022032,0.08758380507925899,0.9299999792128801,9.959999777376652,0.023076666180794556,0.760669171630963,0.7837458378117576,0.8213076107791334,0.005493633158953499,8.0
2026-09-26 01:00:00,-0.050022032,0.1302104487889468,0.9299999792128801,9.959999777376652,0.023076666180794556,0.760669171630963,0.7837458378117576,0.8639342544888212,0.005493633158953499,8.0
2026-09-26 01:10:00,-0.050022032,0.17228443560017748,0.9299999792128801,9.959999777376652,0.023076666180794556,0.760669171630963,0.7837458378117576,0.9060082413000519,0.005493633158953499,8.0
2026-09-26 01:20:00,-0.050022032,0.21351595550717292,0.9299999792128801,9.959999777376652,0.023076666180794556,0.760669171630963,0.7837458378117576,0.9472397612070473,0.005493633158953499,8.0
2026-09-26 01:30:00,-0.050022032,0.25361901353703753,0.9299999792128801,9.959999777376652,0.023076666180794556,0.760669171630963,0.7837458378117576,0.9873428192369119,0.005493633158953499,8.0
2026-09-26 01:40:00,-0.050022032,0.29231330901637925,0.9299999792128801,9.959999777376652,0.023076666180794556,0.760669171630963,0.7837458378117576,1.0260371147162537,0.005493633158953499,8.0
2026-09-26 01:50:00,-0.050022032,0.3293264431300866,0.9299999792128801,9.959999777376652,0.023076666180794556,0.760669171630963,0.7837458378117576,1.063050248829961,0.005493633158953499,8.0
2026-09-26 02:00:00,-0.050022032,0.3643964082535873,0.9299999792128801,9.959999777376652,0.023076666180794556,0.760669171630963,0.7837458378117576,1.0981202139534618,0.005493633158953499,8.0
2026-09-26 02:10:00,-0.050022032,0.39727426800870497,0.9299999792128801,9.959999777376652,0.023076666180794556,0.760669171630963,0.7837458378117576,1.1309980737085794,0.005493633158953499,8.0
2026-09-26 02:20:00,-0.050022032,0.42772690211529807,0.9299999792128801,9.959999777376652,0.023076666180794556,0.760669171630963,0.7837458378117576,1.1614507078151726,0.005493633158953499,8.0
2026-09-26 02:30:00,-0.050022032,0.4555396688078716,0.9299999792128801,9.959999777376652,0.023076666180794556,0.760669171630963,0.7837458378117576,1.189263474507746,0.005493633158953499,8.0
2026-09-26 02:40:00,-0.050022032,0.48051883257157635,0.9299999792128801,9.959999777376652,0.023076666180794556,0.760669171630963,0.7837458378117576,1.2142426382714508,0.005493633158953499,8.0
2026-09-26 02:50:00,-0.050022032,0.5024936167745547,0.9299999792128801,9.959999777376652,0.023076666180794556,0.760669171630963,0.7837458378117576,1.2362174224744291,0.005493633158953499,8.0
2026-09-26 03:00:00,-0.050022032,0.5213177682812153,0.909999979659915,9.94999977760017,0.022804262522381113,0.7516900121817073,0.7744942747040884,1.2457900108734206,0.005493633158953499,8.0
2026-09-26 03:10:00,-0.050022032,0.5368705612215332,0.909999979659915,9.94999977760017,0.022804262522381113,0.7516900121817073,0.7744942747040884,1.2613428038137384,0.005493633158953499,8.0
2026-09-26 03:20:00,-0.050022032,0.5490572153230125,0.909999979659915,9.94999977760017,0.022804262522381113,0.7516900121817073,0.7744942747040884,1.2735294579152177,0.005493633158953499,8.0
2026-09-26 03:30:00,-0.050022032,0.5578087551563198,0.909999979659915,9.94999977760017,0.022804262522381113,0.7516900121817073,0.7744942747040884,1.282280997748525,0.005493633158953499,8.0
2026-09-26 03:40:00,-0.050022032,0.5630813845840852,0.909999979659915,9.94999977760017,0.022804262522381113,0.7516900121817073,0.7744942747040884,1.2875536271762904,0.005493633158953499,8.0
2026-09-26 03:50:00,-0.050022032,0.5648554902426114,0.909999979659915,9.94999977760017,0.022804262522381113,0.7516900121817073,0.7744942747040884,1.2893277328348165,0.005493633158953499,8.0
2026-09-26 04:00:00,-0.050022032,0.5631344146000643,0.909999979659915,9.94999977760017,0.022804262522381113,0.7516900121817073,0.7744942747040884,1.2876066571922695,0.005493633158953499,8.0
2026-09-26 04:10:00,-0.050022032,0.5579431499972686,0.909999979659915,9.94999977760017,0.022804262522381113,0.7516900121817073,0.7744942747040884,1.2824153925894737,0.005493633158953499,8.0
2026-09-26 04:20:00,-0.050022032,0.5493270989639712,0.909999979659915,9.94999977760017,0.022804262522381113,0.7516900121817073,0.7744942747040884,1.2737993415561766,0.005493633158953499,8.0
2026-09-26 04:30:00,-0.050022032,0.537351023651314,0.909999979659915,9.94999977760017,0.022804262522381113,0.7516900121817073,0.7744942747040884,1.2618232662435194,0.005493633158953499,8.0
2026-09-26 04:40:00,-0.050022032,0.5220982711052251,0.909999979659915,9.94999977760017,0.022804262522381113,0.7516900121817073,0.7744942747040884,1.2465705136974303,0.005493633158953499,8.0
2026-09-26 04:50:00,-0.050022032,0.5036703154134995,0.909999979659915,9.94999977760017,0.022804262522381113,0.7516900121817073,0.7744942747040884,1.2281425580057048,0.005493633158953499,8.0
2026-09-26 05:00:00,-0.050022032,0.48218660767245836,0.909999979659915,9.94999977760017,0.022804262522381113,0.7516900121817073,0.7744942747040884,1.2066588502646636,0.005493633158953499,8.0
2026-09-26 05:10:00,-0.050022032,0.45778467609592555,0.909999979659915,9.94999977760017,0.022804262522381113,0.7516900121817073,0.7744942747040884,1.1822569186881307,0.005493633158953499,8.0
2026-09-26 05:20:00,-0.050022032,0.430620376747768,0.909999979659915,9.94999977760017,0.022804262522381113,0.7516900121817073,0.7744942747040884,1.1550926193399733,0.005493633158953499,8.0
2026-09-26 05:30:00,-0.050022032,0.4008681654570237,0.909999979659915,9.94999977760017,0.022804262522381113,0.7516900121817073,0.7744942747040884,1.1253404080492289,0.005493633158953499,8.0
2026-09-26 05:40:00,-0.050022032,0.36872124645717796,0.909999979659915,9.94999977760017,0.022804262522381113,0.7516900121817073,0.7744942747040884,1.093193489049383,0.005493633158953499,8.0
2026-09-26 05:50:00,-0.050022032,0.3343914554332203,0.909999979659915,9.94999977760017,0.022804262522381113,0.7516900121817073,0.7744942747040884,1.0588636980254256,0.005493633158953499,8.0
2026-09-26 06:00:00,-0.050022032,0.2981087533054294,0.8899999801069498,10.099999774247408,0.022892258016280094,0.7545905810475474,0.7774828390638275,1.0255695602573738,0.005493633158953499,8.0
2026-09-26 06:10:00,-0.050022032,0.26012024050578975,0.8899999801069498,10.099999774247408,0.022892258016280094,0.7545905810475474,0.7774828390638275,0.9875810474577341,0.005493633158953499,8.0
2026-09-26 06:20:00,-0.050022032,0.22068864575243083,0.8899999801069498,10.099999774247408,0.022892258016280094,0.7545905810475474,0.7774828390638275,0.9481494527043752,0.005493633158953499,8.0
2026-09-26 06:30:00,-0.050022032,0.18009029350704006,0.8899999801069498,10.099999774247408,0.022892258016280094,0.7545905810475474,0.7774828390638275,0.9075511004589845,0.005493633158953499,8.0
2026-09-26 06:40:00,-0.050022032,0.13861260479169205,0.8899999801069498,10.099999774247408,0.022892258016280094,0.7545905810475474,0.7774828390638275,0.8660734117436364,0.005493633158953499,8.0
2026-09-26 06:50:00,-0.050022032,0.0965512309653885,0.8899999801069498,10.099999774247408,0.022892258016280094,0.7545905810475474,0.7774828390638275,0.8240120379173329,0.005493633158953499,8.0
2026-09-26 07:00:00,-0.050022032,0.05420695470785104,0.8899999801069498,10.099999774247408,0.022892258016280094,0.7545905810475474,0.7774828390638275,0.7816677616597955,0.005493633158953499,8.0
2026-09-26 07:10:00,-0.050022032,0.011882512406922445,0.8899999801069498,10.099999774247408,0.022892258016280094,0.7545905810475474,0.7774828390638275,0.7393433193588668,0.005493633158953499,8.0
2026-09-26 07:20:00,-0.050022032,-0.03012050426992717,0.8899999801069498,10.099999774247408,0.022892258016280094,0.7545905810475474,0.7774828390638275,0.6973403026820172,0.005493633158953499,8.0
2026-09-26 07:30:00,-0.050022032,-0.07150452349888735,0.8899999801069498,10.099999774247408,0.022892258016280094,0.7545905810475474,0.7774828390638275,0.655956283453057,0.005493633158953499,8.0
2026-09-26 07:40:00,-0.050022032,-0.1119785299743788,0.8899999801069498,10.099999774247408,0.022892258016280094,0.7545905810475474,0.7774828390638275,0.6154822769775656,0.005493633158953499,8.0
2026-09-26 07:50:00,-0.050022032,-0.15126018911900196,0.8899999801069498,10.099999774247408,0.022892258016280094,0.7545905810475474,0.7774828390638275,0.5762006178329424,0.005493633158953499,8.0
2026-09-26 08:00:00,-0.050022032,-0.1890775333596428,0.8899999801069498,10.099999774247408,0.022892258016280094,0.7545905810475474,0.7774828390638275,0.5383832735923015,0.005493633158953499,8.0
2026-09-26 08:10:00,-0.050022032,-0.22517023525396998,0.8899999801069498,10.099999774247408,0.022892258016280094,0.7545905810475474,0.7774828390638275,0.5022905716979744,0.005493633158953499,8.0
2026-09-26 08:20:00,-0.050022032,-0.259290538631633,0.8899999801069498,10.099999774247408,0.022892258016280094,0.7545905810475474,0.7774828390638275,0.4681702683203114,0.005493633158953499,8.0
2026-09-26 08:30:00,-0.050022032,-0.291203955735212,0.8899999801069498,10.099999774247408,0.022892258016280094,0.7545905810475474,0.7774828390638275,0.43625685121673236,0.005493633158953499,8.0
2026-09-26 08:40:00,-0.050022032,-0.3206898616658727,0.8899999801069498,10.099999774247408,0.022892258016280094,0.7545905810475474,0.7774828390638275,0.40677094528607166,0.005493633158953499,8.0
2026-09-26 08:50:00,-0.050022032,-0.34754212403342793,0.8899999801069498,10.099999774247408,0.022892258016280094,0.7545905810475474,0.7774828390638275,0.37991868291851644,0.005493633158953499,8.0
2026-09-26 09:00:00,-0.050022032,-0.37156989507985544,0.8599999807775021,10.189999772235751,0.022703649038325325,0.7483735203205341,0.7710771693588594,0.3494852421671208,0.005493633158953499,8.0
2026-09-26 09:10:00,-0.050022032,-0.3925986664114143,0.8599999807775021,10.189999772235751,0.022703649038325325,0.7483735203205341,0.7710771693588594,0.32845647083556195,0.005493633158953499,8.0
2026-09-26 09:20:00,-0.050022032,-0.41047164596136465,0.8599999807775021,10.189999772235751,0.022703649038325325,0.7483735203205341,0.7710771693588594,0.3105834912856116,0.005493633158953499,8.0
2026-09-26 09:30:00,-0.050022032,-0.42505146732961396,0.8599999807775021,10.189999772235751,0.022703649038325325,0.7483735203205341,0.7710771693588594,0.29600366991736227,0.005493633158953499,8.0
2026-09-26 09:40:00,-0.050022032,-0.4362221887278325,0.8599999807775021,10.189999772235751,0.022703649038325325,0.7483735203205341,0.7710771693588594,0.2848329485191437,0.005493633158953499,8.0
2026-09-26 09:50:00,-0.050022032,-0.4438914883949109,0.8599999807775021,10.189999772235751,0.022703649038325325,0.7483735203205341,0.7710771693588594,0.27716364885206535,0.005493633158953499,8.0
2026-09-26 10:00:00,-0.050022032,-0.44799292131889706,0.8599999807775021,10.189999772235751,0.022703649038325325,0.7483735203205341,0.7710771693588594,0.27306221592807917,0.005493633158953499,8.0
2026-09-26 10:10:00,-0.050022032,-0.44848807318447975,0.8599999807775021,10.189999772235751,0.022703649038325325,0.7483735203205341,0.7710771693588594,0.2725670640624965,0.005493633158953499,8.0
2026-09-26 10:20:00,-0.050022032,-0.44536843529969034,0.8599999807775021,10.189999772235751,0.022703649038325325,0.7483735203205341,0.7710771693588594,0.2756867019472859,0.005493633158953499,8.0
2026-09-26 10:30:00,-0.050022032,-0.43865683026013325,0.8599999807775021,10.189999772235751,0.022703649038325325,0.7483735203205341,0.7710771693588594,0.282398306986843,0.005493633158953499,8.0
2026-09-26 10:40:00,-0.050022032,-0.4284082421594701,0.8599999807775021,10.189999772235751,0.022703649038325325,0.7483735203205341,0.7710771693588594,0.29264689508750613,0.005493633158953499,8.0
2026-09-26 10:50:00,-0.050022032,-0.4147099447787311,0.8599999807775021,10.189999772235751,0.022703649038325325,0.7483735203205341,0.7710771693588594,0.30634519246824515,0.005493633158953499,8.0
2026-09-26 11:00:00,-0.050022032,-0.39768087235973354,0.8599999807775021,10.189999772235751,0.022703649038325325,0.7483735203205341,0.7710771693588594,0.3233742648872427,0.005493633158953499,8.0
2026-09-26 11:10:00,-0.050022032,-0.37747023509494443,0.8599999807775021,10.189999772235751,0.022703649038325325,0.7483735203205341,0.7710771693588594,0.3435849021520318,0.005493633158953499,8.0
2026-09-26 11:20:00,-0.050022032,-0.3542554390825906,0.8599999807775021,10.189999772235751,0.022703649038325325,0.7483735203205341,0.7710771693588594,0.3667996981643856,0.005493633158953499,8.0
2026-09-26 11:30:00,-0.050022032,-0.32823942256337135,0.8599999807775021,10.189999772235751,0.022703649038325325,0.7483735203205341,0.7710771693588594,0.3928157146836049,0.005493633158953499,8.0
2026-09-26 11:40:00,-0.050022032,-0.29964756080757093,0.8599999807775021,10.189999772235751,0.022703649038325325,0.7483735203205341,0.7710771693588594,0.4214075764394053,0.005493633158953499,8.0
2026-09-26 11:50:00,-0.050022032,-0.2687243175751956,0.8599999807775021,10.189999772235751,0.022703649038325325,0.7483735203205341,0.7710771693588594,0.4523308196717806,0.005493633158953499,8.0
2026-09-26 12:00:00,-0.050022032,-0.23572982844102597,0.8299999814480543,10.289999770000577,0.022523022775697354,0.7424195914257977,0.7649426142014951,0.479190753648586,0.005493633158953499,8.0
2026-09-26 12:10:00,-0.050022032,-0.20093659049177112,0.8299999814480543,10.289999770000577,0.022523022775697354,0.7424195914257977,0.7649426142014951,0.5139839915978408,0.005493633158953499,8.0
2026-09-26 12:20:00,-0.050022032,-0.1646264051204014,0.8299999814480543,10.289999770000577,0.022523022775697354,0.7424195914257977,0.7649426142014951,0.5502941769692106,0.005493633158953499,8.0
2026-09-26 12:30:00,-0.050022032,-0.12708767921505626,0.8299999814480543,10.289999770000577,0.022523022775697354,0.7424195914257977,0.7649426142014951,0.5878329028745557,0.005493633158953499,8.0
2026-09-26 12:40:00,-0.050022032,-0.08861313992168299,0.8299999814480543,10.289999770000577,0.022523022775697354,0.7424195914257977,0.7649426142014951,0.626307442167929,0.005493633158953499,8.0
2026-09-26 12:50:00,-0.050022032,-0.04949796465529856,0.8299999814480543,10.289999770000577,0.022523022775697354,0.7424195914257977,0.7649426142014951,0.6654226174343134,0.005493633158953499,8.0
2026-09-26 13:00:00,-0.050022032,-0.010038277677049958,0.8299999814480543,10.289999770000577,0.022523022775697354,0.7424195914257977,0.7649426142014951,0.704882304412562,0.005493633158953499,8.0
2026-09-26 13:10:00,-0.050022032,0.0294700778421527,0.8299999814480543,10.289999770000577,0.022523022775697354,0.7424195914257977,0.7649426142014951,0.7443906599317647,0.005493633158953499,8.0
2026-09-26 13:20:00,-0.050022032,0.0687326122590523,0.8299999814480543,10.289999770000577,0.022523022775697354,0.7424195914257977,0.7649426142014951,0.7836531943486642,0.005493633158953499,8.0
2026-09-26 13:30:00,-0.050022032,0.10745723977486359,0.8299999814480543,10.289999770000577,0.022523022775697354,0.7424195914257977,0.7649426142014951,0.8223778218644755,0.005493633158953499,8.0
2026-09-26 13:40:00,-0.050022032,0.14535543565198009,0.8299999814480543,10.289999770000577,0.022523022775697354,0.7424195914257977,0.7649426142014951,0.860276017741592,0.005493633158953499,8.0
2026-09-26 13:50:00,-0.050022032,0.1821436088227173,0.8299999814480543,10.289999770000577,0.022523022775697354,0.7424195914257977,0.7649426142014951,0.8970641909123293,0.005493633158953499,8.0
2026-09-26 14:00:00,-0.050022032,0.21754476376725085,0.8299999814480543,10.289999770000577,0.022523022775697354,0.7424195914257977,0.7649426142014951,0.9324653458568628,0.005493633158953499,8.0
2026-09-26 14:10:00,-0.050022032,0.2512904812005466,0.8299999814480543,10.289999770000577,0.022523022775697354,0.7424195914257977,0.7649426142014951,0.9662110632901586,0.005493633158953499,8.0
2026-09-26 14:20:00,-0.050022032,0.28312319843973965,0.8299999814480543,10.289999770000577,0.022523022775697354,0.7424195914257977,0.7649426142014951,0.9980437805293516,0.005493633158953499,8.0
2026-09-26 14:30:00,-0.050022032,0.31279872274350184,0.8299999814480543,10.289999770000577,0.022523022775697354,0.7424195914257977,0.7649426142014951,1.0277193048331137,0.005493633158953499,8.0
2026-09-26 14:40:00,-0.050022032,0.34008887044474817,0.8299999814480543,10.289999770000577,0.022523022775697354,0.7424195914257977,0.7649426142014951,1.05500945253436,0.005493633158953499,8.0
2026-09-26 14:50:00,-0.050022032,0.36478409559599395,0.8299999814480543,10.289999770000577,0.022523022775697354,0.7424195914257977,0.7649426142014951,1.0797046776856059,0.005493633158953499,8.0
2026-09-26 15:00:00,-0.050022032,0.38669595805057433,0.8199999816715717,10.509999765083194,0.022865562902185322,0.7537106380711237,0.776576200973309,1.1132501269120003,0.005493633158953499,8.0
2026-09-26 15:10:00,-0.050022032,0.40565928364584664,0.8199999816715717,10.509999765083194,0.022865562902185322,0.7537106380711237,0.776576200973309,1.1322134525072725,0.005493633158953499,8.0
2026-09-26 15:20:00,-0.050022032,0.42153388851549395,0.8199999816715717,10.509999765083194,0.022865562902185322,0.7537106380711237,0.776576200973309,1.1480880573769199,0.005493633158953499,8.0
2026-09-26 15:30:00,-0.050022032,0.43420577328292326,0.8199999816715717,10.509999765083194,0.022865562902185322,0.7537106380711237,0.776576200973309,1.160759942144349,0.005493633158953499,8.0
2026-09-26 15:40:00,-0.050022032,0.4435877371938545,0.8199999816715717,10.509999765083194,0.022865562902185322,0.7537106380711237,0.776576200973309,1.1701419060552805,0.005493633158953499,8.0
2026-09-26 15:50:00,-0.050022032,0.4496194122307253,0.8199999816715717,10.509999765083194,0.022865562902185322,0.7537106380711237,0.776576200973309,1.1761735810921512,0.005493633158953499,8.0
2026-09-26 16:00:00,-0.050022032,0.45226676719653536,0.8199999816715717,10.509999765083194,0.022865562902185322,0.7537106380711237,0.776576200973309,1.1788209360579613,0.005493633158953499,8.0
2026-09-26 16:10:00,-0.050022032,0.45152117608649944,0.8199999816715717,10.509999765083194,0.022865562902185322,0.7537106380711237,0.776576200973309,1.1780753449479253,0.005493633158953499,8.0
2026-09-26 16:20:00,-0.050022032,0.4473981787671657,0.8199999816715717,10.509999765083194,0.022865562902185322,0.7537106380711237,0.776576200973309,1.1739523476285916,0.005493633158953499,8.0
2026-09-26 16:30:00,-0.050022032,0.43993608121620953,0.8199999816715717,10.509999765083194,0.022865562902185322,0.7537106380711237,0.776576200973309,1.1664902500776355,0.005493633158953499,8.0
2026-09-26 16:40:00,-0.050022032,0.42919454528446227,0.8199999816715717,10.509999765083194,0.022865562902185322,0.7537106380711237,0.776576200973309,1.1557487141458882,0.005493633158953499,8.0
2026-09-26 16:50:00,-0.050022032,0.4152533037304231,0.8199999816715717,10.509999765083194,0.022865562902185322,0.7537106380711237,0.776576200973309,1.141807472591849,0.005493633158953499,8.0
2026-09-26 17:00:00,-0.050022032,0.39821110686942784,0.8199999816715717,10.509999765083194,0.022865562902185322,0.7537106380711237,0.776576200973309,1.1247652757308537,0.005493633158953499,8.0
2026-09-26 17:10:00,-0.050022032,0.3781849659551805,0.8199999816715717,10.509999765083194,0.022865562902185322,0.7537106380711237,0.776576200973309,1.1047391348166062,0.005493633158953499,8.0
2026-09-26 17:20:00,-0.050022032,0.3553097099642879,0.8199999816715717,10.509999765083194,0.022865562902185322,0.7537106380711237,0.776576200973309,1.0818638788257138,0.005493633158953499,8.0
2026-09-26 17:30:00,-0.050022032,0.32973782256710016,0.8199999816715717,10.509999765083194,0.022865562902185322,0.7537106380711237,0.776576200973309,1.056291991428526,0.005493633158953499,8.0
2026-09-26 17:40:00,-0.050022032,0.301639480097013,0.8199999816715717,10.509999765083194,0.022865562902185322,0.7537106380711237,0.776576200973309,1.028193648958439,0.005493633158953499,8.0
2026-09-26 17:50:00,-0.050022032,0.2712026750112355,0.8199999816715717,10.509999765083194,0.022865562902185322,0.7537106380711237,0.776576200973309,0.9977568438726614,0.005493633158953499,8.0
2026-09-26 18:00:00,-0.050022032,0.23863328628811217,0.8099999818950891,11.139999751001596,0.024087956339333288,0.7940040234309346,0.8180919797702678,1.0067032339464967,0.005493633158953499,8.0
2026-09-26 18:10:00,-0.050022032,0.20415495173624432,0.8099999818950891,11.139999751001596,0.024087956339333288,0.7940040234309346,0.8180919797702678,0.972224899394629,0.005493633158953499,8.0
2026-09-26 18:20:00,-0.050022032,0.16800860752638172,0.8099999818950891,11.139999751001596,0.024087956339333288,0.7940040234309346,0.8180919797702678,0.9360785551847663,0.005493633158953499,8.0
2026-09-26 18:30:00,-0.050022032,0.13045158669192503,0.8099999818950891,11.139999751001596,0.024087956339333288,0.7940040234309346,0.8180919797702678,0.8985215343503097,0.005493633158953499,8.0
2026-09-26 18:40:00,-0.050022032,0.09175620783527336,0.8099999818950891,11.139999751001596,0.024087956339333288,0.7940040234309346,0.8180919797702678,0.859826155493658,0.005493633158953499,8.0
2026-09-26 18:50:00,-0.050022032,0.05220783324308803,0.8099999818950891,11.139999751001596,0.024087956339333288,0.7940040234309346,0.8180919797702678,0.8202777809014727,0.005493633158953499,8.0
2026-09-26 19:00:00,-0.050022032,0.012102427104675413,0.8099999818950891,11.139999751001596,0.024087956339333288,0.7940040234309346,0.8180919797702678,0.7801723747630601,0.005493633158953499,8.0
2026-09-26 19:10:00,-0.050022032,-0.02825630690083374,0.8099999818950891,11.139999751001596,0.024087956339333288,0.7940040234309346,0.8180919797702678,0.739813640757551,0.005493633158953499,8.0
2026-09-26 19:20:00,-0.050022032,-0.0685600883418897,0.8099999818950891,11.139999751001596,0.024087956339333288,0.7940040234309346,0.8180919797702678,0.699509859316495,0.005493633158953499,8.0
2026-09-26 19:30:00,-0.050022032,-0.10849937485564609,0.8099999818950891,11.139999751001596,0.024087956339333288,0.7940040234309346,0.8180919797702678,0.6595705728027386,0.005493633158953499,8.0
2026-09-26 19:40:00,-0.050022032,-0.1477666681584536,0.8099999818950891,11.139999751001596,0.024087956339333288,0.7940040234309346,0.8180919797702678,0.620303279499931,0.005493633158953499,8.0
2026-09-26 19:50:00,-0.050022032,-0.18605965522625398,0.8099999818950891,11.139999751001596,0.024087956339333288,0.7940040234309346,0.8180919797702678,0.5820102924321306,0.005493633158953499,8.0
2026-09-26 20:00:00,-0.050022032,-0.2230840498239101,0.8099999818950891,11.139999751001596,0.024087956339333288,0.7940040234309346,0.8180919797702678,0.5449858978344746,0.005493633158953499,8.0
2026-09-26 20:10:00,-0.050022032,-0.2585560349857469,0.8099999818950891,11.139999751001596,0.024087956339333288,0.7940040234309346,0.8180919797702678,0.5095139126726378,0.005493633158953499,8.0
2026-09-26 20:20:00,-0.050022032,-0.2922042526028285,0.8099999818950891,11.139999751001596,0.024087956339333288,0.7940040234309346,0.8180919797702678,0.47586569505555615,0.005493633158953499,8.0
2026-09-26 20:30:00,-0.050022032,-0.32377133648519296,0.8099999818950891,11.139999751001596,0.024087956339333288,0.7940040234309346,0.8180919797702678,0.4442986111731917,0.005493633158953499,8.0
2026-09-26 20:40:00,-0.050022032,-0.3530150348675142,0.8099999818950891,11.139999751001596,0.024087956339333288,0.7940040234309346,0.8180919797702678,0.4150549127908705,0.005493633158953499,8.0
2026-09-26 20:50:00,-0.050022032,-0.37970901095545884,0.8099999818950891,11.139999751001596,0.024087956339333288,0.7940040234309346,0.8180919797702678,0.3883609367029258,0.005493633158953499,8.0
2026-09-26 21:00:00,-0.050022032,-0.40364344154521875,0.8199999816715717,11.019999753683805,0.023975119237115337,0.7902846081392751,0.8142597273763905,0.3605942537192886,0.005493633158953499,8.0
2026-09-26 21:10:00,-0.050022032,-0.42462554963054205,0.8199999816715717,11.019999753683805,0.023975119237115337,0.7902846081392751,0.8142597273763905,0.3396121456339653,0.005493633158953499,8.0
2026-09-26 21:20:00,-0.050022032,-0.4424802059012536,0.8199999816715717,11.019999753683805,0.023975119237115337,0.7902846081392751,0.8142597273763905,0.32175748936325377,0.005493633158953499,8.0
2026-09-26 21:30:00,-0.050022032,-0.4570507156949168,0.8199999816715717,11.019999753683805,0.023975119237115337,0.7902846081392751,0.8142597273763905,0.3071869795695905,0.005493633158953499,8.0
2026-09-26 21:40:00,-0.050022032,-0.4681998745372038,0.8199999816715717,11.019999753683805,0.023975119237115337,0.7902846081392751,0.8142597273763905,0.29603782072730356,0.005493633158953499,8.0
2026-09-26 21:50:00,-0.050022032,-0.475811330467658,0.8199999816715717,11.019999753683805,0.023975119237115337,0.7902846081392751,0.8142597273763905,0.28842636479684935,0.005493633158953499,8.0
2026-09-26 22:00:00,-0.050022032,-0.4797912399439186,0.8199999816715717,11.019999753683805,0.023975119237115337,0.7902846081392751,0.8142597273763905,0.28444645532058876,0.005493633158953499,8.0
2026-09-26 22:10:00,-0.050022032,-0.4800701521547701,0.8199999816715717,11.019999753683805,0.023975119237115337,0.7902846081392751,0.8142597273763905,0.28416754310973724,0.005493633158953499,8.0
2026-09-26 22:20:00,-0.050022032,-0.47660500985902815,0.8199999816715717,11.019999753683805,0.023975119237115337,0.7902846081392751,0.8142597273763905,0.28763268540547915,0.005493633158953499,8.0
2026-09-26 22:30:00,-0.050022032,-0.46938111892352147,0.8199999816715717,11.019999753683805,0.023975119237115337,0.7902846081392751,0.8142597273763905,0.29485657634098583,0.005493633158953499,8.0
2026-09-26 22:40:00,-0.050022032,-0.4584139177517348,0.8199999816715717,11.019999753683805,0.023975119237115337,0.7902846081392751,0.8142597273763905,0.30582377751277257,0.005493633158953499,8.0
2026-09-26 22:50:00,-0.050022032,-0.44375037439931453,0.8199999816715717,11.019999753683805,0.023975119237115337,0.7902846081392751,0.8142597273763905,0.3204873208651928,0.005493633158953499,8.0
2026-09-26 23:00:00,-0.050022032,-0.42546985412566635,0.8199999816715717,11.019999753683805,0.023975119237115337,0.7902846081392751,0.8142597273763905,0.338767841138841,0.005493633158953499,8.0
2026-09-26 23:10:00,-0.050022032,-0.40368433203954923,0.8199999816715717,11.019999753683805,0.023975119237115337,0.7902846081392751,0.8142597273763905,0.3605533632249581,0.005493633158953499,8.0
2026-09-26 23:20:00,-0.050022032,-0.37853787120148574,0.8199999816715717,11.019999753683805,0.023975119237115337,0.7902846081392751,0.8142597273763905,0.3856998240630216,0.005493633158953499,8.0
2026-09-26 23:30:00,-0.050022032,-0.35020534143819637,0.8199999816715717,11.019999753683805,0.023975119237115337,0.7902846081392751,0.8142597273763905,0.414032353826311,0.005493633158953499,8.0
2026-09-26 23:40:00,-0.050022032,-0.3188904121961019,0.8199999816715717,11.019999753683805,0.023975119237115337,0.7902846081392751,0.8142597273763905,0.44534728306840543,0.005493633158953499,8.0
2026-09-26 23:50:00,-0.050022032,-0.2848229083566973,0.8199999816715717,11.019999753683805,0.023975119237115337,0.7902846081392751,0.8142597273763905,0.47941478690781003,0.005493633158953499,8.0
2026-09-27 00:00:00,-0.040476974,-0.24825566469014199,0.8299999814480543,10.87999975681305,0.02381443030122325,0.7849878673190165,0.8088022976202397,0.5200696588302232,0.005493633158953499,8.0
2026-09-27 00:10:00,-0.040476974,-0.20946104825729284,0.8299999814480543,10.87999975681305,0.02381443030122325,0.7849878673190165,0.8088022976202397,0.5588642752630724,0.005493633158953499,8.0
2026-09-27 00:20:00,-0.040476974,-0.16872733460970177,0.8299999814480543,10.87999975681305,0.02381443030122325,0.7849878673190165,0.8088022976202397,0.5995979889106634,0.005493633158953499,8.0
2026-09-27 00:30:00,-0.040476974,-0.1263551220047391,0.8299999814480543,10.87999975681305,0.02381443030122325,0.7849878673190165,0.8088022976202397,0.6419702015156261,0.005493633158953499,8.0
2026-09-27 00:40:00,-0.040476974,-0.08265394810329907,0.8299999814480543,10.87999975681305,0.02381443030122325,0.7849878673190165,0.8088022976202397,0.6856713754170661,0.005493633158953499,8.0
2026-09-27 00:50:00,-0.040476974,-0.03793923842951385,0.8299999814480543,10.87999975681305,0.02381443030122325,0.7849878673190165,0.8088022976202397,0.7303860850908513,0.005493633158953499,8.0
2026-09-27 01:00:00,-0.040476974,0.007470330807862661,0.8299999814480543,10.87999975681305,0.02381443030122325,0.7849878673190165,0.8088022976202397,0.7757956543282278,0.005493633158953499,8.0
2026-09-27 01:10:00,-0.040476974,0.05325502593844728,0.8299999814480543,10.87999975681305,0.02381443030122325,0.7849878673190165,0.8088022976202397,0.8215803494588125,0.005493633158953499,8.0
2026-09-27 01:20:00,-0.040476974,0.09909582852111838,0.8299999814480543,10.87999975681305,0.02381443030122325,0.7849878673190165,0.8088022976202397,0.8674211520414836,0.005493633158953499,8.0
2026-09-27 01:30:00,-0.040476974,0.14467585864574464,0.8299999814480543,10.87999975681305,0.02381443030122325,0.7849878673190165,0.8088022976202397,0.9130011821661098,0.005493633158953499,8.0
2026-09-27 01:40:00,-0.040476974,0.18968155667571104,0.8299999814480543,10.87999975681305,0.02381443030122325,0.7849878673190165,0.8088022976202397,0.9580068801960763,0.005493633158953499,8.0
2026-09-27 01:50:00,-0.040476974,0.2338037533954256,0.8299999814480543,10.87999975681305,0.02381443030122325,0.7849878673190165,0.8088022976202397,1.002129076915791,0.005493633158953499,8.0
2026-09-27 02:00:00,-0.040476974,0.27673876364084243,0.8299999814480543,10.87999975681305,0.02381443030122325,0.7849878673190165,0.8088022976202397,1.0450640871612076,0.005493633158953499,8.0
2026-09-27 02:10:00,-0.040476974,0.31818962642254883,0.8299999814480543,10.87999975681305,0.02381443030122325,0.7849878673190165,0.8088022976202397,1.086514949942914,0.005493633158953499,8.0
2026-09-27 02:20:00,-0.040476974,0.3578675869466074,0.8299999814480543,10.87999975681305,0.02381443030122325,0.7849878673190165,0.8088022976202397,1.1261929104669726,0.005493633158953499,8.0
2026-09-27 02:30:00,-0.040476974,0.3954938760379477,0.8299999814480543,10.87999975681305,0.02381443030122325,0.7849878673190165,0.8088022976202397,1.163819199558313,0.005493633158953499,8.0
2026-09-27 02:40:00,-0.040476974,0.4308017954598311,0.8299999814480543,10.87999975681305,0.02381443030122325,0.7849878673190165,0.8088022976202397,1.1991271189801962,0.005493633158953499,8.0
2026-09-27 02:50:00,-0.040476974,0.463539068474182,0.8299999814480543,10.87999975681305,0.02381443030122325,0.7849878673190165,0.8088022976202397,1.2318643919945473,0.005493633158953499,8.0
2026-09-27 03:00:00,-0.040476974,0.49347037014371525,0.8199999816715717,10.789999758824706,0.02347473108606847,0.7737904647752069,0.7972651958612753,1.2502585919051161,0.005493633158953499,8.0
2026-09-27 03:10:00,-0.040476974,0.5203799159454858,0.8199999816715717,10.789999758824706,0.02347473108606847,0.7737904647752069,0.7972651958612753,1.2771681377068866,0.005493633158953499,8.0
2026-09-27 03:20:00,-0.040476974,0.5440739650080145,0.8199999816715717,10.789999758824706,0.02347473108606847,0.7737904647752069,0.7972651958612753,1.3008621867694155,0.005493633158953499,8.0
2026-09-27 03:30:00,-0.040476974,0.5643830879058076,0.8199999816715717,10.789999758824706,0.02347473108606847,0.7737904647752069,0.7972651958612753,1.3211713096672084,0.005493633158953499,8.0
2026-09-27 03:40:00,-0.040476974,0.5811640595444695,0.8199999816715717,10.789999758824706,0.02347473108606847,0.7737904647752069,0.7972651958612753,1.3379522813058702,0.005493633158953499,8.0
2026-09-27 03:50:00,-0.040476974,0.5943012639106658,0.8199999816715717,10.789999758824706,0.02347473108606847,0.7737904647752069,0.7972651958612753,1.3510894856720665,0.005493633158953499,8.0
2026-09-27 04:00:00,-0.040476974,0.603707536510251,0.8199999816715717,10.789999758824706,0.02347473108606847,0.7737904647752069,0.7972651958612753,1.360495758271652,0.005493633158953499,8.0
2026-09-27 04:10:00,-0.040476974,0.6093244177512728,0.8199999816715717,10.789999758824706,0.02347473108606847,0.7737904647752069,0.7972651958612753,1.3661126395126737,0.005493633158953499,8.0
2026-09-27 04:20:00,-0.040476974,0.6111218409472192,0.8199999816715717,10.789999758824706,0.02347473108606847,0.7737904647752069,0.7972651958612753,1.36791006270862,0.005493633158953499,8.0
2026-09-27 04:30:00,-0.040476974,0.6090973263750131,0.8199999816715717,10.789999758824706,0.02347473108606847,0.7737904647752069,0.7972651958612753,1.365885548136414,0.005493633158953499,8.0
2026-09-27 04:40:00,-0.040476974,0.6032747924835374,0.8199999816715717,10.789999758824706,0.02347473108606847,0.7737904647752069,0.7972651958612753,1.3600630142449384,0.005493633158953499,8.0
2026-09-27 04:50:00,-0.040476974,0.5937031224220533,0.8199999816715717,10.789999758824706,0.02347473108606847,0.7737904647752069,0.7972651958612753,1.350491344183454,0.005493633158953499,8.0
2026-09-27 05:00:00,-0.040476974,0.5804546355379685,0.8199999816715717,10.789999758824706,0.02347473108606847,0.7737904647752069,0.7972651958612753,1.3372428572993693,0.005493633158953499,8.0
2026-09-27 05:10:00,-0.040476974,0.5636236080354396,0.8199999816715717,10.789999758824706,0.02347473108606847,0.7737904647752069,0.7972651958612753,1.3204118297968406,0.005493633158953499,8.0
2026-09-27 05:20:00,-0.040476974,0.5433249653044497,0.8199999816715717,10.789999758824706,0.02347473108606847,0.7737904647752069,0.7972651958612753,1.3001131870658504,0.005493633158953499,8.0
2026-09-27 05:30:00,-0.040476974,0.5196932330206824,0.8199999816715717,10.789999758824706,0.02347473108606847,0.7737904647752069,0.7972651958612753,1.276481454782083,0.005493633158953499,8.0
2026-09-27 05:40:00,-0.040476974,0.492881788919008,0.8199999816715717,10.789999758824706,0.02347473108606847,0.7737904647752069,0.7972651958612753,1.2496700106804088,0.005493633158953499,8.0
2026-09-27 05:50:00,-0.040476974,0.4630624076500345,0.8199999816715717,10.789999758824706,0.02347473108606847,0.7737904647752069,0.7972651958612753,1.2198506294114353,0.005493633158953499,8.0
2026-09-27 06:00:00,-0.040476974,0.4304250425538551,0.8099999818950891,10.68999976105988,0.023114923991694153,0.761930252286956,0.7850451762786501,1.1749932447326308,0.005493633158953499,8.0
2026-09-27 06:10:00,-0.040476974,0.39517774667613387,0.8099999818950891,10.68999976105988,0.023114923991694153,0.761930252286956,0.7850451762786501,1.1397459488549095,0.005493633158953499,8.0
2026-09-27 06:20:00,-0.040476974,0.357546605155452,0.8099999818950891,10.68999976105988,0.023114923991694153,0.761930252286956,0.7850451762786501,1.1021148073342277,0.005493633158953499,8.0
2026-09-27 06:30:00,-0.040476974,0.3177755362178401,0.8099999818950891,10.68999976105988,0.023114923991694153,0.761930252286956,0.7850451762786501,1.0623437383966157,0.005493633158953499,8.0
2026-09-27 06:40:00,-0.040476974,0.2761258198495346,0.8099999818950891,10.68999976105988,0.023114923991694153,0.761930252286956,0.7850451762786501,1.0206940220283103,0.005493633158953499,8.0
2026-09-27 06:50:00,-0.040476974,0.23287523193971613,0.8099999818950891,10.68999976105988,0.023114923991694153,0.761930252286956,0.7850451762786501,0.9774434341184918,0.005493633158953499,8.0
2026-09-27 07:00:00,-0.040476974,0.18831669513673546,0.8099999818950891,10.68999976105988,0.023114923991694153,0.761930252286956,0.7850451762786501,0.932884897315511,0.005493633158953499,8.0
2026-09-27 07:10:00,-0.040476974,0.14275640209034823,0.8099999818950891,10.68999976105988,0.023114923991694153,0.761930252286956,0.7850451762786501,0.8873246042691239,0.005493633158953499,8.0
2026-09-27 07:20:00,-0.040476974,0.09651141752234223,0.8099999818950891,10.68999976105988,0.023114923991694153,0.761930252286956,0.7850451762786501,0.8410796197011179,0.005493633158953499,8.0
2026-09-27 07:30:00,-0.040476974,0.0499068164321824,0.8099999818950891,10.68999976105988,0.023114923991694153,0.761930252286956,0.7850451762786501,0.794475018610958,0.005493633158953499,8.0
2026-09-27 07:40:00,-0.040476974,0.0032724617443755434,0.8099999818950891,10.68999976105988,0.023114923991694153,0.761930252286956,0.7850451762786501,0.7478406639231512,0.005493633158953499,8.0
2026-09-27 07:50:00,-0.040476974,-0.04306044008832997,0.8099999818950891,10.68999976105988,0.023114923991694153,0.761930252286956,0.7850451762786501,0.7015077620904456,0.005493633158953499,8.0
2026-09-27 08:00:00,-0.040476974,-0.08876284589172795,0.8099999818950891,10.68999976105988,0.023114923991694153,0.761930252286956,0.7850451762786501,0.6558053562870476,0.005493633158953499,8.0
2026-09-27 08:10:00,-0.040476974,-0.13351128117468716,0.8099999818950891,10.68999976105988,0.023114923991694153,0.761930252286956,0.7850451762786501,0.6110569210040885,0.005493633158953499,8.0
2026-09-27 08:20:00,-0.040476974,-0.17699099320199568,0.8099999818950891,10.68999976105988,0.023114923991694153,0.761930252286956,0.7850451762786501,0.5675772089767799,0.005493633158953499,8.0
2026-09-27 08:30:00,-0.040476974,-0.21889872946072444,0.8099999818950891,10.68999976105988,0.023114923991694153,0.761930252286956,0.7850451762786501,0.5256694727180512,0.005493633158953499,8.0
2026-09-27 08:40:00,-0.040476974,-0.2589450603707104,0.8099999818950891,10.68999976105988,0.023114923991694153,0.761930252286956,0.7850451762786501,0.4856231418080652,0.005493633158953499,8.0
2026-09-27 08:50:00,-0.040476974,-0.2968562138764263,0.8099999818950891,10.68999976105988,0.023114923991694153,0.761930252286956,0.7850451762786501,0.4477119883023493,0.005493633158953499,8.0
2026-09-27 09:00:00,-0.040476974,-0.332375440724305,0.7999999821186066,10.56999976374209,0.02271392753208961,0.748712327203471,0.7714262547355606,0.39857383991138107,0.005493633158953499,8.0
2026-09-27 09:10:00,-0.040476974,-0.3652639765397608,0.7999999821186066,10.56999976374209,0.02271392753208961,0.748712327203471,0.7714262547355606,0.3656853040959253,0.005493633158953499,8.0
2026-09-27 09:20:00,-0.040476974,-0.395301705304049,0.7999999821186066,10.56999976374209,0.02271392753208961,0.748712327203471,0.7714262547355606,0.3356475753316371,0.005493633158953499,8.0
2026-09-27 09:30:00,-0.040476974,-0.42228765365605336,0.7999999821186066,10.56999976374209,0.02271392753208961,0.748712327203471,0.7714262547355606,0.30866162697963273,0.005493633158953499,8.0
2026-09-27 09:40:00,-0.040476974,-0.4460404540602644,0.7999999821186066,10.56999976374209,0.02271392753208961,0.748712327203471,0.7714262547355606,0.2849088265754217,0.005493633158953499,8.0
2026-09-27 09:50:00,-0.040476974,-0.4663989059744968,0.7999999821186066,10.56999976374209,0.02271392753208961,0.748712327203471,0.7714262547355606,0.26455037466118925,0.005493633158953499,8.0
2026-09-27 10:00:00,-0.040476974,-0.48322273888855266,0.7999999821186066,10.56999976374209,0.02271392753208961,0.748712327203471,0.7714262547355606,0.2477265417471335,0.005493633158953499,8.0
2026-09-27 10:10:00,-0.040476974,-0.49639364212435655,0.7999999821186066,10.56999976374209,0.02271392753208961,0.748712327203471,0.7714262547355606,0.23455563851132955,0.005493633158953499,8.0
2026-09-27 10:20:00,-0.040476974,-0.5058165780988227,0.7999999821186066,10.56999976374209,0.02271392753208961,0.748712327203471,0.7714262547355606,0.22513270253686335,0.005493633158953499,8.0
2026-09-27 10:30:00,-0.040476974,-0.5114213437718267,0.7999999821186066,10.56999976374209,0.02271392753208961,0.748712327203471,0.7714262547355606,0.2195279368638594,0.005493633158953499,8.0
2026-09-27 10:40:00,-0.040476974,-0.5131642952002847,0.7999999821186066,10.56999976374209,0.02271392753208961,0.748712327203471,0.7714262547355606,0.21778498543540137,0.005493633158953499,8.0
2026-09-27 10:50:00,-0.040476974,-0.5110301082379359,0.7999999821186066,10.56999976374209,0.02271392753208961,0.748712327203471,0.7714262547355606,0.21991917239775016,0.005493633158953499,8.0
2026-09-27 11:00:00,-0.040476974,-0.5050334194082025,0.7999999821186066,10.56999976374209,0.02271392753208961,0.748712327203471,0.7714262547355606,0.22591586122748364,0.005493633158953499,8.0
2026-09-27 11:10:00,-0.040476974,-0.49522017830506465,0.7999999821186066,10.56999976374209,0.02271392753208961,0.748712327203471,0.7714262547355606,0.2357291023306214,0.005493633158953499,8.0
2026-09-27 11:20:00,-0.040476974,-0.4816685483334924,0.7999999821186066,10.56999976374209,0.02271392753208961,0.748712327203471,0.7714262547355606,0.24928073230219372,0.005493633158953499,8.0
2026-09-27 11:30:00,-0.040476974,-0.4644892158963351,0.7999999821186066,10.56999976374209,0.02271392753208961,0.748712327203471,0.7714262547355606,0.266460064739351,0.005493633158953499,8.0
2026-09-27 11:40:00,-0.040476974,-0.4438250069941242,0.7999999821186066,10.56999976374209,0.02271392753208961,0.748712327203471,0.7714262547355606,0.2871242736415619,0.005493633158953499,8.0
2026-09-27 11:50:00,-0.040476974,-0.41984976077866065,0.7999999821186066,10.56999976374209,0.02271392753208961,0.748712327203471,0.7714262547355606,0.31109951985702544,0.005493633158953499,8.0
2026-09-27 12:00:00,-0.040476974,-0.3927664664440576,0.7999999821186066,10.29999976977706,0.022133723139122326,0.7295872251840825,0.7517209483232048,0.3184775077792727,0.005493633158953499,8.0
2026-09-27 12:10:00,-0.040476974,-0.36280472719811074,0.7999999821186066,10.29999976977706,0.022133723139122326,0.7295872251840825,0.7517209483232048,0.34843924702521956,0.005493633158953499,8.0
2026-09-27 12:20:00,-0.040476974,-0.3302176666436442,0.7999999821186066,10.29999976977706,0.022133723139122326,0.7295872251840825,0.7517209483232048,0.3810263075796861,0.005493633158953499,8.0
2026-09-27 12:30:00,-0.040476974,-0.2952784335273368,0.7999999821186066,10.29999976977706,0.022133723139122326,0.7295872251840825,0.7517209483232048,0.4159655406959935,0.005493633158953499,8.0
2026-09-27 12:40:00,-0.040476974,-0.25827648607407705,0.7999999821186066,10.29999976977706,0.022133723139122326,0.7295872251840825,0.7517209483232048,0.45296748814925325,0.005493633158953499,8.0
2026-09-27 12:50:00,-0.040476974,-0.21951384456831494,0.7999999821186066,10.29999976977706,0.022133723139122326,0.7295872251840825,0.7517209483232048,0.4917301296550154,0.005493633158953499,8.0
2026-09-27 13:00:00,-0.040476974,-0.1793014898717724,0.7999999821186066,10.29999976977706,0.022133723139122326,0.7295872251840825,0.7517209483232048,0.5319424843515579,0.005493633158953499,8.0
2026-09-27 13:10:00,-0.040476974,-0.13795605747643847,0.7999999821186066,10.29999976977706,0.022133723139122326,0.7295872251840825,0.7517209483232048,0.5732879167468918,0.005493633158953499,8.0
2026-09-27 13:20:00,-0.040476974,-0.09579693495560063,0.7999999821186066,10.29999976977706,0.022133723139122326,0.7295872251840825,0.7517209483232048,0.6154470392677297,0.005493633158953499,8.0
2026-09-27 13:30:00,-0.040476974,-0.053143819725184026,0.7999999821186066,10.29999976977706,0.022133723139122326,0.7295872251840825,0.7517209483232048,0.6581001544981463,0.005493633158953499,8.0
2026-09-27 13:40:00,-0.040476974,-0.010314739892832266,0.7999999821186066,10.29999976977706,0.022133723139122326,0.7295872251840825,0.7517209483232048,0.700929234330498,0.005493633158953499,8.0
2026-09-27 13:50:00,-0.040476974,0.03237551073616986,0.7999999821186066,10.29999976977706,0.022133723139122326,0.7295872251840825,0.7517209483232048,0.7436194849595001,0.005493633158953499,8.0
2026-09-27 14:00:00,-0.040476974,0.07461661566984773,0.7999999821186066,10.29999976977706,0.022133723139122326,0.7295872251840825,0.7517209483232048,0.7858605898931781,0.005493633158953499,8.0
2026-09-27 14:10:00,-0.040476974,0.1161037794633018,0.7999999821186066,10.29999976977706,0.022133723139122326,0.7295872251840825,0.7517209483232048,0.827347753686632,0.005493633158953499,8.0
2026-09-27 14:20:00,-0.040476974,0.15653870918168875,0.7999999821186066,10.29999976977706,0.022133723139122326,0.7295872251840825,0.7517209483232048,0.8677826834050191,0.005493633158953499,8.0
2026-09-27 14:30:00,-0.040476974,0.19563066757013262,0.7999999821186066,10.29999976977706,0.022133723139122326,0.7295872251840825,0.7517209483232048,0.9068746417934629,0.005493633158953499,8.0
2026-09-27 14:40:00,-0.040476974,0.23309771217258063,0.7999999821186066,10.29999976977706,0.022133723139122326,0.7295872251840825,0.7517209483232048,0.9443416863959109,0.005493633158953499,8.0
2026-09-27 14:50:00,-0.040476974,0.26866820057306273,0.7999999821186066,10.29999976977706,0.022133723139122326,0.7295872251840825,0.7517209483232048,0.979912174796393,0.005493633158953499,8.0
2026-09-27 15:00:00,-0.040476974,0.3020825979326956,0.8199999816715717,10.049999775364995,0.021864786600091574,0.7207223513429868,0.7425871379430784,1.0041927617758994,0.005493633158953499,8.0
2026-09-27 15:10:00,-0.040476974,0.33309557398229894,0.8199999816715717,10.049999775364995,0.021864786600091574,0.7207223513429868,0.7425871379430784,1.0352057378255028,0.005493633158953499,8.0
2026-09-27 15:20:00,-0.040476974,0.3614783287058749,0.8199999816715717,10.049999775364995,0.021864786600091574,0.7207223513429868,0.7425871379430784,1.0635884925490788,0.005493633158953499,8.0
2026-09-27 15:30:00,-0.040476974,0.3870210443326856,0.8199999816715717,10.049999775364995,0.021864786600091574,0.7207223513429868,0.7425871379430784,1.0891312081758895,0.005493633158953499,8.0
2026-09-27 15:40:00,-0.040476974,0.40953533121333396,0.8199999816715717,10.049999775364995,0.021864786600091574,0.7207223513429868,0.7425871379430784,1.1116454950565378,0.005493633158953499,8.0
2026-09-27 15:50:00,-0.040476974,0.4288565198071909,0.8199999816715717,10.049999775364995,0.021864786600091574,0.7207223513429868,0.7425871379430784,1.1309666836503949,0.005493633158953499,8.0
2026-09-27 16:00:00,-0.040476974,0.444845652421782,0.8199999816715717,10.049999775364995,0.021864786600091574,0.7207223513429868,0.7425871379430784,1.146955816264986,0.005493633158953499,8.0
2026-09-27 16:10:00,-0.040476974,0.4573910463025635,0.8199999816715717,10.049999775364995,0.021864786600091574,0.7207223513429868,0.7425871379430784,1.1595012101457673,0.005493633158953499,8.0
2026-09-27 16:20:00,-0.040476974,0.46640933211697055,0.8199999816715717,10.049999775364995,0.021864786600091574,0.7207223513429868,0.7425871379430784,1.1685194959601746,0.005493633158953499,8.0
2026-09-27 16:30:00,-0.040476974,0.47184591524651026,0.8199999816715717,10.049999775364995,0.021864786600091574,0.7207223513429868,0.7425871379430784,1.173956079089714,0.005493633158953499,8.0
2026-09-27 16:40:00,-0.040476974,0.47367485655227615,0.8199999816715717,10.049999775364995,0.021864786600091574,0.7207223513429868,0.7425871379430784,1.17578502039548,0.005493633158953499,8.0
2026-09-27 16:50:00,-0.040476974,0.47189821892233375,0.8199999816715717,10.049999775364995,0.021864786600091574,0.7207223513429868,0.7425871379430784,1.1740083827655377,0.005493633158953499,8.0
2026-09-27 17:00:00,-0.040476974,0.4665449702355522,0.8199999816715717,10.049999775364995,0.021864786600091574,0.7207223513429868,0.7425871379430784,1.168655134078756,0.005493633158953499,8.0
2026-09-27 17:10:00,-0.040476974,0.4576695674039718,0.8199999816715717,10.049999775364995,0.021864786600091574,0.7207223513429868,0.7425871379430784,1.1597797312471756,0.005493633158953499,8.0
2026-09-27 17:20:00,-0.040476974,0.4453503660054522,0.8199999816715717,10.049999775364995,0.021864786600091574,0.7207223513429868,0.7425871379430784,1.1474605298486562,0.005493633158953499,8.0
2026-09-27 17:30:00,-0.040476974,0.4296880034781955,0.8199999816715717,10.049999775364995,0.021864786600091574,0.7207223513429868,0.7425871379430784,1.1317981673213995,0.005493633158953499,8.0
2026-09-27 17:40:00,-0.040476974,0.41080389052535715,0.8199999816715717,10.049999775364995,0.021864786600091574,0.7207223513429868,0.7425871379430784,1.1129140543685612,0.005493633158953499,8.0
2026-09-27 17:50:00,-0.040476974,0.3888389168583964,0.8199999816715717,10.049999775364995,0.021864786600091574,0.7207223513429868,0.7425871379430784,1.0909490807016002,0.005493633158953499,8.0
2026-09-27 18:00:00,-0.040476974,0.36395243697070206,0.8599999807775021,9.879999779164791,0.022012959028327204,0.7256065143048945,0.7476194733332218,1.0710949362040494,0.005493633158953499,8.0
2026-09-27 18:10:00,-0.040476974,0.3363215539036483,0.8599999807775021,9.879999779164791,0.022012959028327204,0.7256065143048945,0.7476194733332218,1.0434640531369956,0.005493633158953499,8.0
2026-09-27 18:20:00,-0.040476974,0.30614066950543,0.8599999807775021,9.879999779164791,0.022012959028327204,0.7256065143048945,0.7476194733332218,1.0132831687387773,0.005493633158953499,8.0
2026-09-27 18:30:00,-0.040476974,0.27362122416284773,0.8599999807775021,9.879999779164791,0.022012959028327204,0.7256065143048945,0.7476194733332218,0.980763723396195,0.005493633158953499,8.0
2026-09-27 18:40:00,-0.040476974,0.2389915126395912,0.8599999807775021,9.879999779164791,0.022012959028327204,0.7256065143048945,0.7476194733332218,0.9461340118729384,0.005493633158953499,8.0
2026-09-27 18:50:00,-0.040476974,0.20249643982841822,0.8599999807775021,9.879999779164791,0.022012959028327204,0.7256065143048945,0.7476194733332218,0.9096389390617655,0.005493633158953499,8.0
2026-09-27 19:00:00,-0.040476974,0.16439707355293148,0.8599999807775021,9.879999779164791,0.022012959028327204,0.7256065143048945,0.7476194733332218,0.8715395727862787,0.005493633158953499,8.0
2026-09-27 19:10:00,-0.040476974,0.12496986190473294,0.8599999807775021,9.879999779164791,0.022012959028327204,0.7256065143048945,0.7476194733332218,0.8321123611380802,0.005493633158953499,8.0
2026-09-27 19:20:00,-0.040476974,0.08450540907876229,0.8599999807775021,9.879999779164791,0.022012959028327204,0.7256065143048945,0.7476194733332218,0.7916479083121095,0.005493633158953499,8.0
2026-09-27 19:30:00,-0.040476974,0.043306743160406905,0.8599999807775021,9.879999779164791,0.022012959028327204,0.7256065143048945,0.7476194733332218,0.7504492423937542,0.005493633158953499,8.0
2026-09-27 19:40:00,-0.040476974,0.0016870577434610968,0.8599999807775021,9.879999779164791,0.022012959028327204,0.7256065143048945,0.7476194733332218,0.7088295569768084,0.005493633158953499,8.0
2026-09-27 19:50:00,-0.040476974,-0.040033039078709025,0.8599999807775021,9.879999779164791,0.022012959028327204,0.7256065143048945,0.7476194733332218,0.6671094601546382,0.005493633158953499,8.0
2026-09-27 20:00:00,-0.040476974,-0.0815286853404903,0.8599999807775021,9.879999779164791,0.022012959028327204,0.7256065143048945,0.7476194733332218,0.625613813892857,0.005493633158953499,8.0
2026-09-27 20:10:00,-0.040476974,-0.12247421106336515,0.8599999807775021,9.879999779164791,0.022012959028327204,0.7256065143048945,0.7476194733332218,0.5846682881699821,0.005493633158953499,8.0
2026-09-27 20:20:00,-0.040476974,-0.16254671599390225,0.8599999807775021,9.879999779164791,0.022012959028327204,0.7256065143048945,0.7476194733332218,0.544595783239445,0.005493633158953499,8.0
2026-09-27 20:30:00,-0.040476974,-0.2014296127767657,0.8599999807775021,9.879999779164791,0.022012959028327204,0.7256065143048945,0.7476194733332218,0.5057128864565816,0.005493633158953499,8.0
2026-09-27 20:40:00,-0.040476974,-0.2388159733272301,0.8599999807775021,9.879999779164791,0.022012959028327204,0.7256065143048945,0.7476194733332218,0.4683265259061172,0.005493633158953499,8.0
2026-09-27 20:50:00,-0.040476974,-0.2744115371006874,0.8599999807775021,9.879999779164791,0.022012959028327204,0.7256065143048945,0.7476194733332218,0.4327309621326599,0.005493633158953499,8.0
2026-09-27 21:00:00,-0.040476974,-0.3079372754008493,0.909999979659915,9.759999781847,0.022368804243059263,0.7373361325521068,0.7597049367951662,0.41129068729444235,0.005493633158953499,8.0
2026-09-27 21:10:00,-0.040476974,-0.33913145167355047,0.909999979659915,9.759999781847,0.022368804243059263,0.7373361325521068,0.7597049367951662,0.3800965110217412,0.005493633158953499,8.0
2026-09-27 21:20:00,-0.040476974,-0.3677511688619635,0.909999979659915,9.759999781847,0.022368804243059263,0.7373361325521068,0.7597049367951662,0.35147679383332814,0.005493633158953499,8.0
2026-09-27 21:30:00,-0.040476974,-0.3935734453742461,0.909999979659915,9.759999781847,0.022368804243059263,0.7373361325521068,0.7597049367951662,0.32565451732104556,0.005493633158953499,8.0
2026-09-27 21:40:00,-0.040476974,-0.4163959055458502,0.909999979659915,9.759999781847,0.022368804243059263,0.7373361325521068,0.7597049367951662,0.30283205714944145,0.005493633158953499,8.0
2026-09-27 21:50:00,-0.040476974,-0.43603720339833724,0.909999979659915,9.759999781847,0.022368804243059263,0.7373361325521068,0.7597049367951662,0.2831907592969544,0.005493633158953499,8.0
2026-09-27 22:00:00,-0.040476974,-0.4523373164197526,0.909999979659915,9.759999781847,0.022368804243059263,0.7373361325521068,0.7597049367951662,0.26689064627553905,0.005493633158953499,8.0
2026-09-27 22:10:00,-0.040476974,-0.46515784690996936,0.909999979659915,9.759999781847,0.022368804243059263,0.7373361325521068,0.7597049367951662,0.25407011578532235,0.005493633158953499,8.0
2026-09-27 22:20:00,-0.040476974,-0.4743824519792401,0.909999979659915,9.759999781847,0.022368804243059263,0.7373361325521068,0.7597049367951662,0.24484551071605154,0.005493633158953499,8.0
2026-09-27 22:30:00,-0.040476974,-0.47991749152629803,0.909999979659915,9.759999781847,0.022368804243059263,0.7373361325521068,0.7597049367951662,0.23931047116899362,0.005493633158953499,8.0
2026-09-27 22:40:00,-0.040476974,-0.48169293993377255,0.909999979659915,9.759999781847,0.022368804243059263,0.7373361325521068,0.7597049367951662,0.23753502276151905,0.005493633158953499,8.0
2026-09-27 22:50:00,-0.040476974,-0.47966355686065726,0.909999979659915,9.759999781847,0.022368804243059263,0.7373361325521068,0.7597049367951662,0.23956440583463434,0.005493633158953499,8.0
2026-09-27 23:00:00,-0.040476974,-0.4738102611163087,0.909999979659915,9.759999781847,0.022368804243059263,0.7373361325521068,0.7597049367951662,0.24541770157898302,0.005493633158953499,8.0
2026-09-27 23:10:00,-0.040476974,-0.4641416051016408,0.909999979659915,9.759999781847,0.022368804243059263,0.7373361325521068,0.7597049367951662,0.25508635759365084,0.005493633158953499,8.0
2026-09-27 23:20:00,-0.040476974,-0.45069521114022626,0.909999979659915,9.759999781847,0.022368804243059263,0.7373361325521068,0.7597049367951662,0.2685327515550654,0.005493633158953499,8.0
2026-09-27 23:30:00,-0.040476974,-0.4335390095006316,0.909999979659915,9.759999781847,0.022368804243059263,0.7373361325521068,0.7597049367951662,0.28568895319466003,0.005493633158953499,8.0
2026-09-27 23:40:00,-0.040476974,-0.41277211373439926,0.909999979659915,9.759999781847,0.022368804243059263,0.7373361325521068,0.7597049367951662,0.3064558489608924,0.005493633158953499,8.0
2026-09-27 23:50:00,-0.040476974,-0.38852518293041594,0.909999979659915,9.759999781847,0.022368804243059263,0.7373361325521068,0.7597049367951662,0.3307027797648757,0.005493633158953499,8.0
2026-09-28 00:00:00,-0.028764902,-0.36096015137007803,0.9499999787658453,9.669999783858657,0.02264438508453558,0.7464200205262552,0.7690644056107908,0.3793393525579783,0.005493633158953499,8.0
2026-09-28 00:10:00,-0.028764902,-0.3302692507988995,0.9499999787658453,9.669999783858657,0.02264438508453558,0.7464200205262552,0.7690644056107908,0.4100302531291568,0.005493633158953499,8.0
2026-09-28 00:20:00,-0.028764902,-0.2966733044464235,0.9499999787658453,9.669999783858657,0.02264438508453558,0.7464200205262552,0.7690644056107908,0.44362619948163284,0.005493633158953499,8.0
2026-09-28 00:30:00,-0.028764902,-0.26041932934680273,0.9499999787658453,9.669999783858657,0.02264438508453558,0.7464200205262552,0.7690644056107908,0.4798801745812536,0.005493633158953499,8.0
2026-09-28 00:40:00,-0.028764902,-0.2217775383667233,0.9499999787658453,9.669999783858657,0.02264438508453558,0.7464200205262552,0.7690644056107908,0.518521965561333,0.005493633158953499,8.0
2026-09-28 00:50:00,-0.028764902,-0.18103787983535707,0.9499999787658453,9.669999783858657,0.02264438508453558,0.7464200205262552,0.7690644056107908,0.5592616240926993,0.005493633158953499,8.0
2026-09-28 01:00:00,-0.028764902,-0.138506285872614,0.9499999787658453,9.669999783858657,0.02264438508453558,0.7464200205262552,0.7690644056107908,0.6017932180554424,0.005493633158953499,8.0
2026-09-28 01:10:00,-0.028764902,-0.09450081691281557,0.9499999787658453,9.669999783858657,0.02264438508453558,0.7464200205262552,0.7690644056107908,0.6457986870152408,0.005493633158953499,8.0
2026-09-28 01:20:00,-0.028764902,-0.04934788805771744,0.9499999787658453,9.669999783858657,0.02264438508453558,0.7464200205262552,0.7690644056107908,0.6909516158703388,0.005493633158953499,8.0
2026-09-28 01:30:00,-0.028764902,-0.0033787429024755684,0.9499999787658453,9.669999783858657,0.02264438508453558,0.7464200205262552,0.7690644056107908,0.7369207610255808,0.005493633158953499,8.0
2026-09-28 01:40:00,-0.028764902,0.04307369507303209,0.9499999787658453,9.669999783858657,0.02264438508453558,0.7464200205262552,0.7690644056107908,0.7833731990010884,0.005493633158953499,8.0
2026-09-28 01:50:00,-0.028764902,0.0896775106630664,0.9499999787658453,9.669999783858657,0.02264438508453558,0.7464200205262552,0.7690644056107908,0.8299770145911227,0.005493633158953499,8.0
2026-09-28 02:00:00,-0.028764902,0.13610399539384493,0.9499999787658453,9.669999783858657,0.02264438508453558,0.7464200205262552,0.7690644056107908,0.8764034993219012,0.005493633158953499,8.0
2026-09-28 02:10:00,-0.028764902,0.1820293810125874,0.9499999787658453,9.669999783858657,0.02264438508453558,0.7464200205262552,0.7690644056107908,0.9223288849406437,0.005493633158953499,8.0
2026-09-28 02:20:00,-0.028764902,0.22713618129997573,0.9499999787658453,9.669999783858657,0.02264438508453558,0.7464200205262552,0.7690644056107908,0.967435685228032,0.005493633158953499,8.0
2026-09-28 02:30:00,-0.028764902,0.2711142533919357,0.9499999787658453,9.669999783858657,0.02264438508453558,0.7464200205262552,0.7690644056107908,1.011413757319992,0.005493633158953499,8.0
2026-09-28 02:40:00,-0.028764902,0.3136617128828009,0.9499999787658453,9.669999783858657,0.02264438508453558,0.7464200205262552,0.7690644056107908,1.0539612168108572,0.005493633158953499,8.0
2026-09-28 02:50:00,-0.028764902,0.3544858431018729,0.9499999787658453,9.669999783858657,0.02264438508453558,0.7464200205262552,0.7690644056107908,1.0947853470299291,0.005493633158953499,8.0
2026-09-28 03:00:00,-0.028764902,0.3933041276802828,0.9899999778717756,5.689999872818589,0.013601979586760564,0.4483579414696105,0.46195992105637107,0.8264991470539194,0.005493633158953499,8.0
2026-09-28 03:10:00,-0.028764902,0.42984550835031987,0.9899999778717756,5.689999872818589,0.013601979586760564,0.4483579414696105,0.46195992105637107,0.8630405277239565,0.005493633158953499,8.0
2026-09-28 03:20:00,-0.028764902,0.46385193030334054,0.9899999778717756,5.689999872818589,0.013601979586760564,0.4483579414696105,0.46195992105637107,0.8970469496769771,0.005493633158953499,8.0
2026-09-28 03:30:00,-0.028764902,0.49508019006863335,0.9899999778717756,5.689999872818589,0.013601979586760564,0.4483579414696105,0.46195992105637107,0.9282752094422699,0.005493633158953499,8.0
2026-09-28 03:40:00,-0.028764902,0.5233040513167139,0.9899999778717756,5.689999872818589,0.013601979586760564,0.4483579414696105,0.46195992105637107,0.9564990706903505,0.005493633158953499,8.0
2026-09-28 03:50:00,-0.028764902,0.5483165480317093,0.9899999778717756,5.689999872818589,0.013601979586760564,0.4483579414696105,0.46195992105637107,0.9815115674053458,0.005493633158953499,8.0
2026-09-28 04:00:00,-0.028764902,0.5699323574836866,0.9899999778717756,5.689999872818589,0.013601979586760564,0.4483579414696105,0.46195992105637107,1.0031273768573232,0.005493633158953499,8.0
2026-09-28 04:10:00,-0.028764902,0.5879901016563299,0.9899999778717756,5.689999872818589,0.013601979586760564,0.4483579414696105,0.46195992105637107,1.0211851210299665,0.005493633158953499,8.0
2026-09-28 04:20:00,-0.028764902,0.6023544279147331,0.9899999778717756,5.689999872818589,0.013601979586760564,0.4483579414696105,0.46195992105637107,1.0355494472883697,0.005493633158953499,8.0
2026-09-28 04:30:00,-0.028764902,0.6129177287766201,0.9899999778717756,5.689999872818589,0.013601979586760564,0.4483579414696105,0.46195992105637107,1.0461127481502568,0.005493633158953499,8.0
2026-09-28 04:40:00,-0.028764902,0.6196013855179976,0.9899999778717756,5.689999872818589,0.013601979586760564,0.4483579414696105,0.46195992105637107,1.0527964048916343,0.005493633158953499,8.0
2026-09-28 04:50:00,-0.028764902,0.6223564582537136,0.9899999778717756,5.689999872818589,0.013601979586760564,0.4483579414696105,0.46195992105637107,1.05555147762735,0.005493633158953499,8.0
2026-09-28 05:00:00,-0.028764902,0.6211637917382021,0.9899999778717756,5.689999872818589,0.013601979586760564,0.4483579414696105,0.46195992105637107,1.0543588111118387,0.005493633158953499,8.0
2026-09-28 05:10:00,-0.028764902,0.6160335560976699,0.9899999778717756,5.689999872818589,0.013601979586760564,0.4483579414696105,0.46195992105637107,1.0492285754713064,0.005493633158953499,8.0
2026-09-28 05:20:00,-0.028764902,0.6070042893855423,0.9899999778717756,5.689999872818589,0.013601979586760564,0.4483579414696105,0.46195992105637107,1.040199308759179,0.005493633158953499,8.0
2026-09-28 05:30:00,-0.028764902,0.5941415488021247,0.9899999778717756,5.689999872818589,0.013601979586760564,0.4483579414696105,0.46195992105637107,1.0273365681757611,0.005493633158953499,8.0
2026-09-28 05:40:00,-0.028764902,0.5775363051092034,0.9899999778717756,5.689999872818589,0.013601979586760564,0.4483579414696105,0.46195992105637107,1.01073132448284,0.005493633158953499,8.0
2026-09-28 05:50:00,-0.028764902,0.5573032270924977,0.9899999778717756,5.689999872818589,0.013601979586760564,0.4483579414696105,0.46195992105637107,0.9904982464661343,0.005493633158953499,8.0
2026-09-28 06:00:00,-0.028764902,0.5335789984840201,1.029999976977706,17.139999616891146,0.0417928208206806,1.3776041194479762,1.4193969402686568,1.9242110370699423,0.005493633158953499,8.0
2026-09-28 06:10:00,-0.028764902,0.5065207891356039,1.029999976977706,17.139999616891146,0.0417928208206806,1.3776041194479762,1.4193969402686568,1.8971528277215262,0.005493633158953499,8.0
2026-09-28 06:20:00,-0.028764902,0.47630496784061677,1.029999976977706,17.139999616891146,0.0417928208206806,1.3776041194479762,1.4193969402686568,1.8669370064265391,0.005493633158953499,8.0
2026-09-28 06:30:00,-0.028764902,0.44312609997018726,1.029999976977706,17.139999616891146,0.0417928208206806,1.3776041194479762,1.4193969402686568,1.8337581385561097,0.005493633158953499,8.0
2026-09-28 06:40:00,-0.028764902,0.4071962242610478,1.029999976977706,17.139999616891146,0.0417928208206806,1.3776041194479762,1.4193969402686568,1.7978282628469702,0.005493633158953499,8.0
2026-09-28 06:50:00,-0.028764902,0.3687443551649285,1.029999976977706,17.139999616891146,0.0417928208206806,1.3776041194479762,1.4193969402686568,1.7593763937508509,0.005493633158953499,8.0
2026-09-28 07:00:00,-0.028764902,0.3280161159089037,1.029999976977706,17.139999616891146,0.0417928208206806,1.3776041194479762,1.4193969402686568,1.718648154494826,0.005493633158953499,8.0
2026-09-28 07:10:00,-0.028764902,0.2852733774445683,1.029999976977706,17.139999616891146,0.0417928208206806,1.3776041194479762,1.4193969402686568,1.6759054160304907,0.005493633158953499,8.0
2026-09-28 07:20:00,-0.028764902,0.2407937635672511,1.029999976977706,17.139999616891146,0.0417928208206806,1.3776041194479762,1.4193969402686568,1.6314258021531733,0.005493633158953499,8.0
2026-09-28 07:30:00,-0.028764902,0.19486988427955973,1.029999976977706,17.139999616891146,0.0417928208206806,1.3776041194479762,1.4193969402686568,1.585501922865482,0.005493633158953499,8.0
2026-09-28 07:40:00,-0.028764902,0.14780817813940123,1.029999976977706,17.139999616891146,0.0417928208206806,1.3776041194479762,1.4193969402686568,1.5384402167253235,0.005493633158953499,8.0
2026-09-28 07:50:00,-0.028764902,0.09992727774420171,1.029999976977706,17.139999616891146,0.0417928208206806,1.3776041194479762,1.4193969402686568,1.490559316330124,0.005493633158953499,8.0
2026-09-28 08:00:00,-0.028764902,0.05155585709053786,1.029999976977706,17.139999616891146,0.0417928208206806,1.3776041194479762,1.4193969402686568,1.4421878956764602,0.005493633158953499,8.0
2026-09-28 08:10:00,-0.028764902,0.00302997041757378,1.029999976977706,17.139999616891146,0.0417928208206806,1.3776041194479762,1.4193969402686568,1.3936620090034961,0.005493633158953499,8.0
2026-09-28 08:20:00,-0.028764902,-0.04531005651197976,1.029999976977706,17.139999616891146,0.0417928208206806,1.3776041194479762,1.4193969402686568,1.3453219820739426,0.005493633158953499,8.0
2026-09-28 08:30:00,-0.028764902,-0.09312307542436347,1.029999976977706,17.139999616891146,0.0417928208206806,1.3776041194479762,1.4193969402686568,1.2975089631615588,0.005493633158953499,8.0
2026-09-28 08:40:00,-0.028764902,-0.14007076176773334,1.029999976977706,17.139999616891146,0.0417928208206806,1.3776041194479762,1.4193969402686568,1.250561276818189,0.005493633158953499,8.0
2026-09-28 08:50:00,-0.028764902,-0.18582129353385035,1.029999976977706,17.139999616891146,0.0417928208206806,1.3776041194479762,1.4193969402686568,1.204810745052072,0.005493633158953499,8.0
2026-09-28 09:00:00,-0.028764902,-0.23005289344955102,1.0499999765306711,17.759999603033066,0.04372299125545952,1.4412277440316594,1.484950735287119,1.2261329401548333,0.005493633158953499,8.0
2026-09-28 09:10:00,-0.028764902,-0.27245707799591684,1.0499999765306711,17.759999603033066,0.04372299125545952,1.4412277440316594,1.484950735287119,1.1837287556084677,0.005493633158953499,8.0
2026-09-28 09:20:00,-0.028764902,-0.31274148540596075,1.0499999765306711,17.759999603033066,0.04372299125545952,1.4412277440316594,1.484950735287119,1.1434443481984238,0.005493633158953499,8.0
2026-09-28 09:30:00,-0.028764902,-0.35063219628925846,1.0499999765306711,17.759999603033066,0.04372299125545952,1.4412277440316594,1.484950735287119,1.105553637315126,0.005493633158953499,8.0
2026-09-28 09:40:00,-0.028764902,-0.38587551004402165,1.0499999765306711,17.759999603033066,0.04372299125545952,1.4412277440316594,1.484950735287119,1.0703103235603628,0.005493633158953499,8.0
2026-09-28 09:50:00,-0.028764902,-0.4182391924263352,1.0499999765306711,17.759999603033066,0.04372299125545952,1.4412277440316594,1.484950735287119,1.0379466411780491,0.005493633158953499,8.0
2026-09-28 10:00:00,-0.028764902,-0.44751325841603107,1.0499999765306711,17.759999603033066,0.04372299125545952,1.4412277440316594,1.484950735287119,1.0086725751883534,0.005493633158953499,8.0
2026-09-28 10:10:00,-0.028764902,-0.4735103946239184,1.0499999765306711,17.759999603033066,0.04372299125545952,1.4412277440316594,1.484950735287119,0.982675438980466,0.005493633158953499,8.0
2026-09-28 10:20:00,-0.028764902,-0.4960661522105661,1.0499999765306711,17.759999603033066,0.04372299125545952,1.4412277440316594,1.484950735287119,0.9601196813938184,0.005493633158953499,8.0
2026-09-28 10:30:00,-0.028764902,-0.5150390517682576,1.0499999765306711,17.759999603033066,0.04372299125545952,1.4412277440316594,1.484950735287119,0.9411467818361269,0.005493633158953499,8.0
2026-09-28 10:40:00,-0.028764902,-0.5303107346382684,1.0499999765306711,17.759999603033066,0.04372299125545952,1.4412277440316594,1.484950735287119,0.9258750989661161,0.005493633158953499,8.0
2026-09-28 10:50:00,-0.028764902,-0.5417862715070235,1.0499999765306711,17.759999603033066,0.04372299125545952,1.4412277440316594,1.484950735287119,0.914399562097361,0.005493633158953499,8.0
2026-09-28 11:00:00,-0.028764902,-0.549394701601761,1.0499999765306711,17.759999603033066,0.04372299125545952,1.4412277440316594,1.484950735287119,0.9067911320026235,0.005493633158953499,8.0
2026-09-28 11:10:00,-0.028764902,-0.5530898286315585,1.0499999765306711,17.759999603033066,0.04372299125545952,1.4412277440316594,1.484950735287119,0.9030960049728259,0.005493633158953499,8.0
2026-09-28 11:20:00,-0.028764902,-0.5528512482725779,1.0499999765306711,17.759999603033066,0.04372299125545952,1.4412277440316594,1.484950735287119,0.9033345853318065,0.005493633158953499,8.0
2026-09-28 11:30:00,-0.028764902,-0.5486855323585815,1.0499999765306711,17.759999603033066,0.04372299125545952,1.4412277440316594,1.484950735287119,0.9075003012458029,0.005493633158953499,8.0
2026-09-28 11:40:00,-0.028764902,-0.5406274527949184,1.0499999765306711,17.759999603033066,0.04372299125545952,1.4412277440316594,1.484950735287119,0.915558380809466,0.005493633158953499,8.0
2026-09-28 11:50:00,-0.028764902,-0.5287410985448218,1.0499999765306711,17.759999603033066,0.04372299125545952,1.4412277440316594,1.484950735287119,0.9274447350595627,0.005493633158953499,8.0
2026-09-28 12:00:00,-0.028764902,-0.5131207254014738,1.0599999763071537,17.54999960772693,0.043411251721538285,1.4309519680086116,1.47436321973015,0.9324775926459417,0.005493633158953499,8.0
2026-09-28 12:10:00,-0.028764902,-0.49389118252740866,1.0599999763071537,17.54999960772693,0.043411251721538285,1.4309519680086116,1.47436321973015,0.9517071355200069,0.005493633158953499,8.0
2026-09-28 12:20:00,-0.028764902,-0.4712077817386479,1.0599999763071537,17.54999960772693,0.043411251721538285,1.4309519680086116,1.47436321973015,0.9743905363087675,0.005493633158953499,8.0
2026-09-28 12:30:00,-0.028764902,-0.4452555130530249,1.0599999763071537,17.54999960772693,0.043411251721538285,1.4309519680086116,1.47436321973015,1.0003428049943905,0.005493633158953499,8.0
2026-09-28 12:40:00,-0.028764902,-0.41624755936818697,1.0599999763071537,17.54999960772693,0.043411251721538285,1.4309519680086116,1.47436321973015,1.0293507586792285,0.005493633158953499,8.0
2026-09-28 12:50:00,-0.028764902,-0.38442311886334424,1.0599999763071537,17.54999960772693,0.043411251721538285,1.4309519680086116,1.47436321973015,1.0611751991840712,0.005493633158953499,8.0
2026-09-28 13:00:00,-0.028764902,-0.3500446002059859,1.0599999763071537,17.54999960772693,0.043411251721538285,1.4309519680086116,1.47436321973015,1.0955537178414296,0.005493633158953499,8.0
2026-09-28 13:10:00,-0.028764902,-0.3133943065284774,1.0599999763071537,17.54999960772693,0.043411251721538285,1.4309519680086116,1.47436321973015,1.132204011518938,0.005493633158953499,8.0
2026-09-28 13:20:00,-0.028764902,-0.27477076423656377,1.0599999763071537,17.54999960772693,0.043411251721538285,1.4309519680086116,1.47436321973015,1.1708275538108517,0.005493633158953499,8.0
2026-09-28 13:30:00,-0.028764902,-0.234484877661369,1.0599999763071537,17.54999960772693,0.043411251721538285,1.4309519680086116,1.47436321973015,1.2111134403860464,0.005493633158953499,8.0
2026-09-28 13:40:00,-0.028764902,-0.19285609772432094,1.0599999763071537,17.54999960772693,0.043411251721538285,1.4309519680086116,1.47436321973015,1.2527422203230945,0.005493633158953499,8.0
2026-09-28 13:50:00,-0.028764902,-0.15020878160542459,1.0599999763071537,17.54999960772693,0.043411251721538285,1.4309519680086116,1.47436321973015,1.295389536441991,0.005493633158953499,8.0
2026-09-28 14:00:00,-0.028764902,-0.10686889203997486,1.0599999763071537,17.54999960772693,0.043411251721538285,1.4309519680086116,1.47436321973015,1.3387294260074407,0.005493633158953499,8.0
2026-09-28 14:10:00,-0.028764902,-0.06316114280613538,1.0599999763071537,17.54999960772693,0.043411251721538285,1.4309519680086116,1.47436321973015,1.38243717524128,0.005493633158953499,8.0
2026-09-28 14:20:00,-0.028764902,-0.01940664552607501,1.0599999763071537,17.54999960772693,0.043411251721538285,1.4309519680086116,1.47436321973015,1.4261916725213404,0.005493633158953499,8.0
2026-09-28 14:30:00,-0.028764902,0.02407894182881428,1.0599999763071537,17.54999960772693,0.043411251721538285,1.4309519680086116,1.47436321973015,1.4696772598762298,0.005493633158953499,8.0
2026-09-28 14:40:00,-0.028764902,0.06698681677425956,1.0599999763071537,17.54999960772693,0.043411251721538285,1.4309519680086116,1.47436321973015,1.512585134821675,0.005493633158953499,8.0
2026-09-28 14:50:00,-0.028764902,0.10901608060044483,1.0599999763071537,17.54999960772693,0.043411251721538285,1.4309519680086116,1.47436321973015,1.5546143986478602,0.005493633158953499,8.0
2026-09-28 15:00:00,-0.028764902,0.1498745605674184,1.0899999756366014,17.23999961465597,0.04324369200494335,1.4254287477209662,1.4686724397259094,1.5897820986105933,0.005493633158953499,8.0
2026-09-28 15:10:00,-0.028764902,0.18927954854585974,1.0899999756366014,17.23999961465597,0.04324369200494335,1.4254287477209662,1.4686724397259094,1.6291870865890348,0.005493633158953499,8.0
2026-09-28 15:20:00,-0.028764902,0.22695859622388068,1.0899999756366014,17.23999961465597,0.04324369200494335,1.4254287477209662,1.4686724397259094,1.6668661342670557,0.005493633158953499,8.0
2026-09-28 15:30:00,-0.028764902,0.26265048767172605,1.0899999756366014,17.23999961465597,0.04324369200494335,1.4254287477209662,1.4686724397259094,1.7025580257149011,0.005493633158953499,8.0
2026-09-28 15:40:00,-0.028764902,0.29610647606221147,1.0899999756366014,17.23999961465597,0.04324369200494335,1.4254287477209662,1.4686724397259094,1.7360140141053864,0.005493633158953499,8.0
2026-09-28 15:50:00,-0.028764902,0.3270918271475498,1.0899999756366014,17.23999961465597,0.04324369200494335,1.4254287477209662,1.4686724397259094,1.7669993651907248,0.005493633158953499,8.0
2026-09-28 16:00:00,-0.028764902,0.35538766241656006,1.0899999756366014,17.23999961465597,0.04324369200494335,1.4254287477209662,1.4686724397259094,1.795295200459735,0.005493633158953499,8.0
2026-09-28 16:10:00,-0.028764902,0.3807930460285004,1.0899999756366014,17.23999961465597,0.04324369200494335,1.4254287477209662,1.4686724397259094,1.8207005840716755,0.005493633158953499,8.0
2026-09-28 16:20:00,-0.028764902,0.4031272167618461,1.0899999756366014,17.23999961465597,0.04324369200494335,1.4254287477209662,1.4686724397259094,1.843034754805021,0.005493633158953499,8.0
2026-09-28 16:30:00,-0.028764902,0.4222318346861774,1.0899999756366014,17.23999961465597,0.04324369200494335,1.4254287477209662,1.4686724397259094,1.8621393727293523,0.005493633158953499,8.0
2026-09-28 16:40:00,-0.028764902,0.4379730953724507,1.0899999756366014,17.23999961465597,0.04324369200494335,1.4254287477209662,1.4686724397259094,1.8778806334156257,0.005493633158953499,8.0
2026-09-28 16:50:00,-0.028764902,0.45024356427060414,1.0899999756366014,17.23999961465597,0.04324369200494335,1.4254287477209662,1.4686724397259094,1.8901511023137791,0.005493633158953499,8.0
2026-09-28 17:00:00,-0.028764902,0.4589636003942526,1.0899999756366014,17.23999961465597,0.04324369200494335,1.4254287477209662,1.4686724397259094,1.8988711384374275,0.005493633158953499,8.0
2026-09-28 17:10:00,-0.028764902,0.4640822696381283,1.0899999756366014,17.23999961465597,0.04324369200494335,1.4254287477209662,1.4686724397259094,1.9039898076813033,0.005493633158953499,8.0
2026-09-28 17:20:00,-0.028764902,0.4655776905211394,1.0899999756366014,17.23999961465597,0.04324369200494335,1.4254287477209662,1.4686724397259094,1.9054852285643142,0.005493633158953499,8.0
2026-09-28 17:30:00,-0.028764902,0.4634568038107881,1.0899999756366014,17.23999961465597,0.04324369200494335,1.4254287477209662,1.4686724397259094,1.903364341853963,0.005493633158953499,8.0
2026-09-28 17:40:00,-0.028764902,0.45775460702519843,1.0899999756366014,17.23999961465597,0.04324369200494335,1.4254287477209662,1.4686724397259094,1.8976621450683733,0.005493633158953499,8.0
2026-09-28 17:50:00,-0.028764902,0.44853293935727034,1.0899999756366014,17.23999961465597,0.04324369200494335,1.4254287477209662,1.4686724397259094,1.8884404774004453,0.005493633158953499,8.0
2026-09-28 18:00:00,-0.028764902,0.43587893723429744,1.1399999745190144,16.61999962851405,0.04263396262737363,1.4053304225590317,1.4479643851864055,1.8550784207379685,0.005493633158953499,8.0
2026-09-28 18:10:00,-0.028764902,0.4199033014834296,1.1399999745190144,16.61999962851405,0.04263396262737363,1.4053304225590317,1.4479643851864055,1.8391027849871007,0.005493633158953499,8.0
2026-09-28 18:20:00,-0.028764902,0.4007385216593788,1.1399999745190144,16.61999962851405,0.04263396262737363,1.4053304225590317,1.4479643851864055,1.8199380051630498,0.005493633158953499,8.0
2026-09-28 18:30:00,-0.028764902,0.3785371909948664,1.1399999745190144,16.61999962851405,0.04263396262737363,1.4053304225590317,1.4479643851864055,1.7977366744985375,0.005493633158953499,8.0
2026-09-28 18:40:00,-0.028764902,0.35347051815812364,1.1399999745190144,16.61999962851405,0.04263396262737363,1.4053304225590317,1.4479643851864055,1.7726700016617947,0.005493633158953499,8.0
2026-09-28 18:50:00,-0.028764902,0.3257271026674181,1.1399999745190144,16.61999962851405,0.04263396262737363,1.4053304225590317,1.4479643851864055,1.744926586171089,0.005493633158953499,8.0
2026-09-28 19:00:00,-0.028764902,0.29551199413694057,1.1399999745190144,16.61999962851405,0.04263396262737363,1.4053304225590317,1.4479643851864055,1.7147114776406116,0.005493633158953499,8.0
2026-09-28 19:10:00,-0.028764902,0.26304600673657286,1.1399999745190144,16.61999962851405,0.04263396262737363,1.4053304225590317,1.4479643851864055,1.682245490240244,0.005493633158953499,8.0
2026-09-28 19:20:00,-0.028764902,0.22856521531878848,1.1399999745190144,16.61999962851405,0.04263396262737363,1.4053304225590317,1.4479643851864055,1.6477646988224595,0.005493633158953499,8.0
2026-09-28 19:30:00,-0.028764902,0.19232052358684879,1.1399999745190144,16.61999962851405,0.04263396262737363,1.4053304225590317,1.4479643851864055,1.6115200070905198,0.005493633158953499,8.0
2026-09-28 19:40:00,-0.028764902,0.1545771719474489,1.1399999745190144,16.61999962851405,0.04263396262737363,1.4053304225590317,1.4479643851864055,1.5737766554511199,0.005493633158953499,8.0
2026-09-28 19:50:00,-0.028764902,0.11561404597406498,1.1399999745190144,16.61999962851405,0.04263396262737363,1.4053304225590317,1.4479643851864055,1.5348135294777359,0.005493633158953499,8.0
2026-09-28 20:00:00,-0.028764902,0.07572265661806714,1.1399999745190144,16.61999962851405,0.04263396262737363,1.4053304225590317,1.4479643851864055,1.494922140121738,0.005493633158953499,8.0
2026-09-28 20:10:00,-0.028764902,0.0352056896503475,1.1399999745190144,16.61999962851405,0.04263396262737363,1.4053304225590317,1.4479643851864055,1.4544051731540184,0.005493633158953499,8.0
2026-09-28 20:20:00,-0.028764902,-0.005624938851553233,1.1399999745190144,16.61999962851405,0.04263396262737363,1.4053304225590317,1.4479643851864055,1.4135745446521177,0.005493633158953499,8.0
2026-09-28 20:30:00,-0.028764902,-0.04645053565225169,1.1399999745190144,16.61999962851405,0.04263396262737363,1.4053304225590317,1.4479643851864055,1.3727489478514192,0.005493633158953499,8.0
2026-09-28 20:40:00,-0.028764902,-0.0869485552211209,1.1399999745190144,16.61999962851405,0.04263396262737363,1.4053304225590317,1.4479643851864055,1.33225092828255,0.005493633158953499,8.0
2026-09-28 20:50:00,-0.028764902,-0.12679590958014822,1.1399999745190144,16.61999962851405,0.04263396262737363,1.4053304225590317,1.4479643851864055,1.2924035739235227,0.005493633158953499,8.0
2026-09-28 21:00:00,-0.028764902,-0.16567253490342862,1.1999999731779099,16.25999963656068,0.04279405291309877,1.410607430254799,1.4534014831678979,1.2589640465817347,0.005493633158953499,8.0
2026-09-28 21:10:00,-0.028764902,-0.20326505731839692,1.1999999731779099,16.25999963656068,0.04279405291309877,1.410607430254799,1.4534014831678979,1.2213715241667664,0.005493633158953499,8.0
2026-09-28 21:20:00,-0.028764902,-0.2392703870576634,1.1999999731779099,16.25999963656068,0.04279405291309877,1.410607430254799,1.4534014831678979,1.1853661944275,0.005493633158953499,8.0
2026-09-28 21:30:00,-0.028764902,-0.2733990742655754,1.1999999731779099,16.25999963656068,0.04279405291309877,1.410607430254799,1.4534014831678979,1.151237507219588,0.005493633158953499,8.0
2026-09-28 21:40:00,-0.028764902,-0.3053782807069812,1.1999999731779099,16.25999963656068,0.04279405291309877,1.410607430254799,1.4534014831678979,1.1192583007781822,0.005493633158953499,8.0
2026-09-28 21:50:00,-0.028764902,-0.3349542575840267,1.1999999731779099,16.25999963656068,0.04279405291309877,1.410607430254799,1.4534014831678979,1.0896823239011366,0.005493633158953499,8.0
2026-09-28 22:00:00,-0.028764902,-0.36189426599062485,1.1999999731779099,16.25999963656068,0.04279405291309877,1.410607430254799,1.4534014831678979,1.0627423154945386,0.005493633158953499,8.0
2026-09-28 22:10:00,-0.028764902,-0.3859879288433679,1.1999999731779099,16.25999963656068,0.04279405291309877,1.410607430254799,1.4534014831678979,1.0386486526417955,0.005493633158953499,8.0
2026-09-28 22:20:00,-0.028764902,-0.40704805476660744,1.1999999731779099,16.25999963656068,0.04279405291309877,1.410607430254799,1.4534014831678979,1.0175885267185558,0.005493633158953499,8.0
2026-09-28 22:30:00,-0.028764902,-0.4249110204453437,1.1999999731779099,16.25999963656068,0.04279405291309877,1.410607430254799,1.4534014831678979,0.9997255610398197,0.005493633158953499,8.0
2026-09-28 22:40:00,-0.028764902,-0.4394368325727493,1.1999999731779099,16.25999963656068,0.04279405291309877,1.410607430254799,1.4534014831678979,0.985199748912414,0.005493633158953499,8.0
2026-09-28 22:50:00,-0.028764902,-0.45050901031442364,1.1999999731779099,16.25999963656068,0.04279405291309877,1.410607430254799,1.4534014831678979,0.9741275711707398,0.005493633158953499,8.0
2026-09-28 23:00:00,-0.028764902,-0.4580344318475331,1.1999999731779099,16.25999963656068,0.04279405291309877,1.410607430254799,1.4534014831678979,0.9666021496376302,0.005493633158953499,8.0
2026-09-28 23:10:00,-0.028764902,-0.46194327372174754,1.1999999731779099,16.25999963656068,0.04279405291309877,1.410607430254799,1.4534014831678979,0.9626933077634159,0.005493633158953499,8.0
2026-09-28 23:20:00,-0.028764902,-0.4621891414434607,1.1999999731779099,16.25999963656068,0.04279405291309877,1.410607430254799,1.4534014831678979,0.9624474400417027,0.005493633158953499,8.0
2026-09-28 23:30:00,-0.028764902,-0.4587494470819419,1.1999999731779099,16.25999963656068,0.04279405291309877,1.410607430254799,1.4534014831678979,0.9658871344032215,0.005493633158953499,8.0
2026-09-28 23:40:00,-0.028764902,-0.451626039993817,1.1999999731779099,16.25999963656068,0.04279405291309877,1.410607430254799,1.4534014831678979,0.9730105414913464,0.005493633158953499,8.0
2026-09-28 23:50:00,-0.028764902,-0.44084604543484823,1.1999999731779099,16.25999963656068,0.04279405291309877,1.410607430254799,1.4534014831678979,0.9837905360503152,0.005493633158953499,8.0
2026-09-29 00:00:00,-0.028764902,-0.4264628190410628,1.1999999731779099,16.25999963656068,0.04279405291309877,1.410607430254799,1.4534014831678979,0.9981737624441005,0.005493633158953499,8.0
2026-09-29 00:10:00,,-0.4085568882057121,,,,,,,0.005493633158953499,8.0
2026-09-29 00:20:00,,-0.3872367287504668,,,,,,,0.005493633158953499,8.0
2026-09-29 00:30:00,,-0.36263921970643564,,,,,,,0.005493633158953499,8.0
2026-09-29 00:40:00,,-0.33492963146829396,,,,,,,0.005493633158953499,8.0
2026-09-29 00:50:00,,-0.304301031832517,,,,,,,0.005493633158953499,8.0
2026-09-29 01:00:00,,-0.2709730376997894,,,,,,,0.005493633158953499,8.0
2026-09-29 01:10:00,,-0.23518989262058193,,,,,,,0.005493633158953499,8.0
2026-09-29 01:20:00,,-0.19721790675169118,,,,,,,0.005493633158953499,8.0
2026-09-29 01:30:00,,-0.15734234954836948,,,,,,,0.005493633158953499,8.0
2026-09-29 01:40:00,,-0.11586393144828358,,,,,,,0.005493633158953499,8.0
2026-09-29 01:50:00,,-0.07309504342357535,,,,,,,0.005493633158953499,8.0
2026-09-29 02:00:00,,-0.02935593944836107,,,,,,,0.005493633158953499,8.0
2026-09-29 02:10:00,,0.015028955132662922,,,,,,,0.005493633158953499,8.0
2026-09-29 02:20:00,,0.05973444653280702,,,,,,,0.005493633158953499,8.0
2026-09-29 02:30:00,,0.10443755950802919,,,,,,,0.005493633158953499,8.0
2026-09-29 02:40:00,,0.14882002884053497,,,,,,,0.005493633158953499,8.0
2026-09-29 02:50:00,,0.19257026943775596,,,,,,,0.005493633158953499,8.0
2026-09-29 03:00:00,,0.23538485381405644,,,,,,,0.005493633158953499,8.0
2026-09-29 03:10:00,,0.2769695747072806,,,,,,,0.005493633158953499,8.0
2026-09-29 03:20:00,,0.3170402089978393,,,,,,,0.005493633158953499,8.0
2026-09-29 03:30:00,,0.35532312283846895,,,,,,,0.005493633158953499,8.0
2026-09-29 03:40:00,,0.39155586434547696,,,,,,,0.005493633158953499,8.0
2026-09-29 03:50:00,,0.425487879307138,,,,,,,0.005493633158953499,8.0
2026-09-29 04:00:00,,0.4568814580524048,,,,,,,0.005493633158953499,8.0
2026-09-29 04:10:00,,0.4855129819607584,,,,,,,0.005493633158953499,8.0
2026-09-29 04:20:00,,0.5111744898498493,,,,,,,0.005493633158953499,8.0
2026-09-29 04:30:00,,0.5336755342561329,,,,,,,0.005493633158953499,8.0
2026-09-29 04:40:00,,0.5528452502434837,,,,,,,0.005493633158953499,8.0
2026-09-29 04:50:00,,0.5685345210646408,,,,,,,0.005493633158953499,8.0
2026-09-29 05:00:00,,0.5806180995898389,,,,,,,0.005493633158953499,8.0
2026-09-29 05:10:00,,0.5889965349637829,,,,,,,0.005493633158953499,8.0
2026-09-29 05:20:00,,0.5935977615674031,,,,,,,0.005493633158953499,8.0
2026-09-29 05:30:00,,0.5943782308728831,,,,,,,0.005493633158953499,8.0
2026-09-29 05:40:00,,0.5913235037695475,,,,,,,0.005493633158953499,8.0
2026-09-29 05:50:00,,0.5844482668561543,,,,,,,0.005493633158953499,8.0
2026-09-29 06:00:00,,0.5737957860178813,,,,,,,0.005493633158953499,8.0
2026-09-29 06:10:00,,0.5594368584685975,,,,,,,0.005493633158953499,8.0
2026-09-29 06:20:00,,0.5414683650388259,,,,,,,0.005493633158953499,8.0
2026-09-29 06:30:00,,0.5200115531256768,,,,,,,0.005493633158953499,8.0
2026-09-29 06:40:00,,0.4952101942601138,,,,,,,0.005493633158953499,8.0
2026-09-29 06:50:00,,0.46722875715113804,,,,,,,0.005493633158953499,8.0
2026-09-29 07:00:00,,0.43625071788673475,,,,,,,0.005493633158953499,8.0
2026-09-29 07:10:00,,0.40247709582501373,,,,,,,0.005493633158953499,8.0
2026-09-29 07:20:00,,0.3661252607795637,,,,,,,0.005493633158953499,8.0
2026-09-29 07:30:00,,0.3274280090710389,,,,,,,0.005493633158953499,8.0
2026-09-29 07:40:00,,0.28663285893544543,,,,,,,0.005493633158953499,8.0
2026-09-29 07:50:00,,0.24400147477962303,,,,,,,0.005493633158953499,8.0
2026-09-29 08:00:00,,0.199809100086257,,,,,,,0.005493633158953499,8.0
2026-09-29 08:10:00,,0.15434386372198158,,,,,,,0.005493633158953499,8.0
2026-09-29 08:20:00,,0.10790582601467648,,,,,,,0.005493633158953499,8.0
2026-09-29 08:30:00,,0.060805649392818725,,,,,,,0.005493633158953499,8.0
2026-09-29 08:40:00,,0.013362811342258692,,,,,,,0.005493633158953499,8.0
2026-09-29 08:50:00,,-0.034096678032858874,,,,,,,0.005493633158953499,8.0
2026-09-29 09:00:00,,-0.08124304114764608,,,,,,,0.005493633158953499,8.0
2026-09-29 09:10:00,,-0.12774591653034592,,,,,,,0.005493633158953499,8.0
2026-09-29 09:20:00,,-0.17327785058603154,,,,,,,0.005493633158953499,8.0
2026-09-29 09:30:00,,-0.21751795119190567,,,,,,,0.005493633158953499,8.0
2026-09-29 09:40:00,,-0.26015553531128705,,,,,,,0.005493633158953499,8.0
2026-09-29 09:50:00,,-0.3008935982276185,,,,,,,0.005493633158953499,8.0
2026-09-29 10:00:00,,-0.33945194474743695,,,,,,,0.005493633158953499,8.0
2026-09-29 10:10:00,,-0.3755698520012145,,,,,,,0.005493633158953499,8.0
2026-09-29 10:20:00,,-0.4090081753111117,,,,,,,0.005493633158953499,8.0
2026-09-29 10:30:00,,-0.43955085932448507,,,,,,,0.005493633158953499,8.0
2026-09-29 10:40:00,,-0.4670058697302125,,,,,,,0.005493633158953499,8.0
2026-09-29 10:50:00,,-0.4912056113121056,,,,,,,0.005493633158953499,8.0
2026-09-29 11:00:00,,-0.5120069396497824,,,,,,,0.005493633158953499,8.0
2026-09-29 11:10:00,,-0.5292909023198492,,,,,,,0.005493633158953499,8.0
2026-09-29 11:20:00,,-0.5429623575962842,,,,,,,0.005493633158953499,8.0
2026-09-29 11:30:00,,-0.5529496131910048,,,,,,,0.005493633158953499,8.0
2026-09-29 11:40:00,,-0.5592042053668984,,,,,,,0.005493633158953499,8.0
2026-09-29 11:50:00,,-0.5617009020841611,,,,,,,0.005493633158953499,8.0
2026-09-29 12:00:00,,-0.5604379673229364,,,,,,,0.005493633158953499,8.0
2026-09-29 12:10:00,,-0.5554376723779231,,,,,,,0.005493633158953499,8.0
2026-09-29 12:20:00,,-0.5467469899247203,,,,,,,0.005493633158953499,8.0
2026-09-29 12:30:00,,-0.5344383636434621,,,,,,,0.005493633158953499,8.0
2026-09-29 12:40:00,,-0.5186104152611543,,,,,,,0.005493633158953499,8.0
2026-09-29 12:50:00,,-0.49938843568884994,,,,,,,0.005493633158953499,8.0
2026-09-29 13:00:00,,-0.47692450946885456,,,,,,,0.005493633158953499,8.0
2026-09-29 13:10:00,,-0.4513971418427142,,,,,,,0.005493633158953499,8.0
2026-09-29 13:20:00,,-0.4230102936327262,,,,,,,0.005493633158953499,8.0
2026-09-29 13:30:00,,-0.39199177664755214,,,,,,,0.005493633158953499,8.0
2026-09-29 13:40:00,,-0.35859101683798084,,,,,,,0.005493633158953499,8.0
2026-09-29 13:50:00,,-0.3230762475376926,,,,,,,0.005493633158953499,8.0
2026-09-29 14:00:00,,-0.2857312453510727,,,,,,,0.005493633158953499,8.0
2026-09-29 14:10:00,,-0.24685176064978362,,,,,,,0.005493633158953499,8.0
2026-09-29 14:20:00,,-0.2067418193058042,,,,,,,0.005493633158953499,8.0
2026-09-29 14:30:00,,-0.16571007939063367,,,,,,,0.005493633158953499,8.0
2026-09-29 14:40:00,,-0.12406641519067824,,,,,,,0.005493633158953499,8.0
2026-09-29 14:50:00,,-0.08211887288008791,,,,,,,0.005493633158953499,8.0
2026-09-29 15:00:00,,-0.04017109978122946,,,,,,,0.005493633158953499,8.0
2026-09-29 15:10:00,,0.0014797019531748229,,,,,,,0.005493633158953499,8.0
2026-09-29 15:20:00,,0.04254430157946629,,,,,,,0.005493633158953499,8.0
2026-09-29 15:30:00,,0.08274250265387861,,,,,,,0.005493633158953499,8.0
2026-09-29 15:40:00,,0.12180384384922857,,,,,,,0.005493633158953499,8.0
2026-09-29 15:50:00,,0.15946807047975448,,,,,,,0.005493633158953499,8.0
2026-09-29 16:00:00,,0.19548552484122247,,,,,,,0.005493633158953499,8.0
2026-09-29 16:10:00,,0.22961760136286086,,,,,,,0.005493633158953499,8.0
2026-09-29 16:20:00,,0.2616373928583197,,,,,,,0.005493633158953499,8.0
2026-09-29 16:30:00,,0.29133062025381895,,,,,,,0.005493633158953499,8.0
2026-09-29 16:40:00,,0.3184968930281117,,,,,,,0.005493633158953499,8.0
2026-09-29 16:50:00,,0.34295129735664215,,,,,,,0.005493633158953499,8.0
2026-09-29 17:00:00,,0.3645262587452748,,,,,,,0.005493633158953499,8.0
2026-09-29 17:10:00,,0.3830735819068555,,,,,,,0.005493633158953499,8.0
2026-09-29 17:20:00,,0.3984665374817024,,,,,,,0.005493633158953499,8.0
2026-09-29 17:30:00,,0.41060184678623396,,,,,,,0.005493633158953499,8.0
2026-09-29 17:40:00,,0.41940141421317284,,,,,,,0.005493633158953499,8.0
2026-09-29 17:50:00,,0.42481367192216335,,,,,,,0.005493633158953499,8.0
2026-09-29 18:00:00,,0.4268144318531162,,,,,,,0.005493633158953499,8.0
2026-09-29 18:10:00,,0.4254071816941963,,,,,,,0.005493633158953499,8.0
2026-09-29 18:20:00,,0.420622810024784,,,,,,,0.005493633158953499,8.0
2026-09-29 18:30:00,,0.41251879545678044,,,,,,,0.005493633158953499,8.0
2026-09-29 18:40:00,,0.4011779398373163,,,,,,,0.005493633158953499,8.0
2026-09-29 18:50:00,,0.3867067611687275,,,,,,,0.005493633158953499,8.0
2026-09-29 19:00:00,,0.36923368394432343,,,,,,,0.005493633158953499,8.0
2026-09-29 19:10:00,,0.34890717061235327,,,,,,,0.005493633158953499,8.0
2026-09-29 19:20:00,,0.3258939273236823,,,,,,,0.005493633158953499,8.0
2026-09-29 19:30:00,,0.3003772912799899,,,,,,,0.005493633158953499,8.0
2026-09-29 19:40:00,,0.27255586906175633,,,,,,,0.005493633158953499,8.0
2026-09-29 19:50:00,,0.24264244964381337,,,,,,,0.005493633158953499,8.0
2026-09-29 20:00:00,,0.21086316795374355,,,,,,,0.005493633158953499,8.0
2026-09-29 20:10:00,,0.1774568502888517,,,,,,,0.005493633158953499,8.0
2026-09-29 20:20:00,,0.14267443711184596,,,,,,,0.005493633158953499,8.0
2026-09-29 20:30:00,,0.10677835591968297,,,,,,,0.005493633158953499,8.0
2026-09-29 20:40:00,,0.07004170981974057,,,,,,,0.005493633158953499,8.0
2026-09-29 20:50:00,,0.0327471573626122,,,,,,,0.005493633158953499,8.0
2026-09-29 21:00:00,,-0.004814615203087178,,,,,,,0.005493633158953499,8.0
2026-09-29 21:10:00,,-0.042346888975654806,,,,,,,0.005493633158953499,8.0
2026-09-29 21:20:00,,-0.07954938675596412,,,,,,,0.005493633158953499,8.0
2026-09-29 21:30:00,,-0.11612118713255608,,,,,,,0.005493633158953499,8.0
2026-09-29 21:40:00,,-0.15176398952167128,,,,,,,0.005493633158953499,8.0
2026-09-29 21:50:00,,-0.18618559978444157,,,,,,,0.005493633158953499,8.0
2026-09-29 22:00:00,,-0.21910347702981423,,,,,,,0.005493633158953499,8.0
2026-09-29 22:10:00,,-0.25024816904076497,,,,,,,0.005493633158953499,8.0
2026-09-29 22:20:00,,-0.27936646799026255,,,,,,,0.005493633158953499,8.0
2026-09-29 22:30:00,,-0.30622413968928835,,,,,,,0.005493633158953499,8.0
2026-09-29 22:40:00,,-0.33060811575855686,,,,,,,0.005493633158953499,8.0
2026-09-29 22:50:00,,-0.35232808557891204,,,,,,,0.005493633158953499,8.0
2026-09-29 23:00:00,,-0.37121747785411524,,,,,,,0.005493633158953499,8.0
2026-09-29 23:10:00,,-0.38713387480509354,,,,,,,0.005493633158953499,8.0
2026-09-29 23:20:00,,-0.3999589492215783,,,,,,,0.005493633158953499,8.0
2026-09-29 23:30:00,,-0.40959805085326956,,,,,,,0.005493633158953499,8.0
2026-09-29 23:40:00,,-0.4159795899264848,,,,,,,0.005493633158953499,8.0
2026-09-29 23:50:00,,-0.41905436954962955,,,,,,,0.005493633158953499,8.0
