,SSH_10min,Tide_10min,Significant_Wave_Height,Peak_Wave_Period,Wave_Setup,Wave_Swash,Wave_Runup,Total_Water_Level,beach_slope,water_depth
2026-09-08 00:00:00,0.073112294,0.2748886256253314,1.0399999767541885,13.829999690875411,0.040207634568681754,1.1179136423737477,1.1581212769424294,1.506122196645634,0.006518641168156775,8.0
2026-09-08 00:10:00,0.073112294,0.3086123149479555,1.0399999767541885,13.829999690875411,0.040207634568681754,1.1179136423737477,1.1581212769424294,1.539845885968258,0.006518641168156775,8.0
2026-09-08 00:20:00,0.073112294,0.34016673501655226,1.0399999767541885,13.829999690875411,0.040207634568681754,1.1179136423737477,1.1581212769424294,1.5714003060368549,0.006518641168156775,8.0
2026-09-08 00:30:00,0.073112294,0.3692963945268777,1.0399999767541885,13.829999690875411,0.040207634568681754,1.1179136423737477,1.1581212769424294,1.6005299655471803,0.006518641168156775,8.0
2026-09-08 00:40:00,0.073112294,0.39575729578357643,1.0399999767541885,13.829999690875411,0.040207634568681754,1.1179136423737477,1.1581212769424294,1.626990866803879,0.006518641168156775,8.0
2026-09-08 00:50:00,0.073112294,0.41932093836342105,1.0399999767541885,13.829999690875411,0.040207634568681754,1.1179136423737477,1.1581212769424294,1.6505545093837237,0.006518641168156775,8.0
2026-09-08 01:00:00,0.073112294,0.43977840722226047,1.0399999767541885,13.829999690875411,0.040207634568681754,1.1179136423737477,1.1581212769424294,1.671011978242563,0.006518641168156775,8.0
2026-09-08 01:10:00,0.073112294,0.4569443752514982,1.0399999767541885,13.829999690875411,0.040207634568681754,1.1179136423737477,1.1581212769424294,1.688177946271801,0.006518641168156775,8.0
2026-09-08 01:20:00,0.073112294,0.4706608506683051,1.0399999767541885,13.829999690875411,0.040207634568681754,1.1179136423737477,1.1581212769424294,1.7018944216886078,0.006518641168156775,8.0
2026-09-08 01:30:00,0.073112294,0.48080051226595316,1.0399999767541885,13.829999690875411,0.040207634568681754,1.1179136423737477,1.1581212769424294,1.7120340832862557,0.006518641168156775,8.0
2026-09-08 01:40:00,0.073112294,0.48726949897457894,1.0399999767541885,13.829999690875411,0.040207634568681754,1.1179136423737477,1.1581212769424294,1.7185030699948816,0.006518641168156775,8.0
2026-09-08 01:50:00,0.073112294,0.49000955175933886,1.0399999767541885,13.829999690875411,0.040207634568681754,1.1179136423737477,1.1581212769424294,1.7212431227796414,0.006518641168156775,8.0
2026-09-08 02:00:00,0.073112294,0.48899944260192046,1.0399999767541885,13.829999690875411,0.040207634568681754,1.1179136423737477,1.1581212769424294,1.720233013622223,0.006518641168156775,8.0
2026-09-08 02:10:00,0.073112294,0.4842556635035448,1.0399999767541885,13.829999690875411,0.040207634568681754,1.1179136423737477,1.1581212769424294,1.7154892345238475,0.006518641168156775,8.0
2026-09-08 02:20:00,0.073112294,0.47583238489301843,1.0399999767541885,13.829999690875411,0.040207634568681754,1.1179136423737477,1.1581212769424294,1.707065955913321,0.006518641168156775,8.0
2026-09-08 02:30:00,0.073112294,0.46382072443961764,1.0399999767541885,13.829999690875411,0.040207634568681754,1.1179136423737477,1.1581212769424294,1.6950542954599204,0.006518641168156775,8.0
2026-09-08 02:40:00,0.073112294,0.44834739176281996,1.0399999767541885,13.829999690875411,0.040207634568681754,1.1179136423737477,1.1581212769424294,1.6795809627831226,0.006518641168156775,8.0
2026-09-08 02:50:00,0.073112294,0.42957279072260757,1.0399999767541885,13.829999690875411,0.040207634568681754,1.1179136423737477,1.1581212769424294,1.6608063617429103,0.006518641168156775,8.0
2026-09-08 03:00:00,0.073112294,0.4076886683586935,1.0599999763071537,13.329999702051282,0.039124856387110434,1.0878086010345076,1.126933457421618,1.6077344198581849,0.006518641168156775,8.0
2026-09-08 03:10:00,0.073112294,0.3829153989925553,1.0599999763071537,13.329999702051282,0.039124856387110434,1.0878086010345076,1.126933457421618,1.5829611504920467,0.006518641168156775,8.0
2026-09-08 03:20:00,0.073112294,0.35549898480114295,1.0599999763071537,13.329999702051282,0.039124856387110434,1.0878086010345076,1.126933457421618,1.5555447363006343,0.006518641168156775,8.0
2026-09-08 03:30:00,0.073112294,0.3257078428325663,1.0599999763071537,13.329999702051282,0.039124856387110434,1.0878086010345076,1.126933457421618,1.5257535943320577,0.006518641168156775,8.0
2026-09-08 03:40:00,0.073112294,0.2938294349521548,1.0599999763071537,13.329999702051282,0.039124856387110434,1.0878086010345076,1.126933457421618,1.4938751864516462,0.006518641168156775,8.0
2026-09-08 03:50:00,0.073112294,0.26016678452576836,1.0599999763071537,13.329999702051282,0.039124856387110434,1.0878086010345076,1.126933457421618,1.4602125360252596,0.006518641168156775,8.0
2026-09-08 04:00:00,0.073112294,0.22503491359394684,1.0599999763071537,13.329999702051282,0.039124856387110434,1.0878086010345076,1.126933457421618,1.4250806650934382,0.006518641168156775,8.0
2026-09-08 04:10:00,0.073112294,0.18875722844484483,1.0599999763071537,13.329999702051282,0.039124856387110434,1.0878086010345076,1.126933457421618,1.3888029799443362,0.006518641168156775,8.0
2026-09-08 04:20:00,0.073112294,0.1516618809081638,1.0599999763071537,13.329999702051282,0.039124856387110434,1.0878086010345076,1.126933457421618,1.3517076324076551,0.006518641168156775,8.0
2026-09-08 04:30:00,0.073112294,0.11407813682696583,1.0599999763071537,13.329999702051282,0.039124856387110434,1.0878086010345076,1.126933457421618,1.3141238883264572,0.006518641168156775,8.0
2026-09-08 04:40:00,0.073112294,0.07633279155610416,1.0599999763071537,13.329999702051282,0.039124856387110434,1.0878086010345076,1.126933457421618,1.2763785430555954,0.006518641168156775,8.0
2026-09-08 04:50:00,0.073112294,0.0387466830627139,1.0599999763071537,13.329999702051282,0.039124856387110434,1.0878086010345076,1.126933457421618,1.2387924345622052,0.006518641168156775,8.0
2026-09-08 05:00:00,0.073112294,0.0016313642315949539,1.0599999763071537,13.329999702051282,0.039124856387110434,1.0878086010345076,1.126933457421618,1.2016771157310864,0.006518641168156775,8.0
2026-09-08 05:10:00,0.073112294,-0.03471399495481289,1.0599999763071537,13.329999702051282,0.039124856387110434,1.0878086010345076,1.126933457421618,1.1653317565446784,0.006518641168156775,8.0
2026-09-08 05:20:00,0.073112294,-0.07000539979343988,1.0599999763071537,13.329999702051282,0.039124856387110434,1.0878086010345076,1.126933457421618,1.1300403517060515,0.006518641168156775,8.0
2026-09-08 05:30:00,0.073112294,-0.10397644334904917,1.0599999763071537,13.329999702051282,0.039124856387110434,1.0878086010345076,1.126933457421618,1.0960693081504422,0.006518641168156775,8.0
2026-09-08 05:40:00,0.073112294,-0.13638027275250247,1.0599999763071537,13.329999702051282,0.039124856387110434,1.0878086010345076,1.126933457421618,1.0636654787469888,0.006518641168156775,8.0
2026-09-08 05:50:00,0.073112294,-0.16699105845576967,1.0599999763071537,13.329999702051282,0.039124856387110434,1.0878086010345076,1.126933457421618,1.0330546930437217,0.006518641168156775,8.0
2026-09-08 06:00:00,0.073112294,-0.1956049377361094,1.0699999760836363,13.039999708533287,0.0384537903866352,1.069150606230486,1.1076043966171212,0.985111752958885,0.006518641168156775,8.0
2026-09-08 06:10:00,0.073112294,-0.2220404308689219,1.0699999760836363,13.039999708533287,0.0384537903866352,1.069150606230486,1.1076043966171212,0.9586762598260725,0.006518641168156775,8.0
2026-09-08 06:20:00,0.073112294,-0.24613835832719916,1.0699999760836363,13.039999708533287,0.0384537903866352,1.069150606230486,1.1076043966171212,0.9345783323677952,0.006518641168156775,8.0
2026-09-08 06:30:00,0.073112294,-0.2677613172376197,1.0699999760836363,13.039999708533287,0.0384537903866352,1.069150606230486,1.1076043966171212,0.9129553734573748,0.006518641168156775,8.0
2026-09-08 06:40:00,0.073112294,-0.28679280211461233,1.0699999760836363,13.039999708533287,0.0384537903866352,1.069150606230486,1.1076043966171212,0.8939238885803821,0.006518641168156775,8.0
2026-09-08 06:50:00,0.073112294,-0.3031360757661864,1.0699999760836363,13.039999708533287,0.0384537903866352,1.069150606230486,1.1076043966171212,0.877580614928808,0.006518641168156775,8.0
2026-09-08 07:00:00,0.073112294,-0.31671290885745473,1.0699999760836363,13.039999708533287,0.0384537903866352,1.069150606230486,1.1076043966171212,0.8640037818375397,0.006518641168156775,8.0
2026-09-08 07:10:00,0.073112294,-0.3274623093127167,1.0699999760836363,13.039999708533287,0.0384537903866352,1.069150606230486,1.1076043966171212,0.8532543813822777,0.006518641168156775,8.0
2026-09-08 07:20:00,0.073112294,-0.33533935493291894,1.0699999760836363,13.039999708533287,0.0384537903866352,1.069150606230486,1.1076043966171212,0.8453773357620755,0.006518641168156775,8.0
2026-09-08 07:30:00,0.073112294,-0.3403142247737578,1.0699999760836363,13.039999708533287,0.0384537903866352,1.069150606230486,1.1076043966171212,0.8404024659212366,0.006518641168156775,8.0
2026-09-08 07:40:00,0.073112294,-0.34237149851549115,1.0699999760836363,13.039999708533287,0.0384537903866352,1.069150606230486,1.1076043966171212,0.8383451921795033,0.006518641168156775,8.0
2026-09-08 07:50:00,0.073112294,-0.3415097607452927,1.0699999760836363,13.039999708533287,0.0384537903866352,1.069150606230486,1.1076043966171212,0.8392069299497017,0.006518641168156775,8.0
2026-09-08 08:00:00,0.073112294,-0.3377415118747158,1.0699999760836363,13.039999708533287,0.0384537903866352,1.069150606230486,1.1076043966171212,0.8429751788202786,0.006518641168156775,8.0
2026-09-08 08:10:00,0.073112294,-0.3310933529279666,1.0699999760836363,13.039999708533287,0.0384537903866352,1.069150606230486,1.1076043966171212,0.8496233377670278,0.006518641168156775,8.0
2026-09-08 08:20:00,0.073112294,-0.3216063810606978,1.0699999760836363,13.039999708533287,0.0384537903866352,1.069150606230486,1.1076043966171212,0.8591103096342967,0.006518641168156775,8.0
2026-09-08 08:30:00,0.073112294,-0.30933670960998444,1.0699999760836363,13.039999708533287,0.0384537903866352,1.069150606230486,1.1076043966171212,0.87137998108501,0.006518641168156775,8.0
2026-09-08 08:40:00,0.073112294,-0.2943560129525284,1.0699999760836363,13.039999708533287,0.0384537903866352,1.069150606230486,1.1076043966171212,0.886360677742466,0.006518641168156775,8.0
2026-09-08 08:50:00,0.073112294,-0.2767519940236519,1.0699999760836363,13.039999708533287,0.0384537903866352,1.069150606230486,1.1076043966171212,0.9039646966713425,0.006518641168156775,8.0
2026-09-08 09:00:00,0.073112294,-0.25662868095261365,1.0899999756366014,12.759999714791775,0.03797813183394134,1.0559256256795937,1.093903757513535,0.9103873706387946,0.006518641168156775,8.0
2026-09-08 09:10:00,0.073112294,-0.23410647812995802,1.0899999756366014,12.759999714791775,0.03797813183394134,1.0559256256795937,1.093903757513535,0.9329095734614503,0.006518641168156775,8.0
2026-09-08 09:20:00,0.073112294,-0.20932192389184753,1.0899999756366014,12.759999714791775,0.03797813183394134,1.0559256256795937,1.093903757513535,0.9576941276995607,0.006518641168156775,8.0
2026-09-08 09:30:00,0.073112294,-0.18242713881471054,1.0899999756366014,12.759999714791775,0.03797813183394134,1.0559256256795937,1.093903757513535,0.9845889127766978,0.006518641168156775,8.0
2026-09-08 09:40:00,0.073112294,-0.15358898204382945,1.0899999756366014,12.759999714791775,0.03797813183394134,1.0559256256795937,1.093903757513535,1.0134270695475789,0.006518641168156775,8.0
2026-09-08 09:50:00,0.073112294,-0.12298796398064368,1.0899999756366014,12.759999714791775,0.03797813183394134,1.0559256256795937,1.093903757513535,1.0440280876107646,0.006518641168156775,8.0
2026-09-08 10:00:00,0.073112294,-0.09081698892648936,1.0899999756366014,12.759999714791775,0.03797813183394134,1.0559256256795937,1.093903757513535,1.076199062664919,0.006518641168156775,8.0
2026-09-08 10:10:00,0.073112294,-0.0572800175461525,1.0899999756366014,12.759999714791775,0.03797813183394134,1.0559256256795937,1.093903757513535,1.1097360340452558,0.006518641168156775,8.0
2026-09-08 10:20:00,0.073112294,-0.02259074472756489,1.0899999756366014,12.759999714791775,0.03797813183394134,1.0559256256795937,1.093903757513535,1.1444253068638435,0.006518641168156775,8.0
2026-09-08 10:30:00,0.073112294,0.013028617690914965,1.0899999756366014,12.759999714791775,0.03797813183394134,1.0559256256795937,1.093903757513535,1.1800446692823232,0.006518641168156775,8.0
2026-09-08 10:40:00,0.073112294,0.04934838096120006,1.0899999756366014,12.759999714791775,0.03797813183394134,1.0559256256795937,1.093903757513535,1.2163644325526084,0.006518641168156775,8.0
2026-09-08 10:50:00,0.073112294,0.0861321965372046,1.0899999756366014,12.759999714791775,0.03797813183394134,1.0559256256795937,1.093903757513535,1.253148248128613,0.006518641168156775,8.0
2026-09-08 11:00:00,0.073112294,0.12313763803827424,1.0899999756366014,12.759999714791775,0.03797813183394134,1.0559256256795937,1.093903757513535,1.2901536896296826,0.006518641168156775,8.0
2026-09-08 11:10:00,0.073112294,0.16011657242926,1.0899999756366014,12.759999714791775,0.03797813183394134,1.0559256256795937,1.093903757513535,1.3271326240206682,0.006518641168156775,8.0
2026-09-08 11:20:00,0.073112294,0.19681538076987956,1.0899999756366014,12.759999714791775,0.03797813183394134,1.0559256256795937,1.093903757513535,1.363831432361288,0.006518641168156775,8.0
2026-09-08 11:30:00,0.073112294,0.2329751201183286,1.0899999756366014,12.759999714791775,0.03797813183394134,1.0559256256795937,1.093903757513535,1.3999911717097369,0.006518641168156775,8.0
2026-09-08 11:40:00,0.073112294,0.26833174132049453,1.0899999756366014,12.759999714791775,0.03797813183394134,1.0559256256795937,1.093903757513535,1.435347792911903,0.006518641168156775,8.0
2026-09-08 11:50:00,0.073112294,0.30261648948896924,1.0899999756366014,12.759999714791775,0.03797813183394134,1.0559256256795937,1.093903757513535,1.4696325410803777,0.006518641168156775,8.0
2026-09-08 12:00:00,0.073112294,0.3355566136133242,1.099999975413084,12.399999722838402,0.037075558519548836,1.030830913388615,1.067906471908164,1.4765753795993612,0.006518641168156775,8.0
2026-09-08 12:10:00,0.073112294,0.36687649826807767,1.099999975413084,12.399999722838402,0.037075558519548836,1.030830913388615,1.067906471908164,1.5078952642541148,0.006518641168156775,8.0
2026-09-08 12:20:00,0.073112294,0.396299304886815,1.099999975413084,12.399999722838402,0.037075558519548836,1.030830913388615,1.067906471908164,1.537318070872852,0.006518641168156775,8.0
2026-09-08 12:30:00,0.073112294,0.423549174653686,1.099999975413084,12.399999722838402,0.037075558519548836,1.030830913388615,1.067906471908164,1.5645679406397233,0.006518641168156775,8.0
2026-09-08 12:40:00,0.073112294,0.44835400272928083,1.099999975413084,12.399999722838402,0.037075558519548836,1.030830913388615,1.067906471908164,1.589372768715318,0.006518641168156775,8.0
2026-09-08 12:50:00,0.073112294,0.4704487482826843,1.099999975413084,12.399999722838402,0.037075558519548836,1.030830913388615,1.067906471908164,1.6114675142687214,0.006518641168156775,8.0
2026-09-08 13:00:00,0.073112294,0.489579200516131,1.099999975413084,12.399999722838402,0.037075558519548836,1.030830913388615,1.067906471908164,1.6305979665021682,0.006518641168156775,8.0
2026-09-08 13:10:00,0.073112294,0.5055060816976409,1.099999975413084,12.399999722838402,0.037075558519548836,1.030830913388615,1.067906471908164,1.646524847683678,0.006518641168156775,8.0
2026-09-08 13:20:00,0.073112294,0.5180093374475171,1.099999975413084,12.399999722838402,0.037075558519548836,1.030830913388615,1.067906471908164,1.6590281034335543,0.006518641168156775,8.0
2026-09-08 13:30:00,0.073112294,0.5268924448489314,1.099999975413084,12.399999722838402,0.037075558519548836,1.030830913388615,1.067906471908164,1.6679112108349685,0.006518641168156775,8.0
2026-09-08 13:40:00,0.073112294,0.5319865617659314,1.099999975413084,12.399999722838402,0.037075558519548836,1.030830913388615,1.067906471908164,1.6730053277519685,0.006518641168156775,8.0
2026-09-08 13:50:00,0.073112294,0.5331543463940223,1.099999975413084,12.399999722838402,0.037075558519548836,1.030830913388615,1.067906471908164,1.6741731123800594,0.006518641168156775,8.0
2026-09-08 14:00:00,0.073112294,0.5302932934960234,1.099999975413084,12.399999722838402,0.037075558519548836,1.030830913388615,1.067906471908164,1.6713120594820605,0.006518641168156775,8.0
2026-09-08 14:10:00,0.073112294,0.5233384610807599,1.099999975413084,12.399999722838402,0.037075558519548836,1.030830913388615,1.067906471908164,1.664357227066797,0.006518641168156775,8.0
2026-09-08 14:20:00,0.073112294,0.5122644954699968,1.099999975413084,12.399999722838402,0.037075558519548836,1.030830913388615,1.067906471908164,1.6532832614560338,0.006518641168156775,8.0
2026-09-08 14:30:00,0.073112294,0.49708690059371713,1.099999975413084,12.399999722838402,0.037075558519548836,1.030830913388615,1.067906471908164,1.6381056665797542,0.006518641168156775,8.0
2026-09-08 14:40:00,0.073112294,0.4778625352545207,1.099999975413084,12.399999722838402,0.037075558519548836,1.030830913388615,1.067906471908164,1.6188813012405578,0.006518641168156775,8.0
2026-09-08 14:50:00,0.073112294,0.45468935702475266,1.099999975413084,12.399999722838402,0.037075558519548836,1.030830913388615,1.067906471908164,1.5957081230107897,0.006518641168156775,8.0
2026-09-08 15:00:00,0.073112294,0.4277054604220007,1.1199999749660492,12.329999724403024,0.03719989913362547,1.0342880197384046,1.07148791887203,1.572305673371904,0.006518641168156775,8.0
2026-09-08 15:10:00,0.073112294,0.3970874784603066,1.1199999749660492,12.329999724403024,0.03719989913362547,1.0342880197384046,1.07148791887203,1.54168769141021,0.006518641168156775,8.0
2026-09-08 15:20:00,0.073112294,0.36304842959908146,1.1199999749660492,12.329999724403024,0.03719989913362547,1.0342880197384046,1.07148791887203,1.5076486425489848,0.006518641168156775,8.0
2026-09-08 15:30:00,0.073112294,0.32583509656185805,1.1199999749660492,12.329999724403024,0.03719989913362547,1.0342880197384046,1.07148791887203,1.4704353095117613,0.006518641168156775,8.0
2026-09-08 15:40:00,0.073112294,0.28572502088162,1.1199999749660492,12.329999724403024,0.03719989913362547,1.0342880197384046,1.07148791887203,1.4303252338315233,0.006518641168156775,8.0
2026-09-08 15:50:00,0.073112294,0.24302318868931466,1.1199999749660492,12.329999724403024,0.03719989913362547,1.0342880197384046,1.07148791887203,1.387623401639218,0.006518641168156775,8.0
2026-09-08 16:00:00,0.073112294,0.1980584720605343,1.1199999749660492,12.329999724403024,0.03719989913362547,1.0342880197384046,1.07148791887203,1.3426586850104376,0.006518641168156775,8.0
2026-09-08 16:10:00,0.073112294,0.15117987810266598,1.1199999749660492,12.329999724403024,0.03719989913362547,1.0342880197384046,1.07148791887203,1.2957800910525692,0.006518641168156775,8.0
2026-09-08 16:20:00,0.073112294,0.10275264768276766,1.1199999749660492,12.329999724403024,0.03719989913362547,1.0342880197384046,1.07148791887203,1.247352860632671,0.006518641168156775,8.0
2026-09-08 16:30:00,0.073112294,0.053154238786694175,1.1199999749660492,12.329999724403024,0.03719989913362547,1.0342880197384046,1.07148791887203,1.1977544517365974,0.006518641168156775,8.0
2026-09-08 16:40:00,0.073112294,0.0027702272909740895,1.1199999749660492,12.329999724403024,0.03719989913362547,1.0342880197384046,1.07148791887203,1.1473704402408775,0.006518641168156775,8.0
2026-09-08 16:50:00,0.073112294,-0.04800983921218402,1.1199999749660492,12.329999724403024,0.03719989913362547,1.0342880197384046,1.07148791887203,1.0965903737377194,0.006518641168156775,8.0
2026-09-08 17:00:00,0.073112294,-0.09879659172126339,1.1199999749660492,12.329999724403024,0.03719989913362547,1.0342880197384046,1.07148791887203,1.04580362122864,0.006518641168156775,8.0
2026-09-08 17:10:00,0.073112294,-0.14920494083382918,1.1199999749660492,12.329999724403024,0.03719989913362547,1.0342880197384046,1.07148791887203,0.9953952721160741,0.006518641168156775,8.0
2026-09-08 17:20:00,0.073112294,-0.19885806345632484,1.1199999749660492,12.329999724403024,0.03719989913362547,1.0342880197384046,1.07148791887203,0.9457421494935785,0.006518641168156775,8.0
2026-09-08 17:30:00,0.073112294,-0.2473911993192511,1.1199999749660492,12.329999724403024,0.03719989913362547,1.0342880197384046,1.07148791887203,0.8972090136306522,0.006518641168156775,8.0
2026-09-08 17:40:00,0.073112294,-0.294455174096864,1.1199999749660492,12.329999724403024,0.03719989913362547,1.0342880197384046,1.07148791887203,0.8501450388530394,0.006518641168156775,8.0
2026-09-08 17:50:00,0.073112294,-0.3397195636866181,1.1199999749660492,12.329999724403024,0.03719989913362547,1.0342880197384046,1.07148791887203,0.8048806492632852,0.006518641168156775,8.0
2026-09-08 18:00:00,0.073112294,-0.3828754190004419,1.1099999751895666,12.359999723732471,0.03712356152889113,1.0321655658643056,1.0692891273931968,0.7595260024706281,0.006518641168156775,8.0
2026-09-08 18:10:00,0.073112294,-0.4236374827619871,1.1099999751895666,12.359999723732471,0.03712356152889113,1.0321655658643056,1.0692891273931968,0.718763938709083,0.006518641168156775,8.0
2026-09-08 18:20:00,0.073112294,-0.4617458493239359,1.1099999751895666,12.359999723732471,0.03712356152889113,1.0321655658643056,1.0692891273931968,0.6806555721471341,0.006518641168156775,8.0
2026-09-08 18:30:00,0.073112294,-0.49696704426007854,1.1099999751895666,12.359999723732471,0.03712356152889113,1.0321655658643056,1.0692891273931968,0.6454343772109915,0.006518641168156775,8.0
2026-09-08 18:40:00,0.073112294,-0.5290945303012975,1.1099999751895666,12.359999723732471,0.03712356152889113,1.0321655658643056,1.0692891273931968,0.6133068911697726,0.006518641168156775,8.0
2026-09-08 18:50:00,0.073112294,-0.557948677766994,1.1099999751895666,12.359999723732471,0.03712356152889113,1.0321655658643056,1.0692891273931968,0.5844527437040761,0.006518641168156775,8.0
2026-09-08 19:00:00,0.073112294,-0.5833762676444724,1.1099999751895666,12.359999723732471,0.03712356152889113,1.0321655658643056,1.0692891273931968,0.5590251538265977,0.006518641168156775,8.0
2026-09-08 19:10:00,0.073112294,-0.605249621243849,1.1099999751895666,12.359999723732471,0.03712356152889113,1.0321655658643056,1.0692891273931968,0.5371518002272211,0.006518641168156775,8.0
2026-09-08 19:20:00,0.073112294,-0.6234654689143343,1.1099999751895666,12.359999723732471,0.03712356152889113,1.0321655658643056,1.0692891273931968,0.5189359525567357,0.006518641168156775,8.0
2026-09-08 19:30:00,0.073112294,-0.6379436797381518,1.1099999751895666,12.359999723732471,0.03712356152889113,1.0321655658643056,1.0692891273931968,0.5044577417329182,0.006518641168156775,8.0
2026-09-08 19:40:00,0.073112294,-0.648625973193236,1.1099999751895666,12.359999723732471,0.03712356152889113,1.0321655658643056,1.0692891273931968,0.49377544827783404,0.006518641168156775,8.0
2026-09-08 19:50:00,0.073112294,-0.6554747223559896,1.1099999751895666,12.359999723732471,0.03712356152889113,1.0321655658643056,1.0692891273931968,0.48692669911508046,0.006518641168156775,8.0
2026-09-08 20:00:00,0.073112294,-0.6584719372571283,1.1099999751895666,12.359999723732471,0.03712356152889113,1.0321655658643056,1.0692891273931968,0.4839294842139418,0.006518641168156775,8.0
2026-09-08 20:10:00,0.073112294,-0.6576184885262576,1.1099999751895666,12.359999723732471,0.03712356152889113,1.0321655658643056,1.0692891273931968,0.48478293294481245,0.006518641168156775,8.0
2026-09-08 20:20:00,0.073112294,-0.6529335981818737,1.1099999751895666,12.359999723732471,0.03712356152889113,1.0321655658643056,1.0692891273931968,0.48946782328919636,0.006518641168156775,8.0
2026-09-08 20:30:00,0.073112294,-0.6444545898725378,1.1099999751895666,12.359999723732471,0.03712356152889113,1.0321655658643056,1.0692891273931968,0.49794683159853226,0.006518641168156775,8.0
2026-09-08 20:40:00,0.073112294,-0.6322368583153043,1.1099999751895666,12.359999723732471,0.03712356152889113,1.0321655658643056,1.0692891273931968,0.5101645631557657,0.006518641168156775,8.0
2026-09-08 20:50:00,0.073112294,-0.6163539907914407,1.1099999751895666,12.359999723732471,0.03712356152889113,1.0321655658643056,1.0692891273931968,0.5260474306796293,0.006518641168156775,8.0
2026-09-08 21:00:00,0.073112294,-0.5968979547985793,1.099999975413084,12.479999721050262,0.03731475567128786,1.0374814354104773,1.0747961910817652,0.5510105303610591,0.006518641168156775,8.0
2026-09-08 21:10:00,0.073112294,-0.5739792574901593,1.099999975413084,12.479999721050262,0.03731475567128786,1.0374814354104773,1.0747961910817652,0.5739292276694791,0.006518641168156775,8.0
2026-09-08 21:20:00,0.073112294,-0.5477269850529303,1.099999975413084,12.479999721050262,0.03731475567128786,1.0374814354104773,1.0747961910817652,0.6001815001067081,0.006518641168156775,8.0
2026-09-08 21:30:00,0.073112294,-0.5182886432559656,1.099999975413084,12.479999721050262,0.03731475567128786,1.0374814354104773,1.0747961910817652,0.6296198419036728,0.006518641168156775,8.0
2026-09-08 21:40:00,0.073112294,-0.4858297427458387,1.099999975413084,12.479999721050262,0.03731475567128786,1.0374814354104773,1.0747961910817652,0.6620787424137997,0.006518641168156775,8.0
2026-09-08 21:50:00,0.073112294,-0.45053310130241897,1.099999975413084,12.479999721050262,0.03731475567128786,1.0374814354104773,1.0747961910817652,0.6973753838572194,0.006518641168156775,8.0
2026-09-08 22:00:00,0.073112294,-0.4125978674607813,1.099999975413084,12.479999721050262,0.03731475567128786,1.0374814354104773,1.0747961910817652,0.7353106176988571,0.006518641168156775,8.0
2026-09-08 22:10:00,0.073112294,-0.3722383013298283,1.099999975413084,12.479999721050262,0.03731475567128786,1.0374814354104773,1.0747961910817652,0.7756701838298101,0.006518641168156775,8.0
2026-09-08 22:20:00,0.073112294,-0.3296823760493389,1.099999975413084,12.479999721050262,0.03731475567128786,1.0374814354104773,1.0747961910817652,0.8182261091102995,0.006518641168156775,8.0
2026-09-08 22:30:00,0.073112294,-0.2851702833339289,1.099999975413084,12.479999721050262,0.03731475567128786,1.0374814354104773,1.0747961910817652,0.8627382018257095,0.006518641168156775,8.0
2026-09-08 22:40:00,0.073112294,-0.2389529368534596,1.099999975413084,12.479999721050262,0.03731475567128786,1.0374814354104773,1.0747961910817652,0.9089555483061788,0.006518641168156775,8.0
2026-09-08 22:50:00,0.073112294,-0.1912905661790428,1.099999975413084,12.479999721050262,0.03731475567128786,1.0374814354104773,1.0747961910817652,0.9566179189805956,0.006518641168156775,8.0
2026-09-08 23:00:00,0.073112294,-0.14245148144445702,1.099999975413084,12.479999721050262,0.03731475567128786,1.0374814354104773,1.0747961910817652,1.0054570037151813,0.006518641168156775,8.0
2026-09-08 23:10:00,0.073112294,-0.09271106607994392,1.099999975413084,12.479999721050262,0.03731475567128786,1.0374814354104773,1.0747961910817652,1.0551974190796944,0.006518641168156775,8.0
2026-09-08 23:20:00,0.073112294,-0.0423510237139978,1.099999975413084,12.479999721050262,0.03731475567128786,1.0374814354104773,1.0747961910817652,1.1055574614456405,0.006518641168156775,8.0
2026-09-08 23:30:00,0.073112294,0.008341130512015672,1.099999975413084,12.479999721050262,0.03731475567128786,1.0374814354104773,1.0747961910817652,1.156249615671654,0.006518641168156775,8.0
2026-09-08 23:40:00,0.073112294,0.0590723815012367,1.099999975413084,12.479999721050262,0.03731475567128786,1.0374814354104773,1.0747961910817652,1.206980866660875,0.006518641168156775,8.0
2026-09-08 23:50:00,0.073112294,0.10954441016424689,1.099999975413084,12.479999721050262,0.03731475567128786,1.0374814354104773,1.0747961910817652,1.2574528953238853,0.006518641168156775,8.0
2026-09-09 00:00:00,0.06203326,0.15945378331491714,1.0899999756366014,12.879999712109566,0.03833529294836712,1.0658559607173328,1.1041912536657,1.3256782953591228,0.006518641168156775,8.0
2026-09-09 00:10:00,0.06203326,0.20849226498865847,1.0899999756366014,12.879999712109566,0.03833529294836712,1.0658559607173328,1.1041912536657,1.374716777032864,0.006518641168156775,8.0
2026-09-09 00:20:00,0.06203326,0.25634738263415546,1.0899999756366014,12.879999712109566,0.03833529294836712,1.0658559607173328,1.1041912536657,1.4225718946783612,0.006518641168156775,8.0
2026-09-09 00:30:00,0.06203326,0.3027033745148106,1.0899999756366014,12.879999712109566,0.03833529294836712,1.0658559607173328,1.1041912536657,1.4689278865590163,0.006518641168156775,8.0
2026-09-09 00:40:00,0.06203326,0.34724262454309646,1.0899999756366014,12.879999712109566,0.03833529294836712,1.0658559607173328,1.1041912536657,1.513467136587302,0.006518641168156775,8.0
2026-09-09 00:50:00,0.06203326,0.38964765944041424,1.0899999756366014,12.879999712109566,0.03833529294836712,1.0658559607173328,1.1041912536657,1.5558721714846198,0.006518641168156775,8.0
2026-09-09 01:00:00,0.06203326,0.42960374293393594,1.0899999756366014,12.879999712109566,0.03833529294836712,1.0658559607173328,1.1041912536657,1.5958282549781415,0.006518641168156775,8.0
2026-09-09 01:10:00,0.06203326,0.46680205655650775,1.0899999756366014,12.879999712109566,0.03833529294836712,1.0658559607173328,1.1041912536657,1.6330265686007133,0.006518641168156775,8.0
2026-09-09 01:20:00,0.06203326,0.5009434101012287,1.0899999756366014,12.879999712109566,0.03833529294836712,1.0658559607173328,1.1041912536657,1.6671679221454343,0.006518641168156775,8.0
2026-09-09 01:30:00,0.06203326,0.5317423814169588,1.0899999756366014,12.879999712109566,0.03833529294836712,1.0658559607173328,1.1041912536657,1.6979668934611645,0.006518641168156775,8.0
2026-09-09 01:40:00,0.06203326,0.5589317485147443,1.0899999756366014,12.879999712109566,0.03833529294836712,1.0658559607173328,1.1041912536657,1.7251562605589499,0.006518641168156775,8.0
2026-09-09 01:50:00,0.06203326,0.5822670501528295,1.0899999756366014,12.879999712109566,0.03833529294836712,1.0658559607173328,1.1041912536657,1.7484915621970352,0.006518641168156775,8.0
2026-09-09 02:00:00,0.06203326,0.6015310962294457,1.0899999756366014,12.879999712109566,0.03833529294836712,1.0658559607173328,1.1041912536657,1.7677556082736512,0.006518641168156775,8.0
2026-09-09 02:10:00,0.06203326,0.6165382473853851,1.0899999756366014,12.879999712109566,0.03833529294836712,1.0658559607173328,1.1041912536657,1.7827627594295907,0.006518641168156775,8.0
2026-09-09 02:20:00,0.06203326,0.6271382938907734,1.0899999756366014,12.879999712109566,0.03833529294836712,1.0658559607173328,1.1041912536657,1.7933628059349789,0.006518641168156775,8.0
2026-09-09 02:30:00,0.06203326,0.6332197857819193,1.0899999756366014,12.879999712109566,0.03833529294836712,1.0658559607173328,1.1041912536657,1.799444297826125,0.006518641168156775,8.0
2026-09-09 02:40:00,0.06203326,0.6347126966941463,1.0899999756366014,12.879999712109566,0.03833529294836712,1.0658559607173328,1.1041912536657,1.800937208738352,0.006518641168156775,8.0
2026-09-09 02:50:00,0.06203326,0.6315903401121848,1.0899999756366014,12.879999712109566,0.03833529294836712,1.0658559607173328,1.1041912536657,1.7978148521563906,0.006518641168156775,8.0
2026-09-09 03:00:00,0.06203326,0.6238704949582394,1.0799999758601189,13.109999706968665,0.03884044918348964,1.079901080576572,1.1187415297600618,1.804645283096807,0.006518641168156775,8.0
2026-09-09 03:10:00,0.06203326,0.6116157345712044,1.0799999758601189,13.109999706968665,0.03884044918348964,1.079901080576572,1.1187415297600618,1.792390522709772,0.006518641168156775,8.0
2026-09-09 03:20:00,0.06203326,0.5949329858646683,1.0799999758601189,13.109999706968665,0.03884044918348964,1.079901080576572,1.1187415297600618,1.7757077740032359,0.006518641168156775,8.0
2026-09-09 03:30:00,0.06203326,0.573972371631581,1.0799999758601189,13.109999706968665,0.03884044918348964,1.079901080576572,1.1187415297600618,1.7547471597701485,0.006518641168156775,8.0
2026-09-09 03:40:00,0.06203326,0.5489254072046713,1.0799999758601189,13.109999706968665,0.03884044918348964,1.079901080576572,1.1187415297600618,1.7297001953432387,0.006518641168156775,8.0
2026-09-09 03:50:00,0.06203326,0.5200226323298018,1.0799999758601189,13.109999706968665,0.03884044918348964,1.079901080576572,1.1187415297600618,1.7007974204683693,0.006518641168156775,8.0
2026-09-09 04:00:00,0.06203326,0.4875307613201784,1.0799999758601189,13.109999706968665,0.03884044918348964,1.079901080576572,1.1187415297600618,1.668305549458746,0.006518641168156775,8.0
2026-09-09 04:10:00,0.06203326,0.45174942982886124,1.0799999758601189,13.109999706968665,0.03884044918348964,1.079901080576572,1.1187415297600618,1.6325242179674286,0.006518641168156775,8.0
2026-09-09 04:20:00,0.06203326,0.41300760822242,1.0799999758601189,13.109999706968665,0.03884044918348964,1.079901080576572,1.1187415297600618,1.5937823963609876,0.006518641168156775,8.0
2026-09-09 04:30:00,0.06203326,0.3716597405819432,1.0799999758601189,13.109999706968665,0.03884044918348964,1.079901080576572,1.1187415297600618,1.5524345287205108,0.006518641168156775,8.0
2026-09-09 04:40:00,0.06203326,0.3280816584095811,1.0799999758601189,13.109999706968665,0.03884044918348964,1.079901080576572,1.1187415297600618,1.5088564465481487,0.006518641168156775,8.0
2026-09-09 04:50:00,0.06203326,0.282666310495214,1.0799999758601189,13.109999706968665,0.03884044918348964,1.079901080576572,1.1187415297600618,1.4634410986337816,0.006518641168156775,8.0
2026-09-09 05:00:00,0.06203326,0.23581934683390732,1.0799999758601189,13.109999706968665,0.03884044918348964,1.079901080576572,1.1187415297600618,1.4165941349724749,0.006518641168156775,8.0
2026-09-09 05:10:00,0.06203326,0.1879545959959476,1.0799999758601189,13.109999706968665,0.03884044918348964,1.079901080576572,1.1187415297600618,1.3687293841345152,0.006518641168156775,8.0
2026-09-09 05:20:00,0.06203326,0.1394894812235776,1.0799999758601189,13.109999706968665,0.03884044918348964,1.079901080576572,1.1187415297600618,1.3202642693621451,0.006518641168156775,8.0
2026-09-09 05:30:00,0.06203326,0.090840430712112,1.0799999758601189,13.109999706968665,0.03884044918348964,1.079901080576572,1.1187415297600618,1.2716152188506795,0.006518641168156775,8.0
2026-09-09 05:40:00,0.06203326,0.04241834918868951,1.0799999758601189,13.109999706968665,0.03884044918348964,1.079901080576572,1.1187415297600618,1.223193137327257,0.006518641168156775,8.0
2026-09-09 05:50:00,0.06203326,-0.005375769633136455,1.0799999758601189,13.109999706968665,0.03884044918348964,1.079901080576572,1.1187415297600618,1.175399018505431,0.006518641168156775,8.0
2026-09-09 06:00:00,0.06203326,-0.052155000805823304,1.0699999760836363,13.0899997074157,0.038601235901921375,1.073250110088732,1.1118513459906534,1.1217296035633357,0.006518641168156775,8.0
2026-09-09 06:10:00,0.06203326,-0.09755032170307372,1.0699999760836363,13.0899997074157,0.038601235901921375,1.073250110088732,1.1118513459906534,1.0763342826660853,0.006518641168156775,8.0
2026-09-09 06:20:00,0.06203326,-0.14121402827250581,1.0699999760836363,13.0899997074157,0.038601235901921375,1.073250110088732,1.1118513459906534,1.0326705760966532,0.006518641168156775,8.0
2026-09-09 06:30:00,0.06203326,-0.1828226495130627,1.0699999760836363,13.0899997074157,0.038601235901921375,1.073250110088732,1.1118513459906534,0.9910619548560964,0.006518641168156775,8.0
2026-09-09 06:40:00,0.06203326,-0.222079291985724,1.0699999760836363,13.0899997074157,0.038601235901921375,1.073250110088732,1.1118513459906534,0.9518053123834351,0.006518641168156775,8.0
2026-09-09 06:50:00,0.06203326,-0.2587153697612871,1.0699999760836363,13.0899997074157,0.038601235901921375,1.073250110088732,1.1118513459906534,0.9151692346078719,0.006518641168156775,8.0
2026-09-09 07:00:00,0.06203326,-0.29249170400016394,1.0699999760836363,13.0899997074157,0.038601235901921375,1.073250110088732,1.1118513459906534,0.8813929003689951,0.006518641168156775,8.0
2026-09-09 07:10:00,0.06203326,-0.3231990086914472,1.0699999760836363,13.0899997074157,0.038601235901921375,1.073250110088732,1.1118513459906534,0.850685595677712,0.006518641168156775,8.0
2026-09-09 07:20:00,0.06203326,-0.35065781134056395,1.0699999760836363,13.0899997074157,0.038601235901921375,1.073250110088732,1.1118513459906534,0.8232267930285951,0.006518641168156775,8.0
2026-09-09 07:30:00,0.06203326,-0.37471788726637484,1.0699999760836363,13.0899997074157,0.038601235901921375,1.073250110088732,1.1118513459906534,0.7991667171027843,0.006518641168156775,8.0
2026-09-09 07:40:00,0.06203326,-0.39525731004754017,1.0699999760836363,13.0899997074157,0.038601235901921375,1.073250110088732,1.1118513459906534,0.7786272943216189,0.006518641168156775,8.0
2026-09-09 07:50:00,0.06203326,-0.4121812365792142,1.0699999760836363,13.0899997074157,0.038601235901921375,1.073250110088732,1.1118513459906534,0.761703367789945,0.006518641168156775,8.0
2026-09-09 08:00:00,0.06203326,-0.42542055112265625,1.0699999760836363,13.0899997074157,0.038601235901921375,1.073250110088732,1.1118513459906534,0.7484640532465028,0.006518641168156775,8.0
2026-09-09 08:10:00,0.06203326,-0.4349304880918008,1.0699999760836363,13.0899997074157,0.038601235901921375,1.073250110088732,1.1118513459906534,0.7389541162773583,0.006518641168156775,8.0
2026-09-09 08:20:00,0.06203326,-0.4406893383910513,1.0699999760836363,13.0899997074157,0.038601235901921375,1.073250110088732,1.1118513459906534,0.7331952659781078,0.006518641168156775,8.0
2026-09-09 08:30:00,0.06203326,-0.44269732041667004,1.0699999760836363,13.0899997074157,0.038601235901921375,1.073250110088732,1.1118513459906534,0.7311872839524891,0.006518641168156775,8.0
2026-09-09 08:40:00,0.06203326,-0.4409756665821564,1.0699999760836363,13.0899997074157,0.038601235901921375,1.073250110088732,1.1118513459906534,0.7329089377870026,0.006518641168156775,8.0
2026-09-09 08:50:00,0.06203326,-0.4355659427588961,1.0699999760836363,13.0899997074157,0.038601235901921375,1.073250110088732,1.1118513459906534,0.738318661610263,0.006518641168156775,8.0
2026-09-09 09:00:00,0.06203326,-0.42652958448294725,1.0599999763071537,13.109999706968665,0.038479134826332924,1.069855270784876,1.108334405611209,0.7438380795067674,0.006518641168156775,8.0
2026-09-09 09:10:00,0.06203326,-0.41394760400959973,1.0599999763071537,13.109999706968665,0.038479134826332924,1.069855270784876,1.108334405611209,0.756420059980115,0.006518641168156775,8.0
2026-09-09 09:20:00,0.06203326,-0.3979203990713564,1.0599999763071537,13.109999706968665,0.038479134826332924,1.069855270784876,1.108334405611209,0.7724472649183582,0.006518641168156775,8.0
2026-09-09 09:30:00,0.06203326,-0.3785675801394773,1.0599999763071537,13.109999706968665,0.038479134826332924,1.069855270784876,1.108334405611209,0.7918000838502375,0.006518641168156775,8.0
2026-09-09 09:40:00,0.06203326,-0.35602772949569067,1.0599999763071537,13.109999706968665,0.038479134826332924,1.069855270784876,1.108334405611209,0.8143399344940241,0.006518641168156775,8.0
2026-09-09 09:50:00,0.06203326,-0.33045801252778284,1.0599999763071537,13.109999706968665,0.038479134826332924,1.069855270784876,1.108334405611209,0.8399096514619319,0.006518641168156775,8.0
2026-09-09 10:00:00,0.06203326,-0.30203357894267574,1.0599999763071537,13.109999706968665,0.038479134826332924,1.069855270784876,1.108334405611209,0.8683340850470389,0.006518641168156775,8.0
2026-09-09 10:10:00,0.06203326,-0.2709467162362551,1.0599999763071537,13.109999706968665,0.038479134826332924,1.069855270784876,1.108334405611209,0.8994209477534596,0.006518641168156775,8.0
2026-09-09 10:20:00,0.06203326,-0.2374057478814305,1.0599999763071537,13.109999706968665,0.038479134826332924,1.069855270784876,1.108334405611209,0.9329619161082842,0.006518641168156775,8.0
2026-09-09 10:30:00,0.06203326,-0.20163369959700927,1.0599999763071537,13.109999706968665,0.038479134826332924,1.069855270784876,1.108334405611209,0.9687339643927054,0.006518641168156775,8.0
2026-09-09 10:40:00,0.06203326,-0.16386678626079765,1.0599999763071537,13.109999706968665,0.038479134826332924,1.069855270784876,1.108334405611209,1.006500877728917,0.006518641168156775,8.0
2026-09-09 10:50:00,0.06203326,-0.12435279499711527,1.0599999763071537,13.109999706968665,0.038479134826332924,1.069855270784876,1.108334405611209,1.0460148689925994,0.006518641168156775,8.0
2026-09-09 11:00:00,0.06203326,-0.08334945447175114,1.0599999763071537,13.109999706968665,0.038479134826332924,1.069855270784876,1.108334405611209,1.0870182095179635,0.006518641168156775,8.0
2026-09-09 11:10:00,0.06203326,-0.041122884312603275,1.0599999763071537,13.109999706968665,0.038479134826332924,1.069855270784876,1.108334405611209,1.1292447796771115,0.006518641168156775,8.0
2026-09-09 11:20:00,0.06203326,0.002053789246534925,1.0599999763071537,13.109999706968665,0.038479134826332924,1.069855270784876,1.108334405611209,1.1724214532362496,0.006518641168156775,8.0
2026-09-09 11:30:00,0.06203326,0.04590158388247317,1.0599999763071537,13.109999706968665,0.038479134826332924,1.069855270784876,1.108334405611209,1.216269247872188,0.006518641168156775,8.0
2026-09-09 11:40:00,0.06203326,0.09013653853942027,1.0599999763071537,13.109999706968665,0.038479134826332924,1.069855270784876,1.108334405611209,1.2605042025291349,0.006518641168156775,8.0
2026-09-09 11:50:00,0.06203326,0.1344703126740618,1.0599999763071537,13.109999706968665,0.038479134826332924,1.069855270784876,1.108334405611209,1.3048379766637765,0.006518641168156775,8.0
2026-09-09 12:00:00,0.06203326,0.17861054046994976,1.0399999767541885,13.189999705180526,0.038346977582133936,1.0661808346283248,1.1045278122104587,1.3451716110589143,0.006518641168156775,8.0
2026-09-09 12:10:00,0.06203326,0.222261009642731,1.0399999767541885,13.189999705180526,0.038346977582133936,1.0661808346283248,1.1045278122104587,1.3888220802316953,0.006518641168156775,8.0
2026-09-09 12:20:00,0.06203326,0.2651217666015863,1.0399999767541885,13.189999705180526,0.038346977582133936,1.0661808346283248,1.1045278122104587,1.4316828371905508,0.006518641168156775,8.0
2026-09-09 12:30:00,0.06203326,0.3068892731857139,1.0399999767541885,13.189999705180526,0.038346977582133936,1.0661808346283248,1.1045278122104587,1.4734503437746782,0.006518641168156775,8.0
2026-09-09 12:40:00,0.06203326,0.3472567524263075,1.0399999767541885,13.189999705180526,0.038346977582133936,1.0661808346283248,1.1045278122104587,1.513817823015272,0.006518641168156775,8.0
2026-09-09 12:50:00,0.06203326,0.38591486028413935,1.0399999767541885,13.189999705180526,0.038346977582133936,1.0661808346283248,1.1045278122104587,1.5524759308731038,0.006518641168156775,8.0
2026-09-09 13:00:00,0.06203326,0.42255280613361373,1.0399999767541885,13.189999705180526,0.038346977582133936,1.0661808346283248,1.1045278122104587,1.589113876722578,0.006518641168156775,8.0
2026-09-09 13:10:00,0.06203326,0.45686001853630714,1.0399999767541885,13.189999705180526,0.038346977582133936,1.0661808346283248,1.1045278122104587,1.6234210891252716,0.006518641168156775,8.0
2026-09-09 13:20:00,0.06203326,0.48852841580559986,1.0399999767541885,13.189999705180526,0.038346977582133936,1.0661808346283248,1.1045278122104587,1.6550894863945642,0.006518641168156775,8.0
2026-09-09 13:30:00,0.06203326,0.5172552970754711,1.0399999767541885,13.189999705180526,0.038346977582133936,1.0661808346283248,1.1045278122104587,1.6838163676644355,0.006518641168156775,8.0
2026-09-09 13:40:00,0.06203326,0.5427468220253829,1.0399999767541885,13.189999705180526,0.038346977582133936,1.0661808346283248,1.1045278122104587,1.7093078926143472,0.006518641168156775,8.0
2026-09-09 13:50:00,0.06203326,0.5647220009501749,1.0399999767541885,13.189999705180526,0.038346977582133936,1.0661808346283248,1.1045278122104587,1.7312830715391394,0.006518641168156775,8.0
2026-09-09 14:00:00,0.06203326,0.5829170750169447,1.0399999767541885,13.189999705180526,0.038346977582133936,1.0661808346283248,1.1045278122104587,1.749478145605909,0.006518641168156775,8.0
2026-09-09 14:10:00,0.06203326,0.5970901331992288,1.0399999767541885,13.189999705180526,0.038346977582133936,1.0661808346283248,1.1045278122104587,1.7636512037881933,0.006518641168156775,8.0
2026-09-09 14:20:00,0.06203326,0.6070257900393329,1.0399999767541885,13.189999705180526,0.038346977582133936,1.0661808346283248,1.1045278122104587,1.7735868606282974,0.006518641168156775,8.0
2026-09-09 14:30:00,0.06203326,0.6125397387266297,1.0399999767541885,13.189999705180526,0.038346977582133936,1.0661808346283248,1.1045278122104587,1.7791008093155942,0.006518641168156775,8.0
2026-09-09 14:40:00,0.06203326,0.6134829973699306,1.0399999767541885,13.189999705180526,0.038346977582133936,1.0661808346283248,1.1045278122104587,1.7800440679588951,0.006518641168156775,8.0
2026-09-09 14:50:00,0.06203326,0.6097456819532844,1.0399999767541885,13.189999705180526,0.038346977582133936,1.0661808346283248,1.1045278122104587,1.776306752542249,0.006518641168156775,8.0
2026-09-09 15:00:00,0.06203326,0.6012601652851197,1.0799999758601189,13.39999970048666,0.03969962006550428,1.1037890526106837,1.143488672676188,1.8067820963398133,0.006518641168156775,8.0
2026-09-09 15:10:00,0.06203326,0.5880035146644557,1.0799999758601189,13.39999970048666,0.03969962006550428,1.1037890526106837,1.143488672676188,1.7935254457191494,0.006518641168156775,8.0
2026-09-09 15:20:00,0.06203326,0.5699991384504964,1.0799999758601189,13.39999970048666,0.03969962006550428,1.1037890526106837,1.143488672676188,1.77552106950519,0.006518641168156775,8.0
2026-09-09 15:30:00,0.06203326,0.5473176100055649,1.0799999758601189,13.39999970048666,0.03969962006550428,1.1037890526106837,1.143488672676188,1.7528395410602586,0.006518641168156775,8.0
2026-09-09 15:40:00,0.06203326,0.5200766731321513,1.0799999758601189,13.39999970048666,0.03969962006550428,1.1037890526106837,1.143488672676188,1.725598604186845,0.006518641168156775,8.0
2026-09-09 15:50:00,0.06203326,0.4884404634588538,1.0799999758601189,13.39999970048666,0.03969962006550428,1.1037890526106837,1.143488672676188,1.6939623945135474,0.006518641168156775,8.0
2026-09-09 16:00:00,0.06203326,0.45261800358488097,1.0799999758601189,13.39999970048666,0.03969962006550428,1.1037890526106837,1.143488672676188,1.6581399346395747,0.006518641168156775,8.0
2026-09-09 16:10:00,0.06203326,0.4128610445947872,1.0799999758601189,13.39999970048666,0.03969962006550428,1.1037890526106837,1.143488672676188,1.6183829756494807,0.006518641168156775,8.0
2026-09-09 16:20:00,0.06203326,0.3694613338353231,1.0799999758601189,13.39999970048666,0.03969962006550428,1.1037890526106837,1.143488672676188,1.5749832648900166,0.006518641168156775,8.0
2026-09-09 16:30:00,0.06203326,0.3227473883721613,1.0799999758601189,13.39999970048666,0.03969962006550428,1.1037890526106837,1.143488672676188,1.528269319426855,0.006518641168156775,8.0
2026-09-09 16:40:00,0.06203326,0.27308084837142826,1.0799999758601189,13.39999970048666,0.03969962006550428,1.1037890526106837,1.143488672676188,1.4786027794261218,0.006518641168156775,8.0
2026-09-09 16:50:00,0.06203326,0.2208524757728334,1.0799999758601189,13.39999970048666,0.03969962006550428,1.1037890526106837,1.143488672676188,1.426374406827527,0.006518641168156775,8.0
2026-09-09 17:00:00,0.06203326,0.16647785439452428,1.0799999758601189,13.39999970048666,0.03969962006550428,1.1037890526106837,1.143488672676188,1.3719997854492179,0.006518641168156775,8.0
2026-09-09 17:10:00,0.06203326,0.11039283978205462,1.0799999758601189,13.39999970048666,0.03969962006550428,1.1037890526106837,1.143488672676188,1.3159147708367482,0.006518641168156775,8.0
2026-09-09 17:20:00,0.06203326,0.05304880245349594,1.0799999758601189,13.39999970048666,0.03969962006550428,1.1037890526106837,1.143488672676188,1.2585707335081895,0.006518641168156775,8.0
2026-09-09 17:30:00,0.06203326,-0.0050922915515079275,1.0799999758601189,13.39999970048666,0.03969962006550428,1.1037890526106837,1.143488672676188,1.2004296395031857,0.006518641168156775,8.0
2026-09-09 17:40:00,0.06203326,-0.06356291456162529,1.0799999758601189,13.39999970048666,0.03969962006550428,1.1037890526106837,1.143488672676188,1.1419590164930684,0.006518641168156775,8.0
2026-09-09 17:50:00,0.06203326,-0.12189506792911305,1.0799999758601189,13.39999970048666,0.03969962006550428,1.1037890526106837,1.143488672676188,1.0836268631255805,0.006518641168156775,8.0
2026-09-09 18:00:00,0.06203326,-0.1796253603297689,1.099999975413084,13.419999700039625,0.040125322204221395,1.115625069167356,1.1557503913715774,1.0381582894203143,0.006518641168156775,8.0
2026-09-09 18:10:00,0.06203326,-0.23629999133346893,1.099999975413084,13.419999700039625,0.040125322204221395,1.115625069167356,1.1557503913715774,0.9814836584166142,0.006518641168156775,8.0
2026-09-09 18:20:00,0.06203326,-0.29147954662121306,1.099999975413084,13.419999700039625,0.040125322204221395,1.115625069167356,1.1557503913715774,0.9263041031288701,0.006518641168156775,8.0
2026-09-09 18:30:00,0.06203326,-0.344743503082369,1.099999975413084,13.419999700039625,0.040125322204221395,1.115625069167356,1.1557503913715774,0.8730401466677141,0.006518641168156775,8.0
2026-09-09 18:40:00,0.06203326,-0.3956943399586229,1.099999975413084,13.419999700039625,0.040125322204221395,1.115625069167356,1.1557503913715774,0.8220893097914602,0.006518641168156775,8.0
2026-09-09 18:50:00,0.06203326,-0.44396115711808143,1.099999975413084,13.419999700039625,0.040125322204221395,1.115625069167356,1.1557503913715774,0.7738224926320016,0.006518641168156775,8.0
2026-09-09 19:00:00,0.06203326,-0.4892027144401467,1.099999975413084,13.419999700039625,0.040125322204221395,1.115625069167356,1.1557503913715774,0.7285809353099364,0.006518641168156775,8.0
2026-09-09 19:10:00,0.06203326,-0.5311098271396957,1.099999975413084,13.419999700039625,0.040125322204221395,1.115625069167356,1.1557503913715774,0.6866738226103875,0.006518641168156775,8.0
2026-09-09 19:20:00,0.06203326,-0.569407078926747,1.099999975413084,13.419999700039625,0.040125322204221395,1.115625069167356,1.1557503913715774,0.6483765708233361,0.006518641168156775,8.0
2026-09-09 19:30:00,0.06203326,-0.6038538471173619,1.099999975413084,13.419999700039625,0.040125322204221395,1.115625069167356,1.1557503913715774,0.6139298026327212,0.006518641168156775,8.0
2026-09-09 19:40:00,0.06203326,-0.6342446675301556,1.099999975413084,13.419999700039625,0.040125322204221395,1.115625069167356,1.1557503913715774,0.5835389822199275,0.006518641168156775,8.0
2026-09-09 19:50:00,0.06203326,-0.66040900009615,1.099999975413084,13.419999700039625,0.040125322204221395,1.115625069167356,1.1557503913715774,0.5573746496539331,0.006518641168156775,8.0
2026-09-09 20:00:00,0.06203326,-0.6822104847613675,1.099999975413084,13.419999700039625,0.040125322204221395,1.115625069167356,1.1557503913715774,0.5355731649887157,0.006518641168156775,8.0
2026-09-09 20:10:00,0.06203326,-0.6995457992180264,1.099999975413084,13.419999700039625,0.040125322204221395,1.115625069167356,1.1557503913715774,0.5182378505320567,0.006518641168156775,8.0
2026-09-09 20:20:00,0.06203326,-0.7123432427026049,1.099999975413084,13.419999700039625,0.040125322204221395,1.115625069167356,1.1557503913715774,0.5054404070474783,0.006518641168156775,8.0
2026-09-09 20:30:00,0.06203326,-0.7205611724683217,1.099999975413084,13.419999700039625,0.040125322204221395,1.115625069167356,1.1557503913715774,0.4972224772817614,0.006518641168156775,8.0
2026-09-09 20:40:00,0.06203326,-0.7241864112209317,1.099999975413084,13.419999700039625,0.040125322204221395,1.115625069167356,1.1557503913715774,0.4935972385291514,0.006518641168156775,8.0
2026-09-09 20:50:00,0.06203326,-0.7232327256625889,1.099999975413084,13.419999700039625,0.040125322204221395,1.115625069167356,1.1557503913715774,0.49455092408749424,0.006518641168156775,8.0
2026-09-09 21:00:00,0.06203326,-0.7177394501814471,1.1099999751895666,13.329999702051282,0.04003698019256624,1.1131688505640123,1.1532058307565785,0.497499638953637,0.006518641168156775,8.0
2026-09-09 21:10:00,0.06203326,-0.7077702984362425,1.1099999751895666,13.329999702051282,0.04003698019256624,1.1131688505640123,1.1532058307565785,0.5074687906988417,0.006518641168156775,8.0
2026-09-09 21:20:00,0.06203326,-0.6934123722944309,1.1099999751895666,13.329999702051282,0.04003698019256624,1.1131688505640123,1.1532058307565785,0.5218267168406533,0.006518641168156775,8.0
2026-09-09 21:30:00,0.06203326,-0.6747753459415055,1.1099999751895666,13.329999702051282,0.04003698019256624,1.1131688505640123,1.1532058307565785,0.5404637431935787,0.006518641168156775,8.0
2026-09-09 21:40:00,0.06203326,-0.651990776171616,1.1099999751895666,13.329999702051282,0.04003698019256624,1.1131688505640123,1.1532058307565785,0.5632483129634681,0.006518641168156775,8.0
2026-09-09 21:50:00,0.06203326,-0.6252114708444948,1.1099999751895666,13.329999702051282,0.04003698019256624,1.1131688505640123,1.1532058307565785,0.5900276182905894,0.006518641168156775,8.0
2026-09-09 22:00:00,0.06203326,-0.5946108381298403,1.1099999751895666,13.329999702051282,0.04003698019256624,1.1131688505640123,1.1532058307565785,0.6206282510052439,0.006518641168156775,8.0
2026-09-09 22:10:00,0.06203326,-0.5603821403257042,1.1099999751895666,13.329999702051282,0.04003698019256624,1.1131688505640123,1.1532058307565785,0.65485694880938,0.006518641168156775,8.0
2026-09-09 22:20:00,0.06203326,-0.5227375875824468,1.1099999751895666,13.329999702051282,0.04003698019256624,1.1131688505640123,1.1532058307565785,0.6925015015526373,0.006518641168156775,8.0
2026-09-09 22:30:00,0.06203326,-0.4819072271025677,1.1099999751895666,13.329999702051282,0.04003698019256624,1.1131688505640123,1.1532058307565785,0.7333318620325164,0.006518641168156775,8.0
2026-09-09 22:40:00,0.06203326,-0.4381376101283495,1.1099999751895666,13.329999702051282,0.04003698019256624,1.1131688505640123,1.1532058307565785,0.7771014790067347,0.006518641168156775,8.0
2026-09-09 22:50:00,0.06203326,-0.3916902488101791,1.1099999751895666,13.329999702051282,0.04003698019256624,1.1131688505640123,1.1532058307565785,0.823548840324905,0.006518641168156775,8.0
2026-09-09 23:00:00,0.06203326,-0.3428399044747929,1.1099999751895666,13.329999702051282,0.04003698019256624,1.1131688505640123,1.1532058307565785,0.8723991846602912,0.006518641168156775,8.0
2026-09-09 23:10:00,0.06203326,-0.29187277405594536,1.1099999751895666,13.329999702051282,0.04003698019256624,1.1131688505640123,1.1532058307565785,0.9233663150791388,0.006518641168156775,8.0
2026-09-09 23:20:00,0.06203326,-0.23908465949450525,1.1099999751895666,13.329999702051282,0.04003698019256624,1.1131688505640123,1.1532058307565785,0.9761544296405789,0.006518641168156775,8.0
2026-09-09 23:30:00,0.06203326,-0.1847792132434849,1.1099999751895666,13.329999702051282,0.04003698019256624,1.1131688505640123,1.1532058307565785,1.0304598758915993,0.006518641168156775,8.0
2026-09-09 23:40:00,0.06203326,-0.12926634995108902,1.1099999751895666,13.329999702051282,0.04003698019256624,1.1131688505640123,1.1532058307565785,1.085972739183995,0.006518641168156775,8.0
2026-09-09 23:50:00,0.06203326,-0.07286090045082164,1.1099999751895666,13.329999702051282,0.04003698019256624,1.1131688505640123,1.1532058307565785,1.1423781886842626,0.006518641168156775,8.0
2026-09-10 00:00:00,0.091030054,-0.01588155938647774,1.1199999749660492,13.249999703839421,0.03997556070726177,1.1114611728737926,1.1514367335810545,1.2265852279889606,0.006518641168156775,8.0
2026-09-10 00:10:00,0.091030054,0.041349854418983194,1.1199999749660492,13.249999703839421,0.03997556070726177,1.1114611728737926,1.1514367335810545,1.2838166417944217,0.006518641168156775,8.0
2026-09-10 00:20:00,0.091030054,0.09850884332113896,1.1199999749660492,13.249999703839421,0.03997556070726177,1.1114611728737926,1.1514367335810545,1.3409756306965774,0.006518641168156775,8.0
2026-09-10 00:30:00,0.091030054,0.15526843859973563,1.1199999749660492,13.249999703839421,0.03997556070726177,1.1114611728737926,1.1514367335810545,1.397735225975174,0.006518641168156775,8.0
2026-09-10 00:40:00,0.091030054,0.21129926273160543,1.1199999749660492,13.249999703839421,0.03997556070726177,1.1114611728737926,1.1514367335810545,1.453766050107044,0.006518641168156775,8.0
2026-09-10 00:50:00,0.091030054,0.2662695667434671,1.1199999749660492,13.249999703839421,0.03997556070726177,1.1114611728737926,1.1514367335810545,1.5087363541189056,0.006518641168156775,8.0
2026-09-10 01:00:00,0.091030054,0.3198453816124483,1.1199999749660492,13.249999703839421,0.03997556070726177,1.1114611728737926,1.1514367335810545,1.5623121689878867,0.006518641168156775,8.0
2026-09-10 01:10:00,0.091030054,0.37169092873417603,1.1199999749660492,13.249999703839421,0.03997556070726177,1.1114611728737926,1.1514367335810545,1.6141577161096146,0.006518641168156775,8.0
2026-09-10 01:20:00,0.091030054,0.42146942690898526,1.1199999749660492,13.249999703839421,0.03997556070726177,1.1114611728737926,1.1514367335810545,1.6639362142844236,0.006518641168156775,8.0
2026-09-10 01:30:00,0.091030054,0.4688444126594615,1.1199999749660492,13.249999703839421,0.03997556070726177,1.1114611728737926,1.1514367335810545,1.7113112000349,0.006518641168156775,8.0
2026-09-10 01:40:00,0.091030054,0.5134816580458813,1.1199999749660492,13.249999703839421,0.03997556070726177,1.1114611728737926,1.1514367335810545,1.75594844542132,0.006518641168156775,8.0
2026-09-10 01:50:00,0.091030054,0.5550517286644117,1.1199999749660492,13.249999703839421,0.03997556070726177,1.1114611728737926,1.1514367335810545,1.7975185160398501,0.006518641168156775,8.0
2026-09-10 02:00:00,0.091030054,0.5932331772575431,1.1199999749660492,13.249999703839421,0.03997556070726177,1.1114611728737926,1.1514367335810545,1.8356999646329815,0.006518641168156775,8.0
2026-09-10 02:10:00,0.091030054,0.6277163198107273,1.1199999749660492,13.249999703839421,0.03997556070726177,1.1114611728737926,1.1514367335810545,1.8701831071861656,0.006518641168156775,8.0
2026-09-10 02:20:00,0.091030054,0.6582074950455382,1.1199999749660492,13.249999703839421,0.03997556070726177,1.1114611728737926,1.1514367335810545,1.9006742824209768,0.006518641168156775,8.0
2026-09-10 02:30:00,0.091030054,0.6844336689264142,1.1199999749660492,13.249999703839421,0.03997556070726177,1.1114611728737926,1.1514367335810545,1.9269004563018526,0.006518641168156775,8.0
2026-09-10 02:40:00,0.091030054,0.7061472163023729,1.1199999749660492,13.249999703839421,0.03997556070726177,1.1114611728737926,1.1514367335810545,1.9486140036778115,0.006518641168156775,8.0
2026-09-10 02:50:00,0.091030054,0.7231306943333167,1.1199999749660492,13.249999703839421,0.03997556070726177,1.1114611728737926,1.1514367335810545,1.9655974817087551,0.006518641168156775,8.0
2026-09-10 03:00:00,0.091030054,0.7352014180219706,1.0899999756366014,13.109999706968665,0.03901985175101653,1.0848891028729994,1.123908954624016,1.9501404264403706,0.006518641168156775,8.0
2026-09-10 03:10:00,0.091030054,0.7422156567325255,1.0899999756366014,13.109999706968665,0.03901985175101653,1.0848891028729994,1.123908954624016,1.9571546651509255,0.006518641168156775,8.0
2026-09-10 03:20:00,0.091030054,0.7440722907185557,1.0899999756366014,13.109999706968665,0.03901985175101653,1.0848891028729994,1.123908954624016,1.9590112991369557,0.006518641168156775,8.0
2026-09-10 03:30:00,0.091030054,0.7407157960414807,1.0899999756366014,13.109999706968665,0.03901985175101653,1.0848891028729994,1.123908954624016,1.9556548044598807,0.006518641168156775,8.0
2026-09-10 03:40:00,0.091030054,0.7321384617353452,1.0899999756366014,13.109999706968665,0.03901985175101653,1.0848891028729994,1.123908954624016,1.9470774701537452,0.006518641168156775,8.0
2026-09-10 03:50:00,0.091030054,0.7183817813068446,1.0899999756366014,13.109999706968665,0.03901985175101653,1.0848891028729994,1.123908954624016,1.9333207897252445,0.006518641168156775,8.0
2026-09-10 04:00:00,0.091030054,0.6995369981698798,1.0899999756366014,13.109999706968665,0.03901985175101653,1.0848891028729994,1.123908954624016,1.9144760065882798,0.006518641168156775,8.0
2026-09-10 04:10:00,0.091030054,0.6757448183829823,1.0899999756366014,13.109999706968665,0.03901985175101653,1.0848891028729994,1.123908954624016,1.8906838268013821,0.006518641168156775,8.0
2026-09-10 04:20:00,0.091030054,0.647194331802789,1.0899999756366014,13.109999706968665,0.03901985175101653,1.0848891028729994,1.123908954624016,1.862133340221189,0.006518641168156775,8.0
2026-09-10 04:30:00,0.091030054,0.6141212027152444,1.0899999756366014,13.109999706968665,0.03901985175101653,1.0848891028729994,1.123908954624016,1.8290602111336445,0.006518641168156775,8.0
2026-09-10 04:40:00,0.091030054,0.5768052032086946,1.0899999756366014,13.109999706968665,0.03901985175101653,1.0848891028729994,1.123908954624016,1.7917442116270945,0.006518641168156775,8.0
2026-09-10 04:50:00,0.091030054,0.5355671667929647,1.0899999756366014,13.109999706968665,0.03901985175101653,1.0848891028729994,1.123908954624016,1.7505061752113646,0.006518641168156775,8.0
2026-09-10 05:00:00,0.091030054,0.4907654381183734,1.0899999756366014,13.109999706968665,0.03901985175101653,1.0848891028729994,1.123908954624016,1.7057044465367734,0.006518641168156775,8.0
2026-09-10 05:10:00,0.091030054,0.4427918884557148,1.0899999756366014,13.109999706968665,0.03901985175101653,1.0848891028729994,1.123908954624016,1.657730896874115,0.006518641168156775,8.0
2026-09-10 05:20:00,0.091030054,0.3920675586552477,1.0899999756366014,13.109999706968665,0.03901985175101653,1.0848891028729994,1.123908954624016,1.6070065670736478,0.006518641168156775,8.0
2026-09-10 05:30:00,0.091030054,0.3390379836821788,1.0899999756366014,13.109999706968665,0.03901985175101653,1.0848891028729994,1.123908954624016,1.5539769921005788,0.006518641168156775,8.0
2026-09-10 05:40:00,0.091030054,0.2841682475614992,1.0899999756366014,13.109999706968665,0.03901985175101653,1.0848891028729994,1.123908954624016,1.4991072559798992,0.006518641168156775,8.0
2026-09-10 05:50:00,0.091030054,0.22793781639613198,1.0899999756366014,13.109999706968665,0.03901985175101653,1.0848891028729994,1.123908954624016,1.4428768248145318,0.006518641168156775,8.0
2026-09-10 06:00:00,0.091030054,0.1708352003390777,1.0599999763071537,12.979999709874392,0.03809757208587348,1.0592464847282754,1.0973440568141488,1.3592093109476107,0.006518641168156775,8.0
2026-09-10 06:10:00,0.091030054,0.1133525033705801,1.0599999763071537,12.979999709874392,0.03809757208587348,1.0592464847282754,1.0973440568141488,1.3017266139791128,0.006518641168156775,8.0
2026-09-10 06:20:00,0.091030054,0.05597993097192885,1.0599999763071537,12.979999709874392,0.03809757208587348,1.0592464847282754,1.0973440568141488,1.2443540415804617,0.006518641168156775,8.0
2026-09-10 06:30:00,0.091030054,-0.0007996608093963809,1.0599999763071537,12.979999709874392,0.03809757208587348,1.0592464847282754,1.0973440568141488,1.1875744497991365,0.006518641168156775,8.0
2026-09-10 06:40:00,0.091030054,-0.056516078633306675,1.0599999763071537,12.979999709874392,0.03809757208587348,1.0592464847282754,1.0973440568141488,1.131858031975226,0.006518641168156775,8.0
2026-09-10 06:50:00,0.091030054,-0.11071686066984705,1.0599999763071537,12.979999709874392,0.03809757208587348,1.0592464847282754,1.0973440568141488,1.0776572499386858,0.006518641168156775,8.0
2026-09-10 07:00:00,0.091030054,-0.16297198889452458,1.0599999763071537,12.979999709874392,0.03809757208587348,1.0592464847282754,1.0973440568141488,1.0254021217140084,0.006518641168156775,8.0
2026-09-10 07:10:00,0.091030054,-0.21287813401233377,1.0599999763071537,12.979999709874392,0.03809757208587348,1.0592464847282754,1.0973440568141488,0.975495976596199,0.006518641168156775,8.0
2026-09-10 07:20:00,0.091030054,-0.26006233135904655,1.0599999763071537,12.979999709874392,0.03809757208587348,1.0592464847282754,1.0973440568141488,0.9283117792494863,0.006518641168156775,8.0
2026-09-10 07:30:00,0.091030054,-0.30418500353947864,1.0599999763071537,12.979999709874392,0.03809757208587348,1.0592464847282754,1.0973440568141488,0.8841891070690542,0.006518641168156775,8.0
2026-09-10 07:40:00,0.091030054,-0.34494227036087455,1.0599999763071537,12.979999709874392,0.03809757208587348,1.0592464847282754,1.0973440568141488,0.8434318402476583,0.006518641168156775,8.0
2026-09-10 07:50:00,0.091030054,-0.38206751754226,1.0599999763071537,12.979999709874392,0.03809757208587348,1.0592464847282754,1.0973440568141488,0.8063065930662728,0.006518641168156775,8.0
2026-09-10 08:00:00,0.091030054,-0.41533223001961683,1.0599999763071537,12.979999709874392,0.03809757208587348,1.0592464847282754,1.0973440568141488,0.773041880588916,0.006518641168156775,8.0
2026-09-10 08:10:00,0.091030054,-0.44454613084691036,1.0599999763071537,12.979999709874392,0.03809757208587348,1.0592464847282754,1.0973440568141488,0.7438279797616225,0.006518641168156775,8.0
2026-09-10 08:20:00,0.091030054,-0.46955669931508665,1.0599999763071537,12.979999709874392,0.03809757208587348,1.0592464847282754,1.0973440568141488,0.7188174112934462,0.006518641168156775,8.0
2026-09-10 08:30:00,0.091030054,-0.4902481691225434,1.0599999763071537,12.979999709874392,0.03809757208587348,1.0592464847282754,1.0973440568141488,0.6981259414859895,0.006518641168156775,8.0
2026-09-10 08:40:00,0.091030054,-0.506540126576904,1.0599999763071537,12.979999709874392,0.03809757208587348,1.0592464847282754,1.0973440568141488,0.6818339840316289,0.006518641168156775,8.0
2026-09-10 08:50:00,0.091030054,-0.5183858380592374,1.0599999763071537,12.979999709874392,0.03809757208587348,1.0592464847282754,1.0973440568141488,0.6699882725492954,0.006518641168156775,8.0
2026-09-10 09:00:00,0.091030054,-0.5257704345171221,1.0099999774247408,12.829999713227153,0.036758435400898855,1.0220137754382255,1.0587722108391244,0.6240318301163863,0.006518641168156775,8.0
2026-09-10 09:10:00,0.091030054,-0.5287090687783322,1.0099999774247408,12.829999713227153,0.036758435400898855,1.0220137754382255,1.0587722108391244,0.6210931958551762,0.006518641168156775,8.0
2026-09-10 09:20:00,0.091030054,-0.5272451403109981,1.0099999774247408,12.829999713227153,0.036758435400898855,1.0220137754382255,1.0587722108391244,0.6225571243225103,0.006518641168156775,8.0
2026-09-10 09:30:00,0.091030054,-0.5214486540036513,1.0099999774247408,12.829999713227153,0.036758435400898855,1.0220137754382255,1.0587722108391244,0.6283536106298572,0.006518641168156775,8.0
2026-09-10 09:40:00,0.091030054,-0.511414747584665,1.0099999774247408,12.829999713227153,0.036758435400898855,1.0220137754382255,1.0587722108391244,0.6383875170488434,0.006518641168156775,8.0
2026-09-10 09:50:00,0.091030054,-0.497262389876215,1.0099999774247408,12.829999713227153,0.036758435400898855,1.0220137754382255,1.0587722108391244,0.6525398747572935,0.006518641168156775,8.0
2026-09-10 10:00:00,0.091030054,-0.4791332226759474,1.0099999774247408,12.829999713227153,0.036758435400898855,1.0220137754382255,1.0587722108391244,0.670669041957561,0.006518641168156775,8.0
2026-09-10 10:10:00,0.091030054,-0.45719049570983866,1.0099999774247408,12.829999713227153,0.036758435400898855,1.0220137754382255,1.0587722108391244,0.6926117689236697,0.006518641168156775,8.0
2026-09-10 10:20:00,0.091030054,-0.4316180294105953,1.0099999774247408,12.829999713227153,0.036758435400898855,1.0220137754382255,1.0587722108391244,0.7181842352229131,0.006518641168156775,8.0
2026-09-10 10:30:00,0.091030054,-0.4026191354893611,1.0099999774247408,12.829999713227153,0.036758435400898855,1.0220137754382255,1.0587722108391244,0.7471831291441473,0.006518641168156775,8.0
2026-09-10 10:40:00,0.091030054,-0.3704154310128643,1.0099999774247408,12.829999713227153,0.036758435400898855,1.0220137754382255,1.0587722108391244,0.7793868336206442,0.006518641168156775,8.0
2026-09-10 10:50:00,0.091030054,-0.3352454968107495,1.0099999774247408,12.829999713227153,0.036758435400898855,1.0220137754382255,1.0587722108391244,0.814556767822759,0.006518641168156775,8.0
2026-09-10 11:00:00,0.091030054,-0.2973633539482564,1.0099999774247408,12.829999713227153,0.036758435400898855,1.0220137754382255,1.0587722108391244,0.852438910685252,0.006518641168156775,8.0
2026-09-10 11:10:00,0.091030054,-0.2570367594832531,1.0099999774247408,12.829999713227153,0.036758435400898855,1.0220137754382255,1.0587722108391244,0.8927655051502553,0.006518641168156775,8.0
2026-09-10 11:20:00,0.091030054,-0.2145453517262219,1.0099999774247408,12.829999713227153,0.036758435400898855,1.0220137754382255,1.0587722108391244,0.9352569129072865,0.006518641168156775,8.0
2026-09-10 11:30:00,0.091030054,-0.17017870187411174,1.0099999774247408,12.829999713227153,0.036758435400898855,1.0220137754382255,1.0587722108391244,0.9796235627593967,0.006518641168156775,8.0
2026-09-10 11:40:00,0.091030054,-0.12423434976636777,1.0099999774247408,12.829999713227153,0.036758435400898855,1.0220137754382255,1.0587722108391244,1.0255679148671406,0.006518641168156775,8.0
2026-09-10 11:50:00,0.091030054,-0.07701591397482452,1.0099999774247408,12.829999713227153,0.036758435400898855,1.0220137754382255,1.0587722108391244,1.0727863506586839,0.006518641168156775,8.0
2026-09-10 12:00:00,0.091030054,-0.02883136815546185,1.0099999774247408,12.58999971859157,0.03607082632091322,1.0028958248454607,1.038966651166374,1.101165336805296,0.006518641168156775,8.0
2026-09-10 12:10:00,0.091030054,0.020008433775637154,1.0099999774247408,12.58999971859157,0.03607082632091322,1.0028958248454607,1.038966651166374,1.1500051387363952,0.006518641168156775,8.0
2026-09-10 12:20:00,0.091030054,0.06919092162403594,1.0099999774247408,12.58999971859157,0.03607082632091322,1.0028958248454607,1.038966651166374,1.199187626584794,0.006518641168156775,8.0
2026-09-10 12:30:00,0.091030054,0.11840262943805334,1.0099999774247408,12.58999971859157,0.03607082632091322,1.0028958248454607,1.038966651166374,1.2483993343988113,0.006518641168156775,8.0
2026-09-10 12:40:00,0.091030054,0.16732967616733688,1.0099999774247408,12.58999971859157,0.03607082632091322,1.0028958248454607,1.038966651166374,1.2973263811280948,0.006518641168156775,8.0
2026-09-10 12:50:00,0.091030054,0.215657948882552,1.0099999774247408,12.58999971859157,0.03607082632091322,1.0028958248454607,1.038966651166374,1.3456546538433098,0.006518641168156775,8.0
2026-09-10 13:00:00,0.091030054,0.2630730688522246,1.0099999774247408,12.58999971859157,0.03607082632091322,1.0028958248454607,1.038966651166374,1.3930697738129827,0.006518641168156775,8.0
2026-09-10 13:10:00,0.091030054,0.30926025358004017,1.0099999774247408,12.58999971859157,0.03607082632091322,1.0028958248454607,1.038966651166374,1.4392569585407982,0.006518641168156775,8.0
2026-09-10 13:20:00,0.091030054,0.35390421186928456,1.0099999774247408,12.58999971859157,0.03607082632091322,1.0028958248454607,1.038966651166374,1.4839009168300425,0.006518641168156775,8.0
2026-09-10 13:30:00,0.091030054,0.3966892216166611,1.0099999774247408,12.58999971859157,0.03607082632091322,1.0028958248454607,1.038966651166374,1.526685926577419,0.006518641168156775,8.0
2026-09-10 13:40:00,0.091030054,0.4372995391974863,1.0099999774247408,12.58999971859157,0.03607082632091322,1.0028958248454607,1.038966651166374,1.5672962441582443,0.006518641168156775,8.0
2026-09-10 13:50:00,0.091030054,0.4754202749458941,1.0099999774247408,12.58999971859157,0.03607082632091322,1.0028958248454607,1.038966651166374,1.6054169799066522,0.006518641168156775,8.0
2026-09-10 14:00:00,0.091030054,0.5107388418027973,1.0099999774247408,12.58999971859157,0.03607082632091322,1.0028958248454607,1.038966651166374,1.6407355467635552,0.006518641168156775,8.0
2026-09-10 14:10:00,0.091030054,0.5429470462045636,1.0099999774247408,12.58999971859157,0.03607082632091322,1.0028958248454607,1.038966651166374,1.6729437511653216,0.006518641168156775,8.0
2026-09-10 14:20:00,0.091030054,0.5717438445451564,1.0099999774247408,12.58999971859157,0.03607082632091322,1.0028958248454607,1.038966651166374,1.7017405495059144,0.006518641168156775,8.0
2026-09-10 14:30:00,0.091030054,0.5968387391448582,1.0099999774247408,12.58999971859157,0.03607082632091322,1.0028958248454607,1.038966651166374,1.7268354441056162,0.006518641168156775,8.0
2026-09-10 14:40:00,0.091030054,0.617955738761444,1.0099999774247408,12.58999971859157,0.03607082632091322,1.0028958248454607,1.038966651166374,1.747952443722202,0.006518641168156775,8.0
2026-09-10 14:50:00,0.091030054,0.634837764341958,1.0099999774247408,12.58999971859157,0.03607082632091322,1.0028958248454607,1.038966651166374,1.764834469302716,0.006518641168156775,8.0
2026-09-10 15:00:00,0.091030054,0.6472513446929231,1.0599999763071537,12.359999723732471,0.036277811323682296,1.0086507358429495,1.0449285471666319,1.783209945653939,0.006518641168156775,8.0
2026-09-10 15:10:00,0.091030054,0.6549914217625589,1.0599999763071537,12.359999723732471,0.036277811323682296,1.0086507358429495,1.0449285471666319,1.7909500227235746,0.006518641168156775,8.0
2026-09-10 15:20:00,0.091030054,0.6578860730657057,1.0599999763071537,12.359999723732471,0.036277811323682296,1.0086507358429495,1.0449285471666319,1.7938446740267215,0.006518641168156775,8.0
2026-09-10 15:30:00,0.091030054,0.6558009598796946,1.0599999763071537,12.359999723732471,0.036277811323682296,1.0086507358429495,1.0449285471666319,1.7917595608407104,0.006518641168156775,8.0
2026-09-10 15:40:00,0.091030054,0.6486433235216194,1.0599999763071537,12.359999723732471,0.036277811323682296,1.0086507358429495,1.0449285471666319,1.7846019244826352,0.006518641168156775,8.0
2026-09-10 15:50:00,0.091030054,0.6363653763939521,1.0599999763071537,12.359999723732471,0.036277811323682296,1.0086507358429495,1.0449285471666319,1.772323977354968,0.006518641168156775,8.0
2026-09-10 16:00:00,0.091030054,0.618966966882628,1.0599999763071537,12.359999723732471,0.036277811323682296,1.0086507358429495,1.0449285471666319,1.7549255678436437,0.006518641168156775,8.0
2026-09-10 16:10:00,0.091030054,0.5964974342799415,1.0599999763071537,12.359999723732471,0.036277811323682296,1.0086507358429495,1.0449285471666319,1.7324560352409573,0.006518641168156775,8.0
2026-09-10 16:20:00,0.091030054,0.5690566083152249,1.0599999763071537,12.359999723732471,0.036277811323682296,1.0086507358429495,1.0449285471666319,1.7050152092762407,0.006518641168156775,8.0
2026-09-10 16:30:00,0.091030054,0.5367949442031507,1.0599999763071537,12.359999723732471,0.036277811323682296,1.0086507358429495,1.0449285471666319,1.6727535451641664,0.006518641168156775,8.0
2026-09-10 16:40:00,0.091030054,0.4999128157240624,1.0599999763071537,12.359999723732471,0.036277811323682296,1.0086507358429495,1.0449285471666319,1.6358714166850783,0.006518641168156775,8.0
2026-09-10 16:50:00,0.091030054,0.45865901368980305,1.0599999763071537,12.359999723732471,0.036277811323682296,1.0086507358429495,1.0449285471666319,1.5946176146508189,0.006518641168156775,8.0
2026-09-10 17:00:00,0.091030054,0.413328514176998,1.0599999763071537,12.359999723732471,0.036277811323682296,1.0086507358429495,1.0449285471666319,1.5492871151380139,0.006518641168156775,8.0
2026-09-10 17:10:00,0.091030054,0.3642595901252826,1.0599999763071537,12.359999723732471,0.036277811323682296,1.0086507358429495,1.0449285471666319,1.5002181910862984,0.006518641168156775,8.0
2026-09-10 17:20:00,0.091030054,0.3118303422142674,1.0599999763071537,12.359999723732471,0.036277811323682296,1.0086507358429495,1.0449285471666319,1.4477889431752833,0.006518641168156775,8.0
2026-09-10 17:30:00,0.091030054,0.2564547219568464,1.0599999763071537,12.359999723732471,0.036277811323682296,1.0086507358429495,1.0449285471666319,1.3924133229178621,0.006518641168156775,8.0
2026-09-10 17:40:00,0.091030054,0.1985781137882903,1.0599999763071537,12.359999723732471,0.036277811323682296,1.0086507358429495,1.0449285471666319,1.3345367147493061,0.006518641168156775,8.0
2026-09-10 17:50:00,0.091030054,0.1386725360715753,1.0599999763071537,12.359999723732471,0.036277811323682296,1.0086507358429495,1.0449285471666319,1.2746311370325911,0.006518641168156775,8.0
2026-09-10 18:00:00,0.091030054,0.07723151539486599,1.0799999758601189,12.19999972730875,0.03614443020889196,1.0049422717798762,1.0410867019887682,1.2093482711780181,0.006518641168156775,8.0
2026-09-10 18:10:00,0.091030054,0.014764686180537426,1.0799999758601189,12.19999972730875,0.03614443020889196,1.0049422717798762,1.0410867019887682,1.1468814419636897,0.006518641168156775,8.0
2026-09-10 18:20:00,0.091030054,-0.04820783042688051,1.0799999758601189,12.19999972730875,0.03614443020889196,1.0049422717798762,1.0410867019887682,1.0839089253562717,0.006518641168156775,8.0
2026-09-10 18:30:00,0.091030054,-0.11116120799823115,1.0799999758601189,12.19999972730875,0.03614443020889196,1.0049422717798762,1.0410867019887682,1.020955547784921,0.006518641168156775,8.0
2026-09-10 18:40:00,0.091030054,-0.1735717857255251,1.0799999758601189,12.19999972730875,0.03614443020889196,1.0049422717798762,1.0410867019887682,0.9585449700576271,0.006518641168156775,8.0
2026-09-10 18:50:00,0.091030054,-0.23492294481664322,1.0799999758601189,12.19999972730875,0.03614443020889196,1.0049422717798762,1.0410867019887682,0.897193810966509,0.006518641168156775,8.0
2026-09-10 19:00:00,0.091030054,-0.29471089258949656,1.0799999758601189,12.19999972730875,0.03614443020889196,1.0049422717798762,1.0410867019887682,0.8374058631936556,0.006518641168156775,8.0
2026-09-10 19:10:00,0.091030054,-0.3524502443458092,1.0799999758601189,12.19999972730875,0.03614443020889196,1.0049422717798762,1.0410867019887682,0.779666511437343,0.006518641168156775,8.0
2026-09-10 19:20:00,0.091030054,-0.40767928476545784,1.0799999758601189,12.19999972730875,0.03614443020889196,1.0049422717798762,1.0410867019887682,0.7244374710176944,0.006518641168156775,8.0
2026-09-10 19:30:00,0.091030054,-0.4599647884837302,1.0799999758601189,12.19999972730875,0.03614443020889196,1.0049422717798762,1.0410867019887682,0.6721519672994221,0.006518641168156775,8.0
2026-09-10 19:40:00,0.091030054,-0.5089062848555479,1.0799999758601189,12.19999972730875,0.03614443020889196,1.0049422717798762,1.0410867019887682,0.6232104709276043,0.006518641168156775,8.0
2026-09-10 19:50:00,0.091030054,-0.5541396656597959,1.0799999758601189,12.19999972730875,0.03614443020889196,1.0049422717798762,1.0410867019887682,0.5779770901233563,0.006518641168156775,8.0
2026-09-10 20:00:00,0.091030054,-0.5953400564781376,1.0799999758601189,12.19999972730875,0.03614443020889196,1.0049422717798762,1.0410867019887682,0.5367766993050146,0.006518641168156775,8.0
2026-09-10 20:10:00,0.091030054,-0.6322239013555495,1.0799999758601189,12.19999972730875,0.03614443020889196,1.0049422717798762,1.0410867019887682,0.4998928544276027,0.006518641168156775,8.0
2026-09-10 20:20:00,0.091030054,-0.6645502444588478,1.0799999758601189,12.19999972730875,0.03614443020889196,1.0049422717798762,1.0410867019887682,0.4675665113243044,0.006518641168156775,8.0
2026-09-10 20:30:00,0.091030054,-0.6921212287681757,1.0799999758601189,12.19999972730875,0.03614443020889196,1.0049422717798762,1.0410867019887682,0.43999552701497646,0.006518641168156775,8.0
2026-09-10 20:40:00,0.091030054,-0.7147818675474911,1.0799999758601189,12.19999972730875,0.03614443020889196,1.0049422717798762,1.0410867019887682,0.4173348882356611,0.006518641168156775,8.0
2026-09-10 20:50:00,0.091030054,-0.732419176106787,1.0799999758601189,12.19999972730875,0.03614443020889196,1.0049422717798762,1.0410867019887682,0.3996975796763652,0.006518641168156775,8.0
2026-09-10 21:00:00,0.091030054,-0.7449607764186701,1.0799999758601189,12.029999731108546,0.03564077831253855,0.9909389778288453,1.0265797561413839,0.37264903351709777,0.006518641168156775,8.0
2026-09-10 21:10:00,0.091030054,-0.7523731030909939,1.0799999758601189,12.029999731108546,0.03564077831253855,0.9909389778288453,1.0265797561413839,0.36523670684477394,0.006518641168156775,8.0
2026-09-10 21:20:00,0.091030054,-0.7546593446900305,1.0799999758601189,12.029999731108546,0.03564077831253855,0.9909389778288453,1.0265797561413839,0.3629504652457374,0.006518641168156775,8.0
2026-09-10 21:30:00,0.091030054,-0.7518572490348734,1.0799999758601189,12.029999731108546,0.03564077831253855,0.9909389778288453,1.0265797561413839,0.3657525609008945,0.006518641168156775,8.0
2026-09-10 21:40:00,0.091030054,-0.7440369055635442,1.0799999758601189,12.029999731108546,0.03564077831253855,0.9909389778288453,1.0265797561413839,0.3735729043722237,0.006518641168156775,8.0
2026-09-10 21:50:00,0.091030054,-0.7312985940040685,1.0799999758601189,12.029999731108546,0.03564077831253855,0.9909389778288453,1.0265797561413839,0.38631121593169937,0.006518641168156775,8.0
2026-09-10 22:00:00,0.091030054,-0.7137707589998545,1.0799999758601189,12.029999731108546,0.03564077831253855,0.9909389778288453,1.0265797561413839,0.4038390509359133,0.006518641168156775,8.0
2026-09-10 22:10:00,0.091030054,-0.6916081382476189,1.0799999758601189,12.029999731108546,0.03564077831253855,0.9909389778288453,1.0265797561413839,0.42600167168814895,0.006518641168156775,8.0
2026-09-10 22:20:00,0.091030054,-0.6649900406452933,1.0799999758601189,12.029999731108546,0.03564077831253855,0.9909389778288453,1.0265797561413839,0.45261976929047454,0.006518641168156775,8.0
2026-09-10 22:30:00,0.091030054,-0.6341187441635182,1.0799999758601189,12.029999731108546,0.03564077831253855,0.9909389778288453,1.0265797561413839,0.48349106577224965,0.006518641168156775,8.0
2026-09-10 22:40:00,0.091030054,-0.5992179635801307,1.0799999758601189,12.029999731108546,0.03564077831253855,0.9909389778288453,1.0265797561413839,0.5183918463556372,0.006518641168156775,8.0
2026-09-10 22:50:00,0.091030054,-0.5605313278184602,1.0799999758601189,12.029999731108546,0.03564077831253855,0.9909389778288453,1.0265797561413839,0.5570784821173077,0.006518641168156775,8.0
2026-09-10 23:00:00,0.091030054,-0.5183208063227777,1.0799999758601189,12.029999731108546,0.03564077831253855,0.9909389778288453,1.0265797561413839,0.5992890036129902,0.006518641168156775,8.0
2026-09-10 23:10:00,0.091030054,-0.47286503361765425,1.0799999758601189,12.029999731108546,0.03564077831253855,0.9909389778288453,1.0265797561413839,0.6447447763181136,0.006518641168156775,8.0
2026-09-10 23:20:00,0.091030054,-0.4244574994065854,1.0799999758601189,12.029999731108546,0.03564077831253855,0.9909389778288453,1.0265797561413839,0.6931523105291825,0.006518641168156775,8.0
2026-09-10 23:30:00,0.091030054,-0.3734045960557235,1.0799999758601189,12.029999731108546,0.03564077831253855,0.9909389778288453,1.0265797561413839,0.7442052138800443,0.006518641168156775,8.0
2026-09-10 23:40:00,0.091030054,-0.3200235427919433,1.0799999758601189,12.029999731108546,0.03564077831253855,0.9909389778288453,1.0265797561413839,0.7975862671438245,0.006518641168156775,8.0
2026-09-10 23:50:00,0.091030054,-0.26464023308806034,1.0799999758601189,12.029999731108546,0.03564077831253855,0.9909389778288453,1.0265797561413839,0.8529695768477075,0.006518641168156775,8.0
2026-09-11 00:00:00,0.073720105,-0.2075870747070533,1.0699999760836363,11.899999734014273,0.03509203263811034,0.9756819182624836,1.010773950900594,0.8769069811859304,0.006518641168156775,8.0
2026-09-11 00:10:00,0.073720105,-0.14920090779084264,1.0699999760836363,11.899999734014273,0.03509203263811034,0.9756819182624836,1.010773950900594,0.935293148102141,0.006518641168156775,8.0
2026-09-11 00:20:00,0.073720105,-0.08982109265393476,1.0699999760836363,11.899999734014273,0.03509203263811034,0.9756819182624836,1.010773950900594,0.9946729632390489,0.006518641168156775,8.0
2026-09-11 00:30:00,0.073720105,-0.029787854131669615,1.0699999760836363,11.899999734014273,0.03509203263811034,0.9756819182624836,1.010773950900594,1.054706201761314,0.006518641168156775,8.0
2026-09-11 00:40:00,0.073720105,0.030559046504159228,1.0699999760836363,11.899999734014273,0.03509203263811034,0.9756819182624836,1.010773950900594,1.1150531023971428,0.006518641168156775,8.0
2026-09-11 00:50:00,0.073720105,0.09088126721041537,1.0699999760836363,11.899999734014273,0.03509203263811034,0.9756819182624836,1.010773950900594,1.175375323103399,0.006518641168156775,8.0
2026-09-11 01:00:00,0.073720105,0.1508424573725637,1.0699999760836363,11.899999734014273,0.03509203263811034,0.9756819182624836,1.010773950900594,1.2353365132655474,0.006518641168156775,8.0
2026-09-11 01:10:00,0.073720105,0.21010847419196352,1.0699999760836363,11.899999734014273,0.03509203263811034,0.9756819182624836,1.010773950900594,1.2946025300849473,0.006518641168156775,8.0
2026-09-11 01:20:00,0.073720105,0.2683473102537256,1.0699999760836363,11.899999734014273,0.03509203263811034,0.9756819182624836,1.010773950900594,1.3528413661467091,0.006518641168156775,8.0
2026-09-11 01:30:00,0.073720105,0.3252288355731973,1.0699999760836363,11.899999734014273,0.03509203263811034,0.9756819182624836,1.010773950900594,1.409722891466181,0.006518641168156775,8.0
2026-09-11 01:40:00,0.073720105,0.38042448651781824,1.0699999760836363,11.899999734014273,0.03509203263811034,0.9756819182624836,1.010773950900594,1.464918542410802,0.006518641168156775,8.0
2026-09-11 01:50:00,0.073720105,0.43360705275478045,1.0699999760836363,11.899999734014273,0.03509203263811034,0.9756819182624836,1.010773950900594,1.518101108647764,0.006518641168156775,8.0
2026-09-11 02:00:00,0.073720105,0.4844507195543309,1.0699999760836363,11.899999734014273,0.03509203263811034,0.9756819182624836,1.010773950900594,1.5689447754473145,0.006518641168156775,8.0
2026-09-11 02:10:00,0.073720105,0.5326315148860746,1.0699999760836363,11.899999734014273,0.03509203263811034,0.9756819182624836,1.010773950900594,1.6171255707790584,0.006518641168156775,8.0
2026-09-11 02:20:00,0.073720105,0.5778282894937139,1.0699999760836363,11.899999734014273,0.03509203263811034,0.9756819182624836,1.010773950900594,1.6623223453866975,0.006518641168156775,8.0
2026-09-11 02:30:00,0.073720105,0.6197243244725188,1.0699999760836363,11.899999734014273,0.03509203263811034,0.9756819182624836,1.010773950900594,1.7042183803655024,0.006518641168156775,8.0
2026-09-11 02:40:00,0.073720105,0.6580096179369735,1.0699999760836363,11.899999734014273,0.03509203263811034,0.9756819182624836,1.010773950900594,1.7425036738299573,0.006518641168156775,8.0
2026-09-11 02:50:00,0.073720105,0.692383853355462,1.0699999760836363,11.899999734014273,0.03509203263811034,0.9756819182624836,1.010773950900594,1.7768779092484457,0.006518641168156775,8.0
2026-09-11 03:00:00,0.073720105,0.7225600014623982,1.0399999767541885,11.799999736249447,0.0343058631894754,0.9538236428062347,0.98812950599571,1.784409612450498,0.006518641168156775,8.0
2026-09-11 03:10:00,0.073720105,0.7482684593596698,1.0399999767541885,11.799999736249447,0.0343058631894754,0.9538236428062347,0.98812950599571,1.8101180703477695,0.006518641168156775,8.0
2026-09-11 03:20:00,0.073720105,0.7692615886053982,1.0399999767541885,11.799999736249447,0.0343058631894754,0.9538236428062347,0.98812950599571,1.8311111995934979,0.006518641168156775,8.0
2026-09-11 03:30:00,0.073720105,0.7853184820594475,1.0399999767541885,11.799999736249447,0.0343058631894754,0.9538236428062347,0.98812950599571,1.8471680930475474,0.006518641168156775,8.0
2026-09-11 03:40:00,0.073720105,0.7962497692715554,1.0399999767541885,11.799999736249447,0.0343058631894754,0.9538236428062347,0.98812950599571,1.858099380259655,0.006518641168156775,8.0
2026-09-11 03:50:00,0.073720105,0.801902263570327,1.0399999767541885,11.799999736249447,0.0343058631894754,0.9538236428062347,0.98812950599571,1.8637518745584267,0.006518641168156775,8.0
2026-09-11 04:00:00,0.073720105,0.8021632605420286,1.0399999767541885,11.799999736249447,0.0343058631894754,0.9538236428062347,0.98812950599571,1.8640128715301283,0.006518641168156775,8.0
2026-09-11 04:10:00,0.073720105,0.7969643161008041,1.0399999767541885,11.799999736249447,0.0343058631894754,0.9538236428062347,0.98812950599571,1.858813927088904,0.006518641168156775,8.0
2026-09-11 04:20:00,0.073720105,0.7862843605289984,1.0399999767541885,11.799999736249447,0.0343058631894754,0.9538236428062347,0.98812950599571,1.8481339715170981,0.006518641168156775,8.0
2026-09-11 04:30:00,0.073720105,0.7701520397023849,1.0399999767541885,11.799999736249447,0.0343058631894754,0.9538236428062347,0.98812950599571,1.8320016506904846,0.006518641168156775,8.0
2026-09-11 04:40:00,0.073720105,0.7486472127999895,1.0399999767541885,11.799999736249447,0.0343058631894754,0.9538236428062347,0.98812950599571,1.8104968237880892,0.006518641168156775,8.0
2026-09-11 04:50:00,0.073720105,0.721901573772257,1.0399999767541885,11.799999736249447,0.0343058631894754,0.9538236428062347,0.98812950599571,1.7837511847603569,0.006518641168156775,8.0
2026-09-11 05:00:00,0.073720105,0.6900983984830138,1.0399999767541885,11.799999736249447,0.0343058631894754,0.9538236428062347,0.98812950599571,1.7519480094711135,0.006518641168156775,8.0
2026-09-11 05:10:00,0.073720105,0.6534714485502536,1.0399999767541885,11.799999736249447,0.0343058631894754,0.9538236428062347,0.98812950599571,1.7153210595383532,0.006518641168156775,8.0
2026-09-11 05:20:00,0.073720105,0.6123030846610277,1.0399999767541885,11.799999736249447,0.0343058631894754,0.9538236428062347,0.98812950599571,1.6741526956491275,0.006518641168156775,8.0
2026-09-11 05:30:00,0.073720105,0.566921656241637,1.0399999767541885,11.799999736249447,0.0343058631894754,0.9538236428062347,0.98812950599571,1.6287712672297368,0.006518641168156775,8.0
2026-09-11 05:40:00,0.073720105,0.5176982409275925,1.0399999767541885,11.799999736249447,0.0343058631894754,0.9538236428062347,0.98812950599571,1.5795478519156922,0.006518641168156775,8.0
2026-09-11 05:50:00,0.073720105,0.46504280786357466,1.0399999767541885,11.799999736249447,0.0343058631894754,0.9538236428062347,0.98812950599571,1.5268924188516744,0.006518641168156775,8.0
2026-09-11 06:00:00,0.073720105,0.40939987505293446,1.0199999772012234,11.669999739155173,0.03360010358766223,0.9342010438752906,0.9678011474629528,1.450921127508277,0.006518641168156775,8.0
2026-09-11 06:10:00,0.073720105,0.351243725283069,1.0199999772012234,11.669999739155173,0.03360010358766223,0.9342010438752906,0.9678011474629528,1.3927649777384115,0.006518641168156775,8.0
2026-09-11 06:20:00,0.073720105,0.291073239710254,1.0199999772012234,11.669999739155173,0.03360010358766223,0.9342010438752906,0.9678011474629528,1.3325944921655966,0.006518641168156775,8.0
2026-09-11 06:30:00,0.073720105,0.22940640492362677,1.0199999772012234,11.669999739155173,0.03360010358766223,0.9342010438752906,0.9678011474629528,1.2709276573789692,0.006518641168156775,8.0
2026-09-11 06:40:00,0.073720105,0.16677454996532345,1.0199999772012234,11.669999739155173,0.03360010358766223,0.9342010438752906,0.9678011474629528,1.2082958024206658,0.006518641168156775,8.0
2026-09-11 06:50:00,0.073720105,0.1037163745352338,1.0199999772012234,11.669999739155173,0.03360010358766223,0.9342010438752906,0.9678011474629528,1.1452376269905762,0.006518641168156775,8.0
2026-09-11 07:00:00,0.073720105,0.04077183906065316,1.0199999772012234,11.669999739155173,0.03360010358766223,0.9342010438752906,0.9678011474629528,1.0822930915159956,0.006518641168156775,8.0
2026-09-11 07:10:00,0.073720105,-0.02152400046005584,1.0199999772012234,11.669999739155173,0.03360010358766223,0.9342010438752906,0.9678011474629528,1.0199972519952867,0.006518641168156775,8.0
2026-09-11 07:20:00,0.073720105,-0.0826471156102628,1.0199999772012234,11.669999739155173,0.03360010358766223,0.9342010438752906,0.9678011474629528,0.9588741368450796,0.006518641168156775,8.0
2026-09-11 07:30:00,0.073720105,-0.14209047601429226,1.0199999772012234,11.669999739155173,0.03360010358766223,0.9342010438752906,0.9678011474629528,0.8994307764410502,0.006518641168156775,8.0
2026-09-11 07:40:00,0.073720105,-0.1993697457692422,1.0199999772012234,11.669999739155173,0.03360010358766223,0.9342010438752906,0.9678011474629528,0.8421515066861003,0.006518641168156775,8.0
2026-09-11 07:50:00,0.073720105,-0.2540285790339615,1.0199999772012234,11.669999739155173,0.03360010358766223,0.9342010438752906,0.9678011474629528,0.787492673421381,0.006518641168156775,8.0
2026-09-11 08:00:00,0.073720105,-0.30564338967224974,1.0199999772012234,11.669999739155173,0.03360010358766223,0.9342010438752906,0.9678011474629528,0.7358778627830926,0.006518641168156775,8.0
2026-09-11 08:10:00,0.073720105,-0.35382747959135513,1.0199999772012234,11.669999739155173,0.03360010358766223,0.9342010438752906,0.9678011474629528,0.6876937728639874,0.006518641168156775,8.0
2026-09-11 08:20:00,0.073720105,-0.3982344289702731,1.0199999772012234,11.669999739155173,0.03360010358766223,0.9342010438752906,0.9678011474629528,0.6432868234850693,0.006518641168156775,8.0
2026-09-11 08:30:00,0.073720105,-0.43856067771092766,1.0199999772012234,11.669999739155173,0.03360010358766223,0.9342010438752906,0.9678011474629528,0.6029605747444148,0.006518641168156775,8.0
2026-09-11 08:40:00,0.073720105,-0.4745472602603204,1.0199999772012234,11.669999739155173,0.03360010358766223,0.9342010438752906,0.9678011474629528,0.5669739921950221,0.006518641168156775,8.0
2026-09-11 08:50:00,0.073720105,-0.5059806923816238,1.0199999772012234,11.669999739155173,0.03360010358766223,0.9342010438752906,0.9678011474629528,0.5355405600737186,0.006518641168156775,8.0
2026-09-11 09:00:00,0.073720105,-0.5326930461352638,0.9999999776482582,11.5399997420609,0.03289845351567495,0.9146927043258142,0.9475911578414892,0.48861821669861505,0.006518641168156775,8.0
2026-09-11 09:10:00,0.073720105,-0.5545612846749524,0.9999999776482582,11.5399997420609,0.03289845351567495,0.9146927043258142,0.9475911578414892,0.4667499781589265,0.006518641168156775,8.0
2026-09-11 09:20:00,0.073720105,-0.5715059585698883,0.9999999776482582,11.5399997420609,0.03289845351567495,0.9146927043258142,0.9475911578414892,0.44980530426399057,0.006518641168156775,8.0
2026-09-11 09:30:00,0.073720105,-0.5834893874957563,0.9999999776482582,11.5399997420609,0.03289845351567495,0.9146927043258142,0.9475911578414892,0.43782187533812256,0.006518641168156775,8.0
2026-09-11 09:40:00,0.073720105,-0.5905134633244105,0.9999999776482582,11.5399997420609,0.03289845351567495,0.9146927043258142,0.9475911578414892,0.4307977995094684,0.006518641168156775,8.0
2026-09-11 09:50:00,0.073720105,-0.5926172119831702,0.9999999776482582,11.5399997420609,0.03289845351567495,0.9146927043258142,0.9475911578414892,0.42869405085070866,0.006518641168156775,8.0
2026-09-11 10:00:00,0.073720105,-0.589874242016659,0.9999999776482582,11.5399997420609,0.03289845351567495,0.9146927043258142,0.9475911578414892,0.4314370208172199,0.006518641168156775,8.0
2026-09-11 10:10:00,0.073720105,-0.5823901887949958,0.9999999776482582,11.5399997420609,0.03289845351567495,0.9146927043258142,0.9475911578414892,0.43892107403888303,0.006518641168156775,8.0
2026-09-11 10:20:00,0.073720105,-0.5703002369985505,0.9999999776482582,11.5399997420609,0.03289845351567495,0.9146927043258142,0.9475911578414892,0.45101102583532837,0.006518641168156775,8.0
2026-09-11 10:30:00,0.073720105,-0.5537667732524463,0.9999999776482582,11.5399997420609,0.03289845351567495,0.9146927043258142,0.9475911578414892,0.4675444895814326,0.006518641168156775,8.0
2026-09-11 10:40:00,0.073720105,-0.5329771890380209,0.9999999776482582,11.5399997420609,0.03289845351567495,0.9146927043258142,0.9475911578414892,0.4883340737958579,0.006518641168156775,8.0
2026-09-11 10:50:00,0.073720105,-0.5081418246935993,0.9999999776482582,11.5399997420609,0.03289845351567495,0.9146927043258142,0.9475911578414892,0.5131694381402796,0.006518641168156775,8.0
2026-09-11 11:00:00,0.073720105,-0.47949202152050086,0.9999999776482582,11.5399997420609,0.03289845351567495,0.9146927043258142,0.9475911578414892,0.541819241313378,0.006518641168156775,8.0
2026-09-11 11:10:00,0.073720105,-0.4472782333855583,0.9999999776482582,11.5399997420609,0.03289845351567495,0.9146927043258142,0.9475911578414892,0.5740330294483206,0.006518641168156775,8.0
2026-09-11 11:20:00,0.073720105,-0.4117681429965777,0.9999999776482582,11.5399997420609,0.03289845351567495,0.9146927043258142,0.9475911578414892,0.6095431198373011,0.006518641168156775,8.0
2026-09-11 11:30:00,0.073720105,-0.37324473211858006,0.9999999776482582,11.5399997420609,0.03289845351567495,0.9146927043258142,0.9475911578414892,0.6480665307152988,0.006518641168156775,8.0
2026-09-11 11:40:00,0.073720105,-0.3320042680176999,0.9999999776482582,11.5399997420609,0.03289845351567495,0.9146927043258142,0.9475911578414892,0.689306994816179,0.006518641168156775,8.0
2026-09-11 11:50:00,0.073720105,-0.2883541892324303,0.9999999776482582,11.5399997420609,0.03289845351567495,0.9146927043258142,0.9475911578414892,0.7329570736014486,0.006518641168156775,8.0
2026-09-11 12:00:00,0.073720105,-0.2426108989913494,0.9999999776482582,11.439999744296074,0.03261337159612838,0.9067664243923151,0.9393797959884436,0.7704890019894839,0.006518641168156775,8.0
2026-09-11 12:10:00,0.073720105,-0.1950975013395814,0.9999999776482582,11.439999744296074,0.03261337159612838,0.9067664243923151,0.9393797959884436,0.8180023996412519,0.006518641168156775,8.0
2026-09-11 12:20:00,0.073720105,-0.1461415395240135,0.9999999776482582,11.439999744296074,0.03261337159612838,0.9067664243923151,0.9393797959884436,0.8669583614568197,0.006518641168156775,8.0
2026-09-11 12:30:00,0.073720105,-0.09607281497543868,0.9999999776482582,11.439999744296074,0.03261337159612838,0.9067664243923151,0.9393797959884436,0.9170270860053946,0.006518641168156775,8.0
2026-09-11 12:40:00,0.073720105,-0.045221375776294606,0.9999999776482582,11.439999744296074,0.03261337159612838,0.9067664243923151,0.9393797959884436,0.9678785252045387,0.006518641168156775,8.0
2026-09-11 12:50:00,0.073720105,0.006084236600527839,0.9999999776482582,11.439999744296074,0.03261337159612838,0.9067664243923151,0.9393797959884436,1.019184137581361,0.006518641168156775,8.0
2026-09-11 13:00:00,0.073720105,0.057518404422652866,0.9999999776482582,11.439999744296074,0.03261337159612838,0.9067664243923151,0.9393797959884436,1.0706183054034861,0.006518641168156775,8.0
2026-09-11 13:10:00,0.073720105,0.10875945887529373,0.9999999776482582,11.439999744296074,0.03261337159612838,0.9067664243923151,0.9393797959884436,1.121859359856127,0.006518641168156775,8.0
2026-09-11 13:20:00,0.073720105,0.1594902881947332,0.9999999776482582,11.439999744296074,0.03261337159612838,0.9067664243923151,0.9393797959884436,1.1725901891755663,0.006518641168156775,8.0
2026-09-11 13:30:00,0.073720105,0.2093985409865647,0.9999999776482582,11.439999744296074,0.03261337159612838,0.9067664243923151,0.9393797959884436,1.222498441967398,0.006518641168156775,8.0
2026-09-11 13:40:00,0.073720105,0.25817647683824463,0.9999999776482582,11.439999744296074,0.03261337159612838,0.9067664243923151,0.9393797959884436,1.2712763778190779,0.006518641168156775,8.0
2026-09-11 13:50:00,0.073720105,0.3055205550179631,0.9999999776482582,11.439999744296074,0.03261337159612838,0.9067664243923151,0.9393797959884436,1.3186204559987964,0.006518641168156775,8.0
2026-09-11 14:00:00,0.073720105,0.3511308855389047,0.9999999776482582,11.439999744296074,0.03261337159612838,0.9067664243923151,0.9393797959884436,1.3642307865197378,0.006518641168156775,8.0
2026-09-11 14:10:00,0.073720105,0.3947106912333837,0.9999999776482582,11.439999744296074,0.03261337159612838,0.9067664243923151,0.9393797959884436,1.407810592214217,0.006518641168156775,8.0
2026-09-11 14:20:00,0.073720105,0.43596594236644864,0.9999999776482582,11.439999744296074,0.03261337159612838,0.9067664243923151,0.9393797959884436,1.4490658433472818,0.006518641168156775,8.0
2026-09-11 14:30:00,0.073720105,0.4746053242577887,0.9999999776482582,11.439999744296074,0.03261337159612838,0.9067664243923151,0.9393797959884436,1.487705225238622,0.006518641168156775,8.0
2026-09-11 14:40:00,0.073720105,0.5103406837566652,0.9999999776482582,11.439999744296074,0.03261337159612838,0.9067664243923151,0.9393797959884436,1.5234405847374983,0.006518641168156775,8.0
2026-09-11 14:50:00,0.073720105,0.5428880720291648,0.9999999776482582,11.439999744296074,0.03261337159612838,0.9067664243923151,0.9393797959884436,1.555987973009998,0.006518641168156775,8.0
2026-09-11 15:00:00,0.073720105,0.5719694621389172,1.0199999772012234,11.3099997472018,0.03256359653611482,0.9053825026760529,0.9379460992121678,1.5836356663434747,0.006518641168156775,8.0
2026-09-11 15:10:00,0.073720105,0.5973151725871767,1.0199999772012234,11.3099997472018,0.03256359653611482,0.9053825026760529,0.9379460992121678,1.6089813767917343,0.006518641168156775,8.0
2026-09-11 15:20:00,0.073720105,0.6186669768251273,1.0199999772012234,11.3099997472018,0.03256359653611482,0.9053825026760529,0.9379460992121678,1.6303331810296848,0.006518641168156775,8.0
2026-09-11 15:30:00,0.073720105,0.6357818277939536,1.0199999772012234,11.3099997472018,0.03256359653611482,0.9053825026760529,0.9379460992121678,1.6474480319985112,0.006518641168156775,8.0
2026-09-11 15:40:00,0.073720105,0.6484360799555283,1.0199999772012234,11.3099997472018,0.03256359653611482,0.9053825026760529,0.9379460992121678,1.6601022841600859,0.006518641168156775,8.0
2026-09-11 15:50:00,0.073720105,0.6564300529458644,1.0199999772012234,11.3099997472018,0.03256359653611482,0.9053825026760529,0.9379460992121678,1.6680962571504219,0.006518641168156775,8.0
2026-09-11 16:00:00,0.073720105,0.6595927536176889,1.0199999772012234,11.3099997472018,0.03256359653611482,0.9053825026760529,0.9379460992121678,1.6712589578222463,0.006518641168156775,8.0
2026-09-11 16:10:00,0.073720105,0.6577865589326636,1.0199999772012234,11.3099997472018,0.03256359653611482,0.9053825026760529,0.9379460992121678,1.6694527631372211,0.006518641168156775,8.0
2026-09-11 16:20:00,0.073720105,0.6509116612023462,1.0199999772012234,11.3099997472018,0.03256359653611482,0.9053825026760529,0.9379460992121678,1.6625778654069037,0.006518641168156775,8.0
2026-09-11 16:30:00,0.073720105,0.6389100892512939,1.0199999772012234,11.3099997472018,0.03256359653611482,0.9053825026760529,0.9379460992121678,1.6505762934558512,0.006518641168156775,8.0
2026-09-11 16:40:00,0.073720105,0.6217691421562412,1.0199999772012234,11.3099997472018,0.03256359653611482,0.9053825026760529,0.9379460992121678,1.6334353463607987,0.006518641168156775,8.0
2026-09-11 16:50:00,0.073720105,0.599524103826503,1.0199999772012234,11.3099997472018,0.03256359653611482,0.9053825026760529,0.9379460992121678,1.6111903080310603,0.006518641168156775,8.0
2026-09-11 17:00:00,0.073720105,0.5722601434777516,1.0199999772012234,11.3099997472018,0.03256359653611482,0.9053825026760529,0.9379460992121678,1.583926347682309,0.006518641168156775,8.0
2026-09-11 17:10:00,0.073720105,0.5401133456559631,1.0199999772012234,11.3099997472018,0.03256359653611482,0.9053825026760529,0.9379460992121678,1.5517795498605205,0.006518641168156775,8.0
2026-09-11 17:20:00,0.073720105,0.5032708504428434,1.0199999772012234,11.3099997472018,0.03256359653611482,0.9053825026760529,0.9379460992121678,1.5149370546474008,0.006518641168156775,8.0
2026-09-11 17:30:00,0.073720105,0.46197011727325094,1.0199999772012234,11.3099997472018,0.03256359653611482,0.9053825026760529,0.9379460992121678,1.4736363214778083,0.006518641168156775,8.0
2026-09-11 17:40:00,0.073720105,0.4164973519311125,1.0199999772012234,11.3099997472018,0.03256359653611482,0.9053825026760529,0.9379460992121678,1.42816355613567,0.006518641168156775,8.0
2026-09-11 17:50:00,0.073720105,0.36718515529291346,1.0199999772012234,11.3099997472018,0.03256359653611482,0.9053825026760529,0.9379460992121678,1.378851359497471,0.006518641168156775,8.0
2026-09-11 18:00:00,0.073720105,0.3144094633234222,1.0199999772012234,11.139999751001596,0.03207413487288409,0.8917737471097462,0.9238478819826303,1.3119774502984423,0.006518641168156775,8.0
2026-09-11 18:10:00,0.073720105,0.2585858523974074,1.0199999772012234,11.139999751001596,0.03207413487288409,0.8917737471097462,0.9238478819826303,1.2561538393724274,0.006518641168156775,8.0
2026-09-11 18:20:00,0.073720105,0.20016528294123392,1.0199999772012234,11.139999751001596,0.03207413487288409,0.8917737471097462,0.9238478819826303,1.197733269916254,0.006518641168156775,8.0
2026-09-11 18:30:00,0.073720105,0.13962935038191812,1.0199999772012234,11.139999751001596,0.03207413487288409,0.8917737471097462,0.9238478819826303,1.1371973373569382,0.006518641168156775,8.0
2026-09-11 18:40:00,0.073720105,0.07748510740570985,1.0199999772012234,11.139999751001596,0.03207413487288409,0.8917737471097462,0.9238478819826303,1.07505309438073,0.006518641168156775,8.0
2026-09-11 18:50:00,0.073720105,0.014259517626978817,1.0199999772012234,11.139999751001596,0.03207413487288409,0.8917737471097462,0.9238478819826303,1.0118275046019989,0.006518641168156775,8.0
2026-09-11 19:00:00,0.073720105,-0.04950639977213081,1.0199999772012234,11.139999751001596,0.03207413487288409,0.8917737471097462,0.9238478819826303,0.9480615872028892,0.006518641168156775,8.0
2026-09-11 19:10:00,0.073720105,-0.11326367195089511,1.0199999772012234,11.139999751001596,0.03207413487288409,0.8917737471097462,0.9238478819826303,0.8843043150241249,0.006518641168156775,8.0
2026-09-11 19:20:00,0.073720105,-0.17646165039335487,1.0199999772012234,11.139999751001596,0.03207413487288409,0.8917737471097462,0.9238478819826303,0.8211063365816651,0.006518641168156775,8.0
2026-09-11 19:30:00,0.073720105,-0.23855438353188518,1.0199999772012234,11.139999751001596,0.03207413487288409,0.8917737471097462,0.9238478819826303,0.7590136034431348,0.006518641168156775,8.0
2026-09-11 19:40:00,0.073720105,-0.2990069884373283,1.0199999772012234,11.139999751001596,0.03207413487288409,0.8917737471097462,0.9238478819826303,0.6985609985376917,0.006518641168156775,8.0
2026-09-11 19:50:00,0.073720105,-0.35730191197412203,1.0199999772012234,11.139999751001596,0.03207413487288409,0.8917737471097462,0.9238478819826303,0.6402660750008979,0.006518641168156775,8.0
2026-09-11 20:00:00,0.073720105,-0.41294495933950964,1.0199999772012234,11.139999751001596,0.03207413487288409,0.8917737471097462,0.9238478819826303,0.5846230276355104,0.006518641168156775,8.0
2026-09-11 20:10:00,0.073720105,-0.4654709596230652,1.0199999772012234,11.139999751001596,0.03207413487288409,0.8917737471097462,0.9238478819826303,0.5320970273519549,0.006518641168156775,8.0
2026-09-11 20:20:00,0.073720105,-0.514448936316122,1.0199999772012234,11.139999751001596,0.03207413487288409,0.8917737471097462,0.9238478819826303,0.48311905065889804,0.006518641168156775,8.0
2026-09-11 20:30:00,0.073720105,-0.559486656430716,1.0199999772012234,11.139999751001596,0.03207413487288409,0.8917737471097462,0.9238478819826303,0.438081330544304,0.006518641168156775,8.0
2026-09-11 20:40:00,0.073720105,-0.6002344468296523,1.0199999772012234,11.139999751001596,0.03207413487288409,0.8917737471097462,0.9238478819826303,0.3973335401453677,0.006518641168156775,8.0
2026-09-11 20:50:00,0.073720105,-0.6363881891563642,1.0199999772012234,11.139999751001596,0.03207413487288409,0.8917737471097462,0.9238478819826303,0.36117979781865583,0.006518641168156775,8.0
2026-09-11 21:00:00,0.073720105,-0.6676914355400797,0.9999999776482582,11.089999752119184,0.031615584877715354,0.8790244446250676,0.9106400295027829,0.31666869895509286,0.006518641168156775,8.0
2026-09-11 21:10:00,0.073720105,-0.6939366228655258,0.9999999776482582,11.089999752119184,0.031615584877715354,0.8790244446250676,0.9106400295027829,0.29042351162964675,0.006518641168156775,8.0
2026-09-11 21:20:00,0.073720105,-0.7149654020088911,0.9999999776482582,11.089999752119184,0.031615584877715354,0.8790244446250676,0.9106400295027829,0.26939473248628143,0.006518641168156775,8.0
2026-09-11 21:30:00,0.073720105,-0.7306681364471624,0.9999999776482582,11.089999752119184,0.031615584877715354,0.8790244446250676,0.9106400295027829,0.2536919980480101,0.006518641168156775,8.0
2026-09-11 21:40:00,0.073720105,-0.7409826589083056,0.9999999776482582,11.089999752119184,0.031615584877715354,0.8790244446250676,0.9106400295027829,0.24337747558686695,0.006518641168156775,8.0
2026-09-11 21:50:00,0.073720105,-0.7458924024413863,0.9999999776482582,11.089999752119184,0.031615584877715354,0.8790244446250676,0.9106400295027829,0.23846773205378624,0.006518641168156775,8.0
2026-09-11 22:00:00,0.073720105,-0.7454240407672219,0.9999999776482582,11.089999752119184,0.031615584877715354,0.8790244446250676,0.9106400295027829,0.23893609372795066,0.006518641168156775,8.0
2026-09-11 22:10:00,0.073720105,-0.7396447808499442,0.9999999776482582,11.089999752119184,0.031615584877715354,0.8790244446250676,0.9106400295027829,0.24471535364522834,0.006518641168156775,8.0
2026-09-11 22:20:00,0.073720105,-0.7286594474619195,0.9999999776482582,11.089999752119184,0.031615584877715354,0.8790244446250676,0.9106400295027829,0.2557006870332531,0.006518641168156775,8.0
2026-09-11 22:30:00,0.073720105,-0.7126074860456056,0.9999999776482582,11.089999752119184,0.031615584877715354,0.8790244446250676,0.9106400295027829,0.2717526484495669,0.006518641168156775,8.0
2026-09-11 22:40:00,0.073720105,-0.691659987861012,0.9999999776482582,11.089999752119184,0.031615584877715354,0.8790244446250676,0.9106400295027829,0.29270014663416055,0.006518641168156775,8.0
2026-09-11 22:50:00,0.073720105,-0.6660168129533792,0.9999999776482582,11.089999752119184,0.031615584877715354,0.8790244446250676,0.9106400295027829,0.31834332154179334,0.006518641168156775,8.0
2026-09-11 23:00:00,0.073720105,-0.6359038550202673,0.9999999776482582,11.089999752119184,0.031615584877715354,0.8790244446250676,0.9106400295027829,0.3484562794749053,0.006518641168156775,8.0
2026-09-11 23:10:00,0.073720105,-0.6015704612666339,0.9999999776482582,11.089999752119184,0.031615584877715354,0.8790244446250676,0.9106400295027829,0.38278967322853863,0.006518641168156775,8.0
2026-09-11 23:20:00,0.073720105,-0.5632869931301902,0.9999999776482582,11.089999752119184,0.031615584877715354,0.8790244446250676,0.9106400295027829,0.4210731413649824,0.006518641168156775,8.0
2026-09-11 23:30:00,0.073720105,-0.5213424933475092,0.9999999776482582,11.089999752119184,0.031615584877715354,0.8790244446250676,0.9106400295027829,0.4630176411476634,0.006518641168156775,8.0
2026-09-11 23:40:00,0.073720105,-0.47604241299189726,0.9999999776482582,11.089999752119184,0.031615584877715354,0.8790244446250676,0.9106400295027829,0.5083177215032753,0.006518641168156775,8.0
2026-09-11 23:50:00,0.073720105,-0.4277063503313749,0.9999999776482582,11.089999752119184,0.031615584877715354,0.8790244446250676,0.9106400295027829,0.5566537841637977,0.006518641168156775,8.0
2026-09-12 00:00:00,0.051858168,-0.37666576097820603,0.9499999787658453,11.059999752789736,0.030731701344157068,0.8544493739691088,0.8851810753132658,0.5603734824304101,0.006518641168156775,8.0
2026-09-12 00:10:00,0.051858168,-0.3232616151193777,0.9499999787658453,11.059999752789736,0.030731701344157068,0.8544493739691088,0.8851810753132658,0.6137776282892384,0.006518641168156775,8.0
2026-09-12 00:20:00,0.051858168,-0.26784199985614693,0.9499999787658453,11.059999752789736,0.030731701344157068,0.8544493739691088,0.8851810753132658,0.6691972435524691,0.006518641168156775,8.0
2026-09-12 00:30:00,0.051858168,-0.21075969011636517,0.9499999787658453,11.059999752789736,0.030731701344157068,0.8544493739691088,0.8851810753132658,0.7262795532922509,0.006518641168156775,8.0
2026-09-12 00:40:00,0.051858168,-0.15236973671047158,0.9499999787658453,11.059999752789736,0.030731701344157068,0.8544493739691088,0.8851810753132658,0.7846695066981445,0.006518641168156775,8.0
2026-09-12 00:50:00,0.051858168,-0.09302714112539161,0.9499999787658453,11.059999752789736,0.030731701344157068,0.8544493739691088,0.8851810753132658,0.8440121022832245,0.006518641168156775,8.0
2026-09-12 01:00:00,0.051858168,-0.033084700977263126,0.9499999787658453,11.059999752789736,0.030731701344157068,0.8544493739691088,0.8851810753132658,0.903954542431353,0.006518641168156775,8.0
2026-09-12 01:10:00,0.051858168,0.027108885518600766,0.9499999787658453,11.059999752789736,0.030731701344157068,0.8544493739691088,0.8851810753132658,0.9641481289272169,0.006518641168156775,8.0
2026-09-12 01:20:00,0.051858168,0.08721057356245995,0.9499999787658453,11.059999752789736,0.030731701344157068,0.8544493739691088,0.8851810753132658,1.024249816971076,0.006518641168156775,8.0
2026-09-12 01:30:00,0.051858168,0.1468841192307272,0.9499999787658453,11.059999752789736,0.030731701344157068,0.8544493739691088,0.8851810753132658,1.0839233626393434,0.006518641168156775,8.0
2026-09-12 01:40:00,0.051858168,0.2058007822135273,0.9499999787658453,11.059999752789736,0.030731701344157068,0.8544493739691088,0.8851810753132658,1.1428400256221434,0.006518641168156775,8.0
2026-09-12 01:50:00,0.051858168,0.26363958074173327,0.9499999787658453,11.059999752789736,0.030731701344157068,0.8544493739691088,0.8851810753132658,1.2006788241503494,0.006518641168156775,8.0
2026-09-12 02:00:00,0.051858168,0.3200871348818841,0.9499999787658453,11.059999752789736,0.030731701344157068,0.8544493739691088,0.8851810753132658,1.2571263782905002,0.006518641168156775,8.0
2026-09-12 02:10:00,0.051858168,0.37483717458281796,0.9499999787658453,11.059999752789736,0.030731701344157068,0.8544493739691088,0.8851810753132658,1.3118764179914342,0.006518641168156775,8.0
2026-09-12 02:20:00,0.051858168,0.42758982567929166,0.9499999787658453,11.059999752789736,0.030731701344157068,0.8544493739691088,0.8851810753132658,1.3646290690879077,0.006518641168156775,8.0
2026-09-12 02:30:00,0.051858168,0.4780508164762335,0.9499999787658453,11.059999752789736,0.030731701344157068,0.8544493739691088,0.8851810753132658,1.4150900598848497,0.006518641168156775,8.0
2026-09-12 02:40:00,0.051858168,0.5259307667428619,0.9499999787658453,11.059999752789736,0.030731701344157068,0.8544493739691088,0.8851810753132658,1.462970010151478,0.006518641168156775,8.0
2026-09-12 02:50:00,0.051858168,0.570944726806797,0.9499999787658453,11.059999752789736,0.030731701344157068,0.8544493739691088,0.8851810753132658,1.5079839702154132,0.006518641168156775,8.0
2026-09-12 03:00:00,0.051858168,0.6128121266997903,0.909999979659915,11.029999753460288,0.029996175299375046,0.8339991632416295,0.8639953385410045,1.528665633336145,0.006518641168156775,8.0
2026-09-12 03:10:00,0.051858168,0.6512572731612251,0.909999979659915,11.029999753460288,0.029996175299375046,0.8339991632416295,0.8639953385410045,1.5671107797975798,0.006518641168156775,8.0
2026-09-12 03:20:00,0.051858168,0.6860104981273424,0.909999979659915,11.029999753460288,0.029996175299375046,0.8339991632416295,0.8639953385410045,1.6018640047636972,0.006518641168156775,8.0
2026-09-12 03:30:00,0.051858168,0.7168100180671564,0.909999979659915,11.029999753460288,0.029996175299375046,0.8339991632416295,0.8639953385410045,1.6326635247035113,0.006518641168156775,8.0
2026-09-12 03:40:00,0.051858168,0.7434045132364923,0.909999979659915,11.029999753460288,0.029996175299375046,0.8339991632416295,0.8639953385410045,1.659258019872847,0.006518641168156775,8.0
2026-09-12 03:50:00,0.051858168,0.765556383546901,0.909999979659915,11.029999753460288,0.029996175299375046,0.8339991632416295,0.8639953385410045,1.681409890183256,0.006518641168156775,8.0
2026-09-12 04:00:00,0.051858168,0.7830455875261998,0.909999979659915,11.029999753460288,0.029996175299375046,0.8339991632416295,0.8639953385410045,1.6988990941625546,0.006518641168156775,8.0
2026-09-12 04:10:00,0.051858168,0.7956739271903466,0.909999979659915,11.029999753460288,0.029996175299375046,0.8339991632416295,0.8639953385410045,1.7115274338267015,0.006518641168156775,8.0
2026-09-12 04:20:00,0.051858168,0.8032696074029052,0.909999979659915,11.029999753460288,0.029996175299375046,0.8339991632416295,0.8639953385410045,1.71912311403926,0.006518641168156775,8.0
2026-09-12 04:30:00,0.051858168,0.8056918765340837,0.909999979659915,11.029999753460288,0.029996175299375046,0.8339991632416295,0.8639953385410045,1.7215453831704384,0.006518641168156775,8.0
2026-09-12 04:40:00,0.051858168,0.8028355466487429,0.909999979659915,11.029999753460288,0.029996175299375046,0.8339991632416295,0.8639953385410045,1.7186890532850976,0.006518641168156775,8.0
2026-09-12 04:50:00,0.051858168,0.794635196526498,0.909999979659915,11.029999753460288,0.029996175299375046,0.8339991632416295,0.8639953385410045,1.7104887031628528,0.006518641168156775,8.0
2026-09-12 05:00:00,0.051858168,0.78106887805498,0.909999979659915,11.029999753460288,0.029996175299375046,0.8339991632416295,0.8639953385410045,1.6969223846913348,0.006518641168156775,8.0
2026-09-12 05:10:00,0.051858168,0.7621611739045687,0.909999979659915,11.029999753460288,0.029996175299375046,0.8339991632416295,0.8639953385410045,1.6780146805409235,0.006518641168156775,8.0
2026-09-12 05:20:00,0.051858168,0.7379854888216767,0.909999979659915,11.029999753460288,0.029996175299375046,0.8339991632416295,0.8639953385410045,1.6538389954580315,0.006518641168156775,8.0
2026-09-12 05:30:00,0.051858168,0.7086654950380931,0.909999979659915,11.029999753460288,0.029996175299375046,0.8339991632416295,0.8639953385410045,1.624519001674448,0.006518641168156775,8.0
2026-09-12 05:40:00,0.051858168,0.6743756906705628,0.909999979659915,11.029999753460288,0.029996175299375046,0.8339991632416295,0.8639953385410045,1.5902291973069176,0.006518641168156775,8.0
2026-09-12 05:50:00,0.051858168,0.6353410656266376,0.909999979659915,11.029999753460288,0.029996175299375046,0.8339991632416295,0.8639953385410045,1.5511945722629923,0.006518641168156775,8.0
2026-09-12 06:00:00,0.051858168,0.591835899670078,0.8699999805539846,11.069999752566218,0.02943587307145951,0.8184207908464757,0.8478566639179352,1.4915507316833634,0.006518641168156775,8.0
2026-09-12 06:10:00,0.051858168,0.54418174070595,0.8699999805539846,11.069999752566218,0.02943587307145951,0.8184207908464757,0.8478566639179352,1.4438965727192357,0.006518641168156775,8.0
2026-09-12 06:20:00,0.051858168,0.49274462689805276,0.8699999805539846,11.069999752566218,0.02943587307145951,0.8184207908464757,0.8478566639179352,1.3924594589113384,0.006518641168156775,8.0
2026-09-12 06:30:00,0.051858168,0.4379316247016914,0.8699999805539846,11.069999752566218,0.02943587307145951,0.8184207908464757,0.8478566639179352,1.3376464567149768,0.006518641168156775,8.0
2026-09-12 06:40:00,0.051858168,0.38018675705804195,0.8699999805539846,11.069999752566218,0.02943587307145951,0.8184207908464757,0.8478566639179352,1.2799015890713275,0.006518641168156775,8.0
2026-09-12 06:50:00,0.051858168,0.31998639396786777,0.8699999805539846,11.069999752566218,0.02943587307145951,0.8184207908464757,0.8478566639179352,1.2197012259811533,0.006518641168156775,8.0
2026-09-12 07:00:00,0.051858168,0.25783417353805055,0.8699999805539846,11.069999752566218,0.02943587307145951,0.8184207908464757,0.8478566639179352,1.157549005551336,0.006518641168156775,8.0
2026-09-12 07:10:00,0.051858168,0.19425551735199093,0.8699999805539846,11.069999752566218,0.02943587307145951,0.8184207908464757,0.8478566639179352,1.0939703493652764,0.006518641168156775,8.0
2026-09-12 07:20:00,0.051858168,0.12979180229347348,0.8699999805539846,11.069999752566218,0.02943587307145951,0.8184207908464757,0.8478566639179352,1.029506634306759,0.006518641168156775,8.0
2026-09-12 07:30:00,0.051858168,0.06499425216456717,0.8699999805539846,11.069999752566218,0.02943587307145951,0.8184207908464757,0.8478566639179352,0.9647090841778527,0.006518641168156775,8.0
2026-09-12 07:40:00,0.051858168,0.0004176184526703038,0.8699999805539846,11.069999752566218,0.02943587307145951,0.8184207908464757,0.8478566639179352,0.9001324504659558,0.006518641168156775,8.0
2026-09-12 07:50:00,0.051858168,-0.06338627083972932,0.8699999805539846,11.069999752566218,0.02943587307145951,0.8184207908464757,0.8478566639179352,0.8363285611735561,0.006518641168156775,8.0
2026-09-12 08:00:00,0.051858168,-0.1258750023538984,0.8699999805539846,11.069999752566218,0.02943587307145951,0.8184207908464757,0.8478566639179352,0.7738398296593871,0.006518641168156775,8.0
2026-09-12 08:10:00,0.051858168,-0.1865220023220182,0.8699999805539846,11.069999752566218,0.02943587307145951,0.8184207908464757,0.8478566639179352,0.7131928296912673,0.006518641168156775,8.0
2026-09-12 08:20:00,0.051858168,-0.24482277550187057,0.8699999805539846,11.069999752566218,0.02943587307145951,0.8184207908464757,0.8478566639179352,0.6548920565114149,0.006518641168156775,8.0
2026-09-12 08:30:00,0.051858168,-0.30030082773777084,0.8699999805539846,11.069999752566218,0.02943587307145951,0.8184207908464757,0.8478566639179352,0.5994140042755147,0.006518641168156775,8.0
2026-09-12 08:40:00,0.051858168,-0.3525131368638526,0.8699999805539846,11.069999752566218,0.02943587307145951,0.8184207908464757,0.8478566639179352,0.547201695149433,0.006518641168156775,8.0
2026-09-12 08:50:00,0.051858168,-0.40105503855389196,0.8699999805539846,11.069999752566218,0.02943587307145951,0.8184207908464757,0.8478566639179352,0.49865979345939354,0.006518641168156775,8.0
2026-09-12 09:00:00,0.051858168,-0.44556440462120606,0.8299999814480543,11.049999753013253,0.028699279813716706,0.7979409078455345,0.8266401876592512,0.4329339511333954,0.006518641168156775,8.0
2026-09-12 09:10:00,0.051858168,-0.4857250103933317,0.8299999814480543,11.049999753013253,0.028699279813716706,0.7979409078455345,0.8266401876592512,0.39277334536126973,0.006518641168156775,8.0
2026-09-12 09:20:00,0.051858168,-0.5212690155010803,0.8299999814480543,11.049999753013253,0.028699279813716706,0.7979409078455345,0.8266401876592512,0.35722934025352115,0.006518641168156775,8.0
2026-09-12 09:30:00,0.051858168,-0.5519785163787346,0.8299999814480543,11.049999753013253,0.028699279813716706,0.7979409078455345,0.8266401876592512,0.3265198393758668,0.006518641168156775,8.0
2026-09-12 09:40:00,0.051858168,-0.5776861671090262,0.8299999814480543,11.049999753013253,0.028699279813716706,0.7979409078455345,0.8266401876592512,0.30081218864557524,0.006518641168156775,8.0
2026-09-12 09:50:00,0.051858168,-0.5982749046586475,0.8299999814480543,11.049999753013253,0.028699279813716706,0.7979409078455345,0.8266401876592512,0.2802234510959539,0.006518641168156775,8.0
2026-09-12 10:00:00,0.051858168,-0.6136768519881423,0.8299999814480543,11.049999753013253,0.028699279813716706,0.7979409078455345,0.8266401876592512,0.2648215037664592,0.006518641168156775,8.0
2026-09-12 10:10:00,0.051858168,-0.6238715047421418,0.8299999814480543,11.049999753013253,0.028699279813716706,0.7979409078455345,0.8266401876592512,0.25462685101245963,0.006518641168156775,8.0
2026-09-12 10:20:00,0.051858168,-0.6288833314512081,0.8299999814480543,11.049999753013253,0.028699279813716706,0.7979409078455345,0.8266401876592512,0.24961502430339333,0.006518641168156775,8.0
2026-09-12 10:30:00,0.051858168,-0.6287789314767888,0.8299999814480543,11.049999753013253,0.028699279813716706,0.7979409078455345,0.8266401876592512,0.24971942427781268,0.006518641168156775,8.0
2026-09-12 10:40:00,0.051858168,-0.6236638981267851,0.8299999814480543,11.049999753013253,0.028699279813716706,0.7979409078455345,0.8266401876592512,0.2548344576278163,0.006518641168156775,8.0
2026-09-12 10:50:00,0.051858168,-0.6136795265897406,0.8299999814480543,11.049999753013253,0.028699279813716706,0.7979409078455345,0.8266401876592512,0.2648188291648609,0.006518641168156775,8.0
2026-09-12 11:00:00,0.051858168,-0.5989994886717885,0.8299999814480543,11.049999753013253,0.028699279813716706,0.7979409078455345,0.8266401876592512,0.2794988670828129,0.006518641168156775,8.0
2026-09-12 11:10:00,0.051858168,-0.5798265708855243,0.8299999814480543,11.049999753013253,0.028699279813716706,0.7979409078455345,0.8266401876592512,0.2986717848690772,0.006518641168156775,8.0
2026-09-12 11:20:00,0.051858168,-0.5563895421743439,0.8299999814480543,11.049999753013253,0.028699279813716706,0.7979409078455345,0.8266401876592512,0.32210881358025756,0.006518641168156775,8.0
2026-09-12 11:30:00,0.051858168,-0.5289401858360173,0.8299999814480543,11.049999753013253,0.028699279813716706,0.7979409078455345,0.8266401876592512,0.3495581699185841,0.006518641168156775,8.0
2026-09-12 11:40:00,0.051858168,-0.49775050033698687,0.8299999814480543,11.049999753013253,0.028699279813716706,0.7979409078455345,0.8266401876592512,0.3807478554176146,0.006518641168156775,8.0
2026-09-12 11:50:00,0.051858168,-0.4631100492113116,0.8299999814480543,11.049999753013253,0.028699279813716706,0.7979409078455345,0.8266401876592512,0.41538830654328984,0.006518641168156775,8.0
2026-09-12 12:00:00,0.051858168,-0.4253234231100385,0.8099999818950891,11.319999746978283,0.029044145963405234,0.8075293996249043,0.8365735455883095,0.4631082905736213,0.006518641168156775,8.0
2026-09-12 12:10:00,0.051858168,-0.3847077695809783,0.8099999818950891,11.319999746978283,0.029044145963405234,0.8075293996249043,0.8365735455883095,0.5037239441026815,0.006518641168156775,8.0
2026-09-12 12:20:00,0.051858168,-0.34159034816000505,0.8099999818950891,11.319999746978283,0.029044145963405234,0.8075293996249043,0.8365735455883095,0.5468413655236548,0.006518641168156775,8.0
2026-09-12 12:30:00,0.051858168,-0.2963060797798037,0.8099999818950891,11.319999746978283,0.029044145963405234,0.8075293996249043,0.8365735455883095,0.5921256339038561,0.006518641168156775,8.0
2026-09-12 12:40:00,0.051858168,-0.24919507811289696,0.8099999818950891,11.319999746978283,0.029044145963405234,0.8075293996249043,0.8365735455883095,0.6392366355707628,0.006518641168156775,8.0
2026-09-12 12:50:00,0.051858168,-0.20060017395720425,0.8099999818950891,11.319999746978283,0.029044145963405234,0.8075293996249043,0.8365735455883095,0.6878315397264556,0.006518641168156775,8.0
2026-09-12 13:00:00,0.051858168,-0.15086446867423373,0.8099999818950891,11.319999746978283,0.029044145963405234,0.8075293996249043,0.8365735455883095,0.737567245009426,0.006518641168156775,8.0
2026-09-12 13:10:00,0.051858168,-0.10032897546907284,0.8099999818950891,11.319999746978283,0.029044145963405234,0.8075293996249043,0.8365735455883095,0.788102738214587,0.006518641168156775,8.0
2026-09-12 13:20:00,0.051858168,-0.049330424815703586,0.8099999818950891,11.319999746978283,0.029044145963405234,0.8075293996249043,0.8365735455883095,0.8391012888679562,0.006518641168156775,8.0
2026-09-12 13:30:00,0.051858168,0.0018006805888610429,0.8099999818950891,11.319999746978283,0.029044145963405234,0.8075293996249043,0.8365735455883095,0.8902323942725209,0.006518641168156775,8.0
2026-09-12 13:40:00,0.051858168,0.052741676879071546,0.8099999818950891,11.319999746978283,0.029044145963405234,0.8075293996249043,0.8365735455883095,0.9411733905627313,0.006518641168156775,8.0
2026-09-12 13:50:00,0.051858168,0.10317894367476027,0.8099999818950891,11.319999746978283,0.029044145963405234,0.8075293996249043,0.8365735455883095,0.99161065735842,0.006518641168156775,8.0
2026-09-12 14:00:00,0.051858168,0.15280865245016587,0.8099999818950891,11.319999746978283,0.029044145963405234,0.8075293996249043,0.8365735455883095,1.0412403661338256,0.006518641168156775,8.0
2026-09-12 14:10:00,0.051858168,0.2013370403186451,0.8099999818950891,11.319999746978283,0.029044145963405234,0.8075293996249043,0.8365735455883095,1.0897687540023049,0.006518641168156775,8.0
2026-09-12 14:20:00,0.051858168,0.2484802285920307,0.8099999818950891,11.319999746978283,0.029044145963405234,0.8075293996249043,0.8365735455883095,1.1369119422756904,0.006518641168156775,8.0
2026-09-12 14:30:00,0.051858168,0.2939636458735238,0.8099999818950891,11.319999746978283,0.029044145963405234,0.8075293996249043,0.8365735455883095,1.1823953595571837,0.006518641168156775,8.0
2026-09-12 14:40:00,0.051858168,0.33752115457262527,0.8099999818950891,11.319999746978283,0.029044145963405234,0.8075293996249043,0.8365735455883095,1.225952868256285,0.006518641168156775,8.0
2026-09-12 14:50:00,0.051858168,0.37889401329673045,0.8099999818950891,11.319999746978283,0.029044145963405234,0.8075293996249043,0.8365735455883095,1.2673257269803901,0.006518641168156775,8.0
2026-09-12 15:00:00,0.051858168,0.4178298324751588,0.8199999816715717,11.569999741390347,0.029868262500677173,0.830442737596786,0.8603110000974632,1.3299990006679723,0.006518641168156775,8.0
2026-09-12 15:10:00,0.051858168,0.4540816931277415,0.8199999816715717,11.569999741390347,0.029868262500677173,0.830442737596786,0.8603110000974632,1.3662508613205548,0.006518641168156775,8.0
2026-09-12 15:20:00,0.051858168,0.48740759798736505,0.8199999816715717,11.569999741390347,0.029868262500677173,0.830442737596786,0.8603110000974632,1.3995767661801786,0.006518641168156775,8.0
2026-09-12 15:30:00,0.051858168,0.5175704088690973,0.8199999816715717,11.569999741390347,0.029868262500677173,0.830442737596786,0.8603110000974632,1.4297395770619108,0.006518641168156775,8.0
2026-09-12 15:40:00,0.051858168,0.5443383956945131,0.8199999816715717,11.569999741390347,0.029868262500677173,0.830442737596786,0.8603110000974632,1.4565075638873266,0.006518641168156775,8.0
2026-09-12 15:50:00,0.051858168,0.5674864825803067,0.8199999816715717,11.569999741390347,0.029868262500677173,0.830442737596786,0.8603110000974632,1.47965565077312,0.006518641168156775,8.0
2026-09-12 16:00:00,0.051858168,0.5867982282862072,0.8199999816715717,11.569999741390347,0.029868262500677173,0.830442737596786,0.8603110000974632,1.4989673964790207,0.006518641168156775,8.0
2026-09-12 16:10:00,0.051858168,0.6020685259632067,0.8199999816715717,11.569999741390347,0.029868262500677173,0.830442737596786,0.8603110000974632,1.5142376941560203,0.006518641168156775,8.0
2026-09-12 16:20:00,0.051858168,0.6131069547191738,0.8199999816715717,11.569999741390347,0.029868262500677173,0.830442737596786,0.8603110000974632,1.525276122911987,0.006518641168156775,8.0
2026-09-12 16:30:00,0.051858168,0.6197416675414251,0.8199999816715717,11.569999741390347,0.029868262500677173,0.830442737596786,0.8603110000974632,1.5319108357342386,0.006518641168156775,8.0
2026-09-12 16:40:00,0.051858168,0.6218236600475818,0.8199999816715717,11.569999741390347,0.029868262500677173,0.830442737596786,0.8603110000974632,1.5339928282403954,0.006518641168156775,8.0
2026-09-12 16:50:00,0.051858168,0.6192312357471716,0.8199999816715717,11.569999741390347,0.029868262500677173,0.830442737596786,0.8603110000974632,1.531400403939985,0.006518641168156775,8.0
2026-09-12 17:00:00,0.051858168,0.6118744675466595,0.8199999816715717,11.569999741390347,0.029868262500677173,0.830442737596786,0.8603110000974632,1.5240436357394729,0.006518641168156775,8.0
2026-09-12 17:10:00,0.051858168,0.5996994530918973,0.8199999816715717,11.569999741390347,0.029868262500677173,0.830442737596786,0.8603110000974632,1.5118686212847108,0.006518641168156775,8.0
2026-09-12 17:20:00,0.051858168,0.5826921724577941,0.8199999816715717,11.569999741390347,0.029868262500677173,0.830442737596786,0.8603110000974632,1.4948613406506075,0.006518641168156775,8.0
2026-09-12 17:30:00,0.051858168,0.5608817790819238,0.8199999816715717,11.569999741390347,0.029868262500677173,0.830442737596786,0.8603110000974632,1.4730509472747373,0.006518641168156775,8.0
2026-09-12 17:40:00,0.051858168,0.5343431860211599,0.8199999816715717,11.569999741390347,0.029868262500677173,0.830442737596786,0.8603110000974632,1.4465123542139735,0.006518641168156775,8.0
2026-09-12 17:50:00,0.051858168,0.5031988463900847,0.8199999816715717,11.569999741390347,0.029868262500677173,0.830442737596786,0.8603110000974632,1.4153680145828982,0.006518641168156775,8.0
2026-09-12 18:00:00,0.051858168,0.4676196657348642,0.8099999818950891,14.189999682828784,0.036407811945293314,1.0122652103071903,1.0486730222524836,1.568150856082698,0.006518641168156775,8.0
2026-09-12 18:10:00,0.051858168,0.42782502181417165,0.8099999818950891,14.189999682828784,0.036407811945293314,1.0122652103071903,1.0486730222524836,1.5283562121620056,0.006518641168156775,8.0
2026-09-12 18:20:00,0.051858168,0.38408190085993,0.8099999818950891,14.189999682828784,0.036407811945293314,1.0122652103071903,1.0486730222524836,1.484613091207764,0.006518641168156775,8.0
2026-09-12 18:30:00,0.051858168,0.33670318689236445,0.8099999818950891,14.189999682828784,0.036407811945293314,1.0122652103071903,1.0486730222524836,1.4372343772401983,0.006518641168156775,8.0
2026-09-12 18:40:00,0.051858168,0.28604516070155095,0.8099999818950891,14.189999682828784,0.036407811945293314,1.0122652103071903,1.0486730222524836,1.386576351049385,0.006518641168156775,8.0
2026-09-12 18:50:00,0.051858168,0.23250427767609064,0.8099999818950891,14.189999682828784,0.036407811945293314,1.0122652103071903,1.0486730222524836,1.3330354680239245,0.006518641168156775,8.0
2026-09-12 19:00:00,0.051858168,0.1765132993159542,0.8099999818950891,14.189999682828784,0.036407811945293314,1.0122652103071903,1.0486730222524836,1.277044489663788,0.006518641168156775,8.0
2026-09-12 19:10:00,0.051858168,0.11853685361010875,0.8099999818950891,14.189999682828784,0.036407811945293314,1.0122652103071903,1.0486730222524836,1.2190680439579427,0.006518641168156775,8.0
2026-09-12 19:20:00,0.051858168,0.059066496512611776,0.8099999818950891,14.189999682828784,0.036407811945293314,1.0122652103071903,1.0486730222524836,1.1595976868604456,0.006518641168156775,8.0
2026-09-12 19:30:00,0.051858168,-0.0013846573882523871,0.8099999818950891,14.189999682828784,0.036407811945293314,1.0122652103071903,1.0486730222524836,1.0991465329595815,0.006518641168156775,8.0
2026-09-12 19:40:00,0.051858168,-0.06228766984582615,0.8099999818950891,14.189999682828784,0.036407811945293314,1.0122652103071903,1.0486730222524836,1.0382435205020077,0.006518641168156775,8.0
2026-09-12 19:50:00,0.051858168,-0.12310381478340965,0.8099999818950891,14.189999682828784,0.036407811945293314,1.0122652103071903,1.0486730222524836,0.9774273755644243,0.006518641168156775,8.0
2026-09-12 20:00:00,0.051858168,-0.18329084646418903,0.8099999818950891,14.189999682828784,0.036407811945293314,1.0122652103071903,1.0486730222524836,0.9172403438836448,0.006518641168156775,8.0
2026-09-12 20:10:00,0.051858168,-0.2423094238442684,0.8099999818950891,14.189999682828784,0.036407811945293314,1.0122652103071903,1.0486730222524836,0.8582217665035654,0.006518641168156775,8.0
2026-09-12 20:20:00,0.051858168,-0.2996296035073202,0.8099999818950891,14.189999682828784,0.036407811945293314,1.0122652103071903,1.0486730222524836,0.8009015868405136,0.006518641168156775,8.0
2026-09-12 20:30:00,0.051858168,-0.3547372999245549,0.8099999818950891,14.189999682828784,0.036407811945293314,1.0122652103071903,1.0486730222524836,0.745793890423279,0.006518641168156775,8.0
2026-09-12 20:40:00,0.051858168,-0.40714059782387957,0.8099999818950891,14.189999682828784,0.036407811945293314,1.0122652103071903,1.0486730222524836,0.6933905925239543,0.006518641168156775,8.0
2026-09-12 20:50:00,0.051858168,-0.4563757892693235,0.8099999818950891,14.189999682828784,0.036407811945293314,1.0122652103071903,1.0486730222524836,0.6441554010785104,0.006518641168156775,8.0
2026-09-12 21:00:00,0.051858168,-0.5020130003942073,0.7999999821186066,14.859999667853117,0.03789077404702941,1.0534967719854127,1.091387546032442,0.641232713733585,0.006518641168156775,8.0
2026-09-12 21:10:00,0.051858168,-0.5436612712431577,0.7999999821186066,14.859999667853117,0.03789077404702941,1.0534967719854127,1.091387546032442,0.5995844428846346,0.006518641168156775,8.0
2026-09-12 21:20:00,0.051858168,-0.5809729589253331,0.7999999821186066,14.859999667853117,0.03789077404702941,1.0534967719854127,1.091387546032442,0.5622727552024592,0.006518641168156775,8.0
2026-09-12 21:30:00,0.051858168,-0.6136473495275248,0.7999999821186066,14.859999667853117,0.03789077404702941,1.0534967719854127,1.091387546032442,0.5295983646002675,0.006518641168156775,8.0
2026-09-12 21:40:00,0.051858168,-0.6414333883969733,0.7999999821186066,14.859999667853117,0.03789077404702941,1.0534967719854127,1.091387546032442,0.501812325730819,0.006518641168156775,8.0
2026-09-12 21:50:00,0.051858168,-0.6641314697582483,0.7999999821186066,14.859999667853117,0.03789077404702941,1.0534967719854127,1.091387546032442,0.479114244369544,0.006518641168156775,8.0
2026-09-12 22:00:00,0.051858168,-0.6815942638047493,0.7999999821186066,14.859999667853117,0.03789077404702941,1.0534967719854127,1.091387546032442,0.461651450323043,0.006518641168156775,8.0
2026-09-12 22:10:00,0.051858168,-0.6937265991329054,0.7999999821186066,14.859999667853117,0.03789077404702941,1.0534967719854127,1.091387546032442,0.44951911499488695,0.006518641168156775,8.0
2026-09-12 22:20:00,0.051858168,-0.70048445786846,0.7999999821186066,14.859999667853117,0.03789077404702941,1.0534967719854127,1.091387546032442,0.44276125625933227,0.006518641168156775,8.0
2026-09-12 22:30:00,0.051858168,-0.7018731766833395,0.7999999821186066,14.859999667853117,0.03789077404702941,1.0534967719854127,1.091387546032442,0.4413725374444528,0.006518641168156775,8.0
2026-09-12 22:40:00,0.051858168,-0.6979449760201104,0.7999999821186066,14.859999667853117,0.03789077404702941,1.0534967719854127,1.091387546032442,0.4453007381076819,0.006518641168156775,8.0
2026-09-12 22:50:00,0.051858168,-0.6887959599460379,0.7999999821186066,14.859999667853117,0.03789077404702941,1.0534967719854127,1.091387546032442,0.4544497541817544,0.006518641168156775,8.0
2026-09-12 23:00:00,0.051858168,-0.6745627383679124,0.7999999821186066,14.859999667853117,0.03789077404702941,1.0534967719854127,1.091387546032442,0.46868297575987994,0.006518641168156775,8.0
2026-09-12 23:10:00,0.051858168,-0.6554188214532508,0.7999999821186066,14.859999667853117,0.03789077404702941,1.0534967719854127,1.091387546032442,0.4878268926745415,0.006518641168156775,8.0
2026-09-12 23:20:00,0.051858168,-0.6315709234625784,0.7999999821186066,14.859999667853117,0.03789077404702941,1.0534967719854127,1.091387546032442,0.5116747906652139,0.006518641168156775,8.0
2026-09-12 23:30:00,0.051858168,-0.6032552915069515,0.7999999821186066,14.859999667853117,0.03789077404702941,1.0534967719854127,1.091387546032442,0.5399904226208408,0.006518641168156775,8.0
2026-09-12 23:40:00,0.051858168,-0.5707341464916518,0.7999999821186066,14.859999667853117,0.03789077404702941,1.0534967719854127,1.091387546032442,0.5725115676361405,0.006518641168156775,8.0
2026-09-12 23:50:00,0.051858168,-0.5342922918890638,0.7999999821186066,14.859999667853117,0.03789077404702941,1.0534967719854127,1.091387546032442,0.6089534222387285,0.006518641168156775,8.0
2026-09-13 00:00:00,0.06123156,-0.49423391442383585,0.789999982342124,14.729999670758843,0.037323809734908724,1.037733170220278,1.0750569799551866,0.6420546265364662,0.006518641168156775,8.0
2026-09-13 00:10:00,0.06123156,-0.4508795726887839,0.789999982342124,14.729999670758843,0.037323809734908724,1.037733170220278,1.0750569799551866,0.6854089682715181,0.006518641168156775,8.0
2026-09-13 00:20:00,0.06123156,-0.40456334797814714,0.789999982342124,14.729999670758843,0.037323809734908724,1.037733170220278,1.0750569799551866,0.7317251929821549,0.006518641168156775,8.0
2026-09-13 00:30:00,0.06123156,-0.3556301184627734,0.789999982342124,14.729999670758843,0.037323809734908724,1.037733170220278,1.0750569799551866,0.7806584224975286,0.006518641168156775,8.0
2026-09-13 00:40:00,0.06123156,-0.30443291426766644,0.789999982342124,14.729999670758843,0.037323809734908724,1.037733170220278,1.0750569799551866,0.8318556266926356,0.006518641168156775,8.0
2026-09-13 00:50:00,0.06123156,-0.2513303170820327,0.789999982342124,14.729999670758843,0.037323809734908724,1.037733170220278,1.0750569799551866,0.8849582238782694,0.006518641168156775,8.0
2026-09-13 01:00:00,0.06123156,-0.1966838824330228,0.789999982342124,14.729999670758843,0.037323809734908724,1.037733170220278,1.0750569799551866,0.9396046585272793,0.006518641168156775,8.0
2026-09-13 01:10:00,0.06123156,-0.14085558343542395,0.789999982342124,14.729999670758843,0.037323809734908724,1.037733170220278,1.0750569799551866,0.9954329575248781,0.006518641168156775,8.0
2026-09-13 01:20:00,0.06123156,-0.08420529884213465,0.789999982342124,14.729999670758843,0.037323809734908724,1.037733170220278,1.0750569799551866,1.0520832421181674,0.006518641168156775,8.0
2026-09-13 01:30:00,0.06123156,-0.02708839192378736,0.789999982342124,14.729999670758843,0.037323809734908724,1.037733170220278,1.0750569799551866,1.1092001490365146,0.006518641168156775,8.0
2026-09-13 01:40:00,0.06123156,0.030146553102588604,0.789999982342124,14.729999670758843,0.037323809734908724,1.037733170220278,1.0750569799551866,1.1664350940628907,0.006518641168156775,8.0
2026-09-13 01:50:00,0.06123156,0.08715975715950144,0.789999982342124,14.729999670758843,0.037323809734908724,1.037733170220278,1.0750569799551866,1.2234482981198036,0.006518641168156775,8.0
2026-09-13 02:00:00,0.06123156,0.14362195080096674,0.789999982342124,14.729999670758843,0.037323809734908724,1.037733170220278,1.0750569799551866,1.2799104917612687,0.006518641168156775,8.0
2026-09-13 02:10:00,0.06123156,0.19921567965829998,0.789999982342124,14.729999670758843,0.037323809734908724,1.037733170220278,1.0750569799551866,1.335504220618602,0.006518641168156775,8.0
2026-09-13 02:20:00,0.06123156,0.25363615078517043,0.789999982342124,14.729999670758843,0.037323809734908724,1.037733170220278,1.0750569799551866,1.3899246917454726,0.006518641168156775,8.0
2026-09-13 02:30:00,0.06123156,0.30659158717172075,0.789999982342124,14.729999670758843,0.037323809734908724,1.037733170220278,1.0750569799551866,1.442880128132023,0.006518641168156775,8.0
2026-09-13 02:40:00,0.06123156,0.3578030927308942,0.789999982342124,14.729999670758843,0.037323809734908724,1.037733170220278,1.0750569799551866,1.4940916336911962,0.006518641168156775,8.0
2026-09-13 02:50:00,0.06123156,0.4070040695068309,0.789999982342124,14.729999670758843,0.037323809734908724,1.037733170220278,1.0750569799551866,1.543292610467133,0.006518641168156775,8.0
2026-09-13 03:00:00,0.06123156,0.4539392691640988,0.7799999825656414,14.539999675005674,0.03660845345449162,1.0178437498747468,1.0544522033292385,1.569623033498453,0.006518641168156775,8.0
2026-09-13 03:10:00,0.06123156,0.49836359766318117,0.7799999825656414,14.539999675005674,0.03660845345449162,1.0178437498747468,1.0544522033292385,1.6140473619975353,0.006518641168156775,8.0
2026-09-13 03:20:00,0.06123156,0.5400408217298244,0.7799999825656414,14.539999675005674,0.03660845345449162,1.0178437498747468,1.0544522033292385,1.6557245860641783,0.006518641168156775,8.0
2026-09-13 03:30:00,0.06123156,0.5787423447912342,0.7799999825656414,14.539999675005674,0.03660845345449162,1.0178437498747468,1.0544522033292385,1.694426109125588,0.006518641168156775,8.0
2026-09-13 03:40:00,0.06123156,0.614246226259283,0.7799999825656414,14.539999675005674,0.03660845345449162,1.0178437498747468,1.0544522033292385,1.7299299905936372,0.006518641168156775,8.0
2026-09-13 03:50:00,0.06123156,0.6463366099825717,0.7799999825656414,14.539999675005674,0.03660845345449162,1.0178437498747468,1.0544522033292385,1.7620203743169256,0.006518641168156775,8.0
2026-09-13 04:00:00,0.06123156,0.6748037056396526,0.7799999825656414,14.539999675005674,0.03660845345449162,1.0178437498747468,1.0544522033292385,1.7904874699740065,0.006518641168156775,8.0
2026-09-13 04:10:00,0.06123156,0.6994444322380204,0.7799999825656414,14.539999675005674,0.03660845345449162,1.0178437498747468,1.0544522033292385,1.8151281965723745,0.006518641168156775,8.0
2026-09-13 04:20:00,0.06123156,0.7200637882113228,0.7799999825656414,14.539999675005674,0.03660845345449162,1.0178437498747468,1.0544522033292385,1.8357475525456768,0.006518641168156775,8.0
2026-09-13 04:30:00,0.06123156,0.7364769616896973,0.7799999825656414,14.539999675005674,0.03660845345449162,1.0178437498747468,1.0544522033292385,1.8521607260240514,0.006518641168156775,8.0
2026-09-13 04:40:00,0.06123156,0.7485121412848532,0.7799999825656414,14.539999675005674,0.03660845345449162,1.0178437498747468,1.0544522033292385,1.8641959056192072,0.006518641168156775,8.0
2026-09-13 04:50:00,0.06123156,0.7560139366703085,0.7799999825656414,14.539999675005674,0.03660845345449162,1.0178437498747468,1.0544522033292385,1.8716977010046625,0.006518641168156775,8.0
2026-09-13 05:00:00,0.06123156,0.7588472734084128,0.7799999825656414,14.539999675005674,0.03660845345449162,1.0178437498747468,1.0544522033292385,1.8745310377427669,0.006518641168156775,8.0
2026-09-13 05:10:00,0.06123156,0.7569015913164829,0.7799999825656414,14.539999675005674,0.03660845345449162,1.0178437498747468,1.0544522033292385,1.872585355650837,0.006518641168156775,8.0
2026-09-13 05:20:00,0.06123156,0.7500951526993752,0.7799999825656414,14.539999675005674,0.03660845345449162,1.0178437498747468,1.0544522033292385,1.8657789170337291,0.006518641168156775,8.0
2026-09-13 05:30:00,0.06123156,0.7383792573632749,0.7799999825656414,14.539999675005674,0.03660845345449162,1.0178437498747468,1.0544522033292385,1.854063021697629,0.006518641168156775,8.0
2026-09-13 05:40:00,0.06123156,0.7217421655469385,0.7799999825656414,14.539999675005674,0.03660845345449162,1.0178437498747468,1.0544522033292385,1.8374259298812925,0.006518641168156775,8.0
2026-09-13 05:50:00,0.06123156,0.7002125465982526,0.7799999825656414,14.539999675005674,0.03660845345449162,1.0178437498747468,1.0544522033292385,1.8158963109326067,0.006518641168156775,8.0
2026-09-13 06:00:00,0.06123156,0.6738622982674628,0.7699999827891588,14.359999679028988,0.03592274181009217,0.9987785546641395,1.0347012964742317,1.76979515574681,0.006518641168156775,8.0
2026-09-13 06:10:00,0.06123156,0.6428086158827434,0.7699999827891588,14.359999679028988,0.03592274181009217,0.9987785546641395,1.0347012964742317,1.7387414733620905,0.006518641168156775,8.0
2026-09-13 06:20:00,0.06123156,0.6072152290541556,0.7699999827891588,14.359999679028988,0.03592274181009217,0.9987785546641395,1.0347012964742317,1.7031480865335027,0.006518641168156775,8.0
2026-09-13 06:30:00,0.06123156,0.5672927624493032,0.7699999827891588,14.359999679028988,0.03592274181009217,0.9987785546641395,1.0347012964742317,1.6632256199286504,0.006518641168156775,8.0
2026-09-13 06:40:00,0.06123156,0.5232982134432111,0.7699999827891588,14.359999679028988,0.03592274181009217,0.9987785546641395,1.0347012964742317,1.6192310709225584,0.006518641168156775,8.0
2026-09-13 06:50:00,0.06123156,0.47553357053579354,0.7699999827891588,14.359999679028988,0.03592274181009217,0.9987785546641395,1.0347012964742317,1.5714664280151407,0.006518641168156775,8.0
2026-09-13 07:00:00,0.06123156,0.42434362064980347,0.7699999827891588,14.359999679028988,0.03592274181009217,0.9987785546641395,1.0347012964742317,1.5202764781291507,0.006518641168156775,8.0
2026-09-13 07:10:00,0.06123156,0.37011301000693664,0.7699999827891588,14.359999679028988,0.03592274181009217,0.9987785546641395,1.0347012964742317,1.466045867486284,0.006518641168156775,8.0
2026-09-13 07:20:00,0.06123156,0.3132626325697721,0.7699999827891588,14.359999679028988,0.03592274181009217,0.9987785546641395,1.0347012964742317,1.4091954900491193,0.006518641168156775,8.0
2026-09-13 07:30:00,0.06123156,0.25424542300729014,0.7699999827891588,14.359999679028988,0.03592274181009217,0.9987785546641395,1.0347012964742317,1.3501782804866373,0.006518641168156775,8.0
2026-09-13 07:40:00,0.06123156,0.19354162970146394,0.7699999827891588,14.359999679028988,0.03592274181009217,0.9987785546641395,1.0347012964742317,1.289474487180811,0.006518641168156775,8.0
2026-09-13 07:50:00,0.06123156,0.13165363955366113,0.7699999827891588,14.359999679028988,0.03592274181009217,0.9987785546641395,1.0347012964742317,1.2275864970330084,0.006518641168156775,8.0
2026-09-13 08:00:00,0.06123156,0.06910042242001646,0.7699999827891588,14.359999679028988,0.03592274181009217,0.9987785546641395,1.0347012964742317,1.1650332798993637,0.006518641168156775,8.0
2026-09-13 08:10:00,0.06123156,0.006411661097308675,0.7699999827891588,14.359999679028988,0.03592274181009217,0.9987785546641395,1.0347012964742317,1.1023445185766558,0.006518641168156775,8.0
2026-09-13 08:20:00,0.06123156,-0.05587836599065799,0.7699999827891588,14.359999679028988,0.03592274181009217,0.9987785546641395,1.0347012964742317,1.0400544914886891,0.006518641168156775,8.0
2026-09-13 08:30:00,0.06123156,-0.11723707677116817,0.7699999827891588,14.359999679028988,0.03592274181009217,0.9987785546641395,1.0347012964742317,0.9786957807081791,0.006518641168156775,8.0
2026-09-13 08:40:00,0.06123156,-0.17713997029000905,0.7699999827891588,14.359999679028988,0.03592274181009217,0.9987785546641395,1.0347012964742317,0.9187928871893382,0.006518641168156775,8.0
2026-09-13 08:50:00,0.06123156,-0.23507700997493022,0.7699999827891588,14.359999679028988,0.03592274181009217,0.9987785546641395,1.0347012964742317,0.860855847504417,0.006518641168156775,8.0
2026-09-13 09:00:00,0.06123156,-0.2905588973696854,0.7599999830126762,14.109999684616923,0.03506739330330088,0.9749968581036857,1.0100642514069866,0.7807369150424168,0.006518641168156775,8.0
2026-09-13 09:10:00,0.06123156,-0.3431231153141144,0.7599999830126762,14.109999684616923,0.03506739330330088,0.9749968581036857,1.0100642514069866,0.7281726970979878,0.006518641168156775,8.0
2026-09-13 09:20:00,0.06123156,-0.3923396095876428,0.7599999830126762,14.109999684616923,0.03506739330330088,0.9749968581036857,1.0100642514069866,0.6789562028244593,0.006518641168156775,8.0
2026-09-13 09:30:00,0.06123156,-0.43781597355890095,0.7599999830126762,14.109999684616923,0.03506739330330088,0.9749968581036857,1.0100642514069866,0.6334798388532012,0.006518641168156775,8.0
2026-09-13 09:40:00,0.06123156,-0.47920200299573834,0.7599999830126762,14.109999684616923,0.03506739330330088,0.9749968581036857,1.0100642514069866,0.5920938094163638,0.006518641168156775,8.0
2026-09-13 09:50:00,0.06123156,-0.5161934994314331,0.7599999830126762,14.109999684616923,0.03506739330330088,0.9749968581036857,1.0100642514069866,0.555102312980669,0.006518641168156775,8.0
2026-09-13 10:00:00,0.06123156,-0.5485352203452404,0.7599999830126762,14.109999684616923,0.03506739330330088,0.9749968581036857,1.0100642514069866,0.5227605920668618,0.006518641168156775,8.0
2026-09-13 10:10:00,0.06123156,-0.5760229026195769,0.7599999830126762,14.109999684616923,0.03506739330330088,0.9749968581036857,1.0100642514069866,0.49527290979252525,0.006518641168156775,8.0
2026-09-13 10:20:00,0.06123156,-0.5985043204067412,0.7599999830126762,14.109999684616923,0.03506739330330088,0.9749968581036857,1.0100642514069866,0.47279149200536097,0.006518641168156775,8.0
2026-09-13 10:30:00,0.06123156,-0.6158793775746287,0.7599999830126762,14.109999684616923,0.03506739330330088,0.9749968581036857,1.0100642514069866,0.4554164348374734,0.006518641168156775,8.0
2026-09-13 10:40:00,0.06123156,-0.6280992751055661,0.7599999830126762,14.109999684616923,0.03506739330330088,0.9749968581036857,1.0100642514069866,0.4431965373065361,0.006518641168156775,8.0
2026-09-13 10:50:00,0.06123156,-0.6351648320704394,0.7599999830126762,14.109999684616923,0.03506739330330088,0.9749968581036857,1.0100642514069866,0.43613098034166276,0.006518641168156775,8.0
2026-09-13 11:00:00,0.06123156,-0.6371240718714722,0.7599999830126762,14.109999684616923,0.03506739330330088,0.9749968581036857,1.0100642514069866,0.4341717405406299,0.006518641168156775,8.0
2026-09-13 11:10:00,0.06123156,-0.6340692104743478,0.7599999830126762,14.109999684616923,0.03506739330330088,0.9749968581036857,1.0100642514069866,0.4372266019377543,0.006518641168156775,8.0
2026-09-13 11:20:00,0.06123156,-0.6261331983736674,0.7599999830126762,14.109999684616923,0.03506739330330088,0.9749968581036857,1.0100642514069866,0.4451626140384347,0.006518641168156775,8.0
2026-09-13 11:30:00,0.06123156,-0.6134859718352343,0.7599999830126762,14.109999684616923,0.03506739330330088,0.9749968581036857,1.0100642514069866,0.4578098405768678,0.006518641168156775,8.0
2026-09-13 11:40:00,0.06123156,-0.5963305615739118,0.7599999830126762,14.109999684616923,0.03506739330330088,0.9749968581036857,1.0100642514069866,0.4749652508381903,0.006518641168156775,8.0
2026-09-13 11:50:00,0.06123156,-0.5748991895263305,0.7599999830126762,14.109999684616923,0.03506739330330088,0.9749968581036857,1.0100642514069866,0.4963966228857717,0.006518641168156775,8.0
2026-09-13 12:00:00,0.06123156,-0.5494494588375496,0.7799999825656414,13.759999692440033,0.03464458868870734,0.9632414029076009,0.9978859915963082,0.5096680937638741,0.006518641168156775,8.0
2026-09-13 12:10:00,0.06123156,-0.5202607115169636,0.7799999825656414,13.759999692440033,0.03464458868870734,0.9632414029076009,0.9978859915963082,0.5388568410844601,0.006518641168156775,8.0
2026-09-13 12:20:00,0.06123156,-0.4876305957838291,0.7799999825656414,13.759999692440033,0.03464458868870734,0.9632414029076009,0.9978859915963082,0.5714869568175946,0.006518641168156775,8.0
2026-09-13 12:30:00,0.06123156,-0.4518718543450701,0.7799999825656414,13.759999692440033,0.03464458868870734,0.9632414029076009,0.9978859915963082,0.6072456982563537,0.006518641168156775,8.0
2026-09-13 12:40:00,0.06123156,-0.4133093190734705,0.7799999825656414,13.759999692440033,0.03464458868870734,0.9632414029076009,0.9978859915963082,0.6458082335279531,0.006518641168156775,8.0
2026-09-13 12:50:00,0.06123156,-0.37227707918286074,0.7799999825656414,13.759999692440033,0.03464458868870734,0.9632414029076009,0.9978859915963082,0.6868404734185629,0.006518641168156775,8.0
2026-09-13 13:00:00,0.06123156,-0.3291157809583074,0.7799999825656414,13.759999692440033,0.03464458868870734,0.9632414029076009,0.9978859915963082,0.7300017716431163,0.006518641168156775,8.0
2026-09-13 13:10:00,0.06123156,-0.2841700177181904,0.7799999825656414,13.759999692440033,0.03464458868870734,0.9632414029076009,0.9978859915963082,0.7749475348832333,0.006518641168156775,8.0
2026-09-13 13:20:00,0.06123156,-0.23778577866374112,0.7799999825656414,13.759999692440033,0.03464458868870734,0.9632414029076009,0.9978859915963082,0.8213317739376826,0.006518641168156775,8.0
2026-09-13 13:30:00,0.06123156,-0.1903079426509274,0.7799999825656414,13.759999692440033,0.03464458868870734,0.9632414029076009,0.9978859915963082,0.8688096099504963,0.006518641168156775,8.0
2026-09-13 13:40:00,0.06123156,-0.14207782532969307,0.7799999825656414,13.759999692440033,0.03464458868870734,0.9632414029076009,0.9978859915963082,0.9170397272717307,0.006518641168156775,8.0
2026-09-13 13:50:00,0.06123156,-0.09343081217586419,0.7799999825656414,13.759999692440033,0.03464458868870734,0.9632414029076009,0.9978859915963082,0.9656867404255596,0.006518641168156775,8.0
2026-09-13 14:00:00,0.06123156,-0.044694132165324064,0.7799999825656414,13.759999692440033,0.03464458868870734,0.9632414029076009,0.9978859915963082,1.0144234204360996,0.006518641168156775,8.0
2026-09-13 14:10:00,0.06123156,0.003815156014897191,0.7799999825656414,13.759999692440033,0.03464458868870734,0.9632414029076009,0.9978859915963082,1.062932708616321,0.006518641168156775,8.0
2026-09-13 14:20:00,0.06123156,0.051791884220932206,0.7799999825656414,13.759999692440033,0.03464458868870734,0.9632414029076009,0.9978859915963082,1.110909436822356,0.006518641168156775,8.0
2026-09-13 14:30:00,0.06123156,0.09894412151281828,0.7799999825656414,13.759999692440033,0.03464458868870734,0.9632414029076009,0.9978859915963082,1.158061674114242,0.006518641168156775,8.0
2026-09-13 14:40:00,0.06123156,0.14499407886360685,0.7799999825656414,13.759999692440033,0.03464458868870734,0.9632414029076009,0.9978859915963082,1.2041116314650306,0.006518641168156775,8.0
2026-09-13 14:50:00,0.06123156,0.18967852581121555,0.7799999825656414,13.759999692440033,0.03464458868870734,0.9632414029076009,0.9978859915963082,1.2487960784126393,0.006518641168156775,8.0
2026-09-13 15:00:00,0.06123156,0.2327487041549835,0.8099999818950891,13.489999698475003,0.03461179585214988,0.9623296467261447,0.9969414425782946,1.2909217077383937,0.006518641168156775,8.0
2026-09-13 15:10:00,0.06123156,0.27396976116571176,0.8099999818950891,13.489999698475003,0.03461179585214988,0.9623296467261447,0.9969414425782946,1.332142764749122,0.006518641168156775,8.0
2026-09-13 15:20:00,0.06123156,0.3131197649181345,0.8099999818950891,13.489999698475003,0.03461179585214988,0.9623296467261447,0.9969414425782946,1.3712927685015446,0.006518641168156775,8.0
2026-09-13 15:30:00,0.06123156,0.3499884033527967,0.8099999818950891,13.489999698475003,0.03461179585214988,0.9623296467261447,0.9969414425782946,1.4081614069362067,0.006518641168156775,8.0
2026-09-13 15:40:00,0.06123156,0.38437550225730166,0.8099999818950891,13.489999698475003,0.03461179585214988,0.9623296467261447,0.9969414425782946,1.442548505840712,0.006518641168156775,8.0
2026-09-13 15:50:00,0.06123156,0.41608952223402923,0.8099999818950891,13.489999698475003,0.03461179585214988,0.9623296467261447,0.9969414425782946,1.4742625258174393,0.006518641168156775,8.0
2026-09-13 16:00:00,0.06123156,0.4449462075747518,0.8099999818950891,13.489999698475003,0.03461179585214988,0.9623296467261447,0.9969414425782946,1.503119211158162,0.006518641168156775,8.0
2026-09-13 16:10:00,0.06123156,0.4707675593404522,0.8099999818950891,13.489999698475003,0.03461179585214988,0.9623296467261447,0.9969414425782946,1.5289405629238624,0.006518641168156775,8.0
2026-09-13 16:20:00,0.06123156,0.49338128989760693,0.8099999818950891,13.489999698475003,0.03461179585214988,0.9623296467261447,0.9969414425782946,1.5515542934810171,0.006518641168156775,8.0
2026-09-13 16:30:00,0.06123156,0.5126208878066918,0.8099999818950891,13.489999698475003,0.03461179585214988,0.9623296467261447,0.9969414425782946,1.5707938913901018,0.006518641168156775,8.0
2026-09-13 16:40:00,0.06123156,0.5283263820451941,0.8099999818950891,13.489999698475003,0.03461179585214988,0.9623296467261447,0.9969414425782946,1.5864993856286043,0.006518641168156775,8.0
2026-09-13 16:50:00,0.06123156,0.5403458463794398,0.8099999818950891,13.489999698475003,0.03461179585214988,0.9623296467261447,0.9969414425782946,1.59851884996285,0.006518641168156775,8.0
2026-09-13 17:00:00,0.06123156,0.5485376322121387,0.8099999818950891,13.489999698475003,0.03461179585214988,0.9623296467261447,0.9969414425782946,1.6067106357955487,0.006518641168156775,8.0
2026-09-13 17:10:00,0.06123156,0.5527732654743266,0.8099999818950891,13.489999698475003,0.03461179585214988,0.9623296467261447,0.9969414425782946,1.6109462690577367,0.006518641168156775,8.0
2026-09-13 17:20:00,0.06123156,0.5529408947796683,0.8099999818950891,13.489999698475003,0.03461179585214988,0.9623296467261447,0.9969414425782946,1.6111138983630786,0.006518641168156775,8.0
2026-09-13 17:30:00,0.06123156,0.5489491375219798,0.8099999818950891,13.489999698475003,0.03461179585214988,0.9623296467261447,0.9969414425782946,1.60712214110539,0.006518641168156775,8.0
2026-09-13 17:40:00,0.06123156,0.5407311412687286,0.8099999818950891,13.489999698475003,0.03461179585214988,0.9623296467261447,0.9969414425782946,1.5989041448521388,0.006518641168156775,8.0
2026-09-13 17:50:00,0.06123156,0.5282486613848234,0.8099999818950891,13.489999698475003,0.03461179585214988,0.9623296467261447,0.9969414425782946,1.5864216649682334,0.006518641168156775,8.0
2026-09-13 18:00:00,0.06123156,0.5114959532461737,0.8399999812245369,13.329999702051282,0.03482887661910939,0.9683652554726991,1.0031941320918085,1.5759216463430978,0.006518641168156775,8.0
2026-09-13 18:10:00,0.06123156,0.490503288009698,0.8399999812245369,13.329999702051282,0.03482887661910939,0.9683652554726991,1.0031941320918085,1.554928981106622,0.006518641168156775,8.0
2026-09-13 18:20:00,0.06123156,0.4653399231274044,0.8399999812245369,13.329999702051282,0.03482887661910939,0.9683652554726991,1.0031941320918085,1.5297656162243285,0.006518641168156775,8.0
2026-09-13 18:30:00,0.06123156,0.4361163899814852,0.8399999812245369,13.329999702051282,0.03482887661910939,0.9683652554726991,1.0031941320918085,1.5005420830784093,0.006518641168156775,8.0
2026-09-13 18:40:00,0.06123156,0.40298599797522683,0.8399999812245369,13.329999702051282,0.03482887661910939,0.9683652554726991,1.0031941320918085,1.4674116910721509,0.006518641168156775,8.0
2026-09-13 18:50:00,0.06123156,0.3661454936285986,0.8399999812245369,13.329999702051282,0.03482887661910939,0.9683652554726991,1.0031941320918085,1.4305711867255226,0.006518641168156775,8.0
2026-09-13 19:00:00,0.06123156,0.32583485142389,0.8399999812245369,13.329999702051282,0.03482887661910939,0.9683652554726991,1.0031941320918085,1.390260544520814,0.006518641168156775,8.0
2026-09-13 19:10:00,0.06123156,0.2823362072470468,0.8399999812245369,13.329999702051282,0.03482887661910939,0.9683652554726991,1.0031941320918085,1.3467619003439708,0.006518641168156775,8.0
2026-09-13 19:20:00,0.06123156,0.23597197333276365,0.8399999812245369,13.329999702051282,0.03482887661910939,0.9683652554726991,1.0031941320918085,1.3003976664296877,0.006518641168156775,8.0
2026-09-13 19:30:00,0.06123156,0.18710219417151186,0.8399999812245369,13.329999702051282,0.03482887661910939,0.9683652554726991,1.0031941320918085,1.251527887268436,0.006518641168156775,8.0
2026-09-13 19:40:00,0.06123156,0.13612121575178107,0.8399999812245369,13.329999702051282,0.03482887661910939,0.9683652554726991,1.0031941320918085,1.200546908848705,0.006518641168156775,8.0
2026-09-13 19:50:00,0.06123156,0.08345374649546548,0.8399999812245369,13.329999702051282,0.03482887661910939,0.9683652554726991,1.0031941320918085,1.1478794395923895,0.006518641168156775,8.0
2026-09-13 20:00:00,0.06123156,0.02955038853547661,0.8399999812245369,13.329999702051282,0.03482887661910939,0.9683652554726991,1.0031941320918085,1.0939760816324007,0.006518641168156775,8.0
2026-09-13 20:10:00,0.06123156,-0.02511728504348452,0.8399999812245369,13.329999702051282,0.03482887661910939,0.9683652554726991,1.0031941320918085,1.0393084080534396,0.006518641168156775,8.0
2026-09-13 20:20:00,0.06123156,-0.08006203598491822,0.8399999812245369,13.329999702051282,0.03482887661910939,0.9683652554726991,1.0031941320918085,0.9843636571120058,0.006518641168156775,8.0
2026-09-13 20:30:00,0.06123156,-0.1347865820667063,0.8399999812245369,13.329999702051282,0.03482887661910939,0.9683652554726991,1.0031941320918085,0.9296391110302178,0.006518641168156775,8.0
2026-09-13 20:40:00,0.06123156,-0.1887894673835374,0.8399999812245369,13.329999702051282,0.03482887661910939,0.9683652554726991,1.0031941320918085,0.8756362257133866,0.006518641168156775,8.0
2026-09-13 20:50:00,0.06123156,-0.24157111243494359,0.8399999812245369,13.329999702051282,0.03482887661910939,0.9683652554726991,1.0031941320918085,0.8228545806619805,0.006518641168156775,8.0
2026-09-13 21:00:00,0.06123156,-0.29263996809808585,0.8599999807775021,13.189999705180526,0.034870943286650496,0.9695348567695145,1.0044058000561649,0.7729973929631946,0.006518641168156775,8.0
2026-09-13 21:10:00,0.06123156,-0.34151868709426836,0.8599999807775021,13.189999705180526,0.034870943286650496,0.9695348567695145,1.0044058000561649,0.724118673967012,0.006518641168156775,8.0
2026-09-13 21:20:00,0.06123156,-0.38775021383262365,0.8599999807775021,13.189999705180526,0.034870943286650496,0.9695348567695145,1.0044058000561649,0.6778871472286567,0.006518641168156775,8.0
2026-09-13 21:30:00,0.06123156,-0.43090368042928556,0.8599999807775021,13.189999705180526,0.034870943286650496,0.9695348567695145,1.0044058000561649,0.6347336806319948,0.006518641168156775,8.0
2026-09-13 21:40:00,0.06123156,-0.4705799852347108,0.8599999807775021,13.189999705180526,0.034870943286650496,0.9695348567695145,1.0044058000561649,0.5950573758265696,0.006518641168156775,8.0
2026-09-13 21:50:00,0.06123156,-0.5064169232163163,0.8599999807775021,13.189999705180526,0.034870943286650496,0.9695348567695145,1.0044058000561649,0.5592204378449641,0.006518641168156775,8.0
2026-09-13 22:00:00,0.06123156,-0.5380937364207179,0.8599999807775021,13.189999705180526,0.034870943286650496,0.9695348567695145,1.0044058000561649,0.5275436246405625,0.006518641168156775,8.0
2026-09-13 22:10:00,0.06123156,-0.5653349599819643,0.8599999807775021,13.189999705180526,0.034870943286650496,0.9695348567695145,1.0044058000561649,0.5003024010793161,0.006518641168156775,8.0
2026-09-13 22:20:00,0.06123156,-0.5879134545003493,0.8599999807775021,13.189999705180526,0.034870943286650496,0.9695348567695145,1.0044058000561649,0.4777239065609311,0.006518641168156775,8.0
2026-09-13 22:30:00,0.06123156,-0.6056525399848408,0.8599999807775021,13.189999705180526,0.034870943286650496,0.9695348567695145,1.0044058000561649,0.45998482107643957,0.006518641168156775,8.0
2026-09-13 22:40:00,0.06123156,-0.6184271780742793,0.8599999807775021,13.189999705180526,0.034870943286650496,0.9695348567695145,1.0044058000561649,0.4472101829870011,0.006518641168156775,8.0
2026-09-13 22:50:00,0.06123156,-0.6261641863851021,0.8599999807775021,13.189999705180526,0.034870943286650496,0.9695348567695145,1.0044058000561649,0.4394731746761783,0.006518641168156775,8.0
2026-09-13 23:00:00,0.06123156,-0.6288415087708776,0.8599999807775021,13.189999705180526,0.034870943286650496,0.9695348567695145,1.0044058000561649,0.43679585229040274,0.006518641168156775,8.0
2026-09-13 23:10:00,0.06123156,-0.6264866047456829,0.8599999807775021,13.189999705180526,0.034870943286650496,0.9695348567695145,1.0044058000561649,0.4391507563155975,0.006518641168156775,8.0
2026-09-13 23:20:00,0.06123156,-0.6191740573140267,0.8599999807775021,13.189999705180526,0.034870943286650496,0.9695348567695145,1.0044058000561649,0.4464633037472536,0.006518641168156775,8.0
2026-09-13 23:30:00,0.06123156,-0.607022527577925,0.8599999807775021,13.189999705180526,0.034870943286650496,0.9695348567695145,1.0044058000561649,0.4586148334833554,0.006518641168156775,8.0
2026-09-13 23:40:00,0.06123156,-0.5901912046717153,0.8599999807775021,13.189999705180526,0.034870943286650496,0.9695348567695145,1.0044058000561649,0.4754461563895651,0.006518641168156775,8.0
2026-09-13 23:50:00,0.06123156,-0.568875908786536,0.8599999807775021,13.189999705180526,0.034870943286650496,0.9695348567695145,1.0044058000561649,0.49676145227474433,0.006518641168156775,8.0
2026-09-14 00:00:00,0.048755977,-0.5433050030155935,0.8499999810010195,13.04999970830977,0.034299646877552256,0.9536508074733762,0.9879504543509284,0.49340142863812464,0.006518641168156775,8.0
2026-09-14 00:10:00,0.048755977,-0.5137352567860868,0.8499999810010195,13.04999970830977,0.034299646877552256,0.9536508074733762,0.9879504543509284,0.5229711748676313,0.006518641168156775,8.0
2026-09-14 00:20:00,0.048755977,-0.4804477814724005,0.8499999810010195,13.04999970830977,0.034299646877552256,0.9536508074733762,0.9879504543509284,0.5562586501813176,0.006518641168156775,8.0
2026-09-14 00:30:00,0.048755977,-0.4437441298513188,0.8499999810010195,13.04999970830977,0.034299646877552256,0.9536508074733762,0.9879504543509284,0.5929623018023993,0.006518641168156775,8.0
2026-09-14 00:40:00,0.048755977,-0.4039426185895269,0.8499999810010195,13.04999970830977,0.034299646877552256,0.9536508074733762,0.9879504543509284,0.6327638130641913,0.006518641168156775,8.0
2026-09-14 00:50:00,0.048755977,-0.3613749003537731,0.8499999810010195,13.04999970830977,0.034299646877552256,0.9536508074733762,0.9879504543509284,0.675331531299945,0.006518641168156775,8.0
2026-09-14 01:00:00,0.048755977,-0.31638278293463357,0.8499999810010195,13.04999970830977,0.034299646877552256,0.9536508074733762,0.9879504543509284,0.7203236487190845,0.006518641168156775,8.0
2026-09-14 01:10:00,0.048755977,-0.26931526978163634,0.8499999810010195,13.04999970830977,0.034299646877552256,0.9536508074733762,0.9879504543509284,0.7673911618720818,0.006518641168156775,8.0
2026-09-14 01:20:00,0.048755977,-0.22052578197024986,0.8499999810010195,13.04999970830977,0.034299646877552256,0.9536508074733762,0.9879504543509284,0.8161806496834683,0.006518641168156775,8.0
2026-09-14 01:30:00,0.048755977,-0.17036951683942786,0.8499999810010195,13.04999970830977,0.034299646877552256,0.9536508074733762,0.9879504543509284,0.8663369148142903,0.006518641168156775,8.0
2026-09-14 01:40:00,0.048755977,-0.1192009035645319,0.8499999810010195,13.04999970830977,0.034299646877552256,0.9536508074733762,0.9879504543509284,0.9175055280891862,0.006518641168156775,8.0
2026-09-14 01:50:00,0.048755977,-0.06737112957164453,0.8499999810010195,13.04999970830977,0.034299646877552256,0.9536508074733762,0.9879504543509284,0.9693353020820736,0.006518641168156775,8.0
2026-09-14 02:00:00,0.048755977,-0.01522573173976262,0.8499999810010195,13.04999970830977,0.034299646877552256,0.9536508074733762,0.9879504543509284,1.0214806999139554,0.006518641168156775,8.0
2026-09-14 02:10:00,0.048755977,0.03689772995572218,0.8499999810010195,13.04999970830977,0.034299646877552256,0.9536508074733762,0.9879504543509284,1.0736041616094403,0.006518641168156775,8.0
2026-09-14 02:20:00,0.048755977,0.08867187509911226,0.8499999810010195,13.04999970830977,0.034299646877552256,0.9536508074733762,0.9879504543509284,1.1253783067528305,0.006518641168156775,8.0
2026-09-14 02:30:00,0.048755977,0.13978152001271452,0.8499999810010195,13.04999970830977,0.034299646877552256,0.9536508074733762,0.9879504543509284,1.1764879516664326,0.006518641168156775,8.0
2026-09-14 02:40:00,0.048755977,0.18992543409849272,0.8499999810010195,13.04999970830977,0.034299646877552256,0.9536508074733762,0.9879504543509284,1.2266318657522108,0.006518641168156775,8.0
2026-09-14 02:50:00,0.048755977,0.2388177549784317,0.8499999810010195,13.04999970830977,0.034299646877552256,0.9536508074733762,0.9879504543509284,1.2755241866321498,0.006518641168156775,8.0
2026-09-14 03:00:00,0.048755977,0.28618898803189274,0.8399999812245369,12.869999712333083,0.03362697990157073,0.934948299920003,0.9685752798215737,1.303520245156256,0.006518641168156775,8.0
2026-09-14 03:10:00,0.048755977,0.3317865323613885,0.8399999812245369,12.869999712333083,0.03362697990157073,0.934948299920003,0.9685752798215737,1.3491177894857518,0.006518641168156775,8.0
2026-09-14 03:20:00,0.048755977,0.3753747017160496,0.8399999812245369,12.869999712333083,0.03362697990157073,0.934948299920003,0.9685752798215737,1.392705958840413,0.006518641168156775,8.0
2026-09-14 03:30:00,0.048755977,0.41673424316895213,0.8399999812245369,12.869999712333083,0.03362697990157073,0.934948299920003,0.9685752798215737,1.4340655002933156,0.006518641168156775,8.0
2026-09-14 03:40:00,0.048755977,0.4556613951507827,0.8399999812245369,12.869999712333083,0.03362697990157073,0.934948299920003,0.9685752798215737,1.472992652275146,0.006518641168156775,8.0
2026-09-14 03:50:00,0.048755977,0.49196656639486175,0.8399999812245369,12.869999712333083,0.03362697990157073,0.934948299920003,0.9685752798215737,1.5092978235192251,0.006518641168156775,8.0
2026-09-14 04:00:00,0.048755977,0.5254727538849712,0.8399999812245369,12.869999712333083,0.03362697990157073,0.934948299920003,0.9685752798215737,1.5428040110093346,0.006518641168156775,8.0
2026-09-14 04:10:00,0.048755977,0.5560138477855986,0.8399999812245369,12.869999712333083,0.03362697990157073,0.934948299920003,0.9685752798215737,1.5733451049099618,0.006518641168156775,8.0
2026-09-14 04:20:00,0.048755977,0.5834329904663821,0.8399999812245369,12.869999712333083,0.03362697990157073,0.934948299920003,0.9685752798215737,1.6007642475907455,0.006518641168156775,8.0
2026-09-14 04:30:00,0.048755977,0.6075811634826032,0.8399999812245369,12.869999712333083,0.03362697990157073,0.934948299920003,0.9685752798215737,1.6249124206069665,0.006518641168156775,8.0
2026-09-14 04:40:00,0.048755977,0.628316168763519,0.8399999812245369,12.869999712333083,0.03362697990157073,0.934948299920003,0.9685752798215737,1.6456474258878824,0.006518641168156775,8.0
2026-09-14 04:50:00,0.048755977,0.645502148845993,0.8399999812245369,12.869999712333083,0.03362697990157073,0.934948299920003,0.9685752798215737,1.6628334059703564,0.006518641168156775,8.0
2026-09-14 05:00:00,0.048755977,0.6590097569909795,0.8399999812245369,12.869999712333083,0.03362697990157073,0.934948299920003,0.9685752798215737,1.676341014115343,0.006518641168156775,8.0
2026-09-14 05:10:00,0.048755977,0.6687170439150282,0.8399999812245369,12.869999712333083,0.03362697990157073,0.934948299920003,0.9685752798215737,1.6860483010393916,0.006518641168156775,8.0
2026-09-14 05:20:00,0.048755977,0.6745110774977162,0.8399999812245369,12.869999712333083,0.03362697990157073,0.934948299920003,0.9685752798215737,1.6918423346220797,0.006518641168156775,8.0
2026-09-14 05:30:00,0.048755977,0.6762902588848269,0.8399999812245369,12.869999712333083,0.03362697990157073,0.934948299920003,0.9685752798215737,1.6936215160091903,0.006518641168156775,8.0
2026-09-14 05:40:00,0.048755977,0.6739672477997825,0.8399999812245369,12.869999712333083,0.03362697990157073,0.934948299920003,0.9685752798215737,1.6912985049241458,0.006518641168156775,8.0
2026-09-14 05:50:00,0.048755977,0.6674723650208568,0.8399999812245369,12.869999712333083,0.03362697990157073,0.934948299920003,0.9685752798215737,1.6848036221452203,0.006518641168156775,8.0
2026-09-14 06:00:00,0.048755977,0.6567573050845447,0.8299999814480543,12.609999718144536,0.032750942846241415,0.9105913889531394,0.9433423317993808,1.648855614186715,0.006518641168156775,8.0
2026-09-14 06:10:00,0.048755977,0.6417989692001332,0.8299999814480543,12.609999718144536,0.032750942846241415,0.9105913889531394,0.9433423317993808,1.6338972783023036,0.006518641168156775,8.0
2026-09-14 06:20:00,0.048755977,0.6226032190258829,0.8299999814480543,12.609999718144536,0.032750942846241415,0.9105913889531394,0.9433423317993808,1.6147015281280535,0.006518641168156775,8.0
2026-09-14 06:30:00,0.048755977,0.5992083561305434,0.8299999814480543,12.609999718144536,0.032750942846241415,0.9105913889531394,0.9433423317993808,1.5913066652327137,0.006518641168156775,8.0
2026-09-14 06:40:00,0.048755977,0.571688148710062,0.8299999814480543,12.609999718144536,0.032750942846241415,0.9105913889531394,0.9433423317993808,1.5637864578122325,0.006518641168156775,8.0
2026-09-14 06:50:00,0.048755977,0.5401542542569827,0.8299999814480543,12.609999718144536,0.032750942846241415,0.9105913889531394,0.9433423317993808,1.5322525633591533,0.006518641168156775,8.0
2026-09-14 07:00:00,0.048755977,0.5047579214218842,0.8299999814480543,12.609999718144536,0.032750942846241415,0.9105913889531394,0.9433423317993808,1.4968562305240547,0.006518641168156775,8.0
2026-09-14 07:10:00,0.048755977,0.46569089288039495,0.8299999814480543,12.609999718144536,0.032750942846241415,0.9105913889531394,0.9433423317993808,1.4577892019825653,0.006518641168156775,8.0
2026-09-14 07:20:00,0.048755977,0.42318547015767516,0.8299999814480543,12.609999718144536,0.032750942846241415,0.9105913889531394,0.9433423317993808,1.4152837792598456,0.006518641168156775,8.0
2026-09-14 07:30:00,0.048755977,0.37751373780362335,0.8299999814480543,12.609999718144536,0.032750942846241415,0.9105913889531394,0.9433423317993808,1.3696120469057937,0.006518641168156775,8.0
2026-09-14 07:40:00,0.048755977,0.328985975601993,0.8299999814480543,12.609999718144536,0.032750942846241415,0.9105913889531394,0.9433423317993808,1.3210842847041635,0.006518641168156775,8.0
2026-09-14 07:50:00,0.048755977,0.27794831172895035,0.8299999814480543,12.609999718144536,0.032750942846241415,0.9105913889531394,0.9433423317993808,1.2700466208311207,0.006518641168156775,8.0
2026-09-14 08:00:00,0.048755977,0.2247796862785885,0.8299999814480543,12.609999718144536,0.032750942846241415,0.9105913889531394,0.9433423317993808,1.216877995380759,0.006518641168156775,8.0
2026-09-14 08:10:00,0.048755977,0.16988820357596982,0.8299999814480543,12.609999718144536,0.032750942846241415,0.9105913889531394,0.9433423317993808,1.1619865126781403,0.006518641168156775,8.0
2026-09-14 08:20:00,0.048755977,0.1137069540929933,0.8299999814480543,12.609999718144536,0.032750942846241415,0.9105913889531394,0.9433423317993808,1.1058052631951638,0.006518641168156775,8.0
2026-09-14 08:30:00,0.048755977,0.05668938471058767,0.8299999814480543,12.609999718144536,0.032750942846241415,0.9105913889531394,0.9433423317993808,1.048787693812758,0.006518641168156775,8.0
2026-09-14 08:40:00,0.048755977,-0.0006957088776707232,0.8299999814480543,12.609999718144536,0.032750942846241415,0.9105913889531394,0.9433423317993808,0.9914026002244998,0.006518641168156775,8.0
2026-09-14 08:50:00,0.048755977,-0.05796949865455097,0.8299999814480543,12.609999718144536,0.032750942846241415,0.9105913889531394,0.9433423317993808,0.9341288104476195,0.006518641168156775,8.0
2026-09-14 09:00:00,0.048755977,-0.1146486842670131,0.8299999814480543,12.359999723732471,0.0321016378730804,0.892538427237177,0.9246400651102574,0.858747358146034,0.006518641168156775,8.0
2026-09-14 09:10:00,0.048755977,-0.17025123100356812,0.8299999814480543,12.359999723732471,0.0321016378730804,0.892538427237177,0.9246400651102574,0.803144811409479,0.006518641168156775,8.0
2026-09-14 09:20:00,0.048755977,-0.22430221651583807,0.8299999814480543,12.359999723732471,0.0321016378730804,0.892538427237177,0.9246400651102574,0.7490938258972091,0.006518641168156775,8.0
2026-09-14 09:30:00,0.048755977,-0.2763397090340154,0.8299999814480543,12.359999723732471,0.0321016378730804,0.892538427237177,0.9246400651102574,0.6970563333790317,0.006518641168156775,8.0
2026-09-14 09:40:00,0.048755977,-0.3259205887928105,0.8299999814480543,12.359999723732471,0.0321016378730804,0.892538427237177,0.9246400651102574,0.6474754536202366,0.006518641168156775,8.0
2026-09-14 09:50:00,0.048755977,-0.3726262118775007,0.8299999814480543,12.359999723732471,0.0321016378730804,0.892538427237177,0.9246400651102574,0.6007698305355464,0.006518641168156775,8.0
2026-09-14 10:00:00,0.048755977,-0.4160678034243267,0.8299999814480543,12.359999723732471,0.0321016378730804,0.892538427237177,0.9246400651102574,0.5573282389887204,0.006518641168156775,8.0
2026-09-14 10:10:00,0.048755977,-0.45589145813332976,0.8299999814480543,12.359999723732471,0.0321016378730804,0.892538427237177,0.9246400651102574,0.5175045842797174,0.006518641168156775,8.0
2026-09-14 10:20:00,0.048755977,-0.49178262164681763,0.8299999814480543,12.359999723732471,0.0321016378730804,0.892538427237177,0.9246400651102574,0.4816134207662295,0.006518641168156775,8.0
2026-09-14 10:30:00,0.048755977,-0.5234699294784073,0.8299999814480543,12.359999723732471,0.0321016378730804,0.892538427237177,0.9246400651102574,0.4499261129346398,0.006518641168156775,8.0
2026-09-14 10:40:00,0.048755977,-0.5507282910278701,0.8299999814480543,12.359999723732471,0.0321016378730804,0.892538427237177,0.9246400651102574,0.422667751385177,0.006518641168156775,8.0
2026-09-14 10:50:00,0.048755977,-0.5733811260631397,0.8299999814480543,12.359999723732471,0.0321016378730804,0.892538427237177,0.9246400651102574,0.4000149163499074,0.006518641168156775,8.0
2026-09-14 11:00:00,0.048755977,-0.5913016886306091,0.8299999814480543,12.359999723732471,0.0321016378730804,0.892538427237177,0.9246400651102574,0.38209435378243806,0.006518641168156775,8.0
2026-09-14 11:10:00,0.048755977,-0.6044134475990852,0.8299999814480543,12.359999723732471,0.0321016378730804,0.892538427237177,0.9246400651102574,0.3689825948139619,0.006518641168156775,8.0
2026-09-14 11:20:00,0.048755977,-0.6126895313980111,0.8299999814480543,12.359999723732471,0.0321016378730804,0.892538427237177,0.9246400651102574,0.36070651101503604,0.006518641168156775,8.0
2026-09-14 11:30:00,0.048755977,-0.6161512840104899,0.8299999814480543,12.359999723732471,0.0321016378730804,0.892538427237177,0.9246400651102574,0.3572447584025572,0.006518641168156775,8.0
2026-09-14 11:40:00,0.048755977,-0.6148660169386717,0.8299999814480543,12.359999723732471,0.0321016378730804,0.892538427237177,0.9246400651102574,0.3585300254743754,0.006518641168156775,8.0
2026-09-14 11:50:00,0.048755977,-0.6089440740958753,0.8299999814480543,12.359999723732471,0.0321016378730804,0.892538427237177,0.9246400651102574,0.36445196831717186,0.006518641168156775,8.0
2026-09-14 12:00:00,0.048755977,-0.598535351022817,0.8299999814480543,12.19999972730875,0.031686082690257356,0.8809845317389612,0.9126706144292185,0.3628912407091912,0.006518641168156775,8.0
2026-09-14 12:10:00,0.048755977,-0.5838254240279883,0.8299999814480543,12.19999972730875,0.031686082690257356,0.8809845317389612,0.9126706144292185,0.37760116770401986,0.006518641168156775,8.0
2026-09-14 12:20:00,0.048755977,-0.5650314479447736,0.8299999814480543,12.19999972730875,0.031686082690257356,0.8809845317389612,0.9126706144292185,0.3963951437872346,0.006518641168156775,8.0
2026-09-14 12:30:00,0.048755977,-0.5423979729767014,0.8299999814480543,12.19999972730875,0.031686082690257356,0.8809845317389612,0.9126706144292185,0.4190286187553067,0.006518641168156775,8.0
2026-09-14 12:40:00,0.048755977,-0.516192812729942,0.8299999814480543,12.19999972730875,0.031686082690257356,0.8809845317389612,0.9126706144292185,0.4452337790020662,0.006518641168156775,8.0
2026-09-14 12:50:00,0.048755977,-0.4867030690173113,0.8299999814480543,12.19999972730875,0.031686082690257356,0.8809845317389612,0.9126706144292185,0.47472352271469687,0.006518641168156775,8.0
2026-09-14 13:00:00,0.048755977,-0.4542313873726673,0.8299999814480543,12.19999972730875,0.031686082690257356,0.8809845317389612,0.9126706144292185,0.5071952043593408,0.006518641168156775,8.0
2026-09-14 13:10:00,0.048755977,-0.41909248359505336,0.8299999814480543,12.19999972730875,0.031686082690257356,0.8809845317389612,0.9126706144292185,0.5423341081369548,0.006518641168156775,8.0
2026-09-14 13:20:00,0.048755977,-0.3816099498959062,0.8299999814480543,12.19999972730875,0.031686082690257356,0.8809845317389612,0.9126706144292185,0.5798166418361019,0.006518641168156775,8.0
2026-09-14 13:30:00,0.048755977,-0.3421133221719121,0.8299999814480543,12.19999972730875,0.031686082690257356,0.8809845317389612,0.9126706144292185,0.619313269560096,0.006518641168156775,8.0
2026-09-14 13:40:00,0.048755977,-0.3009353707232721,0.8299999814480543,12.19999972730875,0.031686082690257356,0.8809845317389612,0.9126706144292185,0.6604912210087361,0.006518641168156775,8.0
2026-09-14 13:50:00,0.048755977,-0.2584095666279605,0.8299999814480543,12.19999972730875,0.031686082690257356,0.8809845317389612,0.9126706144292185,0.7030170251040477,0.006518641168156775,8.0
2026-09-14 14:00:00,0.048755977,-0.2148676760611215,0.8299999814480543,12.19999972730875,0.031686082690257356,0.8809845317389612,0.9126706144292185,0.7465589156708867,0.006518641168156775,8.0
2026-09-14 14:10:00,0.048755977,-0.17063744427804076,0.8299999814480543,12.19999972730875,0.031686082690257356,0.8809845317389612,0.9126706144292185,0.7907891474539674,0.006518641168156775,8.0
2026-09-14 14:20:00,0.048755977,-0.12604034822652524,0.8299999814480543,12.19999972730875,0.031686082690257356,0.8809845317389612,0.9126706144292185,0.835386243505483,0.006518641168156775,8.0
2026-09-14 14:30:00,0.048755977,-0.08138941943903398,0.8299999814480543,12.19999972730875,0.031686082690257356,0.8809845317389612,0.9126706144292185,0.8800371722929742,0.006518641168156775,8.0
2026-09-14 14:40:00,0.048755977,-0.036987163212634316,0.8299999814480543,12.19999972730875,0.031686082690257356,0.8809845317389612,0.9126706144292185,0.9244394285193739,0.006518641168156775,8.0
2026-09-14 14:50:00,0.048755977,0.006876376611766963,0.8299999814480543,12.19999972730875,0.031686082690257356,0.8809845317389612,0.9126706144292185,0.9683029683437752,0.006518641168156775,8.0
2026-09-14 15:00:00,0.048755977,0.04992534000022144,0.8499999810010195,12.089999729767442,0.031776454463571406,0.883497184854645,0.9152736393182164,1.0139549566212276,0.006518641168156775,8.0
2026-09-14 15:10:00,0.048755977,0.09189948237231949,0.8499999810010195,12.089999729767442,0.031776454463571406,0.883497184854645,0.9152736393182164,1.0559290989933254,0.006518641168156775,8.0
2026-09-14 15:20:00,0.048755977,0.13255523736574798,0.8499999810010195,12.089999729767442,0.031776454463571406,0.883497184854645,0.9152736393182164,1.096584853986754,0.006518641168156775,8.0
2026-09-14 15:30:00,0.048755977,0.17166634273018783,0.8499999810010195,12.089999729767442,0.031776454463571406,0.883497184854645,0.9152736393182164,1.135695959351194,0.006518641168156775,8.0
2026-09-14 15:40:00,0.048755977,0.20902398229862335,0.8499999810010195,12.089999729767442,0.031776454463571406,0.883497184854645,0.9152736393182164,1.1730535989196293,0.006518641168156775,8.0
2026-09-14 15:50:00,0.048755977,0.24443642696013207,0.8499999810010195,12.089999729767442,0.031776454463571406,0.883497184854645,0.9152736393182164,1.208466043581138,0.006518641168156775,8.0
2026-09-14 16:00:00,0.048755977,0.2777281938078801,0.8499999810010195,12.089999729767442,0.031776454463571406,0.883497184854645,0.9152736393182164,1.2417578104288862,0.006518641168156775,8.0
2026-09-14 16:10:00,0.048755977,0.30873878232091995,0.8499999810010195,12.089999729767442,0.031776454463571406,0.883497184854645,0.9152736393182164,1.272768398941926,0.006518641168156775,8.0
2026-09-14 16:20:00,0.048755977,0.33732108468813493,0.8499999810010195,12.089999729767442,0.031776454463571406,0.883497184854645,0.9152736393182164,1.301350701309141,0.006518641168156775,8.0
2026-09-14 16:30:00,0.048755977,0.3633396013100677,0.8499999810010195,12.089999729767442,0.031776454463571406,0.883497184854645,0.9152736393182164,1.3273692179310737,0.006518641168156775,8.0
2026-09-14 16:40:00,0.048755977,0.3866686173175608,0.8499999810010195,12.089999729767442,0.031776454463571406,0.883497184854645,0.9152736393182164,1.350698233938567,0.006518641168156775,8.0
2026-09-14 16:50:00,0.048755977,0.40719050967902365,0.8499999810010195,12.089999729767442,0.031776454463571406,0.883497184854645,0.9152736393182164,1.3712201263000297,0.006518641168156775,8.0
2026-09-14 17:00:00,0.048755977,0.42479435445097,0.8499999810010195,12.089999729767442,0.031776454463571406,0.883497184854645,0.9152736393182164,1.388823971071976,0.006518641168156775,8.0
2026-09-14 17:10:00,0.048755977,0.4393749898807286,0.8499999810010195,12.089999729767442,0.031776454463571406,0.883497184854645,0.9152736393182164,1.4034046065017347,0.006518641168156775,8.0
2026-09-14 17:20:00,0.048755977,0.4508326637163955,0.8499999810010195,12.089999729767442,0.031776454463571406,0.883497184854645,0.9152736393182164,1.4148622803374016,0.006518641168156775,8.0
2026-09-14 17:30:00,0.048755977,0.4590733544012012,0.8499999810010195,12.089999729767442,0.031776454463571406,0.883497184854645,0.9152736393182164,1.4231029710222072,0.006518641168156775,8.0
2026-09-14 17:40:00,0.048755977,0.46400980886296767,0.8499999810010195,12.089999729767442,0.031776454463571406,0.883497184854645,0.9152736393182164,1.4280394254839737,0.006518641168156775,8.0
2026-09-14 17:50:00,0.048755977,0.46556328806694774,0.8499999810010195,12.089999729767442,0.031776454463571406,0.883497184854645,0.9152736393182164,1.4295929046879539,0.006518641168156775,8.0
2026-09-14 18:00:00,0.048755977,0.4636659599156765,0.8899999801069498,11.999999731779099,0.0322734894011146,0.8973165040803704,0.9295899934814851,1.4420119306999513,0.006518641168156775,8.0
2026-09-14 18:10:00,0.048755977,0.45826383134571075,0.8899999801069498,11.999999731779099,0.0322734894011146,0.8973165040803704,0.9295899934814851,1.4366098021299856,0.006518641168156775,8.0
2026-09-14 18:20:00,0.048755977,0.4493200718137387,0.8899999801069498,11.999999731779099,0.0322734894011146,0.8973165040803704,0.9295899934814851,1.4276660425980134,0.006518641168156775,8.0
2026-09-14 18:30:00,0.048755977,0.4368185514505875,0.8899999801069498,11.999999731779099,0.0322734894011146,0.8973165040803704,0.9295899934814851,1.4151645222348623,0.006518641168156775,8.0
2026-09-14 18:40:00,0.048755977,0.4207674012748095,0.8899999801069498,11.999999731779099,0.0322734894011146,0.8973165040803704,0.9295899934814851,1.3991133720590843,0.006518641168156775,8.0
2026-09-14 18:50:00,0.048755977,0.401202400550244,0.8899999801069498,11.999999731779099,0.0322734894011146,0.8973165040803704,0.9295899934814851,1.3795483713345187,0.006518641168156775,8.0
2026-09-14 19:00:00,0.048755977,0.37819000726185864,0.8899999801069498,11.999999731779099,0.0322734894011146,0.8973165040803704,0.9295899934814851,1.3565359780461335,0.006518641168156775,8.0
2026-09-14 19:10:00,0.048755977,0.35182987010092637,0.8899999801069498,11.999999731779099,0.0322734894011146,0.8973165040803704,0.9295899934814851,1.3301758408852011,0.006518641168156775,8.0
2026-09-14 19:20:00,0.048755977,0.3222566916562108,0.8899999801069498,11.999999731779099,0.0322734894011146,0.8973165040803704,0.9295899934814851,1.3006026624404856,0.006518641168156775,8.0
2026-09-14 19:30:00,0.048755977,0.2896413495521405,0.8899999801069498,11.999999731779099,0.0322734894011146,0.8973165040803704,0.9295899934814851,1.2679873203364154,0.006518641168156775,8.0
2026-09-14 19:40:00,0.048755977,0.25419122152202533,0.8899999801069498,11.999999731779099,0.0322734894011146,0.8973165040803704,0.9295899934814851,1.2325371923063,0.006518641168156775,8.0
2026-09-14 19:50:00,0.048755977,0.21614969844766993,0.8899999801069498,11.999999731779099,0.0322734894011146,0.8973165040803704,0.9295899934814851,1.1944956692319448,0.006518641168156775,8.0
2026-09-14 20:00:00,0.048755977,0.17579490336750983,0.8899999801069498,11.999999731779099,0.0322734894011146,0.8973165040803704,0.9295899934814851,1.1541408741517847,0.006518641168156775,8.0
2026-09-14 20:10:00,0.048755977,0.13343766203797847,0.8899999801069498,11.999999731779099,0.0322734894011146,0.8973165040803704,0.9295899934814851,1.1117836328222532,0.006518641168156775,8.0
2026-09-14 20:20:00,0.048755977,0.08941879065532543,0.8899999801069498,11.999999731779099,0.0322734894011146,0.8973165040803704,0.9295899934814851,1.0677647614396002,0.006518641168156775,8.0
2026-09-14 20:30:00,0.048755977,0.0441057784617474,0.8899999801069498,11.999999731779099,0.0322734894011146,0.8973165040803704,0.9295899934814851,1.0224517492460221,0.006518641168156775,8.0
2026-09-14 20:40:00,0.048755977,-0.0021110522583804242,0.8899999801069498,11.999999731779099,0.0322734894011146,0.8973165040803704,0.9295899934814851,0.9762349185258944,0.006518641168156775,8.0
2026-09-14 20:50:00,0.048755977,-0.048822827065830667,0.8899999801069498,11.999999731779099,0.0322734894011146,0.8973165040803704,0.9295899934814851,0.9295231437184441,0.006518641168156775,8.0
2026-09-14 21:00:00,0.048755977,-0.09560676430051278,0.9499999787658453,11.92999973334372,0.033149113656039224,0.9216619377442558,0.954811051400295,0.9079602644025719,0.006518641168156775,8.0
2026-09-14 21:10:00,0.048755977,-0.1420311132199231,0.9499999787658453,11.92999973334372,0.033149113656039224,0.9216619377442558,0.954811051400295,0.8615359154831616,0.006518641168156775,8.0
2026-09-14 21:20:00,0.048755977,-0.1876603201727744,0.9499999787658453,11.92999973334372,0.033149113656039224,0.9216619377442558,0.954811051400295,0.8159067085303102,0.006518641168156775,8.0
2026-09-14 21:30:00,0.048755977,-0.23206036047497125,0.9499999787658453,11.92999973334372,0.033149113656039224,0.9216619377442558,0.954811051400295,0.7715066682281134,0.006518641168156775,8.0
2026-09-14 21:40:00,0.048755977,-0.27480417298527093,0.9499999787658453,11.92999973334372,0.033149113656039224,0.9216619377442558,0.954811051400295,0.7287628557178137,0.006518641168156775,8.0
2026-09-14 21:50:00,0.048755977,-0.3154771293604571,0.9499999787658453,11.92999973334372,0.033149113656039224,0.9216619377442558,0.954811051400295,0.6880898993426277,0.006518641168156775,8.0
2026-09-14 22:00:00,0.048755977,-0.35368246125250813,0.9499999787658453,11.92999973334372,0.033149113656039224,0.9216619377442558,0.954811051400295,0.6498845674505765,0.006518641168156775,8.0
2026-09-14 22:10:00,0.048755977,-0.38904655746610417,0.9499999787658453,11.92999973334372,0.033149113656039224,0.9216619377442558,0.954811051400295,0.6145204712369805,0.006518641168156775,8.0
2026-09-14 22:20:00,0.048755977,-0.42122403090071536,0.9499999787658453,11.92999973334372,0.033149113656039224,0.9216619377442558,0.954811051400295,0.5823429978023693,0.006518641168156775,8.0
2026-09-14 22:30:00,0.048755977,-0.44990244471276464,0.9499999787658453,11.92999973334372,0.033149113656039224,0.9216619377442558,0.954811051400295,0.55366458399032,0.006518641168156775,8.0
2026-09-14 22:40:00,0.048755977,-0.4748065801051927,0.9499999787658453,11.92999973334372,0.033149113656039224,0.9216619377442558,0.954811051400295,0.528760448597892,0.006518641168156775,8.0
2026-09-14 22:50:00,0.048755977,-0.49570212746359005,0.9499999787658453,11.92999973334372,0.033149113656039224,0.9216619377442558,0.954811051400295,0.5078649012394947,0.006518641168156775,8.0
2026-09-14 23:00:00,0.048755977,-0.5123986889940025,0.9499999787658453,11.92999973334372,0.033149113656039224,0.9216619377442558,0.954811051400295,0.49116833970908214,0.006518641168156775,8.0
2026-09-14 23:10:00,0.048755977,-0.5247519960908494,0.9499999787658453,11.92999973334372,0.033149113656039224,0.9216619377442558,0.954811051400295,0.47881503261223524,0.006518641168156775,8.0
2026-09-14 23:20:00,0.048755977,-0.5326652677691882,0.9499999787658453,11.92999973334372,0.033149113656039224,0.9216619377442558,0.954811051400295,0.47090176093389646,0.006518641168156775,8.0
2026-09-14 23:30:00,0.048755977,-0.5360896670240486,0.9499999787658453,11.92999973334372,0.033149113656039224,0.9216619377442558,0.954811051400295,0.4674773616790361,0.006518641168156775,8.0
2026-09-14 23:40:00,0.048755977,-0.5350238477934225,0.9499999787658453,11.92999973334372,0.033149113656039224,0.9216619377442558,0.954811051400295,0.4685431809096622,0.006518641168156775,8.0
2026-09-14 23:50:00,0.048755977,-0.5295126236273837,0.9499999787658453,11.92999973334372,0.033149113656039224,0.9216619377442558,0.954811051400295,0.47405440507570096,0.006518641168156775,8.0
2026-09-15 00:00:00,0.048755977,-0.5196448273724901,0.9499999787658453,11.92999973334372,0.033149113656039224,0.9216619377442558,0.954811051400295,0.4839222013305946,0.006518641168156775,8.0
2026-09-15 00:10:00,,-0.5055504655192831,,,,,,,0.006518641168156775,8.0
2026-09-15 00:20:00,,-0.4873972987700079,,,,,,,0.006518641168156775,8.0
2026-09-15 00:30:00,,-0.465386999011794,,,,,,,0.006518641168156775,8.0
2026-09-15 00:40:00,,-0.4397510408739385,,,,,,,0.006518641168156775,8.0
2026-09-15 00:50:00,,-0.41074648264431185,,,,,,,0.006518641168156775,8.0
2026-09-15 01:00:00,,-0.37865177713317655,,,,,,,0.006518641168156775,8.0
2026-09-15 01:10:00,,-0.3437627296539892,,,,,,,0.006518641168156775,8.0
2026-09-15 01:20:00,,-0.30638869019483905,,,,,,,0.006518641168156775,8.0
2026-09-15 01:30:00,,-0.26684903320981757,,,,,,,0.006518641168156775,8.0
2026-09-15 01:40:00,,-0.22546994487519464,,,,,,,0.006518641168156775,8.0
2026-09-15 01:50:00,,-0.18258150741589782,,,,,,,0.006518641168156775,8.0
2026-09-15 02:00:00,,-0.138515046446108,,,,,,,0.006518641168156775,8.0
2026-09-15 02:10:00,,-0.09360069219504685,,,,,,,0.006518641168156775,8.0
2026-09-15 02:20:00,,-0.04816510047126458,,,,,,,0.006518641168156775,8.0
2026-09-15 02:30:00,,-0.002529284195221141,,,,,,,0.006518641168156775,8.0
2026-09-15 02:40:00,,0.04299347977286847,,,,,,,0.006518641168156775,8.0
2026-09-15 02:50:00,,0.08809968293378577,,,,,,,0.006518641168156775,8.0
2026-09-15 03:00:00,,0.132497546502877,,,,,,,0.006518641168156775,8.0
2026-09-15 03:10:00,,0.17590887651755072,,,,,,,0.006518641168156775,8.0
2026-09-15 03:20:00,,0.2180707555792753,,,,,,,0.006518641168156775,8.0
2026-09-15 03:30:00,,0.2587369983856867,,,,,,,0.006518641168156775,8.0
2026-09-15 03:40:00,,0.2976792915877248,,,,,,,0.006518641168156775,8.0
2026-09-15 03:50:00,,0.33468794226086024,,,,,,,0.006518641168156775,8.0
2026-09-15 04:00:00,,0.36957217400460535,,,,,,,0.006518641168156775,8.0
2026-09-15 04:10:00,,0.40215993452379706,,,,,,,0.006518641168156775,8.0
2026-09-15 04:20:00,,0.4322972113358224,,,,,,,0.006518641168156775,8.0
2026-09-15 04:30:00,,0.4598468902262093,,,,,,,0.006518641168156775,8.0
2026-09-15 04:40:00,,0.4846872302510793,,,,,,,0.006518641168156775,8.0
2026-09-15 04:50:00,,0.5067100657081882,,,,,,,0.006518641168156775,8.0
2026-09-15 05:00:00,,0.525818875457493,,,,,,,0.006518641168156775,8.0
2026-09-15 05:10:00,,0.5419268801020003,,,,,,,0.006518641168156775,8.0
2026-09-15 05:20:00,,0.5549553351529263,,,,,,,0.006518641168156775,8.0
2026-09-15 05:30:00,,0.5648321822222387,,,,,,,0.006518641168156775,8.0
2026-09-15 05:40:00,,0.5714912004775293,,,,,,,0.006518641168156775,8.0
2026-09-15 05:50:00,,0.5748717682274894,,,,,,,0.006518641168156775,8.0
2026-09-15 06:00:00,,0.5749193023152293,,,,,,,0.006518641168156775,8.0
2026-09-15 06:10:00,,0.5715863941779533,,,,,,,0.006518641168156775,8.0
2026-09-15 06:20:00,,0.5648346103196941,,,,,,,0.006518641168156775,8.0
2026-09-15 06:30:00,,0.5546368755607525,,,,,,,0.006518641168156775,8.0
2026-09-15 06:40:00,,0.5409803140872631,,,,,,,0.006518641168156775,8.0
2026-09-15 06:50:00,,0.523869389283232,,,,,,,0.006518641168156775,8.0
2026-09-15 07:00:00,,0.5033291612585147,,,,,,,0.006518641168156775,8.0
2026-09-15 07:10:00,,0.4794084722311789,,,,,,,0.006518641168156775,8.0
2026-09-15 07:20:00,,0.4521828745799048,,,,,,,0.006518641168156775,8.0
2026-09-15 07:30:00,,0.4217571334306963,,,,,,,0.006518641168156775,8.0
2026-09-15 07:40:00,,0.38826716288223495,,,,,,,0.006518641168156775,8.0
2026-09-15 07:50:00,,0.3518812894917167,,,,,,,0.006518641168156775,8.0
2026-09-15 08:00:00,,0.31280077501759385,,,,,,,0.006518641168156775,8.0
2026-09-15 08:10:00,,0.2712595691571066,,,,,,,0.006518641168156775,8.0
2026-09-15 08:20:00,,0.2275232989203585,,,,,,,0.006518641168156775,8.0
2026-09-15 08:30:00,,0.1818875317354439,,,,,,,0.006518641168156775,8.0
2026-09-15 08:40:00,,0.13467537258753956,,,,,,,0.006518641168156775,8.0
2026-09-15 08:50:00,,0.08623447073286986,,,,,,,0.006518641168156775,8.0
2026-09-15 09:00:00,,0.0369335188795213,,,,,,,0.006518641168156775,8.0
2026-09-15 09:10:00,,-0.012841671547166365,,,,,,,0.006518641168156775,8.0
2026-09-15 09:20:00,,-0.06269243976450169,,,,,,,0.006518641168156775,8.0
2026-09-15 09:30:00,,-0.11221181724518198,,,,,,,0.006518641168156775,8.0
2026-09-15 09:40:00,,-0.1609892766831067,,,,,,,0.006518641168156775,8.0
2026-09-15 09:50:00,,-0.2086156290911105,,,,,,,0.006518641168156775,8.0
2026-09-15 10:00:00,,-0.254688012289043,,,,,,,0.006518641168156775,8.0
2026-09-15 10:10:00,,-0.29881491232862745,,,,,,,0.006518641168156775,8.0
2026-09-15 10:20:00,,-0.3406211534411782,,,,,,,0.006518641168156775,8.0
2026-09-15 10:30:00,,-0.379752782744702,,,,,,,0.006518641168156775,8.0
2026-09-15 10:40:00,,-0.41588176451319137,,,,,,,0.006518641168156775,8.0
2026-09-15 10:50:00,,-0.4487103876143865,,,,,,,0.006518641168156775,8.0
2026-09-15 11:00:00,,-0.47797528070723866,,,,,,,0.006518641168156775,8.0
2026-09-15 11:10:00,,-0.5034509255894284,,,,,,,0.006518641168156775,8.0
2026-09-15 11:20:00,,-0.5249525612582743,,,,,,,0.006518641168156775,8.0
2026-09-15 11:30:00,,-0.5423383812835644,,,,,,,0.006518641168156775,8.0
2026-09-15 11:40:00,,-0.5555109453850935,,,,,,,0.006518641168156775,8.0
2026-09-15 11:50:00,,-0.5644177520294456,,,,,,,0.006518641168156775,8.0
2026-09-15 12:00:00,,-0.569050951192908,,,,,,,0.006518641168156775,8.0
2026-09-15 12:10:00,,-0.569446212670729,,,,,,,0.006518641168156775,8.0
2026-09-15 12:20:00,,-0.5656808028124336,,,,,,,0.006518641168156775,8.0
2026-09-15 12:30:00,,-0.557870957952098,,,,,,,0.006518641168156775,8.0
2026-09-15 12:40:00,,-0.5461686731236001,,,,,,,0.006518641168156775,8.0
2026-09-15 12:50:00,,-0.5307580469981363,,,,,,,0.006518641168156775,8.0
2026-09-15 13:00:00,,-0.511851336407807,,,,,,,0.006518641168156775,8.0
2026-09-15 13:10:00,,-0.48968487513609005,,,,,,,0.006518641168156775,8.0
2026-09-15 13:20:00,,-0.46451500186835043,,,,,,,0.006518641168156775,8.0
2026-09-15 13:30:00,,-0.43661412235034874,,,,,,,0.006518641168156775,8.0
2026-09-15 13:40:00,,-0.40626700302926716,,,,,,,0.006518641168156775,8.0
2026-09-15 13:50:00,,-0.3737673605870414,,,,,,,0.006518641168156775,8.0
2026-09-15 14:00:00,,-0.3394147773005085,,,,,,,0.006518641168156775,8.0
2026-09-15 14:10:00,,-0.30351193950748157,,,,,,,0.006518641168156775,8.0
2026-09-15 14:20:00,,-0.2663621690187759,,,,,,,0.006518641168156775,8.0
2026-09-15 14:30:00,,-0.22826719771945503,,,,,,,0.006518641168156775,8.0
2026-09-15 14:40:00,,-0.18952512561655405,,,,,,,0.006518641168156775,8.0
2026-09-15 14:50:00,,-0.15042850300975347,,,,,,,0.006518641168156775,8.0
2026-09-15 15:00:00,,-0.11126248761995874,,,,,,,0.006518641168156775,8.0
2026-09-15 15:10:00,,-0.07230304594556843,,,,,,,0.006518641168156775,8.0
2026-09-15 15:20:00,,-0.03381519214666854,,,,,,,0.006518641168156775,8.0
2026-09-15 15:30:00,,0.003948715903876617,,,,,,,0.006518641168156775,8.0
2026-09-15 15:40:00,,0.04075057856173621,,,,,,,0.006518641168156775,8.0
2026-09-15 15:50:00,,0.07636798907817767,,,,,,,0.006518641168156775,8.0
2026-09-15 16:00:00,,0.11059542292820936,,,,,,,0.006518641168156775,8.0
2026-09-15 16:10:00,,0.14324510089991319,,,,,,,0.006518641168156775,8.0
2026-09-15 16:20:00,,0.174147453025308,,,,,,,0.006518641168156775,8.0
2026-09-15 16:30:00,,0.20315112935246074,,,,,,,0.006518641168156775,8.0
2026-09-15 16:40:00,,0.2301225317726983,,,,,,,0.006518641168156775,8.0
2026-09-15 16:50:00,,0.25494487627094276,,,,,,,0.006518641168156775,8.0
2026-09-15 17:00:00,,0.2775168336679235,,,,,,,0.006518641168156775,8.0
2026-09-15 17:10:00,,0.2977508352452957,,,,,,,0.006518641168156775,8.0
2026-09-15 17:20:00,,0.31557116358911674,,,,,,,0.006518641168156775,8.0
2026-09-15 17:30:00,,0.33091197488753304,,,,,,,0.006518641168156775,8.0
2026-09-15 17:40:00,,0.34371541380914616,,,,,,,0.006518641168156775,8.0
2026-09-15 17:50:00,,0.3539299838441491,,,,,,,0.006518641168156775,8.0
2026-09-15 18:00:00,,0.36150932412938674,,,,,,,0.006518641168156775,8.0
2026-09-15 18:10:00,,0.36641151862890003,,,,,,,0.006518641168156775,8.0
2026-09-15 18:20:00,,0.36859902718712034,,,,,,,0.006518641168156775,8.0
2026-09-15 18:30:00,,0.36803928322797935,,,,,,,0.006518641168156775,8.0
2026-09-15 18:40:00,,0.36470595362686276,,,,,,,0.006518641168156775,8.0
2026-09-15 18:50:00,,0.3585808065935005,,,,,,,0.006518641168156775,8.0
2026-09-15 19:00:00,,0.3496560875701374,,,,,,,0.006518641168156775,8.0
2026-09-15 19:10:00,,0.33793726493556386,,,,,,,0.006518641168156775,8.0
2026-09-15 19:20:00,,0.3234459796677161,,,,,,,0.006518641168156775,8.0
2026-09-15 19:30:00,,0.30622301815477154,,,,,,,0.006518641168156775,8.0
2026-09-15 19:40:00,,0.28633112569444213,,,,,,,0.006518641168156775,8.0
2026-09-15 19:50:00,,0.2638574894908636,,,,,,,0.006518641168156775,8.0
2026-09-15 20:00:00,,0.2389157424728147,,,,,,,0.006518641168156775,8.0
2026-09-15 20:10:00,,0.21164737043443724,,,,,,,0.006518641168156775,8.0
2026-09-15 20:20:00,,0.182222441640646,,,,,,,0.006518641168156775,8.0
2026-09-15 20:30:00,,0.15083961664601575,,,,,,,0.006518641168156775,8.0
2026-09-15 20:40:00,,0.1177254332343979,,,,,,,0.006518641168156775,8.0
2026-09-15 20:50:00,,0.0831328941708847,,,,,,,0.006518641168156775,8.0
2026-09-15 21:00:00,,0.04733941166443662,,,,,,,0.006518641168156775,8.0
2026-09-15 21:10:00,,0.010644180686847547,,,,,,,0.006518641168156775,8.0
2026-09-15 21:20:00,,-0.02663493650419061,,,,,,,0.006518641168156775,8.0
2026-09-15 21:30:00,,-0.06416492974160294,,,,,,,0.006518641168156775,8.0
2026-09-15 21:40:00,,-0.10160148262033185,,,,,,,0.006518641168156775,8.0
2026-09-15 21:50:00,,-0.13859306223869655,,,,,,,0.006518641168156775,8.0
2026-09-15 22:00:00,,-0.17478519162138936,,,,,,,0.006518641168156775,8.0
2026-09-15 22:10:00,,-0.20982484773950788,,,,,,,0.006518641168156775,8.0
2026-09-15 22:20:00,,-0.24336493357797345,,,,,,,0.006518641168156775,8.0
2026-09-15 22:30:00,,-0.2750687744636942,,,,,,,0.006518641168156775,8.0
2026-09-15 22:40:00,,-0.3046145860511016,,,,,,,0.006518641168156775,8.0
2026-09-15 22:50:00,,-0.3316998544218554,,,,,,,0.006518641168156775,8.0
2026-09-15 23:00:00,,-0.3560455588513667,,,,,,,0.006518641168156775,8.0
2026-09-15 23:10:00,,-0.37740015645579295,,,,,,,0.006518641168156775,8.0
2026-09-15 23:20:00,,-0.3955432377027336,,,,,,,0.006518641168156775,8.0
2026-09-15 23:30:00,,-0.41028875456676867,,,,,,,0.006518641168156775,8.0
2026-09-15 23:40:00,,-0.42148772143202823,,,,,,,0.006518641168156775,8.0
2026-09-15 23:50:00,,-0.42903029401989146,,,,,,,0.006518641168156775,8.0
