,SSH_10min,Tide_10min,Significant_Wave_Height,Peak_Wave_Period,Wave_Setup,Wave_Swash,Wave_Runup,Total_Water_Level,beach_slope,water_depth
2026-09-15 00:00:00,0.063055694,-0.5354070394957292,0.8499999810010195,11.719999738037586,0.055615713252285474,0.8621927655737877,0.9178084788260731,0.44545713343358484,0.01176922423603593,6.0
2026-09-15 00:10:00,0.063055694,-0.5214382707098941,0.8499999810010195,11.719999738037586,0.055615713252285474,0.8621927655737877,0.9178084788260731,0.4594259022194199,0.01176922423603593,6.0
2026-09-15 00:20:00,0.063055694,-0.5033332810196055,0.8499999810010195,11.719999738037586,0.055615713252285474,0.8621927655737877,0.9178084788260731,0.47753089190970854,0.01176922423603593,6.0
2026-09-15 00:30:00,0.063055694,-0.4812877862750402,0.8499999810010195,11.719999738037586,0.055615713252285474,0.8621927655737877,0.9178084788260731,0.49957638665427384,0.01176922423603593,6.0
2026-09-15 00:40:00,0.063055694,-0.45552662339309213,0.8499999810010195,11.719999738037586,0.055615713252285474,0.8621927655737877,0.9178084788260731,0.5253375495362219,0.01176922423603593,6.0
2026-09-15 00:50:00,0.063055694,-0.42629995333637993,0.8499999810010195,11.719999738037586,0.055615713252285474,0.8621927655737877,0.9178084788260731,0.5545642195929341,0.01176922423603593,6.0
2026-09-15 01:00:00,0.063055694,-0.39387957139478064,0.8499999810010195,11.719999738037586,0.055615713252285474,0.8621927655737877,0.9178084788260731,0.5869846015345335,0.01176922423603593,6.0
2026-09-15 01:10:00,0.063055694,-0.35855539899952965,0.8499999810010195,11.719999738037586,0.055615713252285474,0.8621927655737877,0.9178084788260731,0.6223087739297843,0.01176922423603593,6.0
2026-09-15 01:20:00,0.063055694,-0.32063219695945383,0.8499999810010195,11.719999738037586,0.055615713252285474,0.8621927655737877,0.9178084788260731,0.6602319759698603,0.01176922423603593,6.0
2026-09-15 01:30:00,0.063055694,-0.2804265070843412,0.8499999810010195,11.719999738037586,0.055615713252285474,0.8621927655737877,0.9178084788260731,0.7004376658449729,0.01176922423603593,6.0
2026-09-15 01:40:00,0.063055694,-0.2382638012159309,0.8499999810010195,11.719999738037586,0.055615713252285474,0.8621927655737877,0.9178084788260731,0.7426003717133831,0.01176922423603593,6.0
2026-09-15 01:50:00,0.063055694,-0.194475796385465,0.8499999810010195,11.719999738037586,0.055615713252285474,0.8621927655737877,0.9178084788260731,0.7863883765438491,0.01176922423603593,6.0
2026-09-15 02:00:00,0.063055694,-0.14939788431950576,0.8499999810010195,11.719999738037586,0.055615713252285474,0.8621927655737877,0.9178084788260731,0.8314662886098083,0.01176922423603593,6.0
2026-09-15 02:10:00,0.063055694,-0.10336662336572565,0.8499999810010195,11.719999738037586,0.055615713252285474,0.8621927655737877,0.9178084788260731,0.8774975495635884,0.01176922423603593,6.0
2026-09-15 02:20:00,0.063055694,-0.05671725094008659,0.8499999810010195,11.719999738037586,0.055615713252285474,0.8621927655737877,0.9178084788260731,0.9241469219892274,0.01176922423603593,6.0
2026-09-15 02:30:00,0.063055694,-0.009781193074660575,0.8499999810010195,11.719999738037586,0.055615713252285474,0.8621927655737877,0.9178084788260731,0.9710829798546534,0.01176922423603593,6.0
2026-09-15 02:40:00,0.063055694,0.03711642798936017,0.8499999810010195,11.719999738037586,0.055615713252285474,0.8621927655737877,0.9178084788260731,1.0179806009186743,0.01176922423603593,6.0
2026-09-15 02:50:00,0.063055694,0.08365926006954415,0.8499999810010195,11.719999738037586,0.055615713252285474,0.8621927655737877,0.9178084788260731,1.0645234329988582,0.01176922423603593,6.0
2026-09-15 03:00:00,0.063055694,0.12954210713897069,0.8399999812245369,13.059999708086252,0.0616088719084184,0.9551028036562604,1.0167116755646788,1.2093094768068904,0.01176922423603593,6.0
2026-09-15 03:10:00,0.063055694,0.17447315951461279,0.8399999812245369,13.059999708086252,0.0616088719084184,0.9551028036562604,1.0167116755646788,1.2542405291825325,0.01176922423603593,6.0
2026-09-15 03:20:00,0.063055694,0.21817597864910354,0.8399999812245369,13.059999708086252,0.0616088719084184,0.9551028036562604,1.0167116755646788,1.2979433483170233,0.01176922423603593,6.0
2026-09-15 03:30:00,0.063055694,0.2603911429494582,0.8399999812245369,13.059999708086252,0.0616088719084184,0.9551028036562604,1.0167116755646788,1.340158512617378,0.01176922423603593,6.0
2026-09-15 03:40:00,0.063055694,0.3008774682951761,0.8399999812245369,13.059999708086252,0.0616088719084184,0.9551028036562604,1.0167116755646788,1.3806448379630958,0.01176922423603593,6.0
2026-09-15 03:50:00,0.063055694,0.33941273515313386,0.8399999812245369,13.059999708086252,0.0616088719084184,0.9551028036562604,1.0167116755646788,1.4191801048210535,0.01176922423603593,6.0
2026-09-15 04:00:00,0.063055694,0.3757938823097101,0.8399999812245369,13.059999708086252,0.0616088719084184,0.9551028036562604,1.0167116755646788,1.4555612519776298,0.01176922423603593,6.0
2026-09-15 04:10:00,0.063055694,0.4098366628388576,0.8399999812245369,13.059999708086252,0.0616088719084184,0.9551028036562604,1.0167116755646788,1.4896040325067774,0.01176922423603593,6.0
2026-09-15 04:20:00,0.063055694,0.44137479756104064,0.8399999812245369,13.059999708086252,0.0616088719084184,0.9551028036562604,1.0167116755646788,1.5211421672289605,0.01176922423603593,6.0
2026-09-15 04:30:00,0.063055694,0.47025870134674214,0.8399999812245369,13.059999708086252,0.0616088719084184,0.9551028036562604,1.0167116755646788,1.5500260710146618,0.01176922423603593,6.0
2026-09-15 04:40:00,0.063055694,0.49635389388832807,0.8399999812245369,13.059999708086252,0.0616088719084184,0.9551028036562604,1.0167116755646788,1.5761212635562478,0.01176922423603593,6.0
2026-09-15 04:50:00,0.063055694,0.5195392355532565,0.8399999812245369,13.059999708086252,0.0616088719084184,0.9551028036562604,1.0167116755646788,1.5993066052211762,0.01176922423603593,6.0
2026-09-15 05:00:00,0.063055694,0.5397051473474135,0.8399999812245369,13.059999708086252,0.0616088719084184,0.9551028036562604,1.0167116755646788,1.6194725170153332,0.01176922423603593,6.0
2026-09-15 05:10:00,0.063055694,0.5567519799843866,0.8399999812245369,13.059999708086252,0.0616088719084184,0.9551028036562604,1.0167116755646788,1.6365193496523065,0.01176922423603593,6.0
2026-09-15 05:20:00,0.063055694,0.5705886894700533,0.8399999812245369,13.059999708086252,0.0616088719084184,0.9551028036562604,1.0167116755646788,1.6503560591379731,0.01176922423603593,6.0
2026-09-15 05:30:00,0.063055694,0.5811319560250091,0.8399999812245369,13.059999708086252,0.0616088719084184,0.9551028036562604,1.0167116755646788,1.6608993256929288,0.01176922423603593,6.0
2026-09-15 05:40:00,0.063055694,0.5883058512089001,0.8399999812245369,13.059999708086252,0.0616088719084184,0.9551028036562604,1.0167116755646788,1.6680732208768199,0.01176922423603593,6.0
2026-09-15 05:50:00,0.063055694,0.5920421173625405,0.8399999812245369,13.059999708086252,0.0616088719084184,0.9551028036562604,1.0167116755646788,1.6718094870304603,0.01176922423603593,6.0
2026-09-15 06:00:00,0.063055694,0.5922810776951839,0.8499999810010195,13.329999702051282,0.06325575577243732,0.9806339219367397,1.043889677709177,1.699226449507602,0.01176922423603593,6.0
2026-09-15 06:10:00,0.063055694,0.5889731481932752,0.8499999810010195,13.329999702051282,0.06325575577243732,0.9806339219367397,1.043889677709177,1.6959185200056932,0.01176922423603593,6.0
2026-09-15 06:20:00,0.063055694,0.5820808782608226,0.8499999810010195,13.329999702051282,0.06325575577243732,0.9806339219367397,1.043889677709177,1.6890262500732405,0.01176922423603593,6.0
2026-09-15 06:30:00,0.063055694,0.5715814089751959,0.8499999810010195,13.329999702051282,0.06325575577243732,0.9806339219367397,1.043889677709177,1.6785267807876139,0.01176922423603593,6.0
2026-09-15 06:40:00,0.063055694,0.5574692092070981,0.8499999810010195,13.329999702051282,0.06325575577243732,0.9806339219367397,1.043889677709177,1.6644145810195161,0.01176922423603593,6.0
2026-09-15 06:50:00,0.063055694,0.5397589323274838,0.8499999810010195,13.329999702051282,0.06325575577243732,0.9806339219367397,1.043889677709177,1.6467043041399019,0.01176922423603593,6.0
2026-09-15 07:00:00,0.063055694,0.5184882307380824,0.8499999810010195,13.329999702051282,0.06325575577243732,0.9806339219367397,1.043889677709177,1.6254336025505003,0.01176922423603593,6.0
2026-09-15 07:10:00,0.063055694,0.49372037159906274,0.8499999810010195,13.329999702051282,0.06325575577243732,0.9806339219367397,1.043889677709177,1.6006657434114808,0.01176922423603593,6.0
2026-09-15 07:20:00,0.063055694,0.4655465134123856,0.8499999810010195,13.329999702051282,0.06325575577243732,0.9806339219367397,1.043889677709177,1.5724918852248035,0.01176922423603593,6.0
2026-09-15 07:30:00,0.063055694,0.4340875273038142,0.8499999810010195,13.329999702051282,0.06325575577243732,0.9806339219367397,1.043889677709177,1.5410328991162323,0.01176922423603593,6.0
2026-09-15 07:40:00,0.063055694,0.3994952759976622,0.8499999810010195,13.329999702051282,0.06325575577243732,0.9806339219367397,1.043889677709177,1.5064406478100802,0.01176922423603593,6.0
2026-09-15 07:50:00,0.063055694,0.3619532945059798,0.8499999810010195,13.329999702051282,0.06325575577243732,0.9806339219367397,1.043889677709177,1.4688986663183978,0.01176922423603593,6.0
2026-09-15 08:00:00,0.063055694,0.32167684646020145,0.8499999810010195,13.329999702051282,0.06325575577243732,0.9806339219367397,1.043889677709177,1.4286222182726194,0.01176922423603593,6.0
2026-09-15 08:10:00,0.063055694,0.27891235624561916,0.8499999810010195,13.329999702051282,0.06325575577243732,0.9806339219367397,1.043889677709177,1.385857728058037,0.01176922423603593,6.0
2026-09-15 08:20:00,0.063055694,0.2339362378430393,0.8499999810010195,13.329999702051282,0.06325575577243732,0.9806339219367397,1.043889677709177,1.3408816096554572,0.01176922423603593,6.0
2026-09-15 08:30:00,0.063055694,0.18705315556950056,0.8499999810010195,13.329999702051282,0.06325575577243732,0.9806339219367397,1.043889677709177,1.2939985273819186,0.01176922423603593,6.0
2026-09-15 08:40:00,0.063055694,0.13859375969183224,0.8499999810010195,13.329999702051282,0.06325575577243732,0.9806339219367397,1.043889677709177,1.2455391315042503,0.01176922423603593,6.0
2026-09-15 08:50:00,0.063055694,0.08891194208563154,0.8499999810010195,13.329999702051282,0.06325575577243732,0.9806339219367397,1.043889677709177,1.1958573138980495,0.01176922423603593,6.0
2026-09-15 09:00:00,0.063055694,0.038381655156440014,0.8599999807775021,14.169999683275819,0.0676362487345172,1.0485433151763732,1.1161795639108905,1.2176169131705714,0.01176922423603593,6.0
2026-09-15 09:10:00,0.063055694,-0.01260666666707018,0.8599999807775021,14.169999683275819,0.0676362487345172,1.0485433151763732,1.1161795639108905,1.1666285913470613,0.01176922423603593,6.0
2026-09-15 09:20:00,0.063055694,-0.06365004746559355,0.8599999807775021,14.169999683275819,0.0676362487345172,1.0485433151763732,1.1161795639108905,1.115585210548538,0.01176922423603593,6.0
2026-09-15 09:30:00,0.063055694,-0.11433723858737109,0.8599999807775021,14.169999683275819,0.0676362487345172,1.0485433151763732,1.1161795639108905,1.0648980194267603,0.01176922423603593,6.0
2026-09-15 09:40:00,0.063055694,-0.16425327983026283,0.8599999807775021,14.169999683275819,0.0676362487345172,1.0485433151763732,1.1161795639108905,1.0149819781838687,0.01176922423603593,6.0
2026-09-15 09:50:00,0.063055694,-0.21298431045533978,0.8599999807775021,14.169999683275819,0.0676362487345172,1.0485433151763732,1.1161795639108905,0.9662509475587917,0.01176922423603593,6.0
2026-09-15 10:00:00,0.063055694,-0.2601225759664551,0.8599999807775021,14.169999683275819,0.0676362487345172,1.0485433151763732,1.1161795639108905,0.9191126820476763,0.01176922423603593,6.0
2026-09-15 10:10:00,0.063055694,-0.30527156108626013,0.8599999807775021,14.169999683275819,0.0676362487345172,1.0485433151763732,1.1161795639108905,0.8739636969278712,0.01176922423603593,6.0
2026-09-15 10:20:00,0.063055694,-0.348051161379061,0.8599999807775021,14.169999683275819,0.0676362487345172,1.0485433151763732,1.1161795639108905,0.8311840966350704,0.01176922423603593,6.0
2026-09-15 10:30:00,0.063055694,-0.38810278776541896,0.8599999807775021,14.169999683275819,0.0676362487345172,1.0485433151763732,1.1161795639108905,0.7911324702487125,0.01176922423603593,6.0
2026-09-15 10:40:00,0.063055694,-0.425094282049408,0.8599999807775021,14.169999683275819,0.0676362487345172,1.0485433151763732,1.1161795639108905,0.7541409759647234,0.01176922423603593,6.0
2026-09-15 10:50:00,0.063055694,-0.45872451038437917,0.8599999807775021,14.169999683275819,0.0676362487345172,1.0485433151763732,1.1161795639108905,0.7205107476297523,0.01176922423603593,6.0
2026-09-15 11:00:00,0.063055694,-0.4887274972373055,0.8599999807775021,14.169999683275819,0.0676362487345172,1.0485433151763732,1.1161795639108905,0.690507760776826,0.01176922423603593,6.0
2026-09-15 11:10:00,0.063055694,-0.5148759669431695,0.8599999807775021,14.169999683275819,0.0676362487345172,1.0485433151763732,1.1161795639108905,0.6643592910709619,0.01176922423603593,6.0
2026-09-15 11:20:00,0.063055694,-0.5369841738686677,0.8599999807775021,14.169999683275819,0.0676362487345172,1.0485433151763732,1.1161795639108905,0.6422510841454637,0.01176922423603593,6.0
2026-09-15 11:30:00,0.063055694,-0.5549099256193639,0.8599999807775021,14.169999683275819,0.0676362487345172,1.0485433151763732,1.1161795639108905,0.6243253323947675,0.01176922423603593,6.0
2026-09-15 11:40:00,0.063055694,-0.5685557354267582,0.8599999807775021,14.169999683275819,0.0676362487345172,1.0485433151763732,1.1161795639108905,0.6106795225873732,0.01176922423603593,6.0
2026-09-15 11:50:00,0.063055694,-0.5778690776060608,0.8599999807775021,14.169999683275819,0.0676362487345172,1.0485433151763732,1.1161795639108905,0.6013661804080707,0.01176922423603593,6.0
2026-09-15 12:00:00,0.063055694,-0.5828417611449405,0.8899999801069498,14.309999680146575,0.06948564189720938,1.0772138708939931,1.1466995127912025,0.626913445749503,0.01176922423603593,6.0
2026-09-15 12:10:00,0.063055694,-0.5835084774711872,0.8899999801069498,14.309999680146575,0.06948564189720938,1.0772138708939931,1.1466995127912025,0.6262467294232563,0.01176922423603593,6.0
2026-09-15 12:20:00,0.063055694,-0.5799446160064308,0.8899999801069498,14.309999680146575,0.06948564189720938,1.0772138708939931,1.1466995127912025,0.6298105908880127,0.01176922423603593,6.0
2026-09-15 12:30:00,0.063055694,-0.5722634717870048,0.8899999801069498,14.309999680146575,0.06948564189720938,1.0772138708939931,1.1466995127912025,0.6374917351074387,0.01176922423603593,6.0
2026-09-15 12:40:00,0.063055694,-0.5606129907385559,0.8899999801069498,14.309999680146575,0.06948564189720938,1.0772138708939931,1.1466995127912025,0.6491422161558876,0.01176922423603593,6.0
2026-09-15 12:50:00,0.063055694,-0.545172208190259,0.8899999801069498,14.309999680146575,0.06948564189720938,1.0772138708939931,1.1466995127912025,0.6645829987041845,0.01176922423603593,6.0
2026-09-15 13:00:00,0.063055694,-0.5261475343196261,0.8899999801069498,14.309999680146575,0.06948564189720938,1.0772138708939931,1.1466995127912025,0.6836076725748174,0.01176922423603593,6.0
2026-09-15 13:10:00,0.063055694,-0.503769026833777,0.8899999801069498,14.309999680146575,0.06948564189720938,1.0772138708939931,1.1466995127912025,0.7059861800606665,0.01176922423603593,6.0
2026-09-15 13:20:00,0.063055694,-0.4782867679713499,0.8899999801069498,14.309999680146575,0.06948564189720938,1.0772138708939931,1.1466995127912025,0.7314684389230937,0.01176922423603593,6.0
2026-09-15 13:30:00,0.063055694,-0.44996743241251647,0.8899999801069498,14.309999680146575,0.06948564189720938,1.0772138708939931,1.1466995127912025,0.759787774481927,0.01176922423603593,6.0
2026-09-15 13:40:00,0.063055694,-0.4190910982561281,0.8899999801069498,14.309999680146575,0.06948564189720938,1.0772138708939931,1.1466995127912025,0.7906641086383154,0.01176922423603593,6.0
2026-09-15 13:50:00,0.063055694,-0.3859483184638566,0.8899999801069498,14.309999680146575,0.06948564189720938,1.0772138708939931,1.1466995127912025,0.8238068884305869,0.01176922423603593,6.0
2026-09-15 14:00:00,0.063055694,-0.35083743880430474,0.8899999801069498,14.309999680146575,0.06948564189720938,1.0772138708939931,1.1466995127912025,0.8589177680901388,0.01176922423603593,6.0
2026-09-15 14:10:00,0.063055694,-0.3140621234565529,0.8899999801069498,14.309999680146575,0.06948564189720938,1.0772138708939931,1.1466995127912025,0.8956930834378907,0.01176922423603593,6.0
2026-09-15 14:20:00,0.063055694,-0.27592903360665577,0.8899999801069498,14.309999680146575,0.06948564189720938,1.0772138708939931,1.1466995127912025,0.9338261732877877,0.01176922423603593,6.0
2026-09-15 14:30:00,0.063055694,-0.2367455989360233,0.8899999801069498,14.309999680146575,0.06948564189720938,1.0772138708939931,1.1466995127912025,0.9730096079584202,0.01176922423603593,6.0
2026-09-15 14:40:00,0.063055694,-0.19681782705888717,0.8899999801069498,14.309999680146575,0.06948564189720938,1.0772138708939931,1.1466995127912025,1.0129373798355563,0.01176922423603593,6.0
2026-09-15 14:50:00,0.063055694,-0.15644811083978089,0.8899999801069498,14.309999680146575,0.06948564189720938,1.0772138708939931,1.1466995127912025,1.0533070960546627,0.01176922423603593,6.0
2026-09-15 15:00:00,0.063055694,-0.115933015836996,0.9499999787658453,14.299999680370092,0.07173948866408998,1.1121545425761366,1.1838940312402266,1.1310167095064716,0.01176922423603593,6.0
2026-09-15 15:10:00,0.063055694,-0.07556105707865697,0.9499999787658453,14.299999680370092,0.07173948866408998,1.1121545425761366,1.1838940312402266,1.1713886682648107,0.01176922423603593,6.0
2026-09-15 15:20:00,0.063055694,-0.03561050236779121,0.9499999787658453,14.299999680370092,0.07173948866408998,1.1121545425761366,1.1838940312402266,1.2113392229756763,0.01176922423603593,6.0
2026-09-15 15:30:00,0.063055694,0.00365273537232726,0.9499999787658453,14.299999680370092,0.07173948866408998,1.1121545425761366,1.1838940312402266,1.2506024607157948,0.01176922423603593,6.0
2026-09-15 15:40:00,0.063055694,0.04197703485183057,0.9499999787658453,14.299999680370092,0.07173948866408998,1.1121545425761366,1.1838940312402266,1.2889267601952983,0.01176922423603593,6.0
2026-09-15 15:50:00,0.063055694,0.07912673997297551,0.9499999787658453,14.299999680370092,0.07173948866408998,1.1121545425761366,1.1838940312402266,1.3260764653164432,0.01176922423603593,6.0
2026-09-15 16:00:00,0.063055694,0.11488347806225331,0.9499999787658453,14.299999680370092,0.07173948866408998,1.1121545425761366,1.1838940312402266,1.361833203405721,0.01176922423603593,6.0
2026-09-15 16:10:00,0.063055694,0.14904704224098755,0.9499999787658453,14.299999680370092,0.07173948866408998,1.1121545425761366,1.1838940312402266,1.3959967675844551,0.01176922423603593,6.0
2026-09-15 16:20:00,0.063055694,0.18143577959922816,0.9499999787658453,14.299999680370092,0.07173948866408998,1.1121545425761366,1.1838940312402266,1.4283855049426957,0.01176922423603593,6.0
2026-09-15 16:30:00,0.063055694,0.211886458125041,0.9499999787658453,14.299999680370092,0.07173948866408998,1.1121545425761366,1.1838940312402266,1.4588361834685086,0.01176922423603593,6.0
2026-09-15 16:40:00,0.063055694,0.24025362261441635,0.9499999787658453,14.299999680370092,0.07173948866408998,1.1121545425761366,1.1838940312402266,1.487203347957884,0.01176922423603593,6.0
2026-09-15 16:50:00,0.063055694,0.2664084896262547,0.9499999787658453,14.299999680370092,0.07173948866408998,1.1121545425761366,1.1838940312402266,1.5133582149697222,0.01176922423603593,6.0
2026-09-15 17:00:00,0.063055694,0.29023746997992467,0.9499999787658453,14.299999680370092,0.07173948866408998,1.1121545425761366,1.1838940312402266,1.5371871953233922,0.01176922423603593,6.0
2026-09-15 17:10:00,0.063055694,0.31164044037846866,0.9499999787658453,14.299999680370092,0.07173948866408998,1.1121545425761366,1.1838940312402266,1.5585901657219363,0.01176922423603593,6.0
2026-09-15 17:20:00,0.063055694,0.33052891003186863,0.9499999787658453,14.299999680370092,0.07173948866408998,1.1121545425761366,1.1838940312402266,1.5774786353753363,0.01176922423603593,6.0
2026-09-15 17:30:00,0.063055694,0.34682424104686915,0.9499999787658453,14.299999680370092,0.07173948866408998,1.1121545425761366,1.1838940312402266,1.5937739663903367,0.01176922423603593,6.0
2026-09-15 17:40:00,0.063055694,0.36045608132757523,0.9499999787658453,14.299999680370092,0.07173948866408998,1.1121545425761366,1.1838940312402266,1.6074058066710428,0.01176922423603593,6.0
2026-09-15 17:50:00,0.063055694,0.37136115534346426,0.9499999787658453,14.299999680370092,0.07173948866408998,1.1121545425761366,1.1838940312402266,1.618310880686932,0.01176922423603593,6.0
2026-09-15 18:00:00,0.063055694,0.37948253261693554,1.0099999774247408,14.24999968148768,0.07371162542074834,1.1427279533062977,1.2164395787270461,1.6589778054472226,0.01176922423603593,6.0
2026-09-15 18:10:00,0.063055694,0.38476945804964324,1.0099999774247408,14.24999968148768,0.07371162542074834,1.1427279533062977,1.2164395787270461,1.6642647308799303,0.01176922423603593,6.0
2026-09-15 18:20:00,0.063055694,0.3871777855787233,1.0099999774247408,14.24999968148768,0.07371162542074834,1.1427279533062977,1.2164395787270461,1.6666730584090104,0.01176922423603593,6.0
2026-09-15 18:30:00,0.063055694,0.38667101071526977,1.0099999774247408,14.24999968148768,0.07371162542074834,1.1427279533062977,1.2164395787270461,1.6661662835455568,0.01176922423603593,6.0
2026-09-15 18:40:00,0.063055694,0.38322185237434647,1.0099999774247408,14.24999968148768,0.07371162542074834,1.1427279533062977,1.2164395787270461,1.6627171252046336,0.01176922423603593,6.0
2026-09-15 18:50:00,0.063055694,0.37681429374934367,1.0099999774247408,14.24999968148768,0.07371162542074834,1.1427279533062977,1.2164395787270461,1.6563095665796308,0.01176922423603593,6.0
2026-09-15 19:00:00,0.063055694,0.36744595920075135,1.0099999774247408,14.24999968148768,0.07371162542074834,1.1427279533062977,1.2164395787270461,1.6469412320310384,0.01176922423603593,6.0
2026-09-15 19:10:00,0.063055694,0.3551306816240332,1.0099999774247408,14.24999968148768,0.07371162542074834,1.1427279533062977,1.2164395787270461,1.6346259544543202,0.01176922423603593,6.0
2026-09-15 19:20:00,0.063055694,0.3399011038352576,1.0099999774247408,14.24999968148768,0.07371162542074834,1.1427279533062977,1.2164395787270461,1.6193963766655446,0.01176922423603593,6.0
2026-09-15 19:30:00,0.063055694,0.32181115849001396,1.0099999774247408,14.24999968148768,0.07371162542074834,1.1427279533062977,1.2164395787270461,1.601306431320301,0.01176922423603593,6.0
2026-09-15 19:40:00,0.063055694,0.30093828287920993,1.0099999774247408,14.24999968148768,0.07371162542074834,1.1427279533062977,1.2164395787270461,1.580433555709497,0.01176922423603593,6.0
2026-09-15 19:50:00,0.063055694,0.27738524580317747,1.0099999774247408,14.24999968148768,0.07371162542074834,1.1427279533062977,1.2164395787270461,1.5568805186334647,0.01176922423603593,6.0
2026-09-15 20:00:00,0.063055694,0.25128149093063884,1.0099999774247408,14.24999968148768,0.07371162542074834,1.1427279533062977,1.2164395787270461,1.530776763760926,0.01176922423603593,6.0
2026-09-15 20:10:00,0.063055694,0.22278393155453646,1.0099999774247408,14.24999968148768,0.07371162542074834,1.1427279533062977,1.2164395787270461,1.5022792043848234,0.01176922423603593,6.0
2026-09-15 20:20:00,0.063055694,0.19207716236148248,1.0099999774247408,14.24999968148768,0.07371162542074834,1.1427279533062977,1.2164395787270461,1.4715724351917696,0.01176922423603593,6.0
2026-09-15 20:30:00,0.063055694,0.15937308192958752,1.0099999774247408,14.24999968148768,0.07371162542074834,1.1427279533062977,1.2164395787270461,1.4388683547598746,0.01176922423603593,6.0
2026-09-15 20:40:00,0.063055694,0.12490994290236694,1.0099999774247408,14.24999968148768,0.07371162542074834,1.1427279533062977,1.2164395787270461,1.404405215732654,0.01176922423603593,6.0
2026-09-15 20:50:00,0.063055694,0.08895086377009469,1.0099999774247408,14.24999968148768,0.07371162542074834,1.1427279533062977,1.2164395787270461,1.3684461366003817,0.01176922423603593,6.0
2026-09-15 21:00:00,0.063055694,0.051781846433764316,1.0499999765306711,14.179999683052301,0.07478789628901167,1.1594130392676167,1.2342009355566284,1.3490384760936336,0.01176922423603593,6.0
2026-09-15 21:10:00,0.063055694,0.013709347561558234,1.0499999765306711,14.179999683052301,0.07478789628901167,1.1594130392676167,1.2342009355566284,1.3109659772214275,0.01176922423603593,6.0
2026-09-15 21:20:00,0.063055694,-0.0249425493713411,1.0499999765306711,14.179999683052301,0.07478789628901167,1.1594130392676167,1.2342009355566284,1.2723140802885282,0.01176922423603593,6.0
2026-09-15 21:30:00,0.063055694,-0.06383531900818315,1.0499999765306711,14.179999683052301,0.07478789628901167,1.1594130392676167,1.2342009355566284,1.2334213106516863,0.01176922423603593,6.0
2026-09-15 21:40:00,0.063055694,-0.10261949909072077,1.0499999765306711,14.179999683052301,0.07478789628901167,1.1594130392676167,1.2342009355566284,1.1946371305691486,0.01176922423603593,6.0
2026-09-15 21:50:00,0.063055694,-0.14093848307414988,1.0499999765306711,14.179999683052301,0.07478789628901167,1.1594130392676167,1.2342009355566284,1.1563181465857195,0.01176922423603593,6.0
2026-09-15 22:00:00,0.063055694,-0.17843256929131487,1.0499999765306711,14.179999683052301,0.07478789628901167,1.1594130392676167,1.2342009355566284,1.1188240603685544,0.01176922423603593,6.0
2026-09-15 22:10:00,0.063055694,-0.2147432327401846,1.0499999765306711,14.179999683052301,0.07478789628901167,1.1594130392676167,1.2342009355566284,1.0825133969196847,0.01176922423603593,6.0
2026-09-15 22:20:00,0.063055694,-0.249517577656071,1.0499999765306711,14.179999683052301,0.07478789628901167,1.1594130392676167,1.2342009355566284,1.0477390520037984,0.01176922423603593,6.0
2026-09-15 22:30:00,0.063055694,-0.28241291665387314,1.0499999765306711,14.179999683052301,0.07478789628901167,1.1594130392676167,1.2342009355566284,1.0148437130059962,0.01176922423603593,6.0
2026-09-15 22:40:00,0.063055694,-0.3131014062222818,1.0499999765306711,14.179999683052301,0.07478789628901167,1.1594130392676167,1.2342009355566284,0.9841552234375875,0.01176922423603593,6.0
2026-09-15 22:50:00,0.063055694,-0.3412746507127668,1.0499999765306711,14.179999683052301,0.07478789628901167,1.1594130392676167,1.2342009355566284,0.9559819789471025,0.01176922423603593,6.0
2026-09-15 23:00:00,0.063055694,-0.3666481700762173,1.0499999765306711,14.179999683052301,0.07478789628901167,1.1594130392676167,1.2342009355566284,0.930608459583652,0.01176922423603593,6.0
2026-09-15 23:10:00,0.063055694,-0.38896561276705116,1.0499999765306711,14.179999683052301,0.07478789628901167,1.1594130392676167,1.2342009355566284,0.9082910168928182,0.01176922423603593,6.0
2026-09-15 23:20:00,0.063055694,-0.40800258727130745,1.0499999765306711,14.179999683052301,0.07478789628901167,1.1594130392676167,1.2342009355566284,0.8892540423885619,0.01176922423603593,6.0
2026-09-15 23:30:00,0.063055694,-0.4235699852329019,1.0499999765306711,14.179999683052301,0.07478789628901167,1.1594130392676167,1.2342009355566284,0.8736866444269674,0.01176922423603593,6.0
2026-09-15 23:40:00,0.063055694,-0.4355166778412856,1.0499999765306711,14.179999683052301,0.07478789628901167,1.1594130392676167,1.2342009355566284,0.8617399518185838,0.01176922423603593,6.0
2026-09-15 23:50:00,0.063055694,-0.443731485089286,1.0499999765306711,14.179999683052301,0.07478789628901167,1.1594130392676167,1.2342009355566284,0.8535251445705834,0.01176922423603593,6.0
2026-09-16 00:00:00,0.07639756,-0.4481443443233238,1.0599999763071537,14.09999968484044,0.07471924622140963,1.1583487790400417,1.2330680252614514,0.8613212414749891,0.01176922423603593,6.0
2026-09-16 00:10:00,0.07639756,-0.4487266384726105,1.0599999763071537,14.09999968484044,0.07471924622140963,1.1583487790400417,1.2330680252614514,0.8607389473257023,0.01176922423603593,6.0
2026-09-16 00:20:00,0.07639756,-0.4454906829925371,1.0599999763071537,14.09999968484044,0.07471924622140963,1.1583487790400417,1.2330680252614514,0.8639749028057757,0.01176922423603593,6.0
2026-09-16 00:30:00,0.07639756,-0.43848841087627044,1.0599999763071537,14.09999968484044,0.07471924622140963,1.1583487790400417,1.2330680252614514,0.8709771749220424,0.01176922423603593,6.0
2026-09-16 00:40:00,0.07639756,-0.4278093334850519,1.0599999763071537,14.09999968484044,0.07471924622140963,1.1583487790400417,1.2330680252614514,0.881656252313261,0.01176922423603593,6.0
2026-09-16 00:50:00,0.07639756,-0.41357788826094477,1.0599999763071537,14.09999968484044,0.07471924622140963,1.1583487790400417,1.2330680252614514,0.8958876975373681,0.01176922423603593,6.0
2026-09-16 01:00:00,0.07639756,-0.39595030941617587,1.0599999763071537,14.09999968484044,0.07471924622140963,1.1583487790400417,1.2330680252614514,0.913515276382137,0.01176922423603593,6.0
2026-09-16 01:10:00,0.07639756,-0.3751111724021966,1.0599999763071537,14.09999968484044,0.07471924622140963,1.1583487790400417,1.2330680252614514,0.9343544133961162,0.01176922423603593,6.0
2026-09-16 01:20:00,0.07639756,-0.351269765931626,1.0599999763071537,14.09999968484044,0.07471924622140963,1.1583487790400417,1.2330680252614514,0.9581958198666869,0.01176922423603593,6.0
2026-09-16 01:30:00,0.07639756,-0.32465643658358884,1.0599999763071537,14.09999968484044,0.07471924622140963,1.1583487790400417,1.2330680252614514,0.984809149214724,0.01176922423603593,6.0
2026-09-16 01:40:00,0.07639756,-0.2955190315275755,1.0599999763071537,14.09999968484044,0.07471924622140963,1.1583487790400417,1.2330680252614514,1.0139465542707373,0.01176922423603593,6.0
2026-09-16 01:50:00,0.07639756,-0.26411953686369644,1.0599999763071537,14.09999968484044,0.07471924622140963,1.1583487790400417,1.2330680252614514,1.0453460489346165,0.01176922423603593,6.0
2026-09-16 02:00:00,0.07639756,-0.2307309754441913,1.0599999763071537,14.09999968484044,0.07471924622140963,1.1583487790400417,1.2330680252614514,1.0787346103541215,0.01176922423603593,6.0
2026-09-16 02:10:00,0.07639756,-0.19563459239140493,1.0599999763071537,14.09999968484044,0.07471924622140963,1.1583487790400417,1.2330680252614514,1.113830993406908,0.01176922423603593,6.0
2026-09-16 02:20:00,0.07639756,-0.15911732253722852,1.0599999763071537,14.09999968484044,0.07471924622140963,1.1583487790400417,1.2330680252614514,1.1503482632610844,0.01176922423603593,6.0
2026-09-16 02:30:00,0.07639756,-0.12146950520582221,1.0599999763071537,14.09999968484044,0.07471924622140963,1.1583487790400417,1.2330680252614514,1.1879960805924907,0.01176922423603593,6.0
2026-09-16 02:40:00,0.07639756,-0.08298279099779687,1.0599999763071537,14.09999968484044,0.07471924622140963,1.1583487790400417,1.2330680252614514,1.226482794800516,0.01176922423603593,6.0
2026-09-16 02:50:00,0.07639756,-0.04394817451709262,1.0599999763071537,14.09999968484044,0.07471924622140963,1.1583487790400417,1.2330680252614514,1.2655174112812202,0.01176922423603593,6.0
2026-09-16 03:00:00,0.07639756,-0.0046540871086001865,1.0699999760836363,14.01999968662858,0.07464493414210088,1.157196742440527,1.2318416765826279,1.303585150010889,0.01176922423603593,6.0
2026-09-16 03:10:00,0.07639756,0.03461550568028431,1.0699999760836363,14.01999968662858,0.07464493414210088,1.157196742440527,1.2318416765826279,1.3428547427997737,0.01176922423603593,6.0
2026-09-16 03:20:00,0.07639756,0.0735830376155074,1.0699999760836363,14.01999968662858,0.07464493414210088,1.157196742440527,1.2318416765826279,1.3818222747349966,0.01176922423603593,6.0
2026-09-16 03:30:00,0.07639756,0.11197931609764139,1.0699999760836363,14.01999968662858,0.07464493414210088,1.157196742440527,1.2318416765826279,1.4202185532171308,0.01176922423603593,6.0
2026-09-16 03:40:00,0.07639756,0.14954551808507993,1.0699999760836363,14.01999968662858,0.07464493414210088,1.157196742440527,1.2318416765826279,1.4577847552045693,0.01176922423603593,6.0
2026-09-16 03:50:00,0.07639756,0.1860351601527541,1.0699999760836363,14.01999968662858,0.07464493414210088,1.157196742440527,1.2318416765826279,1.4942743972722434,0.01176922423603593,6.0
2026-09-16 04:00:00,0.07639756,0.22121597109514185,1.0699999760836363,14.01999968662858,0.07464493414210088,1.157196742440527,1.2318416765826279,1.529455208214631,0.01176922423603593,6.0
2026-09-16 04:10:00,0.07639756,0.2548715789721767,1.0699999760836363,14.01999968662858,0.07464493414210088,1.157196742440527,1.2318416765826279,1.563110816091666,0.01176922423603593,6.0
2026-09-16 04:20:00,0.07639756,0.28680291773134875,1.0699999760836363,14.01999968662858,0.07464493414210088,1.157196742440527,1.2318416765826279,1.595042154850838,0.01176922423603593,6.0
2026-09-16 04:30:00,0.07639756,0.3168292631215897,1.0699999760836363,14.01999968662858,0.07464493414210088,1.157196742440527,1.2318416765826279,1.625068500241079,0.01176922423603593,6.0
2026-09-16 04:40:00,0.07639756,0.3447888234061032,1.0699999760836363,14.01999968662858,0.07464493414210088,1.157196742440527,1.2318416765826279,1.6530280605255925,0.01176922423603593,6.0
2026-09-16 04:50:00,0.07639756,0.3705388363716477,1.0699999760836363,14.01999968662858,0.07464493414210088,1.157196742440527,1.2318416765826279,1.678778073491137,0.01176922423603593,6.0
2026-09-16 05:00:00,0.07639756,0.39395515803139214,1.0699999760836363,14.01999968662858,0.07464493414210088,1.157196742440527,1.2318416765826279,1.7021943951508813,0.01176922423603593,6.0
2026-09-16 05:10:00,0.07639756,0.41493136686797616,1.0699999760836363,14.01999968662858,0.07464493414210088,1.157196742440527,1.2318416765826279,1.7231706039874655,0.01176922423603593,6.0
2026-09-16 05:20:00,0.07639756,0.4333774468775217,1.0699999760836363,14.01999968662858,0.07464493414210088,1.157196742440527,1.2318416765826279,1.741616683997011,0.01176922423603593,6.0
2026-09-16 05:30:00,0.07639756,0.44921814889242995,1.0699999760836363,14.01999968662858,0.07464493414210088,1.157196742440527,1.2318416765826279,1.7574573860119194,0.01176922423603593,6.0
2026-09-16 05:40:00,0.07639756,0.4623911591351004,1.0699999760836363,14.01999968662858,0.07464493414210088,1.157196742440527,1.2318416765826279,1.7706303962545897,0.01176922423603593,6.0
2026-09-16 05:50:00,0.07639756,0.4728452233576504,1.0699999760836363,14.01999968662858,0.07464493414210088,1.157196742440527,1.2318416765826279,1.7810844604771396,0.01176922423603593,6.0
2026-09-16 06:00:00,0.07639756,0.48053838235344004,1.0799999758601189,13.929999688640237,0.07451152137371388,1.1551284866003715,1.2296400079740855,1.7865759508643868,0.01176922423603593,6.0
2026-09-16 06:10:00,0.07639756,0.485436468878465,1.0799999758601189,13.929999688640237,0.07451152137371388,1.1551284866003715,1.2296400079740855,1.7914740373894118,0.01176922423603593,6.0
2026-09-16 06:20:00,0.07639756,0.4875119975331238,1.0799999758601189,13.929999688640237,0.07451152137371388,1.1551284866003715,1.2296400079740855,1.7935495660440708,0.01176922423603593,6.0
2026-09-16 06:30:00,0.07639756,0.48674354947423065,1.0799999758601189,13.929999688640237,0.07451152137371388,1.1551284866003715,1.2296400079740855,1.7927811179851776,0.01176922423603593,6.0
2026-09-16 06:40:00,0.07639756,0.4831157154261513,1.0799999758601189,13.929999688640237,0.07451152137371388,1.1551284866003715,1.2296400079740855,1.789153283937098,0.01176922423603593,6.0
2026-09-16 06:50:00,0.07639756,0.47661961702379996,1.0799999758601189,13.929999688640237,0.07451152137371388,1.1551284866003715,1.2296400079740855,1.7826571855347468,0.01176922423603593,6.0
2026-09-16 07:00:00,0.07639756,0.4672539815566876,1.0799999758601189,13.929999688640237,0.07451152137371388,1.1551284866003715,1.2296400079740855,1.7732915500676345,0.01176922423603593,6.0
2026-09-16 07:10:00,0.07639756,0.45502670304129567,1.0799999758601189,13.929999688640237,0.07451152137371388,1.1551284866003715,1.2296400079740855,1.7610642715522427,0.01176922423603593,6.0
2026-09-16 07:20:00,0.07639756,0.4399567863476319,1.0799999758601189,13.929999688640237,0.07451152137371388,1.1551284866003715,1.2296400079740855,1.7459943548585788,0.01176922423603593,6.0
2026-09-16 07:30:00,0.07639756,0.4220765441034176,1.0799999758601189,13.929999688640237,0.07451152137371388,1.1551284866003715,1.2296400079740855,1.7281141126143644,0.01176922423603593,6.0
2026-09-16 07:40:00,0.07639756,0.40143389993949186,1.0799999758601189,13.929999688640237,0.07451152137371388,1.1551284866003715,1.2296400079740855,1.7074714684504388,0.01176922423603593,6.0
2026-09-16 07:50:00,0.07639756,0.37809464724742187,1.0799999758601189,13.929999688640237,0.07451152137371388,1.1551284866003715,1.2296400079740855,1.6841322157583687,0.01176922423603593,6.0
2026-09-16 08:00:00,0.07639756,0.3521445195846081,1.0799999758601189,13.929999688640237,0.07451152137371388,1.1551284866003715,1.2296400079740855,1.658182088095555,0.01176922423603593,6.0
2026-09-16 08:10:00,0.07639756,0.3236909456980081,1.0799999758601189,13.929999688640237,0.07451152137371388,1.1551284866003715,1.2296400079740855,1.629728514208955,0.01176922423603593,6.0
2026-09-16 08:20:00,0.07639756,0.29286438660914427,1.0799999758601189,13.929999688640237,0.07451152137371388,1.1551284866003715,1.2296400079740855,1.5989019551200911,0.01176922423603593,6.0
2026-09-16 08:30:00,0.07639756,0.2598191813516416,1.0799999758601189,13.929999688640237,0.07451152137371388,1.1551284866003715,1.2296400079740855,1.5658567498625886,0.01176922423603593,6.0
2026-09-16 08:40:00,0.07639756,0.2247338586800506,1.0799999758601189,13.929999688640237,0.07451152137371388,1.1551284866003715,1.2296400079740855,1.5307714271909973,0.01176922423603593,6.0
2026-09-16 08:50:00,0.07639756,0.18781090138487672,1.0799999758601189,13.929999688640237,0.07451152137371388,1.1551284866003715,1.2296400079740855,1.4938484698958236,0.01176922423603593,6.0
2026-09-16 09:00:00,0.07639756,0.14927597515011626,1.0799999758601189,13.829999690875411,0.07397662172278986,1.1468361069406416,1.2208127286634316,1.4464862643504093,0.01176922423603593,6.0
2026-09-16 09:10:00,0.07639756,0.10937665337016811,1.0799999758601189,13.829999690875411,0.07397662172278986,1.1468361069406416,1.2208127286634316,1.4065869425704611,0.01176922423603593,6.0
2026-09-16 09:20:00,0.07639756,0.06838068203906719,1.0799999758601189,13.829999690875411,0.07397662172278986,1.1468361069406416,1.2208127286634316,1.3655909712393601,0.01176922423603593,6.0
2026-09-16 09:30:00,0.07639756,0.026573834638441,1.0799999758601189,13.829999690875411,0.07397662172278986,1.1468361069406416,1.2208127286634316,1.323784123838734,0.01176922423603593,6.0
2026-09-16 09:40:00,0.07639756,-0.015742593082403493,1.0799999758601189,13.829999690875411,0.07397662172278986,1.1468361069406416,1.2208127286634316,1.2814676961178895,0.01176922423603593,6.0
2026-09-16 09:50:00,0.07639756,-0.05825460309761883,1.0799999758601189,13.829999690875411,0.07397662172278986,1.1468361069406416,1.2208127286634316,1.2389556861026743,0.01176922423603593,6.0
2026-09-16 10:00:00,0.07639756,-0.1006385911319087,1.0799999758601189,13.829999690875411,0.07397662172278986,1.1468361069406416,1.2208127286634316,1.1965716980683843,0.01176922423603593,6.0
2026-09-16 10:10:00,0.07639756,-0.14256468693729096,1.0799999758601189,13.829999690875411,0.07397662172278986,1.1468361069406416,1.2208127286634316,1.154645602263002,0.01176922423603593,6.0
2026-09-16 10:20:00,0.07639756,-0.18370031149358398,1.0799999758601189,13.829999690875411,0.07397662172278986,1.1468361069406416,1.2208127286634316,1.113509977706709,0.01176922423603593,6.0
2026-09-16 10:30:00,0.07639756,-0.22371392486167355,1.0799999758601189,13.829999690875411,0.07397662172278986,1.1468361069406416,1.2208127286634316,1.0734963643386195,0.01176922423603593,6.0
2026-09-16 10:40:00,0.07639756,-0.2622789343398434,1.0799999758601189,13.829999690875411,0.07397662172278986,1.1468361069406416,1.2208127286634316,1.0349313548604497,0.01176922423603593,6.0
2026-09-16 10:50:00,0.07639756,-0.2990777236449719,1.0799999758601189,13.829999690875411,0.07397662172278986,1.1468361069406416,1.2208127286634316,0.998132565555321,0.01176922423603593,6.0
2026-09-16 11:00:00,0.07639756,-0.3338057504883974,1.0799999758601189,13.829999690875411,0.07397662172278986,1.1468361069406416,1.2208127286634316,0.9634045387118957,0.01176922423603593,6.0
2026-09-16 11:10:00,0.07639756,-0.3661756435862934,1.0799999758601189,13.829999690875411,0.07397662172278986,1.1468361069406416,1.2208127286634316,0.9310346456139996,0.01176922423603593,6.0
2026-09-16 11:20:00,0.07639756,-0.39592121315928724,1.0799999758601189,13.829999690875411,0.07397662172278986,1.1468361069406416,1.2208127286634316,0.9012890760410057,0.01176922423603593,6.0
2026-09-16 11:30:00,0.07639756,-0.42280127332305967,1.0799999758601189,13.829999690875411,0.07397662172278986,1.1468361069406416,1.2208127286634316,0.8744090158772333,0.01176922423603593,6.0
2026-09-16 11:40:00,0.07639756,-0.4466031636706877,1.0799999758601189,13.829999690875411,0.07397662172278986,1.1468361069406416,1.2208127286634316,0.8506071255296053,0.01176922423603593,6.0
2026-09-16 11:50:00,0.07639756,-0.4671458523105905,1.0799999758601189,13.829999690875411,0.07397662172278986,1.1468361069406416,1.2208127286634316,0.8300644368897026,0.01176922423603593,6.0
2026-09-16 12:00:00,0.07639756,-0.48428250603343664,1.1199999749660492,13.539999697357416,0.07375443024379141,1.1433915429035757,1.217145973147367,0.8092610276507919,0.01176922423603593,6.0
2026-09-16 12:10:00,0.07639756,-0.4979024255912391,1.1199999749660492,13.539999697357416,0.07375443024379141,1.1433915429035757,1.217145973147367,0.7956411080929894,0.01176922423603593,6.0
2026-09-16 12:20:00,0.07639756,-0.5079322654461543,1.1199999749660492,13.539999697357416,0.07375443024379141,1.1433915429035757,1.217145973147367,0.7856112682380741,0.01176922423603593,6.0
2026-09-16 12:30:00,0.07639756,-0.5143364867062455,1.1199999749660492,13.539999697357416,0.07375443024379141,1.1433915429035757,1.217145973147367,0.7792070469779829,0.01176922423603593,6.0
2026-09-16 12:40:00,0.07639756,-0.5171170271458572,1.1199999749660492,13.539999697357416,0.07375443024379141,1.1433915429035757,1.217145973147367,0.7764265065383713,0.01176922423603593,6.0
2026-09-16 12:50:00,0.07639756,-0.5163122107042568,1.1199999749660492,13.539999697357416,0.07375443024379141,1.1433915429035757,1.217145973147367,0.7772313229799717,0.01176922423603593,6.0
2026-09-16 13:00:00,0.07639756,-0.5119949570506417,1.1199999749660492,13.539999697357416,0.07375443024379141,1.1433915429035757,1.217145973147367,0.7815485766335868,0.01176922423603593,6.0
2026-09-16 13:10:00,0.07639756,-0.5042703867265456,1.1199999749660492,13.539999697357416,0.07375443024379141,1.1433915429035757,1.217145973147367,0.7892731469576829,0.01176922423603593,6.0
2026-09-16 13:20:00,0.07639756,-0.49327294535847205,1.1199999749660492,13.539999697357416,0.07375443024379141,1.1433915429035757,1.217145973147367,0.8002705883257564,0.01176922423603593,6.0
2026-09-16 13:30:00,0.07639756,-0.47916318930094925,1.1199999749660492,13.539999697357416,0.07375443024379141,1.1433915429035757,1.217145973147367,0.8143803443832792,0.01176922423603593,6.0
2026-09-16 13:40:00,0.07639756,-0.46212438273709416,1.1199999749660492,13.539999697357416,0.07375443024379141,1.1433915429035757,1.217145973147367,0.8314191509471343,0.01176922423603593,6.0
2026-09-16 13:50:00,0.07639756,-0.44235905224364436,1.1199999749660492,13.539999697357416,0.07375443024379141,1.1433915429035757,1.217145973147367,0.8511844814405841,0.01176922423603593,6.0
2026-09-16 14:00:00,0.07639756,-0.4200856295332197,1.1199999749660492,13.539999697357416,0.07375443024379141,1.1433915429035757,1.217145973147367,0.8734579041510088,0.01176922423603593,6.0
2026-09-16 14:10:00,0.07639756,-0.39553528816233696,1.1199999749660492,13.539999697357416,0.07375443024379141,1.1433915429035757,1.217145973147367,0.8980082455218915,0.01176922423603593,6.0
2026-09-16 14:20:00,0.07639756,-0.3689490480293725,1.1199999749660492,13.539999697357416,0.07375443024379141,1.1433915429035757,1.217145973147367,0.924594485654856,0.01176922423603593,6.0
2026-09-16 14:30:00,0.07639756,-0.3405751858645647,1.1199999749660492,13.539999697357416,0.07375443024379141,1.1433915429035757,1.217145973147367,0.9529683478196638,0.01176922423603593,6.0
2026-09-16 14:40:00,0.07639756,-0.3106669541804374,1.1199999749660492,13.539999697357416,0.07375443024379141,1.1433915429035757,1.217145973147367,0.982876579503791,0.01176922423603593,6.0
2026-09-16 14:50:00,0.07639756,-0.2794805791957859,1.1199999749660492,13.539999697357416,0.07375443024379141,1.1433915429035757,1.217145973147367,1.0140629544884425,0.01176922423603593,6.0
2026-09-16 15:00:00,0.07639756,-0.24727348302573837,1.169999973848462,13.279999703168869,0.07393523245259899,1.1461944622103284,1.2201296946629274,1.0492537721740505,0.01176922423603593,6.0
2026-09-16 15:10:00,0.07639756,-0.21430265970631862,1.169999973848462,13.279999703168869,0.07393523245259899,1.1461944622103284,1.2201296946629274,1.0822245954934702,0.01176922423603593,6.0
2026-09-16 15:20:00,0.07639756,-0.18082312964776073,1.169999973848462,13.279999703168869,0.07393523245259899,1.1461944622103284,1.2201296946629274,1.1157041255520281,0.01176922423603593,6.0
2026-09-16 15:30:00,0.07639756,-0.14708640315811358,1.169999973848462,13.279999703168869,0.07393523245259899,1.1461944622103284,1.2201296946629274,1.1494408520416752,0.01176922423603593,6.0
2026-09-16 15:40:00,0.07639756,-0.11333889990394674,1.169999973848462,13.279999703168869,0.07393523245259899,1.1461944622103284,1.2201296946629274,1.183188355295842,0.01176922423603593,6.0
2026-09-16 15:50:00,0.07639756,-0.07982029518497619,1.169999973848462,13.279999703168869,0.07393523245259899,1.1461944622103284,1.2201296946629274,1.2167069600148126,0.01176922423603593,6.0
2026-09-16 16:00:00,0.07639756,-0.046761793130419574,1.169999973848462,13.279999703168869,0.07393523245259899,1.1461944622103284,1.2201296946629274,1.2497654620693692,0.01176922423603593,6.0
2026-09-16 16:10:00,0.07639756,-0.01438435720368279,1.169999973848462,13.279999703168869,0.07393523245259899,1.1461944622103284,1.2201296946629274,1.282142897996106,0.01176922423603593,6.0
2026-09-16 16:20:00,0.07639756,0.017103043305181045,1.169999973848462,13.279999703168869,0.07393523245259899,1.1461944622103284,1.2201296946629274,1.31363029850497,0.01176922423603593,6.0
2026-09-16 16:30:00,0.07639756,0.047505090052526344,1.169999973848462,13.279999703168869,0.07393523245259899,1.1461944622103284,1.2201296946629274,1.344032345252315,0.01176922423603593,6.0
2026-09-16 16:40:00,0.07639756,0.07664158143009417,1.169999973848462,13.279999703168869,0.07393523245259899,1.1461944622103284,1.2201296946629274,1.373168836629883,0.01176922423603593,6.0
2026-09-16 16:50:00,0.07639756,0.10434861044892263,1.169999973848462,13.279999703168869,0.07393523245259899,1.1461944622103284,1.2201296946629274,1.4008758656487115,0.01176922423603593,6.0
2026-09-16 17:00:00,0.07639756,0.13047936671889707,1.169999973848462,13.279999703168869,0.07393523245259899,1.1461944622103284,1.2201296946629274,1.4270066219186859,0.01176922423603593,6.0
2026-09-16 17:10:00,0.07639756,0.1549044943709557,1.169999973848462,13.279999703168869,0.07393523245259899,1.1461944622103284,1.2201296946629274,1.4514317495707445,0.01176922423603593,6.0
2026-09-16 17:20:00,0.07639756,0.17751196722823318,1.169999973848462,13.279999703168869,0.07393523245259899,1.1461944622103284,1.2201296946629274,1.474039222428022,0.01176922423603593,6.0
2026-09-16 17:30:00,0.07639756,0.19820647829159296,1.169999973848462,13.279999703168869,0.07393523245259899,1.1461944622103284,1.2201296946629274,1.494733733491382,0.01176922423603593,6.0
2026-09-16 17:40:00,0.07639756,0.2169083799162918,1.169999973848462,13.279999703168869,0.07393523245259899,1.1461944622103284,1.2201296946629274,1.5134356351160807,0.01176922423603593,6.0
2026-09-16 17:50:00,0.07639756,0.2335522490501436,1.169999973848462,13.279999703168869,0.07393523245259899,1.1461944622103284,1.2201296946629274,1.5300795042499324,0.01176922423603593,6.0
2026-09-16 18:00:00,0.07639756,0.24808518572225693,1.1899999734014273,13.12999970652163,0.07372226054457229,1.1428928262583067,1.2166150868028789,1.5410978330619973,0.01176922423603593,6.0
2026-09-16 18:10:00,0.07639756,0.2604649781094803,1.1899999734014273,13.12999970652163,0.07372226054457229,1.1428928262583067,1.2166150868028789,1.5534776254492206,0.01176922423603593,6.0
2026-09-16 18:20:00,0.07639756,0.27065828211005794,1.1899999734014273,13.12999970652163,0.07372226054457229,1.1428928262583067,1.2166150868028789,1.5636709294497981,0.01176922423603593,6.0
2026-09-16 18:30:00,0.07639756,0.27863896525178755,1.1899999734014273,13.12999970652163,0.07372226054457229,1.1428928262583067,1.2166150868028789,1.5716516125915279,0.01176922423603593,6.0
2026-09-16 18:40:00,0.07639756,0.2843867537370353,1.1899999734014273,13.12999970652163,0.07372226054457229,1.1428928262583067,1.2166150868028789,1.5773994010767756,0.01176922423603593,6.0
2026-09-16 18:50:00,0.07639756,0.2878862984887269,1.1899999734014273,13.12999970652163,0.07372226054457229,1.1428928262583067,1.2166150868028789,1.5808989458284672,0.01176922423603593,6.0
2026-09-16 19:00:00,0.07639756,0.2891267429153083,1.1899999734014273,13.12999970652163,0.07372226054457229,1.1428928262583067,1.2166150868028789,1.5821393902550487,0.01176922423603593,6.0
2026-09-16 19:10:00,0.07639756,0.2881018352384434,1.1899999734014273,13.12999970652163,0.07372226054457229,1.1428928262583067,1.2166150868028789,1.5811144825781838,0.01176922423603593,6.0
2026-09-16 19:20:00,0.07639756,0.2848105847107082,1.1899999734014273,13.12999970652163,0.07372226054457229,1.1428928262583067,1.2166150868028789,1.5778232320504486,0.01176922423603593,6.0
2026-09-16 19:30:00,0.07639756,0.27925841839865745,1.1899999734014273,13.12999970652163,0.07372226054457229,1.1428928262583067,1.2166150868028789,1.5722710657383978,0.01176922423603593,6.0
2026-09-16 19:40:00,0.07639756,0.27145875656622875,1.1899999734014273,13.12999970652163,0.07372226054457229,1.1428928262583067,1.2166150868028789,1.564471403905969,0.01176922423603593,6.0
2026-09-16 19:50:00,0.07639756,0.261434893833739,1.1899999734014273,13.12999970652163,0.07372226054457229,1.1428928262583067,1.2166150868028789,1.5544475411734793,0.01176922423603593,6.0
2026-09-16 20:00:00,0.07639756,0.2492220522536561,1.1899999734014273,13.12999970652163,0.07372226054457229,1.1428928262583067,1.2166150868028789,1.5422346995933964,0.01176922423603593,6.0
2026-09-16 20:10:00,0.07639756,0.23486946273655845,1.1899999734014273,13.12999970652163,0.07372226054457229,1.1428928262583067,1.2166150868028789,1.5278821100762987,0.01176922423603593,6.0
2026-09-16 20:20:00,0.07639756,0.21844233310327063,1.1899999734014273,13.12999970652163,0.07372226054457229,1.1428928262583067,1.2166150868028789,1.5114549804430109,0.01176922423603593,6.0
2026-09-16 20:30:00,0.07639756,0.20002357338255286,1.1899999734014273,13.12999970652163,0.07372226054457229,1.1428928262583067,1.2166150868028789,1.4930362207222931,0.01176922423603593,6.0
2026-09-16 20:40:00,0.07639756,0.17971517006842677,1.1899999734014273,13.12999970652163,0.07372226054457229,1.1428928262583067,1.2166150868028789,1.472727817408167,0.01176922423603593,6.0
2026-09-16 20:50:00,0.07639756,0.1576391281099043,1.1899999734014273,13.12999970652163,0.07372226054457229,1.1428928262583067,1.2166150868028789,1.4506517754496446,0.01176922423603593,6.0
2026-09-16 21:00:00,0.07639756,0.1339379294826195,1.1799999736249447,12.959999710321426,0.07246135349851283,1.123345384184842,1.1958067376833548,1.4061422277028357,0.01176922423603593,6.0
2026-09-16 21:10:00,0.07639756,0.10877448713368029,1.1799999736249447,12.959999710321426,0.07246135349851283,1.123345384184842,1.1958067376833548,1.3809787853538964,0.01176922423603593,6.0
2026-09-16 21:20:00,0.07639756,0.08233160005908967,1.1799999736249447,12.959999710321426,0.07246135349851283,1.123345384184842,1.1958067376833548,1.3545358982793059,0.01176922423603593,6.0
2026-09-16 21:30:00,0.07639756,0.054810937100015396,1.1799999736249447,12.959999710321426,0.07246135349851283,1.123345384184842,1.1958067376833548,1.3270152353202316,0.01176922423603593,6.0
2026-09-16 21:40:00,0.07639756,0.02643159223078582,1.1799999736249447,12.959999710321426,0.07246135349851283,1.123345384184842,1.1958067376833548,1.298635890451002,0.01176922423603593,6.0
2026-09-16 21:50:00,0.07639756,-0.002571737781815024,1.1799999736249447,12.959999710321426,0.07246135349851283,1.123345384184842,1.1958067376833548,1.2696325604384011,0.01176922423603593,6.0
2026-09-16 22:00:00,0.07639756,-0.0319509009216851,1.1799999736249447,12.959999710321426,0.07246135349851283,1.123345384184842,1.1958067376833548,1.240253397298531,0.01176922423603593,6.0
2026-09-16 22:10:00,0.07639756,-0.061446714242709484,1.1799999736249447,12.959999710321426,0.07246135349851283,1.123345384184842,1.1958067376833548,1.2107575839775067,0.01176922423603593,6.0
2026-09-16 22:20:00,0.07639756,-0.09079162371037189,1.1799999736249447,12.959999710321426,0.07246135349851283,1.123345384184842,1.1958067376833548,1.1814126745098443,0.01176922423603593,6.0
2026-09-16 22:30:00,0.07639756,-0.11971256704103063,1.1799999736249447,12.959999710321426,0.07246135349851283,1.123345384184842,1.1958067376833548,1.1524917311791856,0.01176922423603593,6.0
2026-09-16 22:40:00,0.07639756,-0.14793401432984193,1.1799999736249447,12.959999710321426,0.07246135349851283,1.123345384184842,1.1958067376833548,1.1242702838903742,0.01176922423603593,6.0
2026-09-16 22:50:00,0.07639756,-0.1751811658277291,1.1799999736249447,12.959999710321426,0.07246135349851283,1.123345384184842,1.1958067376833548,1.097023132392487,0.01176922423603593,6.0
2026-09-16 23:00:00,0.07639756,-0.20118328605785857,1.1799999736249447,12.959999710321426,0.07246135349851283,1.123345384184842,1.1958067376833548,1.0710210121623576,0.01176922423603593,6.0
2026-09-16 23:10:00,0.07639756,-0.22567714824892393,1.1799999736249447,12.959999710321426,0.07246135349851283,1.123345384184842,1.1958067376833548,1.0465271499712923,0.01176922423603593,6.0
2026-09-16 23:20:00,0.07639756,-0.24841055283609778,1.1799999736249447,12.959999710321426,0.07246135349851283,1.123345384184842,1.1958067376833548,1.0237937453841184,0.01176922423603593,6.0
2026-09-16 23:30:00,0.07639756,-0.2691458693849789,1.1799999736249447,12.959999710321426,0.07246135349851283,1.123345384184842,1.1958067376833548,1.0030584288352373,0.01176922423603593,6.0
2026-09-16 23:40:00,0.07639756,-0.2876635350400015,1.1799999736249447,12.959999710321426,0.07246135349851283,1.123345384184842,1.1958067376833548,0.9845407631802148,0.01176922423603593,6.0
2026-09-16 23:50:00,0.07639756,-0.3037654259196239,1.1799999736249447,12.959999710321426,0.07246135349851283,1.123345384184842,1.1958067376833548,0.9684388723005923,0.01176922423603593,6.0
2026-09-17 00:00:00,0.06904975,-0.3172780043259622,1.149999974295497,12.849999712780118,0.07092714595445988,1.0995610511606346,1.1704881971150944,0.9222599460378238,0.01176922423603593,6.0
2026-09-17 00:10:00,0.06904975,-0.32805513562705374,1.149999974295497,12.849999712780118,0.07092714595445988,1.0995610511606346,1.1704881971150944,0.9114828147367322,0.01176922423603593,6.0
2026-09-17 00:20:00,0.06904975,-0.33598046715944724,1.149999974295497,12.849999712780118,0.07092714595445988,1.0995610511606346,1.1704881971150944,0.9035574832043387,0.01176922423603593,6.0
2026-09-17 00:30:00,0.06904975,-0.3409692681954347,1.149999974295497,12.849999712780118,0.07092714595445988,1.0995610511606346,1.1704881971150944,0.8985686821683513,0.01176922423603593,6.0
2026-09-17 00:40:00,0.06904975,-0.3429696457616466,1.149999974295497,12.849999712780118,0.07092714595445988,1.0995610511606346,1.1704881971150944,0.8965683046021393,0.01176922423603593,6.0
2026-09-17 00:50:00,0.06904975,-0.34196307533813025,1.149999974295497,12.849999712780118,0.07092714595445988,1.0995610511606346,1.1704881971150944,0.8975748750256558,0.01176922423603593,6.0
2026-09-17 01:00:00,0.06904975,-0.3379642164449014,1.149999974295497,12.849999712780118,0.07092714595445988,1.0995610511606346,1.1704881971150944,0.9015737339188846,0.01176922423603593,6.0
2026-09-17 01:10:00,0.06904975,-0.33102001896385774,1.149999974295497,12.849999712780118,0.07092714595445988,1.0995610511606346,1.1704881971150944,0.9085179313999283,0.01176922423603593,6.0
2026-09-17 01:20:00,0.06904975,-0.3212081631082013,1.149999974295497,12.849999712780118,0.07092714595445988,1.0995610511606346,1.1704881971150944,0.9183297872555847,0.01176922423603593,6.0
2026-09-17 01:30:00,0.06904975,-0.30863491157886797,1.149999974295497,12.849999712780118,0.07092714595445988,1.0995610511606346,1.1704881971150944,0.930903038784918,0.01176922423603593,6.0
2026-09-17 01:40:00,0.06904975,-0.2934324827089674,1.149999974295497,12.849999712780118,0.07092714595445988,1.0995610511606346,1.1704881971150944,0.9461054676548186,0.01176922423603593,6.0
2026-09-17 01:50:00,0.06904975,-0.2757560758877228,1.149999974295497,12.849999712780118,0.07092714595445988,1.0995610511606346,1.1704881971150944,0.9637818744760632,0.01176922423603593,6.0
2026-09-17 02:00:00,0.06904975,-0.25578069270985543,1.149999974295497,12.849999712780118,0.07092714595445988,1.0995610511606346,1.1704881971150944,0.9837572576539306,0.01176922423603593,6.0
2026-09-17 02:10:00,0.06904975,-0.2336978981219915,1.149999974295497,12.849999712780118,0.07092714595445988,1.0995610511606346,1.1704881971150944,1.0058400522417945,0.01176922423603593,6.0
2026-09-17 02:20:00,0.06904975,-0.20971265512241782,1.149999974295497,12.849999712780118,0.07092714595445988,1.0995610511606346,1.1704881971150944,1.0298252952413682,0.01176922423603593,6.0
2026-09-17 02:30:00,0.06904975,-0.18404034544239423,1.149999974295497,12.849999712780118,0.07092714595445988,1.0995610511606346,1.1704881971150944,1.0554976049213918,0.01176922423603593,6.0
2026-09-17 02:40:00,0.06904975,-0.15690405921454148,1.149999974295497,12.849999712780118,0.07092714595445988,1.0995610511606346,1.1704881971150944,1.0826338911492446,0.01176922423603593,6.0
2026-09-17 02:50:00,0.06904975,-0.12853220195970366,1.149999974295497,12.849999712780118,0.07092714595445988,1.0995610511606346,1.1704881971150944,1.1110057484040823,0.01176922423603593,6.0
2026-09-17 03:00:00,0.06904975,-0.09915643077093396,1.1199999749660492,12.689999716356397,0.06912435153572476,1.0716129009930855,1.1407372525288102,1.1106305750065677,0.01176922423603593,6.0
2026-09-17 03:10:00,0.06904975,-0.06900989719474694,1.1199999749660492,12.689999716356397,0.06912435153572476,1.0716129009930855,1.1407372525288102,1.1407771085827547,0.01176922423603593,6.0
2026-09-17 03:20:00,0.06904975,-0.03832574537569267,1.1199999749660492,12.689999716356397,0.06912435153572476,1.0716129009930855,1.1407372525288102,1.171461260401809,0.01176922423603593,6.0
2026-09-17 03:30:00,0.06904975,-0.0073357935769949026,1.1199999749660492,12.689999716356397,0.06912435153572476,1.0716129009930855,1.1407372525288102,1.2024512122005069,0.01176922423603593,6.0
2026-09-17 03:40:00,0.06904975,0.023730682877616215,1.1199999749660492,12.689999716356397,0.06912435153572476,1.0716129009930855,1.1407372525288102,1.233517688655118,0.01176922423603593,6.0
2026-09-17 03:50:00,0.06904975,0.05464814800934142,1.1199999749660492,12.689999716356397,0.06912435153572476,1.0716129009930855,1.1407372525288102,1.2644351537868432,0.01176922423603593,6.0
2026-09-17 04:00:00,0.06904975,0.0851960494868944,1.1199999749660492,12.689999716356397,0.06912435153572476,1.0716129009930855,1.1407372525288102,1.2949830552643962,0.01176922423603593,6.0
2026-09-17 04:10:00,0.06904975,0.11516015806848089,1.1199999749660492,12.689999716356397,0.06912435153572476,1.0716129009930855,1.1407372525288102,1.3249471638459827,0.01176922423603593,6.0
2026-09-17 04:20:00,0.06904975,0.14433402105160403,1.1199999749660492,12.689999716356397,0.06912435153572476,1.0716129009930855,1.1407372525288102,1.3541210268291057,0.01176922423603593,6.0
2026-09-17 04:30:00,0.06904975,0.17252051723890957,1.1199999749660492,12.689999716356397,0.06912435153572476,1.0716129009930855,1.1407372525288102,1.3823075230164112,0.01176922423603593,6.0
2026-09-17 04:40:00,0.06904975,0.19953346957167375,1.1199999749660492,12.689999716356397,0.06912435153572476,1.0716129009930855,1.1407372525288102,1.4093204753491755,0.01176922423603593,6.0
2026-09-17 04:50:00,0.06904975,0.22519924466966035,1.1199999749660492,12.689999716356397,0.06912435153572476,1.0716129009930855,1.1407372525288102,1.434986250447162,0.01176922423603593,6.0
2026-09-17 05:00:00,0.06904975,0.24935824878133717,1.1199999749660492,12.689999716356397,0.06912435153572476,1.0716129009930855,1.1407372525288102,1.4591452545588388,0.01176922423603593,6.0
2026-09-17 05:10:00,0.06904975,0.2718662200540095,1.1199999749660492,12.689999716356397,0.06912435153572476,1.0716129009930855,1.1407372525288102,1.4816532258315114,0.01176922423603593,6.0
2026-09-17 05:20:00,0.06904975,0.2925952187448159,1.1199999749660492,12.689999716356397,0.06912435153572476,1.0716129009930855,1.1407372525288102,1.5023822245223177,0.01176922423603593,6.0
2026-09-17 05:30:00,0.06904975,0.3114342303507372,1.1199999749660492,12.689999716356397,0.06912435153572476,1.0716129009930855,1.1407372525288102,1.521221236128239,0.01176922423603593,6.0
2026-09-17 05:40:00,0.06904975,0.3282893207434884,1.1199999749660492,12.689999716356397,0.06912435153572476,1.0716129009930855,1.1407372525288102,1.53807632652099,0.01176922423603593,6.0
2026-09-17 05:50:00,0.06904975,0.3430833146180547,1.1199999749660492,12.689999716356397,0.06912435153572476,1.0716129009930855,1.1407372525288102,1.5528703203955565,0.01176922423603593,6.0
2026-09-17 06:00:00,0.06904975,0.35575500639070895,1.0799999758601189,12.609999718144536,0.067450845981517,1.0456690750919373,1.1131199210734544,1.5379246807128548,0.01176922423603593,6.0
2026-09-17 06:10:00,0.06904975,0.3662579516692591,1.0799999758601189,12.609999718144536,0.067450845981517,1.0456690750919373,1.1131199210734544,1.5484276259914052,0.01176922423603593,6.0
2026-09-17 06:20:00,0.06904975,0.3745589242482135,1.0799999758601189,12.609999718144536,0.067450845981517,1.0456690750919373,1.1131199210734544,1.5567285985703594,0.01176922423603593,6.0
2026-09-17 06:30:00,0.06904975,0.380636153942964,1.0799999758601189,12.609999718144536,0.067450845981517,1.0456690750919373,1.1131199210734544,1.5628058282651098,0.01176922423603593,6.0
2026-09-17 06:40:00,0.06904975,0.38447748173162744,1.0799999758601189,12.609999718144536,0.067450845981517,1.0456690750919373,1.1131199210734544,1.5666471560537734,0.01176922423603593,6.0
2026-09-17 06:50:00,0.06904975,0.3860785780860752,1.0799999758601189,12.609999718144536,0.067450845981517,1.0456690750919373,1.1131199210734544,1.568248252408221,0.01176922423603593,6.0
2026-09-17 07:00:00,0.06904975,0.38544136709132426,1.0799999758601189,12.609999718144536,0.067450845981517,1.0456690750919373,1.1131199210734544,1.5676110414134703,0.01176922423603593,6.0
2026-09-17 07:10:00,0.06904975,0.3825727832538714,1.0799999758601189,12.609999718144536,0.067450845981517,1.0456690750919373,1.1131199210734544,1.5647424575760174,0.01176922423603593,6.0
2026-09-17 07:20:00,0.06904975,0.377483960863853,1.0799999758601189,12.609999718144536,0.067450845981517,1.0456690750919373,1.1131199210734544,1.5596536351859989,0.01176922423603593,6.0
2026-09-17 07:30:00,0.06904975,0.37018992042933657,1.0799999758601189,12.609999718144536,0.067450845981517,1.0456690750919373,1.1131199210734544,1.5523595947514826,0.01176922423603593,6.0
2026-09-17 07:40:00,0.06904975,0.36070977577060875,1.0799999758601189,12.609999718144536,0.067450845981517,1.0456690750919373,1.1131199210734544,1.5428794500927547,0.01176922423603593,6.0
2026-09-17 07:50:00,0.06904975,0.34906744315220417,1.0799999758601189,12.609999718144536,0.067450845981517,1.0456690750919373,1.1131199210734544,1.5312371174743502,0.01176922423603593,6.0
2026-09-17 08:00:00,0.06904975,0.3352927937730815,1.0799999758601189,12.609999718144536,0.067450845981517,1.0456690750919373,1.1131199210734544,1.5174624680952276,0.01176922423603593,6.0
2026-09-17 08:10:00,0.06904975,0.31942315682662215,1.0799999758601189,12.609999718144536,0.067450845981517,1.0456690750919373,1.1131199210734544,1.501592831148768,0.01176922423603593,6.0
2026-09-17 08:20:00,0.06904975,0.3015050548428433,1.0799999758601189,12.609999718144536,0.067450845981517,1.0456690750919373,1.1131199210734544,1.4836747291649892,0.01176922423603593,6.0
2026-09-17 08:30:00,0.06904975,0.2815960381275798,1.0799999758601189,12.609999718144536,0.067450845981517,1.0456690750919373,1.1131199210734544,1.4637657124497256,0.01176922423603593,6.0
2026-09-17 08:40:00,0.06904975,0.2597664815592788,1.0799999758601189,12.609999718144536,0.067450845981517,1.0456690750919373,1.1131199210734544,1.4419361558814248,0.01176922423603593,6.0
2026-09-17 08:50:00,0.06904975,0.23610121442020235,1.0799999758601189,12.609999718144536,0.067450845981517,1.0456690750919373,1.1131199210734544,1.4182708887423483,0.01176922423603593,6.0
2026-09-17 09:00:00,0.06904975,0.21070087090766904,1.0599999763071537,12.419999722391367,0.06581652752268848,1.0203327543033558,1.0861492818260443,1.3658999059824048,0.01176922423603593,6.0
2026-09-17 09:10:00,0.06904975,0.1836828731885645,1.0599999763071537,12.419999722391367,0.06581652752268848,1.0203327543033558,1.0861492818260443,1.3388819082633003,0.01176922423603593,6.0
2026-09-17 09:20:00,0.06904975,0.1551819874260261,1.0599999763071537,12.419999722391367,0.06581652752268848,1.0203327543033558,1.0861492818260443,1.310381022500762,0.01176922423603593,6.0
2026-09-17 09:30:00,0.06904975,0.12535042304936017,1.0599999763071537,12.419999722391367,0.06581652752268848,1.0203327543033558,1.0861492818260443,1.2805494581240962,0.01176922423603593,6.0
2026-09-17 09:40:00,0.06904975,0.09435747358682654,1.0599999763071537,12.419999722391367,0.06581652752268848,1.0203327543033558,1.0861492818260443,1.2495565086615623,0.01176922423603593,6.0
2026-09-17 09:50:00,0.06904975,0.06238872116109552,1.0599999763071537,12.419999722391367,0.06581652752268848,1.0203327543033558,1.0861492818260443,1.2175877562358313,0.01176922423603593,6.0
2026-09-17 10:00:00,0.06904975,0.029644844364725795,1.0599999763071537,12.419999722391367,0.06581652752268848,1.0203327543033558,1.0861492818260443,1.1848438794394616,0.01176922423603593,6.0
2026-09-17 10:10:00,0.06904975,-0.003659920278558717,1.0599999763071537,12.419999722391367,0.06581652752268848,1.0203327543033558,1.0861492818260443,1.151539114796177,0.01176922423603593,6.0
2026-09-17 10:20:00,0.06904975,-0.03729960956814364,1.0599999763071537,12.419999722391367,0.06581652752268848,1.0203327543033558,1.0861492818260443,1.1178994255065922,0.01176922423603593,6.0
2026-09-17 10:30:00,0.06904975,-0.07103860678315141,1.0599999763071537,12.419999722391367,0.06581652752268848,1.0203327543033558,1.0861492818260443,1.0841604282915844,0.01176922423603593,6.0
2026-09-17 10:40:00,0.06904975,-0.10463391310337096,1.0599999763071537,12.419999722391367,0.06581652752268848,1.0203327543033558,1.0861492818260443,1.050565121971365,0.01176922423603593,6.0
2026-09-17 10:50:00,0.06904975,-0.13783758351063172,1.0599999763071537,12.419999722391367,0.06581652752268848,1.0203327543033558,1.0861492818260443,1.017361451564104,0.01176922423603593,6.0
2026-09-17 11:00:00,0.06904975,-0.17039930305526751,1.0599999763071537,12.419999722391367,0.06581652752268848,1.0203327543033558,1.0861492818260443,0.9847997320194684,0.01176922423603593,6.0
2026-09-17 11:10:00,0.06904975,-0.2020690870696132,1.0599999763071537,12.419999722391367,0.06581652752268848,1.0203327543033558,1.0861492818260443,0.9531299480051226,0.01176922423603593,6.0
2026-09-17 11:20:00,0.06904975,-0.23260009250428074,1.0599999763071537,12.419999722391367,0.06581652752268848,1.0203327543033558,1.0861492818260443,0.9225989425704552,0.01176922423603593,6.0
2026-09-17 11:30:00,0.06904975,-0.2617515261494574,1.0599999763071537,12.419999722391367,0.06581652752268848,1.0203327543033558,1.0861492818260443,0.8934475089252785,0.01176922423603593,6.0
2026-09-17 11:40:00,0.06904975,-0.2892916286471501,1.0599999763071537,12.419999722391367,0.06581652752268848,1.0203327543033558,1.0861492818260443,0.8659074064275858,0.01176922423603593,6.0
2026-09-17 11:50:00,0.06904975,-0.3150007014289736,1.0599999763071537,12.419999722391367,0.06581652752268848,1.0203327543033558,1.0861492818260443,0.8401983336457624,0.01176922423603593,6.0
2026-09-17 12:00:00,0.06904975,-0.3386741286719201,1.0399999767541885,11.989999732002616,0.06293558732808022,0.9756704520763875,1.0386060394044676,0.768981663981239,0.01176922423603593,6.0
2026-09-17 12:10:00,0.06904975,-0.3601253295543606,1.0399999767541885,11.989999732002616,0.06293558732808022,0.9756704520763875,1.0386060394044676,0.7475304630987986,0.01176922423603593,6.0
2026-09-17 12:20:00,0.06904975,-0.3791885606521148,1.0399999767541885,11.989999732002616,0.06293558732808022,0.9756704520763875,1.0386060394044676,0.7284672320010444,0.01176922423603593,6.0
2026-09-17 12:30:00,0.06904975,-0.3957214760763635,1.0399999767541885,11.989999732002616,0.06293558732808022,0.9756704520763875,1.0386060394044676,0.7119343165767957,0.01176922423603593,6.0
2026-09-17 12:40:00,0.06904975,-0.40960734680458066,1.0399999767541885,11.989999732002616,0.06293558732808022,0.9756704520763875,1.0386060394044676,0.6980484458485785,0.01176922423603593,6.0
2026-09-17 12:50:00,0.06904975,-0.4207568419555859,1.0399999767541885,11.989999732002616,0.06293558732808022,0.9756704520763875,1.0386060394044676,0.6868989506975733,0.01176922423603593,6.0
2026-09-17 13:00:00,0.06904975,-0.4291092847333035,1.0399999767541885,11.989999732002616,0.06293558732808022,0.9756704520763875,1.0386060394044676,0.6785465079198556,0.01176922423603593,6.0
2026-09-17 13:10:00,0.06904975,-0.434633314424199,1.0399999767541885,11.989999732002616,0.06293558732808022,0.9756704520763875,1.0386060394044676,0.6730224782289602,0.01176922423603593,6.0
2026-09-17 13:20:00,0.06904975,-0.43732691204843255,1.0399999767541885,11.989999732002616,0.06293558732808022,0.9756704520763875,1.0386060394044676,0.6703288806047266,0.01176922423603593,6.0
2026-09-17 13:30:00,0.06904975,-0.4372167794829444,1.0399999767541885,11.989999732002616,0.06293558732808022,0.9756704520763875,1.0386060394044676,0.6704390131702147,0.01176922423603593,6.0
2026-09-17 13:40:00,0.06904975,-0.43435709696444597,1.0399999767541885,11.989999732002616,0.06293558732808022,0.9756704520763875,1.0386060394044676,0.6732986956887133,0.01176922423603593,6.0
2026-09-17 13:50:00,0.06904975,-0.4288277191828453,1.0399999767541885,11.989999732002616,0.06293558732808022,0.9756704520763875,1.0386060394044676,0.6788280734703138,0.01176922423603593,6.0
2026-09-17 14:00:00,0.06904975,-0.4207319019245905,1.0399999767541885,11.989999732002616,0.06293558732808022,0.9756704520763875,1.0386060394044676,0.6869238907285686,0.01176922423603593,6.0
2026-09-17 14:10:00,0.06904975,-0.41019367663931017,1.0399999767541885,11.989999732002616,0.06293558732808022,0.9756704520763875,1.0386060394044676,0.697462116013849,0.01176922423603593,6.0
2026-09-17 14:20:00,0.06904975,-0.39735500655969136,1.0399999767541885,11.989999732002616,0.06293558732808022,0.9756704520763875,1.0386060394044676,0.7103007860934678,0.01176922423603593,6.0
2026-09-17 14:30:00,0.06904975,-0.3823728635708341,1.0399999767541885,11.989999732002616,0.06293558732808022,0.9756704520763875,1.0386060394044676,0.7252829290823251,0.01176922423603593,6.0
2026-09-17 14:40:00,0.06904975,-0.3654163591208166,1.0399999767541885,11.989999732002616,0.06293558732808022,0.9756704520763875,1.0386060394044676,0.7422394335323426,0.01176922423603593,6.0
2026-09-17 14:50:00,0.06904975,-0.34666404563789344,1.0399999767541885,11.989999732002616,0.06293558732808022,0.9756704520763875,1.0386060394044676,0.7609917470152657,0.01176922423603593,6.0
2026-09-17 15:00:00,0.06904975,-0.3263014787860306,1.0599999763071537,11.829999735578895,0.06268997750349473,0.9718628408541625,1.0345528183576573,0.7773010928203183,0.01176922423603593,6.0
2026-09-17 15:10:00,0.06904975,-0.30451909806902827,1.0599999763071537,11.829999735578895,0.06268997750349473,0.9718628408541625,1.0345528183576573,0.7990834735373207,0.01176922423603593,6.0
2026-09-17 15:20:00,0.06904975,-0.28151044706448547,1.0599999763071537,11.829999735578895,0.06268997750349473,0.9718628408541625,1.0345528183576573,0.8220921245418634,0.01176922423603593,6.0
2026-09-17 15:30:00,0.06904975,-0.25747071868784976,1.0599999763071537,11.829999735578895,0.06268997750349473,0.9718628408541625,1.0345528183576573,0.8461318529184991,0.01176922423603593,6.0
2026-09-17 15:40:00,0.06904975,-0.23259557894107866,1.0599999763071537,11.829999735578895,0.06268997750349473,0.9718628408541625,1.0345528183576573,0.8710069926652703,0.01176922423603593,6.0
2026-09-17 15:50:00,0.06904975,-0.20708019792844357,1.0599999763071537,11.829999735578895,0.06268997750349473,0.9718628408541625,1.0345528183576573,0.8965223736779053,0.01176922423603593,6.0
2026-09-17 16:00:00,0.06904975,-0.18111840196795073,1.0599999763071537,11.829999735578895,0.06268997750349473,0.9718628408541625,1.0345528183576573,0.9224841696383982,0.01176922423603593,6.0
2026-09-17 16:10:00,0.06904975,-0.15490185681905325,1.0599999763071537,11.829999735578895,0.06268997750349473,0.9718628408541625,1.0345528183576573,0.9487007147872957,0.01176922423603593,6.0
2026-09-17 16:20:00,0.06904975,-0.1286191997371802,1.0599999763071537,11.829999735578895,0.06268997750349473,0.9718628408541625,1.0345528183576573,0.9749833718691687,0.01176922423603593,6.0
2026-09-17 16:30:00,0.06904975,-0.10245505608762151,1.0599999763071537,11.829999735578895,0.06268997750349473,0.9718628408541625,1.0345528183576573,1.0011475155187273,0.01176922423603593,6.0
2026-09-17 16:40:00,0.06904975,-0.07658890271010824,1.0599999763071537,11.829999735578895,0.06268997750349473,0.9718628408541625,1.0345528183576573,1.0270136688962406,0.01176922423603593,6.0
2026-09-17 16:50:00,0.06904975,-0.051193771771844636,1.0599999763071537,11.829999735578895,0.06268997750349473,0.9718628408541625,1.0345528183576573,1.0524087998345042,0.01176922423603593,6.0
2026-09-17 17:00:00,0.06904975,-0.026434822233512116,1.0599999763071537,11.829999735578895,0.06268997750349473,0.9718628408541625,1.0345528183576573,1.0771677493728369,0.01176922423603593,6.0
2026-09-17 17:10:00,0.06904975,-0.0024678369961154984,1.0599999763071537,11.829999735578895,0.06268997750349473,0.9718628408541625,1.0345528183576573,1.1011347346102334,0.01176922423603593,6.0
2026-09-17 17:20:00,0.06904975,0.020562270915254234,1.0599999763071537,11.829999735578895,0.06268997750349473,0.9718628408541625,1.0345528183576573,1.124164842521603,0.01176922423603593,6.0
2026-09-17 17:30:00,0.06904975,0.04252284342313604,1.0599999763071537,11.829999735578895,0.06268997750349473,0.9718628408541625,1.0345528183576573,1.1461254150294848,0.01176922423603593,6.0
2026-09-17 17:40:00,0.06904975,0.06329464862908427,1.0599999763071537,11.829999735578895,0.06268997750349473,0.9718628408541625,1.0345528183576573,1.166897220235433,0.01176922423603593,6.0
2026-09-17 17:50:00,0.06904975,0.0827727394678624,1.0599999763071537,11.829999735578895,0.06268997750349473,0.9718628408541625,1.0345528183576573,1.1863753110742112,0.01176922423603593,6.0
2026-09-17 18:00:00,0.06904975,0.10086691904433001,1.0699999760836363,11.669999739155173,0.06213312278447341,0.9632300987361591,1.0253632215206325,1.1952798938136542,0.01176922423603593,6.0
2026-09-17 18:10:00,0.06904975,0.11750175964885888,1.0699999760836363,11.669999739155173,0.06213312278447341,0.9632300987361591,1.0253632215206325,1.2119147344181829,0.01176922423603593,6.0
2026-09-17 18:20:00,0.06904975,0.132616157577358,1.0699999760836363,11.669999739155173,0.06213312278447341,0.9632300987361591,1.0253632215206325,1.227029132346682,0.01176922423603593,6.0
2026-09-17 18:30:00,0.06904975,0.14616244458157432,1.0699999760836363,11.669999739155173,0.06213312278447341,0.9632300987361591,1.0253632215206325,1.2405754193508984,0.01176922423603593,6.0
2026-09-17 18:40:00,0.06904975,0.15810511550131057,1.0699999760836363,11.669999739155173,0.06213312278447341,0.9632300987361591,1.0253632215206325,1.2525180902706348,0.01176922423603593,6.0
2026-09-17 18:50:00,0.06904975,0.16841926612722563,1.0699999760836363,11.669999739155173,0.06213312278447341,0.9632300987361591,1.0253632215206325,1.2628322408965498,0.01176922423603593,6.0
2026-09-17 19:00:00,0.06904975,0.17708886228937268,1.0699999760836363,11.669999739155173,0.06213312278447341,0.9632300987361591,1.0253632215206325,1.2715018370586968,0.01176922423603593,6.0
2026-09-17 19:10:00,0.06904975,0.1841049777350058,1.0699999760836363,11.669999739155173,0.06213312278447341,0.9632300987361591,1.0253632215206325,1.27851795250433,0.01176922423603593,6.0
2026-09-17 19:20:00,0.06904975,0.18946414269001652,1.0699999760836363,11.669999739155173,0.06213312278447341,0.9632300987361591,1.0253632215206325,1.2838771174593406,0.01176922423603593,6.0
2026-09-17 19:30:00,0.06904975,0.19316693680400268,1.0699999760836363,11.669999739155173,0.06213312278447341,0.9632300987361591,1.0253632215206325,1.2875799115733266,0.01176922423603593,6.0
2026-09-17 19:40:00,0.06904975,0.195216939969981,1.0699999760836363,11.669999739155173,0.06213312278447341,0.9632300987361591,1.0253632215206325,1.289629914739305,0.01176922423603593,6.0
2026-09-17 19:50:00,0.06904975,0.19562012440031093,1.0699999760836363,11.669999739155173,0.06213312278447341,0.9632300987361591,1.0253632215206325,1.290033099169635,0.01176922423603593,6.0
2026-09-17 20:00:00,0.06904975,0.1943847340864977,1.0699999760836363,11.669999739155173,0.06213312278447341,0.9632300987361591,1.0253632215206325,1.2887977088558218,0.01176922423603593,6.0
2026-09-17 20:10:00,0.06904975,0.19152165702905297,1.0699999760836363,11.669999739155173,0.06213312278447341,0.9632300987361591,1.0253632215206325,1.285934631798377,0.01176922423603593,6.0
2026-09-17 20:20:00,0.06904975,0.1870452550852759,1.0699999760836363,11.669999739155173,0.06213312278447341,0.9632300987361591,1.0253632215206325,1.2814582298546,0.01176922423603593,6.0
2026-09-17 20:30:00,0.06904975,0.18097457975365608,1.0699999760836363,11.669999739155173,0.06213312278447341,0.9632300987361591,1.0253632215206325,1.2753875545229802,0.01176922423603593,6.0
2026-09-17 20:40:00,0.06904975,0.1733348728504573,1.0699999760836363,11.669999739155173,0.06213312278447341,0.9632300987361591,1.0253632215206325,1.2677478476197814,0.01176922423603593,6.0
2026-09-17 20:50:00,0.06904975,0.16415923118055717,1.0699999760836363,11.669999739155173,0.06213312278447341,0.9632300987361591,1.0253632215206325,1.2585722059498812,0.01176922423603593,6.0
2026-09-17 21:00:00,0.06904975,0.15349030540389905,1.0499999765306711,11.609999740496278,0.06123324935933888,0.9492796463961234,1.0105128957554623,1.2330529544080528,0.01176922423603593,6.0
2026-09-17 21:10:00,0.06904975,0.1413819054549564,1.0499999765306711,11.609999740496278,0.06123324935933888,0.9492796463961234,1.0105128957554623,1.2209445544591102,0.01176922423603593,6.0
2026-09-17 21:20:00,0.06904975,0.12790039727024272,1.0499999765306711,11.609999740496278,0.06123324935933888,0.9492796463961234,1.0105128957554623,1.2074630462743965,0.01176922423603593,6.0
2026-09-17 21:30:00,0.06904975,0.11312579626071925,1.0499999765306711,11.609999740496278,0.06123324935933888,0.9492796463961234,1.0105128957554623,1.1926884452648732,0.01176922423603593,6.0
2026-09-17 21:40:00,0.06904975,0.09715248936347433,1.0499999765306711,11.609999740496278,0.06123324935933888,0.9492796463961234,1.0105128957554623,1.1767151383676282,0.01176922423603593,6.0
2026-09-17 21:50:00,0.06904975,0.08008954655886377,1.0499999765306711,11.609999740496278,0.06123324935933888,0.9492796463961234,1.0105128957554623,1.1596521955630177,0.01176922423603593,6.0
2026-09-17 22:00:00,0.06904975,0.06206061137555571,1.0499999765306711,11.609999740496278,0.06123324935933888,0.9492796463961234,1.0105128957554623,1.1416232603797096,0.01176922423603593,6.0
2026-09-17 22:10:00,0.06904975,0.04320338529116294,1.0499999765306711,11.609999740496278,0.06123324935933888,0.9492796463961234,1.0105128957554623,1.1227660342953167,0.01176922423603593,6.0
2026-09-17 22:20:00,0.06904975,0.023668740889402077,1.0499999765306711,11.609999740496278,0.06123324935933888,0.9492796463961234,1.0105128957554623,1.103231389893556,0.01176922423603593,6.0
2026-09-17 22:30:00,0.06904975,0.003619511717960395,1.0499999765306711,11.609999740496278,0.06123324935933888,0.9492796463961234,1.0105128957554623,1.0831821607221144,0.01176922423603593,6.0
2026-09-17 22:40:00,0.06904975,-0.016770987416051496,1.0499999765306711,11.609999740496278,0.06123324935933888,0.9492796463961234,1.0105128957554623,1.0627916615881023,0.01176922423603593,6.0
2026-09-17 22:50:00,0.06904975,-0.03732065707045812,1.0499999765306711,11.609999740496278,0.06123324935933888,0.9492796463961234,1.0105128957554623,1.0422419919336958,0.01176922423603593,6.0
2026-09-17 23:00:00,0.06904975,-0.05784048059185298,1.0499999765306711,11.609999740496278,0.06123324935933888,0.9492796463961234,1.0105128957554623,1.021722168412301,0.01176922423603593,6.0
2026-09-17 23:10:00,0.06904975,-0.0781365263968645,1.0499999765306711,11.609999740496278,0.06123324935933888,0.9492796463961234,1.0105128957554623,1.0014261226072894,0.01176922423603593,6.0
2026-09-17 23:20:00,0.06904975,-0.09801206049774036,1.0499999765306711,11.609999740496278,0.06123324935933888,0.9492796463961234,1.0105128957554623,0.9815505885064135,0.01176922423603593,6.0
2026-09-17 23:30:00,0.06904975,-0.11726975488979127,1.0499999765306711,11.609999740496278,0.06123324935933888,0.9492796463961234,1.0105128957554623,0.9622928941143626,0.01176922423603593,6.0
2026-09-17 23:40:00,0.06904975,-0.13571398447500735,1.0499999765306711,11.609999740496278,0.06123324935933888,0.9492796463961234,1.0105128957554623,0.9438486645291465,0.01176922423603593,6.0
2026-09-17 23:50:00,0.06904975,-0.15315320739041943,1.0499999765306711,11.609999740496278,0.06123324935933888,0.9492796463961234,1.0105128957554623,0.9264094416137345,0.01176922423603593,6.0
2026-09-18 00:00:00,0.048333645,-0.1694024203796347,1.029999976977706,11.479999743402004,0.05996818948578218,0.9296678243549227,0.9896360138407049,0.8685672383280135,0.01176922423603593,6.0
2026-09-18 00:10:00,0.048333645,-0.18428567205678817,1.029999976977706,11.479999743402004,0.05996818948578218,0.9296678243549227,0.9896360138407049,0.8536839866508601,0.01176922423603593,6.0
2026-09-18 00:20:00,0.048333645,-0.1976386036426974,1.029999976977706,11.479999743402004,0.05996818948578218,0.9296678243549227,0.9896360138407049,0.8403310550649509,0.01176922423603593,6.0
2026-09-18 00:30:00,0.048333645,-0.2093109706886699,1.029999976977706,11.479999743402004,0.05996818948578218,0.9296678243549227,0.9896360138407049,0.8286586880189784,0.01176922423603593,6.0
2026-09-18 00:40:00,0.048333645,-0.21916908267144602,1.029999976977706,11.479999743402004,0.05996818948578218,0.9296678243549227,0.9896360138407049,0.8188005760362023,0.01176922423603593,6.0
2026-09-18 00:50:00,0.048333645,-0.22709808266104672,1.029999976977706,11.479999743402004,0.05996818948578218,0.9296678243549227,0.9896360138407049,0.8108715760466015,0.01176922423603593,6.0
2026-09-18 01:00:00,0.048333645,-0.23300397907935902,1.029999976977706,11.479999743402004,0.05996818948578218,0.9296678243549227,0.9896360138407049,0.8049656796282892,0.01176922423603593,6.0
2026-09-18 01:10:00,0.048333645,-0.23681533791312429,1.029999976977706,11.479999743402004,0.05996818948578218,0.9296678243549227,0.9896360138407049,0.801154320794524,0.01176922423603593,6.0
2026-09-18 01:20:00,0.048333645,-0.23848454808288036,1.029999976977706,11.479999743402004,0.05996818948578218,0.9296678243549227,0.9896360138407049,0.7994851106247679,0.01176922423603593,6.0
2026-09-18 01:30:00,0.048333645,-0.23798858566141465,1.029999976977706,11.479999743402004,0.05996818948578218,0.9296678243549227,0.9896360138407049,0.7999810730462336,0.01176922423603593,6.0
2026-09-18 01:40:00,0.048333645,-0.23532922371109535,1.029999976977706,11.479999743402004,0.05996818948578218,0.9296678243549227,0.9896360138407049,0.8026404349965529,0.01176922423603593,6.0
2026-09-18 01:50:00,0.048333645,-0.23053266250616497,1.029999976977706,11.479999743402004,0.05996818948578218,0.9296678243549227,0.9896360138407049,0.8074369962014832,0.01176922423603593,6.0
2026-09-18 02:00:00,0.048333645,-0.22364858733109458,1.029999976977706,11.479999743402004,0.05996818948578218,0.9296678243549227,0.9896360138407049,0.8143210713765536,0.01176922423603593,6.0
2026-09-18 02:10:00,0.048333645,-0.21474869522463166,1.029999976977706,11.479999743402004,0.05996818948578218,0.9296678243549227,0.9896360138407049,0.8232209634830165,0.01176922423603593,6.0
2026-09-18 02:20:00,0.048333645,-0.20392476454179284,1.029999976977706,11.479999743402004,0.05996818948578218,0.9296678243549227,0.9896360138407049,0.8340448941658554,0.01176922423603593,6.0
2026-09-18 02:30:00,0.048333645,-0.1912863689218793,1.029999976977706,11.479999743402004,0.05996818948578218,0.9296678243549227,0.9896360138407049,0.8466832897857689,0.01176922423603593,6.0
2026-09-18 02:40:00,0.048333645,-0.176958357277125,1.029999976977706,11.479999743402004,0.05996818948578218,0.9296678243549227,0.9896360138407049,0.8610113014305232,0.01176922423603593,6.0
2026-09-18 02:50:00,0.048333645,-0.16107823155775353,1.029999976977706,11.479999743402004,0.05996818948578218,0.9296678243549227,0.9896360138407049,0.8768914271498947,0.01176922423603593,6.0
2026-09-18 03:00:00,0.048333645,-0.14379355316989545,1.0099999774247408,11.379999745637178,0.05886584542372744,0.9125785339386433,0.9714443793623707,0.8759844710594187,0.01176922423603593,6.0
2026-09-18 03:10:00,0.048333645,-0.12525949686406793,1.0099999774247408,11.379999745637178,0.05886584542372744,0.9125785339386433,0.9714443793623707,0.8945185273652462,0.01176922423603593,6.0
2026-09-18 03:20:00,0.048333645,-0.10563664879412744,1.0099999774247408,11.379999745637178,0.05886584542372744,0.9125785339386433,0.9714443793623707,0.9141413754351866,0.01176922423603593,6.0
2026-09-18 03:30:00,0.048333645,-0.08508911537473328,1.0099999774247408,11.379999745637178,0.05886584542372744,0.9125785339386433,0.9714443793623707,0.9346889088545808,0.01176922423603593,6.0
2026-09-18 03:40:00,0.048333645,-0.063782974533785,1.0099999774247408,11.379999745637178,0.05886584542372744,0.9125785339386433,0.9714443793623707,0.9559950496955291,0.01176922423603593,6.0
2026-09-18 03:50:00,0.048333645,-0.04188506452618143,1.0099999774247408,11.379999745637178,0.05886584542372744,0.9125785339386433,0.9714443793623707,0.9778929597031326,0.01176922423603593,6.0
2026-09-18 04:00:00,0.048333645,-0.019562071348343174,1.0099999774247408,11.379999745637178,0.05886584542372744,0.9125785339386433,0.9714443793623707,1.0002159528809709,0.01176922423603593,6.0
2026-09-18 04:10:00,0.048333645,0.0030201525090009043,1.0099999774247408,11.379999745637178,0.05886584542372744,0.9125785339386433,0.9714443793623707,1.022798176738315,0.01176922423603593,6.0
2026-09-18 04:20:00,0.048333645,0.025697124784007853,1.0099999774247408,11.379999745637178,0.05886584542372744,0.9125785339386433,0.9714443793623707,1.0454751490133218,0.01176922423603593,6.0
2026-09-18 04:30:00,0.048333645,0.04830622130257607,1.0099999774247408,11.379999745637178,0.05886584542372744,0.9125785339386433,0.9714443793623707,1.0680842455318902,0.01176922423603593,6.0
2026-09-18 04:40:00,0.048333645,0.07068720784798499,1.0099999774247408,11.379999745637178,0.05886584542372744,0.9125785339386433,0.9714443793623707,1.0904652320772992,0.01176922423603593,6.0
2026-09-18 04:50:00,0.048333645,0.09268289492475526,1.0099999774247408,11.379999745637178,0.05886584542372744,0.9125785339386433,0.9714443793623707,1.1124609191540693,0.01176922423603593,6.0
2026-09-18 05:00:00,0.048333645,0.11413997068776344,1.0099999774247408,11.379999745637178,0.05886584542372744,0.9125785339386433,0.9714443793623707,1.1339179949170775,0.01176922423603593,6.0
2026-09-18 05:10:00,0.048333645,0.13491003670385307,1.0099999774247408,11.379999745637178,0.05886584542372744,0.9125785339386433,0.9714443793623707,1.1546880609331671,0.01176922423603593,6.0
2026-09-18 05:20:00,0.048333645,0.1548508370073578,1.0099999774247408,11.379999745637178,0.05886584542372744,0.9125785339386433,0.9714443793623707,1.174628861236672,0.01176922423603593,6.0
2026-09-18 05:30:00,0.048333645,0.1738276369566023,1.0099999774247408,11.379999745637178,0.05886584542372744,0.9125785339386433,0.9714443793623707,1.1936056611859165,0.01176922423603593,6.0
2026-09-18 05:40:00,0.048333645,0.19171467854930244,1.0099999774247408,11.379999745637178,0.05886584542372744,0.9125785339386433,0.9714443793623707,1.2114927027786164,0.01176922423603593,6.0
2026-09-18 05:50:00,0.048333645,0.20839661638572818,1.0099999774247408,11.379999745637178,0.05886584542372744,0.9125785339386433,0.9714443793623707,1.2281746406150422,0.01176922423603593,6.0
2026-09-18 06:00:00,0.048333645,0.22376982624010022,0.979999978095293,11.239999748766422,0.057271661929722995,0.8878644127820422,0.9451360747117652,1.2172395458188088,0.01176922423603593,6.0
2026-09-18 06:10:00,0.048333645,0.2377434775648465,0.979999978095293,11.239999748766422,0.057271661929722995,0.8878644127820422,0.9451360747117652,1.2312131971435551,0.01176922423603593,6.0
2026-09-18 06:20:00,0.048333645,0.2502402726728025,0.979999978095293,11.239999748766422,0.057271661929722995,0.8878644127820422,0.9451360747117652,1.2437099922515111,0.01176922423603593,6.0
2026-09-18 06:30:00,0.048333645,0.26119677789237616,0.979999978095293,11.239999748766422,0.057271661929722995,0.8878644127820422,0.9451360747117652,1.2546664974710846,0.01176922423603593,6.0
2026-09-18 06:40:00,0.048333645,0.2705633034055918,0.979999978095293,11.239999748766422,0.057271661929722995,0.8878644127820422,0.9451360747117652,1.2640330229843004,0.01176922423603593,6.0
2026-09-18 06:50:00,0.048333645,0.2783033258343477,0.979999978095293,11.239999748766422,0.057271661929722995,0.8878644127820422,0.9451360747117652,1.2717730454130562,0.01176922423603593,6.0
2026-09-18 07:00:00,0.048333645,0.28439248706280196,0.979999978095293,11.239999748766422,0.057271661929722995,0.8878644127820422,0.9451360747117652,1.2778622066415104,0.01176922423603593,6.0
2026-09-18 07:10:00,0.048333645,0.28881724042701157,0.979999978095293,11.239999748766422,0.057271661929722995,0.8878644127820422,0.9451360747117652,1.28228696000572,0.01176922423603593,6.0
2026-09-18 07:20:00,0.048333645,0.2915732472947464,0.979999978095293,11.239999748766422,0.057271661929722995,0.8878644127820422,0.9451360747117652,1.2850429668734549,0.01176922423603593,6.0
2026-09-18 07:30:00,0.048333645,0.2926636501596758,0.979999978095293,11.239999748766422,0.057271661929722995,0.8878644127820422,0.9451360747117652,1.2861333697383843,0.01176922423603593,6.0
2026-09-18 07:40:00,0.048333645,0.2920973601506713,0.979999978095293,11.239999748766422,0.057271661929722995,0.8878644127820422,0.9451360747117652,1.28556707972938,0.01176922423603593,6.0
2026-09-18 07:50:00,0.048333645,0.2898874962387226,0.979999978095293,11.239999748766422,0.057271661929722995,0.8878644127820422,0.9451360747117652,1.2833572158174311,0.01176922423603593,6.0
2026-09-18 08:00:00,0.048333645,0.2860501004555424,0.979999978095293,11.239999748766422,0.057271661929722995,0.8878644127820422,0.9451360747117652,1.279519820034251,0.01176922423603593,6.0
2026-09-18 08:10:00,0.048333645,0.2806032293133564,0.979999978095293,11.239999748766422,0.057271661929722995,0.8878644127820422,0.9451360747117652,1.274072948892065,0.01176922423603593,6.0
2026-09-18 08:20:00,0.048333645,0.2735664888847294,0.979999978095293,11.239999748766422,0.057271661929722995,0.8878644127820422,0.9451360747117652,1.267036208463438,0.01176922423603593,6.0
2026-09-18 08:30:00,0.048333645,0.2649610426860843,0.979999978095293,11.239999748766422,0.057271661929722995,0.8878644127820422,0.9451360747117652,1.2584307622647928,0.01176922423603593,6.0
2026-09-18 08:40:00,0.048333645,0.25481008146587825,0.979999978095293,11.239999748766422,0.057271661929722995,0.8878644127820422,0.9451360747117652,1.2482798010445868,0.01176922423603593,6.0
2026-09-18 08:50:00,0.048333645,0.24313970585782244,0.979999978095293,11.239999748766422,0.057271661929722995,0.8878644127820422,0.9451360747117652,1.236609425436531,0.01176922423603593,6.0
2026-09-18 09:00:00,0.048333645,0.229980140214336,0.9499999787658453,11.059999752789736,0.05548522689684162,0.8601698769854594,0.9156551038823011,1.1939688889635804,0.01176922423603593,6.0
2026-09-18 09:10:00,0.048333645,0.21536717151146548,0.9499999787658453,11.059999752789736,0.05548522689684162,0.8601698769854594,0.9156551038823011,1.17935592026071,0.01176922423603593,6.0
2026-09-18 09:20:00,0.048333645,0.19934369296765553,0.9499999787658453,11.059999752789736,0.05548522689684162,0.8601698769854594,0.9156551038823011,1.1633324417169,0.01176922423603593,6.0
2026-09-18 09:30:00,0.048333645,0.18196122870366524,0.9499999787658453,11.059999752789736,0.05548522689684162,0.8601698769854594,0.9156551038823011,1.1459499774529096,0.01176922423603593,6.0
2026-09-18 09:40:00,0.048333645,0.16328132306787457,0.9499999787658453,11.059999752789736,0.05548522689684162,0.8601698769854594,0.9156551038823011,1.1272700718171191,0.01176922423603593,6.0
2026-09-18 09:50:00,0.048333645,0.14337669473127998,0.9499999787658453,11.059999752789736,0.05548522689684162,0.8601698769854594,0.9156551038823011,1.1073654434805245,0.01176922423603593,6.0
2026-09-18 10:00:00,0.048333645,0.12233207909394246,0.9499999787658453,11.059999752789736,0.05548522689684162,0.8601698769854594,0.9156551038823011,1.0863208278431868,0.01176922423603593,6.0
2026-09-18 10:10:00,0.048333645,0.10024471002588417,0.9499999787658453,11.059999752789736,0.05548522689684162,0.8601698769854594,0.9156551038823011,1.0642334587751285,0.01176922423603593,6.0
2026-09-18 10:20:00,0.048333645,0.07722442048586108,0.9499999787658453,11.059999752789736,0.05548522689684162,0.8601698769854594,0.9156551038823011,1.0412131692351054,0.01176922423603593,6.0
2026-09-18 10:30:00,0.048333645,0.05339336804070038,0.9499999787658453,11.059999752789736,0.05548522689684162,0.8601698769854594,0.9156551038823011,1.0173821167899448,0.01176922423603593,6.0
2026-09-18 10:40:00,0.048333645,0.02888541330265929,0.9499999787658453,11.059999752789736,0.05548522689684162,0.8601698769854594,0.9156551038823011,0.9928741620519037,0.01176922423603593,6.0
2026-09-18 10:50:00,0.048333645,0.0038451949562272165,0.9499999787658453,11.059999752789736,0.05548522689684162,0.8601698769854594,0.9156551038823011,0.9678339437054717,0.01176922423603593,6.0
2026-09-18 11:00:00,0.048333645,-0.021573046633259322,0.9499999787658453,11.059999752789736,0.05548522689684162,0.8601698769854594,0.9156551038823011,0.9424157021159851,0.01176922423603593,6.0
2026-09-18 11:10:00,0.048333645,-0.0472068440591337,0.9499999787658453,11.059999752789736,0.05548522689684162,0.8601698769854594,0.9156551038823011,0.9167819046901108,0.01176922423603593,6.0
2026-09-18 11:20:00,0.048333645,-0.07288702784764751,0.9499999787658453,11.059999752789736,0.05548522689684162,0.8601698769854594,0.9156551038823011,0.8911017209015969,0.01176922423603593,6.0
2026-09-18 11:30:00,0.048333645,-0.09843936359343153,0.9499999787658453,11.059999752789736,0.05548522689684162,0.8601698769854594,0.9156551038823011,0.8655493851558129,0.01176922423603593,6.0
2026-09-18 11:40:00,0.048333645,-0.12368627535535262,0.9499999787658453,11.059999752789736,0.05548522689684162,0.8601698769854594,0.9156551038823011,0.8403024733938919,0.01176922423603593,6.0
2026-09-18 11:50:00,0.048333645,-0.14844864159241297,0.9499999787658453,11.059999752789736,0.05548522689684162,0.8601698769854594,0.9156551038823011,0.8155401071568315,0.01176922423603593,6.0
2026-09-18 12:00:00,0.048333645,-0.1725476597999822,0.9499999787658453,10.939999755471945,0.05488321720175835,0.8508371115932122,0.9057203287949706,0.7815063138619317,0.01176922423603593,6.0
2026-09-18 12:10:00,0.048333645,-0.1958067817990522,0.9499999787658453,10.939999755471945,0.05488321720175835,0.8508371115932122,0.9057203287949706,0.7582471918628617,0.01176922423603593,6.0
2026-09-18 12:20:00,0.048333645,-0.21805372177548193,0.9499999787658453,10.939999755471945,0.05488321720175835,0.8508371115932122,0.9057203287949706,0.7360002518864319,0.01176922423603593,6.0
2026-09-18 12:30:00,0.048333645,-0.23912253377846918,0.9499999787658453,10.939999755471945,0.05488321720175835,0.8508371115932122,0.9057203287949706,0.7149314398834448,0.01176922423603593,6.0
2026-09-18 12:40:00,0.048333645,-0.2588557443781483,0.9499999787658453,10.939999755471945,0.05488321720175835,0.8508371115932122,0.9057203287949706,0.6951982292837656,0.01176922423603593,6.0
2026-09-18 12:50:00,0.048333645,-0.277106511411515,0.9499999787658453,10.939999755471945,0.05488321720175835,0.8508371115932122,0.9057203287949706,0.6769474622503989,0.01176922423603593,6.0
2026-09-18 13:00:00,0.048333645,-0.2937407627507155,0.9499999787658453,10.939999755471945,0.05488321720175835,0.8508371115932122,0.9057203287949706,0.6603132109111984,0.01176922423603593,6.0
2026-09-18 13:10:00,0.048333645,-0.30863925263416997,0.9499999787658453,10.939999755471945,0.05488321720175835,0.8508371115932122,0.9057203287949706,0.6454147210277439,0.01176922423603593,6.0
2026-09-18 13:20:00,0.048333645,-0.32169945951189777,0.9499999787658453,10.939999755471945,0.05488321720175835,0.8508371115932122,0.9057203287949706,0.6323545141500162,0.01176922423603593,6.0
2026-09-18 13:30:00,0.048333645,-0.33283724124477937,0.9499999787658453,10.939999755471945,0.05488321720175835,0.8508371115932122,0.9057203287949706,0.6212167324171345,0.01176922423603593,6.0
2026-09-18 13:40:00,0.048333645,-0.34198816245291397,0.9499999787658453,10.939999755471945,0.05488321720175835,0.8508371115932122,0.9057203287949706,0.6120658112089999,0.01176922423603593,6.0
2026-09-18 13:50:00,0.048333645,-0.34910841606509174,0.9499999787658453,10.939999755471945,0.05488321720175835,0.8508371115932122,0.9057203287949706,0.6049455575968221,0.01176922423603593,6.0
2026-09-18 14:00:00,0.048333645,-0.3541752768344321,0.9499999787658453,10.939999755471945,0.05488321720175835,0.8508371115932122,0.9057203287949706,0.5998786968274818,0.01176922423603593,6.0
2026-09-18 14:10:00,0.048333645,-0.3571870477585406,0.9499999787658453,10.939999755471945,0.05488321720175835,0.8508371115932122,0.9057203287949706,0.5968669259033733,0.01176922423603593,6.0
2026-09-18 14:20:00,0.048333645,-0.3581624894343516,0.9499999787658453,10.939999755471945,0.05488321720175835,0.8508371115932122,0.9057203287949706,0.5958914842275623,0.01176922423603593,6.0
2026-09-18 14:30:00,0.048333645,-0.35713975456152175,0.9499999787658453,10.939999755471945,0.05488321720175835,0.8508371115932122,0.9057203287949706,0.5969142191003922,0.01176922423603593,6.0
2026-09-18 14:40:00,0.048333645,-0.35417488226741195,0.9499999787658453,10.939999755471945,0.05488321720175835,0.8508371115932122,0.9057203287949706,0.599879091394502,0.01176922423603593,6.0
2026-09-18 14:50:00,0.048333645,-0.3493399362068736,0.9499999787658453,10.939999755471945,0.05488321720175835,0.8508371115932122,0.9057203287949706,0.6047140374550404,0.01176922423603593,6.0
2026-09-18 15:00:00,0.048333645,-0.3427208935688156,0.9699999783188105,10.799999758601189,0.054748227008626735,0.8487444014374776,0.9034926284461043,0.6091053797442321,0.01176922423603593,6.0
2026-09-18 15:10:00,0.048333645,-0.3344154065871126,0.9699999783188105,10.799999758601189,0.054748227008626735,0.8487444014374776,0.9034926284461043,0.617410866725935,0.01176922423603593,6.0
2026-09-18 15:20:00,0.048333645,-0.32453056221905985,0.9699999783188105,10.799999758601189,0.054748227008626735,0.8487444014374776,0.9034926284461043,0.6272957110939879,0.01176922423603593,6.0
2026-09-18 15:30:00,0.048333645,-0.31318075867283496,0.9699999783188105,10.799999758601189,0.054748227008626735,0.8487444014374776,0.9034926284461043,0.6386455146402128,0.01176922423603593,6.0
2026-09-18 15:40:00,0.048333645,-0.3004857998901508,0.9699999783188105,10.799999758601189,0.054748227008626735,0.8487444014374776,0.9034926284461043,0.6513404734228969,0.01176922423603593,6.0
2026-09-18 15:50:00,0.048333645,-0.2865692825520908,0.9699999783188105,10.799999758601189,0.054748227008626735,0.8487444014374776,0.9034926284461043,0.6652569907609569,0.01176922423603593,6.0
2026-09-18 16:00:00,0.048333645,-0.27155731725055826,0.9699999783188105,10.799999758601189,0.054748227008626735,0.8487444014374776,0.9034926284461043,0.6802689560624895,0.01176922423603593,6.0
2026-09-18 16:10:00,0.048333645,-0.2555775894289555,0.9699999783188105,10.799999758601189,0.054748227008626735,0.8487444014374776,0.9034926284461043,0.6962486838840922,0.01176922423603593,6.0
2026-09-18 16:20:00,0.048333645,-0.2387587302701985,0.9699999783188105,10.799999758601189,0.054748227008626735,0.8487444014374776,0.9034926284461043,0.7130675430428493,0.01176922423603593,6.0
2026-09-18 16:30:00,0.048333645,-0.22122993647905126,0.9699999783188105,10.799999758601189,0.054748227008626735,0.8487444014374776,0.9034926284461043,0.7305963368339965,0.01176922423603593,6.0
2026-09-18 16:40:00,0.048333645,-0.20312075420034803,0.9699999783188105,10.799999758601189,0.054748227008626735,0.8487444014374776,0.9034926284461043,0.7487055191126997,0.01176922423603593,6.0
2026-09-18 16:50:00,0.048333645,-0.18456092858627657,0.9699999783188105,10.799999758601189,0.054748227008626735,0.8487444014374776,0.9034926284461043,0.7672653447267711,0.01176922423603593,6.0
2026-09-18 17:00:00,0.048333645,-0.16568021818074802,0.9699999783188105,10.799999758601189,0.054748227008626735,0.8487444014374776,0.9034926284461043,0.7861460551322996,0.01176922423603593,6.0
2026-09-18 17:10:00,0.048333645,-0.14660808272174367,0.9699999783188105,10.799999758601189,0.054748227008626735,0.8487444014374776,0.9034926284461043,0.8052181905913041,0.01176922423603593,6.0
2026-09-18 17:20:00,0.048333645,-0.12747317291703064,0.9699999783188105,10.799999758601189,0.054748227008626735,0.8487444014374776,0.9034926284461043,0.8243531003960171,0.01176922423603593,6.0
2026-09-18 17:30:00,0.048333645,-0.10840257942264721,0.9699999783188105,10.799999758601189,0.054748227008626735,0.8487444014374776,0.9034926284461043,0.8434236938904005,0.01176922423603593,6.0
2026-09-18 17:40:00,0.048333645,-0.08952083215337345,0.9699999783188105,10.799999758601189,0.054748227008626735,0.8487444014374776,0.9034926284461043,0.8623054411596742,0.01176922423603593,6.0
2026-09-18 17:50:00,0.048333645,-0.0709486769072038,0.9699999783188105,10.799999758601189,0.054748227008626735,0.8487444014374776,0.9034926284461043,0.880877596405844,0.01176922423603593,6.0
2026-09-18 18:00:00,0.048333645,-0.052801689817055575,0.9899999778717756,10.669999761506915,0.05464399632475557,0.8471285461992849,0.9017725425240405,0.8973044975739283,0.01176922423603593,6.0
2026-09-18 18:10:00,0.048333645,-0.03518881792190979,0.9899999778717756,10.669999761506915,0.05464399632475557,0.8471285461992849,0.9017725425240405,0.9149173694690741,0.01176922423603593,6.0
2026-09-18 18:20:00,0.048333645,-0.01821095290997113,0.9899999778717756,10.669999761506915,0.05464399632475557,0.8471285461992849,0.9017725425240405,0.9318952344810127,0.01176922423603593,6.0
2026-09-18 18:30:00,0.048333645,-0.001959652628848454,0.9899999778717756,10.669999761506915,0.05464399632475557,0.8471285461992849,0.9017725425240405,0.9481465347621354,0.01176922423603593,6.0
2026-09-18 18:40:00,0.048333645,0.013483879539406485,0.9899999778717756,10.669999761506915,0.05464399632475557,0.8471285461992849,0.9017725425240405,0.9635900669303903,0.01176922423603593,6.0
2026-09-18 18:50:00,0.048333645,0.02804946397432338,0.9899999778717756,10.669999761506915,0.05464399632475557,0.8471285461992849,0.9017725425240405,0.9781556513653072,0.01176922423603593,6.0
2026-09-18 19:00:00,0.048333645,0.04167819604714215,0.9899999778717756,10.669999761506915,0.05464399632475557,0.8471285461992849,0.9017725425240405,0.991784383438126,0.01176922423603593,6.0
2026-09-18 19:10:00,0.048333645,0.05432224741038158,0.9899999778717756,10.669999761506915,0.05464399632475557,0.8471285461992849,0.9017725425240405,1.0044284348013655,0.01176922423603593,6.0
2026-09-18 19:20:00,0.048333645,0.06594422431369804,0.9899999778717756,10.669999761506915,0.05464399632475557,0.8471285461992849,0.9017725425240405,1.0160504117046818,0.01176922423603593,6.0
2026-09-18 19:30:00,0.048333645,0.07651612944213149,0.9899999778717756,10.669999761506915,0.05464399632475557,0.8471285461992849,0.9017725425240405,1.0266223168331154,0.01176922423603593,6.0
2026-09-18 19:40:00,0.048333645,0.08601800960318343,0.9899999778717756,10.669999761506915,0.05464399632475557,0.8471285461992849,0.9017725425240405,1.0361241969941672,0.01176922423603593,6.0
2026-09-18 19:50:00,0.048333645,0.0944364003158631,0.9899999778717756,10.669999761506915,0.05464399632475557,0.8471285461992849,0.9017725425240405,1.044542587706847,0.01176922423603593,6.0
2026-09-18 20:00:00,0.048333645,0.10176269710890852,0.9899999778717756,10.669999761506915,0.05464399632475557,0.8471285461992849,0.9017725425240405,1.0518688844998922,0.01176922423603593,6.0
2026-09-18 20:10:00,0.048333645,0.10799159014037095,0.9899999778717756,10.669999761506915,0.05464399632475557,0.8471285461992849,0.9017725425240405,1.058097777531355,0.01176922423603593,6.0
2026-09-18 20:20:00,0.048333645,0.11311969313960905,0.9899999778717756,10.669999761506915,0.05464399632475557,0.8471285461992849,0.9017725425240405,1.063225880530593,0.01176922423603593,6.0
2026-09-18 20:30:00,0.048333645,0.11714448012599488,0.9899999778717756,10.669999761506915,0.05464399632475557,0.8471285461992849,0.9017725425240405,1.0672506675169786,0.01176922423603593,6.0
2026-09-18 20:40:00,0.048333645,0.1200636158192683,0.9899999778717756,10.669999761506915,0.05464399632475557,0.8471285461992849,0.9017725425240405,1.0701698032102522,0.01176922423603593,6.0
2026-09-18 20:50:00,0.048333645,0.12187473074144314,0.9899999778717756,10.669999761506915,0.05464399632475557,0.8471285461992849,0.9017725425240405,1.071980918132427,0.01176922423603593,6.0
2026-09-18 21:00:00,0.048333645,0.12257565336075389,0.9999999776482582,10.579999763518572,0.05445604599708915,0.8442148118726905,0.8986708578697797,1.069580156097477,0.01176922423603593,6.0
2026-09-18 21:10:00,0.048333645,0.1221650728213083,0.9999999776482582,10.579999763518572,0.05445604599708915,0.8442148118726905,0.8986708578697797,1.0691695755580315,0.01176922423603593,6.0
2026-09-18 21:20:00,0.048333645,0.1206435705967837,0.9999999776482582,10.579999763518572,0.05445604599708915,0.8442148118726905,0.8986708578697797,1.0676480733335068,0.01176922423603593,6.0
2026-09-18 21:30:00,0.048333645,0.11801493096694086,0.9999999776482582,10.579999763518572,0.05445604599708915,0.8442148118726905,0.8986708578697797,1.065019433703664,0.01176922423603593,6.0
2026-09-18 21:40:00,0.048333645,0.11428762086193515,0.9999999776482582,10.579999763518572,0.05445604599708915,0.8442148118726905,0.8986708578697797,1.0612921235986583,0.01176922423603593,6.0
2026-09-18 21:50:00,0.048333645,0.10947632083013355,0.9999999776482582,10.579999763518572,0.05445604599708915,0.8442148118726905,0.8986708578697797,1.0564808235668566,0.01176922423603593,6.0
2026-09-18 22:00:00,0.048333645,0.10360339078144959,0.9999999776482582,10.579999763518572,0.05445604599708915,0.8442148118726905,0.8986708578697797,1.0506078935181726,0.01176922423603593,6.0
2026-09-18 22:10:00,0.048333645,0.09670016598102413,0.9999999776482582,10.579999763518572,0.05445604599708915,0.8442148118726905,0.8986708578697797,1.0437046687177471,0.01176922423603593,6.0
2026-09-18 22:20:00,0.048333645,0.08880799858939162,0.9999999776482582,10.579999763518572,0.05445604599708915,0.8442148118726905,0.8986708578697797,1.0358125013261148,0.01176922423603593,6.0
2026-09-18 22:30:00,0.048333645,0.07997898533574431,0.9999999776482582,10.579999763518572,0.05445604599708915,0.8442148118726905,0.8986708578697797,1.0269834880724673,0.01176922423603593,6.0
2026-09-18 22:40:00,0.048333645,0.07027634965824119,0.9999999776482582,10.579999763518572,0.05445604599708915,0.8442148118726905,0.8986708578697797,1.0172808523949644,0.01176922423603593,6.0
2026-09-18 22:50:00,0.048333645,0.05977447380079837,0.9999999776482582,10.579999763518572,0.05445604599708915,0.8442148118726905,0.8986708578697797,1.0067789765375215,0.01176922423603593,6.0
2026-09-18 23:00:00,0.048333645,0.04855860008131174,0.9999999776482582,10.579999763518572,0.05445604599708915,0.8442148118726905,0.8986708578697797,0.9955631028180348,0.01176922423603593,6.0
2026-09-18 23:10:00,0.048333645,0.036724238772157955,0.9999999776482582,10.579999763518572,0.05445604599708915,0.8442148118726905,0.8986708578697797,0.983728741508881,0.01176922423603593,6.0
2026-09-18 23:20:00,0.048333645,0.02437633115879191,0.9999999776482582,10.579999763518572,0.05445604599708915,0.8442148118726905,0.8986708578697797,0.971380833895515,0.01176922423603593,6.0
2026-09-18 23:30:00,0.048333645,0.011628220235898103,0.9999999776482582,10.579999763518572,0.05445604599708915,0.8442148118726905,0.8986708578697797,0.9586327229726213,0.01176922423603593,6.0
2026-09-18 23:40:00,0.048333645,-0.0013995217502111449,0.9999999776482582,10.579999763518572,0.05445604599708915,0.8442148118726905,0.8986708578697797,0.9456049809865119,0.01176922423603593,6.0
2026-09-18 23:50:00,0.048333645,-0.014580368225847724,0.9999999776482582,10.579999763518572,0.05445604599708915,0.8442148118726905,0.8986708578697797,0.9324241345108754,0.01176922423603593,6.0
2026-09-19 00:00:00,0.03367847,-0.027783187349207962,0.9999999776482582,9.359999790787697,0.04817661536226413,0.7468667900877489,0.7950434054500131,0.8009386864175986,0.01176922423603593,6.0
2026-09-19 00:10:00,0.03367847,-0.04087365017995287,0.9999999776482582,9.359999790787697,0.04817661536226413,0.7468667900877489,0.7950434054500131,0.7878482235868536,0.01176922423603593,6.0
2026-09-19 00:20:00,0.03367847,-0.053715695095773716,0.9999999776482582,9.359999790787697,0.04817661536226413,0.7468667900877489,0.7950434054500131,0.7750061786710328,0.01176922423603593,6.0
2026-09-19 00:30:00,0.03367847,-0.06617305435374561,0.9999999776482582,9.359999790787697,0.04817661536226413,0.7468667900877489,0.7950434054500131,0.7625488194130609,0.01176922423603593,6.0
2026-09-19 00:40:00,0.03367847,-0.07811085230404027,0.9999999776482582,9.359999790787697,0.04817661536226413,0.7468667900877489,0.7950434054500131,0.7506110214627663,0.01176922423603593,6.0
2026-09-19 00:50:00,0.03367847,-0.08939728266647054,0.9999999776482582,9.359999790787697,0.04817661536226413,0.7468667900877489,0.7950434054500131,0.739324591100336,0.01176922423603593,6.0
2026-09-19 01:00:00,0.03367847,-0.09990536402244246,0.9999999776482582,9.359999790787697,0.04817661536226413,0.7468667900877489,0.7950434054500131,0.7288165097443641,0.01176922423603593,6.0
2026-09-19 01:10:00,0.03367847,-0.10951475979904592,0.9999999776482582,9.359999790787697,0.04817661536226413,0.7468667900877489,0.7950434054500131,0.7192071139677606,0.01176922423603593,6.0
2026-09-19 01:20:00,0.03367847,-0.11811363239056005,0.9999999776482582,9.359999790787697,0.04817661536226413,0.7468667900877489,0.7950434054500131,0.7106082413762465,0.01176922423603593,6.0
2026-09-19 01:30:00,0.03367847,-0.12560048378605262,0.9999999776482582,9.359999790787697,0.04817661536226413,0.7468667900877489,0.7950434054500131,0.7031213899807539,0.01176922423603593,6.0
2026-09-19 01:40:00,0.03367847,-0.13188591892670706,0.9999999776482582,9.359999790787697,0.04817661536226413,0.7468667900877489,0.7950434054500131,0.6968359548400994,0.01176922423603593,6.0
2026-09-19 01:50:00,0.03367847,-0.13689425605136238,0.9999999776482582,9.359999790787697,0.04817661536226413,0.7468667900877489,0.7950434054500131,0.6918276177154441,0.01176922423603593,6.0
2026-09-19 02:00:00,0.03367847,-0.14056490241409703,0.9999999776482582,9.359999790787697,0.04817661536226413,0.7468667900877489,0.7950434054500131,0.6881569713527095,0.01176922423603593,6.0
2026-09-19 02:10:00,0.03367847,-0.14285341554949224,0.9999999776482582,9.359999790787697,0.04817661536226413,0.7468667900877489,0.7950434054500131,0.6858684582173142,0.01176922423603593,6.0
2026-09-19 02:20:00,0.03367847,-0.14373218052943318,0.9999999776482582,9.359999790787697,0.04817661536226413,0.7468667900877489,0.7950434054500131,0.6849896932373734,0.01176922423603593,6.0
2026-09-19 02:30:00,0.03367847,-0.14319065181889482,0.9999999776482582,9.359999790787697,0.04817661536226413,0.7468667900877489,0.7950434054500131,0.6855312219479117,0.01176922423603593,6.0
2026-09-19 02:40:00,0.03367847,-0.1412351335669546,0.9999999776482582,9.359999790787697,0.04817661536226413,0.7468667900877489,0.7950434054500131,0.6874867401998519,0.01176922423603593,6.0
2026-09-19 02:50:00,0.03367847,-0.137888101761961,0.9999999776482582,9.359999790787697,0.04817661536226413,0.7468667900877489,0.7950434054500131,0.6908337720048455,0.01176922423603593,6.0
2026-09-19 03:00:00,0.03367847,-0.1331871033955576,0.979999978095293,10.29999976977706,0.052482038956952574,0.813612406730875,0.8660944456878276,0.7665858106090634,0.01176922423603593,6.0
2026-09-19 03:10:00,0.03367847,-0.12718329797441846,0.979999978095293,10.29999976977706,0.052482038956952574,0.813612406730875,0.8660944456878276,0.7725896160302026,0.01176922423603593,6.0
2026-09-19 03:20:00,0.03367847,-0.11993973252783897,0.979999978095293,10.29999976977706,0.052482038956952574,0.813612406730875,0.8660944456878276,0.779833181476782,0.01176922423603593,6.0
2026-09-19 03:30:00,0.03367847,-0.11152945971495286,0.979999978095293,10.29999976977706,0.052482038956952574,0.813612406730875,0.8660944456878276,0.7882434542896681,0.01176922423603593,6.0
2026-09-19 03:40:00,0.03367847,-0.10203361759376012,0.979999978095293,10.29999976977706,0.052482038956952574,0.813612406730875,0.8660944456878276,0.7977392964108609,0.01176922423603593,6.0
2026-09-19 03:50:00,0.03367847,-0.0915395879131215,0.979999978095293,10.29999976977706,0.052482038956952574,0.813612406730875,0.8660944456878276,0.8082333260914996,0.01176922423603593,6.0
2026-09-19 04:00:00,0.03367847,-0.0801393372681934,0.979999978095293,10.29999976977706,0.052482038956952574,0.813612406730875,0.8660944456878276,0.8196335767364276,0.01176922423603593,6.0
2026-09-19 04:10:00,0.03367847,-0.06792802318070491,0.979999978095293,10.29999976977706,0.052482038956952574,0.813612406730875,0.8660944456878276,0.8318448908239161,0.01176922423603593,6.0
2026-09-19 04:20:00,0.03367847,-0.05500291723677097,0.979999978095293,10.29999976977706,0.052482038956952574,0.813612406730875,0.8660944456878276,0.84476999676785,0.01176922423603593,6.0
2026-09-19 04:30:00,0.03367847,-0.04146266275583897,0.979999978095293,10.29999976977706,0.052482038956952574,0.813612406730875,0.8660944456878276,0.858310251248782,0.01176922423603593,6.0
2026-09-19 04:40:00,0.03367847,-0.02740684863450331,0.979999978095293,10.29999976977706,0.052482038956952574,0.813612406730875,0.8660944456878276,0.8723660653701177,0.01176922423603593,6.0
2026-09-19 04:50:00,0.03367847,-0.012935847693833118,0.979999978095293,10.29999976977706,0.052482038956952574,0.813612406730875,0.8660944456878276,0.8868370663107878,0.01176922423603593,6.0
2026-09-19 05:00:00,0.03367847,0.0018491594820425172,0.979999978095293,10.29999976977706,0.052482038956952574,0.813612406730875,0.8660944456878276,0.9016220734866636,0.01176922423603593,6.0
2026-09-19 05:10:00,0.03367847,0.016846072581793277,0.979999978095293,10.29999976977706,0.052482038956952574,0.813612406730875,0.8660944456878276,0.9166189865864143,0.01176922423603593,6.0
2026-09-19 05:20:00,0.03367847,0.0319517763984668,0.979999978095293,10.29999976977706,0.052482038956952574,0.813612406730875,0.8660944456878276,0.9317246904030878,0.01176922423603593,6.0
2026-09-19 05:30:00,0.03367847,0.04706216297160034,0.979999978095293,10.29999976977706,0.052482038956952574,0.813612406730875,0.8660944456878276,0.9468350769762214,0.01176922423603593,6.0
2026-09-19 05:40:00,0.03367847,0.062072356011014726,0.979999978095293,10.29999976977706,0.052482038956952574,0.813612406730875,0.8660944456878276,0.9618452700156357,0.01176922423603593,6.0
2026-09-19 05:50:00,0.03367847,0.07687719690978216,0.979999978095293,10.29999976977706,0.052482038956952574,0.813612406730875,0.8660944456878276,0.9766501109144031,0.01176922423603593,6.0
2026-09-19 06:00:00,0.03367847,0.09137201920414931,0.9499999787658453,10.179999772459269,0.05107048913289763,0.7917295974423126,0.8428000865752102,0.9678505740961529,0.01176922423603593,6.0
2026-09-19 06:10:00,0.03367847,0.1054537018608779,0.9499999787658453,10.179999772459269,0.05107048913289763,0.7917295974423126,0.8428000865752102,0.9819322567528815,0.01176922423603593,6.0
2026-09-19 06:20:00,0.03367847,0.11902195573143441,0.9499999787658453,10.179999772459269,0.05107048913289763,0.7917295974423126,0.8428000865752102,0.995500510623438,0.01176922423603593,6.0
2026-09-19 06:30:00,0.03367847,0.13198076541872383,0.9499999787658453,10.179999772459269,0.05107048913289763,0.7917295974423126,0.8428000865752102,1.0084593203107275,0.01176922423603593,6.0
2026-09-19 06:40:00,0.03367847,0.14423988425214018,0.9499999787658453,10.179999772459269,0.05107048913289763,0.7917295974423126,0.8428000865752102,1.0207184391441437,0.01176922423603593,6.0
2026-09-19 06:50:00,0.03367847,0.1557162659531031,0.9499999787658453,10.179999772459269,0.05107048913289763,0.7917295974423126,0.8428000865752102,1.0321948208451068,0.01176922423603593,6.0
2026-09-19 07:00:00,0.03367847,0.16633531416692268,0.9499999787658453,10.179999772459269,0.05107048913289763,0.7917295974423126,0.8428000865752102,1.0428138690589264,0.01176922423603593,6.0
2026-09-19 07:10:00,0.03367847,0.17603184133763855,0.9499999787658453,10.179999772459269,0.05107048913289763,0.7917295974423126,0.8428000865752102,1.0525103962296423,0.01176922423603593,6.0
2026-09-19 07:20:00,0.03367847,0.18475064983779937,0.9499999787658453,10.179999772459269,0.05107048913289763,0.7917295974423126,0.8428000865752102,1.061229204729803,0.01176922423603593,6.0
2026-09-19 07:30:00,0.03367847,0.1924466794946806,0.9499999787658453,10.179999772459269,0.05107048913289763,0.7917295974423126,0.8428000865752102,1.0689252343866842,0.01176922423603593,6.0
2026-09-19 07:40:00,0.03367847,0.19908470294992675,0.9499999787658453,10.179999772459269,0.05107048913289763,0.7917295974423126,0.8428000865752102,1.0755632578419303,0.01176922423603593,6.0
2026-09-19 07:50:00,0.03367847,0.20463859045959049,0.9499999787658453,10.179999772459269,0.05107048913289763,0.7917295974423126,0.8428000865752102,1.0811171453515942,0.01176922423603593,6.0
2026-09-19 08:00:00,0.03367847,0.20909020444577361,0.9499999787658453,10.179999772459269,0.05107048913289763,0.7917295974423126,0.8428000865752102,1.0855687593377772,0.01176922423603593,6.0
2026-09-19 08:10:00,0.03367847,0.2124280175902587,0.9499999787658453,10.179999772459269,0.05107048913289763,0.7917295974423126,0.8428000865752102,1.0889065724822624,0.01176922423603593,6.0
2026-09-19 08:20:00,0.03367847,0.21464557332142659,0.9499999787658453,10.179999772459269,0.05107048913289763,0.7917295974423126,0.8428000865752102,1.0911241282134303,0.01176922423603593,6.0
2026-09-19 08:30:00,0.03367847,0.21573992145105148,0.9499999787658453,10.179999772459269,0.05107048913289763,0.7917295974423126,0.8428000865752102,1.0922184763430551,0.01176922423603593,6.0
2026-09-19 08:40:00,0.03367847,0.21571016358384212,0.9499999787658453,10.179999772459269,0.05107048913289763,0.7917295974423126,0.8428000865752102,1.0921887184758459,0.01176922423603593,6.0
2026-09-19 08:50:00,0.03367847,0.21455623218883277,0.9499999787658453,10.179999772459269,0.05107048913289763,0.7917295974423126,0.8428000865752102,1.0910347870808363,0.01176922423603593,6.0
2026-09-19 09:00:00,0.03367847,0.21227800558661195,0.9499999787658453,10.079999774694443,0.0505688143869949,0.7839522929487732,0.8345211073357681,1.0804775812391736,0.01176922423603593,6.0
2026-09-19 09:10:00,0.03367847,0.20887483036687166,0.9499999787658453,10.079999774694443,0.0505688143869949,0.7839522929487732,0.8345211073357681,1.0770744060194333,0.01176922423603593,6.0
2026-09-19 09:20:00,0.03367847,0.20434548641845116,0.9499999787658453,10.079999774694443,0.0505688143869949,0.7839522929487732,0.8345211073357681,1.0725450620710126,0.01176922423603593,6.0
2026-09-19 09:30:00,0.03367847,0.19868859116177182,0.9499999787658453,10.079999774694443,0.0505688143869949,0.7839522929487732,0.8345211073357681,1.0668881668143333,0.01176922423603593,6.0
2026-09-19 09:40:00,0.03367847,0.19190340263349753,0.9499999787658453,10.079999774694443,0.0505688143869949,0.7839522929487732,0.8345211073357681,1.0601029782860591,0.01176922423603593,6.0
2026-09-19 09:50:00,0.03367847,0.18399094914223876,0.9499999787658453,10.079999774694443,0.0505688143869949,0.7839522929487732,0.8345211073357681,1.0521905247948002,0.01176922423603593,6.0
2026-09-19 10:00:00,0.03367847,0.17495538915439776,0.9499999787658453,10.079999774694443,0.0505688143869949,0.7839522929487732,0.8345211073357681,1.0431549648069594,0.01176922423603593,6.0
2026-09-19 10:10:00,0.03367847,0.16480549077832998,0.9499999787658453,10.079999774694443,0.0505688143869949,0.7839522929487732,0.8345211073357681,1.0330050664308916,0.01176922423603593,6.0
2026-09-19 10:20:00,0.03367847,0.15355611655224208,0.9499999787658453,10.079999774694443,0.0505688143869949,0.7839522929487732,0.8345211073357681,1.0217556922048037,0.01176922423603593,6.0
2026-09-19 10:30:00,0.03367847,0.14122960583902944,0.9499999787658453,10.079999774694443,0.0505688143869949,0.7839522929487732,0.8345211073357681,1.009429181491591,0.01176922423603593,6.0
2026-09-19 10:40:00,0.03367847,0.127856962759129,0.9499999787658453,10.079999774694443,0.0505688143869949,0.7839522929487732,0.8345211073357681,0.9960565384116906,0.01176922423603593,6.0
2026-09-19 10:50:00,0.03367847,0.11347877987076753,0.9499999787658453,10.079999774694443,0.0505688143869949,0.7839522929487732,0.8345211073357681,0.981678355523329,0.01176922423603593,6.0
2026-09-19 11:00:00,0.03367847,0.09814585409748752,0.9499999787658453,10.079999774694443,0.0505688143869949,0.7839522929487732,0.8345211073357681,0.9663454297500491,0.01176922423603593,6.0
2026-09-19 11:10:00,0.03367847,0.08191947851681794,0.9499999787658453,10.079999774694443,0.0505688143869949,0.7839522929487732,0.8345211073357681,0.9501190541693795,0.01176922423603593,6.0
2026-09-19 11:20:00,0.03367847,0.06487141864448198,0.9499999787658453,10.079999774694443,0.0505688143869949,0.7839522929487732,0.8345211073357681,0.9330709942970435,0.01176922423603593,6.0
2026-09-19 11:30:00,0.03367847,0.04708360240516129,0.9499999787658453,10.079999774694443,0.0505688143869949,0.7839522929487732,0.8345211073357681,0.9152831780577229,0.01176922423603593,6.0
2026-09-19 11:40:00,0.03367847,0.028647566890899215,0.9499999787658453,10.079999774694443,0.0505688143869949,0.7839522929487732,0.8345211073357681,0.8968471425434608,0.01176922423603593,6.0
2026-09-19 11:50:00,0.03367847,0.009663711947219003,0.9499999787658453,10.079999774694443,0.0505688143869949,0.7839522929487732,0.8345211073357681,0.8778632875997806,0.01176922423603593,6.0
2026-09-19 12:00:00,0.03367847,-0.009759590106029056,0.9899999778717756,10.02999977581203,0.05136638080012169,0.796316712125476,0.8476830929255976,0.8716019711363621,0.01176922423603593,6.0
2026-09-19 12:10:00,0.03367847,-0.029506985965296054,0.9899999778717756,10.02999977581203,0.05136638080012169,0.796316712125476,0.8476830929255976,0.851854575277095,0.01176922423603593,6.0
2026-09-19 12:20:00,0.03367847,-0.049457202989482786,0.9899999778717756,10.02999977581203,0.05136638080012169,0.796316712125476,0.8476830929255976,0.8319043582529083,0.01176922423603593,6.0
2026-09-19 12:30:00,0.03367847,-0.0694841636270424,0.9899999778717756,10.02999977581203,0.05136638080012169,0.796316712125476,0.8476830929255976,0.8118773976153486,0.01176922423603593,6.0
2026-09-19 12:40:00,0.03367847,-0.08945814900949316,0.9899999778717756,10.02999977581203,0.05136638080012169,0.796316712125476,0.8476830929255976,0.791903412232898,0.01176922423603593,6.0
2026-09-19 12:50:00,0.03367847,-0.10924701931716356,0.9899999778717756,10.02999977581203,0.05136638080012169,0.796316712125476,0.8476830929255976,0.7721145419252275,0.01176922423603593,6.0
2026-09-19 13:00:00,0.03367847,-0.12871750522207553,0.9899999778717756,10.02999977581203,0.05136638080012169,0.796316712125476,0.8476830929255976,0.7526440560203156,0.01176922423603593,6.0
2026-09-19 13:10:00,0.03367847,-0.14773658601494874,0.9899999778717756,10.02999977581203,0.05136638080012169,0.796316712125476,0.8476830929255976,0.7336249752274423,0.01176922423603593,6.0
2026-09-19 13:20:00,0.03367847,-0.16617296467967638,0.9899999778717756,10.02999977581203,0.05136638080012169,0.796316712125476,0.8476830929255976,0.7151885965627147,0.01176922423603593,6.0
2026-09-19 13:30:00,0.03367847,-0.18389863966233677,0.9899999778717756,10.02999977581203,0.05136638080012169,0.796316712125476,0.8476830929255976,0.6974629215800543,0.01176922423603593,6.0
2026-09-19 13:40:00,0.03367847,-0.20079055757722675,0.9899999778717756,10.02999977581203,0.05136638080012169,0.796316712125476,0.8476830929255976,0.6805710036651643,0.01176922423603593,6.0
2026-09-19 13:50:00,0.03367847,-0.21673231359166512,0.9899999778717756,10.02999977581203,0.05136638080012169,0.796316712125476,0.8476830929255976,0.664629247650726,0.01176922423603593,6.0
2026-09-19 14:00:00,0.03367847,-0.23161584836824156,0.9899999778717756,10.02999977581203,0.05136638080012169,0.796316712125476,0.8476830929255976,0.6497457128741495,0.01176922423603593,6.0
2026-09-19 14:10:00,0.03367847,-0.24534307533379632,0.9899999778717756,10.02999977581203,0.05136638080012169,0.796316712125476,0.8476830929255976,0.6360184859085948,0.01176922423603593,6.0
2026-09-19 14:20:00,0.03367847,-0.2578273618864569,0.9899999778717756,10.02999977581203,0.05136638080012169,0.796316712125476,0.8476830929255976,0.6235341993559342,0.01176922423603593,6.0
2026-09-19 14:30:00,0.03367847,-0.2689947847274949,0.9899999778717756,10.02999977581203,0.05136638080012169,0.796316712125476,0.8476830929255976,0.6123667765148961,0.01176922423603593,6.0
2026-09-19 14:40:00,0.03367847,-0.27878508447759887,0.9899999778717756,10.02999977581203,0.05136638080012169,0.796316712125476,0.8476830929255976,0.6025764767647922,0.01176922423603593,6.0
2026-09-19 14:50:00,0.03367847,-0.2871522576193113,0.9899999778717756,10.02999977581203,0.05136638080012169,0.796316712125476,0.8476830929255976,0.5942093036230798,0.01176922423603593,6.0
2026-09-19 15:00:00,0.03367847,-0.29406474470148947,1.0899999756366014,9.849999779835343,0.052930977722197355,0.8205721620400236,0.8735031397622209,0.6131168633775249,0.01176922423603593,6.0
2026-09-19 15:10:00,0.03367847,-0.2995052001524922,1.0899999756366014,9.849999779835343,0.052930977722197355,0.8205721620400236,0.8735031397622209,0.6076764079265222,0.01176922423603593,6.0
2026-09-19 15:20:00,0.03367847,-0.3034698591923552,1.0899999756366014,9.849999779835343,0.052930977722197355,0.8205721620400236,0.8735031397622209,0.6037117488866592,0.01176922423603593,6.0
2026-09-19 15:30:00,0.03367847,-0.30596754771866047,1.0899999756366014,9.849999779835343,0.052930977722197355,0.8205721620400236,0.8735031397622209,0.601214060360354,0.01176922423603593,6.0
2026-09-19 15:40:00,0.03367847,-0.30701840875687597,1.0899999756366014,9.849999779835343,0.052930977722197355,0.8205721620400236,0.8735031397622209,0.6001631993221384,0.01176922423603593,6.0
2026-09-19 15:50:00,0.03367847,-0.30665244099168626,1.0899999756366014,9.849999779835343,0.052930977722197355,0.8205721620400236,0.8735031397622209,0.6005291670873281,0.01176922423603593,6.0
2026-09-19 16:00:00,0.03367847,-0.304907958433981,1.0899999756366014,9.849999779835343,0.052930977722197355,0.8205721620400236,0.8735031397622209,0.6022736496450334,0.01176922423603593,6.0
2026-09-19 16:10:00,0.03367847,-0.30183008387563454,1.0899999756366014,9.849999779835343,0.052930977722197355,0.8205721620400236,0.8735031397622209,0.6053515242033798,0.01176922423603593,6.0
2026-09-19 16:20:00,0.03367847,-0.29746938156076647,1.0899999756366014,9.849999779835343,0.052930977722197355,0.8205721620400236,0.8735031397622209,0.609712226518248,0.01176922423603593,6.0
2026-09-19 16:30:00,0.03367847,-0.2918807170597822,1.0899999756366014,9.849999779835343,0.052930977722197355,0.8205721620400236,0.8735031397622209,0.6153008910192321,0.01176922423603593,6.0
2026-09-19 16:40:00,0.03367847,-0.28512240614051626,1.0899999756366014,9.849999779835343,0.052930977722197355,0.8205721620400236,0.8735031397622209,0.6220592019384981,0.01176922423603593,6.0
2026-09-19 16:50:00,0.03367847,-0.27725568205053,1.0899999756366014,9.849999779835343,0.052930977722197355,0.8205721620400236,0.8735031397622209,0.6299259260284844,0.01176922423603593,6.0
2026-09-19 17:00:00,0.03367847,-0.2683444753426916,1.0899999756366014,9.849999779835343,0.052930977722197355,0.8205721620400236,0.8735031397622209,0.6388371327363227,0.01176922423603593,6.0
2026-09-19 17:10:00,0.03367847,-0.2584554657720449,1.0899999756366014,9.849999779835343,0.052930977722197355,0.8205721620400236,0.8735031397622209,0.6487261423069695,0.01176922423603593,6.0
2026-09-19 17:20:00,0.03367847,-0.24765833556806485,1.0899999756366014,9.849999779835343,0.052930977722197355,0.8205721620400236,0.8735031397622209,0.6595232725109496,0.01176922423603593,6.0
2026-09-19 17:30:00,0.03367847,-0.23602613077832996,1.0899999756366014,9.849999779835343,0.052930977722197355,0.8205721620400236,0.8735031397622209,0.6711554773006845,0.01176922423603593,6.0
2026-09-19 17:40:00,0.03367847,-0.22363562474482757,1.0899999756366014,9.849999779835343,0.052930977722197355,0.8205721620400236,0.8735031397622209,0.6835459833341868,0.01176922423603593,6.0
2026-09-19 17:50:00,0.03367847,-0.2105675768895277,1.0899999756366014,9.849999779835343,0.052930977722197355,0.8205721620400236,0.8735031397622209,0.6966140311894866,0.01176922423603593,6.0
2026-09-19 18:00:00,0.03367847,-0.19690679060807065,1.1399999745190144,9.739999782294035,0.053526866383038905,0.8298100349795372,0.8833369013625761,0.7201085790712989,0.01176922423603593,6.0
2026-09-19 18:10:00,0.03367847,-0.18274189577080413,1.1399999745190144,9.739999782294035,0.053526866383038905,0.8298100349795372,0.8833369013625761,0.7342734739085655,0.01176922423603593,6.0
2026-09-19 18:20:00,0.03367847,-0.16816481143194545,1.1399999745190144,9.739999782294035,0.053526866383038905,0.8298100349795372,0.8833369013625761,0.7488505582474241,0.01176922423603593,6.0
2026-09-19 18:30:00,0.03367847,-0.15326988014410461,1.1399999745190144,9.739999782294035,0.053526866383038905,0.8298100349795372,0.8833369013625761,0.763745489535265,0.01176922423603593,6.0
2026-09-19 18:40:00,0.03367847,-0.13815270276869948,1.1399999745190144,9.739999782294035,0.053526866383038905,0.8298100349795372,0.8833369013625761,0.7788626669106701,0.01176922423603593,6.0
2026-09-19 18:50:00,0.03367847,-0.12290873810162879,1.1399999745190144,9.739999782294035,0.053526866383038905,0.8298100349795372,0.8833369013625761,0.7941066315777408,0.01176922423603593,6.0
2026-09-19 19:00:00,0.03367847,-0.10763176116488138,1.1399999745190144,9.739999782294035,0.053526866383038905,0.8298100349795372,0.8833369013625761,0.8093836085144882,0.01176922423603593,6.0
2026-09-19 19:10:00,0.03367847,-0.09241229427909177,1.1399999745190144,9.739999782294035,0.053526866383038905,0.8298100349795372,0.8833369013625761,0.8246030754002778,0.01176922423603593,6.0
2026-09-19 19:20:00,0.03367847,-0.07733613427299894,1.1399999745190144,9.739999782294035,0.053526866383038905,0.8298100349795372,0.8833369013625761,0.8396792354063707,0.01176922423603593,6.0
2026-09-19 19:30:00,0.03367847,-0.06248309553458227,1.1399999745190144,9.739999782294035,0.053526866383038905,0.8298100349795372,0.8833369013625761,0.8545322741447873,0.01176922423603593,6.0
2026-09-19 19:40:00,0.03367847,-0.04792607315484421,1.1399999745190144,9.739999782294035,0.053526866383038905,0.8298100349795372,0.8833369013625761,0.8690892965245254,0.01176922423603593,6.0
2026-09-19 19:50:00,0.03367847,-0.03373050376669822,1.1399999745190144,9.739999782294035,0.053526866383038905,0.8298100349795372,0.8833369013625761,0.8832848659126714,0.01176922423603593,6.0
2026-09-19 20:00:00,0.03367847,-0.019954267129181052,1.1399999745190144,9.739999782294035,0.053526866383038905,0.8298100349795372,0.8833369013625761,0.8970611025501886,0.01176922423603593,6.0
2026-09-19 20:10:00,0.03367847,-0.006648031947703393,1.1399999745190144,9.739999782294035,0.053526866383038905,0.8298100349795372,0.8833369013625761,0.9103673377316662,0.01176922423603593,6.0
2026-09-19 20:20:00,0.03367847,0.0061439908521393315,1.1399999745190144,9.739999782294035,0.053526866383038905,0.8298100349795372,0.8833369013625761,0.9231593605315089,0.01176922423603593,6.0
2026-09-19 20:30:00,0.03367847,0.018382961372733857,1.1399999745190144,9.739999782294035,0.053526866383038905,0.8298100349795372,0.8833369013625761,0.9353983310521035,0.01176922423603593,6.0
2026-09-19 20:40:00,0.03367847,0.030034094905834197,1.1399999745190144,9.739999782294035,0.053526866383038905,0.8298100349795372,0.8833369013625761,0.9470494645852038,0.01176922423603593,6.0
2026-09-19 20:50:00,0.03367847,0.04106524194660408,1.1399999745190144,9.739999782294035,0.053526866383038905,0.8298100349795372,0.8833369013625761,0.9580806116259737,0.01176922423603593,6.0
2026-09-19 21:00:00,0.03367847,0.05144549799208112,1.1399999745190144,8.78999980352819,0.048306073460668585,0.7488737379332785,0.7971798113939471,0.8823037777028216,0.01176922423603593,6.0
2026-09-19 21:10:00,0.03367847,0.06114397341469326,1.1399999745190144,8.78999980352819,0.048306073460668585,0.7488737379332785,0.7971798113939471,0.8920022531254338,0.01176922423603593,6.0
2026-09-19 21:20:00,0.03367847,0.0701288383202333,1.1399999745190144,8.78999980352819,0.048306073460668585,0.7488737379332785,0.7971798113939471,0.9009871180309739,0.01176922423603593,6.0
2026-09-19 21:30:00,0.03367847,0.07836673151847923,1.1399999745190144,8.78999980352819,0.048306073460668585,0.7488737379332785,0.7971798113939471,0.9092250112292197,0.01176922423603593,6.0
2026-09-19 21:40:00,0.03367847,0.08582258955614142,1.1399999745190144,8.78999980352819,0.048306073460668585,0.7488737379332785,0.7971798113939471,0.916680869266882,0.01176922423603593,6.0
2026-09-19 21:50:00,0.03367847,0.09245991434152945,1.1399999745190144,8.78999980352819,0.048306073460668585,0.7488737379332785,0.7971798113939471,0.92331819405227,0.01176922423603593,6.0
2026-09-19 22:00:00,0.03367847,0.0982414600763276,1.1399999745190144,8.78999980352819,0.048306073460668585,0.7488737379332785,0.7971798113939471,0.9290997397870682,0.01176922423603593,6.0
2026-09-19 22:10:00,0.03367847,0.10313028558675981,1.1399999745190144,8.78999980352819,0.048306073460668585,0.7488737379332785,0.7971798113939471,0.9339885652975004,0.01176922423603593,6.0
2026-09-19 22:20:00,0.03367847,0.10709108985702771,1.1399999745190144,8.78999980352819,0.048306073460668585,0.7488737379332785,0.7971798113939471,0.9379493695677683,0.01176922423603593,6.0
2026-09-19 22:30:00,0.03367847,0.11009172912637938,1.1399999745190144,8.78999980352819,0.048306073460668585,0.7488737379332785,0.7971798113939471,0.9409500088371199,0.01176922423603593,6.0
2026-09-19 22:40:00,0.03367847,0.1121048045945723,1.1399999745190144,8.78999980352819,0.048306073460668585,0.7488737379332785,0.7971798113939471,0.9429630843053128,0.01176922423603593,6.0
2026-09-19 22:50:00,0.03367847,0.11310921100732797,1.1399999745190144,8.78999980352819,0.048306073460668585,0.7488737379332785,0.7971798113939471,0.9439674907180685,0.01176922423603593,6.0
2026-09-19 23:00:00,0.03367847,0.11309154726119502,1.1399999745190144,8.78999980352819,0.048306073460668585,0.7488737379332785,0.7971798113939471,0.9439498269719355,0.01176922423603593,6.0
2026-09-19 23:10:00,0.03367847,0.11204730893076295,1.1399999745190144,8.78999980352819,0.048306073460668585,0.7488737379332785,0.7971798113939471,0.9429055886415035,0.01176922423603593,6.0
2026-09-19 23:20:00,0.03367847,0.1099818067475756,1.1399999745190144,8.78999980352819,0.048306073460668585,0.7488737379332785,0.7971798113939471,0.9408400864583162,0.01176922423603593,6.0
2026-09-19 23:30:00,0.03367847,0.1069107815815488,1.1399999745190144,8.78999980352819,0.048306073460668585,0.7488737379332785,0.7971798113939471,0.9377690612922893,0.01176922423603593,6.0
2026-09-19 23:40:00,0.03367847,0.10286071238208555,1.1399999745190144,8.78999980352819,0.048306073460668585,0.7488737379332785,0.7971798113939471,0.9337189920928262,0.01176922423603593,6.0
2026-09-19 23:50:00,0.03367847,0.09786883604420486,1.1399999745190144,8.78999980352819,0.048306073460668585,0.7488737379332785,0.7971798113939471,0.9287271157549455,0.01176922423603593,6.0
2026-09-20 00:00:00,0.008305711,0.09198291506838083,1.099999975413084,9.67999978363514,0.0522555155255278,0.8101006858091017,0.8623562013346294,0.9626448271433977,0.01176922423603593,6.0
2026-09-20 00:10:00,0.008305711,0.08526079891441049,1.099999975413084,9.67999978363514,0.0522555155255278,0.8101006858091017,0.8623562013346294,0.9559227109894274,0.01176922423603593,6.0
2026-09-20 00:20:00,0.008305711,0.07776982745078834,1.099999975413084,9.67999978363514,0.0522555155255278,0.8101006858091017,0.8623562013346294,0.9484317395258052,0.01176922423603593,6.0
2026-09-20 00:30:00,0.008305711,0.06958612066252733,1.099999975413084,9.67999978363514,0.0522555155255278,0.8101006858091017,0.8623562013346294,0.9402480327375442,0.01176922423603593,6.0
2026-09-20 00:40:00,0.008305711,0.06079378888960582,1.099999975413084,9.67999978363514,0.0522555155255278,0.8101006858091017,0.8623562013346294,0.9314557009646227,0.01176922423603593,6.0
2026-09-20 00:50:00,0.008305711,0.051484084572696036,1.099999975413084,9.67999978363514,0.0522555155255278,0.8101006858091017,0.8623562013346294,0.9221459966477129,0.01176922423603593,6.0
2026-09-20 01:00:00,0.008305711,0.04175450206085371,1.099999975413084,9.67999978363514,0.0522555155255278,0.8101006858091017,0.8623562013346294,0.9124164141358706,0.01176922423603593,6.0
2026-09-20 01:10:00,0.008305711,0.031707818928513286,1.099999975413084,9.67999978363514,0.0522555155255278,0.8101006858091017,0.8623562013346294,0.9023697310035301,0.01176922423603593,6.0
2026-09-20 01:20:00,0.008305711,0.021451062874640058,1.099999975413084,9.67999978363514,0.0522555155255278,0.8101006858091017,0.8623562013346294,0.8921129749496569,0.01176922423603593,6.0
2026-09-20 01:30:00,0.008305711,0.011094383908447587,1.099999975413084,9.67999978363514,0.0522555155255278,0.8101006858091017,0.8623562013346294,0.8817562959834645,0.01176922423603593,6.0
2026-09-20 01:40:00,0.008305711,0.0007498136331354991,1.099999975413084,9.67999978363514,0.0522555155255278,0.8101006858091017,0.8623562013346294,0.8714117257081524,0.01176922423603593,6.0
2026-09-20 01:50:00,0.008305711,-0.00947009858108959,1.099999975413084,9.67999978363514,0.0522555155255278,0.8101006858091017,0.8623562013346294,0.8611918134939273,0.01176922423603593,6.0
2026-09-20 02:00:00,0.008305711,-0.01945376915172582,1.099999975413084,9.67999978363514,0.0522555155255278,0.8101006858091017,0.8623562013346294,0.8512081429232911,0.01176922423603593,6.0
2026-09-20 02:10:00,0.008305711,-0.029092163119334415,1.099999975413084,9.67999978363514,0.0522555155255278,0.8101006858091017,0.8623562013346294,0.8415697489556825,0.01176922423603593,6.0
2026-09-20 02:20:00,0.008305711,-0.03828043715926655,1.099999975413084,9.67999978363514,0.0522555155255278,0.8101006858091017,0.8623562013346294,0.8323814749157503,0.01176922423603593,6.0
2026-09-20 02:30:00,0.008305711,-0.046919586225569354,1.099999975413084,9.67999978363514,0.0522555155255278,0.8101006858091017,0.8623562013346294,0.8237423258494475,0.01176922423603593,6.0
2026-09-20 02:40:00,0.008305711,-0.05491802349613532,1.099999975413084,9.67999978363514,0.0522555155255278,0.8101006858091017,0.8623562013346294,0.8157438885788816,0.01176922423603593,6.0
2026-09-20 02:50:00,0.008305711,-0.062193015364925115,1.099999975413084,9.67999978363514,0.0522555155255278,0.8101006858091017,0.8623562013346294,0.8084688967100917,0.01176922423603593,6.0
2026-09-20 03:00:00,0.008305711,-0.0686718929887205,1.0699999760836363,9.789999781176448,0.05212367369837144,0.8080567837726648,0.8601804574710362,0.7998142752227031,0.01176922423603593,6.0
2026-09-20 03:10:00,0.008305711,-0.07429296972598304,1.0699999760836363,9.789999781176448,0.05212367369837144,0.8080567837726648,0.8601804574710362,0.7941931984854407,0.01176922423603593,6.0
2026-09-20 03:20:00,0.008305711,-0.07900610999330031,1.0699999760836363,9.789999781176448,0.05212367369837144,0.8080567837726648,0.8601804574710362,0.7894800582181234,0.01176922423603593,6.0
2026-09-20 03:30:00,0.008305711,-0.08277291797233195,1.0699999760836363,9.789999781176448,0.05212367369837144,0.8080567837726648,0.8601804574710362,0.7857132502390917,0.01176922423603593,6.0
2026-09-20 03:40:00,0.008305711,-0.0855665425076418,1.0699999760836363,9.789999781176448,0.05212367369837144,0.8080567837726648,0.8601804574710362,0.7829196257037818,0.01176922423603593,6.0
2026-09-20 03:50:00,0.008305711,-0.08737112447859013,1.0699999760836363,9.789999781176448,0.05212367369837144,0.8080567837726648,0.8601804574710362,0.7811150437328336,0.01176922423603593,6.0
2026-09-20 04:00:00,0.008305711,-0.08818094191856053,1.0699999760836363,9.789999781176448,0.05212367369837144,0.8080567837726648,0.8601804574710362,0.7803052262928631,0.01176922423603593,6.0
2026-09-20 04:10:00,0.008305711,-0.08799933300100692,1.0699999760836363,9.789999781176448,0.05212367369837144,0.8080567837726648,0.8601804574710362,0.7804868352104167,0.01176922423603593,6.0
2026-09-20 04:20:00,0.008305711,-0.08683749486358938,1.0699999760836363,9.789999781176448,0.05212367369837144,0.8080567837726648,0.8601804574710362,0.7816486733478343,0.01176922423603593,6.0
2026-09-20 04:30:00,0.008305711,-0.08471326499362909,1.0699999760836363,9.789999781176448,0.05212367369837144,0.8080567837726648,0.8601804574710362,0.7837729032177946,0.01176922423603593,6.0
2026-09-20 04:40:00,0.008305711,-0.08164999024623076,1.0699999760836363,9.789999781176448,0.05212367369837144,0.8080567837726648,0.8601804574710362,0.7868361779651929,0.01176922423603593,6.0
2026-09-20 04:50:00,0.008305711,-0.07767557639732801,1.0699999760836363,9.789999781176448,0.05212367369837144,0.8080567837726648,0.8601804574710362,0.7908105918140956,0.01176922423603593,6.0
2026-09-20 05:00:00,0.008305711,-0.07282178942074853,1.0699999760836363,9.789999781176448,0.05212367369837144,0.8080567837726648,0.8601804574710362,0.7956643787906751,0.01176922423603593,6.0
2026-09-20 05:10:00,0.008305711,-0.06712385044627867,1.0699999760836363,9.789999781176448,0.05212367369837144,0.8080567837726648,0.8601804574710362,0.801362317765145,0.01176922423603593,6.0
2026-09-20 05:20:00,0.008305711,-0.060620332561803346,1.0699999760836363,9.789999781176448,0.05212367369837144,0.8080567837726648,0.8601804574710362,0.8078658356496203,0.01176922423603593,6.0
2026-09-20 05:30:00,0.008305711,-0.05335333269297321,1.0699999760836363,9.789999781176448,0.05212367369837144,0.8080567837726648,0.8601804574710362,0.8151328355184504,0.01176922423603593,6.0
2026-09-20 05:40:00,0.008305711,-0.04536885941692405,1.0699999760836363,9.789999781176448,0.05212367369837144,0.8080567837726648,0.8601804574710362,0.8231173087944996,0.01176922423603593,6.0
2026-09-20 05:50:00,0.008305711,-0.03671735126924826,1.0699999760836363,9.789999781176448,0.05212367369837144,0.8080567837726648,0.8601804574710362,0.8317688169421754,0.01176922423603593,6.0
2026-09-20 06:00:00,0.008305711,-0.027454222688731624,1.0599999763071537,10.269999770447612,0.05442316728325367,0.8437051035986687,0.8981282708819224,0.8789797589335782,0.01176922423603593,6.0
2026-09-20 06:10:00,0.008305711,-0.017640328360999755,1.0599999763071537,10.269999770447612,0.05442316728325367,0.8437051035986687,0.8981282708819224,0.8887936532613101,0.01176922423603593,6.0
2026-09-20 06:20:00,0.008305711,-0.00734224206849486,1.0599999763071537,10.269999770447612,0.05442316728325367,0.8437051035986687,0.8981282708819224,0.8990917395538149,0.01176922423603593,6.0
2026-09-20 06:30:00,0.008305711,0.0033677369297389985,1.0599999763071537,10.269999770447612,0.05442316728325367,0.8437051035986687,0.8981282708819224,0.9098017185520488,0.01176922423603593,6.0
2026-09-20 06:40:00,0.008305711,0.01441191029700811,1.0599999763071537,10.269999770447612,0.05442316728325367,0.8437051035986687,0.8981282708819224,0.9208458919193179,0.01176922423603593,6.0
2026-09-20 06:50:00,0.008305711,0.02570786613489144,1.0599999763071537,10.269999770447612,0.05442316728325367,0.8437051035986687,0.8981282708819224,0.9321418477572012,0.01176922423603593,6.0
2026-09-20 07:00:00,0.008305711,0.03716951226660938,1.0599999763071537,10.269999770447612,0.05442316728325367,0.8437051035986687,0.8981282708819224,0.9436034938889192,0.01176922423603593,6.0
2026-09-20 07:10:00,0.008305711,0.04870840843953661,1.0599999763071537,10.269999770447612,0.05442316728325367,0.8437051035986687,0.8981282708819224,0.9551423900618464,0.01176922423603593,6.0
2026-09-20 07:20:00,0.008305711,0.06023531507427425,1.0599999763071537,10.269999770447612,0.05442316728325367,0.8437051035986687,0.8981282708819224,0.9666692966965841,0.01176922423603593,6.0
2026-09-20 07:30:00,0.008305711,0.07166185042520602,1.0599999763071537,10.269999770447612,0.05442316728325367,0.8437051035986687,0.8981282708819224,0.9780958320475158,0.01176922423603593,6.0
2026-09-20 07:40:00,0.008305711,0.08290213251842314,1.0599999763071537,10.269999770447612,0.05442316728325367,0.8437051035986687,0.8981282708819224,0.989336114140733,0.01176922423603593,6.0
2026-09-20 07:50:00,0.008305711,0.09387427905691151,1.0599999763071537,10.269999770447612,0.05442316728325367,0.8437051035986687,0.8981282708819224,1.0003082606792213,0.01176922423603593,6.0
2026-09-20 08:00:00,0.008305711,0.104501647729983,1.0599999763071537,10.269999770447612,0.05442316728325367,0.8437051035986687,0.8981282708819224,1.0109356293522929,0.01176922423603593,6.0
2026-09-20 08:10:00,0.008305711,0.11471372065552336,1.0599999763071537,10.269999770447612,0.05442316728325367,0.8437051035986687,0.8981282708819224,1.0211477022778332,0.01176922423603593,6.0
2026-09-20 08:20:00,0.008305711,0.12444656758553516,1.0599999763071537,10.269999770447612,0.05442316728325367,0.8437051035986687,0.8981282708819224,1.030880549207845,0.01176922423603593,6.0
2026-09-20 08:30:00,0.008305711,0.13364286025419886,1.0599999763071537,10.269999770447612,0.05442316728325367,0.8437051035986687,0.8981282708819224,1.0400768418765087,0.01176922423603593,6.0
2026-09-20 08:40:00,0.008305711,0.14225145103304018,1.0599999763071537,10.269999770447612,0.05442316728325367,0.8437051035986687,0.8981282708819224,1.04868543265535,0.01176922423603593,6.0
2026-09-20 08:50:00,0.008305711,0.1502265687729017,1.0599999763071537,10.269999770447612,0.05442316728325367,0.8437051035986687,0.8981282708819224,1.0566605503952116,0.01176922423603593,6.0
2026-09-20 09:00:00,0.008305711,0.1575267196261666,1.0599999763071537,10.679999761283398,0.05659585458472728,0.877387585826074,0.9339834404108013,1.0998158707773553,0.01176922423603593,6.0
2026-09-20 09:10:00,0.008305711,0.16411340715202907,1.0599999763071537,10.679999761283398,0.05659585458472728,0.877387585826074,0.9339834404108013,1.1064025583032178,0.01176922423603593,6.0
2026-09-20 09:20:00,0.008305711,0.16994980180893418,1.0599999763071537,10.679999761283398,0.05659585458472728,0.877387585826074,0.9339834404108013,1.1122389529601229,0.01176922423603593,6.0
2026-09-20 09:30:00,0.008305711,0.17499949341688356,1.0599999763071537,10.679999761283398,0.05659585458472728,0.877387585826074,0.9339834404108013,1.1172886445680723,0.01176922423603593,6.0
2026-09-20 09:40:00,0.008305711,0.17922545135803117,1.0599999763071537,10.679999761283398,0.05659585458472728,0.877387585826074,0.9339834404108013,1.12151460250922,0.01176922423603593,6.0
2026-09-20 09:50:00,0.008305711,0.1825892971071384,1.0599999763071537,10.679999761283398,0.05659585458472728,0.877387585826074,0.9339834404108013,1.1248784482583272,0.01176922423603593,6.0
2026-09-20 10:00:00,0.008305711,0.18505096443795957,1.0599999763071537,10.679999761283398,0.05659585458472728,0.877387585826074,0.9339834404108013,1.1273401155891483,0.01176922423603593,6.0
2026-09-20 10:10:00,0.008305711,0.18656878735361124,1.0599999763071537,10.679999761283398,0.05659585458472728,0.877387585826074,0.9339834404108013,1.1288579385047999,0.01176922423603593,6.0
2026-09-20 10:20:00,0.008305711,0.18710001799484496,1.0599999763071537,10.679999761283398,0.05659585458472728,0.877387585826074,0.9339834404108013,1.1293891691460336,0.01176922423603593,6.0
2026-09-20 10:30:00,0.008305711,0.18660174024695397,1.0599999763071537,10.679999761283398,0.05659585458472728,0.877387585826074,0.9339834404108013,1.1288908913981426,0.01176922423603593,6.0
2026-09-20 10:40:00,0.008305711,0.1850321129065013,1.0599999763071537,10.679999761283398,0.05659585458472728,0.877387585826074,0.9339834404108013,1.12732126405769,0.01176922423603593,6.0
2026-09-20 10:50:00,0.008305711,0.18235185195762285,1.0599999763071537,10.679999761283398,0.05659585458472728,0.877387585826074,0.9339834404108013,1.1246410031088117,0.01176922423603593,6.0
2026-09-20 11:00:00,0.008305711,0.17852584669627689,1.0599999763071537,10.679999761283398,0.05659585458472728,0.877387585826074,0.9339834404108013,1.1208149978474655,0.01176922423603593,6.0
2026-09-20 11:10:00,0.008305711,0.17352479999631798,1.0599999763071537,10.679999761283398,0.05659585458472728,0.877387585826074,0.9339834404108013,1.1158139511475067,0.01176922423603593,6.0
2026-09-20 11:20:00,0.008305711,0.16732678872741172,1.0599999763071537,10.679999761283398,0.05659585458472728,0.877387585826074,0.9339834404108013,1.1096159398786005,0.01176922423603593,6.0
2026-09-20 11:30:00,0.008305711,0.1599186549060984,1.0599999763071537,10.679999761283398,0.05659585458472728,0.877387585826074,0.9339834404108013,1.102207806057287,0.01176922423603593,6.0
2026-09-20 11:40:00,0.008305711,0.15129715939179986,1.0599999763071537,10.679999761283398,0.05659585458472728,0.877387585826074,0.9339834404108013,1.0935863105429886,0.01176922423603593,6.0
2026-09-20 11:50:00,0.008305711,0.14146985515540622,1.0599999763071537,10.679999761283398,0.05659585458472728,0.877387585826074,0.9339834404108013,1.083759006306595,0.01176922423603593,6.0
2026-09-20 12:00:00,0.008305711,0.13045566320712904,1.099999975413084,11.099999751895666,0.05992109734848745,0.9289377698844038,0.9888588672328913,1.1276202411804077,0.01176922423603593,6.0
2026-09-20 12:10:00,0.008305711,0.1182851583570424,1.099999975413084,11.099999751895666,0.05992109734848745,0.9289377698844038,0.9888588672328913,1.115449736330321,0.01176922423603593,6.0
2026-09-20 12:20:00,0.008305711,0.10500059152949953,1.099999975413084,11.099999751895666,0.05992109734848745,0.9289377698844038,0.9888588672328913,1.1021651695027783,0.01176922423603593,6.0
2026-09-20 12:30:00,0.008305711,0.09065568854871167,1.099999975413084,11.099999751895666,0.05992109734848745,0.9289377698844038,0.9888588672328913,1.0878202665219905,0.01176922423603593,6.0
2026-09-20 12:40:00,0.008305711,0.07531527125862138,1.099999975413084,11.099999751895666,0.05992109734848745,0.9289377698844038,0.9888588672328913,1.0724798492319,0.01176922423603593,6.0
2026-09-20 12:50:00,0.008305711,0.05905474557904447,1.099999975413084,11.099999751895666,0.05992109734848745,0.9289377698844038,0.9888588672328913,1.0562193235523232,0.01176922423603593,6.0
2026-09-20 13:00:00,0.008305711,0.041959493557870924,1.099999975413084,11.099999751895666,0.05992109734848745,0.9289377698844038,0.9888588672328913,1.0391240715311496,0.01176922423603593,6.0
2026-09-20 13:10:00,0.008305711,0.024124194346359006,1.099999975413084,11.099999751895666,0.05992109734848745,0.9289377698844038,0.9888588672328913,1.0212887723196378,0.01176922423603593,6.0
2026-09-20 13:20:00,0.008305711,0.005652084674256195,1.099999975413084,11.099999751895666,0.05992109734848745,0.9289377698844038,0.9888588672328913,1.002816662647535,0.01176922423603593,6.0
2026-09-20 13:30:00,0.008305711,-0.01334584484485954,1.099999975413084,11.099999751895666,0.05992109734848745,0.9289377698844038,0.9888588672328913,0.9838187331284192,0.01176922423603593,6.0
2026-09-20 13:40:00,0.008305711,-0.03275173284347459,1.099999975413084,11.099999751895666,0.05992109734848745,0.9289377698844038,0.9888588672328913,0.9644128451298042,0.01176922423603593,6.0
2026-09-20 13:50:00,0.008305711,-0.052441832165263894,1.099999975413084,11.099999751895666,0.05992109734848745,0.9289377698844038,0.9888588672328913,0.9447227458080149,0.01176922423603593,6.0
2026-09-20 14:00:00,0.008305711,-0.0722876201597691,1.099999975413084,11.099999751895666,0.05992109734848745,0.9289377698844038,0.9888588672328913,0.9248769578135096,0.01176922423603593,6.0
2026-09-20 14:10:00,0.008305711,-0.0921570526727734,1.099999975413084,11.099999751895666,0.05992109734848745,0.9289377698844038,0.9888588672328913,0.9050075253005053,0.01176922423603593,6.0
2026-09-20 14:20:00,0.008305711,-0.1119159688389627,1.099999975413084,11.099999751895666,0.05992109734848745,0.9289377698844038,0.9888588672328913,0.885248609134316,0.01176922423603593,6.0
2026-09-20 14:30:00,0.008305711,-0.13142963786509662,1.099999975413084,11.099999751895666,0.05992109734848745,0.9289377698844038,0.9888588672328913,0.8657349401081821,0.01176922423603593,6.0
2026-09-20 14:40:00,0.008305711,-0.15056442035832998,1.099999975413084,11.099999751895666,0.05992109734848745,0.9289377698844038,0.9888588672328913,0.8466001576149488,0.01176922423603593,6.0
2026-09-20 14:50:00,0.008305711,-0.16918949770480354,1.099999975413084,11.099999751895666,0.05992109734848745,0.9289377698844038,0.9888588672328913,0.8279750802684752,0.01176922423603593,6.0
2026-09-20 15:00:00,0.008305711,-0.18717860641428666,1.1599999740719795,11.80999973602593,0.06546954594720633,1.0149536089742108,1.0804231549214172,0.901550259247518,0.01176922423603593,6.0
2026-09-20 15:10:00,0.008305711,-0.2044117024084798,1.1599999740719795,11.80999973602593,0.06546954594720633,1.0149536089742108,1.0804231549214172,0.8843171632533248,0.01176922423603593,6.0
2026-09-20 15:20:00,0.008305711,-0.22077647512160492,1.1599999740719795,11.80999973602593,0.06546954594720633,1.0149536089742108,1.0804231549214172,0.8679523905401997,0.01176922423603593,6.0
2026-09-20 15:30:00,0.008305711,-0.23616963418440218,1.1599999740719795,11.80999973602593,0.06546954594720633,1.0149536089742108,1.0804231549214172,0.8525592314774024,0.01176922423603593,6.0
2026-09-20 15:40:00,0.008305711,-0.2504979027138959,1.1599999740719795,11.80999973602593,0.06546954594720633,1.0149536089742108,1.0804231549214172,0.8382309629479088,0.01176922423603593,6.0
2026-09-20 15:50:00,0.008305711,-0.26367867016389995,1.1599999740719795,11.80999973602593,0.06546954594720633,1.0149536089742108,1.0804231549214172,0.8250501954979046,0.01176922423603593,6.0
2026-09-20 16:00:00,0.008305711,-0.2756402827572946,1.1599999740719795,11.80999973602593,0.06546954594720633,1.0149536089742108,1.0804231549214172,0.81308858290451,0.01176922423603593,6.0
2026-09-20 16:10:00,0.008305711,-0.28632197823234057,1.1599999740719795,11.80999973602593,0.06546954594720633,1.0149536089742108,1.0804231549214172,0.8024068874294641,0.01176922423603593,6.0
2026-09-20 16:20:00,0.008305711,-0.29567350114387053,1.1599999740719795,11.80999973602593,0.06546954594720633,1.0149536089742108,1.0804231549214172,0.7930553645179341,0.01176922423603593,6.0
2026-09-20 16:30:00,0.008305711,-0.30365446198768403,1.1599999740719795,11.80999973602593,0.06546954594720633,1.0149536089742108,1.0804231549214172,0.7850744036741206,0.01176922423603593,6.0
2026-09-20 16:40:00,0.008305711,-0.3102335250421316,1.1599999740719795,11.80999973602593,0.06546954594720633,1.0149536089742108,1.0804231549214172,0.7784953406196731,0.01176922423603593,6.0
2026-09-20 16:50:00,0.008305711,-0.31538752341788573,1.1599999740719795,11.80999973602593,0.06546954594720633,1.0149536089742108,1.0804231549214172,0.7733413422439188,0.01176922423603593,6.0
2026-09-20 17:00:00,0.008305711,-0.3191006036761126,1.1599999740719795,11.80999973602593,0.06546954594720633,1.0149536089742108,1.0804231549214172,0.769628261985692,0.01176922423603593,6.0
2026-09-20 17:10:00,0.008305711,-0.3213634957459072,1.1599999740719795,11.80999973602593,0.06546954594720633,1.0149536089742108,1.0804231549214172,0.7673653699158973,0.01176922423603593,6.0
2026-09-20 17:20:00,0.008305711,-0.322172987147237,1.1599999740719795,11.80999973602593,0.06546954594720633,1.0149536089742108,1.0804231549214172,0.7665558785145676,0.01176922423603593,6.0
2026-09-20 17:30:00,0.008305711,-0.3215316552131583,1.1599999740719795,11.80999973602593,0.06546954594720633,1.0149536089742108,1.0804231549214172,0.7671972104486463,0.01176922423603593,6.0
2026-09-20 17:40:00,0.008305711,-0.3194478795553099,1.1599999740719795,11.80999973602593,0.06546954594720633,1.0149536089742108,1.0804231549214172,0.7692809861064946,0.01176922423603593,6.0
2026-09-20 17:50:00,0.008305711,-0.31593612269400784,1.1599999740719795,11.80999973602593,0.06546954594720633,1.0149536089742108,1.0804231549214172,0.7727927429677968,0.01176922423603593,6.0
2026-09-20 18:00:00,0.008305711,-0.31101743311392144,1.2399999722838402,12.379999723285437,0.07095645730002138,1.1000154556555966,1.170971912955618,0.8682601905820839,0.01176922423603593,6.0
2026-09-20 18:10:00,0.008305711,-0.3047200956943982,1.2399999722838402,12.379999723285437,0.07095645730002138,1.1000154556555966,1.170971912955618,0.8745575280016072,0.01176922423603593,6.0
2026-09-20 18:20:00,0.008305711,-0.2970803327096762,1.2399999722838402,12.379999723285437,0.07095645730002138,1.1000154556555966,1.170971912955618,0.8821972909863292,0.01176922423603593,6.0
2026-09-20 18:30:00,0.008305711,-0.28814294684154385,1.2399999722838402,12.379999723285437,0.07095645730002138,1.1000154556555966,1.170971912955618,0.8911346768544616,0.01176922423603593,6.0
2026-09-20 18:40:00,0.008305711,-0.277961797508497,1.2399999722838402,12.379999723285437,0.07095645730002138,1.1000154556555966,1.170971912955618,0.9013158261875085,0.01176922423603593,6.0
2026-09-20 18:50:00,0.008305711,-0.26660001336628325,1.2399999722838402,12.379999723285437,0.07095645730002138,1.1000154556555966,1.170971912955618,0.9126776103297222,0.01176922423603593,6.0
2026-09-20 19:00:00,0.008305711,-0.2541298662975019,1.2399999722838402,12.379999723285437,0.07095645730002138,1.1000154556555966,1.170971912955618,0.9251477573985035,0.01176922423603593,6.0
2026-09-20 19:10:00,0.008305711,-0.2406322632866057,1.2399999722838402,12.379999723285437,0.07095645730002138,1.1000154556555966,1.170971912955618,0.9386453604093997,0.01176922423603593,6.0
2026-09-20 19:20:00,0.008305711,-0.226195849292087,1.2399999722838402,12.379999723285437,0.07095645730002138,1.1000154556555966,1.170971912955618,0.9530817744039184,0.01176922423603593,6.0
2026-09-20 19:30:00,0.008305711,-0.21091575273879187,1.2399999722838402,12.379999723285437,0.07095645730002138,1.1000154556555966,1.170971912955618,0.9683618709572135,0.01176922423603593,6.0
2026-09-20 19:40:00,0.008305711,-0.19489204171590438,1.2399999722838402,12.379999723285437,0.07095645730002138,1.1000154556555966,1.170971912955618,0.9843855819801011,0.01176922423603593,6.0
2026-09-20 19:50:00,0.008305711,-0.17822798948307994,1.2399999722838402,12.379999723285437,0.07095645730002138,1.1000154556555966,1.170971912955618,1.0010496342129254,0.01176922423603593,6.0
2026-09-20 20:00:00,0.008305711,-0.16102826918867677,1.2399999722838402,12.379999723285437,0.07095645730002138,1.1000154556555966,1.170971912955618,1.0182493545073286,0.01176922423603593,6.0
2026-09-20 20:10:00,0.008305711,-0.14339720766663352,1.2399999722838402,12.379999723285437,0.07095645730002138,1.1000154556555966,1.170971912955618,1.035880416029372,0.01176922423603593,6.0
2026-09-20 20:20:00,0.008305711,-0.12543722534450416,1.2399999722838402,12.379999723285437,0.07095645730002138,1.1000154556555966,1.170971912955618,1.0538403983515012,0.01176922423603593,6.0
2026-09-20 20:30:00,0.008305711,-0.10724757414474022,1.2399999722838402,12.379999723285437,0.07095645730002138,1.1000154556555966,1.170971912955618,1.0720300495512651,0.01176922423603593,6.0
2026-09-20 20:40:00,0.008305711,-0.0889234588786244,1.2399999722838402,12.379999723285437,0.07095645730002138,1.1000154556555966,1.170971912955618,1.0903541648173811,0.01176922423603593,6.0
2026-09-20 20:50:00,0.008305711,-0.07055559287454498,1.2399999722838402,12.379999723285437,0.07095645730002138,1.1000154556555966,1.170971912955618,1.1087220308214605,0.01176922423603593,6.0
2026-09-20 21:00:00,0.008305711,-0.05223019859292466,1.3099999707192183,12.439999721944332,0.07328523164096147,1.136117705757188,1.2094029373981496,1.1654784495456125,0.01176922423603593,6.0
2026-09-20 21:10:00,0.008305711,-0.03402942291439287,1.3099999707192183,12.439999721944332,0.07328523164096147,1.136117705757188,1.2094029373981496,1.1836792252241441,0.01176922423603593,6.0
2026-09-20 21:20:00,0.008305711,-0.016032098561357174,1.3099999707192183,12.439999721944332,0.07328523164096147,1.136117705757188,1.2094029373981496,1.20167654957718,0.01176922423603593,6.0
2026-09-20 21:30:00,0.008305711,0.0016852485960196367,1.3099999707192183,12.439999721944332,0.07328523164096147,1.136117705757188,1.2094029373981496,1.2193938967345568,0.01176922423603593,6.0
2026-09-20 21:40:00,0.008305711,0.01904726853841656,1.3099999707192183,12.439999721944332,0.07328523164096147,1.136117705757188,1.2094029373981496,1.2367559166769537,0.01176922423603593,6.0
2026-09-20 21:50:00,0.008305711,0.03597866508381287,1.3099999707192183,12.439999721944332,0.07328523164096147,1.136117705757188,1.2094029373981496,1.25368731322235,0.01176922423603593,6.0
2026-09-20 22:00:00,0.008305711,0.05240321338253676,1.3099999707192183,12.439999721944332,0.07328523164096147,1.136117705757188,1.2094029373981496,1.2701118615210738,0.01176922423603593,6.0
2026-09-20 22:10:00,0.008305711,0.06824303337814516,1.3099999707192183,12.439999721944332,0.07328523164096147,1.136117705757188,1.2094029373981496,1.2859516815166823,0.01176922423603593,6.0
2026-09-20 22:20:00,0.008305711,0.08341821110547952,1.3099999707192183,12.439999721944332,0.07328523164096147,1.136117705757188,1.2094029373981496,1.3011268592440166,0.01176922423603593,6.0
2026-09-20 22:30:00,0.008305711,0.09784682740347837,1.3099999707192183,12.439999721944332,0.07328523164096147,1.136117705757188,1.2094029373981496,1.3155554755420154,0.01176922423603593,6.0
2026-09-20 22:40:00,0.008305711,0.11144541682934557,1.3099999707192183,12.439999721944332,0.07328523164096147,1.136117705757188,1.2094029373981496,1.3291540649678826,0.01176922423603593,6.0
2026-09-20 22:50:00,0.008305711,0.12412984202742801,1.3099999707192183,12.439999721944332,0.07328523164096147,1.136117705757188,1.2094029373981496,1.341838490165965,0.01176922423603593,6.0
2026-09-20 23:00:00,0.008305711,0.1358165341595267,1.3099999707192183,12.439999721944332,0.07328523164096147,1.136117705757188,1.2094029373981496,1.3535251822980638,0.01176922423603593,6.0
2026-09-20 23:10:00,0.008305711,0.14642402140678137,1.3099999707192183,12.439999721944332,0.07328523164096147,1.136117705757188,1.2094029373981496,1.3641326695453184,0.01176922423603593,6.0
2026-09-20 23:20:00,0.008305711,0.1558746475189782,1.3099999707192183,12.439999721944332,0.07328523164096147,1.136117705757188,1.2094029373981496,1.3735832956575154,0.01176922423603593,6.0
2026-09-20 23:30:00,0.008305711,0.1640963723346504,1.3099999707192183,12.439999721944332,0.07328523164096147,1.136117705757188,1.2094029373981496,1.3818050204731875,0.01176922423603593,6.0
2026-09-20 23:40:00,0.008305711,0.1710245464983586,1.3099999707192183,12.439999721944332,0.07328523164096147,1.136117705757188,1.2094029373981496,1.3887331946368957,0.01176922423603593,6.0
2026-09-20 23:50:00,0.008305711,0.17660356252331444,1.3099999707192183,12.439999721944332,0.07328523164096147,1.136117705757188,1.2094029373981496,1.3943122106618515,0.01176922423603593,6.0
2026-09-21 00:00:00,0.00087435945,0.1807883021261982,1.339999970048666,12.77999971434474,0.07614540303712299,1.1804580358880834,1.2566034389252063,1.4382661005031045,0.01176922423603593,6.0
2026-09-21 00:10:00,0.00087435945,0.18354532296453155,1.339999970048666,12.77999971434474,0.07614540303712299,1.1804580358880834,1.2566034389252063,1.441023121341438,0.01176922423603593,6.0
2026-09-21 00:20:00,0.00087435945,0.18485375358122932,1.339999970048666,12.77999971434474,0.07614540303712299,1.1804580358880834,1.2566034389252063,1.4423315519581357,0.01176922423603593,6.0
2026-09-21 00:30:00,0.00087435945,0.18470589051050618,1.339999970048666,12.77999971434474,0.07614540303712299,1.1804580358880834,1.2566034389252063,1.4421836888874124,0.01176922423603593,6.0
2026-09-21 00:40:00,0.00087435945,0.1831075133939944,1.339999970048666,12.77999971434474,0.07614540303712299,1.1804580358880834,1.2566034389252063,1.4405853117709007,0.01176922423603593,6.0
2026-09-21 00:50:00,0.00087435945,0.18007795032876656,1.339999970048666,12.77999971434474,0.07614540303712299,1.1804580358880834,1.2566034389252063,1.437555748705673,0.01176922423603593,6.0
2026-09-21 01:00:00,0.00087435945,0.1756499352636878,1.339999970048666,12.77999971434474,0.07614540303712299,1.1804580358880834,1.2566034389252063,1.433127733640594,0.01176922423603593,6.0
2026-09-21 01:10:00,0.00087435945,0.1698693014348552,1.339999970048666,12.77999971434474,0.07614540303712299,1.1804580358880834,1.2566034389252063,1.4273470998117614,0.01176922423603593,6.0
2026-09-21 01:20:00,0.00087435945,0.16279455028943549,1.339999970048666,12.77999971434474,0.07614540303712299,1.1804580358880834,1.2566034389252063,1.4202723486663418,0.01176922423603593,6.0
2026-09-21 01:30:00,0.00087435945,0.15449632522296292,1.339999970048666,12.77999971434474,0.07614540303712299,1.1804580358880834,1.2566034389252063,1.4119741235998693,0.01176922423603593,6.0
2026-09-21 01:40:00,0.00087435945,0.1450568059547359,1.339999970048666,12.77999971434474,0.07614540303712299,1.1804580358880834,1.2566034389252063,1.4025346043316422,0.01176922423603593,6.0
2026-09-21 01:50:00,0.00087435945,0.1345690247885661,1.339999970048666,12.77999971434474,0.07614540303712299,1.1804580358880834,1.2566034389252063,1.3920468231654723,0.01176922423603593,6.0
2026-09-21 02:00:00,0.00087435945,0.12313609280181728,1.339999970048666,12.77999971434474,0.07614540303712299,1.1804580358880834,1.2566034389252063,1.3806138911787236,0.01176922423603593,6.0
2026-09-21 02:10:00,0.00087435945,0.11087031458343827,1.339999970048666,12.77999971434474,0.07614540303712299,1.1804580358880834,1.2566034389252063,1.3683481129603445,0.01176922423603593,6.0
2026-09-21 02:20:00,0.00087435945,0.09789216592508801,1.339999970048666,12.77999971434474,0.07614540303712299,1.1804580358880834,1.2566034389252063,1.3553699643019943,0.01176922423603593,6.0
2026-09-21 02:30:00,0.00087435945,0.08432911112661691,1.339999970048666,12.77999971434474,0.07614540303712299,1.1804580358880834,1.2566034389252063,1.3418069095035232,0.01176922423603593,6.0
2026-09-21 02:40:00,0.00087435945,0.07031424504836616,1.339999970048666,12.77999971434474,0.07614540303712299,1.1804580358880834,1.2566034389252063,1.3277920434252726,0.01176922423603593,6.0
2026-09-21 02:50:00,0.00087435945,0.05598475916452473,1.339999970048666,12.77999971434474,0.07614540303712299,1.1804580358880834,1.2566034389252063,1.3134625575414312,0.01176922423603593,6.0
2026-09-21 03:00:00,0.00087435945,0.041480248864222795,1.3699999693781137,12.639999717473984,0.07614962943047497,1.1805235563239362,1.2566731857544111,1.2990277940703339,0.01176922423603593,6.0
2026-09-21 03:10:00,0.00087435945,0.026940898803814364,1.3699999693781137,12.639999717473984,0.07614962943047497,1.1805235563239362,1.2566731857544111,1.2844884440099256,0.01176922423603593,6.0
2026-09-21 03:20:00,0.00087435945,0.012505601933713653,1.3699999693781137,12.639999717473984,0.07614962943047497,1.1805235563239362,1.2566731857544111,1.2700531471398249,0.01176922423603593,6.0
2026-09-21 03:30:00,0.00087435945,-0.0016899171174744943,1.3699999693781137,12.639999717473984,0.07614962943047497,1.1805235563239362,1.2566731857544111,1.2558576280886367,0.01176922423603593,6.0
2026-09-21 03:40:00,0.00087435945,-0.015514894150895258,1.3699999693781137,12.639999717473984,0.07614962943047497,1.1805235563239362,1.2566731857544111,1.2420326510552158,0.01176922423603593,6.0
2026-09-21 03:50:00,0.00087435945,-0.028845151045526794,1.3699999693781137,12.639999717473984,0.07614962943047497,1.1805235563239362,1.2566731857544111,1.2287023941605844,0.01176922423603593,6.0
2026-09-21 04:00:00,0.00087435945,-0.04156447938941892,1.3699999693781137,12.639999717473984,0.07614962943047497,1.1805235563239362,1.2566731857544111,1.2159830658166921,0.01176922423603593,6.0
2026-09-21 04:10:00,0.00087435945,-0.05356572126803719,1.3699999693781137,12.639999717473984,0.07614962943047497,1.1805235563239362,1.2566731857544111,1.203981823938074,0.01176922423603593,6.0
2026-09-21 04:20:00,0.00087435945,-0.06475150810940342,1.3699999693781137,12.639999717473984,0.07614962943047497,1.1805235563239362,1.2566731857544111,1.1927960370967077,0.01176922423603593,6.0
2026-09-21 04:30:00,0.00087435945,-0.07503464540803319,1.3699999693781137,12.639999717473984,0.07614962943047497,1.1805235563239362,1.2566731857544111,1.1825128997980778,0.01176922423603593,6.0
2026-09-21 04:40:00,0.00087435945,-0.08433816041234778,1.3699999693781137,12.639999717473984,0.07614962943047497,1.1805235563239362,1.2566731857544111,1.1732093847937632,0.01176922423603593,6.0
2026-09-21 04:50:00,0.00087435945,-0.09259505847604063,1.3699999693781137,12.639999717473984,0.07614962943047497,1.1805235563239362,1.2566731857544111,1.1649524867300705,0.01176922423603593,6.0
2026-09-21 05:00:00,0.00087435945,-0.09974785857275618,1.3699999693781137,12.639999717473984,0.07614962943047497,1.1805235563239362,1.2566731857544111,1.1577996866333549,0.01176922423603593,6.0
2026-09-21 05:10:00,0.00087435945,-0.10574799657931287,1.3699999693781137,12.639999717473984,0.07614962943047497,1.1805235563239362,1.2566731857544111,1.1517995486267982,0.01176922423603593,6.0
2026-09-21 05:20:00,0.00087435945,-0.11055519420786852,1.3699999693781137,12.639999717473984,0.07614962943047497,1.1805235563239362,1.2566731857544111,1.1469923509982425,0.01176922423603593,6.0
2026-09-21 05:30:00,0.00087435945,-0.1141368905624744,1.3699999693781137,12.639999717473984,0.07614962943047497,1.1805235563239362,1.2566731857544111,1.1434106546436367,0.01176922423603593,6.0
2026-09-21 05:40:00,0.00087435945,-0.11646782202807623,1.3699999693781137,12.639999717473984,0.07614962943047497,1.1805235563239362,1.2566731857544111,1.141079723178035,0.01176922423603593,6.0
2026-09-21 05:50:00,0.00087435945,-0.11752981547996884,1.3699999693781137,12.639999717473984,0.07614962943047497,1.1805235563239362,1.2566731857544111,1.1400177297261422,0.01176922423603593,6.0
2026-09-21 06:00:00,0.00087435945,-0.11731183161324121,1.3799999691545963,12.46999972127378,0.07539914712850203,1.1688890671910352,1.2442882143195373,1.127850742157996,0.01176922423603593,6.0
2026-09-21 06:10:00,0.00087435945,-0.11581026238571918,1.3799999691545963,12.46999972127378,0.07539914712850203,1.1688890671910352,1.2442882143195373,1.1293523113855182,0.01176922423603593,6.0
2026-09-21 06:20:00,0.00087435945,-0.11302945260171703,1.3799999691545963,12.46999972127378,0.07539914712850203,1.1688890671910352,1.2442882143195373,1.1321331211695203,0.01176922423603593,6.0
2026-09-21 06:30:00,0.00087435945,-0.10898238412300376,1.3799999691545963,12.46999972127378,0.07539914712850203,1.1688890671910352,1.2442882143195373,1.1361801896482335,0.01176922423603593,6.0
2026-09-21 06:40:00,0.00087435945,-0.10369143567205046,1.3799999691545963,12.46999972127378,0.07539914712850203,1.1688890671910352,1.2442882143195373,1.1414711380991869,0.01176922423603593,6.0
2026-09-21 06:50:00,0.00087435945,-0.09718911439912883,1.3799999691545963,12.46999972127378,0.07539914712850203,1.1688890671910352,1.2442882143195373,1.1479734593721085,0.01176922423603593,6.0
2026-09-21 07:00:00,0.00087435945,-0.08951864965056248,1.3799999691545963,12.46999972127378,0.07539914712850203,1.1688890671910352,1.2442882143195373,1.1556439241206748,0.01176922423603593,6.0
2026-09-21 07:10:00,0.00087435945,-0.08073434519432103,1.3799999691545963,12.46999972127378,0.07539914712850203,1.1688890671910352,1.2442882143195373,1.1644282285769163,0.01176922423603593,6.0
2026-09-21 07:20:00,0.00087435945,-0.07090160365310849,1.3799999691545963,12.46999972127378,0.07539914712850203,1.1688890671910352,1.2442882143195373,1.1742609701181288,0.01176922423603593,6.0
2026-09-21 07:30:00,0.00087435945,-0.06009656408922318,1.3799999691545963,12.46999972127378,0.07539914712850203,1.1688890671910352,1.2442882143195373,1.185066009682014,0.01176922423603593,6.0
2026-09-21 07:40:00,0.00087435945,-0.04840532824192054,1.3799999691545963,12.46999972127378,0.07539914712850203,1.1688890671910352,1.2442882143195373,1.1967572455293167,0.01176922423603593,6.0
2026-09-21 07:50:00,0.00087435945,-0.03592278924732037,1.3799999691545963,12.46999972127378,0.07539914712850203,1.1688890671910352,1.2442882143195373,1.209239784523917,0.01176922423603593,6.0
2026-09-21 08:00:00,0.00087435945,-0.0227511148504753,1.3799999691545963,12.46999972127378,0.07539914712850203,1.1688890671910352,1.2442882143195373,1.222411458920762,0.01176922423603593,6.0
2026-09-21 08:10:00,0.00087435945,-0.008997971371775387,1.3799999691545963,12.46999972127378,0.07539914712850203,1.1688890671910352,1.2442882143195373,1.236164602399462,0.01176922423603593,6.0
2026-09-21 08:20:00,0.00087435945,0.005225398862744586,1.3799999691545963,12.46999972127378,0.07539914712850203,1.1688890671910352,1.2442882143195373,1.250387972633982,0.01176922423603593,6.0
2026-09-21 08:30:00,0.00087435945,0.019806117710686705,1.3799999691545963,12.46999972127378,0.07539914712850203,1.1688890671910352,1.2442882143195373,1.264968691481924,0.01176922423603593,6.0
2026-09-21 08:40:00,0.00087435945,0.03463149638543814,1.3799999691545963,12.46999972127378,0.07539914712850203,1.1688890671910352,1.2442882143195373,1.2797940701566755,0.01176922423603593,6.0
2026-09-21 08:50:00,0.00087435945,0.04959062181537952,1.3799999691545963,12.46999972127378,0.07539914712850203,1.1688890671910352,1.2442882143195373,1.2947531955866167,0.01176922423603593,6.0
2026-09-21 09:00:00,0.00087435945,0.06457560143233664,1.3799999691545963,12.339999724179506,0.07461310950807658,1.1567033752315456,1.2313164847396223,1.296766445623659,0.01176922423603593,6.0
2026-09-21 09:10:00,0.00087435945,0.07948239458472166,1.3799999691545963,12.339999724179506,0.07461310950807658,1.1567033752315456,1.2313164847396223,1.311673238776044,0.01176922423603593,6.0
2026-09-21 09:20:00,0.00087435945,0.09421119677614655,1.3799999691545963,12.339999724179506,0.07461310950807658,1.1567033752315456,1.2313164847396223,1.3264020409674688,0.01176922423603593,6.0
2026-09-21 09:30:00,0.00087435945,0.10866638427112223,1.3799999691545963,12.339999724179506,0.07461310950807658,1.1567033752315456,1.2313164847396223,1.3408572284624445,0.01176922423603593,6.0
2026-09-21 09:40:00,0.00087435945,0.12275606709297926,1.3799999691545963,12.339999724179506,0.07461310950807658,1.1567033752315456,1.2313164847396223,1.3549469112843016,0.01176922423603593,6.0
2026-09-21 09:50:00,0.00087435945,0.13639133436977496,1.3799999691545963,12.339999724179506,0.07461310950807658,1.1567033752315456,1.2313164847396223,1.3685821785610972,0.01176922423603593,6.0
2026-09-21 10:00:00,0.00087435945,0.14948530358189158,1.3799999691545963,12.339999724179506,0.07461310950807658,1.1567033752315456,1.2313164847396223,1.3816761477732138,0.01176922423603593,6.0
2026-09-21 10:10:00,0.00087435945,0.16195210235150362,1.3799999691545963,12.339999724179506,0.07461310950807658,1.1567033752315456,1.2313164847396223,1.394142946542826,0.01176922423603593,6.0
2026-09-21 10:20:00,0.00087435945,0.1737059160300144,1.3799999691545963,12.339999724179506,0.07461310950807658,1.1567033752315456,1.2313164847396223,1.4058967602213368,0.01176922423603593,6.0
2026-09-21 10:30:00,0.00087435945,0.18466022672051127,1.3799999691545963,12.339999724179506,0.07461310950807658,1.1567033752315456,1.2313164847396223,1.4168510709118336,0.01176922423603593,6.0
2026-09-21 10:40:00,0.00087435945,0.19472735013072906,1.3799999691545963,12.339999724179506,0.07461310950807658,1.1567033752315456,1.2313164847396223,1.4269181943220515,0.01176922423603593,6.0
2026-09-21 10:50:00,0.00087435945,0.20381834818117167,1.3799999691545963,12.339999724179506,0.07461310950807658,1.1567033752315456,1.2313164847396223,1.436009192372494,0.01176922423603593,6.0
2026-09-21 11:00:00,0.00087435945,0.21184336048282287,1.3799999691545963,12.339999724179506,0.07461310950807658,1.1567033752315456,1.2313164847396223,1.4440342046741452,0.01176922423603593,6.0
2026-09-21 11:10:00,0.00087435945,0.21871236021375132,1.3799999691545963,12.339999724179506,0.07461310950807658,1.1567033752315456,1.2313164847396223,1.4509032044050736,0.01176922423603593,6.0
2026-09-21 11:20:00,0.00087435945,0.22433630330182006,1.3799999691545963,12.339999724179506,0.07461310950807658,1.1567033752315456,1.2313164847396223,1.4565271474931423,0.01176922423603593,6.0
2026-09-21 11:30:00,0.00087435945,0.22862860761986478,1.3799999691545963,12.339999724179506,0.07461310950807658,1.1567033752315456,1.2313164847396223,1.460819451811187,0.01176922423603593,6.0
2026-09-21 11:40:00,0.00087435945,0.23150687399254252,1.3799999691545963,12.339999724179506,0.07461310950807658,1.1567033752315456,1.2313164847396223,1.4636977181838648,0.01176922423603593,6.0
2026-09-21 11:50:00,0.00087435945,0.23289474527003326,1.3799999691545963,12.339999724179506,0.07461310950807658,1.1567033752315456,1.2313164847396223,1.4650855894613555,0.01176922423603593,6.0
2026-09-21 12:00:00,0.00087435945,0.23272379439205448,1.3699999693781137,12.259999725967646,0.07386032095076132,1.145033132953438,1.2188934539041993,1.452491607747954,0.01176922423603593,6.0
2026-09-21 12:10:00,0.00087435945,0.2309353371908734,1.3699999693781137,12.259999725967646,0.07386032095076132,1.145033132953438,1.2188934539041993,1.4507031505467727,0.01176922423603593,6.0
2026-09-21 12:20:00,0.00087435945,0.22748207935994344,1.3699999693781137,12.259999725967646,0.07386032095076132,1.145033132953438,1.2188934539041993,1.4472498927158428,0.01176922423603593,6.0
2026-09-21 12:30:00,0.00087435945,0.22232952742831041,1.3699999693781137,12.259999725967646,0.07386032095076132,1.145033132953438,1.2188934539041993,1.4420973407842097,0.01176922423603593,6.0
2026-09-21 12:40:00,0.00087435945,0.21545711812008855,1.3699999693781137,12.259999725967646,0.07386032095076132,1.145033132953438,1.2188934539041993,1.435224931475988,0.01176922423603593,6.0
2026-09-21 12:50:00,0.00087435945,0.20685904593230384,1.3699999693781137,12.259999725967646,0.07386032095076132,1.145033132953438,1.2188934539041993,1.4266268592882032,0.01176922423603593,6.0
2026-09-21 13:00:00,0.00087435945,0.19654479256457508,1.3699999693781137,12.259999725967646,0.07386032095076132,1.145033132953438,1.2188934539041993,1.4163126059204745,0.01176922423603593,6.0
2026-09-21 13:10:00,0.00087435945,0.18453938095008313,1.3699999693781137,12.259999725967646,0.07386032095076132,1.145033132953438,1.2188934539041993,1.4043071943059824,0.01176922423603593,6.0
2026-09-21 13:20:00,0.00087435945,0.17088338992349894,1.3699999693781137,12.259999725967646,0.07386032095076132,1.145033132953438,1.2188934539041993,1.3906512032793983,0.01176922423603593,6.0
2026-09-21 13:30:00,0.00087435945,0.15563277131716458,1.3699999693781137,12.259999725967646,0.07386032095076132,1.145033132953438,1.2188934539041993,1.375400584673064,0.01176922423603593,6.0
2026-09-21 13:40:00,0.00087435945,0.1388585101754652,1.3699999693781137,12.259999725967646,0.07386032095076132,1.145033132953438,1.2188934539041993,1.3586263235313645,0.01176922423603593,6.0
2026-09-21 13:50:00,0.00087435945,0.12064616133085851,1.3699999693781137,12.259999725967646,0.07386032095076132,1.145033132953438,1.2188934539041993,1.3404139746867578,0.01176922423603593,6.0
2026-09-21 14:00:00,0.00087435945,0.1010952835466114,1.3699999693781137,12.259999725967646,0.07386032095076132,1.145033132953438,1.2188934539041993,1.3208630969025108,0.01176922423603593,6.0
2026-09-21 14:10:00,0.00087435945,0.08031877834561671,1.3699999693781137,12.259999725967646,0.07386032095076132,1.145033132953438,1.2188934539041993,1.300086591701516,0.01176922423603593,6.0
2026-09-21 14:20:00,0.00087435945,0.058442126416305085,1.3699999693781137,12.259999725967646,0.07386032095076132,1.145033132953438,1.2188934539041993,1.2782099397722044,0.01176922423603593,6.0
2026-09-21 14:30:00,0.00087435945,0.035602503282942746,1.3699999693781137,12.259999725967646,0.07386032095076132,1.145033132953438,1.2188934539041993,1.2553703166388421,0.01176922423603593,6.0
2026-09-21 14:40:00,0.00087435945,0.01194774883402075,1.3699999693781137,12.259999725967646,0.07386032095076132,1.145033132953438,1.2188934539041993,1.23171556218992,0.01176922423603593,6.0
2026-09-21 14:50:00,0.00087435945,-0.012364835273956992,1.3699999693781137,12.259999725967646,0.07386032095076132,1.145033132953438,1.2188934539041993,1.2074029780819424,0.01176922423603593,6.0
2026-09-21 15:00:00,0.00087435945,-0.03716988093896251,1.3699999693781137,12.179999727755785,0.07337836127082162,1.1375614648754384,1.21093982614626,1.1746443046589976,0.01176922423603593,6.0
2026-09-21 15:10:00,0.00087435945,-0.062295550355907246,1.3699999693781137,12.179999727755785,0.07337836127082162,1.1375614648754384,1.21093982614626,1.1495186352420528,0.01176922423603593,6.0
2026-09-21 15:20:00,0.00087435945,-0.08756532630514056,1.3699999693781137,12.179999727755785,0.07337836127082162,1.1375614648754384,1.21093982614626,1.1242488592928195,0.01176922423603593,6.0
2026-09-21 15:30:00,0.00087435945,-0.11279996864264456,1.3699999693781137,12.179999727755785,0.07337836127082162,1.1375614648754384,1.21093982614626,1.0990142169553154,0.01176922423603593,6.0
2026-09-21 15:40:00,0.00087435945,-0.1378195895847545,1.3699999693781137,12.179999727755785,0.07337836127082162,1.1375614648754384,1.21093982614626,1.0739945960132056,0.01176922423603593,6.0
2026-09-21 15:50:00,0.00087435945,-0.16244578274800334,1.3699999693781137,12.179999727755785,0.07337836127082162,1.1375614648754384,1.21093982614626,1.0493684028499568,0.01176922423603593,6.0
2026-09-21 16:00:00,0.00087435945,-0.18650372765346235,1.3699999693781137,12.179999727755785,0.07337836127082162,1.1375614648754384,1.21093982614626,1.0253104579444976,0.01176922423603593,6.0
2026-09-21 16:10:00,0.00087435945,-0.20982418527441976,1.3699999693781137,12.179999727755785,0.07337836127082162,1.1375614648754384,1.21093982614626,1.0019900003235402,0.01176922423603593,6.0
2026-09-21 16:20:00,0.00087435945,-0.23224530169453167,1.3699999693781137,12.179999727755785,0.07337836127082162,1.1375614648754384,1.21093982614626,0.9795688839034284,0.01176922423603593,6.0
2026-09-21 16:30:00,0.00087435945,-0.25361414731711907,1.3699999693781137,12.179999727755785,0.07337836127082162,1.1375614648754384,1.21093982614626,0.958200038280841,0.01176922423603593,6.0
2026-09-21 16:40:00,0.00087435945,-0.2737879369186417,1.3699999693781137,12.179999727755785,0.07337836127082162,1.1375614648754384,1.21093982614626,0.9380262486793184,0.01176922423603593,6.0
2026-09-21 16:50:00,0.00087435945,-0.2926349003077944,1.3699999693781137,12.179999727755785,0.07337836127082162,1.1375614648754384,1.21093982614626,0.9191792852901657,0.01176922423603593,6.0
2026-09-21 17:00:00,0.00087435945,-0.31003480158375885,1.3699999693781137,12.179999727755785,0.07337836127082162,1.1375614648754384,1.21093982614626,0.9017793840142012,0.01176922423603593,6.0
2026-09-21 17:10:00,0.00087435945,-0.32587913434005245,1.3699999693781137,12.179999727755785,0.07337836127082162,1.1375614648754384,1.21093982614626,0.8859350512579076,0.01176922423603593,6.0
2026-09-21 17:20:00,0.00087435945,-0.34007104740161986,1.3699999693781137,12.179999727755785,0.07337836127082162,1.1375614648754384,1.21093982614626,0.8717431381963402,0.01176922423603593,6.0
2026-09-21 17:30:00,0.00087435945,-0.3525250776845927,1.3699999693781137,12.179999727755785,0.07337836127082162,1.1375614648754384,1.21093982614626,0.8592891079133673,0.01176922423603593,6.0
2026-09-21 17:40:00,0.00087435945,-0.3631667811290422,1.3699999693781137,12.179999727755785,0.07337836127082162,1.1375614648754384,1.21093982614626,0.8486474044689178,0.01176922423603593,6.0
2026-09-21 17:50:00,0.00087435945,-0.37193235737515734,1.3699999693781137,12.179999727755785,0.07337836127082162,1.1375614648754384,1.21093982614626,0.8398818282228027,0.01176922423603593,6.0
2026-09-21 18:00:00,0.00087435945,-0.3787683582960253,1.3499999698251486,12.129999728873372,0.07254176562381351,1.1245919878629098,1.1971337534867232,0.819239754642398,0.01176922423603593,6.0
2026-09-21 18:10:00,0.00087435945,-0.38363155488441,1.3499999698251486,12.129999728873372,0.07254176562381351,1.1245919878629098,1.1971337534867232,0.8143765580540132,0.01176922423603593,6.0
2026-09-21 18:20:00,0.00087435945,-0.3864890127987078,1.3499999698251486,12.129999728873372,0.07254176562381351,1.1245919878629098,1.1971337534867232,0.8115191001397155,0.01176922423603593,6.0
2026-09-21 18:30:00,0.00087435945,-0.3873183964963059,1.3499999698251486,12.129999728873372,0.07254176562381351,1.1245919878629098,1.1971337534867232,0.8106897164421174,0.01176922423603593,6.0
2026-09-21 18:40:00,0.00087435945,-0.3861084885339879,1.3499999698251486,12.129999728873372,0.07254176562381351,1.1245919878629098,1.1971337534867232,0.8118996244044354,0.01176922423603593,6.0
2026-09-21 18:50:00,0.00087435945,-0.3828598777573333,1.3499999698251486,12.129999728873372,0.07254176562381351,1.1245919878629098,1.1971337534867232,0.8151482351810899,0.01176922423603593,6.0
2026-09-21 19:00:00,0.00087435945,-0.37758574154538094,1.3499999698251486,12.129999728873372,0.07254176562381351,1.1245919878629098,1.1971337534867232,0.8204223713930423,0.01176922423603593,6.0
2026-09-21 19:10:00,0.00087435945,-0.37031262593470554,1.3499999698251486,12.129999728873372,0.07254176562381351,1.1245919878629098,1.1971337534867232,0.8276954870037176,0.01176922423603593,6.0
2026-09-21 19:20:00,0.00087435945,-0.3610811162623195,1.3499999698251486,12.129999728873372,0.07254176562381351,1.1245919878629098,1.1971337534867232,0.8369269966761037,0.01176922423603593,6.0
2026-09-21 19:30:00,0.00087435945,-0.3499462909900348,1.3499999698251486,12.129999728873372,0.07254176562381351,1.1245919878629098,1.1971337534867232,0.8480618219483884,0.01176922423603593,6.0
2026-09-21 19:40:00,0.00087435945,-0.33697786328909907,1.3499999698251486,12.129999728873372,0.07254176562381351,1.1245919878629098,1.1971337534867232,0.8610302496493242,0.01176922423603593,6.0
2026-09-21 19:50:00,0.00087435945,-0.3222599376297402,1.3499999698251486,12.129999728873372,0.07254176562381351,1.1245919878629098,1.1971337534867232,0.8757481753086831,0.01176922423603593,6.0
2026-09-21 20:00:00,0.00087435945,-0.3058903399383268,1.3499999698251486,12.129999728873372,0.07254176562381351,1.1245919878629098,1.1971337534867232,0.8921177730000964,0.01176922423603593,6.0
2026-09-21 20:10:00,0.00087435945,-0.28797951696773316,1.3499999698251486,12.129999728873372,0.07254176562381351,1.1245919878629098,1.1971337534867232,0.9100285959706901,0.01176922423603593,6.0
2026-09-21 20:20:00,0.00087435945,-0.2686490393272509,1.3499999698251486,12.129999728873372,0.07254176562381351,1.1245919878629098,1.1971337534867232,0.9293590736111723,0.01176922423603593,6.0
2026-09-21 20:30:00,0.00087435945,-0.24802977964676826,1.3499999698251486,12.129999728873372,0.07254176562381351,1.1245919878629098,1.1971337534867232,0.9499783332916549,0.01176922423603593,6.0
2026-09-21 20:40:00,0.00087435945,-0.226259868123918,1.3499999698251486,12.129999728873372,0.07254176562381351,1.1245919878629098,1.1971337534867232,0.9717482448145053,0.01176922423603593,6.0
2026-09-21 20:50:00,0.00087435945,-0.20348254977709557,1.3499999698251486,12.129999728873372,0.07254176562381351,1.1245919878629098,1.1971337534867232,0.9945255631613277,0.01176922423603593,6.0
2026-09-21 21:00:00,0.00087435945,-0.17984407781790243,1.3299999702721834,12.069999730214477,0.07164626042131202,1.1107092546930935,1.1823555151144054,1.003385796748203,0.01176922423603593,6.0
2026-09-21 21:10:00,0.00087435945,-0.15549177540001763,1.3299999702721834,12.069999730214477,0.07164626042131202,1.1107092546930935,1.1823555151144054,1.0277380991660878,0.01176922423603593,6.0
2026-09-21 21:20:00,0.00087435945,-0.13057238283318198,1.3299999702721834,12.069999730214477,0.07164626042131202,1.1107092546930935,1.1823555151144054,1.0526574917329234,0.01176922423603593,6.0
2026-09-21 21:30:00,0.00087435945,-0.10523078123149945,1.3299999702721834,12.069999730214477,0.07164626042131202,1.1107092546930935,1.1823555151144054,1.077999093334606,0.01176922423603593,6.0
2026-09-21 21:40:00,0.00087435945,-0.07960914854951473,1.3299999702721834,12.069999730214477,0.07164626042131202,1.1107092546930935,1.1823555151144054,1.1036207260165907,0.01176922423603593,6.0
2026-09-21 21:50:00,0.00087435945,-0.05384656365259555,1.3299999702721834,12.069999730214477,0.07164626042131202,1.1107092546930935,1.1823555151144054,1.1293833109135099,0.01176922423603593,6.0
2026-09-21 22:00:00,0.00087435945,-0.02807903251324556,1.3299999702721834,12.069999730214477,0.07164626042131202,1.1107092546930935,1.1823555151144054,1.1551508420528598,0.01176922423603593,6.0
2026-09-21 22:10:00,0.00087435945,-0.0024398714731672304,1.3299999702721834,12.069999730214477,0.07164626042131202,1.1107092546930935,1.1823555151144054,1.1807900030929381,0.01176922423603593,6.0
2026-09-21 22:20:00,0.00087435945,0.022939649867801313,1.3299999702721834,12.069999730214477,0.07164626042131202,1.1107092546930935,1.1823555151144054,1.2061695244339068,0.01176922423603593,6.0
2026-09-21 22:30:00,0.00087435945,0.04792952674231179,1.3299999702721834,12.069999730214477,0.07164626042131202,1.1107092546930935,1.1823555151144054,1.2311594013084173,0.01176922423603593,6.0
2026-09-21 22:40:00,0.00087435945,0.07240023017649655,1.3299999702721834,12.069999730214477,0.07164626042131202,1.1107092546930935,1.1823555151144054,1.255630104742602,0.01176922423603593,6.0
2026-09-21 22:50:00,0.00087435945,0.09622204167798272,1.3299999702721834,12.069999730214477,0.07164626042131202,1.1107092546930935,1.1823555151144054,1.279451916244088,0.01176922423603593,6.0
2026-09-21 23:00:00,0.00087435945,0.11926462914810439,1.3299999702721834,12.069999730214477,0.07164626042131202,1.1107092546930935,1.1823555151144054,1.3024945037142097,0.01176922423603593,6.0
2026-09-21 23:10:00,0.00087435945,0.14139695765914123,1.3299999702721834,12.069999730214477,0.07164626042131202,1.1107092546930935,1.1823555151144054,1.3246268322252466,0.01176922423603593,6.0
2026-09-21 23:20:00,0.00087435945,0.1624875968235292,1.3299999702721834,12.069999730214477,0.07164626042131202,1.1107092546930935,1.1823555151144054,1.3457174713896345,0.01176922423603593,6.0
2026-09-21 23:30:00,0.00087435945,0.18240544984076806,1.3299999702721834,12.069999730214477,0.07164626042131202,1.1107092546930935,1.1823555151144054,1.3656353244068735,0.01176922423603593,6.0
2026-09-21 23:40:00,0.00087435945,0.20102089171281062,1.3299999702721834,12.069999730214477,0.07164626042131202,1.1107092546930935,1.1823555151144054,1.384250766278916,0.01176922423603593,6.0
2026-09-21 23:50:00,0.00087435945,0.21820726906277066,1.3299999702721834,12.069999730214477,0.07164626042131202,1.1107092546930935,1.1823555151144054,1.401437143628876,0.01176922423603593,6.0
2026-09-22 00:00:00,0.00087435945,0.2338426848738168,1.3299999702721834,12.069999730214477,0.07164626042131202,1.1107092546930935,1.1823555151144054,1.4170725594399223,0.01176922423603593,6.0
2026-09-22 00:10:00,,0.24781197067910257,,,,,,,0.01176922423603593,6.0
2026-09-22 00:20:00,,0.26000873785734696,,,,,,,0.01176922423603593,6.0
2026-09-22 00:30:00,,0.2703373991482358,,,,,,,0.01176922423603593,6.0
2026-09-22 00:40:00,,0.2787150605785427,,,,,,,0.01176922423603593,6.0
2026-09-22 00:50:00,,0.28507320105887185,,,,,,,0.01176922423603593,6.0
2026-09-22 01:00:00,,0.28935907953108153,,,,,,,0.01176922423603593,6.0
2026-09-22 01:10:00,,0.29153683475645414,,,,,,,0.01176922423603593,6.0
2026-09-22 01:20:00,,0.2915882678496739,,,,,,,0.01176922423603593,6.0
2026-09-22 01:30:00,,0.28951331935803654,,,,,,,0.01176922423603593,6.0
2026-09-22 01:40:00,,0.2853302693385678,,,,,,,0.01176922423603593,6.0
2026-09-22 01:50:00,,0.27907569855594555,,,,,,,0.01176922423603593,6.0
2026-09-22 02:00:00,,0.27080425157284693,,,,,,,0.01176922423603593,6.0
2026-09-22 02:10:00,,0.2605882382720428,,,,,,,0.01176922423603593,6.0
2026-09-22 02:20:00,,0.24851710065790944,,,,,,,0.01176922423603593,6.0
2026-09-22 02:30:00,,0.23469675881086857,,,,,,,0.01176922423603593,6.0
2026-09-22 02:40:00,,0.2192488354907328,,,,,,,0.01176922423603593,6.0
2026-09-22 02:50:00,,0.20230974636575963,,,,,,,0.01176922423603593,6.0
2026-09-22 03:00:00,,0.18402963348939075,,,,,,,0.01176922423603593,6.0
2026-09-22 03:10:00,,0.16457111613741848,,,,,,,0.01176922423603593,6.0
2026-09-22 03:20:00,,0.14410783554466636,,,,,,,0.01176922423603593,6.0
2026-09-22 03:30:00,,0.1228227792517615,,,,,,,0.01176922423603593,6.0
2026-09-22 03:40:00,,0.10090638533646955,,,,,,,0.01176922423603593,6.0
2026-09-22 03:50:00,,0.07855444550489751,,,,,,,0.01176922423603593,6.0
2026-09-22 04:00:00,,0.05596584643190199,,,,,,,0.01176922423603593,6.0
2026-09-22 04:10:00,,0.033340208221028074,,,,,,,0.01176922423603593,6.0
2026-09-22 04:20:00,,0.010875495094987666,,,,,,,0.01176922423603593,6.0
2026-09-22 04:30:00,,-0.01123431644059724,,,,,,,0.01176922423603593,6.0
2026-09-22 04:40:00,,-0.03280142376171298,,,,,,,0.01176922423603593,6.0
2026-09-22 04:50:00,,-0.0536461561912941,,,,,,,0.01176922423603593,6.0
2026-09-22 05:00:00,,-0.07359863644810305,,,,,,,0.01176922423603593,6.0
2026-09-22 05:10:00,,-0.0925000983253191,,,,,,,0.01176922423603593,6.0
2026-09-22 05:20:00,,-0.11020384006141415,,,,,,,0.01176922423603593,6.0
2026-09-22 05:30:00,,-0.12657582220137584,,,,,,,0.01176922423603593,6.0
2026-09-22 05:40:00,,-0.1414949477101373,,,,,,,0.01176922423603593,6.0
2026-09-22 05:50:00,,-0.15485308743760548,,,,,,,0.01176922423603593,6.0
2026-09-22 06:00:00,,-0.16655493303989116,,,,,,,0.01176922423603593,6.0
2026-09-22 06:10:00,,-0.17651776972396804,,,,,,,0.01176922423603593,6.0
2026-09-22 06:20:00,,-0.18467126146345686,,,,,,,0.01176922423603593,6.0
2026-09-22 06:30:00,,-0.19095733128623543,,,,,,,0.01176922423603593,6.0
2026-09-22 06:40:00,,-0.19533019973601515,,,,,,,0.01176922423603593,6.0
2026-09-22 06:50:00,,-0.1977566175589821,,,,,,,0.01176922423603593,6.0
2026-09-22 07:00:00,,-0.1982162969170815,,,,,,,0.01176922423603593,6.0
2026-09-22 07:10:00,,-0.1967025122295539,,,,,,,0.01176922423603593,6.0
2026-09-22 07:20:00,,-0.19322281100497748,,,,,,,0.01176922423603593,6.0
2026-09-22 07:30:00,,-0.18779974979481695,,,,,,,0.01176922423603593,6.0
2026-09-22 07:40:00,,-0.1804715541118074,,,,,,,0.01176922423603593,6.0
2026-09-22 07:50:00,,-0.1712925953547573,,,,,,,0.01176922423603593,6.0
2026-09-22 08:00:00,,-0.16033358386721644,,,,,,,0.01176922423603593,6.0
2026-09-22 08:10:00,,-0.1476813945726976,,,,,,,0.01176922423603593,6.0
2026-09-22 08:20:00,,-0.13343846893435132,,,,,,,0.01176922423603593,6.0
2026-09-22 08:30:00,,-0.11772177153749168,,,,,,,0.01176922423603593,6.0
2026-09-22 08:40:00,,-0.10066131795252653,,,,,,,0.01176922423603593,6.0
2026-09-22 08:50:00,,-0.08239832903079261,,,,,,,0.01176922423603593,6.0
2026-09-22 09:00:00,,-0.06308310104924612,,,,,,,0.01176922423603593,6.0
2026-09-22 09:10:00,,-0.04287270814016762,,,,,,,0.01176922423603593,6.0
2026-09-22 09:20:00,,-0.02192866965888237,,,,,,,0.01176922423603593,6.0
2026-09-22 09:30:00,,-0.0004147194386751818,,,,,,,0.01176922423603593,6.0
2026-09-22 09:40:00,,0.021505194969787974,,,,,,,0.01176922423603593,6.0
2026-09-22 09:50:00,,0.04366857575066952,,,,,,,0.01176922423603593,6.0
2026-09-22 10:00:00,,0.06591562469387861,,,,,,,0.01176922423603593,6.0
2026-09-22 10:10:00,,0.08809004147362687,,,,,,,0.01176922423603593,6.0
2026-09-22 10:20:00,,0.11003937393429405,,,,,,,0.01176922423603593,6.0
2026-09-22 10:30:00,,0.1316149652197884,,,,,,,0.01176922423603593,6.0
2026-09-22 10:40:00,,0.15267157901046843,,,,,,,0.01176922423603593,6.0
2026-09-22 10:50:00,,0.17306681275330588,,,,,,,0.01176922423603593,6.0
2026-09-22 11:00:00,,0.1926604265031682,,,,,,,0.01176922423603593,6.0
2026-09-22 11:10:00,,0.21131372060368417,,,,,,,0.01176922423603593,6.0
2026-09-22 11:20:00,,0.22888908841296396,,,,,,,0.01176922423603593,6.0
2026-09-22 11:30:00,,0.2452498516904917,,,,,,,0.01176922423603593,6.0
2026-09-22 11:40:00,,0.26026045814709486,,,,,,,0.01176922423603593,6.0
2026-09-22 11:50:00,,0.27378708597977963,,,,,,,0.01176922423603593,6.0
2026-09-22 12:00:00,,0.285698662551444,,,,,,,0.01176922423603593,6.0
2026-09-22 12:10:00,,0.29586826740650346,,,,,,,0.01176922423603593,6.0
2026-09-22 12:20:00,,0.30417485707431313,,,,,,,0.01176922423603593,6.0
2026-09-22 12:30:00,,0.3105052235307696,,,,,,,0.01176922423603593,6.0
2026-09-22 12:40:00,,0.31475608181633397,,,,,,,0.01176922423603593,6.0
2026-09-22 12:50:00,,0.31683617619495424,,,,,,,0.01176922423603593,6.0
2026-09-22 13:00:00,,0.3166682982649387,,,,,,,0.01176922423603593,6.0
2026-09-22 13:10:00,,0.3141911234043424,,,,,,,0.01176922423603593,6.0
2026-09-22 13:20:00,,0.3093607918778271,,,,,,,0.01176922423603593,6.0
2026-09-22 13:30:00,,0.30215218503198094,,,,,,,0.01176922423603593,6.0
2026-09-22 13:40:00,,0.2925598724594899,,,,,,,0.01176922423603593,6.0
2026-09-22 13:50:00,,0.28059872968757743,,,,,,,0.01176922423603593,6.0
2026-09-22 14:00:00,,0.26630424556686544,,,,,,,0.01176922423603593,6.0
2026-09-22 14:10:00,,0.24973255196908103,,,,,,,0.01176922423603593,6.0
2026-09-22 14:20:00,,0.23096021492015736,,,,,,,0.01176922423603593,6.0
2026-09-22 14:30:00,,0.21008382569009398,,,,,,,0.01176922423603593,6.0
2026-09-22 14:40:00,,0.18721942352064905,,,,,,,0.01176922423603593,6.0
2026-09-22 14:50:00,,0.16250177044801445,,,,,,,0.01176922423603593,6.0
2026-09-22 15:00:00,,0.13608348492096842,,,,,,,0.01176922423603593,6.0
2026-09-22 15:10:00,,0.10813402759886945,,,,,,,0.01176922423603593,6.0
2026-09-22 15:20:00,,0.07883852163954445,,,,,,,0.01176922423603593,6.0
2026-09-22 15:30:00,,0.04839638357636746,,,,,,,0.01176922423603593,6.0
2026-09-22 15:40:00,,0.017019740376846698,,,,,,,0.01176922423603593,6.0
2026-09-22 15:50:00,,-0.015068385559492747,,,,,,,0.01176922423603593,6.0
2026-09-22 16:00:00,,-0.04763612948255193,,,,,,,0.01176922423603593,6.0
2026-09-22 16:10:00,,-0.08044506435589549,,,,,,,0.01176922423603593,6.0
2026-09-22 16:20:00,,-0.11325267662202337,,,,,,,0.01176922423603593,6.0
2026-09-22 16:30:00,,-0.14581498585819813,,,,,,,0.01176922423603593,6.0
2026-09-22 16:40:00,,-0.17788923796237707,,,,,,,0.01176922423603593,6.0
2026-09-22 16:50:00,,-0.20923658781920637,,,,,,,0.01176922423603593,6.0
2026-09-22 17:00:00,,-0.23962468029747658,,,,,,,0.01176922423603593,6.0
2026-09-22 17:10:00,,-0.2688300396168334,,,,,,,0.01176922423603593,6.0
2026-09-22 17:20:00,,-0.29664018676652415,,,,,,,0.01176922423603593,6.0
2026-09-22 17:30:00,,-0.3228554224308289,,,,,,,0.01176922423603593,6.0
2026-09-22 17:40:00,,-0.3472902371443033,,,,,,,0.01176922423603593,6.0
2026-09-22 17:50:00,,-0.3697743388852146,,,,,,,0.01176922423603593,6.0
2026-09-22 18:00:00,,-0.39015331812517945,,,,,,,0.01176922423603593,6.0
2026-09-22 18:10:00,,-0.4082889982595181,,,,,,,0.01176922423603593,6.0
2026-09-22 18:20:00,,-0.42405954236625076,,,,,,,0.01176922423603593,6.0
2026-09-22 18:30:00,,-0.4373594026673902,,,,,,,0.01176922423603593,6.0
2026-09-22 18:40:00,,-0.44809920511291135,,,,,,,0.01176922423603593,6.0
2026-09-22 18:50:00,,-0.4562056572471713,,,,,,,0.01176922423603593,6.0
2026-09-22 19:00:00,,-0.46162155324188137,,,,,,,0.01176922423603593,6.0
2026-09-22 19:10:00,,-0.4643059270098614,,,,,,,0.01176922423603593,6.0
2026-09-22 19:20:00,,-0.46423437506360743,,,,,,,0.01176922423603593,6.0
2026-09-22 19:30:00,,-0.4613995382926767,,,,,,,0.01176922423603593,6.0
2026-09-22 19:40:00,,-0.45581169974688174,,,,,,,0.01176922423603593,6.0
2026-09-22 19:50:00,,-0.4474994272958002,,,,,,,0.01176922423603593,6.0
2026-09-22 20:00:00,,-0.43651016910411244,,,,,,,0.01176922423603593,6.0
2026-09-22 20:10:00,,-0.4229106985446212,,,,,,,0.01176922423603593,6.0
2026-09-22 20:20:00,,-0.4067873052718781,,,,,,,0.01176922423603593,6.0
2026-09-22 20:30:00,,-0.38824564082409346,,,,,,,0.01176922423603593,6.0
2026-09-22 20:40:00,,-0.3674101495467505,,,,,,,0.01176922423603593,6.0
2026-09-22 20:50:00,,-0.3444230468369284,,,,,,,0.01176922423603593,6.0
2026-09-22 21:00:00,,-0.3194428434745535,,,,,,,0.01176922423603593,6.0
2026-09-22 21:10:00,,-0.29264245371517567,,,,,,,0.01176922423603593,6.0
2026-09-22 21:20:00,,-0.264206961611974,,,,,,,0.01176922423603593,6.0
2026-09-22 21:30:00,,-0.2343311511824676,,,,,,,0.01176922423603593,6.0
2026-09-22 21:40:00,,-0.2032169279517451,,,,,,,0.01176922423603593,6.0
2026-09-22 21:50:00,,-0.17107076996042436,,,,,,,0.01176922423603593,6.0
2026-09-22 22:00:00,,-0.13810134410303115,,,,,,,0.01176922423603593,6.0
2026-09-22 22:10:00,,-0.10451740874011278,,,,,,,0.01176922423603593,6.0
2026-09-22 22:20:00,,-0.07052609734194064,,,,,,,0.01176922423603593,6.0
2026-09-22 22:30:00,,-0.036331642776948656,,,,,,,0.01176922423603593,6.0
2026-09-22 22:40:00,,-0.002134561324838131,,,,,,,0.01176922423603593,6.0
2026-09-22 22:50:00,,0.031868726604634995,,,,,,,0.01176922423603593,6.0
2026-09-22 23:00:00,,0.06548590165156609,,,,,,,0.01176922423603593,6.0
2026-09-22 23:10:00,,0.0985284723793907,,,,,,,0.01176922423603593,6.0
2026-09-22 23:20:00,,0.1308113434065574,,,,,,,0.01176922423603593,6.0
2026-09-22 23:30:00,,0.1621523564677518,,,,,,,0.01176922423603593,6.0
2026-09-22 23:40:00,,0.19237193562999463,,,,,,,0.01176922423603593,6.0
2026-09-22 23:50:00,,0.22129295510571687,,,,,,,0.01176922423603593,6.0
