,SSH_10min,Tide_10min,Significant_Wave_Height,Peak_Wave_Period,Wave_Setup,Wave_Swash,Wave_Runup,Total_Water_Level,beach_slope,water_depth
2026-10-02 00:00:00,0.14341506,-0.5061617402644992,0.6199999861419201,11.099999751895666,0.2384655975239557,0.8593170905946746,1.0977826881186303,0.7350360114737448,0.06238703000811537,7.0
2026-10-02 00:10:00,0.14341506,-0.5234171878849138,0.6199999861419201,11.099999751895666,0.2384655975239557,0.8593170905946746,1.0977826881186303,0.7177805638533302,0.06238703000811537,7.0
2026-10-02 00:20:00,0.14341506,-0.5358489148231717,0.6199999861419201,11.099999751895666,0.2384655975239557,0.8593170905946746,1.0977826881186303,0.7053488369150723,0.06238703000811537,7.0
2026-10-02 00:30:00,0.14341506,-0.5433606899726937,0.6199999861419201,11.099999751895666,0.2384655975239557,0.8593170905946746,1.0977826881186303,0.6978370617655503,0.06238703000811537,7.0
2026-10-02 00:40:00,0.14341506,-0.5459223841280637,0.6199999861419201,11.099999751895666,0.2384655975239557,0.8593170905946746,1.0977826881186303,0.6952753676101803,0.06238703000811537,7.0
2026-10-02 00:50:00,0.14341506,-0.5435673486377121,0.6199999861419201,11.099999751895666,0.2384655975239557,0.8593170905946746,1.0977826881186303,0.6976304031005319,0.06238703000811537,7.0
2026-10-02 01:00:00,0.14341506,-0.5363880879713745,0.6199999861419201,11.099999751895666,0.2384655975239557,0.8593170905946746,1.0977826881186303,0.7048096637668695,0.06238703000811537,7.0
2026-10-02 01:10:00,0.14341506,-0.524530670017129,0.6199999861419201,11.099999751895666,0.2384655975239557,0.8593170905946746,1.0977826881186303,0.7166670817211149,0.06238703000811537,7.0
2026-10-02 01:20:00,0.14341506,-0.5081883654233412,0.6199999861419201,11.099999751895666,0.2384655975239557,0.8593170905946746,1.0977826881186303,0.7330093863149028,0.06238703000811537,7.0
2026-10-02 01:30:00,0.14341506,-0.48759500227445096,0.6199999861419201,11.099999751895666,0.2384655975239557,0.8593170905946746,1.0977826881186303,0.753602749463793,0.06238703000811537,7.0
2026-10-02 01:40:00,0.14341506,-0.4630184672797381,0.6199999861419201,11.099999751895666,0.2384655975239557,0.8593170905946746,1.0977826881186303,0.7781792844585058,0.06238703000811537,7.0
2026-10-02 01:50:00,0.14341506,-0.4347546887855674,0.6199999861419201,11.099999751895666,0.2384655975239557,0.8593170905946746,1.0977826881186303,0.8064430629526766,0.06238703000811537,7.0
2026-10-02 02:00:00,0.14341506,-0.40312231305364504,0.6199999861419201,11.099999751895666,0.2384655975239557,0.8593170905946746,1.0977826881186303,0.838075438684599,0.06238703000811537,7.0
2026-10-02 02:10:00,0.14341506,-0.36845814963469253,0.6199999861419201,11.099999751895666,0.2384655975239557,0.8593170905946746,1.0977826881186303,0.8727396021035514,0.06238703000811537,7.0
2026-10-02 02:20:00,0.14341506,-0.33111333122512593,0.6199999861419201,11.099999751895666,0.2384655975239557,0.8593170905946746,1.0977826881186303,0.910084420513118,0.06238703000811537,7.0
2026-10-02 02:30:00,0.14341506,-0.2914500241774821,0.6199999861419201,11.099999751895666,0.2384655975239557,0.8593170905946746,1.0977826881186303,0.9497477275607619,0.06238703000811537,7.0
2026-10-02 02:40:00,0.14341506,-0.2498384507907579,0.6199999861419201,11.099999751895666,0.2384655975239557,0.8593170905946746,1.0977826881186303,0.9913593009474861,0.06238703000811537,7.0
2026-10-02 02:50:00,0.14341506,-0.20665395264557984,0.6199999861419201,11.099999751895666,0.2384655975239557,0.8593170905946746,1.0977826881186303,1.0345437990926643,0.06238703000811537,7.0
2026-10-02 03:00:00,0.14341506,-0.16227383835130246,0.6099999863654375,10.869999757036567,0.23163350137602348,0.8346974513449735,1.066330952720997,1.0474721779893081,0.06238703000811537,7.0
2026-10-02 03:10:00,0.14341506,-0.11707381730237139,0.6099999863654375,10.869999757036567,0.23163350137602348,0.8346974513449735,1.066330952720997,1.0926721990382393,0.06238703000811537,7.0
2026-10-02 03:20:00,0.14341506,-0.07142391476296621,0.6099999863654375,10.869999757036567,0.23163350137602348,0.8346974513449735,1.066330952720997,1.1383221015776444,0.06238703000811537,7.0
2026-10-02 03:30:00,0.14341506,-0.025683880980682795,0.6099999863654375,10.869999757036567,0.23163350137602348,0.8346974513449735,1.066330952720997,1.1840621353599279,0.06238703000811537,7.0
2026-10-02 03:40:00,0.14341506,0.0198017679491389,0.6099999863654375,10.869999757036567,0.23163350137602348,0.8346974513449735,1.066330952720997,1.2295477842897495,0.06238703000811537,7.0
2026-10-02 03:50:00,0.14341506,0.06470882341880324,0.6099999863654375,10.869999757036567,0.23163350137602348,0.8346974513449735,1.066330952720997,1.274454839759414,0.06238703000811537,7.0
2026-10-02 04:00:00,0.14341506,0.10873822618671486,0.6099999863654375,10.869999757036567,0.23163350137602348,0.8346974513449735,1.066330952720997,1.3184842425273255,0.06238703000811537,7.0
2026-10-02 04:10:00,0.14341506,0.1516202777764891,0.6099999863654375,10.869999757036567,0.23163350137602348,0.8346974513449735,1.066330952720997,1.3613662941170999,0.06238703000811537,7.0
2026-10-02 04:20:00,0.14341506,0.19311781534757969,0.6099999863654375,10.869999757036567,0.23163350137602348,0.8346974513449735,1.066330952720997,1.4028638316881903,0.06238703000811537,7.0
2026-10-02 04:30:00,0.14341506,0.23302798804982935,0.6099999863654375,10.869999757036567,0.23163350137602348,0.8346974513449735,1.066330952720997,1.44277400439044,0.06238703000811537,7.0
2026-10-02 04:40:00,0.14341506,0.27118236410126484,0.6099999863654375,10.869999757036567,0.23163350137602348,0.8346974513449735,1.066330952720997,1.4809283804418754,0.06238703000811537,7.0
2026-10-02 04:50:00,0.14341506,0.3074452295427457,0.6099999863654375,10.869999757036567,0.23163350137602348,0.8346974513449735,1.066330952720997,1.5171912458833563,0.06238703000811537,7.0
2026-10-02 05:00:00,0.14341506,0.3417100973419704,0.6099999863654375,10.869999757036567,0.23163350137602348,0.8346974513449735,1.066330952720997,1.551456113682581,0.06238703000811537,7.0
2026-10-02 05:10:00,0.14341506,0.37389461387723943,0.6099999863654375,10.869999757036567,0.23163350137602348,0.8346974513449735,1.066330952720997,1.58364063021785,0.06238703000811537,7.0
2026-10-02 05:20:00,0.14341506,0.40393420966992416,0.6099999863654375,10.869999757036567,0.23163350137602348,0.8346974513449735,1.066330952720997,1.6136802260105347,0.06238703000811537,7.0
2026-10-02 05:30:00,0.14341506,0.4317749751397966,0.6099999863654375,10.869999757036567,0.23163350137602348,0.8346974513449735,1.066330952720997,1.6415209914804072,0.06238703000811537,7.0
2026-10-02 05:40:00,0.14341506,0.4573663349015284,0.6099999863654375,10.869999757036567,0.23163350137602348,0.8346974513449735,1.066330952720997,1.667112351242139,0.06238703000811537,7.0
2026-10-02 05:50:00,0.14341506,0.4806541335368032,0.6099999863654375,10.869999757036567,0.23163350137602348,0.8346974513449735,1.066330952720997,1.690400149877414,0.06238703000811537,7.0
2026-10-02 06:00:00,0.14341506,0.5015747275061642,0.5699999872595072,10.659999761730433,0.21958443023566493,0.7912783046663378,1.0108627349020027,1.6558525260277805,0.06238703000811537,7.0
2026-10-02 06:10:00,0.14341506,0.520050600781076,0.5699999872595072,10.659999761730433,0.21958443023566493,0.7912783046663378,1.0108627349020027,1.6743283993026923,0.06238703000811537,7.0
2026-10-02 06:20:00,0.14341506,0.5359878940835486,0.5699999872595072,10.659999761730433,0.21958443023566493,0.7912783046663378,1.0108627349020027,1.690265692605165,0.06238703000811537,7.0
2026-10-02 06:30:00,0.14341506,0.5492760704392102,0.5699999872595072,10.659999761730433,0.21958443023566493,0.7912783046663378,1.0108627349020027,1.7035538689608267,0.06238703000811537,7.0
2026-10-02 06:40:00,0.14341506,0.5597897505644037,0.5699999872595072,10.659999761730433,0.21958443023566493,0.7912783046663378,1.0108627349020027,1.7140675490860202,0.06238703000811537,7.0
2026-10-02 06:50:00,0.14341506,0.5673925589530777,0.5699999872595072,10.659999761730433,0.21958443023566493,0.7912783046663378,1.0108627349020027,1.721670357474694,0.06238703000811537,7.0
2026-10-02 07:00:00,0.14341506,0.571942645338496,0.5699999872595072,10.659999761730433,0.21958443023566493,0.7912783046663378,1.0108627349020027,1.7262204438601123,0.06238703000811537,7.0
2026-10-02 07:10:00,0.14341506,0.5732994043269065,0.5699999872595072,10.659999761730433,0.21958443023566493,0.7912783046663378,1.0108627349020027,1.727577202848523,0.06238703000811537,7.0
2026-10-02 07:20:00,0.14341506,0.5713308224798935,0.5699999872595072,10.659999761730433,0.21958443023566493,0.7912783046663378,1.0108627349020027,1.72560862100151,0.06238703000811537,7.0
2026-10-02 07:30:00,0.14341506,0.5659208465485754,0.5699999872595072,10.659999761730433,0.21958443023566493,0.7912783046663378,1.0108627349020027,1.7201986450701918,0.06238703000811537,7.0
2026-10-02 07:40:00,0.14341506,0.5569761911895073,0.5699999872595072,10.659999761730433,0.21958443023566493,0.7912783046663378,1.0108627349020027,1.7112539897111236,0.06238703000811537,7.0
2026-10-02 07:50:00,0.14341506,0.5444320863894828,0.5699999872595072,10.659999761730433,0.21958443023566493,0.7912783046663378,1.0108627349020027,1.698709884911099,0.06238703000811537,7.0
2026-10-02 08:00:00,0.14341506,0.5282565938147206,0.5699999872595072,10.659999761730433,0.21958443023566493,0.7912783046663378,1.0108627349020027,1.682534392336337,0.06238703000811537,7.0
2026-10-02 08:10:00,0.14341506,0.5084532830031321,0.5699999872595072,10.659999761730433,0.21958443023566493,0.7912783046663378,1.0108627349020027,1.6627310815247485,0.06238703000811537,7.0
2026-10-02 08:20:00,0.14341506,0.4850622344668865,0.5699999872595072,10.659999761730433,0.21958443023566493,0.7912783046663378,1.0108627349020027,1.6393400329885028,0.06238703000811537,7.0
2026-10-02 08:30:00,0.14341506,0.4581595080197112,0.5699999872595072,10.659999761730433,0.21958443023566493,0.7912783046663378,1.0108627349020027,1.6124373065413276,0.06238703000811537,7.0
2026-10-02 08:40:00,0.14341506,0.42785536221342063,0.5699999872595072,10.659999761730433,0.21958443023566493,0.7912783046663378,1.0108627349020027,1.582133160735037,0.06238703000811537,7.0
2026-10-02 08:50:00,0.14341506,0.3942916188310723,0.5699999872595072,10.659999761730433,0.21958443023566493,0.7912783046663378,1.0108627349020027,1.5485694173526887,0.06238703000811537,7.0
2026-10-02 09:00:00,0.14341506,0.35763862355323994,0.549999987706542,10.509999765083194,0.21266252751799516,0.7663350450662614,0.9789975725842566,1.48005125975711,0.06238703000811537,7.0
2026-10-02 09:10:00,0.14341506,0.31809225484625686,0.549999987706542,10.509999765083194,0.21266252751799516,0.7663350450662614,0.9789975725842566,1.440504891050127,0.06238703000811537,7.0
2026-10-02 09:20:00,0.14341506,0.2758713784638652,0.549999987706542,10.509999765083194,0.21266252751799516,0.7663350450662614,0.9789975725842566,1.3982840146677353,0.06238703000811537,7.0
2026-10-02 09:30:00,0.14341506,0.23121604214740046,0.549999987706542,10.509999765083194,0.21266252751799516,0.7663350450662614,0.9789975725842566,1.3536286783512708,0.06238703000811537,7.0
2026-10-02 09:40:00,0.14341506,0.1843865664420363,0.549999987706542,10.509999765083194,0.21266252751799516,0.7663350450662614,0.9789975725842566,1.3067992026459065,0.06238703000811537,7.0
2026-10-02 09:50:00,0.14341506,0.13566352987650354,0.549999987706542,10.509999765083194,0.21266252751799516,0.7663350450662614,0.9789975725842566,1.2580761660803739,0.06238703000811537,7.0
2026-10-02 10:00:00,0.14341506,0.08534848867561666,0.549999987706542,10.509999765083194,0.21266252751799516,0.7663350450662614,0.9789975725842566,1.2077611248794868,0.06238703000811537,7.0
2026-10-02 10:10:00,0.14341506,0.03376513138823123,0.549999987706542,10.509999765083194,0.21266252751799516,0.7663350450662614,0.9789975725842566,1.1561777675921014,0.06238703000811537,7.0
2026-10-02 10:20:00,0.14341506,-0.01873953569930594,0.549999987706542,10.509999765083194,0.21266252751799516,0.7663350450662614,0.9789975725842566,1.1036731005045644,0.06238703000811537,7.0
2026-10-02 10:30:00,0.14341506,-0.07179443352748344,0.549999987706542,10.509999765083194,0.21266252751799516,0.7663350450662614,0.9789975725842566,1.0506182026763868,0.06238703000811537,7.0
2026-10-02 10:40:00,0.14341506,-0.1250045482129933,0.549999987706542,10.509999765083194,0.21266252751799516,0.7663350450662614,0.9789975725842566,0.9974080879908769,0.06238703000811537,7.0
2026-10-02 10:50:00,0.14341506,-0.17795237020342286,0.549999987706542,10.509999765083194,0.21266252751799516,0.7663350450662614,0.9789975725842566,0.9444602660004473,0.06238703000811537,7.0
2026-10-02 11:00:00,0.14341506,-0.2302009368412028,0.549999987706542,10.509999765083194,0.21266252751799516,0.7663350450662614,0.9789975725842566,0.8922116993626674,0.06238703000811537,7.0
2026-10-02 11:10:00,0.14341506,-0.28129863470722993,0.549999987706542,10.509999765083194,0.21266252751799516,0.7663350450662614,0.9789975725842566,0.8411140014966403,0.06238703000811537,7.0
2026-10-02 11:20:00,0.14341506,-0.33078574721744497,0.549999987706542,10.509999765083194,0.21266252751799516,0.7663350450662614,0.9789975725842566,0.7916268889864253,0.06238703000811537,7.0
2026-10-02 11:30:00,0.14341506,-0.37820255569614897,0.549999987706542,10.509999765083194,0.21266252751799516,0.7663350450662614,0.9789975725842566,0.7442100805077212,0.06238703000811537,7.0
2026-10-02 11:40:00,0.14341506,-0.4230986375848631,0.549999987706542,10.509999765083194,0.21266252751799516,0.7663350450662614,0.9789975725842566,0.6993139986190071,0.06238703000811537,7.0
2026-10-02 11:50:00,0.14341506,-0.4650428709753358,0.549999987706542,10.509999765083194,0.21266252751799516,0.7663350450662614,0.9789975725842566,0.6573697652285344,0.06238703000811537,7.0
2026-10-02 12:00:00,0.14341506,-0.503633565380785,0.5999999865889549,10.45999976620078,0.22106206377399182,0.7966029962206095,1.0176650599946013,0.65744655823343,0.06238703000811537,7.0
2026-10-02 12:10:00,0.14341506,-0.5385081034824843,0.5999999865889549,10.45999976620078,0.22106206377399182,0.7966029962206095,1.0176650599946013,0.6225720201317306,0.06238703000811537,7.0
2026-10-02 12:20:00,0.14341506,-0.5693515019799607,0.5999999865889549,10.45999976620078,0.22106206377399182,0.7966029962206095,1.0176650599946013,0.5917286216342543,0.06238703000811537,7.0
2026-10-02 12:30:00,0.14341506,-0.5959033783568422,0.5999999865889549,10.45999976620078,0.22106206377399182,0.7966029962206095,1.0176650599946013,0.5651767452573728,0.06238703000811537,7.0
2026-10-02 12:40:00,0.14341506,-0.617962936548397,0.5999999865889549,10.45999976620078,0.22106206377399182,0.7966029962206095,1.0176650599946013,0.543117187065818,0.06238703000811537,7.0
2026-10-02 12:50:00,0.14341506,-0.6353917440728318,0.5999999865889549,10.45999976620078,0.22106206377399182,0.7966029962206095,1.0176650599946013,0.5256883795413831,0.06238703000811537,7.0
2026-10-02 13:00:00,0.14341506,-0.6481142497202959,0.5999999865889549,10.45999976620078,0.22106206377399182,0.7966029962206095,1.0176650599946013,0.5129658738939191,0.06238703000811537,7.0
2026-10-02 13:10:00,0.14341506,-0.656116165652777,0.5999999865889549,10.45999976620078,0.22106206377399182,0.7966029962206095,1.0176650599946013,0.504963957961438,0.06238703000811537,7.0
2026-10-02 13:20:00,0.14341506,-0.659440992901011,0.5999999865889549,10.45999976620078,0.22106206377399182,0.7966029962206095,1.0176650599946013,0.501639130713204,0.06238703000811537,7.0
2026-10-02 13:30:00,0.14341506,-0.6581850894011797,0.5999999865889549,10.45999976620078,0.22106206377399182,0.7966029962206095,1.0176650599946013,0.5028950342130353,0.06238703000811537,7.0
2026-10-02 13:40:00,0.14341506,-0.6524917534046674,0.5999999865889549,10.45999976620078,0.22106206377399182,0.7966029962206095,1.0176650599946013,0.5085883702095476,0.06238703000811537,7.0
2026-10-02 13:50:00,0.14341506,-0.6425448167696477,0.5999999865889549,10.45999976620078,0.22106206377399182,0.7966029962206095,1.0176650599946013,0.5185353068445673,0.06238703000811537,7.0
2026-10-02 14:00:00,0.14341506,-0.6285622120425776,0.5999999865889549,10.45999976620078,0.22106206377399182,0.7966029962206095,1.0176650599946013,0.5325179115716374,0.06238703000811537,7.0
2026-10-02 14:10:00,0.14341506,-0.610789900604428,0.5999999865889549,10.45999976620078,0.22106206377399182,0.7966029962206095,1.0176650599946013,0.550290223009787,0.06238703000811537,7.0
2026-10-02 14:20:00,0.14341506,-0.5894964372828173,0.5999999865889549,10.45999976620078,0.22106206377399182,0.7966029962206095,1.0176650599946013,0.5715836863313977,0.06238703000811537,7.0
2026-10-02 14:30:00,0.14341506,-0.5649683146510261,0.5999999865889549,10.45999976620078,0.22106206377399182,0.7966029962206095,1.0176650599946013,0.5961118089631888,0.06238703000811537,7.0
2026-10-02 14:40:00,0.14341506,-0.5375060944283117,0.5999999865889549,10.45999976620078,0.22106206377399182,0.7966029962206095,1.0176650599946013,0.6235740291859033,0.06238703000811537,7.0
2026-10-02 14:50:00,0.14341506,-0.5074212107858085,0.5999999865889549,10.45999976620078,0.22106206377399182,0.7966029962206095,1.0176650599946013,0.6536589128284065,0.06238703000811537,7.0
2026-10-02 15:00:00,0.14341506,-0.4750332357458326,0.5999999865889549,10.439999766647816,0.2206393829637165,0.79507985473644,1.0157192377001565,0.6841010655739375,0.06238703000811537,7.0
2026-10-02 15:10:00,0.14341506,-0.4406673414785445,0.5999999865889549,10.439999766647816,0.2206393829637165,0.79507985473644,1.0157192377001565,0.7184669598412257,0.06238703000811537,7.0
2026-10-02 15:20:00,0.14341506,-0.40465168422777065,0.5999999865889549,10.439999766647816,0.2206393829637165,0.79507985473644,1.0157192377001565,0.7544826170919995,0.06238703000811537,7.0
2026-10-02 15:30:00,0.14341506,-0.3673144705639848,0.5999999865889549,10.439999766647816,0.2206393829637165,0.79507985473644,1.0157192377001565,0.7918198307557853,0.06238703000811537,7.0
2026-10-02 15:40:00,0.14341506,-0.3289805432563489,0.5999999865889549,10.439999766647816,0.2206393829637165,0.79507985473644,1.0157192377001565,0.8301537580634213,0.06238703000811537,7.0
2026-10-02 15:50:00,0.14341506,-0.2899674312627656,0.5999999865889549,10.439999766647816,0.2206393829637165,0.79507985473644,1.0157192377001565,0.8691668700570045,0.06238703000811537,7.0
2026-10-02 16:00:00,0.14341506,-0.25058093181393126,0.5999999865889549,10.439999766647816,0.2206393829637165,0.79507985473644,1.0157192377001565,0.9085533695058389,0.06238703000811537,7.0
2026-10-02 16:10:00,0.14341506,-0.2111104160953561,0.5999999865889549,10.439999766647816,0.2206393829637165,0.79507985473644,1.0157192377001565,0.948023885224414,0.06238703000811537,7.0
2026-10-02 16:20:00,0.14341506,-0.17182415702850848,0.5999999865889549,10.439999766647816,0.2206393829637165,0.79507985473644,1.0157192377001565,0.9873101442912616,0.06238703000811537,7.0
2026-10-02 16:30:00,0.14341506,-0.13296505308087656,0.5999999865889549,10.439999766647816,0.2206393829637165,0.79507985473644,1.0157192377001565,1.0261692482388935,0.06238703000811537,7.0
2026-10-02 16:40:00,0.14341506,-0.09474715484867043,0.5999999865889549,10.439999766647816,0.2206393829637165,0.79507985473644,1.0157192377001565,1.0643871464710997,0.06238703000811537,7.0
2026-10-02 16:50:00,0.14341506,-0.05735338445718258,0.5999999865889549,10.439999766647816,0.2206393829637165,0.79507985473644,1.0157192377001565,1.1017809168625876,0.06238703000811537,7.0
2026-10-02 17:00:00,0.14341506,-0.02093477141880565,0.5999999865889549,10.439999766647816,0.2206393829637165,0.79507985473644,1.0157192377001565,1.1381995299009644,0.06238703000811537,7.0
2026-10-02 17:10:00,0.14341506,0.014388582849762363,0.5999999865889549,10.439999766647816,0.2206393829637165,0.79507985473644,1.0157192377001565,1.1735228841695324,0.06238703000811537,7.0
2026-10-02 17:20:00,0.14341506,0.048524744978060766,0.5999999865889549,10.439999766647816,0.2206393829637165,0.79507985473644,1.0157192377001565,1.207659046297831,0.06238703000811537,7.0
2026-10-02 17:30:00,0.14341506,0.08140549178930473,0.5999999865889549,10.439999766647816,0.2206393829637165,0.79507985473644,1.0157192377001565,1.240539793109075,0.06238703000811537,7.0
2026-10-02 17:40:00,0.14341506,0.1129804186065924,0.5999999865889549,10.439999766647816,0.2206393829637165,0.79507985473644,1.0157192377001565,1.2721147199263625,0.06238703000811537,7.0
2026-10-02 17:50:00,0.14341506,0.14321002697869342,0.5999999865889549,10.439999766647816,0.2206393829637165,0.79507985473644,1.0157192377001565,1.3023443282984637,0.06238703000811537,7.0
2026-10-02 18:00:00,0.14341506,0.17205832098159823,0.549999987706542,10.389999767765403,0.2102344111238791,0.7575852633909091,0.9678196745147882,1.2832930591160001,0.06238703000811537,7.0
2026-10-02 18:10:00,0.14341506,0.1994855095165096,0.549999987706542,10.389999767765403,0.2102344111238791,0.7575852633909091,0.9678196745147882,1.3107202476509114,0.06238703000811537,7.0
2026-10-02 18:20:00,0.14341506,0.2254414244862531,0.549999987706542,10.389999767765403,0.2102344111238791,0.7575852633909091,0.9678196745147882,1.336676162620655,0.06238703000811537,7.0
2026-10-02 18:30:00,0.14341506,0.2498602179911717,0.549999987706542,10.389999767765403,0.2102344111238791,0.7575852633909091,0.9678196745147882,1.3610949561255736,0.06238703000811537,7.0
2026-10-02 18:40:00,0.14341506,0.27265679963664236,0.549999987706542,10.389999767765403,0.2102344111238791,0.7575852633909091,0.9678196745147882,1.3838915377710443,0.06238703000811537,7.0
2026-10-02 18:50:00,0.14341506,0.2937253269593397,0.549999987706542,10.389999767765403,0.2102344111238791,0.7575852633909091,0.9678196745147882,1.4049600650937415,0.06238703000811537,7.0
2026-10-02 19:00:00,0.14341506,0.3129398824304758,0.549999987706542,10.389999767765403,0.2102344111238791,0.7575852633909091,0.9678196745147882,1.4241746205648778,0.06238703000811537,7.0
2026-10-02 19:10:00,0.14341506,0.33015727767601777,0.549999987706542,10.389999767765403,0.2102344111238791,0.7575852633909091,0.9678196745147882,1.4413920158104196,0.06238703000811537,7.0
2026-10-02 19:20:00,0.14341506,0.34522173875214296,0.549999987706542,10.389999767765403,0.2102344111238791,0.7575852633909091,0.9678196745147882,1.456456476886545,0.06238703000811537,7.0
2026-10-02 19:30:00,0.14341506,0.3579710649810363,0.549999987706542,10.389999767765403,0.2102344111238791,0.7575852633909091,0.9678196745147882,1.4692058031154382,0.06238703000811537,7.0
2026-10-02 19:40:00,0.14341506,0.3682437339001094,0.549999987706542,10.389999767765403,0.2102344111238791,0.7575852633909091,0.9678196745147882,1.4794784720345113,0.06238703000811537,7.0
2026-10-02 19:50:00,0.14341506,0.3758863587398259,0.549999987706542,10.389999767765403,0.2102344111238791,0.7575852633909091,0.9678196745147882,1.4871210968742279,0.06238703000811537,7.0
2026-10-02 20:00:00,0.14341506,0.3807608982524658,0.549999987706542,10.389999767765403,0.2102344111238791,0.7575852633909091,0.9678196745147882,1.4919956363868676,0.06238703000811537,7.0
2026-10-02 20:10:00,0.14341506,0.38275107191458946,0.549999987706542,10.389999767765403,0.2102344111238791,0.7575852633909091,0.9678196745147882,1.4939858100489913,0.06238703000811537,7.0
2026-10-02 20:20:00,0.14341506,0.38176753953355475,0.549999987706542,10.389999767765403,0.2102344111238791,0.7575852633909091,0.9678196745147882,1.4930022776679566,0.06238703000811537,7.0
2026-10-02 20:30:00,0.14341506,0.3777515511065156,0.549999987706542,10.389999767765403,0.2102344111238791,0.7575852633909091,0.9678196745147882,1.4889862892409176,0.06238703000811537,7.0
2026-10-02 20:40:00,0.14341506,0.37067694378199517,0.549999987706542,10.389999767765403,0.2102344111238791,0.7575852633909091,0.9678196745147882,1.481911681916397,0.06238703000811537,7.0
2026-10-02 20:50:00,0.14341506,0.3605505388728703,0.549999987706542,10.389999767765403,0.2102344111238791,0.7575852633909091,0.9678196745147882,1.4717852770072721,0.06238703000811537,7.0
2026-10-02 21:00:00,0.14341506,0.34741115383865656,0.5099999886006117,10.389999767765403,0.202445228895971,0.7295167391270462,0.9319619680230171,1.4227881854812874,0.06238703000811537,7.0
2026-10-02 21:10:00,0.14341506,0.33132757425135945,0.5099999886006117,10.389999767765403,0.202445228895971,0.7295167391270462,0.9319619680230171,1.4067046058939903,0.06238703000811537,7.0
2026-10-02 21:20:00,0.14341506,0.31239591519357,0.5099999886006117,10.389999767765403,0.202445228895971,0.7295167391270462,0.9319619680230171,1.3877729468362008,0.06238703000811537,7.0
2026-10-02 21:30:00,0.14341506,0.2907368316313113,0.5099999886006117,10.389999767765403,0.202445228895971,0.7295167391270462,0.9319619680230171,1.366113863273942,0.06238703000811537,7.0
2026-10-02 21:40:00,0.14341506,0.2664930105609849,0.5099999886006117,10.389999767765403,0.202445228895971,0.7295167391270462,0.9319619680230171,1.3418700422036156,0.06238703000811537,7.0
2026-10-02 21:50:00,0.14341506,0.23982729814515386,0.5099999886006117,10.389999767765403,0.202445228895971,0.7295167391270462,0.9319619680230171,1.3152043297877847,0.06238703000811537,7.0
2026-10-02 22:00:00,0.14341506,0.21092169251932535,0.5099999886006117,10.389999767765403,0.202445228895971,0.7295167391270462,0.9319619680230171,1.2862987241619561,0.06238703000811537,7.0
2026-10-02 22:10:00,0.14341506,0.17997728212693256,0.5099999886006117,10.389999767765403,0.202445228895971,0.7295167391270462,0.9319619680230171,1.2553543137695633,0.06238703000811537,7.0
2026-10-02 22:20:00,0.14341506,0.14721504840418362,0.5099999886006117,10.389999767765403,0.202445228895971,0.7295167391270462,0.9319619680230171,1.2225920800468144,0.06238703000811537,7.0
2026-10-02 22:30:00,0.14341506,0.11287729916103789,0.5099999886006117,10.389999767765403,0.202445228895971,0.7295167391270462,0.9319619680230171,1.1882543308036686,0.06238703000811537,7.0
2026-10-02 22:40:00,0.14341506,0.0772293734143346,0.5099999886006117,10.389999767765403,0.202445228895971,0.7295167391270462,0.9319619680230171,1.1526064050569653,0.06238703000811537,7.0
2026-10-02 22:50:00,0.14341506,0.04056117458659343,0.5099999886006117,10.389999767765403,0.202445228895971,0.7295167391270462,0.9319619680230171,1.1159382062292242,0.06238703000811537,7.0
2026-10-02 23:00:00,0.14341506,0.0031880572621927877,0.5099999886006117,10.389999767765403,0.202445228895971,0.7295167391270462,0.9319619680230171,1.0785650889048235,0.06238703000811537,7.0
2026-10-02 23:10:00,0.14341506,-0.034549382388017816,0.5099999886006117,10.389999767765403,0.202445228895971,0.7295167391270462,0.9319619680230171,1.040827649254613,0.06238703000811537,7.0
2026-10-02 23:20:00,0.14341506,-0.07228698270143888,0.5099999886006117,10.389999767765403,0.202445228895971,0.7295167391270462,0.9319619680230171,1.0030900489411918,0.06238703000811537,7.0
2026-10-02 23:30:00,0.14341506,-0.10964040287895682,0.5099999886006117,10.389999767765403,0.202445228895971,0.7295167391270462,0.9319619680230171,0.9657366287636739,0.06238703000811537,7.0
2026-10-02 23:40:00,0.14341506,-0.14621030349744119,0.5099999886006117,10.389999767765403,0.202445228895971,0.7295167391270462,0.9319619680230171,0.9291667281451896,0.06238703000811537,7.0
2026-10-02 23:50:00,0.14341506,-0.18158922866650148,0.5099999886006117,10.389999767765403,0.202445228895971,0.7295167391270462,0.9319619680230171,0.8937878029761293,0.06238703000811537,7.0
2026-10-03 00:00:00,0.12575747,-0.21536992340290328,0.4899999890476465,10.319999769330025,0.19709910297051514,0.7102518328935421,0.9073509358640572,0.8177384831881208,0.06238703000811537,7.0
2026-10-03 00:10:00,0.12575747,-0.2471546672965628,0.4899999890476465,10.319999769330025,0.19709910297051514,0.7102518328935421,0.9073509358640572,0.7859537392944613,0.06238703000811537,7.0
2026-10-03 00:20:00,0.12575747,-0.27656509024622267,0.4899999890476465,10.319999769330025,0.19709910297051514,0.7102518328935421,0.9073509358640572,0.7565433163448014,0.06238703000811537,7.0
2026-10-03 00:30:00,0.12575747,-0.30325187118630925,0.4899999890476465,10.319999769330025,0.19709910297051514,0.7102518328935421,0.9073509358640572,0.7298565354047148,0.06238703000811537,7.0
2026-10-03 00:40:00,0.12575747,-0.32690371248347183,0.4899999890476465,10.319999769330025,0.19709910297051514,0.7102518328935421,0.9073509358640572,0.7062046941075523,0.06238703000811537,7.0
2026-10-03 00:50:00,0.12575747,-0.3472550321851267,0.4899999890476465,10.319999769330025,0.19709910297051514,0.7102518328935421,0.9073509358640572,0.6858533744058974,0.06238703000811537,7.0
2026-10-03 01:00:00,0.12575747,-0.364091918017239,0.4899999890476465,10.319999769330025,0.19709910297051514,0.7102518328935421,0.9073509358640572,0.669016488573785,0.06238703000811537,7.0
2026-10-03 01:10:00,0.12575747,-0.3772560300610247,0.4899999890476465,10.319999769330025,0.19709910297051514,0.7102518328935421,0.9073509358640572,0.6558523765299994,0.06238703000811537,7.0
2026-10-03 01:20:00,0.12575747,-0.3866463077766558,0.4899999890476465,10.319999769330025,0.19709910297051514,0.7102518328935421,0.9073509358640572,0.6464620988143683,0.06238703000811537,7.0
2026-10-03 01:30:00,0.12575747,-0.3922185140727195,0.4899999890476465,10.319999769330025,0.19709910297051514,0.7102518328935421,0.9073509358640572,0.6408898925183046,0.06238703000811537,7.0
2026-10-03 01:40:00,0.12575747,-0.3939828155592096,0.4899999890476465,10.319999769330025,0.19709910297051514,0.7102518328935421,0.9073509358640572,0.6391255910318145,0.06238703000811537,7.0
2026-10-03 01:50:00,0.12575747,-0.3919997372949306,0.4899999890476465,10.319999769330025,0.19709910297051514,0.7102518328935421,0.9073509358640572,0.6411086692960934,0.06238703000811537,7.0
2026-10-03 02:00:00,0.12575747,-0.3863749286111458,0.4899999890476465,10.319999769330025,0.19709910297051514,0.7102518328935421,0.9073509358640572,0.6467334779798783,0.06238703000811537,7.0
2026-10-03 02:10:00,0.12575747,-0.37725322499001496,0.4899999890476465,10.319999769330025,0.19709910297051514,0.7102518328935421,0.9073509358640572,0.6558551816010092,0.06238703000811537,7.0
2026-10-03 02:20:00,0.12575747,-0.3648124867590385,0.4899999890476465,10.319999769330025,0.19709910297051514,0.7102518328935421,0.9073509358640572,0.6682959198319856,0.06238703000811537,7.0
2026-10-03 02:30:00,0.12575747,-0.3492576411605372,0.4899999890476465,10.319999769330025,0.19709910297051514,0.7102518328935421,0.9073509358640572,0.6838507654304868,0.06238703000811537,7.0
2026-10-03 02:40:00,0.12575747,-0.33081525894688424,0.4899999890476465,10.319999769330025,0.19709910297051514,0.7102518328935421,0.9073509358640572,0.7022931476441399,0.06238703000811537,7.0
2026-10-03 02:50:00,0.12575747,-0.30972887285447664,0.4899999890476465,10.319999769330025,0.19709910297051514,0.7102518328935421,0.9073509358640572,0.7233795337365474,0.06238703000811537,7.0
2026-10-03 03:00:00,0.12575747,-0.2862551092244659,0.46999998949468136,10.14999977312982,0.18985493114548063,0.6841472680376777,0.8740021991831584,0.7135045606856594,0.06238703000811537,7.0
2026-10-03 03:10:00,0.12575747,-0.2606605726087245,0.46999998949468136,10.14999977312982,0.18985493114548063,0.6841472680376777,0.8740021991831584,0.7390990973014007,0.06238703000811537,7.0
2026-10-03 03:20:00,0.12575747,-0.23321931255468886,0.46999998949468136,10.14999977312982,0.18985493114548063,0.6841472680376777,0.8740021991831584,0.7665403573554364,0.06238703000811537,7.0
2026-10-03 03:30:00,0.12575747,-0.20421062514117266,0.46999998949468136,10.14999977312982,0.18985493114548063,0.6841472680376777,0.8740021991831584,0.7955490447689526,0.06238703000811537,7.0
2026-10-03 03:40:00,0.12575747,-0.1739169081641594,0.46999998949468136,10.14999977312982,0.18985493114548063,0.6841472680376777,0.8740021991831584,0.8258427617459658,0.06238703000811537,7.0
2026-10-03 03:50:00,0.12575747,-0.14262130169525564,0.46999998949468136,10.14999977312982,0.18985493114548063,0.6841472680376777,0.8740021991831584,0.8571383682148696,0.06238703000811537,7.0
2026-10-03 04:00:00,0.12575747,-0.1106049028090832,0.46999998949468136,10.14999977312982,0.18985493114548063,0.6841472680376777,0.8740021991831584,0.889154767101042,0.06238703000811537,7.0
2026-10-03 04:10:00,0.12575747,-0.07814343679393013,0.46999998949468136,10.14999977312982,0.18985493114548063,0.6841472680376777,0.8740021991831584,0.9216162331161951,0.06238703000811537,7.0
2026-10-03 04:20:00,0.12575747,-0.04550338496802926,0.46999998949468136,10.14999977312982,0.18985493114548063,0.6841472680376777,0.8740021991831584,0.9542562849420959,0.06238703000811537,7.0
2026-10-03 04:30:00,0.12575747,-0.01293769563296282,0.46999998949468136,10.14999977312982,0.18985493114548063,0.6841472680376777,0.8740021991831584,0.9868219742771625,0.06238703000811537,7.0
2026-10-03 04:40:00,0.12575747,0.019318676776145557,0.46999998949468136,10.14999977312982,0.18985493114548063,0.6841472680376777,0.8740021991831584,1.0190783466862707,0.06238703000811537,7.0
2026-10-03 04:50:00,0.12575747,0.051053064828926686,0.46999998949468136,10.14999977312982,0.18985493114548063,0.6841472680376777,0.8740021991831584,1.050812734739052,0.06238703000811537,7.0
2026-10-03 05:00:00,0.12575747,0.08207881710831046,0.46999998949468136,10.14999977312982,0.18985493114548063,0.6841472680376777,0.8740021991831584,1.0818384870184357,0.06238703000811537,7.0
2026-10-03 05:10:00,0.12575747,0.11223805624686527,0.46999998949468136,10.14999977312982,0.18985493114548063,0.6841472680376777,0.8740021991831584,1.1119977261569904,0.06238703000811537,7.0
2026-10-03 05:20:00,0.12575747,0.1414030994133626,0.46999998949468136,10.14999977312982,0.18985493114548063,0.6841472680376777,0.8740021991831584,1.1411627693234878,0.06238703000811537,7.0
2026-10-03 05:30:00,0.12575747,0.16947626307705543,0.46999998949468136,10.14999977312982,0.18985493114548063,0.6841472680376777,0.8740021991831584,1.1692359329871806,0.06238703000811537,7.0
2026-10-03 05:40:00,0.12575747,0.19638790287894187,0.46999998949468136,10.14999977312982,0.18985493114548063,0.6841472680376777,0.8740021991831584,1.1961475727890671,0.06238703000811537,7.0
2026-10-03 05:50:00,0.12575747,0.22209269591051758,0.46999998949468136,10.14999977312982,0.18985493114548063,0.6841472680376777,0.8740021991831584,1.2218523658206428,0.06238703000811537,7.0
2026-10-03 06:00:00,0.12575747,0.2465643404413898,0.4599999897181988,10.059999775141478,0.18615890125392628,0.6708285265246914,0.8569874277786177,1.2293092389469744,0.06238703000811537,7.0
2026-10-03 06:10:00,0.12575747,0.2697890087046662,0.4599999897181988,10.059999775141478,0.18615890125392628,0.6708285265246914,0.8569874277786177,1.2525339072102508,0.06238703000811537,7.0
2026-10-03 06:20:00,0.12575747,0.2917580239878415,0.4599999897181988,10.059999775141478,0.18615890125392628,0.6708285265246914,0.8569874277786177,1.2745029224934261,0.06238703000811537,7.0
2026-10-03 06:30:00,0.12575747,0.3124603284266672,0.4599999897181988,10.059999775141478,0.18615890125392628,0.6708285265246914,0.8569874277786177,1.2952052269322518,0.06238703000811537,7.0
2026-10-03 06:40:00,0.12575747,0.33187535074243407,0.4599999897181988,10.059999775141478,0.18615890125392628,0.6708285265246914,0.8569874277786177,1.3146202492480186,0.06238703000811537,7.0
2026-10-03 06:50:00,0.12575747,0.349966868115364,0.4599999897181988,10.059999775141478,0.18615890125392628,0.6708285265246914,0.8569874277786177,1.3327117666209485,0.06238703000811537,7.0
2026-10-03 07:00:00,0.12575747,0.36667838303433525,0.4599999897181988,10.059999775141478,0.18615890125392628,0.6708285265246914,0.8569874277786177,1.3494232815399199,0.06238703000811537,7.0
2026-10-03 07:10:00,0.12575747,0.38193041126726585,0.4599999897181988,10.059999775141478,0.18615890125392628,0.6708285265246914,0.8569874277786177,1.3646753097728506,0.06238703000811537,7.0
2026-10-03 07:20:00,0.12575747,0.39561991254089685,0.4599999897181988,10.059999775141478,0.18615890125392628,0.6708285265246914,0.8569874277786177,1.3783648110464815,0.06238703000811537,7.0
2026-10-03 07:30:00,0.12575747,0.4076219080325724,0.4599999897181988,10.059999775141478,0.18615890125392628,0.6708285265246914,0.8569874277786177,1.390366806538157,0.06238703000811537,7.0
2026-10-03 07:40:00,0.12575747,0.41779313693474157,0.4599999897181988,10.059999775141478,0.18615890125392628,0.6708285265246914,0.8569874277786177,1.4005380354403263,0.06238703000811537,7.0
2026-10-03 07:50:00,0.12575747,0.42597742798405946,0.4599999897181988,10.059999775141478,0.18615890125392628,0.6708285265246914,0.8569874277786177,1.408722326489644,0.06238703000811537,7.0
2026-10-03 08:00:00,0.12575747,0.43201231892959713,0.4599999897181988,10.059999775141478,0.18615890125392628,0.6708285265246914,0.8569874277786177,1.4147572174351817,0.06238703000811537,7.0
2026-10-03 08:10:00,0.12575747,0.43573636171969343,0.4599999897181988,10.059999775141478,0.18615890125392628,0.6708285265246914,0.8569874277786177,1.418481260225278,0.06238703000811537,7.0
2026-10-03 08:20:00,0.12575747,0.4369965132362017,0.4599999897181988,10.059999775141478,0.18615890125392628,0.6708285265246914,0.8569874277786177,1.4197414117417861,0.06238703000811537,7.0
2026-10-03 08:30:00,0.12575747,0.43565503382138465,0.4599999897181988,10.059999775141478,0.18615890125392628,0.6708285265246914,0.8569874277786177,1.4183999323269694,0.06238703000811537,7.0
2026-10-03 08:40:00,0.12575747,0.43159539521482587,0.4599999897181988,10.059999775141478,0.18615890125392628,0.6708285265246914,0.8569874277786177,1.4143402937204104,0.06238703000811537,7.0
2026-10-03 08:50:00,0.12575747,0.4247268265628407,0.4599999897181988,10.059999775141478,0.18615890125392628,0.6708285265246914,0.8569874277786177,1.4074717250684254,0.06238703000811537,7.0
2026-10-03 09:00:00,0.12575747,0.4149872873186909,0.4599999897181988,9.939999777823687,0.18393831793877014,0.6628265957907983,0.8467649137295684,1.3875096717752262,0.06238703000811537,7.0
2026-10-03 09:10:00,0.12575747,0.4023448311052012,0.4599999897181988,9.939999777823687,0.18393831793877014,0.6628265957907983,0.8467649137295684,1.3748672155617365,0.06238703000811537,7.0
2026-10-03 09:20:00,0.12575747,0.3867974956096429,0.4599999897181988,9.939999777823687,0.18393831793877014,0.6628265957907983,0.8467649137295684,1.3593198800661783,0.06238703000811537,7.0
2026-10-03 09:30:00,0.12575747,0.36837200149237376,0.4599999897181988,9.939999777823687,0.18393831793877014,0.6628265957907983,0.8467649137295684,1.340894385948909,0.06238703000811537,7.0
2026-10-03 09:40:00,0.12575747,0.3471216521026517,0.4599999897181988,9.939999777823687,0.18393831793877014,0.6628265957907983,0.8467649137295684,1.319644036559187,0.06238703000811537,7.0
2026-10-03 09:50:00,0.12575747,0.32312388398533226,0.4599999897181988,9.939999777823687,0.18393831793877014,0.6628265957907983,0.8467649137295684,1.2956462684418675,0.06238703000811537,7.0
2026-10-03 10:00:00,0.12575747,0.29647792000869355,0.4599999897181988,9.939999777823687,0.18393831793877014,0.6628265957907983,0.8467649137295684,1.2690003044652287,0.06238703000811537,7.0
2026-10-03 10:10:00,0.12575747,0.2673029230027089,0.4599999897181988,9.939999777823687,0.18393831793877014,0.6628265957907983,0.8467649137295684,1.2398253074592442,0.06238703000811537,7.0
2026-10-03 10:20:00,0.12575747,0.23573694511773446,0.4599999897181988,9.939999777823687,0.18393831793877014,0.6628265957907983,0.8467649137295684,1.2082593295742696,0.06238703000811537,7.0
2026-10-03 10:30:00,0.12575747,0.2019368289481247,0.4599999897181988,9.939999777823687,0.18393831793877014,0.6628265957907983,0.8467649137295684,1.1744592134046599,0.06238703000811537,7.0
2026-10-03 10:40:00,0.12575747,0.16607905747631838,0.4599999897181988,9.939999777823687,0.18393831793877014,0.6628265957907983,0.8467649137295684,1.1386014419328536,0.06238703000811537,7.0
2026-10-03 10:50:00,0.12575747,0.12836138976540873,0.4599999897181988,9.939999777823687,0.18393831793877014,0.6628265957907983,0.8467649137295684,1.100883774221944,0.06238703000811537,7.0
2026-10-03 11:00:00,0.12575747,0.08900497675051396,0.4599999897181988,9.939999777823687,0.18393831793877014,0.6628265957907983,0.8467649137295684,1.0615273612070493,0.06238703000811537,7.0
2026-10-03 11:10:00,0.12575747,0.048256543797712395,0.4599999897181988,9.939999777823687,0.18393831793877014,0.6628265957907983,0.8467649137295684,1.0207789282542477,0.06238703000811537,7.0
2026-10-03 11:20:00,0.12575747,0.006390166202026908,0.4599999897181988,9.939999777823687,0.18393831793877014,0.6628265957907983,0.8467649137295684,0.9789125506585622,0.06238703000811537,7.0
2026-10-03 11:30:00,0.12575747,-0.03629184103696683,0.4599999897181988,9.939999777823687,0.18393831793877014,0.6628265957907983,0.8467649137295684,0.9362305434195685,0.06238703000811537,7.0
2026-10-03 11:40:00,0.12575747,-0.07945934627623341,0.4599999897181988,9.939999777823687,0.18393831793877014,0.6628265957907983,0.8467649137295684,0.8930630381803019,0.06238703000811537,7.0
2026-10-03 11:50:00,0.12575747,-0.12275646047872224,0.4599999897181988,9.939999777823687,0.18393831793877014,0.6628265957907983,0.8467649137295684,0.849765923977813,0.06238703000811537,7.0
2026-10-03 12:00:00,0.12575747,-0.1658054113208099,0.4599999897181988,9.919999778270721,0.1835682207195774,0.6614929406684829,0.8450611613880603,0.8050132207942173,0.06238703000811537,7.0
2026-10-03 12:10:00,0.12575747,-0.20821224000318075,0.4599999897181988,9.919999778270721,0.1835682207195774,0.6614929406684829,0.8450611613880603,0.7626063921118464,0.06238703000811537,7.0
2026-10-03 12:20:00,0.12575747,-0.24957415011723455,0.4599999897181988,9.919999778270721,0.1835682207195774,0.6614929406684829,0.8450611613880603,0.7212444819977926,0.06238703000811537,7.0
2026-10-03 12:30:00,0.12575747,-0.28948817097324364,0.4599999897181988,9.919999778270721,0.1835682207195774,0.6614929406684829,0.8450611613880603,0.6813304611417835,0.06238703000811537,7.0
2026-10-03 12:40:00,0.12575747,-0.327560659801612,0.4599999897181988,9.919999778270721,0.1835682207195774,0.6614929406684829,0.8450611613880603,0.6432579723134152,0.06238703000811537,7.0
2026-10-03 12:50:00,0.12575747,-0.3634170737493321,0.4599999897181988,9.919999778270721,0.1835682207195774,0.6614929406684829,0.8450611613880603,0.6074015583656951,0.06238703000811537,7.0
2026-10-03 13:00:00,0.12575747,-0.3967114023920076,0.4599999897181988,9.919999778270721,0.1835682207195774,0.6614929406684829,0.8450611613880603,0.5741072297230196,0.06238703000811537,7.0
2026-10-03 13:10:00,0.12575747,-0.42713467006851674,0.4599999897181988,9.919999778270721,0.1835682207195774,0.6614929406684829,0.8450611613880603,0.5436839620465104,0.06238703000811537,7.0
2026-10-03 13:20:00,0.12575747,-0.4544219909958433,0.4599999897181988,9.919999778270721,0.1835682207195774,0.6614929406684829,0.8450611613880603,0.5163966411191838,0.06238703000811537,7.0
2026-10-03 13:30:00,0.12575747,-0.4783577820132793,0.4599999897181988,9.919999778270721,0.1835682207195774,0.6614929406684829,0.8450611613880603,0.4924608501017479,0.06238703000811537,7.0
2026-10-03 13:40:00,0.12575747,-0.4987788937506543,0.4599999897181988,9.919999778270721,0.1835682207195774,0.6614929406684829,0.8450611613880603,0.47203973836437285,0.06238703000811537,7.0
2026-10-03 13:50:00,0.12575747,-0.5155755948687702,0.4599999897181988,9.919999778270721,0.1835682207195774,0.6614929406684829,0.8450611613880603,0.4552430372462569,0.06238703000811537,7.0
2026-10-03 14:00:00,0.12575747,-0.5286905171581662,0.4599999897181988,9.919999778270721,0.1835682207195774,0.6614929406684829,0.8450611613880603,0.442128114956861,0.06238703000811537,7.0
2026-10-03 14:10:00,0.12575747,-0.5381158237457025,0.4599999897181988,9.919999778270721,0.1835682207195774,0.6614929406684829,0.8450611613880603,0.4327028083693246,0.06238703000811537,7.0
2026-10-03 14:20:00,0.12575747,-0.5438889831582843,0.4599999897181988,9.919999778270721,0.1835682207195774,0.6614929406684829,0.8450611613880603,0.4269296489567429,0.06238703000811537,7.0
2026-10-03 14:30:00,0.12575747,-0.5460876065720279,0.4599999897181988,9.919999778270721,0.1835682207195774,0.6614929406684829,0.8450611613880603,0.42473102554299924,0.06238703000811537,7.0
2026-10-03 14:40:00,0.12575747,-0.5448238288505679,0.4599999897181988,9.919999778270721,0.1835682207195774,0.6614929406684829,0.8450611613880603,0.42599480326445927,0.06238703000811537,7.0
2026-10-03 14:50:00,0.12575747,-0.5402386849904025,0.4599999897181988,9.919999778270721,0.1835682207195774,0.6614929406684829,0.8450611613880603,0.43057994712462466,0.06238703000811537,7.0
2026-10-03 15:00:00,0.12575747,-0.5324968586923265,0.46999998949468136,9.819999780505896,0.18368230776833697,0.6619040563674873,0.8455863641358242,0.43884697617046453,0.06238703000811537,7.0
2026-10-03 15:10:00,0.12575747,-0.5217820693523743,0.46999998949468136,9.819999780505896,0.18368230776833697,0.6619040563674873,0.8455863641358242,0.4495617655104168,0.06238703000811537,7.0
2026-10-03 15:20:00,0.12575747,-0.5082932326703958,0.46999998949468136,9.819999780505896,0.18368230776833697,0.6619040563674873,0.8455863641358242,0.46305060219239524,0.06238703000811537,7.0
2026-10-03 15:30:00,0.12575747,-0.4922413949203696,0.46999998949468136,9.819999780505896,0.18368230776833697,0.6619040563674873,0.8455863641358242,0.47910243994242147,0.06238703000811537,7.0
2026-10-03 15:40:00,0.12575747,-0.47384731853160184,0.46999998949468136,9.819999780505896,0.18368230776833697,0.6619040563674873,0.8455863641358242,0.49749651633118924,0.06238703000811537,7.0
2026-10-03 15:50:00,0.12575747,-0.4533395018960185,0.46999998949468136,9.819999780505896,0.18368230776833697,0.6619040563674873,0.8455863641358242,0.5180043329667725,0.06238703000811537,7.0
2026-10-03 16:00:00,0.12575747,-0.4309523606664691,0.46999998949468136,9.819999780505896,0.18368230776833697,0.6619040563674873,0.8455863641358242,0.540391474196322,0.06238703000811537,7.0
2026-10-03 16:10:00,0.12575747,-0.4069242874600352,0.46999998949468136,9.819999780505896,0.18368230776833697,0.6619040563674873,0.8455863641358242,0.5644195474027559,0.06238703000811537,7.0
2026-10-03 16:20:00,0.12575747,-0.3814953428112011,0.46999998949468136,9.819999780505896,0.18368230776833697,0.6619040563674873,0.8455863641358242,0.58984849205159,0.06238703000811537,7.0
2026-10-03 16:30:00,0.12575747,-0.35490440726135675,0.46999998949468136,9.819999780505896,0.18368230776833697,0.6619040563674873,0.8455863641358242,0.6164394276014343,0.06238703000811537,7.0
2026-10-03 16:40:00,0.12575747,-0.3273857325979049,0.46999998949468136,9.819999780505896,0.18368230776833697,0.6619040563674873,0.8455863641358242,0.6439581022648861,0.06238703000811537,7.0
2026-10-03 16:50:00,0.12575747,-0.29916495544097593,0.46999998949468136,9.819999780505896,0.18368230776833697,0.6619040563674873,0.8455863641358242,0.6721788794218151,0.06238703000811537,7.0
2026-10-03 17:00:00,0.12575747,-0.2704547621285623,0.46999998949468136,9.819999780505896,0.18368230776833697,0.6619040563674873,0.8455863641358242,0.7008890727342287,0.06238703000811537,7.0
2026-10-03 17:10:00,0.12575747,-0.24145050377387484,0.46999998949468136,9.819999780505896,0.18368230776833697,0.6619040563674873,0.8455863641358242,0.7298933310889162,0.06238703000811537,7.0
2026-10-03 17:20:00,0.12575747,-0.21232613895392827,0.46999998949468136,9.819999780505896,0.18368230776833697,0.6619040563674873,0.8455863641358242,0.7590176959088628,0.06238703000811537,7.0
2026-10-03 17:30:00,0.12575747,-0.18323091779596523,0.46999998949468136,9.819999780505896,0.18368230776833697,0.6619040563674873,0.8455863641358242,0.7881129170668258,0.06238703000811537,7.0
2026-10-03 17:40:00,0.12575747,-0.15428720762175294,0.46999998949468136,9.819999780505896,0.18368230776833697,0.6619040563674873,0.8455863641358242,0.8170566272410381,0.06238703000811537,7.0
2026-10-03 17:50:00,0.12575747,-0.1255897967740017,0.46999998949468136,9.819999780505896,0.18368230776833697,0.6619040563674873,0.8455863641358242,0.8457540380887894,0.06238703000811537,7.0
2026-10-03 18:00:00,0.12575747,-0.09720690380070952,0.47999998927116394,9.739999782294035,0.18411386118434733,0.6634591705211966,0.847573031705544,0.8761235986318013,0.06238703000811537,7.0
2026-10-03 18:10:00,0.12575747,-0.06918297488475038,0.47999998927116394,9.739999782294035,0.18411386118434733,0.6634591705211966,0.847573031705544,0.9041475275477605,0.06238703000811537,7.0
2026-10-03 18:20:00,0.12575747,-0.041543187741435166,0.47999998927116394,9.739999782294035,0.18411386118434733,0.6634591705211966,0.847573031705544,0.9317873146910757,0.06238703000811537,7.0
2026-10-03 18:30:00,0.12575747,-0.014299412665878562,0.47999998927116394,9.739999782294035,0.18411386118434733,0.6634591705211966,0.847573031705544,0.9590310897666323,0.06238703000811537,7.0
2026-10-03 18:40:00,0.12575747,0.012542770282204338,0.47999998927116394,9.739999782294035,0.18411386118434733,0.6634591705211966,0.847573031705544,0.9858732727147153,0.06238703000811537,7.0
2026-10-03 18:50:00,0.12575747,0.03897651837006701,0.47999998927116394,9.739999782294035,0.18411386118434733,0.6634591705211966,0.847573031705544,1.012307020802578,0.06238703000811537,7.0
2026-10-03 19:00:00,0.12575747,0.0649862302674616,0.47999998927116394,9.739999782294035,0.18411386118434733,0.6634591705211966,0.847573031705544,1.0383167326999725,0.06238703000811537,7.0
2026-10-03 19:10:00,0.12575747,0.09054071711232739,0.47999998927116394,9.739999782294035,0.18411386118434733,0.6634591705211966,0.847573031705544,1.0638712195448383,0.06238703000811537,7.0
2026-10-03 19:20:00,0.12575747,0.11558760826887218,0.47999998927116394,9.739999782294035,0.18411386118434733,0.6634591705211966,0.847573031705544,1.088918110701383,0.06238703000811537,7.0
2026-10-03 19:30:00,0.12575747,0.1400494620654189,0.47999998927116394,9.739999782294035,0.18411386118434733,0.6634591705211966,0.847573031705544,1.1133799644979296,0.06238703000811537,7.0
2026-10-03 19:40:00,0.12575747,0.16382190735537325,0.47999998927116394,9.739999782294035,0.18411386118434733,0.6634591705211966,0.847573031705544,1.137152409787884,0.06238703000811537,7.0
2026-10-03 19:50:00,0.12575747,0.1867739651503886,0.47999998927116394,9.739999782294035,0.18411386118434733,0.6634591705211966,0.847573031705544,1.1601044675828995,0.06238703000811537,7.0
2026-10-03 20:00:00,0.12575747,0.20875050856987937,0.47999998927116394,9.739999782294035,0.18411386118434733,0.6634591705211966,0.847573031705544,1.1820810110023903,0.06238703000811537,7.0
2026-10-03 20:10:00,0.12575747,0.22957663315966403,0.47999998927116394,9.739999782294035,0.18411386118434733,0.6634591705211966,0.847573031705544,1.202907135592175,0.06238703000811537,7.0
2026-10-03 20:20:00,0.12575747,0.24906354787756557,0.47999998927116394,9.739999782294035,0.18411386118434733,0.6634591705211966,0.847573031705544,1.2223940503100765,0.06238703000811537,7.0
2026-10-03 20:30:00,0.12575747,0.26701547542581566,0.47999998927116394,9.739999782294035,0.18411386118434733,0.6634591705211966,0.847573031705544,1.2403459778583266,0.06238703000811537,7.0
2026-10-03 20:40:00,0.12575747,0.2832369823179753,0.47999998927116394,9.739999782294035,0.18411386118434733,0.6634591705211966,0.847573031705544,1.2565674847504862,0.06238703000811537,7.0
2026-10-03 20:50:00,0.12575747,0.2975401493769738,0.47999998927116394,9.739999782294035,0.18411386118434733,0.6634591705211966,0.847573031705544,1.2708706518094846,0.06238703000811537,7.0
2026-10-03 21:00:00,0.12575747,0.30975104356506084,0.46999998949468136,9.739999782294035,0.1821859142223627,0.6565117626292593,0.8386976768516219,1.2742061911436495,0.06238703000811537,7.0
2026-10-03 21:10:00,0.12575747,0.31971505482405155,0.46999998949468136,9.739999782294035,0.1821859142223627,0.6565117626292593,0.8386976768516219,1.2841702024026402,0.06238703000811537,7.0
2026-10-03 21:20:00,0.12575747,0.32730080561207286,0.46999998949468136,9.739999782294035,0.1821859142223627,0.6565117626292593,0.8386976768516219,1.2917559531906617,0.06238703000811537,7.0
2026-10-03 21:30:00,0.12575747,0.3324025094353422,0.46999998949468136,9.739999782294035,0.1821859142223627,0.6565117626292593,0.8386976768516219,1.296857657013931,0.06238703000811537,7.0
2026-10-03 21:40:00,0.12575747,0.33494082895928456,0.46999998949468136,9.739999782294035,0.1821859142223627,0.6565117626292593,0.8386976768516219,1.2993959765378733,0.06238703000811537,7.0
2026-10-03 21:50:00,0.12575747,0.3348624450520597,0.46999998949468136,9.739999782294035,0.1821859142223627,0.6565117626292593,0.8386976768516219,1.2993175926306484,0.06238703000811537,7.0
2026-10-03 22:00:00,0.12575747,0.3321386774977906,0.46999998949468136,9.739999782294035,0.1821859142223627,0.6565117626292593,0.8386976768516219,1.2965938250763793,0.06238703000811537,7.0
2026-10-03 22:10:00,0.12575747,0.3267635822591861,0.46999998949468136,9.739999782294035,0.1821859142223627,0.6565117626292593,0.8386976768516219,1.2912187298377749,0.06238703000811537,7.0
2026-10-03 22:20:00,0.12575747,0.3187519801165286,0.46999998949468136,9.739999782294035,0.1821859142223627,0.6565117626292593,0.8386976768516219,1.2832071276951174,0.06238703000811537,7.0
2026-10-03 22:30:00,0.12575747,0.3081378445953491,0.46999998949468136,9.739999782294035,0.1821859142223627,0.6565117626292593,0.8386976768516219,1.2725929921739378,0.06238703000811537,7.0
2026-10-03 22:40:00,0.12575747,0.2949733970811658,0.46999998949468136,9.739999782294035,0.1821859142223627,0.6565117626292593,0.8386976768516219,1.2594285446597546,0.06238703000811537,7.0
2026-10-03 22:50:00,0.12575747,0.2793291336193757,0.46999998949468136,9.739999782294035,0.1821859142223627,0.6565117626292593,0.8386976768516219,1.2437842811979645,0.06238703000811537,7.0
2026-10-03 23:00:00,0.12575747,0.26129485566229926,0.46999998949468136,9.739999782294035,0.1821859142223627,0.6565117626292593,0.8386976768516219,1.2257500032408881,0.06238703000811537,7.0
2026-10-03 23:10:00,0.12575747,0.24098161400874202,0.46999998949468136,9.739999782294035,0.1821859142223627,0.6565117626292593,0.8386976768516219,1.2054367615873307,0.06238703000811537,7.0
2026-10-03 23:20:00,0.12575747,0.218524320130705,0.46999998949468136,9.739999782294035,0.1821859142223627,0.6565117626292593,0.8386976768516219,1.1829794677092937,0.06238703000811537,7.0
2026-10-03 23:30:00,0.12575747,0.19408465078310452,0.46999998949468136,9.739999782294035,0.1821859142223627,0.6565117626292593,0.8386976768516219,1.1585397983616934,0.06238703000811537,7.0
2026-10-03 23:40:00,0.12575747,0.16785378462306166,0.46999998949468136,9.739999782294035,0.1821859142223627,0.6565117626292593,0.8386976768516219,1.1323089322016504,0.06238703000811537,7.0
2026-10-03 23:50:00,0.12575747,0.14005447535433438,0.46999998949468136,9.739999782294035,0.1821859142223627,0.6565117626292593,0.8386976768516219,1.1045096229329232,0.06238703000811537,7.0
2026-10-04 00:00:00,0.12459861,0.11094198800668284,0.46999998949468136,9.649999784305692,0.18050247148314172,0.6504454321737528,0.8309479036568945,1.0664884990844987,0.06238703000811537,7.0
2026-10-04 00:10:00,0.12459861,0.08080350332474046,0.46999998949468136,9.649999784305692,0.18050247148314172,0.6504454321737528,0.8309479036568945,1.0363500144025564,0.06238703000811537,7.0
2026-10-04 00:20:00,0.12459861,0.049955720770943415,0.46999998949468136,9.649999784305692,0.18050247148314172,0.6504454321737528,0.8309479036568945,1.0055022318487592,0.06238703000811537,7.0
2026-10-04 00:30:00,0.12459861,0.01874055117934738,0.46999998949468136,9.649999784305692,0.18050247148314172,0.6504454321737528,0.8309479036568945,0.9742870622571632,0.06238703000811537,7.0
2026-10-04 00:40:00,0.12459861,-0.01248103167498417,0.46999998949468136,9.649999784305692,0.18050247148314172,0.6504454321737528,0.8309479036568945,0.9430654794028317,0.06238703000811537,7.0
2026-10-04 00:50:00,0.12459861,-0.04333673439299887,0.46999998949468136,9.649999784305692,0.18050247148314172,0.6504454321737528,0.8309479036568945,0.912209776684817,0.06238703000811537,7.0
2026-10-04 01:00:00,0.12459861,-0.07345187887032212,0.46999998949468136,9.649999784305692,0.18050247148314172,0.6504454321737528,0.8309479036568945,0.8820946322074937,0.06238703000811537,7.0
2026-10-04 01:10:00,0.12459861,-0.10245900546409104,0.46999998949468136,9.649999784305692,0.18050247148314172,0.6504454321737528,0.8309479036568945,0.8530875056137248,0.06238703000811537,7.0
2026-10-04 01:20:00,0.12459861,-0.13000754976110793,0.46999998949468136,9.649999784305692,0.18050247148314172,0.6504454321737528,0.8309479036568945,0.8255389613167079,0.06238703000811537,7.0
2026-10-04 01:30:00,0.12459861,-0.15577298444653384,0.46999998949468136,9.649999784305692,0.18050247148314172,0.6504454321737528,0.8309479036568945,0.799773526631282,0.06238703000811537,7.0
2026-10-04 01:40:00,0.12459861,-0.17946486081782606,0.46999998949468136,9.649999784305692,0.18050247148314172,0.6504454321737528,0.8309479036568945,0.7760816502599898,0.06238703000811537,7.0
2026-10-04 01:50:00,0.12459861,-0.20083328096899217,0.46999998949468136,9.649999784305692,0.18050247148314172,0.6504454321737528,0.8309479036568945,0.7547132301088237,0.06238703000811537,7.0
2026-10-04 02:00:00,0.12459861,-0.2196734697940632,0.46999998949468136,9.649999784305692,0.18050247148314172,0.6504454321737528,0.8309479036568945,0.7358730412837526,0.06238703000811537,7.0
2026-10-04 02:10:00,0.12459861,-0.23582828107673426,0.46999998949468136,9.649999784305692,0.18050247148314172,0.6504454321737528,0.8309479036568945,0.7197182300010816,0.06238703000811537,7.0
2026-10-04 02:20:00,0.12459861,-0.24918864657913087,0.46999998949468136,9.649999784305692,0.18050247148314172,0.6504454321737528,0.8309479036568945,0.706357864498685,0.06238703000811537,7.0
2026-10-04 02:30:00,0.12459861,-0.25969214207436087,0.46999998949468136,9.649999784305692,0.18050247148314172,0.6504454321737528,0.8309479036568945,0.695854369003455,0.06238703000811537,7.0
2026-10-04 02:40:00,0.12459861,-0.2673199837680331,0.46999998949468136,9.649999784305692,0.18050247148314172,0.6504454321737528,0.8309479036568945,0.6882265273097827,0.06238703000811537,7.0
2026-10-04 02:50:00,0.12459861,-0.272092867465719,0.46999998949468136,9.649999784305692,0.18050247148314172,0.6504454321737528,0.8309479036568945,0.6834536436120968,0.06238703000811537,7.0
2026-10-04 03:00:00,0.12459861,-0.2740661135035769,0.4599999897181988,9.579999785870314,0.17727656799330158,0.6388208035891195,0.8160973715824211,0.6666298654997656,0.06238703000811537,7.0
2026-10-04 03:10:00,0.12459861,-0.2733245783312083,0.4599999897181988,9.579999785870314,0.17727656799330158,0.6388208035891195,0.8160973715824211,0.6673714006721341,0.06238703000811537,7.0
2026-10-04 03:20:00,0.12459861,-0.2699777423704967,0.4599999897181988,9.579999785870314,0.17727656799330158,0.6388208035891195,0.8160973715824211,0.6707182366328457,0.06238703000811537,7.0
2026-10-04 03:30:00,0.12459861,-0.264155290938855,0.4599999897181988,9.579999785870314,0.17727656799330158,0.6388208035891195,0.8160973715824211,0.6765406880644875,0.06238703000811537,7.0
2026-10-04 03:40:00,0.12459861,-0.2560033838124343,0.4599999897181988,9.579999785870314,0.17727656799330158,0.6388208035891195,0.8160973715824211,0.6846925951909082,0.06238703000811537,7.0
2026-10-04 03:50:00,0.12459861,-0.24568167508674865,0.4599999897181988,9.579999785870314,0.17727656799330158,0.6388208035891195,0.8160973715824211,0.6950143039165938,0.06238703000811537,7.0
2026-10-04 04:00:00,0.12459861,-0.2333610153391966,0.4599999897181988,9.579999785870314,0.17727656799330158,0.6388208035891195,0.8160973715824211,0.7073349636641458,0.06238703000811537,7.0
2026-10-04 04:10:00,0.12459861,-0.21922165883188116,0.4599999897181988,9.579999785870314,0.17727656799330158,0.6388208035891195,0.8160973715824211,0.7214743201714613,0.06238703000811537,7.0
2026-10-04 04:20:00,0.12459861,-0.20345172300288852,0.4599999897181988,9.579999785870314,0.17727656799330158,0.6388208035891195,0.8160973715824211,0.737244256000454,0.06238703000811537,7.0
2026-10-04 04:30:00,0.12459861,-0.18624561470399129,0.4599999897181988,9.579999785870314,0.17727656799330158,0.6388208035891195,0.8160973715824211,0.7544503642993512,0.06238703000811537,7.0
2026-10-04 04:40:00,0.12459861,-0.16780215149741934,0.4599999897181988,9.579999785870314,0.17727656799330158,0.6388208035891195,0.8160973715824211,0.7728938275059232,0.06238703000811537,7.0
2026-10-04 04:50:00,0.12459861,-0.14832216449390045,0.4599999897181988,9.579999785870314,0.17727656799330158,0.6388208035891195,0.8160973715824211,0.792373814509442,0.06238703000811537,7.0
2026-10-04 05:00:00,0.12459861,-0.1280054642810509,0.4599999897181988,9.579999785870314,0.17727656799330158,0.6388208035891195,0.8160973715824211,0.8126905147222916,0.06238703000811537,7.0
2026-10-04 05:10:00,0.12459861,-0.10704717124324935,0.4599999897181988,9.579999785870314,0.17727656799330158,0.6388208035891195,0.8160973715824211,0.8336488077600931,0.06238703000811537,7.0
2026-10-04 05:20:00,0.12459861,-0.08563354034615188,0.4599999897181988,9.579999785870314,0.17727656799330158,0.6388208035891195,0.8160973715824211,0.8550624386571906,0.06238703000811537,7.0
2026-10-04 05:30:00,0.12459861,-0.06393753196363122,0.4599999897181988,9.579999785870314,0.17727656799330158,0.6388208035891195,0.8160973715824211,0.8767584470397112,0.06238703000811537,7.0
2026-10-04 05:40:00,0.12459861,-0.04211447760721027,0.4599999897181988,9.579999785870314,0.17727656799330158,0.6388208035891195,0.8160973715824211,0.8985815013961322,0.06238703000811537,7.0
2026-10-04 05:50:00,0.12459861,-0.020298249854666328,0.4599999897181988,9.579999785870314,0.17727656799330158,0.6388208035891195,0.8160973715824211,0.9203977291486761,0.06238703000811537,7.0
2026-10-04 06:00:00,0.12459861,0.0014016412605327494,0.4499999899417162,9.44999978877604,0.17295972091206643,0.6232649309059899,0.7962246518180564,0.9222249004995104,0.06238703000811537,7.0
2026-10-04 06:10:00,0.12459861,0.022901640582285228,0.4499999899417162,9.44999978877604,0.17295972091206643,0.6232649309059899,0.7962246518180564,0.9437248998212628,0.06238703000811537,7.0
2026-10-04 06:20:00,0.12459861,0.0441441309869776,0.4499999899417162,9.44999978877604,0.17295972091206643,0.6232649309059899,0.7962246518180564,0.9649673902259552,0.06238703000811537,7.0
2026-10-04 06:30:00,0.12459861,0.06509563774151152,0.4499999899417162,9.44999978877604,0.17295972091206643,0.6232649309059899,0.7962246518180564,0.9859188969804892,0.06238703000811537,7.0
2026-10-04 06:40:00,0.12459861,0.08574324135973076,0.4499999899417162,9.44999978877604,0.17295972091206643,0.6232649309059899,0.7962246518180564,1.0065665005987086,0.06238703000811537,7.0
2026-10-04 06:50:00,0.12459861,0.10608935589663267,0.4499999899417162,9.44999978877604,0.17295972091206643,0.6232649309059899,0.7962246518180564,1.0269126151356103,0.06238703000811537,7.0
2026-10-04 07:00:00,0.12459861,0.12614519297986354,0.4499999899417162,9.44999978877604,0.17295972091206643,0.6232649309059899,0.7962246518180564,1.0469684522188412,0.06238703000811537,7.0
2026-10-04 07:10:00,0.12459861,0.14592337201587507,0.4499999899417162,9.44999978877604,0.17295972091206643,0.6232649309059899,0.7962246518180564,1.0667466312548528,0.06238703000811537,7.0
2026-10-04 07:20:00,0.12459861,0.16543023668498777,0.4499999899417162,9.44999978877604,0.17295972091206643,0.6232649309059899,0.7962246518180564,1.0862534959239656,0.06238703000811537,7.0
2026-10-04 07:30:00,0.12459861,0.1846584867752182,0.4499999899417162,9.44999978877604,0.17295972091206643,0.6232649309059899,0.7962246518180564,1.105481746014196,0.06238703000811537,7.0
2026-10-04 07:40:00,0.12459861,0.20358072462098797,0.4499999899417162,9.44999978877604,0.17295972091206643,0.6232649309059899,0.7962246518180564,1.1244039838599655,0.06238703000811537,7.0
2026-10-04 07:50:00,0.12459861,0.2221444480213008,0.4499999899417162,9.44999978877604,0.17295972091206643,0.6232649309059899,0.7962246518180564,1.1429677072602784,0.06238703000811537,7.0
2026-10-04 08:00:00,0.12459861,0.2402689014555074,0.4499999899417162,9.44999978877604,0.17295972091206643,0.6232649309059899,0.7962246518180564,1.161092160694485,0.06238703000811537,7.0
2026-10-04 08:10:00,0.12459861,0.25784403711215814,0.4499999899417162,9.44999978877604,0.17295972091206643,0.6232649309059899,0.7962246518180564,1.1786672963511358,0.06238703000811537,7.0
2026-10-04 08:20:00,0.12459861,0.2747316525542627,0.4499999899417162,9.44999978877604,0.17295972091206643,0.6232649309059899,0.7962246518180564,1.1955549117932405,0.06238703000811537,7.0
2026-10-04 08:30:00,0.12459861,0.29076858142061146,0.4499999899417162,9.44999978877604,0.17295972091206643,0.6232649309059899,0.7962246518180564,1.2115918406595891,0.06238703000811537,7.0
2026-10-04 08:40:00,0.12459861,0.30577163764583154,0.4499999899417162,9.44999978877604,0.17295972091206643,0.6232649309059899,0.7962246518180564,1.2265948968848093,0.06238703000811537,7.0
2026-10-04 08:50:00,0.12459861,0.31954386926376754,0.4499999899417162,9.44999978877604,0.17295972091206643,0.6232649309059899,0.7962246518180564,1.2403671285027453,0.06238703000811537,7.0
2026-10-04 09:00:00,0.12459861,0.3318815807308954,0.4499999899417162,9.329999791458249,0.17076340699572273,0.6153504555928979,0.7861138625886206,1.2425940507404374,0.06238703000811537,7.0
2026-10-04 09:10:00,0.12459861,0.34258154137006264,0.4499999899417162,9.329999791458249,0.17076340699572273,0.6153504555928979,0.7861138625886206,1.2532940113796045,0.06238703000811537,7.0
2026-10-04 09:20:00,0.12459861,0.351447816353984,0.4499999899417162,9.329999791458249,0.17076340699572273,0.6153504555928979,0.7861138625886206,1.262160286363526,0.06238703000811537,7.0
2026-10-04 09:30:00,0.12459861,0.3582977319482064,0.4499999899417162,9.329999791458249,0.17076340699572273,0.6153504555928979,0.7861138625886206,1.2690102019577483,0.06238703000811537,7.0
2026-10-04 09:40:00,0.12459861,0.3629666098523718,0.4499999899417162,9.329999791458249,0.17076340699572273,0.6153504555928979,0.7861138625886206,1.2736790798619138,0.06238703000811537,7.0
2026-10-04 09:50:00,0.12459861,0.36531106194015606,0.4499999899417162,9.329999791458249,0.17076340699572273,0.6153504555928979,0.7861138625886206,1.276023531949698,0.06238703000811537,7.0
2026-10-04 10:00:00,0.12459861,0.3652108087040585,0.4499999899417162,9.329999791458249,0.17076340699572273,0.6153504555928979,0.7861138625886206,1.2759232787136003,0.06238703000811537,7.0
2026-10-04 10:10:00,0.12459861,0.36256915314027255,0.4499999899417162,9.329999791458249,0.17076340699572273,0.6153504555928979,0.7861138625886206,1.2732816231498145,0.06238703000811537,7.0
2026-10-04 10:20:00,0.12459861,0.3573123875670121,0.4499999899417162,9.329999791458249,0.17076340699572273,0.6153504555928979,0.7861138625886206,1.268024857576554,0.06238703000811537,7.0
2026-10-04 10:30:00,0.12459861,0.3493885181695318,0.4499999899417162,9.329999791458249,0.17076340699572273,0.6153504555928979,0.7861138625886206,1.2601009881790737,0.06238703000811537,7.0
2026-10-04 10:40:00,0.12459861,0.33876574903405837,0.4499999899417162,9.329999791458249,0.17076340699572273,0.6153504555928979,0.7861138625886206,1.2494782190436002,0.06238703000811537,7.0
2026-10-04 10:50:00,0.12459861,0.3254311682265904,0.4499999899417162,9.329999791458249,0.17076340699572273,0.6153504555928979,0.7861138625886206,1.2361436382361324,0.06238703000811537,7.0
2026-10-04 11:00:00,0.12459861,0.3093900235435127,0.4499999899417162,9.329999791458249,0.17076340699572273,0.6153504555928979,0.7861138625886206,1.2201024935530547,0.06238703000811537,7.0
2026-10-04 11:10:00,0.12459861,0.2906658715699223,0.4499999899417162,9.329999791458249,0.17076340699572273,0.6153504555928979,0.7861138625886206,1.2013783415794643,0.06238703000811537,7.0
2026-10-04 11:20:00,0.12459861,0.2693017430161411,0.4499999899417162,9.329999791458249,0.17076340699572273,0.6153504555928979,0.7861138625886206,1.180014213025683,0.06238703000811537,7.0
2026-10-04 11:30:00,0.12459861,0.24536230636352163,0.4499999899417162,9.329999791458249,0.17076340699572273,0.6153504555928979,0.7861138625886206,1.1560747763730634,0.06238703000811537,7.0
2026-10-04 11:40:00,0.12459861,0.21893684930378496,0.4499999899417162,9.329999791458249,0.17076340699572273,0.6153504555928979,0.7861138625886206,1.129649319313327,0.06238703000811537,7.0
2026-10-04 11:50:00,0.12459861,0.1901427525360436,0.4499999899417162,9.329999791458249,0.17076340699572273,0.6153504555928979,0.7861138625886206,1.1008552225455857,0.06238703000811537,7.0
2026-10-04 12:00:00,0.12459861,0.1591290198042164,0.46999998949468136,9.339999791234732,0.17470394649249157,0.6295502939381193,0.8042542404306109,1.0879818676557487,0.06238703000811537,7.0
2026-10-04 12:10:00,0.12459861,0.12607936550469315,0.46999998949468136,9.339999791234732,0.17470394649249157,0.6295502939381193,0.8042542404306109,1.0549322133562253,0.06238703000811537,7.0
2026-10-04 12:20:00,0.12459861,0.09121435393174851,0.46999998949468136,9.339999791234732,0.17470394649249157,0.6295502939381193,0.8042542404306109,1.0200672017832808,0.06238703000811537,7.0
2026-10-04 12:30:00,0.12459861,0.05479213489125262,0.46999998949468136,9.339999791234732,0.17470394649249157,0.6295502939381193,0.8042542404306109,0.9836449827427849,0.06238703000811537,7.0
2026-10-04 12:40:00,0.12459861,0.017107423603121827,0.46999998949468136,9.339999791234732,0.17470394649249157,0.6295502939381193,0.8042542404306109,0.945960271454654,0.06238703000811537,7.0
2026-10-04 12:50:00,0.12459861,-0.021511481315761256,0.46999998949468136,9.339999791234732,0.17470394649249157,0.6295502939381193,0.8042542404306109,0.907341366535771,0.06238703000811537,7.0
2026-10-04 13:00:00,0.12459861,-0.06070767485446532,0.46999998949468136,9.339999791234732,0.17470394649249157,0.6295502939381193,0.8042542404306109,0.8681451729970668,0.06238703000811537,7.0
2026-10-04 13:10:00,0.12459861,-0.10010246884234147,0.46999998949468136,9.339999791234732,0.17470394649249157,0.6295502939381193,0.8042542404306109,0.8287503790091908,0.06238703000811537,7.0
2026-10-04 13:20:00,0.12459861,-0.13930374019725572,0.46999998949468136,9.339999791234732,0.17470394649249157,0.6295502939381193,0.8042542404306109,0.7895491076542764,0.06238703000811537,7.0
2026-10-04 13:30:00,0.12459861,-0.17791533978297439,0.46999998949468136,9.339999791234732,0.17470394649249157,0.6295502939381193,0.8042542404306109,0.7509375080685579,0.06238703000811537,7.0
2026-10-04 13:40:00,0.12459861,-0.21554699649233405,0.46999998949468136,9.339999791234732,0.17470394649249157,0.6295502939381193,0.8042542404306109,0.7133058513591981,0.06238703000811537,7.0
2026-10-04 13:50:00,0.12459861,-0.2518241046728028,0.46999998949468136,9.339999791234732,0.17470394649249157,0.6295502939381193,0.8042542404306109,0.6770287431787294,0.06238703000811537,7.0
2026-10-04 14:00:00,0.12459861,-0.28639679387055683,0.46999998949468136,9.339999791234732,0.17470394649249157,0.6295502939381193,0.8042542404306109,0.6424560539809754,0.06238703000811537,7.0
2026-10-04 14:10:00,0.12459861,-0.31894774748496746,0.46999998949468136,9.339999791234732,0.17470394649249157,0.6295502939381193,0.8042542404306109,0.6099051003665648,0.06238703000811537,7.0
2026-10-04 14:20:00,0.12459861,-0.3491983526725661,0.46999998949468136,9.339999791234732,0.17470394649249157,0.6295502939381193,0.8042542404306109,0.5796544951789662,0.06238703000811537,7.0
2026-10-04 14:30:00,0.12459861,-0.37691291527979354,0.46999998949468136,9.339999791234732,0.17470394649249157,0.6295502939381193,0.8042542404306109,0.5519399325717387,0.06238703000811537,7.0
2026-10-04 14:40:00,0.12459861,-0.4019008442089237,0.46999998949468136,9.339999791234732,0.17470394649249157,0.6295502939381193,0.8042542404306109,0.5269520036426085,0.06238703000811537,7.0
2026-10-04 14:50:00,0.12459861,-0.4240168806136398,0.46999998949468136,9.339999791234732,0.17470394649249157,0.6295502939381193,0.8042542404306109,0.5048359672378924,0.06238703000811537,7.0
2026-10-04 15:00:00,0.12459861,-0.4431596017796608,0.47999998927116394,9.299999792128801,0.1757966025682167,0.6334877090192125,0.8092843115874292,0.4907233172286897,0.06238703000811537,7.0
2026-10-04 15:10:00,0.12459861,-0.45926855047672377,0.47999998927116394,9.299999792128801,0.1757966025682167,0.6334877090192125,0.8092843115874292,0.47461436853162675,0.06238703000811537,7.0
2026-10-04 15:20:00,0.12459861,-0.47232041765055266,0.47999998927116394,9.299999792128801,0.1757966025682167,0.6334877090192125,0.8092843115874292,0.46156250135779786,0.06238703000811537,7.0
2026-10-04 15:30:00,0.12459861,-0.48232473211975674,0.47999998927116394,9.299999792128801,0.1757966025682167,0.6334877090192125,0.8092843115874292,0.4515581868885938,0.06238703000811537,7.0
2026-10-04 15:40:00,0.12459861,-0.4893194857118134,0.47999998927116394,9.299999792128801,0.1757966025682167,0.6334877090192125,0.8092843115874292,0.44456343329653714,0.06238703000811537,7.0
2026-10-04 15:50:00,0.12459861,-0.49336705095413314,0.47999998927116394,9.299999792128801,0.1757966025682167,0.6334877090192125,0.8092843115874292,0.4405158680542174,0.06238703000811537,7.0
2026-10-04 16:00:00,0.12459861,-0.4945506418355048,0.47999998927116394,9.299999792128801,0.1757966025682167,0.6334877090192125,0.8092843115874292,0.43933227717284573,0.06238703000811537,7.0
2026-10-04 16:10:00,0.12459861,-0.4929714405899386,0.47999998927116394,9.299999792128801,0.1757966025682167,0.6334877090192125,0.8092843115874292,0.44091147841841194,0.06238703000811537,7.0
2026-10-04 16:20:00,0.12459861,-0.48874638147449445,0.47999998927116394,9.299999792128801,0.1757966025682167,0.6334877090192125,0.8092843115874292,0.44513653753385607,0.06238703000811537,7.0
2026-10-04 16:30:00,0.12459861,-0.4820064629166255,0.47999998927116394,9.299999792128801,0.1757966025682167,0.6334877090192125,0.8092843115874292,0.451876456091725,0.06238703000811537,7.0
2026-10-04 16:40:00,0.12459861,-0.4728953670918808,0.47999998927116394,9.299999792128801,0.1757966025682167,0.6334877090192125,0.8092843115874292,0.46098755191646973,0.06238703000811537,7.0
2026-10-04 16:50:00,0.12459861,-0.46156811237962986,0.47999998927116394,9.299999792128801,0.1757966025682167,0.6334877090192125,0.8092843115874292,0.47231480662872066,0.06238703000811537,7.0
2026-10-04 17:00:00,0.12459861,-0.4481894558237028,0.47999998927116394,9.299999792128801,0.1757966025682167,0.6334877090192125,0.8092843115874292,0.48569346318464773,0.06238703000811537,7.0
2026-10-04 17:10:00,0.12459861,-0.4329318004726564,0.47999998927116394,9.299999792128801,0.1757966025682167,0.6334877090192125,0.8092843115874292,0.5009511185356941,0.06238703000811537,7.0
2026-10-04 17:20:00,0.12459861,-0.4159724416256208,0.47999998927116394,9.299999792128801,0.1757966025682167,0.6334877090192125,0.8092843115874292,0.5179104773827297,0.06238703000811537,7.0
2026-10-04 17:30:00,0.12459861,-0.3974900964499473,0.47999998927116394,9.299999792128801,0.1757966025682167,0.6334877090192125,0.8092843115874292,0.5363928225584031,0.06238703000811537,7.0
2026-10-04 17:40:00,0.12459861,-0.3776607890343682,0.47999998927116394,9.299999792128801,0.1757966025682167,0.6334877090192125,0.8092843115874292,0.5562221299739822,0.06238703000811537,7.0
2026-10-04 17:50:00,0.12459861,-0.35665329181102956,0.47999998927116394,9.299999792128801,0.1757966025682167,0.6334877090192125,0.8092843115874292,0.577229627197321,0.06238703000811537,7.0
2026-10-04 18:00:00,0.12459861,-0.33462443683597615,0.46999998949468136,9.429999789223075,0.17638738923171257,0.6356166243936258,0.8120040136253384,0.6019781842102836,0.06238703000811537,7.0
2026-10-04 18:10:00,0.12459861,-0.31171469240767113,0.46999998949468136,9.429999789223075,0.17638738923171257,0.6356166243936258,0.8120040136253384,0.6248879286385886,0.06238703000811537,7.0
2026-10-04 18:20:00,0.12459861,-0.28804443912033806,0.46999998949468136,9.429999789223075,0.17638738923171257,0.6356166243936258,0.8120040136253384,0.6485581819259216,0.06238703000811537,7.0
2026-10-04 18:30:00,0.12459861,-0.2637113685103934,0.46999998949468136,9.429999789223075,0.17638738923171257,0.6356166243936258,0.8120040136253384,0.6728912525358663,0.06238703000811537,7.0
2026-10-04 18:40:00,0.12459861,-0.23878936501759365,0.46999998949468136,9.429999789223075,0.17638738923171257,0.6356166243936258,0.8120040136253384,0.6978132560286661,0.06238703000811537,7.0
2026-10-04 18:50:00,0.12459861,-0.21332912321917175,0.46999998949468136,9.429999789223075,0.17638738923171257,0.6356166243936258,0.8120040136253384,0.7232734978270879,0.06238703000811537,7.0
2026-10-04 19:00:00,0.12459861,-0.1873606071479136,0.46999998949468136,9.429999789223075,0.17638738923171257,0.6356166243936258,0.8120040136253384,0.7492420138983461,0.06238703000811537,7.0
2026-10-04 19:10:00,0.12459861,-0.1608972916503165,0.46999998949468136,9.429999789223075,0.17638738923171257,0.6356166243936258,0.8120040136253384,0.7757053293959432,0.06238703000811537,7.0
2026-10-04 19:20:00,0.12459861,-0.1339419550670932,0.46999998949468136,9.429999789223075,0.17638738923171257,0.6356166243936258,0.8120040136253384,0.8026606659791665,0.06238703000811537,7.0
2026-10-04 19:30:00,0.12459861,-0.10649363577288622,0.46999998949468136,9.429999789223075,0.17638738923171257,0.6356166243936258,0.8120040136253384,0.8301089852733735,0.06238703000811537,7.0
2026-10-04 19:40:00,0.12459861,-0.07855524062827945,0.46999998949468136,9.429999789223075,0.17638738923171257,0.6356166243936258,0.8120040136253384,0.8580473804179802,0.06238703000811537,7.0
2026-10-04 19:50:00,0.12459861,-0.05014121416566218,0.46999998949468136,9.429999789223075,0.17638738923171257,0.6356166243936258,0.8120040136253384,0.8864614068805975,0.06238703000811537,7.0
2026-10-04 20:00:00,0.12459861,-0.021284654048301703,0.46999998949468136,9.429999789223075,0.17638738923171257,0.6356166243936258,0.8120040136253384,0.915317966997958,0.06238703000811537,7.0
2026-10-04 20:10:00,0.12459861,0.007956706472915697,0.46999998949468136,9.429999789223075,0.17638738923171257,0.6356166243936258,0.8120040136253384,0.9445593275191754,0.06238703000811537,7.0
2026-10-04 20:20:00,0.12459861,0.03749613657470897,0.46999998949468136,9.429999789223075,0.17638738923171257,0.6356166243936258,0.8120040136253384,0.9740987576209686,0.06238703000811537,7.0
2026-10-04 20:30:00,0.12459861,0.06721551467756127,0.46999998949468136,9.429999789223075,0.17638738923171257,0.6356166243936258,0.8120040136253384,1.003818135723821,0.06238703000811537,7.0
2026-10-04 20:40:00,0.12459861,0.09696507976926994,0.46999998949468136,9.429999789223075,0.17638738923171257,0.6356166243936258,0.8120040136253384,1.0335677008155297,0.06238703000811537,7.0
2026-10-04 20:50:00,0.12459861,0.1265653141879706,0.46999998949468136,9.429999789223075,0.17638738923171257,0.6356166243936258,0.8120040136253384,1.0631679352342303,0.06238703000811537,7.0
2026-10-04 21:00:00,0.12459861,0.15581075996180058,0.47999998927116394,12.889999711886048,0.24365787173164655,0.8780275880922201,1.1216854598238668,1.4020948272065887,0.06238703000811537,7.0
2026-10-04 21:10:00,0.12459861,0.1844754080191605,0.47999998927116394,12.889999711886048,0.24365787173164655,0.8780275880922201,1.1216854598238668,1.4307594752639488,0.06238703000811537,7.0
2026-10-04 21:20:00,0.12459861,0.21231917650356205,0.47999998927116394,12.889999711886048,0.24365787173164655,0.8780275880922201,1.1216854598238668,1.45860324374835,0.06238703000811537,7.0
2026-10-04 21:30:00,0.12459861,0.23909492250329586,0.47999998927116394,12.889999711886048,0.24365787173164655,0.8780275880922201,1.1216854598238668,1.485378989748084,0.06238703000811537,7.0
2026-10-04 21:40:00,0.12459861,0.2645554182300262,0.47999998927116394,12.889999711886048,0.24365787173164655,0.8780275880922201,1.1216854598238668,1.5108394854748144,0.06238703000811537,7.0
2026-10-04 21:50:00,0.12459861,0.2884597679613129,0.47999998927116394,12.889999711886048,0.24365787173164655,0.8780275880922201,1.1216854598238668,1.534743835206101,0.06238703000811537,7.0
2026-10-04 22:00:00,0.12459861,0.31057884021340615,0.47999998927116394,12.889999711886048,0.24365787173164655,0.8780275880922201,1.1216854598238668,1.5568629074581943,0.06238703000811537,7.0
2026-10-04 22:10:00,0.12459861,0.33069942886668463,0.47999998927116394,12.889999711886048,0.24365787173164655,0.8780275880922201,1.1216854598238668,1.5769834961114728,0.06238703000811537,7.0
2026-10-04 22:20:00,0.12459861,0.3486270211127006,0.47999998927116394,12.889999711886048,0.24365787173164655,0.8780275880922201,1.1216854598238668,1.5949110883574886,0.06238703000811537,7.0
2026-10-04 22:30:00,0.12459861,0.3641872205863627,0.47999998927116394,12.889999711886048,0.24365787173164655,0.8780275880922201,1.1216854598238668,1.610471287831151,0.06238703000811537,7.0
2026-10-04 22:40:00,0.12459861,0.3772260314275382,0.47999998927116394,12.889999711886048,0.24365787173164655,0.8780275880922201,1.1216854598238668,1.6235100986723263,0.06238703000811537,7.0
2026-10-04 22:50:00,0.12459861,0.3876093357477985,0.47999998927116394,12.889999711886048,0.24365787173164655,0.8780275880922201,1.1216854598238668,1.6338934029925867,0.06238703000811537,7.0
2026-10-04 23:00:00,0.12459861,0.3952219788695271,0.47999998927116394,12.889999711886048,0.24365787173164655,0.8780275880922201,1.1216854598238668,1.6415060461143152,0.06238703000811537,7.0
2026-10-04 23:10:00,0.12459861,0.3999669048175488,0.47999998927116394,12.889999711886048,0.24365787173164655,0.8780275880922201,1.1216854598238668,1.646250972062337,0.06238703000811537,7.0
2026-10-04 23:20:00,0.12459861,0.40176475597902284,0.47999998927116394,12.889999711886048,0.24365787173164655,0.8780275880922201,1.1216854598238668,1.648048823223811,0.06238703000811537,7.0
2026-10-04 23:30:00,0.12459861,0.40055426922073095,0.47999998927116394,12.889999711886048,0.24365787173164655,0.8780275880922201,1.1216854598238668,1.646838336465519,0.06238703000811537,7.0
2026-10-04 23:40:00,0.12459861,0.39629367556119127,0.47999998927116394,12.889999711886048,0.24365787173164655,0.8780275880922201,1.1216854598238668,1.6425777428059793,0.06238703000811537,7.0
2026-10-04 23:50:00,0.12459861,0.38896315640708506,0.47999998927116394,12.889999711886048,0.24365787173164655,0.8780275880922201,1.1216854598238668,1.6352472236518731,0.06238703000811537,7.0
2026-10-05 00:00:00,0.14190377,0.3785682440267899,0.4899999890476465,12.81999971345067,0.2448459786901167,0.8823089629549623,1.127154941645079,1.6476269586220413,0.06238703000811537,7.0
2026-10-05 00:10:00,0.14190377,0.36514389676848497,0.4899999890476465,12.81999971345067,0.2448459786901167,0.8823089629549623,1.127154941645079,1.6342026113637365,0.06238703000811537,7.0
2026-10-05 00:20:00,0.14190377,0.34875884856936235,0.4899999890476465,12.81999971345067,0.2448459786901167,0.8823089629549623,1.127154941645079,1.6178175631646137,0.06238703000811537,7.0
2026-10-05 00:30:00,0.14190377,0.3295197433879878,0.4899999890476465,12.81999971345067,0.2448459786901167,0.8823089629549623,1.127154941645079,1.5985784579832392,0.06238703000811537,7.0
2026-10-05 00:40:00,0.14190377,0.3075745288034322,0.4899999890476465,12.81999971345067,0.2448459786901167,0.8823089629549623,1.127154941645079,1.5766332433986836,0.06238703000811537,7.0
2026-10-05 00:50:00,0.14190377,0.28311460460532994,0.4899999890476465,12.81999971345067,0.2448459786901167,0.8823089629549623,1.127154941645079,1.5521733192005813,0.06238703000811537,7.0
2026-10-05 01:00:00,0.14190377,0.25637530022142835,0.4899999890476465,12.81999971345067,0.2448459786901167,0.8823089629549623,1.127154941645079,1.5254340148166798,0.06238703000811537,7.0
2026-10-05 01:10:00,0.14190377,0.22763438174577932,0.4899999890476465,12.81999971345067,0.2448459786901167,0.8823089629549623,1.127154941645079,1.4966930963410308,0.06238703000811537,7.0
2026-10-05 01:20:00,0.14190377,0.19720845242513851,0.4899999890476465,12.81999971345067,0.2448459786901167,0.8823089629549623,1.127154941645079,1.46626716702039,0.06238703000811537,7.0
2026-10-05 01:30:00,0.14190377,0.16544729253821042,0.4899999890476465,12.81999971345067,0.2448459786901167,0.8823089629549623,1.127154941645079,1.4345060071334619,0.06238703000811537,7.0
2026-10-05 01:40:00,0.14190377,0.1327263669526934,0.4899999890476465,12.81999971345067,0.2448459786901167,0.8823089629549623,1.127154941645079,1.401785081547945,0.06238703000811537,7.0
2026-10-05 01:50:00,0.14190377,0.09943789189424664,0.4899999890476465,12.81999971345067,0.2448459786901167,0.8823089629549623,1.127154941645079,1.3684966064894981,0.06238703000811537,7.0
2026-10-05 02:00:00,0.14190377,0.06598098017842871,0.4899999890476465,12.81999971345067,0.2448459786901167,0.8823089629549623,1.127154941645079,1.3350396947736802,0.06238703000811537,7.0
2026-10-05 02:10:00,0.14190377,0.03275146268454553,0.4899999890476465,12.81999971345067,0.2448459786901167,0.8823089629549623,1.127154941645079,1.301810177279797,0.06238703000811537,7.0
2026-10-05 02:20:00,0.14190377,0.0001320060994512953,0.4899999890476465,12.81999971345067,0.2448459786901167,0.8823089629549623,1.127154941645079,1.2691907206947026,0.06238703000811537,7.0
2026-10-05 02:30:00,0.14190377,-0.031516889049618954,0.4899999890476465,12.81999971345067,0.2448459786901167,0.8823089629549623,1.127154941645079,1.2375418255456325,0.06238703000811537,7.0
2026-10-05 02:40:00,0.14190377,-0.061864515612508435,0.4899999890476465,12.81999971345067,0.2448459786901167,0.8823089629549623,1.127154941645079,1.207194198982743,0.06238703000811537,7.0
2026-10-05 02:50:00,0.14190377,-0.09061585031837392,0.4899999890476465,12.81999971345067,0.2448459786901167,0.8823089629549623,1.127154941645079,1.1784428642768776,0.06238703000811537,7.0
2026-10-05 03:00:00,0.14190377,-0.11751550676144938,0.4899999890476465,13.66999969445169,0.26107991643478123,0.940808387175845,1.2018883036106263,1.2262765697993494,0.06238703000811537,7.0
2026-10-05 03:10:00,0.14190377,-0.14234972175699956,0.4899999890476465,13.66999969445169,0.26107991643478123,0.940808387175845,1.2018883036106263,1.2014423548037991,0.06238703000811537,7.0
2026-10-05 03:20:00,0.14190377,-0.1649465104324132,0.4899999890476465,13.66999969445169,0.26107991643478123,0.940808387175845,1.2018883036106263,1.1788455661283854,0.06238703000811537,7.0
2026-10-05 03:30:00,0.14190377,-0.18517426501722203,0.4899999890476465,13.66999969445169,0.26107991643478123,0.940808387175845,1.2018883036106263,1.1586178115435766,0.06238703000811537,7.0
2026-10-05 03:40:00,0.14190377,-0.20293917365910272,0.4899999890476465,13.66999969445169,0.26107991643478123,0.940808387175845,1.2018883036106263,1.140852902901696,0.06238703000811537,7.0
2026-10-05 03:50:00,0.14190377,-0.2181818889730959,0.4899999890476465,13.66999969445169,0.26107991643478123,0.940808387175845,1.2018883036106263,1.1256101875877027,0.06238703000811537,7.0
2026-10-05 04:00:00,0.14190377,-0.2308738781867386,0.4899999890476465,13.66999969445169,0.26107991643478123,0.940808387175845,1.2018883036106263,1.1129181983740601,0.06238703000811537,7.0
2026-10-05 04:10:00,0.14190377,-0.2410138397700855,0.4899999890476465,13.66999969445169,0.26107991643478123,0.940808387175845,1.2018883036106263,1.102778236790713,0.06238703000811537,7.0
2026-10-05 04:20:00,0.14190377,-0.24862448344995472,0.4899999890476465,13.66999969445169,0.26107991643478123,0.940808387175845,1.2018883036106263,1.095167593110844,0.06238703000811537,7.0
2026-10-05 04:30:00,0.14190377,-0.2537498538898362,0.4899999890476465,13.66999969445169,0.26107991643478123,0.940808387175845,1.2018883036106263,1.0900422226709625,0.06238703000811537,7.0
2026-10-05 04:40:00,0.14190377,-0.2564532488119001,0.4899999890476465,13.66999969445169,0.26107991643478123,0.940808387175845,1.2018883036106263,1.0873388277488987,0.06238703000811537,7.0
2026-10-05 04:50:00,0.14190377,-0.256815656703884,0.4899999890476465,13.66999969445169,0.26107991643478123,0.940808387175845,1.2018883036106263,1.0869764198569147,0.06238703000811537,7.0
2026-10-05 05:00:00,0.14190377,-0.2549345335602105,0.4899999890476465,13.66999969445169,0.26107991643478123,0.940808387175845,1.2018883036106263,1.0888575430005882,0.06238703000811537,7.0
2026-10-05 05:10:00,0.14190377,-0.25092266574783717,0.4899999890476465,13.66999969445169,0.26107991643478123,0.940808387175845,1.2018883036106263,1.0928694108129615,0.06238703000811537,7.0
2026-10-05 05:20:00,0.14190377,-0.2449068362033815,0.4899999890476465,13.66999969445169,0.26107991643478123,0.940808387175845,1.2018883036106263,1.0988852403574172,0.06238703000811537,7.0
2026-10-05 05:30:00,0.14190377,-0.23702602760795394,0.4899999890476465,13.66999969445169,0.26107991643478123,0.940808387175845,1.2018883036106263,1.1067660489528448,0.06238703000811537,7.0
2026-10-05 05:40:00,0.14190377,-0.22742895695744292,0.4899999890476465,13.66999969445169,0.26107991643478123,0.940808387175845,1.2018883036106263,1.1163631196033559,0.06238703000811537,7.0
2026-10-05 05:50:00,0.14190377,-0.21627083369430222,0.4899999890476465,13.66999969445169,0.26107991643478123,0.940808387175845,1.2018883036106263,1.1275212428664965,0.06238703000811537,7.0
2026-10-05 06:00:00,0.14190377,-0.20370935594897652,0.46999998949468136,13.3199997022748,0.24914952540470958,0.8978169074149623,1.146966432819672,1.085160849820868,0.06238703000811537,7.0
2026-10-05 06:10:00,0.14190377,-0.18990009129668856,0.46999998949468136,13.3199997022748,0.24914952540470958,0.8978169074149623,1.146966432819672,1.0989701144731558,0.06238703000811537,7.0
2026-10-05 06:20:00,0.14190377,-0.17499151261360552,0.46999998949468136,13.3199997022748,0.24914952540470958,0.8978169074149623,1.146966432819672,1.113878693156239,0.06238703000811537,7.0
2026-10-05 06:30:00,0.14190377,-0.1591200601405684,0.46999998949468136,13.3199997022748,0.24914952540470958,0.8978169074149623,1.146966432819672,1.129750145629276,0.06238703000811537,7.0
2026-10-05 06:40:00,0.14190377,-0.14240566353144088,0.46999998949468136,13.3199997022748,0.24914952540470958,0.8978169074149623,1.146966432819672,1.1464645422384037,0.06238703000811537,7.0
2026-10-05 06:50:00,0.14190377,-0.12494817312252725,0.46999998949468136,13.3199997022748,0.24914952540470958,0.8978169074149623,1.146966432819672,1.1639220326473172,0.06238703000811537,7.0
2026-10-05 07:00:00,0.14190377,-0.10682511329323785,0.46999998949468136,13.3199997022748,0.24914952540470958,0.8978169074149623,1.146966432819672,1.1820450924766066,0.06238703000811537,7.0
2026-10-05 07:10:00,0.14190377,-0.08809108434172426,0.46999998949468136,13.3199997022748,0.24914952540470958,0.8978169074149623,1.146966432819672,1.2007791214281203,0.06238703000811537,7.0
2026-10-05 07:20:00,0.14190377,-0.06877901020719254,0.46999998949468136,13.3199997022748,0.24914952540470958,0.8978169074149623,1.146966432819672,1.2200911955626519,0.06238703000811537,7.0
2026-10-05 07:30:00,0.14190377,-0.04890327006385787,0.46999998949468136,13.3199997022748,0.24914952540470958,0.8978169074149623,1.146966432819672,1.2399669357059866,0.06238703000811537,7.0
2026-10-05 07:40:00,0.14190377,-0.028464578897169433,0.46999998949468136,13.3199997022748,0.24914952540470958,0.8978169074149623,1.146966432819672,1.260405626872675,0.06238703000811537,7.0
2026-10-05 07:50:00,0.14190377,-0.007456313532755088,0.46999998949468136,13.3199997022748,0.24914952540470958,0.8978169074149623,1.146966432819672,1.2814138922370895,0.06238703000811537,7.0
2026-10-05 08:00:00,0.14190377,0.014128165048668456,0.46999998949468136,13.3199997022748,0.24914952540470958,0.8978169074149623,1.146966432819672,1.3029983708185129,0.06238703000811537,7.0
2026-10-05 08:10:00,0.14190377,0.03628774929433284,0.46999998949468136,13.3199997022748,0.24914952540470958,0.8978169074149623,1.146966432819672,1.3251579550641772,0.06238703000811537,7.0
2026-10-05 08:20:00,0.14190377,0.05900599449067688,0.46999998949468136,13.3199997022748,0.24914952540470958,0.8978169074149623,1.146966432819672,1.3478762002605214,0.06238703000811537,7.0
2026-10-05 08:30:00,0.14190377,0.08224430983264958,0.46999998949468136,13.3199997022748,0.24914952540470958,0.8978169074149623,1.146966432819672,1.371114515602494,0.06238703000811537,7.0
2026-10-05 08:40:00,0.14190377,0.10593648031816637,0.46999998949468136,13.3199997022748,0.24914952540470958,0.8978169074149623,1.146966432819672,1.3948066860880108,0.06238703000811537,7.0
2026-10-05 08:50:00,0.14190377,0.12998495477617333,0.46999998949468136,13.3199997022748,0.24914952540470958,0.8978169074149623,1.146966432819672,1.4188551605460178,0.06238703000811537,7.0
2026-10-05 09:00:00,0.14190377,0.1542591799984858,0.47999998927116394,13.019999708980322,0.24611524359550338,0.8868827926268974,1.1329980362224008,1.429160989171059,0.06238703000811537,7.0
2026-10-05 09:10:00,0.14190377,0.17859607962873417,0.47999998927116394,13.019999708980322,0.24611524359550338,0.8868827926268974,1.1329980362224008,1.4534978888013073,0.06238703000811537,7.0
2026-10-05 09:20:00,0.14190377,0.20280258809242288,0.47999998927116394,13.019999708980322,0.24611524359550338,0.8868827926268974,1.1329980362224008,1.4777043972649961,0.06238703000811537,7.0
2026-10-05 09:30:00,0.14190377,0.22665997383388303,0.47999998927116394,13.019999708980322,0.24611524359550338,0.8868827926268974,1.1329980362224008,1.5015617830064563,0.06238703000811537,7.0
2026-10-05 09:40:00,0.14190377,0.249929540615145,0.47999998927116394,13.019999708980322,0.24611524359550338,0.8868827926268974,1.1329980362224008,1.5248313497877182,0.06238703000811537,7.0
2026-10-05 09:50:00,0.14190377,0.2723591952924393,0.47999998927116394,13.019999708980322,0.24611524359550338,0.8868827926268974,1.1329980362224008,1.5472610044650126,0.06238703000811537,7.0
2026-10-05 10:00:00,0.14190377,0.29369032540690965,0.47999998927116394,13.019999708980322,0.24611524359550338,0.8868827926268974,1.1329980362224008,1.5685921345794829,0.06238703000811537,7.0
2026-10-05 10:10:00,0.14190377,0.31366444372623886,0.47999998927116394,13.019999708980322,0.24611524359550338,0.8868827926268974,1.1329980362224008,1.588566252898812,0.06238703000811537,7.0
2026-10-05 10:20:00,0.14190377,0.33202912689507735,0.47999998927116394,13.019999708980322,0.24611524359550338,0.8868827926268974,1.1329980362224008,1.6069309360676507,0.06238703000811537,7.0
2026-10-05 10:30:00,0.14190377,0.3485428930114934,0.47999998927116394,13.019999708980322,0.24611524359550338,0.8868827926268974,1.1329980362224008,1.6234447021840666,0.06238703000811537,7.0
2026-10-05 10:40:00,0.14190377,0.362978814052895,0.47999998927116394,13.019999708980322,0.24611524359550338,0.8868827926268974,1.1329980362224008,1.6378806232254681,0.06238703000811537,7.0
2026-10-05 10:50:00,0.14190377,0.37512682625972305,0.47999998927116394,13.019999708980322,0.24611524359550338,0.8868827926268974,1.1329980362224008,1.6500286354322964,0.06238703000811537,7.0
2026-10-05 11:00:00,0.14190377,0.38479486559335163,0.47999998927116394,13.019999708980322,0.24611524359550338,0.8868827926268974,1.1329980362224008,1.6596966747659248,0.06238703000811537,7.0
2026-10-05 11:10:00,0.14190377,0.39180909750345005,0.47999998927116394,13.019999708980322,0.24611524359550338,0.8868827926268974,1.1329980362224008,1.6667109066760233,0.06238703000811537,7.0
2026-10-05 11:20:00,0.14190377,0.39601361437101035,0.47999998927116394,13.019999708980322,0.24611524359550338,0.8868827926268974,1.1329980362224008,1.6709154235435837,0.06238703000811537,7.0
2026-10-05 11:30:00,0.14190377,0.39727002839214137,0.47999998927116394,13.019999708980322,0.24611524359550338,0.8868827926268974,1.1329980362224008,1.6721718375647145,0.06238703000811537,7.0
2026-10-05 11:40:00,0.14190377,0.3954573862284287,0.47999998927116394,13.019999708980322,0.24611524359550338,0.8868827926268974,1.1329980362224008,1.670359195401002,0.06238703000811537,7.0
2026-10-05 11:50:00,0.14190377,0.39047277479827713,0.47999998927116394,13.019999708980322,0.24611524359550338,0.8868827926268974,1.1329980362224008,1.6653745839708503,0.06238703000811537,7.0
2026-10-05 12:00:00,0.14190377,0.3822328816572826,0.4999999888241291,12.629999717697501,0.24366618466900214,0.8780575439819455,1.1217237286509476,1.6458603832584027,0.06238703000811537,7.0
2026-10-05 12:10:00,0.14190377,0.3706766307581531,0.4999999888241291,12.629999717697501,0.24366618466900214,0.8780575439819455,1.1217237286509476,1.634304132359273,0.06238703000811537,7.0
2026-10-05 12:20:00,0.14190377,0.3557688513128192,0.4999999888241291,12.629999717697501,0.24366618466900214,0.8780575439819455,1.1217237286509476,1.6193963529139392,0.06238703000811537,7.0
2026-10-05 12:30:00,0.14190377,0.33750477286449476,0.4999999888241291,12.629999717697501,0.24366618466900214,0.8780575439819455,1.1217237286509476,1.601132274465615,0.06238703000811537,7.0
2026-10-05 12:40:00,0.14190377,0.3159149924568484,0.4999999888241291,12.629999717697501,0.24366618466900214,0.8780575439819455,1.1217237286509476,1.5795424940579683,0.06238703000811537,7.0
2026-10-05 12:50:00,0.14190377,0.29107044735666754,0.4999999888241291,12.629999717697501,0.24366618466900214,0.8780575439819455,1.1217237286509476,1.5546979489577875,0.06238703000811537,7.0
2026-10-05 13:00:00,0.14190377,0.26308686252166963,0.4999999888241291,12.629999717697501,0.24366618466900214,0.8780575439819455,1.1217237286509476,1.5267143641227896,0.06238703000811537,7.0
2026-10-05 13:10:00,0.14190377,0.2321281340438227,0.4999999888241291,12.629999717697501,0.24366618466900214,0.8780575439819455,1.1217237286509476,1.4957556356449428,0.06238703000811537,7.0
2026-10-05 13:20:00,0.14190377,0.19840816046571325,0.4999999888241291,12.629999717697501,0.24366618466900214,0.8780575439819455,1.1217237286509476,1.4620356620668333,0.06238703000811537,7.0
2026-10-05 13:30:00,0.14190377,0.1621907383665234,0.4999999888241291,12.629999717697501,0.24366618466900214,0.8780575439819455,1.1217237286509476,1.4258182399676436,0.06238703000811537,7.0
2026-10-05 13:40:00,0.14190377,0.12378728705413887,0.4999999888241291,12.629999717697501,0.24366618466900214,0.8780575439819455,1.1217237286509476,1.387414788655259,0.06238703000811537,7.0
2026-10-05 13:50:00,0.14190377,0.08355234425628559,0.4999999888241291,12.629999717697501,0.24366618466900214,0.8780575439819455,1.1217237286509476,1.3471798458574056,0.06238703000811537,7.0
2026-10-05 14:00:00,0.14190377,0.04187696206920665,0.4999999888241291,12.629999717697501,0.24366618466900214,0.8780575439819455,1.1217237286509476,1.3055044636703266,0.06238703000811537,7.0
2026-10-05 14:10:00,0.14190377,-0.0008196888537969066,0.4999999888241291,12.629999717697501,0.24366618466900214,0.8780575439819455,1.1217237286509476,1.2628078127473232,0.06238703000811537,7.0
2026-10-05 14:20:00,0.14190377,-0.04410004778832529,0.4999999888241291,12.629999717697501,0.24366618466900214,0.8780575439819455,1.1217237286509476,1.2195274538127947,0.06238703000811537,7.0
2026-10-05 14:30:00,0.14190377,-0.08751865718142403,0.4999999888241291,12.629999717697501,0.24366618466900214,0.8780575439819455,1.1217237286509476,1.176108844419696,0.06238703000811537,7.0
2026-10-05 14:40:00,0.14190377,-0.1306327975951484,0.4999999888241291,12.629999717697501,0.24366618466900214,0.8780575439819455,1.1217237286509476,1.1329947040059716,0.06238703000811537,7.0
2026-10-05 14:50:00,0.14190377,-0.17301264416803971,0.4999999888241291,12.629999717697501,0.24366618466900214,0.8780575439819455,1.1217237286509476,1.0906148574330803,0.06238703000811537,7.0
2026-10-05 15:00:00,0.14190377,-0.21425038429133236,0.5599999874830246,12.359999723732471,0.25235934684147177,0.9093835838957903,1.1617429307372622,1.0893963193961023,0.06238703000811537,7.0
2026-10-05 15:10:00,0.14190377,-0.2539678457921905,0.5599999874830246,12.359999723732471,0.25235934684147177,0.9093835838957903,1.1617429307372622,1.049678857895244,0.06238703000811537,7.0
2026-10-05 15:20:00,0.14190377,-0.2918223310390076,0.5599999874830246,12.359999723732471,0.25235934684147177,0.9093835838957903,1.1617429307372622,1.011824372648427,0.06238703000811537,7.0
2026-10-05 15:30:00,0.14190377,-0.3275105197298647,0.5599999874830246,12.359999723732471,0.25235934684147177,0.9093835838957903,1.1617429307372622,0.97613618395757,0.06238703000811537,7.0
2026-10-05 15:40:00,0.14190377,-0.360770472490327,0.5599999874830246,12.359999723732471,0.25235934684147177,0.9093835838957903,1.1617429307372622,0.9428762311971076,0.06238703000811537,7.0
2026-10-05 15:50:00,0.14190377,-0.3913819217423056,0.5599999874830246,12.359999723732471,0.25235934684147177,0.9093835838957903,1.1617429307372622,0.912264781945129,0.06238703000811537,7.0
2026-10-05 16:00:00,0.14190377,-0.41916515912103136,0.5599999874830246,12.359999723732471,0.25235934684147177,0.9093835838957903,1.1617429307372622,0.8844815445664033,0.06238703000811537,7.0
2026-10-05 16:10:00,0.14190377,-0.4439789087157409,0.5599999874830246,12.359999723732471,0.25235934684147177,0.9093835838957903,1.1617429307372622,0.8596677949716938,0.06238703000811537,7.0
2026-10-05 16:20:00,0.14190377,-0.465717605453361,0.5599999874830246,12.359999723732471,0.25235934684147177,0.9093835838957903,1.1617429307372622,0.8379290982340737,0.06238703000811537,7.0
2026-10-05 16:30:00,0.14190377,-0.4843084776355863,0.5599999874830246,12.359999723732471,0.25235934684147177,0.9093835838957903,1.1617429307372622,0.8193382260518483,0.06238703000811537,7.0
2026-10-05 16:40:00,0.14190377,-0.49970876670343123,0.5599999874830246,12.359999723732471,0.25235934684147177,0.9093835838957903,1.1617429307372622,0.8039379369840034,0.06238703000811537,7.0
2026-10-05 16:50:00,0.14190377,-0.511903316192572,0.5599999874830246,12.359999723732471,0.25235934684147177,0.9093835838957903,1.1617429307372622,0.7917433874948626,0.06238703000811537,7.0
2026-10-05 17:00:00,0.14190377,-0.5209026396400085,0.5599999874830246,12.359999723732471,0.25235934684147177,0.9093835838957903,1.1617429307372622,0.7827440640474261,0.06238703000811537,7.0
2026-10-05 17:10:00,0.14190377,-0.5267414502255567,0.5599999874830246,12.359999723732471,0.25235934684147177,0.9093835838957903,1.1617429307372622,0.7769052534618779,0.06238703000811537,7.0
2026-10-05 17:20:00,0.14190377,-0.5294775199155035,0.5599999874830246,12.359999723732471,0.25235934684147177,0.9093835838957903,1.1617429307372622,0.7741691837719311,0.06238703000811537,7.0
2026-10-05 17:30:00,0.14190377,-0.529190647647564,0.5599999874830246,12.359999723732471,0.25235934684147177,0.9093835838957903,1.1617429307372622,0.7744560560398707,0.06238703000811537,7.0
2026-10-05 17:40:00,0.14190377,-0.5259814661570725,0.5599999874830246,12.359999723732471,0.25235934684147177,0.9093835838957903,1.1617429307372622,0.7776652375303621,0.06238703000811537,7.0
2026-10-05 17:50:00,0.14190377,-0.5199698120109283,0.5599999874830246,12.359999723732471,0.25235934684147177,0.9093835838957903,1.1617429307372622,0.7836768916765063,0.06238703000811537,7.0
2026-10-05 18:00:00,0.14190377,-0.5112924243056337,0.549999987706542,12.189999727532268,0.24665615703561947,0.8888319885211917,1.135488145556811,0.7660994942013498,0.06238703000811537,7.0
2026-10-05 18:10:00,0.14190377,-0.5000998195676288,0.549999987706542,12.189999727532268,0.24665615703561947,0.8888319885211917,1.135488145556811,0.7772920989393547,0.06238703000811537,7.0
2026-10-05 18:20:00,0.14190377,-0.48655230379965214,0.549999987706542,12.189999727532268,0.24665615703561947,0.8888319885211917,1.135488145556811,0.7908396147073313,0.06238703000811537,7.0
2026-10-05 18:30:00,0.14190377,-0.470815213258373,0.549999987706542,12.189999727532268,0.24665615703561947,0.8888319885211917,1.135488145556811,0.8065767052486106,0.06238703000811537,7.0
2026-10-05 18:40:00,0.14190377,-0.4530536072470656,0.549999987706542,12.189999727532268,0.24665615703561947,0.8888319885211917,1.135488145556811,0.8243383112599179,0.06238703000811537,7.0
2026-10-05 18:50:00,0.14190377,-0.4334267517906015,0.549999987706542,12.189999727532268,0.24665615703561947,0.8888319885211917,1.135488145556811,0.843965166716382,0.06238703000811537,7.0
2026-10-05 19:00:00,0.14190377,-0.4120828174883821,0.549999987706542,12.189999727532268,0.24665615703561947,0.8888319885211917,1.135488145556811,0.8653091010186014,0.06238703000811537,7.0
2026-10-05 19:10:00,0.14190377,-0.3891542556750019,0.549999987706542,12.189999727532268,0.24665615703561947,0.8888319885211917,1.135488145556811,0.8882376628319817,0.06238703000811537,7.0
2026-10-05 19:20:00,0.14190377,-0.36475430740877357,0.549999987706542,12.189999727532268,0.24665615703561947,0.8888319885211917,1.135488145556811,0.91263761109821,0.06238703000811537,7.0
2026-10-05 19:30:00,0.14190377,-0.33897503782004845,0.549999987706542,12.189999727532268,0.24665615703561947,0.8888319885211917,1.135488145556811,0.9384168806869351,0.06238703000811537,7.0
2026-10-05 19:40:00,0.14190377,-0.311887178802139,0.549999987706542,12.189999727532268,0.24665615703561947,0.8888319885211917,1.135488145556811,0.9655047397048445,0.06238703000811537,7.0
2026-10-05 19:50:00,0.14190377,-0.28354191580163224,0.549999987706542,12.189999727532268,0.24665615703561947,0.8888319885211917,1.135488145556811,0.9938500027053513,0.06238703000811537,7.0
2026-10-05 20:00:00,0.14190377,-0.2539745841167898,0.549999987706542,12.189999727532268,0.24665615703561947,0.8888319885211917,1.135488145556811,1.0234173343901938,0.06238703000811537,7.0
2026-10-05 20:10:00,0.14190377,-0.2232100645071233,0.549999987706542,12.189999727532268,0.24665615703561947,0.8888319885211917,1.135488145556811,1.0541818539998602,0.06238703000811537,7.0
2026-10-05 20:20:00,0.14190377,-0.19126950523553363,0.549999987706542,12.189999727532268,0.24665615703561947,0.8888319885211917,1.135488145556811,1.08612241327145,0.06238703000811537,7.0
2026-10-05 20:30:00,0.14190377,-0.1581778658870285,0.549999987706542,12.189999727532268,0.24665615703561947,0.8888319885211917,1.135488145556811,1.119214052619955,0.06238703000811537,7.0
2026-10-05 20:40:00,0.14190377,-0.12397169165396754,0.549999987706542,12.189999727532268,0.24665615703561947,0.8888319885211917,1.135488145556811,1.153420226853016,0.06238703000811537,7.0
2026-10-05 20:50:00,0.14190377,-0.08870649536694225,0.549999987706542,12.189999727532268,0.24665615703561947,0.8888319885211917,1.135488145556811,1.1886854231400412,0.06238703000811537,7.0
2026-10-05 21:00:00,0.14190377,-0.052463152219714246,0.5399999879300594,12.069999730214477,0.24199760085669314,0.8720447580627408,1.114042358919434,1.203482979649892,0.06238703000811537,7.0
2026-10-05 21:10:00,0.14190377,-0.015352796879360689,0.5399999879300594,12.069999730214477,0.24199760085669314,0.8720447580627408,1.114042358919434,1.2405933349902456,0.06238703000811537,7.0
2026-10-05 21:20:00,0.14190377,0.02248015406146634,0.5399999879300594,12.069999730214477,0.24199760085669314,0.8720447580627408,1.114042358919434,1.2784262859310727,0.06238703000811537,7.0
2026-10-05 21:30:00,0.14190377,0.060857063195715315,0.5399999879300594,12.069999730214477,0.24199760085669314,0.8720447580627408,1.114042358919434,1.3168031950653216,0.06238703000811537,7.0
2026-10-05 21:40:00,0.14190377,0.09956623999985396,0.5399999879300594,12.069999730214477,0.24199760085669314,0.8720447580627408,1.114042358919434,1.3555123718694604,0.06238703000811537,7.0
2026-10-05 21:50:00,0.14190377,0.1383660542444223,0.5399999879300594,12.069999730214477,0.24199760085669314,0.8720447580627408,1.114042358919434,1.3943121861140286,0.06238703000811537,7.0
2026-10-05 22:00:00,0.14190377,0.17698967091158388,0.5399999879300594,12.069999730214477,0.24199760085669314,0.8720447580627408,1.114042358919434,1.4329358027811903,0.06238703000811537,7.0
2026-10-05 22:10:00,0.14190377,0.2151509568751502,0.5399999879300594,12.069999730214477,0.24199760085669314,0.8720447580627408,1.114042358919434,1.4710970887447565,0.06238703000811537,7.0
2026-10-05 22:20:00,0.14190377,0.25255103404243245,0.5399999879300594,12.069999730214477,0.24199760085669314,0.8720447580627408,1.114042358919434,1.5084971659120388,0.06238703000811537,7.0
2026-10-05 22:30:00,0.14190377,0.2888849355301947,0.5399999879300594,12.069999730214477,0.24199760085669314,0.8720447580627408,1.114042358919434,1.5448310673998011,0.06238703000811537,7.0
2026-10-05 22:40:00,0.14190377,0.32384786122252374,0.5399999879300594,12.069999730214477,0.24199760085669314,0.8720447580627408,1.114042358919434,1.57979399309213,0.06238703000811537,7.0
2026-10-05 22:50:00,0.14190377,0.35714062130471713,0.5399999879300594,12.069999730214477,0.24199760085669314,0.8720447580627408,1.114042358919434,1.6130867531743234,0.06238703000811537,7.0
2026-10-05 23:00:00,0.14190377,0.388473989725216,0.5399999879300594,12.069999730214477,0.24199760085669314,0.8720447580627408,1.114042358919434,1.6444201215948224,0.06238703000811537,7.0
2026-10-05 23:10:00,0.14190377,0.4175718480377807,0.5399999879300594,12.069999730214477,0.24199760085669314,0.8720447580627408,1.114042358919434,1.6735179799073872,0.06238703000811537,7.0
2026-10-05 23:20:00,0.14190377,0.44417316545877067,0.5399999879300594,12.069999730214477,0.24199760085669314,0.8720447580627408,1.114042358919434,1.700119297328377,0.06238703000811537,7.0
2026-10-05 23:30:00,0.14190377,0.46803301378044815,0.5399999879300594,12.069999730214477,0.24199760085669314,0.8720447580627408,1.114042358919434,1.7239791456500546,0.06238703000811537,7.0
2026-10-05 23:40:00,0.14190377,0.48892293869461356,0.5399999879300594,12.069999730214477,0.24199760085669314,0.8720447580627408,1.114042358919434,1.7448690705642198,0.06238703000811537,7.0
2026-10-05 23:50:00,0.14190377,0.5066310876776702,0.5399999879300594,12.069999730214477,0.24199760085669314,0.8720447580627408,1.114042358919434,1.7625772195472766,0.06238703000811537,7.0
2026-10-06 00:00:00,0.15192492,0.5209625199651196,0.5699999872595072,11.919999733567238,0.24553906270254464,0.8848065095330905,1.130345572235635,1.803233015263079,0.06238703000811537,7.0
2026-10-06 00:10:00,0.15192492,0.5317400931980448,0.5699999872595072,11.919999733567238,0.24553906270254464,0.8848065095330905,1.130345572235635,1.8140105884960045,0.06238703000811537,7.0
2026-10-06 00:20:00,0.15192492,0.5388062375258074,0.5699999872595072,11.919999733567238,0.24553906270254464,0.8848065095330905,1.130345572235635,1.821076732823767,0.06238703000811537,7.0
2026-10-06 00:30:00,0.15192492,0.5420258006935015,0.5699999872595072,11.919999733567238,0.24553906270254464,0.8848065095330905,1.130345572235635,1.824296295991461,0.06238703000811537,7.0
2026-10-06 00:40:00,0.15192492,0.5412899914902092,0.5699999872595072,11.919999733567238,0.24553906270254464,0.8848065095330905,1.130345572235635,1.8235604867881687,0.06238703000811537,7.0
2026-10-06 00:50:00,0.15192492,0.5365212814997643,0.5699999872595072,11.919999733567238,0.24553906270254464,0.8848065095330905,1.130345572235635,1.818791776797724,0.06238703000811537,7.0
2026-10-06 01:00:00,0.15192492,0.5276789659713507,0.5699999872595072,11.919999733567238,0.24553906270254464,0.8848065095330905,1.130345572235635,1.8099494612693103,0.06238703000811537,7.0
2026-10-06 01:10:00,0.15192492,0.5147649517440275,0.5699999872595072,11.919999733567238,0.24553906270254464,0.8848065095330905,1.130345572235635,1.7970354470419871,0.06238703000811537,7.0
2026-10-06 01:20:00,0.15192492,0.497829249840611,0.5699999872595072,11.919999733567238,0.24553906270254464,0.8848065095330905,1.130345572235635,1.7800997451385705,0.06238703000811537,7.0
2026-10-06 01:30:00,0.15192492,0.47697461307512184,0.5699999872595072,11.919999733567238,0.24553906270254464,0.8848065095330905,1.130345572235635,1.7592451083730813,0.06238703000811537,7.0
2026-10-06 01:40:00,0.15192492,0.4523597805998607,0.5699999872595072,11.919999733567238,0.24553906270254464,0.8848065095330905,1.130345572235635,1.7346302758978203,0.06238703000811537,7.0
2026-10-06 01:50:00,0.15192492,0.4242008704665355,0.5699999872595072,11.919999733567238,0.24553906270254464,0.8848065095330905,1.130345572235635,1.706471365764495,0.06238703000811537,7.0
2026-10-06 02:00:00,0.15192492,0.39277059048178053,0.5699999872595072,11.919999733567238,0.24553906270254464,0.8848065095330905,1.130345572235635,1.67504108577974,0.06238703000811537,7.0
2026-10-06 02:10:00,0.15192492,0.3583951046752508,0.5699999872595072,11.919999733567238,0.24553906270254464,0.8848065095330905,1.130345572235635,1.6406655999732105,0.06238703000811537,7.0
2026-10-06 02:20:00,0.15192492,0.32144857966601914,0.5699999872595072,11.919999733567238,0.24553906270254464,0.8848065095330905,1.130345572235635,1.6037190749639787,0.06238703000811537,7.0
2026-10-06 02:30:00,0.15192492,0.2823456243274336,0.5699999872595072,11.919999733567238,0.24553906270254464,0.8848065095330905,1.130345572235635,1.5646161196253932,0.06238703000811537,7.0
2026-10-06 02:40:00,0.15192492,0.24153200668565092,0.5699999872595072,11.919999733567238,0.24553906270254464,0.8848065095330905,1.130345572235635,1.5238025019836106,0.06238703000811537,7.0
2026-10-06 02:50:00,0.15192492,0.1994741681906956,0.5699999872595072,11.919999733567238,0.24553906270254464,0.8848065095330905,1.130345572235635,1.481744663488655,0.06238703000811537,7.0
2026-10-06 03:00:00,0.15192492,0.15664814266552424,0.5899999868124723,11.779999736696482,0.2468756217361063,0.8896228353765401,1.1364984571126464,1.4450715228404951,0.06238703000811537,7.0
2026-10-06 03:10:00,0.15192492,0.11352851814824329,0.5899999868124723,11.779999736696482,0.2468756217361063,0.8896228353765401,1.1364984571126464,1.4019518983232142,0.06238703000811537,7.0
2026-10-06 03:20:00,0.15192492,0.07057805197638295,0.5899999868124723,11.779999736696482,0.2468756217361063,0.8896228353765401,1.1364984571126464,1.359001432151354,0.06238703000811537,7.0
2026-10-06 03:30:00,0.15192492,0.028238467072973596,0.5899999868124723,11.779999736696482,0.2468756217361063,0.8896228353765401,1.1364984571126464,1.3166618472479446,0.06238703000811537,7.0
2026-10-06 03:40:00,0.15192492,-0.01307716920046551,0.5899999868124723,11.779999736696482,0.2468756217361063,0.8896228353765401,1.1364984571126464,1.2753462109745055,0.06238703000811537,7.0
2026-10-06 03:50:00,0.15192492,-0.05299023926194114,0.5899999868124723,11.779999736696482,0.2468756217361063,0.8896228353765401,1.1364984571126464,1.2354331409130297,0.06238703000811537,7.0
2026-10-06 04:00:00,0.15192492,-0.0911604673028552,0.5899999868124723,11.779999736696482,0.2468756217361063,0.8896228353765401,1.1364984571126464,1.1972629128721157,0.06238703000811537,7.0
2026-10-06 04:10:00,0.15192492,-0.12728799779584687,0.5899999868124723,11.779999736696482,0.2468756217361063,0.8896228353765401,1.1364984571126464,1.1611353823791242,0.06238703000811537,7.0
2026-10-06 04:20:00,0.15192492,-0.16111388986951647,0.5899999868124723,11.779999736696482,0.2468756217361063,0.8896228353765401,1.1364984571126464,1.1273094903054544,0.06238703000811537,7.0
2026-10-06 04:30:00,0.15192492,-0.19241936106102286,0.5899999868124723,11.779999736696482,0.2468756217361063,0.8896228353765401,1.1364984571126464,1.096004019113948,0.06238703000811537,7.0
2026-10-06 04:40:00,0.15192492,-0.22102417140540936,0.5899999868124723,11.779999736696482,0.2468756217361063,0.8896228353765401,1.1364984571126464,1.0673992087695616,0.06238703000811537,7.0
2026-10-06 04:50:00,0.15192492,-0.24678454602809266,0.5899999868124723,11.779999736696482,0.2468756217361063,0.8896228353765401,1.1364984571126464,1.0416388341468783,0.06238703000811537,7.0
2026-10-06 05:00:00,0.15192492,-0.26959099318545693,0.5899999868124723,11.779999736696482,0.2468756217361063,0.8896228353765401,1.1364984571126464,1.018832386989514,0.06238703000811537,7.0
2026-10-06 05:10:00,0.15192492,-0.2893662926756047,0.5899999868124723,11.779999736696482,0.2468756217361063,0.8896228353765401,1.1364984571126464,0.9990570874993663,0.06238703000811537,7.0
2026-10-06 05:20:00,0.15192492,-0.3060638190207072,0.5899999868124723,11.779999736696482,0.2468756217361063,0.8896228353765401,1.1364984571126464,0.9823595611542637,0.06238703000811537,7.0
2026-10-06 05:30:00,0.15192492,-0.31966624001300636,0.5899999868124723,11.779999736696482,0.2468756217361063,0.8896228353765401,1.1364984571126464,0.9687571401619646,0.06238703000811537,7.0
2026-10-06 05:40:00,0.15192492,-0.330184511001127,0.5899999868124723,11.779999736696482,0.2468756217361063,0.8896228353765401,1.1364984571126464,0.9582388691738439,0.06238703000811537,7.0
2026-10-06 05:50:00,0.15192492,-0.33765698442314995,0.5899999868124723,11.779999736696482,0.2468756217361063,0.8896228353765401,1.1364984571126464,0.950766395751821,0.06238703000811537,7.0
2026-10-06 06:00:00,0.15192492,-0.3421483861047161,0.5799999870359898,11.61999974027276,0.24144990300426022,0.8700711143591442,1.1115210173634045,0.9212975543210129,0.06238703000811537,7.0
2026-10-06 06:10:00,0.15192492,-0.3437483838515493,0.5799999870359898,11.61999974027276,0.24144990300426022,0.8700711143591442,1.1115210173634045,0.9196975565741796,0.06238703000811537,7.0
2026-10-06 06:20:00,0.15192492,-0.34256949386162583,0.5799999870359898,11.61999974027276,0.24144990300426022,0.8700711143591442,1.1115210173634045,0.9208764465641032,0.06238703000811537,7.0
2026-10-06 06:30:00,0.15192492,-0.33874413455491104,0.5799999870359898,11.61999974027276,0.24144990300426022,0.8700711143591442,1.1115210173634045,0.924701805870818,0.06238703000811537,7.0
2026-10-06 06:40:00,0.15192492,-0.33242073835209984,0.5799999870359898,11.61999974027276,0.24144990300426022,0.8700711143591442,1.1115210173634045,0.9310252020736292,0.06238703000811537,7.0
2026-10-06 06:50:00,0.15192492,-0.3237589573622271,0.5799999870359898,11.61999974027276,0.24144990300426022,0.8700711143591442,1.1115210173634045,0.939686983063502,0.06238703000811537,7.0
2026-10-06 07:00:00,0.15192492,-0.3129241339026661,0.5799999870359898,11.61999974027276,0.24144990300426022,0.8700711143591442,1.1115210173634045,0.950521806523063,0.06238703000811537,7.0
2026-10-06 07:10:00,0.15192492,-0.300081333721564,0.5799999870359898,11.61999974027276,0.24144990300426022,0.8700711143591442,1.1115210173634045,0.963364606704165,0.06238703000811537,7.0
2026-10-06 07:20:00,0.15192492,-0.2853893430642901,0.5799999870359898,11.61999974027276,0.24144990300426022,0.8700711143591442,1.1115210173634045,0.9780565973614389,0.06238703000811537,7.0
2026-10-06 07:30:00,0.15192492,-0.2689950955518848,0.5799999870359898,11.61999974027276,0.24144990300426022,0.8700711143591442,1.1115210173634045,0.9944508448738443,0.06238703000811537,7.0
2026-10-06 07:40:00,0.15192492,-0.25102901176196646,0.5799999870359898,11.61999974027276,0.24144990300426022,0.8700711143591442,1.1115210173634045,1.0124169286637625,0.06238703000811537,7.0
2026-10-06 07:50:00,0.15192492,-0.23160169882538117,0.5799999870359898,11.61999974027276,0.24144990300426022,0.8700711143591442,1.1115210173634045,1.0318442416003477,0.06238703000811537,7.0
2026-10-06 08:00:00,0.15192492,-0.21080237023758877,0.5799999870359898,11.61999974027276,0.24144990300426022,0.8700711143591442,1.1115210173634045,1.0526435701881403,0.06238703000811537,7.0
2026-10-06 08:10:00,0.15192492,-0.18869921534598363,0.5799999870359898,11.61999974027276,0.24144990300426022,0.8700711143591442,1.1115210173634045,1.0747467250797453,0.06238703000811537,7.0
2026-10-06 08:20:00,0.15192492,-0.16534178534458108,0.5799999870359898,11.61999974027276,0.24144990300426022,0.8700711143591442,1.1115210173634045,1.098104155081148,0.06238703000811537,7.0
2026-10-06 08:30:00,0.15192492,-0.14076528523245832,0.5799999870359898,11.61999974027276,0.24144990300426022,0.8700711143591442,1.1115210173634045,1.1226806551932706,0.06238703000811537,7.0
2026-10-06 08:40:00,0.15192492,-0.1149964864332811,0.5799999870359898,11.61999974027276,0.24144990300426022,0.8700711143591442,1.1115210173634045,1.148449453992448,0.06238703000811537,7.0
2026-10-06 08:50:00,0.15192492,-0.08806082231918733,0.5799999870359898,11.61999974027276,0.24144990300426022,0.8700711143591442,1.1115210173634045,1.1753851181065418,0.06238703000811537,7.0
2026-10-06 09:00:00,0.15192492,-0.059990113860544945,0.5599999874830246,11.379999745637178,0.23235027241552986,0.8372803547519494,1.0696306271674794,1.161565436369259,0.06238703000811537,7.0
2026-10-06 09:10:00,0.15192492,-0.030830308764812173,0.5599999874830246,11.379999745637178,0.23235027241552986,0.8372803547519494,1.0696306271674794,1.1907252414649918,0.06238703000811537,7.0
2026-10-06 09:20:00,0.15192492,-0.0006486113286648953,0.5599999874830246,11.379999745637178,0.23235027241552986,0.8372803547519494,1.0696306271674794,1.2209069389011389,0.06238703000811537,7.0
2026-10-06 09:30:00,0.15192492,0.030460566790634056,0.5599999874830246,11.379999745637178,0.23235027241552986,0.8372803547519494,1.0696306271674794,1.252016117020438,0.06238703000811537,7.0
2026-10-06 09:40:00,0.15192492,0.06237129755806769,0.5599999874830246,11.379999745637178,0.23235027241552986,0.8372803547519494,1.0696306271674794,1.2839268477878716,0.06238703000811537,7.0
2026-10-06 09:50:00,0.15192492,0.09492378214884971,0.5599999874830246,11.379999745637178,0.23235027241552986,0.8372803547519494,1.0696306271674794,1.3164793323786537,0.06238703000811537,7.0
2026-10-06 10:00:00,0.15192492,0.12792408632876578,0.5599999874830246,11.379999745637178,0.23235027241552986,0.8372803547519494,1.0696306271674794,1.3494796365585697,0.06238703000811537,7.0
2026-10-06 10:10:00,0.15192492,0.16114591477647597,0.5599999874830246,11.379999745637178,0.23235027241552986,0.8372803547519494,1.0696306271674794,1.3827014650062799,0.06238703000811537,7.0
2026-10-06 10:20:00,0.15192492,0.19433419738467297,0.5599999874830246,11.379999745637178,0.23235027241552986,0.8372803547519494,1.0696306271674794,1.415889747614477,0.06238703000811537,7.0
2026-10-06 10:30:00,0.15192492,0.22721011369209032,0.5599999874830246,11.379999745637178,0.23235027241552986,0.8372803547519494,1.0696306271674794,1.4487656639218942,0.06238703000811537,7.0
2026-10-06 10:40:00,0.15192492,0.2594770780706916,0.5599999874830246,11.379999745637178,0.23235027241552986,0.8372803547519494,1.0696306271674794,1.4810326283004955,0.06238703000811537,7.0
2026-10-06 10:50:00,0.15192492,0.29082715872013426,0.5599999874830246,11.379999745637178,0.23235027241552986,0.8372803547519494,1.0696306271674794,1.5123827089499382,0.06238703000811537,7.0
2026-10-06 11:00:00,0.15192492,0.32094741195944254,0.5599999874830246,11.379999745637178,0.23235027241552986,0.8372803547519494,1.0696306271674794,1.5425029621892463,0.06238703000811537,7.0
2026-10-06 11:10:00,0.15192492,0.34952567730424755,0.5599999874830246,11.379999745637178,0.23235027241552986,0.8372803547519494,1.0696306271674794,1.5710812275340515,0.06238703000811537,7.0
2026-10-06 11:20:00,0.15192492,0.37625549031806765,0.5599999874830246,11.379999745637178,0.23235027241552986,0.8372803547519494,1.0696306271674794,1.5978110405478716,0.06238703000811537,7.0
2026-10-06 11:30:00,0.15192492,0.4008399151487162,0.5599999874830246,11.379999745637178,0.23235027241552986,0.8372803547519494,1.0696306271674794,1.6223954653785202,0.06238703000811537,7.0
2026-10-06 11:40:00,0.15192492,0.4229942602942402,0.5599999874830246,11.379999745637178,0.23235027241552986,0.8372803547519494,1.0696306271674794,1.6445498105240441,0.06238703000811537,7.0
2026-10-06 11:50:00,0.15192492,0.4424477998448667,0.5599999874830246,11.379999745637178,0.23235027241552986,0.8372803547519494,1.0696306271674794,1.6640033500746707,0.06238703000811537,7.0
2026-10-06 12:00:00,0.15192492,0.458944760243038,0.5599999874830246,11.139999751001596,0.22745009092346244,0.8196224210840699,1.0470725120075324,1.657942195312895,0.06238703000811537,7.0
2026-10-06 12:10:00,0.15192492,0.4722449328308088,0.5599999874830246,11.139999751001596,0.22745009092346244,0.8196224210840699,1.0470725120075324,1.6712423679006658,0.06238703000811537,7.0
2026-10-06 12:20:00,0.15192492,0.48212432370806163,0.5599999874830246,11.139999751001596,0.22745009092346244,0.8196224210840699,1.0470725120075324,1.6811217587779186,0.06238703000811537,7.0
2026-10-06 12:30:00,0.15192492,0.48837624824421383,0.5599999874830246,11.139999751001596,0.22745009092346244,0.8196224210840699,1.0470725120075324,1.6873736833140707,0.06238703000811537,7.0
2026-10-06 12:40:00,0.15192492,0.49081321826684593,0.5599999874830246,11.139999751001596,0.22745009092346244,0.8196224210840699,1.0470725120075324,1.6898106533367028,0.06238703000811537,7.0
2026-10-06 12:50:00,0.15192492,0.48926986183250315,0.5599999874830246,11.139999751001596,0.22745009092346244,0.8196224210840699,1.0470725120075324,1.68826729690236,0.06238703000811537,7.0
2026-10-06 13:00:00,0.15192492,0.48360697078942166,0.5599999874830246,11.139999751001596,0.22745009092346244,0.8196224210840699,1.0470725120075324,1.6826044058592786,0.06238703000811537,7.0
2026-10-06 13:10:00,0.15192492,0.47371660615813577,0.5599999874830246,11.139999751001596,0.22745009092346244,0.8196224210840699,1.0470725120075324,1.6727140412279926,0.06238703000811537,7.0
2026-10-06 13:20:00,0.15192492,0.45952802487287014,0.5599999874830246,11.139999751001596,0.22745009092346244,0.8196224210840699,1.0470725120075324,1.658525459942727,0.06238703000811537,7.0
2026-10-06 13:30:00,0.15192492,0.44101404224268775,0.5599999874830246,11.139999751001596,0.22745009092346244,0.8196224210840699,1.0470725120075324,1.6400114773125447,0.06238703000811537,7.0
2026-10-06 13:40:00,0.15192492,0.4181973306933143,0.5599999874830246,11.139999751001596,0.22745009092346244,0.8196224210840699,1.0470725120075324,1.6171947657631711,0.06238703000811537,7.0
2026-10-06 13:50:00,0.15192492,0.3911560899437205,0.5599999874830246,11.139999751001596,0.22745009092346244,0.8196224210840699,1.0470725120075324,1.5901535250135774,0.06238703000811537,7.0
2026-10-06 14:00:00,0.15192492,0.3600285156713805,0.5599999874830246,11.139999751001596,0.22745009092346244,0.8196224210840699,1.0470725120075324,1.5590259507412374,0.06238703000811537,7.0
2026-10-06 14:10:00,0.15192492,0.32501554512314906,0.5599999874830246,11.139999751001596,0.22745009092346244,0.8196224210840699,1.0470725120075324,1.524012980193006,0.06238703000811537,7.0
2026-10-06 14:20:00,0.15192492,0.28638146450180874,0.5599999874830246,11.139999751001596,0.22745009092346244,0.8196224210840699,1.0470725120075324,1.4853788995716657,0.06238703000811537,7.0
2026-10-06 14:30:00,0.15192492,0.24445211496491834,0.5599999874830246,11.139999751001596,0.22745009092346244,0.8196224210840699,1.0470725120075324,1.4434495500347753,0.06238703000811537,7.0
2026-10-06 14:40:00,0.15192492,0.19961061539726924,0.5599999874830246,11.139999751001596,0.22745009092346244,0.8196224210840699,1.0470725120075324,1.398608050467126,0.06238703000811537,7.0
2026-10-06 14:50:00,0.15192492,0.15229071415154555,0.5599999874830246,11.139999751001596,0.22745009092346244,0.8196224210840699,1.0470725120075324,1.3512881492214024,0.06238703000811537,7.0
2026-10-06 15:00:00,0.15192492,0.10296806726735155,0.549999987706542,10.809999758377671,0.21873281850328521,0.7882094992546418,1.006942317757927,1.261835308087603,0.06238703000811537,7.0
2026-10-06 15:10:00,0.15192492,0.052149900604244216,0.549999987706542,10.809999758377671,0.21873281850328521,0.7882094992546418,1.006942317757927,1.211017141424496,0.06238703000811537,7.0
2026-10-06 15:20:00,0.15192492,0.0003636303500693383,0.549999987706542,10.809999758377671,0.21873281850328521,0.7882094992546418,1.006942317757927,1.159230871170321,0.06238703000811537,7.0
2026-10-06 15:30:00,0.15192492,-0.05185491918195554,0.549999987706542,10.809999758377671,0.21873281850328521,0.7882094992546418,1.006942317757927,1.107012321638296,0.06238703000811537,7.0
2026-10-06 15:40:00,0.15192492,-0.10397305616271343,0.549999987706542,10.809999758377671,0.21873281850328521,0.7882094992546418,1.006942317757927,1.0548941846575381,0.06238703000811537,7.0
2026-10-06 15:50:00,0.15192492,-0.15547192796657577,0.549999987706542,10.809999758377671,0.21873281850328521,0.7882094992546418,1.006942317757927,1.003395312853676,0.06238703000811537,7.0
2026-10-06 16:00:00,0.15192492,-0.20585590452335253,0.549999987706542,10.809999758377671,0.21873281850328521,0.7882094992546418,1.006942317757927,0.953011336296899,0.06238703000811537,7.0
2026-10-06 16:10:00,0.15192492,-0.25466029032392046,0.549999987706542,10.809999758377671,0.21873281850328521,0.7882094992546418,1.006942317757927,0.9042069504963312,0.06238703000811537,7.0
2026-10-06 16:20:00,0.15192492,-0.3014571805351313,0.549999987706542,10.809999758377671,0.21873281850328521,0.7882094992546418,1.006942317757927,0.8574100602851202,0.06238703000811537,7.0
2026-10-06 16:30:00,0.15192492,-0.3458594452482604,0.549999987706542,10.809999758377671,0.21873281850328521,0.7882094992546418,1.006942317757927,0.8130077955719912,0.06238703000811537,7.0
2026-10-06 16:40:00,0.15192492,-0.3875229801120414,0.549999987706542,10.809999758377671,0.21873281850328521,0.7882094992546418,1.006942317757927,0.7713442607082102,0.06238703000811537,7.0
2026-10-06 16:50:00,0.15192492,-0.4261474869793902,0.549999987706542,10.809999758377671,0.21873281850328521,0.7882094992546418,1.006942317757927,0.7327197538408614,0.06238703000811537,7.0
2026-10-06 17:00:00,0.15192492,-0.46147613169108376,0.549999987706542,10.809999758377671,0.21873281850328521,0.7882094992546418,1.006942317757927,0.6973911091291678,0.06238703000811537,7.0
2026-10-06 17:10:00,0.15192492,-0.49329446111168734,0.549999987706542,10.809999758377671,0.21873281850328521,0.7882094992546418,1.006942317757927,0.6655727797085642,0.06238703000811537,7.0
2026-10-06 17:20:00,0.15192492,-0.5214289470192288,0.549999987706542,10.809999758377671,0.21873281850328521,0.7882094992546418,1.006942317757927,0.6374382938010228,0.06238703000811537,7.0
2026-10-06 17:30:00,0.15192492,-0.5457454646547916,0.549999987706542,10.809999758377671,0.21873281850328521,0.7882094992546418,1.006942317757927,0.61312177616546,0.06238703000811537,7.0
2026-10-06 17:40:00,0.15192492,-0.5661479191940738,0.549999987706542,10.809999758377671,0.21873281850328521,0.7882094992546418,1.006942317757927,0.5927193216261778,0.06238703000811537,7.0
2026-10-06 17:50:00,0.15192492,-0.5825771172900198,0.549999987706542,10.809999758377671,0.21873281850328521,0.7882094992546418,1.006942317757927,0.5762901235302318,0.06238703000811537,7.0
2026-10-06 18:00:00,0.15192492,-0.5950098599457061,0.549999987706542,10.659999761730433,0.2156976730106402,0.7772722721604516,0.9929699451710918,0.5498850082877103,0.06238703000811537,7.0
2026-10-06 18:10:00,0.15192492,-0.6034581232866043,0.549999987706542,10.659999761730433,0.2156976730106402,0.7772722721604516,0.9929699451710918,0.541436744946812,0.06238703000811537,7.0
2026-10-06 18:20:00,0.15192492,-0.6079681105375928,0.549999987706542,10.659999761730433,0.2156976730106402,0.7772722721604516,0.9929699451710918,0.5369267576958235,0.06238703000811537,7.0
2026-10-06 18:30:00,0.15192492,-0.6086189129264354,0.549999987706542,10.659999761730433,0.2156976730106402,0.7772722721604516,0.9929699451710918,0.5362759553069809,0.06238703000811537,7.0
2026-10-06 18:40:00,0.15192492,-0.6055205161653908,0.549999987706542,10.659999761730433,0.2156976730106402,0.7772722721604516,0.9929699451710918,0.5393743520680255,0.06238703000811537,7.0
2026-10-06 18:50:00,0.15192492,-0.5988109335932958,0.549999987706542,10.659999761730433,0.2156976730106402,0.7772722721604516,0.9929699451710918,0.5460839346401205,0.06238703000811537,7.0
2026-10-06 19:00:00,0.15192492,-0.5886523326116795,0.549999987706542,10.659999761730433,0.2156976730106402,0.7772722721604516,0.9929699451710918,0.5562425356217369,0.06238703000811537,7.0
2026-10-06 19:10:00,0.15192492,-0.5752261374864263,0.549999987706542,10.659999761730433,0.2156976730106402,0.7772722721604516,0.9929699451710918,0.5696687307469901,0.06238703000811537,7.0
2026-10-06 19:20:00,0.15192492,-0.5587272255584989,0.549999987706542,10.659999761730433,0.2156976730106402,0.7772722721604516,0.9929699451710918,0.5861676426749175,0.06238703000811537,7.0
2026-10-06 19:30:00,0.15192492,-0.5393574682810293,0.549999987706542,10.659999761730433,0.2156976730106402,0.7772722721604516,0.9929699451710918,0.6055373999523871,0.06238703000811537,7.0
2026-10-06 19:40:00,0.15192492,-0.5173189871025774,0.549999987706542,10.659999761730433,0.2156976730106402,0.7772722721604516,0.9929699451710918,0.627575881130839,0.06238703000811537,7.0
2026-10-06 19:50:00,0.15192492,-0.4928075807237696,0.549999987706542,10.659999761730433,0.2156976730106402,0.7772722721604516,0.9929699451710918,0.6520872875096467,0.06238703000811537,7.0
2026-10-06 20:00:00,0.15192492,-0.4660068230857145,0.549999987706542,10.659999761730433,0.2156976730106402,0.7772722721604516,0.9929699451710918,0.6788880451477018,0.06238703000811537,7.0
2026-10-06 20:10:00,0.15192492,-0.4370833226349646,0.549999987706542,10.659999761730433,0.2156976730106402,0.7772722721604516,0.9929699451710918,0.7078115455984517,0.06238703000811537,7.0
2026-10-06 20:20:00,0.15192492,-0.4061835713827566,0.549999987706542,10.659999761730433,0.2156976730106402,0.7772722721604516,0.9929699451710918,0.7387112968506597,0.06238703000811537,7.0
2026-10-06 20:30:00,0.15192492,-0.3734327015311566,0.549999987706542,10.659999761730433,0.2156976730106402,0.7772722721604516,0.9929699451710918,0.7714621667022598,0.06238703000811537,7.0
2026-10-06 20:40:00,0.15192492,-0.3389353172138712,0.549999987706542,10.659999761730433,0.2156976730106402,0.7772722721604516,0.9929699451710918,0.8059595510195452,0.06238703000811537,7.0
2026-10-06 20:50:00,0.15192492,-0.30277839484133584,0.549999987706542,10.659999761730433,0.2156976730106402,0.7772722721604516,0.9929699451710918,0.8421164733920805,0.06238703000811537,7.0
2026-10-06 21:00:00,0.15192492,-0.26503606395697143,0.6199999861419201,10.489999765530229,0.2253607313537203,0.8120933585890214,1.0374540899427418,0.9243429490480949,0.06238703000811537,7.0
2026-10-06 21:10:00,0.15192492,-0.2257759115230503,0.6199999861419201,10.489999765530229,0.2253607313537203,0.8120933585890214,1.0374540899427418,0.963603101482016,0.06238703000811537,7.0
2026-10-06 21:20:00,0.15192492,-0.1850663127178438,0.6199999861419201,10.489999765530229,0.2253607313537203,0.8120933585890214,1.0374540899427418,1.0043127002872225,0.06238703000811537,7.0
2026-10-06 21:30:00,0.15192492,-0.14298419664809212,0.6199999861419201,10.489999765530229,0.2253607313537203,0.8120933585890214,1.0374540899427418,1.0463948163569743,0.06238703000811537,7.0
2026-10-06 21:40:00,0.15192492,-0.09962261530066772,0.6199999861419201,10.489999765530229,0.2253607313537203,0.8120933585890214,1.0374540899427418,1.0897563977043987,0.06238703000811537,7.0
2026-10-06 21:50:00,0.15192492,-0.0550975035888728,0.6199999861419201,10.489999765530229,0.2253607313537203,0.8120933585890214,1.0374540899427418,1.1342815094161935,0.06238703000811537,7.0
2026-10-06 22:00:00,0.15192492,-0.009553095737568245,0.6199999861419201,10.489999765530229,0.2253607313537203,0.8120933585890214,1.0374540899427418,1.179825917267498,0.06238703000811537,7.0
2026-10-06 22:10:00,0.15192492,0.03683441007647056,0.6199999861419201,10.489999765530229,0.2253607313537203,0.8120933585890214,1.0374540899427418,1.226213423081537,0.06238703000811537,7.0
2026-10-06 22:20:00,0.15192492,0.08385518318009863,0.6199999861419201,10.489999765530229,0.2253607313537203,0.8120933585890214,1.0374540899427418,1.273234196185165,0.06238703000811537,7.0
2026-10-06 22:30:00,0.15192492,0.1312661499516183,0.6199999861419201,10.489999765530229,0.2253607313537203,0.8120933585890214,1.0374540899427418,1.3206451629566847,0.06238703000811537,7.0
2026-10-06 22:40:00,0.15192492,0.17879332035057002,0.6199999861419201,10.489999765530229,0.2253607313537203,0.8120933585890214,1.0374540899427418,1.3681723333556364,0.06238703000811537,7.0
2026-10-06 22:50:00,0.15192492,0.2261357667055896,0.6199999861419201,10.489999765530229,0.2253607313537203,0.8120933585890214,1.0374540899427418,1.415514779710656,0.06238703000811537,7.0
2026-10-06 23:00:00,0.15192492,0.27297084187569765,0.6199999861419201,10.489999765530229,0.2253607313537203,0.8120933585890214,1.0374540899427418,1.462349854880764,0.06238703000811537,7.0
2026-10-06 23:10:00,0.15192492,0.31896014471105716,0.6199999861419201,10.489999765530229,0.2253607313537203,0.8120933585890214,1.0374540899427418,1.5083391577161236,0.06238703000811537,7.0
2026-10-06 23:20:00,0.15192492,0.36375571748061125,0.6199999861419201,10.489999765530229,0.2253607313537203,0.8120933585890214,1.0374540899427418,1.5531347304856775,0.06238703000811537,7.0
2026-10-06 23:30:00,0.15192492,0.40700599393779086,0.6199999861419201,10.489999765530229,0.2253607313537203,0.8120933585890214,1.0374540899427418,1.5963850069428571,0.06238703000811537,7.0
2026-10-06 23:40:00,0.15192492,0.44836110283683733,0.6199999861419201,10.489999765530229,0.2253607313537203,0.8120933585890214,1.0374540899427418,1.6377401158419036,0.06238703000811537,7.0
2026-10-06 23:50:00,0.15192492,0.48747725860249724,0.6199999861419201,10.489999765530229,0.2253607313537203,0.8120933585890214,1.0374540899427418,1.6768562716075635,0.06238703000811537,7.0
2026-10-07 00:00:00,0.1629527,0.5240201235672871,0.6399999856948853,10.369999768212438,0.22634747483989393,0.8156491148511664,1.0419965896910603,1.7289694194761132,0.06238703000811537,7.0
2026-10-07 00:10:00,0.1629527,0.5576671858292387,0.6399999856948853,10.369999768212438,0.22634747483989393,0.8156491148511664,1.0419965896910603,1.762616481738065,0.06238703000811537,7.0
2026-10-07 00:20:00,0.1629527,0.5881093448730245,0.6399999856948853,10.369999768212438,0.22634747483989393,0.8156491148511664,1.0419965896910603,1.7930586407818505,0.06238703000811537,7.0
2026-10-07 00:30:00,0.1629527,0.6150520156503473,0.6399999856948853,10.369999768212438,0.22634747483989393,0.8156491148511664,1.0419965896910603,1.8200013115591736,0.06238703000811537,7.0
2026-10-07 00:40:00,0.1629527,0.63821613694471,0.6399999856948853,10.369999768212438,0.22634747483989393,0.8156491148511664,1.0419965896910603,1.843165432853536,0.06238703000811537,7.0
2026-10-07 00:50:00,0.1629527,0.657339492175219,0.6399999856948853,10.369999768212438,0.22634747483989393,0.8156491148511664,1.0419965896910603,1.862288788084045,0.06238703000811537,7.0
2026-10-07 01:00:00,0.1629527,0.6721787173181902,0.6399999856948853,10.369999768212438,0.22634747483989393,0.8156491148511664,1.0419965896910603,1.8771280132270163,0.06238703000811537,7.0
2026-10-07 01:10:00,0.1629527,0.682512284507727,0.6399999856948853,10.369999768212438,0.22634747483989393,0.8156491148511664,1.0419965896910603,1.887461580416553,0.06238703000811537,7.0
2026-10-07 01:20:00,0.1629527,0.6881446205835,0.6399999856948853,10.369999768212438,0.22634747483989393,0.8156491148511664,1.0419965896910603,1.8930939164923262,0.06238703000811537,7.0
2026-10-07 01:30:00,0.1629527,0.6889113615412155,0.6399999856948853,10.369999768212438,0.22634747483989393,0.8156491148511664,1.0419965896910603,1.8938606574500416,0.06238703000811537,7.0
2026-10-07 01:40:00,0.1629527,0.6846855746114271,0.6399999856948853,10.369999768212438,0.22634747483989393,0.8156491148511664,1.0419965896910603,1.8896348705202533,0.06238703000811537,7.0
2026-10-07 01:50:00,0.1629527,0.6753846184643747,0.6399999856948853,10.369999768212438,0.22634747483989393,0.8156491148511664,1.0419965896910603,1.880333914373201,0.06238703000811537,7.0
2026-10-07 02:00:00,0.1629527,0.6609771777748488,0.6399999856948853,10.369999768212438,0.22634747483989393,0.8156491148511664,1.0419965896910603,1.865926473683675,0.06238703000811537,7.0
2026-10-07 02:10:00,0.1629527,0.641489916593533,0.6399999856948853,10.369999768212438,0.22634747483989393,0.8156491148511664,1.0419965896910603,1.8464392125023592,0.06238703000811537,7.0
2026-10-07 02:20:00,0.1629527,0.617013157286544,0.6399999856948853,10.369999768212438,0.22634747483989393,0.8156491148511664,1.0419965896910603,1.8219624531953702,0.06238703000811537,7.0
2026-10-07 02:30:00,0.1629527,0.5877050136214781,0.6399999856948853,10.369999768212438,0.22634747483989393,0.8156491148511664,1.0419965896910603,1.7926543095303042,0.06238703000811537,7.0
2026-10-07 02:40:00,0.1629527,0.5537934870144405,0.6399999856948853,10.369999768212438,0.22634747483989393,0.8156491148511664,1.0419965896910603,1.7587427829232667,0.06238703000811537,7.0
2026-10-07 02:50:00,0.1629527,0.5155761671127875,0.6399999856948853,10.369999768212438,0.22634747483989393,0.8156491148511664,1.0419965896910603,1.7205254630216138,0.06238703000811537,7.0
2026-10-07 03:00:00,0.1629527,0.47341734852100964,0.6199999861419201,10.269999770447612,0.22063438617756986,0.7950618486853432,1.015696234862913,1.6520662896016884,0.06238703000811537,7.0
2026-10-07 03:10:00,0.1629527,0.427742568460657,0.6199999861419201,10.269999770447612,0.22063438617756986,0.7950618486853432,1.015696234862913,1.606391509541336,0.06238703000811537,7.0
2026-10-07 03:20:00,0.1629527,0.3790307653347064,0.6199999861419201,10.269999770447612,0.22063438617756986,0.7950618486853432,1.015696234862913,1.5576797064153853,0.06238703000811537,7.0
2026-10-07 03:30:00,0.1629527,0.32780443708358453,0.6199999861419201,10.269999770447612,0.22063438617756986,0.7950618486853432,1.015696234862913,1.5064533781642635,0.06238703000811537,7.0
2026-10-07 03:40:00,0.1629527,0.2746183224289445,0.6199999861419201,10.269999770447612,0.22063438617756986,0.7950618486853432,1.015696234862913,1.4532672635096233,0.06238703000811537,7.0
2026-10-07 03:50:00,0.1629527,0.2200472244623057,0.6199999861419201,10.269999770447612,0.22063438617756986,0.7950618486853432,1.015696234862913,1.3986961655429846,0.06238703000811537,7.0
2026-10-07 04:00:00,0.1629527,0.16467363557365575,0.6199999861419201,10.269999770447612,0.22063438617756986,0.7950618486853432,1.015696234862913,1.3433225766543346,0.06238703000811537,7.0
2026-10-07 04:10:00,0.1629527,0.10907580294416536,0.6199999861419201,10.269999770447612,0.22063438617756986,0.7950618486853432,1.015696234862913,1.2877247440248443,0.06238703000811537,7.0
2026-10-07 04:20:00,0.1629527,0.05381679894522363,0.6199999861419201,10.269999770447612,0.22063438617756986,0.7950618486853432,1.015696234862913,1.2324657400259025,0.06238703000811537,7.0
2026-10-07 04:30:00,0.1629527,-0.0005649604781895805,0.6199999861419201,10.269999770447612,0.22063438617756986,0.7950618486853432,1.015696234862913,1.1780839806024892,0.06238703000811537,7.0
2026-10-07 04:40:00,0.1629527,-0.053563458627055076,0.6199999861419201,10.269999770447612,0.22063438617756986,0.7950618486853432,1.015696234862913,1.1250854824536238,0.06238703000811537,7.0
2026-10-07 04:50:00,0.1629527,-0.10471095865094415,0.6199999861419201,10.269999770447612,0.22063438617756986,0.7950618486853432,1.015696234862913,1.0739379824297348,0.06238703000811537,7.0
2026-10-07 05:00:00,0.1629527,-0.15358206158829776,0.6199999861419201,10.269999770447612,0.22063438617756986,0.7950618486853432,1.015696234862913,1.0250668794923812,0.06238703000811537,7.0
2026-10-07 05:10:00,0.1629527,-0.1997961239899294,0.6199999861419201,10.269999770447612,0.22063438617756986,0.7950618486853432,1.015696234862913,0.9788528170907494,0.06238703000811537,7.0
2026-10-07 05:20:00,0.1629527,-0.24301832424694234,0.6199999861419201,10.269999770447612,0.22063438617756986,0.7950618486853432,1.015696234862913,0.9356306168337365,0.06238703000811537,7.0
2026-10-07 05:30:00,0.1629527,-0.2829597287661026,0.6199999861419201,10.269999770447612,0.22063438617756986,0.7950618486853432,1.015696234862913,0.8956892123145763,0.06238703000811537,7.0
2026-10-07 05:40:00,0.1629527,-0.31937672189608907,0.6199999861419201,10.269999770447612,0.22063438617756986,0.7950618486853432,1.015696234862913,0.8592722191845898,0.06238703000811537,7.0
2026-10-07 05:50:00,0.1629527,-0.35207012834108137,0.6199999861419201,10.269999770447612,0.22063438617756986,0.7950618486853432,1.015696234862913,0.8265788127395974,0.06238703000811537,7.0
2026-10-07 06:00:00,0.1629527,-0.3808842814828509,0.5999999865889549,10.249999770894647,0.21662391526610092,0.7806100106368304,0.9972339259029314,0.7793023506378463,0.06238703000811537,7.0
2026-10-07 06:10:00,0.1629527,-0.4057061868399871,0.5999999865889549,10.249999770894647,0.21662391526610092,0.7806100106368304,0.9972339259029314,0.7544804452807101,0.06238703000811537,7.0
2026-10-07 06:20:00,0.1629527,-0.4264648125138577,0.5999999865889549,10.249999770894647,0.21662391526610092,0.7806100106368304,0.9972339259029314,0.7337218196068395,0.06238703000811537,7.0
2026-10-07 06:30:00,0.1629527,-0.4431304239691037,0.5999999865889549,10.249999770894647,0.21662391526610092,0.7806100106368304,0.9972339259029314,0.7170562081515934,0.06238703000811537,7.0
2026-10-07 06:40:00,0.1629527,-0.4557137849855707,0.5999999865889549,10.249999770894647,0.21662391526610092,0.7806100106368304,0.9972339259029314,0.7044728471351265,0.06238703000811537,7.0
2026-10-07 06:50:00,0.1629527,-0.4642649833386504,0.5999999865889549,10.249999770894647,0.21662391526610092,0.7806100106368304,0.9972339259029314,0.6959216487820468,0.06238703000811537,7.0
2026-10-07 07:00:00,0.1629527,-0.4688716180382972,0.5999999865889549,10.249999770894647,0.21662391526610092,0.7806100106368304,0.9972339259029314,0.6913150140824,0.06238703000811537,7.0
2026-10-07 07:10:00,0.1629527,-0.46965610871169894,0.5999999865889549,10.249999770894647,0.21662391526610092,0.7806100106368304,0.9972339259029314,0.6905305234089982,0.06238703000811537,7.0
2026-10-07 07:20:00,0.1629527,-0.4667719554068757,0.5999999865889549,10.249999770894647,0.21662391526610092,0.7806100106368304,0.9972339259029314,0.6934146767138214,0.06238703000811537,7.0
2026-10-07 07:30:00,0.1629527,-0.4603988811437681,0.5999999865889549,10.249999770894647,0.21662391526610092,0.7806100106368304,0.9972339259029314,0.699787750976929,0.06238703000811537,7.0
2026-10-07 07:40:00,0.1629527,-0.4507369183673042,0.5999999865889549,10.249999770894647,0.21662391526610092,0.7806100106368304,0.9972339259029314,0.709449713753393,0.06238703000811537,7.0
2026-10-07 07:50:00,0.1629527,-0.4379996381373117,0.5999999865889549,10.249999770894647,0.21662391526610092,0.7806100106368304,0.9972339259029314,0.7221869939833855,0.06238703000811537,7.0
2026-10-07 08:00:00,0.1629527,-0.4224068510013539,0.5999999865889549,10.249999770894647,0.21662391526610092,0.7806100106368304,0.9972339259029314,0.7377797811193433,0.06238703000811537,7.0
2026-10-07 08:10:00,0.1629527,-0.40417721396192746,0.5999999865889549,10.249999770894647,0.21662391526610092,0.7806100106368304,0.9972339259029314,0.7560094181587698,0.06238703000811537,7.0
2026-10-07 08:20:00,0.1629527,-0.38352124505734436,0.5999999865889549,10.249999770894647,0.21662391526610092,0.7806100106368304,0.9972339259029314,0.7766653870633529,0.06238703000811537,7.0
2026-10-07 08:30:00,0.1629527,-0.36063526528766493,0.5999999865889549,10.249999770894647,0.21662391526610092,0.7806100106368304,0.9972339259029314,0.7995513668330323,0.06238703000811537,7.0
2026-10-07 08:40:00,0.1629527,-0.3356967522949665,0.5999999865889549,10.249999770894647,0.21662391526610092,0.7806100106368304,0.9972339259029314,0.8244898798257307,0.06238703000811537,7.0
2026-10-07 08:50:00,0.1629527,-0.30886150267142176,0.5999999865889549,10.249999770894647,0.21662391526610092,0.7806100106368304,0.9972339259029314,0.8513251294492754,0.06238703000811537,7.0
2026-10-07 09:00:00,0.1629527,-0.2802628665756261,0.5899999868124723,10.25999977067113,0.21502070280241517,0.7748327921021478,0.989853494904563,0.8725433345467026,0.06238703000811537,7.0
2026-10-07 09:10:00,0.1629527,-0.2500131527006192,0.5899999868124723,10.25999977067113,0.21502070280241517,0.7748327921021478,0.989853494904563,0.9027930484217096,0.06238703000811537,7.0
2026-10-07 09:20:00,0.1629527,-0.2182071188722005,0.5899999868124723,10.25999977067113,0.21502070280241517,0.7748327921021478,0.989853494904563,0.9345990822501282,0.06238703000811537,7.0
2026-10-07 09:30:00,0.1629527,-0.18492728308704431,0.5899999868124723,10.25999977067113,0.21502070280241517,0.7748327921021478,0.989853494904563,0.9678789180352845,0.06238703000811537,7.0
2026-10-07 09:40:00,0.1629527,-0.15025062954912616,0.5899999868124723,10.25999977067113,0.21502070280241517,0.7748327921021478,0.989853494904563,1.0025555715732026,0.06238703000811537,7.0
2026-10-07 09:50:00,0.1629527,-0.11425616149534511,0.5899999868124723,10.25999977067113,0.21502070280241517,0.7748327921021478,0.989853494904563,1.0385500396269838,0.06238703000811537,7.0
2026-10-07 10:00:00,0.1629527,-0.07703268002335462,0.5899999868124723,10.25999977067113,0.21502070280241517,0.7748327921021478,0.989853494904563,1.075773521098974,0.06238703000811537,7.0
2026-10-07 10:10:00,0.1629527,-0.038686153501768676,0.5899999868124723,10.25999977067113,0.21502070280241517,0.7748327921021478,0.989853494904563,1.1141200476205602,0.06238703000811537,7.0
2026-10-07 10:20:00,0.1629527,0.0006539126971070014,0.5899999868124723,10.25999977067113,0.21502070280241517,0.7748327921021478,0.989853494904563,1.1534601138194358,0.06238703000811537,7.0
2026-10-07 10:30:00,0.1629527,0.04082959655084421,0.5899999868124723,10.25999977067113,0.21502070280241517,0.7748327921021478,0.989853494904563,1.193635797673173,0.06238703000811537,7.0
2026-10-07 10:40:00,0.1629527,0.08165151582615847,0.5899999868124723,10.25999977067113,0.21502070280241517,0.7748327921021478,0.989853494904563,1.2344577169484872,0.06238703000811537,7.0
2026-10-07 10:50:00,0.1629527,0.1228977933639123,0.5899999868124723,10.25999977067113,0.21502070280241517,0.7748327921021478,0.989853494904563,1.275703994486241,0.06238703000811537,7.0
2026-10-07 11:00:00,0.1629527,0.16431501981646757,0.5899999868124723,10.25999977067113,0.21502070280241517,0.7748327921021478,0.989853494904563,1.3171212209387964,0.06238703000811537,7.0
2026-10-07 11:10:00,0.1629527,0.2056210270650994,0.5899999868124723,10.25999977067113,0.21502070280241517,0.7748327921021478,0.989853494904563,1.3584272281874283,0.06238703000811537,7.0
2026-10-07 11:20:00,0.1629527,0.2465091370152596,0.5899999868124723,10.25999977067113,0.21502070280241517,0.7748327921021478,0.989853494904563,1.3993153381375882,0.06238703000811537,7.0
2026-10-07 11:30:00,0.1629527,0.2866534440070185,0.5899999868124723,10.25999977067113,0.21502070280241517,0.7748327921021478,0.989853494904563,1.4394596451293473,0.06238703000811537,7.0
2026-10-07 11:40:00,0.1629527,0.32571463518511773,0.5899999868124723,10.25999977067113,0.21502070280241517,0.7748327921021478,0.989853494904563,1.4785208363074465,0.06238703000811537,7.0
2026-10-07 11:50:00,0.1629527,0.36334585611697456,0.5899999868124723,10.25999977067113,0.21502070280241517,0.7748327921021478,0.989853494904563,1.5161520572393035,0.06238703000811537,7.0
2026-10-07 12:00:00,0.1629527,0.39919818716025335,0.5799999870359898,10.279999770224094,0.21360628252012007,0.7697358911886405,0.9833421737087605,1.5454930670867797,0.06238703000811537,7.0
2026-10-07 12:10:00,0.1629527,0.43292540117509637,0.5799999870359898,10.279999770224094,0.21360628252012007,0.7697358911886405,0.9833421737087605,1.5792202811016227,0.06238703000811537,7.0
2026-10-07 12:20:00,0.1629527,0.4641878122163708,0.5799999870359898,10.279999770224094,0.21360628252012007,0.7697358911886405,0.9833421737087605,1.610482692142897,0.06238703000811537,7.0
2026-10-07 12:30:00,0.1629527,0.4926551805083587,0.5799999870359898,10.279999770224094,0.21360628252012007,0.7697358911886405,0.9833421737087605,1.638950060434885,0.06238703000811537,7.0
2026-10-07 12:40:00,0.1629527,0.5180087927664359,0.5799999870359898,10.279999770224094,0.21360628252012007,0.7697358911886405,0.9833421737087605,1.664303672692962,0.06238703000811537,7.0
2026-10-07 12:50:00,0.1629527,0.5399429700452667,0.5799999870359898,10.279999770224094,0.21360628252012007,0.7697358911886405,0.9833421737087605,1.6862378499717932,0.06238703000811537,7.0
2026-10-07 13:00:00,0.1629527,0.5581663518198416,0.5799999870359898,10.279999770224094,0.21360628252012007,0.7697358911886405,0.9833421737087605,1.704461231746368,0.06238703000811537,7.0
2026-10-07 13:10:00,0.1629527,0.5724033529956098,0.5799999870359898,10.279999770224094,0.21360628252012007,0.7697358911886405,0.9833421737087605,1.718698232922136,0.06238703000811537,7.0
2026-10-07 13:20:00,0.1629527,0.5823961836777668,0.5799999870359898,10.279999770224094,0.21360628252012007,0.7697358911886405,0.9833421737087605,1.7286910636042931,0.06238703000811537,7.0
2026-10-07 13:30:00,0.1629527,0.587907759847656,0.5799999870359898,10.279999770224094,0.21360628252012007,0.7697358911886405,0.9833421737087605,1.7342026397741823,0.06238703000811537,7.0
2026-10-07 13:40:00,0.1629527,0.5887257228710688,0.5799999870359898,10.279999770224094,0.21360628252012007,0.7697358911886405,0.9833421737087605,1.7350206027975952,0.06238703000811537,7.0
2026-10-07 13:50:00,0.1629527,0.5846676389732471,0.5799999870359898,10.279999770224094,0.21360628252012007,0.7697358911886405,0.9833421737087605,1.7309625188997735,0.06238703000811537,7.0
2026-10-07 14:00:00,0.1629527,0.5755872827617612,0.5799999870359898,10.279999770224094,0.21360628252012007,0.7697358911886405,0.9833421737087605,1.7218821626882876,0.06238703000811537,7.0
2026-10-07 14:10:00,0.1629527,0.5613817403021119,0.5799999870359898,10.279999770224094,0.21360628252012007,0.7697358911886405,0.9833421737087605,1.7076766202286382,0.06238703000811537,7.0
2026-10-07 14:20:00,0.1629527,0.541998916485621,0.5799999870359898,10.279999770224094,0.21360628252012007,0.7697358911886405,0.9833421737087605,1.6882937964121474,0.06238703000811537,7.0
2026-10-07 14:30:00,0.1629527,0.5174449159678514,0.5799999870359898,10.279999770224094,0.21360628252012007,0.7697358911886405,0.9833421737087605,1.6637397958943776,0.06238703000811537,7.0
2026-10-07 14:40:00,0.1629527,0.48779070063835656,0.5799999870359898,10.279999770224094,0.21360628252012007,0.7697358911886405,0.9833421737087605,1.634085580564883,0.06238703000811537,7.0
2026-10-07 14:50:00,0.1629527,0.45317741828426605,0.5799999870359898,10.279999770224094,0.21360628252012007,0.7697358911886405,0.9833421737087605,1.5994722982107925,0.06238703000811537,7.0
2026-10-07 15:00:00,0.1629527,0.41381984904343855,0.5699999872595072,10.319999769330025,0.21258079925253862,0.7660405350991186,0.9786213343516572,1.5553938896128616,0.06238703000811537,7.0
2026-10-07 15:10:00,0.1629527,0.37000752483051846,0.5699999872595072,10.319999769330025,0.21258079925253862,0.7660405350991186,0.9786213343516572,1.5115815653999416,0.06238703000811537,7.0
2026-10-07 15:20:00,0.1629527,0.3221032316847148,0.5699999872595072,10.319999769330025,0.21258079925253862,0.7660405350991186,0.9786213343516572,1.4636772722541378,0.06238703000811537,7.0
2026-10-07 15:30:00,0.1629527,0.2705387914883347,0.5699999872595072,10.319999769330025,0.21258079925253862,0.7660405350991186,0.9786213343516572,1.4121128320577578,0.06238703000811537,7.0
2026-10-07 15:40:00,0.1629527,0.2158082188299344,0.5699999872595072,10.319999769330025,0.21258079925253862,0.7660405350991186,0.9786213343516572,1.3573822593993574,0.06238703000811537,7.0
2026-10-07 15:50:00,0.1629527,0.15845854180257346,0.5699999872595072,10.319999769330025,0.21258079925253862,0.7660405350991186,0.9786213343516572,1.3000325823719965,0.06238703000811537,7.0
2026-10-07 16:00:00,0.1629527,0.09907874301347333,0.5699999872595072,10.319999769330025,0.21258079925253862,0.7660405350991186,0.9786213343516572,1.2406527835828962,0.06238703000811537,7.0
2026-10-07 16:10:00,0.1629527,0.038287402968483014,0.5699999872595072,10.319999769330025,0.21258079925253862,0.7660405350991186,0.9786213343516572,1.179861443537906,0.06238703000811537,7.0
2026-10-07 16:20:00,0.1629527,-0.023280299016757003,0.5699999872595072,10.319999769330025,0.21258079925253862,0.7660405350991186,0.9786213343516572,1.118293741552666,0.06238703000811537,7.0
2026-10-07 16:30:00,0.1629527,-0.0849855573263958,0.5699999872595072,10.319999769330025,0.21258079925253862,0.7660405350991186,0.9786213343516572,1.0565884832430272,0.06238703000811537,7.0
2026-10-07 16:40:00,0.1629527,-0.14619826134825112,0.5699999872595072,10.319999769330025,0.21258079925253862,0.7660405350991186,0.9786213343516572,0.9953757792211719,0.06238703000811537,7.0
2026-10-07 16:50:00,0.1629527,-0.20630813746320992,0.5699999872595072,10.319999769330025,0.21258079925253862,0.7660405350991186,0.9786213343516572,0.9352659031062132,0.06238703000811537,7.0
2026-10-07 17:00:00,0.1629527,-0.26473431986561735,0.5699999872595072,10.319999769330025,0.21258079925253862,0.7660405350991186,0.9786213343516572,0.8768397207038057,0.06238703000811537,7.0
2026-10-07 17:10:00,0.1629527,-0.3209331191237722,0.5699999872595072,10.319999769330025,0.21258079925253862,0.7660405350991186,0.9786213343516572,0.8206409214456508,0.06238703000811537,7.0
2026-10-07 17:20:00,0.1629527,-0.3744039241641414,0.5699999872595072,10.319999769330025,0.21258079925253862,0.7660405350991186,0.9786213343516572,0.7671701164052815,0.06238703000811537,7.0
2026-10-07 17:30:00,0.1629527,-0.42469332858077613,0.5699999872595072,10.319999769330025,0.21258079925253862,0.7660405350991186,0.9786213343516572,0.7168807119886469,0.06238703000811537,7.0
2026-10-07 17:40:00,0.1629527,-0.4713976996946893,0.5699999872595072,10.319999769330025,0.21258079925253862,0.7660405350991186,0.9786213343516572,0.6701763408747337,0.06238703000811537,7.0
2026-10-07 17:50:00,0.1629527,-0.5141644960973395,0.5699999872595072,10.319999769330025,0.21258079925253862,0.7660405350991186,0.9786213343516572,0.6274095444720835,0.06238703000811537,7.0
2026-10-07 18:00:00,0.1629527,-0.552692679623837,0.5699999872595072,10.329999769106507,0.2127867883991012,0.766782822439331,0.9795696108384322,0.589829637432361,0.06238703000811537,7.0
2026-10-07 18:10:00,0.1629527,-0.5867325588553692,0.5699999872595072,10.329999769106507,0.2127867883991012,0.766782822439331,0.9795696108384322,0.5557897582008288,0.06238703000811537,7.0
2026-10-07 18:20:00,0.1629527,-0.6160853481092256,0.5699999872595072,10.329999769106507,0.2127867883991012,0.766782822439331,0.9795696108384322,0.5264369689469725,0.06238703000811537,7.0
2026-10-07 18:30:00,0.1629527,-0.6406026376110687,0.5699999872595072,10.329999769106507,0.2127867883991012,0.766782822439331,0.9795696108384322,0.5019196794451293,0.06238703000811537,7.0
2026-10-07 18:40:00,0.1629527,-0.6601858610564891,0.5699999872595072,10.329999769106507,0.2127867883991012,0.766782822439331,0.9795696108384322,0.48233645599970887,0.06238703000811537,7.0
2026-10-07 18:50:00,0.1629527,-0.6747857317349736,0.5699999872595072,10.329999769106507,0.2127867883991012,0.766782822439331,0.9795696108384322,0.4677365853212244,0.06238703000811537,7.0
2026-10-07 19:00:00,0.1629527,-0.6844015143323603,0.5699999872595072,10.329999769106507,0.2127867883991012,0.766782822439331,0.9795696108384322,0.4581208027238377,0.06238703000811537,7.0
2026-10-07 19:10:00,0.1629527,-0.6890799211713631,0.5699999872595072,10.329999769106507,0.2127867883991012,0.766782822439331,0.9795696108384322,0.4534423958848349,0.06238703000811537,7.0
2026-10-07 19:20:00,0.1629527,-0.6889133805087156,0.5699999872595072,10.329999769106507,0.2127867883991012,0.766782822439331,0.9795696108384322,0.45360893654748236,0.06238703000811537,7.0
2026-10-07 19:30:00,0.1629527,-0.6840374273547097,0.5699999872595072,10.329999769106507,0.2127867883991012,0.766782822439331,0.9795696108384322,0.45848488970148826,0.06238703000811537,7.0
2026-10-07 19:40:00,0.1629527,-0.6746270153607173,0.5699999872595072,10.329999769106507,0.2127867883991012,0.766782822439331,0.9795696108384322,0.46789530169548066,0.06238703000811537,7.0
2026-10-07 19:50:00,0.1629527,-0.6608916370630895,0.5699999872595072,10.329999769106507,0.2127867883991012,0.766782822439331,0.9795696108384322,0.4816306799931085,0.06238703000811537,7.0
2026-10-07 20:00:00,0.1629527,-0.6430692595627613,0.5699999872595072,10.329999769106507,0.2127867883991012,0.766782822439331,0.9795696108384322,0.4994530574934367,0.06238703000811537,7.0
2026-10-07 20:10:00,0.1629527,-0.6214192194832853,0.5699999872595072,10.329999769106507,0.2127867883991012,0.766782822439331,0.9795696108384322,0.5211030975729127,0.06238703000811537,7.0
2026-10-07 20:20:00,0.1629527,-0.5962143585541506,0.5699999872595072,10.329999769106507,0.2127867883991012,0.766782822439331,0.9795696108384322,0.5463079585020474,0.06238703000811537,7.0
2026-10-07 20:30:00,0.1629527,-0.567732802239117,0.5699999872595072,10.329999769106507,0.2127867883991012,0.766782822439331,0.9795696108384322,0.574789514817081,0.06238703000811537,7.0
2026-10-07 20:40:00,0.1629527,-0.5362498727548833,0.5699999872595072,10.329999769106507,0.2127867883991012,0.766782822439331,0.9795696108384322,0.6062724443013147,0.06238703000811537,7.0
2026-10-07 20:50:00,0.1629527,-0.5020306723292717,0.5699999872595072,10.329999769106507,0.2127867883991012,0.766782822439331,0.9795696108384322,0.6404916447269263,0.06238703000811537,7.0
2026-10-07 21:00:00,0.1629527,-0.46532386465209213,0.5699999872595072,10.309999769553542,0.21237481010597611,0.7652982477589064,0.9776730578648826,0.6753018994305562,0.06238703000811537,7.0
2026-10-07 21:10:00,0.1629527,-0.4263571204399139,0.5699999872595072,10.309999769553542,0.21237481010597611,0.7652982477589064,0.9776730578648826,0.7142686436427345,0.06238703000811537,7.0
2026-10-07 21:20:00,0.1629527,-0.3853345807999429,0.5699999872595072,10.309999769553542,0.21237481010597611,0.7652982477589064,0.9776730578648826,0.7552911832827054,0.06238703000811537,7.0
2026-10-07 21:30:00,0.1629527,-0.34243653943231794,0.5699999872595072,10.309999769553542,0.21237481010597611,0.7652982477589064,0.9776730578648826,0.7981892246503304,0.06238703000811537,7.0
2026-10-07 21:40:00,0.1629527,-0.2978213661997842,0.5699999872595072,10.309999769553542,0.21237481010597611,0.7652982477589064,0.9776730578648826,0.8428043978828641,0.06238703000811537,7.0
2026-10-07 21:50:00,0.1629527,-0.25162950790084343,0.5699999872595072,10.309999769553542,0.21237481010597611,0.7652982477589064,0.9776730578648826,0.888996256181805,0.06238703000811537,7.0
2026-10-07 22:00:00,0.1629527,-0.20398922601434874,0.5699999872595072,10.309999769553542,0.21237481010597611,0.7652982477589064,0.9776730578648826,0.9366365380682996,0.06238703000811537,7.0
2026-10-07 22:10:00,0.1629527,-0.15502358393638838,0.5699999872595072,10.309999769553542,0.21237481010597611,0.7652982477589064,0.9776730578648826,0.98560218014626,0.06238703000811537,7.0
2026-10-07 22:20:00,0.1629527,-0.10485809303751838,0.5699999872595072,10.309999769553542,0.21237481010597611,0.7652982477589064,0.9776730578648826,1.03576767104513,0.06238703000811537,7.0
2026-10-07 22:30:00,0.1629527,-0.053628378346839825,0.5699999872595072,10.309999769553542,0.21237481010597611,0.7652982477589064,0.9776730578648826,1.0869973857358086,0.06238703000811537,7.0
2026-10-07 22:40:00,0.1629527,-0.0014872359757363818,0.5699999872595072,10.309999769553542,0.21237481010597611,0.7652982477589064,0.9776730578648826,1.139138528106912,0.06238703000811537,7.0
2026-10-07 22:50:00,0.1629527,0.051389475948567076,0.5699999872595072,10.309999769553542,0.21237481010597611,0.7652982477589064,0.9776730578648826,1.1920152400312154,0.06238703000811537,7.0
2026-10-07 23:00:00,0.1629527,0.1047985505887682,0.5699999872595072,10.309999769553542,0.21237481010597611,0.7652982477589064,0.9776730578648826,1.2454243146714166,0.06238703000811537,7.0
2026-10-07 23:10:00,0.1629527,0.1585070292622154,0.5699999872595072,10.309999769553542,0.21237481010597611,0.7652982477589064,0.9776730578648826,1.2991327933448638,0.06238703000811537,7.0
2026-10-07 23:20:00,0.1629527,0.21225178175379303,0.5699999872595072,10.309999769553542,0.21237481010597611,0.7652982477589064,0.9776730578648826,1.3528775458364413,0.06238703000811537,7.0
2026-10-07 23:30:00,0.1629527,0.2657409885923506,0.5699999872595072,10.309999769553542,0.21237481010597611,0.7652982477589064,0.9776730578648826,1.406366752674999,0.06238703000811537,7.0
2026-10-07 23:40:00,0.1629527,0.31865727960889606,0.5699999872595072,10.309999769553542,0.21237481010597611,0.7652982477589064,0.9776730578648826,1.4592830436915445,0.06238703000811537,7.0
2026-10-07 23:50:00,0.1629527,0.37066215292809823,0.5699999872595072,10.309999769553542,0.21237481010597611,0.7652982477589064,0.9776730578648826,1.5112879170107467,0.06238703000811537,7.0
2026-10-08 00:00:00,0.15315008,0.4214012157527055,0.5799999870359898,10.25999977067113,0.21319070609498364,0.7682383505443046,0.9814290566392883,1.5559803540265151,0.06238703000811537,7.0
2026-10-08 00:10:00,0.15315008,0.47050976031802755,0.5799999870359898,10.25999977067113,0.21319070609498364,0.7682383505443046,0.9814290566392883,1.6050888985918372,0.06238703000811537,7.0
2026-10-08 00:20:00,0.15315008,0.5176182169054093,0.5799999870359898,10.25999977067113,0.21319070609498364,0.7682383505443046,0.9814290566392883,1.652197355179219,0.06238703000811537,7.0
2026-10-08 00:30:00,0.15315008,0.5623571059352886,0.5799999870359898,10.25999977067113,0.21319070609498364,0.7682383505443046,0.9814290566392883,1.6969362442090983,0.06238703000811537,7.0
2026-10-08 00:40:00,0.15315008,0.6043612321688752,0.5799999870359898,10.25999977067113,0.21319070609498364,0.7682383505443046,0.9814290566392883,1.738940370442685,0.06238703000811537,7.0
2026-10-08 00:50:00,0.15315008,0.6432730108875592,0.5799999870359898,10.25999977067113,0.21319070609498364,0.7682383505443046,0.9814290566392883,1.7778521491613688,0.06238703000811537,7.0
2026-10-08 01:00:00,0.15315008,0.6787449703985804,0.5799999870359898,10.25999977067113,0.21319070609498364,0.7682383505443046,0.9814290566392883,1.8133241086723901,0.06238703000811537,7.0
2026-10-08 01:10:00,0.15315008,0.7104416185886909,0.5799999870359898,10.25999977067113,0.21319070609498364,0.7682383505443046,0.9814290566392883,1.8450207568625006,0.06238703000811537,7.0
2026-10-08 01:20:00,0.15315008,0.7380409758709853,0.5799999870359898,10.25999977067113,0.21319070609498364,0.7682383505443046,0.9814290566392883,1.872620114144795,0.06238703000811537,7.0
2026-10-08 01:30:00,0.15315008,0.7612361486577041,0.5799999870359898,10.25999977067113,0.21319070609498364,0.7682383505443046,0.9814290566392883,1.895815286931514,0.06238703000811537,7.0
2026-10-08 01:40:00,0.15315008,0.7797373370546877,0.5799999870359898,10.25999977067113,0.21319070609498364,0.7682383505443046,0.9814290566392883,1.9143164753284974,0.06238703000811537,7.0
2026-10-08 01:50:00,0.15315008,0.7932746346167283,0.5799999870359898,10.25999977067113,0.21319070609498364,0.7682383505443046,0.9814290566392883,1.927853772890538,0.06238703000811537,7.0
2026-10-08 02:00:00,0.15315008,0.8016018898051062,0.5799999870359898,10.25999977067113,0.21319070609498364,0.7682383505443046,0.9814290566392883,1.936181028078916,0.06238703000811537,7.0
2026-10-08 02:10:00,0.15315008,0.8045017674706627,0.5799999870359898,10.25999977067113,0.21319070609498364,0.7682383505443046,0.9814290566392883,1.9390809057444724,0.06238703000811537,7.0
2026-10-08 02:20:00,0.15315008,0.8017919884900099,0.5799999870359898,10.25999977067113,0.21319070609498364,0.7682383505443046,0.9814290566392883,1.9363711267638197,0.06238703000811537,7.0
2026-10-08 02:30:00,0.15315008,0.7933325544482674,0.5799999870359898,10.25999977067113,0.21319070609498364,0.7682383505443046,0.9814290566392883,1.9279116927220772,0.06238703000811537,7.0
2026-10-08 02:40:00,0.15315008,0.7790336011997933,0.5799999870359898,10.25999977067113,0.21319070609498364,0.7682383505443046,0.9814290566392883,1.9136127394736029,0.06238703000811537,7.0
2026-10-08 02:50:00,0.15315008,0.7588633891177878,0.5799999870359898,10.25999977067113,0.21319070609498364,0.7682383505443046,0.9814290566392883,1.8934425273915976,0.06238703000811537,7.0
2026-10-08 03:00:00,0.15315008,0.7328558447071225,0.5799999870359898,10.159999772906303,0.21111282396930153,0.7607506473226251,0.9718634712919266,1.8578693976335705,0.06238703000811537,7.0
2026-10-08 03:10:00,0.15315008,0.7011170297596178,0.5799999870359898,10.159999772906303,0.21111282396930153,0.7607506473226251,0.9718634712919266,1.8261305826860659,0.06238703000811537,7.0
2026-10-08 03:20:00,0.15315008,0.6638299360407679,0.5799999870359898,10.159999772906303,0.21111282396930153,0.7607506473226251,0.9718634712919266,1.788843488967216,0.06238703000811537,7.0
2026-10-08 03:30:00,0.15315008,0.6212570850423033,0.5799999870359898,10.159999772906303,0.21111282396930153,0.7607506473226251,0.9718634712919266,1.7462706379687514,0.06238703000811537,7.0
2026-10-08 03:40:00,0.15315008,0.573740546695574,0.5799999870359898,10.159999772906303,0.21111282396930153,0.7607506473226251,0.9718634712919266,1.698754099622022,0.06238703000811537,7.0
2026-10-08 03:50:00,0.15315008,0.5216991652965105,0.5799999870359898,10.159999772906303,0.21111282396930153,0.7607506473226251,0.9718634712919266,1.6467127182229586,0.06238703000811537,7.0
2026-10-08 04:00:00,0.15315008,0.4656229787152237,0.5799999870359898,10.159999772906303,0.21111282396930153,0.7607506473226251,0.9718634712919266,1.590636531641672,0.06238703000811537,7.0
2026-10-08 04:10:00,0.15315008,0.4060650184972016,0.5799999870359898,10.159999772906303,0.21111282396930153,0.7607506473226251,0.9718634712919266,1.5310785714236497,0.06238703000811537,7.0
2026-10-08 04:20:00,0.15315008,0.34363086457739195,0.5799999870359898,10.159999772906303,0.21111282396930153,0.7607506473226251,0.9718634712919266,1.46864441750384,0.06238703000811537,7.0
2026-10-08 04:30:00,0.15315008,0.2789664806174658,0.5799999870359898,10.159999772906303,0.21111282396930153,0.7607506473226251,0.9718634712919266,1.4039800335439139,0.06238703000811537,7.0
2026-10-08 04:40:00,0.15315008,0.21274496072131616,0.5799999870359898,10.159999772906303,0.21111282396930153,0.7607506473226251,0.9718634712919266,1.3377585136477643,0.06238703000811537,7.0
2026-10-08 04:50:00,0.15315008,0.14565286617559087,0.5799999870359898,10.159999772906303,0.21111282396930153,0.7607506473226251,0.9718634712919266,1.270666419102039,0.06238703000811537,7.0
2026-10-08 05:00:00,0.15315008,0.07837681890827877,0.5799999870359898,10.159999772906303,0.21111282396930153,0.7607506473226251,0.9718634712919266,1.203390371834727,0.06238703000811537,7.0
2026-10-08 05:10:00,0.15315008,0.011590950292948803,0.5799999870359898,10.159999772906303,0.21111282396930153,0.7607506473226251,0.9718634712919266,1.136604503219397,0.06238703000811537,7.0
2026-10-08 05:20:00,0.15315008,-0.05405431166343549,0.5799999870359898,10.159999772906303,0.21111282396930153,0.7607506473226251,0.9718634712919266,1.0709592412630127,0.06238703000811537,7.0
2026-10-08 05:30:00,0.15315008,-0.11794178223946794,0.5799999870359898,10.159999772906303,0.21111282396930153,0.7607506473226251,0.9718634712919266,1.0070717706869803,0.06238703000811537,7.0
2026-10-08 05:40:00,0.15315008,-0.17949521760174775,0.5799999870359898,10.159999772906303,0.21111282396930153,0.7607506473226251,0.9718634712919266,0.9455183353247003,0.06238703000811537,7.0
2026-10-08 05:50:00,0.15315008,-0.23818516356533598,0.5799999870359898,10.159999772906303,0.21111282396930153,0.7607506473226251,0.9718634712919266,0.8868283893611122,0.06238703000811537,7.0
2026-10-08 06:00:00,0.15315008,-0.29353309290432733,0.5699999872595072,10.049999775364995,0.20701909229535015,0.7459987769133859,0.9530178692087361,0.8126348579389302,0.06238703000811537,7.0
2026-10-08 06:10:00,0.15315008,-0.3451140787372854,0.5699999872595072,10.049999775364995,0.20701909229535015,0.7459987769133859,0.9530178692087361,0.7610538721059722,0.06238703000811537,7.0
2026-10-08 06:20:00,0.15315008,-0.3925583179014373,0.5699999872595072,10.049999775364995,0.20701909229535015,0.7459987769133859,0.9530178692087361,0.7136096329418202,0.06238703000811537,7.0
2026-10-08 06:30:00,0.15315008,-0.4355518364495514,0.5699999872595072,10.049999775364995,0.20701909229535015,0.7459987769133859,0.9530178692087361,0.6706161143937062,0.06238703000811537,7.0
2026-10-08 06:40:00,0.15315008,-0.47383668034624493,0.5699999872595072,10.049999775364995,0.20701909229535015,0.7459987769133859,0.9530178692087361,0.6323312704970127,0.06238703000811537,7.0
2026-10-08 06:50:00,0.15315008,-0.5072108254039376,0.5699999872595072,10.049999775364995,0.20701909229535015,0.7459987769133859,0.9530178692087361,0.59895712543932,0.06238703000811537,7.0
2026-10-08 07:00:00,0.15315008,-0.535527942733035,0.5699999872595072,10.049999775364995,0.20701909229535015,0.7459987769133859,0.9530178692087361,0.5706400081102226,0.06238703000811537,7.0
2026-10-08 07:10:00,0.15315008,-0.5586970445934669,0.5699999872595072,10.049999775364995,0.20701909229535015,0.7459987769133859,0.9530178692087361,0.5474709062497907,0.06238703000811537,7.0
2026-10-08 07:20:00,0.15315008,-0.5766819266581295,0.5699999872595072,10.049999775364995,0.20701909229535015,0.7459987769133859,0.9530178692087361,0.5294860241851281,0.06238703000811537,7.0
2026-10-08 07:30:00,0.15315008,-0.5895002322173182,0.5699999872595072,10.049999775364995,0.20701909229535015,0.7459987769133859,0.9530178692087361,0.5166677186259394,0.06238703000811537,7.0
2026-10-08 07:40:00,0.15315008,-0.5972219050546643,0.5699999872595072,10.049999775364995,0.20701909229535015,0.7459987769133859,0.9530178692087361,0.5089460457885933,0.06238703000811537,7.0
2026-10-08 07:50:00,0.15315008,-0.5999667799607332,0.5699999872595072,10.049999775364995,0.20701909229535015,0.7459987769133859,0.9530178692087361,0.5062011708825244,0.06238703000811537,7.0
2026-10-08 08:00:00,0.15315008,-0.5979010871633165,0.5699999872595072,10.049999775364995,0.20701909229535015,0.7459987769133859,0.9530178692087361,0.5082668636799411,0.06238703000811537,7.0
2026-10-08 08:10:00,0.15315008,-0.5912327178718251,0.5699999872595072,10.049999775364995,0.20701909229535015,0.7459987769133859,0.9530178692087361,0.5149352329714325,0.06238703000811537,7.0
2026-10-08 08:20:00,0.15315008,-0.5802052053064747,0.5699999872595072,10.049999775364995,0.20701909229535015,0.7459987769133859,0.9530178692087361,0.5259627455367829,0.06238703000811537,7.0
2026-10-08 08:30:00,0.15315008,-0.5650905072842946,0.5699999872595072,10.049999775364995,0.20701909229535015,0.7459987769133859,0.9530178692087361,0.541077443558963,0.06238703000811537,7.0
2026-10-08 08:40:00,0.15315008,-0.5461808170461917,0.5699999872595072,10.049999775364995,0.20701909229535015,0.7459987769133859,0.9530178692087361,0.5599871337970659,0.06238703000811537,7.0
2026-10-08 08:50:00,0.15315008,-0.523779761759006,0.5699999872595072,10.049999775364995,0.20701909229535015,0.7459987769133859,0.9530178692087361,0.5823881890842516,0.06238703000811537,7.0
2026-10-08 09:00:00,0.15315008,-0.4981934561626791,0.5599999874830246,9.999999776482582,0.20417422883614222,0.7357472361616426,0.9399214649977848,0.5948780904696271,0.06238703000811537,7.0
2026-10-08 09:10:00,0.15315008,-0.4697219478588243,0.5599999874830246,9.999999776482582,0.20417422883614222,0.7357472361616426,0.9399214649977848,0.6233495987734821,0.06238703000811537,7.0
2026-10-08 09:20:00,0.15315008,-0.4386516104570461,0.5599999874830246,9.999999776482582,0.20417422883614222,0.7357472361616426,0.9399214649977848,0.6544199361752603,0.06238703000811537,7.0
2026-10-08 09:30:00,0.15315008,-0.4052490059549914,0.5599999874830246,9.999999776482582,0.20417422883614222,0.7357472361616426,0.9399214649977848,0.6878225406773149,0.06238703000811537,7.0
2026-10-08 09:40:00,0.15315008,-0.3697566496093133,0.5599999874830246,9.999999776482582,0.20417422883614222,0.7357472361616426,0.9399214649977848,0.723314897022993,0.06238703000811537,7.0
2026-10-08 09:50:00,0.15315008,-0.33239097562534853,0.5599999874830246,9.999999776482582,0.20417422883614222,0.7357472361616426,0.9399214649977848,0.7606805710069577,0.06238703000811537,7.0
2026-10-08 10:00:00,0.15315008,-0.2933426330008684,0.5599999874830246,9.999999776482582,0.20417422883614222,0.7357472361616426,0.9399214649977848,0.7997289136314379,0.06238703000811537,7.0
2026-10-08 10:10:00,0.15315008,-0.25277905359989944,0.5599999874830246,9.999999776482582,0.20417422883614222,0.7357472361616426,0.9399214649977848,0.8402924930324069,0.06238703000811537,7.0
2026-10-08 10:20:00,0.15315008,-0.21084904806329918,0.5599999874830246,9.999999776482582,0.20417422883614222,0.7357472361616426,0.9399214649977848,0.8822224985690071,0.06238703000811537,7.0
2026-10-08 10:30:00,0.15315008,-0.16768901789752907,0.5599999874830246,9.999999776482582,0.20417422883614222,0.7357472361616426,0.9399214649977848,0.9253825287347772,0.06238703000811537,7.0
2026-10-08 10:40:00,0.15315008,-0.12343024143937883,0.5599999874830246,9.999999776482582,0.20417422883614222,0.7357472361616426,0.9399214649977848,0.9696413051929275,0.06238703000811537,7.0
2026-10-08 10:50:00,0.15315008,-0.07820661052287868,0.5599999874830246,9.999999776482582,0.20417422883614222,0.7357472361616426,0.9399214649977848,1.0148649361094277,0.06238703000811537,7.0
2026-10-08 11:00:00,0.15315008,-0.03216217172782109,0.5599999874830246,9.999999776482582,0.20417422883614222,0.7357472361616426,0.9399214649977848,1.0609093749044853,0.06238703000811537,7.0
2026-10-08 11:10:00,0.15315008,0.014542136587814334,0.5599999874830246,9.999999776482582,0.20417422883614222,0.7357472361616426,0.9399214649977848,1.1076136832201207,0.06238703000811537,7.0
2026-10-08 11:20:00,0.15315008,0.06172306744479741,0.5599999874830246,9.999999776482582,0.20417422883614222,0.7357472361616426,0.9399214649977848,1.1547946140771037,0.06238703000811537,7.0
2026-10-08 11:30:00,0.15315008,0.10917134578598046,0.5599999874830246,9.999999776482582,0.20417422883614222,0.7357472361616426,0.9399214649977848,1.2022428924182869,0.06238703000811537,7.0
2026-10-08 11:40:00,0.15315008,0.15664985459800618,0.5599999874830246,9.999999776482582,0.20417422883614222,0.7357472361616426,0.9399214649977848,1.2497214012303126,0.06238703000811537,7.0
2026-10-08 11:50:00,0.15315008,0.20389375299186652,0.5599999874830246,9.999999776482582,0.20417422883614222,0.7357472361616426,0.9399214649977848,1.2969652996241727,0.06238703000811537,7.0
2026-10-08 12:00:00,0.15315008,0.2506123779059144,0.5799999870359898,9.909999778494239,0.2059181186550963,0.7420313892684267,0.947949507923523,1.3517119674639588,0.06238703000811537,7.0
2026-10-08 12:10:00,0.15315008,0.29649263138367293,0.5799999870359898,9.909999778494239,0.2059181186550963,0.7420313892684267,0.947949507923523,1.3975922209417173,0.06238703000811537,7.0
2026-10-08 12:20:00,0.15315008,0.34120344624124443,0.5799999870359898,9.909999778494239,0.2059181186550963,0.7420313892684267,0.947949507923523,1.4423030357992888,0.06238703000811537,7.0
2026-10-08 12:30:00,0.15315008,0.38440086505470755,0.5799999870359898,9.909999778494239,0.2059181186550963,0.7420313892684267,0.947949507923523,1.485500454612752,0.06238703000811537,7.0
2026-10-08 12:40:00,0.15315008,0.4257332653907096,0.5799999870359898,9.909999778494239,0.2059181186550963,0.7420313892684267,0.947949507923523,1.526832854948754,0.06238703000811537,7.0
2026-10-08 12:50:00,0.15315008,0.46484631693839296,0.5799999870359898,9.909999778494239,0.2059181186550963,0.7420313892684267,0.947949507923523,1.5659459064964374,0.06238703000811537,7.0
2026-10-08 13:00:00,0.15315008,0.5013873554862712,0.5799999870359898,9.909999778494239,0.2059181186550963,0.7420313892684267,0.947949507923523,1.6024869450443155,0.06238703000811537,7.0
2026-10-08 13:10:00,0.15315008,0.5350089922131323,0.5799999870359898,9.909999778494239,0.2059181186550963,0.7420313892684267,0.947949507923523,1.6361085817711767,0.06238703000811537,7.0
2026-10-08 13:20:00,0.15315008,0.5653719271220746,0.5799999870359898,9.909999778494239,0.2059181186550963,0.7420313892684267,0.947949507923523,1.6664715166801192,0.06238703000811537,7.0
2026-10-08 13:30:00,0.15315008,0.5921470845846534,0.5799999870359898,9.909999778494239,0.2059181186550963,0.7420313892684267,0.947949507923523,1.693246674142698,0.06238703000811537,7.0
2026-10-08 13:40:00,0.15315008,0.6150173180634207,0.5799999870359898,9.909999778494239,0.2059181186550963,0.7420313892684267,0.947949507923523,1.716116907621465,0.06238703000811537,7.0
2026-10-08 13:50:00,0.15315008,0.6336790242568076,0.5799999870359898,9.909999778494239,0.2059181186550963,0.7420313892684267,0.947949507923523,1.734778613814852,0.06238703000811537,7.0
2026-10-08 14:00:00,0.15315008,0.6478440521497466,0.5799999870359898,9.909999778494239,0.2059181186550963,0.7420313892684267,0.947949507923523,1.748943641707791,0.06238703000811537,7.0
2026-10-08 14:10:00,0.15315008,0.6572422832752324,0.5799999870359898,9.909999778494239,0.2059181186550963,0.7420313892684267,0.947949507923523,1.758341872833277,0.06238703000811537,7.0
2026-10-08 14:20:00,0.15315008,0.6616251958205653,0.5799999870359898,9.909999778494239,0.2059181186550963,0.7420313892684267,0.947949507923523,1.7627247853786097,0.06238703000811537,7.0
2026-10-08 14:30:00,0.15315008,0.6607706131339269,0.5799999870359898,9.909999778494239,0.2059181186550963,0.7420313892684267,0.947949507923523,1.7618702026919713,0.06238703000811537,7.0
2026-10-08 14:40:00,0.15315008,0.6544886885822965,0.5799999870359898,9.909999778494239,0.2059181186550963,0.7420313892684267,0.947949507923523,1.755588278140341,0.06238703000811537,7.0
2026-10-08 14:50:00,0.15315008,0.6426290097909879,0.5799999870359898,9.909999778494239,0.2059181186550963,0.7420313892684267,0.947949507923523,1.7437285993490323,0.06238703000811537,7.0
2026-10-08 15:00:00,0.15315008,0.6250885348294611,0.5899999868124723,9.999999776482582,0.20957183509007327,0.7551976531210018,0.9647694882110751,1.7430081046750576,0.06238703000811537,7.0
2026-10-08 15:10:00,0.15315008,0.6018199202715363,0.5899999868124723,9.999999776482582,0.20957183509007327,0.7551976531210018,0.9647694882110751,1.7197394901171328,0.06238703000811537,7.0
2026-10-08 15:20:00,0.15315008,0.57283968393111,0.5899999868124723,9.999999776482582,0.20957183509007327,0.7551976531210018,0.9647694882110751,1.6907592537767067,0.06238703000811537,7.0
2026-10-08 15:30:00,0.15315008,0.538235577463563,0.5899999868124723,9.999999776482582,0.20957183509007327,0.7551976531210018,0.9647694882110751,1.6561551473091596,0.06238703000811537,7.0
2026-10-08 15:40:00,0.15315008,0.49817253509754816,0.5899999868124723,9.999999776482582,0.20957183509007327,0.7551976531210018,0.9647694882110751,1.6160921049431447,0.06238703000811537,7.0
2026-10-08 15:50:00,0.15315008,0.45289661684778443,0.5899999868124723,9.999999776482582,0.20957183509007327,0.7551976531210018,0.9647694882110751,1.570816186693381,0.06238703000811537,7.0
2026-10-08 16:00:00,0.15315008,0.40273647458966433,0.5899999868124723,9.999999776482582,0.20957183509007327,0.7551976531210018,0.9647694882110751,1.520656044435261,0.06238703000811537,7.0
2026-10-08 16:10:00,0.15315008,0.34810202650650846,0.5899999868124723,9.999999776482582,0.20957183509007327,0.7551976531210018,0.9647694882110751,1.466021596352105,0.06238703000811537,7.0
2026-10-08 16:20:00,0.15315008,0.2894802160187573,0.5899999868124723,9.999999776482582,0.20957183509007327,0.7551976531210018,0.9647694882110751,1.4073997858643539,0.06238703000811537,7.0
2026-10-08 16:30:00,0.15315008,0.22742793562057922,0.5899999868124723,9.999999776482582,0.20957183509007327,0.7551976531210018,0.9647694882110751,1.3453475054661759,0.06238703000811537,7.0
2026-10-08 16:40:00,0.15315008,0.16256239552163973,0.5899999868124723,9.999999776482582,0.20957183509007327,0.7551976531210018,0.9647694882110751,1.2804819653672364,0.06238703000811537,7.0
2026-10-08 16:50:00,0.15315008,0.09554939170382859,0.5899999868124723,9.999999776482582,0.20957183509007327,0.7551976531210018,0.9647694882110751,1.2134689615494252,0.06238703000811537,7.0
2026-10-08 17:00:00,0.15315008,0.027090061663509482,0.5899999868124723,9.999999776482582,0.20957183509007327,0.7551976531210018,0.9647694882110751,1.145009631509106,0.06238703000811537,7.0
2026-10-08 17:10:00,0.15315008,-0.0420932027026468,0.5899999868124723,9.999999776482582,0.20957183509007327,0.7551976531210018,0.9647694882110751,1.0758263671429498,0.06238703000811537,7.0
2026-10-08 17:20:00,0.15315008,-0.1112709942329009,0.5899999868124723,9.999999776482582,0.20957183509007327,0.7551976531210018,0.9647694882110751,1.0066485756126957,0.06238703000811537,7.0
2026-10-08 17:30:00,0.15315008,-0.17972062784976747,0.5899999868124723,9.999999776482582,0.20957183509007327,0.7551976531210018,0.9647694882110751,0.9381989419958291,0.06238703000811537,7.0
2026-10-08 17:40:00,0.15315008,-0.24673881315792234,0.5899999868124723,9.999999776482582,0.20957183509007327,0.7551976531210018,0.9647694882110751,0.8711807566876743,0.06238703000811537,7.0
2026-10-08 17:50:00,0.15315008,-0.3116528308523655,0.5899999868124723,9.999999776482582,0.20957183509007327,0.7551976531210018,0.9647694882110751,0.8062667389932311,0.06238703000811537,7.0
2026-10-08 18:00:00,0.15315008,-0.37382993944891063,0.5799999870359898,14.199999682605267,0.2950592618468585,1.0632538574784722,1.3583131193253308,1.1376332615109417,0.06238703000811537,7.0
2026-10-08 18:10:00,0.15315008,-0.4326849045150708,0.5799999870359898,14.199999682605267,0.2950592618468585,1.0632538574784722,1.3583131193253308,1.0787782964447814,0.06238703000811537,7.0
2026-10-08 18:20:00,0.15315008,-0.4876856984280897,0.5799999870359898,14.199999682605267,0.2950592618468585,1.0632538574784722,1.3583131193253308,1.0237775025317626,0.06238703000811537,7.0
2026-10-08 18:30:00,0.15315008,-0.5383575485374484,0.5799999870359898,14.199999682605267,0.2950592618468585,1.0632538574784722,1.3583131193253308,0.9731056524224039,0.06238703000811537,7.0
2026-10-08 18:40:00,0.15315008,-0.584285602610882,0.5799999870359898,14.199999682605267,0.2950592618468585,1.0632538574784722,1.3583131193253308,0.9271775983489703,0.06238703000811537,7.0
2026-10-08 18:50:00,0.15315008,-0.6251165255446565,0.5799999870359898,14.199999682605267,0.2950592618468585,1.0632538574784722,1.3583131193253308,0.8863466754151959,0.06238703000811537,7.0
2026-10-08 19:00:00,0.15315008,-0.6605593379894888,0.5799999870359898,14.199999682605267,0.2950592618468585,1.0632538574784722,1.3583131193253308,0.8509038629703635,0.06238703000811537,7.0
2026-10-08 19:10:00,0.15315008,-0.6903857605708363,0.5799999870359898,14.199999682605267,0.2950592618468585,1.0632538574784722,1.3583131193253308,0.821077440389016,0.06238703000811537,7.0
2026-10-08 19:20:00,0.15315008,-0.7144302450895638,0.5799999870359898,14.199999682605267,0.2950592618468585,1.0632538574784722,1.3583131193253308,0.7970329558702886,0.06238703000811537,7.0
2026-10-08 19:30:00,0.15315008,-0.732589770640695,0.5799999870359898,14.199999682605267,0.2950592618468585,1.0632538574784722,1.3583131193253308,0.7788734303191573,0.06238703000811537,7.0
2026-10-08 19:40:00,0.15315008,-0.7448233729913912,0.5799999870359898,14.199999682605267,0.2950592618468585,1.0632538574784722,1.3583131193253308,0.7666398279684611,0.06238703000811537,7.0
2026-10-08 19:50:00,0.15315008,-0.7511512765143974,0.5799999870359898,14.199999682605267,0.2950592618468585,1.0632538574784722,1.3583131193253308,0.7603119244454549,0.06238703000811537,7.0
2026-10-08 20:00:00,0.15315008,-0.7516534240001709,0.5799999870359898,14.199999682605267,0.2950592618468585,1.0632538574784722,1.3583131193253308,0.7598097769596814,0.06238703000811537,7.0
2026-10-08 20:10:00,0.15315008,-0.7464671623988448,0.5799999870359898,14.199999682605267,0.2950592618468585,1.0632538574784722,1.3583131193253308,0.7649960385610075,0.06238703000811537,7.0
2026-10-08 20:20:00,0.15315008,-0.7357838487536416,0.5799999870359898,14.199999682605267,0.2950592618468585,1.0632538574784722,1.3583131193253308,0.7756793522062108,0.06238703000811537,7.0
2026-10-08 20:30:00,0.15315008,-0.7198441917684609,0.5799999870359898,14.199999682605267,0.2950592618468585,1.0632538574784722,1.3583131193253308,0.7916190091913914,0.06238703000811537,7.0
2026-10-08 20:40:00,0.15315008,-0.6989322359734017,0.5799999870359898,14.199999682605267,0.2950592618468585,1.0632538574784722,1.3583131193253308,0.8125309649864506,0.06238703000811537,7.0
2026-10-08 20:50:00,0.15315008,-0.673368018047604,0.5799999870359898,14.199999682605267,0.2950592618468585,1.0632538574784722,1.3583131193253308,0.8380951829122483,0.06238703000811537,7.0
2026-10-08 21:00:00,0.15315008,-0.6434990642345341,0.5799999870359898,14.859999667853117,0.3087732838763603,1.112672698741556,1.4214459826179164,0.9310970000179039,0.06238703000811537,7.0
2026-10-08 21:10:00,0.15315008,-0.609691037957181,0.5799999870359898,14.859999667853117,0.3087732838763603,1.112672698741556,1.4214459826179164,0.9649050262952569,0.06238703000811537,7.0
2026-10-08 21:20:00,0.15315008,-0.5723179702897241,0.5799999870359898,14.859999667853117,0.3087732838763603,1.112672698741556,1.4214459826179164,1.0022780939627138,0.06238703000811537,7.0
2026-10-08 21:30:00,0.15315008,-0.5317525970925062,0.5799999870359898,14.859999667853117,0.3087732838763603,1.112672698741556,1.4214459826179164,1.0428434671599316,0.06238703000811537,7.0
2026-10-08 21:40:00,0.15315008,-0.48835737290873277,0.5799999870359898,14.859999667853117,0.3087732838763603,1.112672698741556,1.4214459826179164,1.0862386913437052,0.06238703000811537,7.0
2026-10-08 21:50:00,0.15315008,-0.4424767248162475,0.5799999870359898,14.859999667853117,0.3087732838763603,1.112672698741556,1.4214459826179164,1.1321193394361904,0.06238703000811537,7.0
2026-10-08 22:00:00,0.15315008,-0.3944310477200439,0.5799999870359898,14.859999667853117,0.3087732838763603,1.112672698741556,1.4214459826179164,1.180165016532394,0.06238703000811537,7.0
2026-10-08 22:10:00,0.15315008,-0.3445128290779377,0.5799999870359898,14.859999667853117,0.3087732838763603,1.112672698741556,1.4214459826179164,1.2300832351745004,0.06238703000811537,7.0
2026-10-08 22:20:00,0.15315008,-0.29298513641409385,0.5799999870359898,14.859999667853117,0.3087732838763603,1.112672698741556,1.4214459826179164,1.281610927838344,0.06238703000811537,7.0
2026-10-08 22:30:00,0.15315008,-0.24008251862379984,0.5799999870359898,14.859999667853117,0.3087732838763603,1.112672698741556,1.4214459826179164,1.334513545628638,0.06238703000811537,7.0
2026-10-08 22:40:00,0.15315008,-0.18601418046875484,0.5799999870359898,14.859999667853117,0.3087732838763603,1.112672698741556,1.4214459826179164,1.388581883783683,0.06238703000811537,7.0
2026-10-08 22:50:00,0.15315008,-0.1309691074231088,0.5799999870359898,14.859999667853117,0.3087732838763603,1.112672698741556,1.4214459826179164,1.4436269568293292,0.06238703000811537,7.0
2026-10-08 23:00:00,0.15315008,-0.07512266354144498,0.5799999870359898,14.859999667853117,0.3087732838763603,1.112672698741556,1.4214459826179164,1.4994734007109929,0.06238703000811537,7.0
2026-10-08 23:10:00,0.15315008,-0.018644074094048488,0.5799999870359898,14.859999667853117,0.3087732838763603,1.112672698741556,1.4214459826179164,1.5559519901583894,0.06238703000811537,7.0
2026-10-08 23:20:00,0.15315008,0.038295851972478825,0.5799999870359898,14.859999667853117,0.3087732838763603,1.112672698741556,1.4214459826179164,1.6128919162249167,0.06238703000811537,7.0
2026-10-08 23:30:00,0.15315008,0.09551740108470616,0.5799999870359898,14.859999667853117,0.3087732838763603,1.112672698741556,1.4214459826179164,1.670113465337144,0.06238703000811537,7.0
2026-10-08 23:40:00,0.15315008,0.15282561479849965,0.5799999870359898,14.859999667853117,0.3087732838763603,1.112672698741556,1.4214459826179164,1.7274216790509376,0.06238703000811537,7.0
2026-10-08 23:50:00,0.15315008,0.2100053948546414,0.5799999870359898,14.859999667853117,0.3087732838763603,1.112672698741556,1.4214459826179164,1.7846014591070793,0.06238703000811537,7.0
2026-10-09 00:00:00,0.15315008,0.26681836485351623,0.5799999870359898,14.859999667853117,0.3087732838763603,1.112672698741556,1.4214459826179164,1.8414144291059542,0.06238703000811537,7.0
2026-10-09 00:10:00,,0.32300162342337724,,,,,,,0.06238703000811537,7.0
2026-10-09 00:20:00,,0.37826834405705,,,,,,,0.06238703000811537,7.0
2026-10-09 00:30:00,,0.4323100122810347,,,,,,,0.06238703000811537,7.0
2026-10-09 00:40:00,,0.4847999588420978,,,,,,,0.06238703000811537,7.0
2026-10-09 00:50:00,,0.5353977616488738,,,,,,,0.06238703000811537,7.0
2026-10-09 01:00:00,,0.5837540568131836,,,,,,,0.06238703000811537,7.0
2026-10-09 01:10:00,,0.629515322856382,,,,,,,0.06238703000811537,7.0
2026-10-09 01:20:00,,0.6723282766798127,,,,,,,0.06238703000811537,7.0
2026-10-09 01:30:00,,0.7118436357859271,,,,,,,0.06238703000811537,7.0
2026-10-09 01:40:00,,0.747719142826018,,,,,,,0.06238703000811537,7.0
2026-10-09 01:50:00,,0.7796218985938699,,,,,,,0.06238703000811537,7.0
2026-10-09 02:00:00,,0.8072301889640165,,,,,,,0.06238703000811537,7.0
2026-10-09 02:10:00,,0.8302351026550976,,,,,,,0.06238703000811537,7.0
2026-10-09 02:20:00,,0.8483423058715853,,,,,,,0.06238703000811537,7.0
2026-10-09 02:30:00,,0.8612743572650334,,,,,,,0.06238703000811537,7.0
2026-10-09 02:40:00,,0.8687739090788879,,,,,,,0.06238703000811537,7.0
2026-10-09 02:50:00,,0.8706080504980771,,,,,,,0.06238703000811537,7.0
2026-10-09 03:00:00,,0.866573916364199,,,,,,,0.06238703000811537,7.0
2026-10-09 03:10:00,,0.8565055225901209,,,,,,,0.06238703000811537,7.0
2026-10-09 03:20:00,,0.840281616570944,,,,,,,0.06238703000811537,7.0
2026-10-09 03:30:00,,0.8178341660354912,,,,,,,0.06238703000811537,7.0
2026-10-09 03:40:00,,0.7891569718771266,,,,,,,0.06238703000811537,7.0
2026-10-09 03:50:00,,0.7543137957472338,,,,,,,0.06238703000811537,7.0
2026-10-09 04:00:00,,0.7134453535499217,,,,,,,0.06238703000811537,7.0
2026-10-09 04:10:00,,0.6667745471011537,,,,,,,0.06238703000811537,7.0
2026-10-09 04:20:00,,0.6146093883672216,,,,,,,0.06238703000811537,7.0
2026-10-09 04:30:00,,0.5573432062266425,,,,,,,0.06238703000811537,7.0
2026-10-09 04:40:00,,0.49545190311818105,,,,,,,0.06238703000811537,7.0
2026-10-09 04:50:00,,0.4294882304833285,,,,,,,0.06238703000811537,7.0
2026-10-09 05:00:00,,0.36007325881843955,,,,,,,0.06238703000811537,7.0
2026-10-09 05:10:00,,0.2878854104894819,,,,,,,0.06238703000811537,7.0
2026-10-09 05:20:00,,0.21364758268064898,,,,,,,0.06238703000811537,7.0
2026-10-09 05:30:00,,0.1381130002539821,,,,,,,0.06238703000811537,7.0
2026-10-09 05:40:00,,0.06205049319174549,,,,,,,0.06238703000811537,7.0
2026-10-09 05:50:00,,-0.013770111111124401,,,,,,,0.06238703000811537,7.0
2026-10-09 06:00:00,,-0.08859185299075842,,,,,,,0.06238703000811537,7.0
2026-10-09 06:10:00,,-0.16168324544384466,,,,,,,0.06238703000811537,7.0
2026-10-09 06:20:00,,-0.23234924675747817,,,,,,,0.06238703000811537,7.0
2026-10-09 06:30:00,,-0.29994039166808445,,,,,,,0.06238703000811537,7.0
2026-10-09 06:40:00,,-0.36386003494971436,,,,,,,0.06238703000811537,7.0
2026-10-09 06:50:00,,-0.42356980661675864,,,,,,,0.06238703000811537,7.0
2026-10-09 07:00:00,,-0.47859349107491145,,,,,,,0.06238703000811537,7.0
2026-10-09 07:10:00,,-0.5285196132877747,,,,,,,0.06238703000811537,7.0
2026-10-09 07:20:00,,-0.573003038033053,,,,,,,0.06238703000811537,7.0
2026-10-09 07:30:00,,-0.6117658651628475,,,,,,,0.06238703000811537,7.0
2026-10-09 07:40:00,,-0.6445978402507653,,,,,,,0.06238703000811537,7.0
2026-10-09 07:50:00,,-0.671356408087298,,,,,,,0.06238703000811537,7.0
2026-10-09 08:00:00,,-0.6919664302687079,,,,,,,0.06238703000811537,7.0
2026-10-09 08:10:00,,-0.7064194840920621,,,,,,,0.06238703000811537,7.0
2026-10-09 08:20:00,,-0.714772573623982,,,,,,,0.06238703000811537,7.0
2026-10-09 08:30:00,,-0.7171460286648224,,,,,,,0.06238703000811537,7.0
2026-10-09 08:40:00,,-0.7137203525692456,,,,,,,0.06238703000811537,7.0
2026-10-09 08:50:00,,-0.7047318100390322,,,,,,,0.06238703000811537,7.0
2026-10-09 09:00:00,,-0.6904666191989146,,,,,,,0.06238703000811537,7.0
2026-10-09 09:10:00,,-0.6712537219825251,,,,,,,0.06238703000811537,7.0
2026-10-09 09:20:00,,-0.6474562406948698,,,,,,,0.06238703000811537,7.0
2026-10-09 09:30:00,,-0.6194618716995401,,,,,,,0.06238703000811537,7.0
2026-10-09 09:40:00,,-0.5876726022297507,,,,,,,0.06238703000811537,7.0
2026-10-09 09:50:00,,-0.5524942464922278,,,,,,,0.06238703000811537,7.0
2026-10-09 10:00:00,,-0.514326368434926,,,,,,,0.06238703000811537,7.0
2026-10-09 10:10:00,,-0.4735531793937009,,,,,,,0.06238703000811537,7.0
2026-10-09 10:20:00,,-0.4305359651738472,,,,,,,0.06238703000811537,7.0
2026-10-09 10:30:00,,-0.3856075083281106,,,,,,,0.06238703000811537,7.0
2026-10-09 10:40:00,,-0.3390688355711515,,,,,,,0.06238703000811537,7.0
2026-10-09 10:50:00,,-0.29118844827736756,,,,,,,0.06238703000811537,7.0
2026-10-09 11:00:00,,-0.2422040031274754,,,,,,,0.06238703000811537,7.0
2026-10-09 11:10:00,,-0.19232621808182476,,,,,,,0.06238703000811537,7.0
2026-10-09 11:20:00,,-0.14174460549284845,,,,,,,0.06238703000811537,7.0
2026-10-09 11:30:00,,-0.09063449644676723,,,,,,,0.06238703000811537,7.0
2026-10-09 11:40:00,,-0.03916473183563339,,,,,,,0.06238703000811537,7.0
2026-10-09 11:50:00,,0.012494634509078166,,,,,,,0.06238703000811537,7.0
2026-10-09 12:00:00,,0.06416524562601736,,,,,,,0.06238703000811537,7.0
2026-10-09 12:10:00,,0.1156545022987744,,,,,,,0.06238703000811537,7.0
2026-10-09 12:20:00,,0.1667511800774809,,,,,,,0.06238703000811537,7.0
2026-10-09 12:30:00,,0.21722284193554844,,,,,,,0.06238703000811537,7.0
2026-10-09 12:40:00,,0.2668151067995573,,,,,,,0.06238703000811537,7.0
2026-10-09 12:50:00,,0.3152526598355508,,,,,,,0.06238703000811537,7.0
2026-10-09 13:00:00,,0.362241739656218,,,,,,,0.06238703000811537,7.0
2026-10-09 13:10:00,,0.40747372617279876,,,,,,,0.06238703000811537,7.0
2026-10-09 13:20:00,,0.4506293910213772,,,,,,,0.06238703000811537,7.0
2026-10-09 13:30:00,,0.4913833664119212,,,,,,,0.06238703000811537,7.0
2026-10-09 13:40:00,,0.5294084357149209,,,,,,,0.06238703000811537,7.0
2026-10-09 13:50:00,,0.5643793437204639,,,,,,,0.06238703000811537,7.0
2026-10-09 14:00:00,,0.5959759529213638,,,,,,,0.06238703000811537,7.0
2026-10-09 14:10:00,,0.6238857184100064,,,,,,,0.06238703000811537,7.0
2026-10-09 14:20:00,,0.6478055992232438,,,,,,,0.06238703000811537,7.0
2026-10-09 14:30:00,,0.6674436500740838,,,,,,,0.06238703000811537,7.0
2026-10-09 14:40:00,,0.682520628195344,,,,,,,0.06238703000811537,7.0
2026-10-09 14:50:00,,0.6927719933684978,,,,,,,0.06238703000811537,7.0
2026-10-09 15:00:00,,0.6979506686724622,,,,,,,0.06238703000811537,7.0
2026-10-09 15:10:00,,0.6978308645537089,,,,,,,0.06238703000811537,7.0
2026-10-09 15:20:00,,0.6922131556305999,,,,,,,0.06238703000811537,7.0
2026-10-09 15:30:00,,0.6809308497728747,,,,,,,0.06238703000811537,7.0
2026-10-09 15:40:00,,0.6638575186293341,,,,,,,0.06238703000811537,7.0
2026-10-09 15:50:00,,0.640915386681533,,,,,,,0.06238703000811537,7.0
2026-10-09 16:00:00,,0.6120841214793123,,,,,,,0.06238703000811537,7.0
2026-10-09 16:10:00,,0.5774094487329975,,,,,,,0.06238703000811537,7.0
2026-10-09 16:20:00,,0.5370109468687223,,,,,,,0.06238703000811537,7.0
2026-10-09 16:30:00,,0.4910883653260891,,,,,,,0.06238703000811537,7.0
2026-10-09 16:40:00,,0.43992586282939045,,,,,,,0.06238703000811537,7.0
2026-10-09 16:50:00,,0.3838936719194529,,,,,,,0.06238703000811537,7.0
2026-10-09 17:00:00,,0.3234468551968507,,,,,,,0.06238703000811537,7.0
2026-10-09 17:10:00,,0.2591210115837486,,,,,,,0.06238703000811537,7.0
2026-10-09 17:20:00,,0.19152499959210909,,,,,,,0.06238703000811537,7.0
2026-10-09 17:30:00,,0.12133094891694646,,,,,,,0.06238703000811537,7.0
2026-10-09 17:40:00,,0.04926201228396904,,,,,,,0.06238703000811537,7.0
2026-10-09 17:50:00,,-0.02392155000482162,,,,,,,0.06238703000811537,7.0
2026-10-09 18:00:00,,-0.09743727290541535,,,,,,,0.06238703000811537,7.0
2026-10-09 18:10:00,,-0.17049566832025226,,,,,,,0.06238703000811537,7.0
2026-10-09 18:20:00,,-0.24231500880858267,,,,,,,0.06238703000811537,7.0
2026-10-09 18:30:00,,-0.3121351216242351,,,,,,,0.06238703000811537,7.0
2026-10-09 18:40:00,,-0.37922972965786117,,,,,,,0.06238703000811537,7.0
2026-10-09 18:50:00,,-0.44291703116280845,,,,,,,0.06238703000811537,7.0
2026-10-09 19:00:00,,-0.5025683752316903,,,,,,,0.06238703000811537,7.0
2026-10-09 19:10:00,,-0.5576150467871229,,,,,,,0.06238703000811537,7.0
2026-10-09 19:20:00,,-0.6075533067529136,,,,,,,0.06238703000811537,7.0
2026-10-09 19:30:00,,-0.6519479279958088,,,,,,,0.06238703000811537,7.0
2026-10-09 19:40:00,,-0.6904345167722087,,,,,,,0.06238703000811537,7.0
2026-10-09 19:50:00,,-0.7227209115867445,,,,,,,0.06238703000811537,7.0
2026-10-09 20:00:00,,-0.7485879093411586,,,,,,,0.06238703000811537,7.0
2026-10-09 20:10:00,,-0.76788949195196,,,,,,,0.06238703000811537,7.0
2026-10-09 20:20:00,,-0.7805526278755248,,,,,,,0.06238703000811537,7.0
2026-10-09 20:30:00,,-0.7865766179674087,,,,,,,0.06238703000811537,7.0
2026-10-09 20:40:00,,-0.7860318598194781,,,,,,,0.06238703000811537,7.0
2026-10-09 20:50:00,,-0.7790578339726101,,,,,,,0.06238703000811537,7.0
2026-10-09 21:00:00,,-0.7658600807405311,,,,,,,0.06238703000811537,7.0
2026-10-09 21:10:00,,-0.7467059448324873,,,,,,,0.06238703000811537,7.0
2026-10-09 21:20:00,,-0.7219189179488962,,,,,,,0.06238703000811537,7.0
2026-10-09 21:30:00,,-0.6918715029396384,,,,,,,0.06238703000811537,7.0
2026-10-09 21:40:00,,-0.6569766473059299,,,,,,,0.06238703000811537,7.0
2026-10-09 21:50:00,,-0.6176779351906233,,,,,,,0.06238703000811537,7.0
2026-10-09 22:00:00,,-0.5744388690458089,,,,,,,0.06238703000811537,7.0
2026-10-09 22:10:00,,-0.5277316976894746,,,,,,,0.06238703000811537,7.0
2026-10-09 22:20:00,,-0.478026340650711,,,,,,,0.06238703000811537,7.0
2026-10-09 22:30:00,,-0.4257800064927695,,,,,,,0.06238703000811537,7.0
2026-10-09 22:40:00,,-0.3714280973208264,,,,,,,0.06238703000811537,7.0
2026-10-09 22:50:00,,-0.3153769301223846,,,,,,,0.06238703000811537,7.0
2026-10-09 23:00:00,,-0.2579986920055575,,,,,,,0.06238703000811537,7.0
2026-10-09 23:10:00,,-0.19962888976730764,,,,,,,0.06238703000811537,7.0
2026-10-09 23:20:00,,-0.14056636938974218,,,,,,,0.06238703000811537,7.0
2026-10-09 23:30:00,,-0.08107578525464672,,,,,,,0.06238703000811537,7.0
2026-10-09 23:40:00,,-0.02139221146289389,,,,,,,0.06238703000811537,7.0
2026-10-09 23:50:00,,0.03827257279080407,,,,,,,0.06238703000811537,7.0
