,SSH_10min,Tide_10min,Significant_Wave_Height,Peak_Wave_Period,Wave_Setup,Wave_Swash,Wave_Runup,Total_Water_Level,beach_slope,water_depth
2026-08-10 00:00:00,-0.027779192,0.18495095280742305,0.9399999789893627,12.149999728426337,0.028798562594053636,0.9329701285185575,0.9617686911126112,1.1189404521876276,0.005590079799583065,5.0
2026-08-10 00:10:00,-0.027779192,0.21730986807841873,0.9399999789893627,12.149999728426337,0.028798562594053636,0.9329701285185575,0.9617686911126112,1.1512993674586234,0.005590079799583065,5.0
2026-08-10 00:20:00,-0.027779192,0.24764026285071086,0.9399999789893627,12.149999728426337,0.028798562594053636,0.9329701285185575,0.9617686911126112,1.1816297622309155,0.005590079799583065,5.0
2026-08-10 00:30:00,-0.027779192,0.275718639995169,0.9399999789893627,12.149999728426337,0.028798562594053636,0.9329701285185575,0.9617686911126112,1.2097081393753735,0.005590079799583065,5.0
2026-08-10 00:40:00,-0.027779192,0.3013315122025912,0.9399999789893627,12.149999728426337,0.028798562594053636,0.9329701285185575,0.9617686911126112,1.2353210115827957,0.005590079799583065,5.0
2026-08-10 00:50:00,-0.027779192,0.324278283669974,0.9399999789893627,12.149999728426337,0.028798562594053636,0.9329701285185575,0.9617686911126112,1.2582677830501785,0.005590079799583065,5.0
2026-08-10 01:00:00,-0.027779192,0.34437428985377,0.9399999789893627,12.149999728426337,0.028798562594053636,0.9329701285185575,0.9617686911126112,1.2783637892339745,0.005590079799583065,5.0
2026-08-10 01:10:00,-0.027779192,0.3614538719947483,0.9399999789893627,12.149999728426337,0.028798562594053636,0.9329701285185575,0.9617686911126112,1.295443371374953,0.005590079799583065,5.0
2026-08-10 01:20:00,-0.027779192,0.3753733574858975,0.9399999789893627,12.149999728426337,0.028798562594053636,0.9329701285185575,0.9617686911126112,1.3093628568661022,0.005590079799583065,5.0
2026-08-10 01:30:00,-0.027779192,0.3860138218405458,0.9399999789893627,12.149999728426337,0.028798562594053636,0.9329701285185575,0.9617686911126112,1.3200033212207503,0.005590079799583065,5.0
2026-08-10 01:40:00,-0.027779192,0.39328352198364713,0.9399999789893627,12.149999728426337,0.028798562594053636,0.9329701285185575,0.9617686911126112,1.3272730213638517,0.005590079799583065,5.0
2026-08-10 01:50:00,-0.027779192,0.3971199119723409,0.9399999789893627,12.149999728426337,0.028798562594053636,0.9329701285185575,0.9617686911126112,1.3311094113525455,0.005590079799583065,5.0
2026-08-10 02:00:00,-0.027779192,0.3974911784205208,0.9399999789893627,12.149999728426337,0.028798562594053636,0.9329701285185575,0.9617686911126112,1.3314806778007253,0.005590079799583065,5.0
2026-08-10 02:10:00,-0.027779192,0.39439726108872414,0.9399999789893627,12.149999728426337,0.028798562594053636,0.9329701285185575,0.9617686911126112,1.3283867604689288,0.005590079799583065,5.0
2026-08-10 02:20:00,-0.027779192,0.3878703511598255,0.9399999789893627,12.149999728426337,0.028798562594053636,0.9329701285185575,0.9617686911126112,1.32185985054003,0.005590079799583065,5.0
2026-08-10 02:30:00,-0.027779192,0.37797488339224844,0.9399999789893627,12.149999728426337,0.028798562594053636,0.9329701285185575,0.9617686911126112,1.311964382772453,0.005590079799583065,5.0
2026-08-10 02:40:00,-0.027779192,0.3648070562714497,0.9399999789893627,12.149999728426337,0.028798562594053636,0.9329701285185575,0.9617686911126112,1.2987965556516543,0.005590079799583065,5.0
2026-08-10 02:50:00,-0.027779192,0.3484939255777364,0.9399999789893627,12.149999728426337,0.028798562594053636,0.9329701285185575,0.9617686911126112,1.2824834249579409,0.005590079799583065,5.0
2026-08-10 03:00:00,-0.027779192,0.32919212109141244,0.9299999792128801,12.089999729767442,0.02850351252721834,0.9234115646883068,0.9519150772155252,1.253328006574531,0.005590079799583065,5.0
2026-08-10 03:10:00,-0.027779192,0.3070862340503882,0.9299999792128801,12.089999729767442,0.02850351252721834,0.9234115646883068,0.9519150772155252,1.2312221195335067,0.005590079799583065,5.0
2026-08-10 03:20:00,-0.027779192,0.2823869160549291,0.9299999792128801,12.089999729767442,0.02850351252721834,0.9234115646883068,0.9519150772155252,1.2065228015380476,0.005590079799583065,5.0
2026-08-10 03:30:00,-0.027779192,0.2553287201271814,0.9299999792128801,12.089999729767442,0.02850351252721834,0.9234115646883068,0.9519150772155252,1.1794646056103,0.005590079799583065,5.0
2026-08-10 03:40:00,-0.027779192,0.22616770428284544,0.9299999792128801,12.089999729767442,0.02850351252721834,0.9234115646883068,0.9519150772155252,1.150303589765964,0.005590079799583065,5.0
2026-08-10 03:50:00,-0.027779192,0.1951788090324262,0.9299999792128801,12.089999729767442,0.02850351252721834,0.9234115646883068,0.9519150772155252,1.1193146945155448,0.005590079799583065,5.0
2026-08-10 04:00:00,-0.027779192,0.16265301526130363,0.9299999792128801,12.089999729767442,0.02850351252721834,0.9234115646883068,0.9519150772155252,1.0867889007444222,0.005590079799583065,5.0
2026-08-10 04:10:00,-0.027779192,0.12889428873435674,0.9299999792128801,12.089999729767442,0.02850351252721834,0.9234115646883068,0.9519150772155252,1.0530301742174752,0.005590079799583065,5.0
2026-08-10 04:20:00,-0.027779192,0.09421632323607242,0.9299999792128801,12.089999729767442,0.02850351252721834,0.9234115646883068,0.9519150772155252,1.018352208719191,0.005590079799583065,5.0
2026-08-10 04:30:00,-0.027779192,0.05893910528005777,0.9299999792128801,12.089999729767442,0.02850351252721834,0.9234115646883068,0.9519150772155252,0.9830749907631763,0.005590079799583065,5.0
2026-08-10 04:40:00,-0.027779192,0.023385338769362402,0.9299999792128801,12.089999729767442,0.02850351252721834,0.9234115646883068,0.9519150772155252,0.947521224252481,0.005590079799583065,5.0
2026-08-10 04:50:00,-0.027779192,-0.01212321415052871,0.9299999792128801,12.089999729767442,0.02850351252721834,0.9234115646883068,0.9519150772155252,0.9120126713325898,0.005590079799583065,5.0
2026-08-10 05:00:00,-0.027779192,-0.04726940190196128,0.9299999792128801,12.089999729767442,0.02850351252721834,0.9234115646883068,0.9519150772155252,0.8768664835811573,0.005590079799583065,5.0
2026-08-10 05:10:00,-0.027779192,-0.08174427210788238,0.9299999792128801,12.089999729767442,0.02850351252721834,0.9234115646883068,0.9519150772155252,0.8423916133752362,0.005590079799583065,5.0
2026-08-10 05:20:00,-0.027779192,-0.11525047978203092,0.9299999792128801,12.089999729767442,0.02850351252721834,0.9234115646883068,0.9519150772155252,0.8088854057010877,0.005590079799583065,5.0
2026-08-10 05:30:00,-0.027779192,-0.1475054109743956,0.9299999792128801,12.089999729767442,0.02850351252721834,0.9234115646883068,0.9519150772155252,0.7766304745087229,0.005590079799583065,5.0
2026-08-10 05:40:00,-0.027779192,-0.17824392275910703,0.9299999792128801,12.089999729767442,0.02850351252721834,0.9234115646883068,0.9519150772155252,0.7458919627240115,0.005590079799583065,5.0
2026-08-10 05:50:00,-0.027779192,-0.2072206139401817,0.9299999792128801,12.089999729767442,0.02850351252721834,0.9234115646883068,0.9519150772155252,0.7169152715429368,0.005590079799583065,5.0
2026-08-10 06:00:00,-0.027779192,-0.23421156300459336,0.9399999789893627,11.84999973513186,0.028087486974447375,0.9099338290489635,0.9380213160234109,0.6760305612864109,0.005590079799583065,5.0
2026-08-10 06:10:00,-0.027779192,-0.2590154987205872,0.9399999789893627,11.84999973513186,0.028087486974447375,0.9099338290489635,0.9380213160234109,0.6512266255704171,0.005590079799583065,5.0
2026-08-10 06:20:00,-0.027779192,-0.28145440226125196,0.9399999789893627,11.84999973513186,0.028087486974447375,0.9099338290489635,0.9380213160234109,0.6287877220297523,0.005590079799583065,5.0
2026-08-10 06:30:00,-0.027779192,-0.30137357481855764,0.9399999789893627,11.84999973513186,0.028087486974447375,0.9099338290489635,0.9380213160234109,0.6088685494724466,0.005590079799583065,5.0
2026-08-10 06:40:00,-0.027779192,-0.31864123791663873,0.9399999789893627,11.84999973513186,0.028087486974447375,0.9099338290489635,0.9380213160234109,0.5916008863743656,0.005590079799583065,5.0
2026-08-10 06:50:00,-0.027779192,-0.33314776201870466,0.9399999789893627,11.84999973513186,0.028087486974447375,0.9099338290489635,0.9380213160234109,0.5770943622722996,0.005590079799583065,5.0
2026-08-10 07:00:00,-0.027779192,-0.34480463937438716,0.9399999789893627,11.84999973513186,0.028087486974447375,0.9099338290489635,0.9380213160234109,0.565437484916617,0.005590079799583065,5.0
2026-08-10 07:10:00,-0.027779192,-0.35354332752408885,0.9399999789893627,11.84999973513186,0.028087486974447375,0.9099338290489635,0.9380213160234109,0.5566987967669155,0.005590079799583065,5.0
2026-08-10 07:20:00,-0.027779192,-0.3593140889913355,0.9399999789893627,11.84999973513186,0.028087486974447375,0.9099338290489635,0.9380213160234109,0.5509280352996688,0.005590079799583065,5.0
2026-08-10 07:30:00,-0.027779192,-0.3620849406024311,0.9399999789893627,11.84999973513186,0.028087486974447375,0.9099338290489635,0.9380213160234109,0.5481571836885731,0.005590079799583065,5.0
2026-08-10 07:40:00,-0.027779192,-0.36184080353692943,0.9399999789893627,11.84999973513186,0.028087486974447375,0.9099338290489635,0.9380213160234109,0.5484013207540748,0.005590079799583065,5.0
2026-08-10 07:50:00,-0.027779192,-0.35858291486227345,0.9399999789893627,11.84999973513186,0.028087486974447375,0.9099338290489635,0.9380213160234109,0.5516592094287308,0.005590079799583065,5.0
2026-08-10 08:00:00,-0.027779192,-0.35232852587734675,0.9399999789893627,11.84999973513186,0.028087486974447375,0.9099338290489635,0.9380213160234109,0.5579135984136575,0.005590079799583065,5.0
2026-08-10 08:10:00,-0.027779192,-0.34311087572751964,0.9399999789893627,11.84999973513186,0.028087486974447375,0.9099338290489635,0.9380213160234109,0.5671312485634846,0.005590079799583065,5.0
2026-08-10 08:20:00,-0.027779192,-0.33097939404619475,0.9399999789893627,11.84999973513186,0.028087486974447375,0.9099338290489635,0.9380213160234109,0.5792627302448095,0.005590079799583065,5.0
2026-08-10 08:30:00,-0.027779192,-0.3160000575685558,0.9399999789893627,11.84999973513186,0.028087486974447375,0.9099338290489635,0.9380213160234109,0.5942420667224484,0.005590079799583065,5.0
2026-08-10 08:40:00,-0.027779192,-0.298255805298286,0.9399999789893627,11.84999973513186,0.028087486974447375,0.9099338290489635,0.9380213160234109,0.6119863189927183,0.005590079799583065,5.0
2026-08-10 08:50:00,-0.027779192,-0.27784690738942636,0.9399999789893627,11.84999973513186,0.028087486974447375,0.9099338290489635,0.9380213160234109,0.6323952169015779,0.005590079799583065,5.0
2026-08-10 09:00:00,-0.027779192,-0.2548911848256118,0.9299999792128801,16.25999963656068,0.03833474885794625,1.2419083574716183,1.2802431063295645,0.9975727297715461,0.005590079799583065,5.0
2026-08-10 09:10:00,-0.027779192,-0.22952399029629672,0.9299999792128801,16.25999963656068,0.03833474885794625,1.2419083574716183,1.2802431063295645,1.0229399243008612,0.005590079799583065,5.0
2026-08-10 09:20:00,-0.027779192,-0.2018978836589247,0.9299999792128801,16.25999963656068,0.03833474885794625,1.2419083574716183,1.2802431063295645,1.0505660309382332,0.005590079799583065,5.0
2026-08-10 09:30:00,-0.027779192,-0.17218196544591607,0.9299999792128801,16.25999963656068,0.03833474885794625,1.2419083574716183,1.2802431063295645,1.0802819491512419,0.005590079799583065,5.0
2026-08-10 09:40:00,-0.027779192,-0.14056086598791181,0.9299999792128801,16.25999963656068,0.03833474885794625,1.2419083574716183,1.2802431063295645,1.111903048609246,0.005590079799583065,5.0
2026-08-10 09:50:00,-0.027779192,-0.10723342164386905,0.9299999792128801,16.25999963656068,0.03833474885794625,1.2419083574716183,1.2802431063295645,1.1452304929532888,0.005590079799583065,5.0
2026-08-10 10:00:00,-0.027779192,-0.07241110040655566,0.9299999792128801,16.25999963656068,0.03833474885794625,1.2419083574716183,1.2802431063295645,1.1800528141906022,0.005590079799583065,5.0
2026-08-10 10:10:00,-0.027779192,-0.036316262366020556,0.9299999792128801,16.25999963656068,0.03833474885794625,1.2419083574716183,1.2802431063295645,1.2161476522311374,0.005590079799583065,5.0
2026-08-10 10:20:00,-0.027779192,0.0008196450686312301,0.9299999792128801,16.25999963656068,0.03833474885794625,1.2419083574716183,1.2802431063295645,1.2532835596657892,0.005590079799583065,5.0
2026-08-10 10:30:00,-0.027779192,0.03875785466158204,0.9299999792128801,16.25999963656068,0.03833474885794625,1.2419083574716183,1.2802431063295645,1.29122176925874,0.005590079799583065,5.0
2026-08-10 10:40:00,-0.027779192,0.07725391530575788,0.9299999792128801,16.25999963656068,0.03833474885794625,1.2419083574716183,1.2802431063295645,1.3297178299029158,0.005590079799583065,5.0
2026-08-10 10:50:00,-0.027779192,0.11605912128097985,0.9299999792128801,16.25999963656068,0.03833474885794625,1.2419083574716183,1.2802431063295645,1.3685230358781377,0.005590079799583065,5.0
2026-08-10 11:00:00,-0.027779192,0.15492168737841794,0.9299999792128801,16.25999963656068,0.03833474885794625,1.2419083574716183,1.2802431063295645,1.4073856019755757,0.005590079799583065,5.0
2026-08-10 11:10:00,-0.027779192,0.19358765547407714,0.9299999792128801,16.25999963656068,0.03833474885794625,1.2419083574716183,1.2802431063295645,1.446051570071235,0.005590079799583065,5.0
2026-08-10 11:20:00,-0.027779192,0.23180155372056252,0.9299999792128801,16.25999963656068,0.03833474885794625,1.2419083574716183,1.2802431063295645,1.4842654683177203,0.005590079799583065,5.0
2026-08-10 11:30:00,-0.027779192,0.2693068628515318,0.9299999792128801,16.25999963656068,0.03833474885794625,1.2419083574716183,1.2802431063295645,1.5217707774486897,0.005590079799583065,5.0
2026-08-10 11:40:00,-0.027779192,0.30584637277788795,0.9299999792128801,16.25999963656068,0.03833474885794625,1.2419083574716183,1.2802431063295645,1.5583102873750458,0.005590079799583065,5.0
2026-08-10 11:50:00,-0.027779192,0.3411625323279663,0.9299999792128801,16.25999963656068,0.03833474885794625,1.2419083574716183,1.2802431063295645,1.5936264469251242,0.005590079799583065,5.0
2026-08-10 12:00:00,-0.027779192,0.37499790478836775,0.9699999783188105,15.969999643042684,0.03845221749747592,1.245713920036103,1.2841661375335789,1.63138485058954,0.005590079799583065,5.0
2026-08-10 12:10:00,-0.027779192,0.40709583964200113,0.9699999783188105,15.969999643042684,0.03845221749747592,1.245713920036103,1.2841661375335789,1.6634827854431733,0.005590079799583065,5.0
2026-08-10 12:20:00,-0.027779192,0.4372014574144999,0.9699999783188105,15.969999643042684,0.03845221749747592,1.245713920036103,1.2841661375335789,1.693588403215672,0.005590079799583065,5.0
2026-08-10 12:30:00,-0.027779192,0.4650630208525216,0.9699999783188105,15.969999643042684,0.03845221749747592,1.245713920036103,1.2841661375335789,1.7214499666536938,0.005590079799583065,5.0
2026-08-10 12:40:00,-0.027779192,0.4904337339837514,0.9699999783188105,15.969999643042684,0.03845221749747592,1.245713920036103,1.2841661375335789,1.7468206797849237,0.005590079799583065,5.0
2026-08-10 12:50:00,-0.027779192,0.5130739743303471,0.9699999783188105,15.969999643042684,0.03845221749747592,1.245713920036103,1.2841661375335789,1.7694609201315195,0.005590079799583065,5.0
2026-08-10 13:00:00,-0.027779192,0.532753925770555,0.9699999783188105,15.969999643042684,0.03845221749747592,1.245713920036103,1.2841661375335789,1.7891408715717274,0.005590079799583065,5.0
2026-08-10 13:10:00,-0.027779192,0.549256544299851,0.9699999783188105,15.969999643042684,0.03845221749747592,1.245713920036103,1.2841661375335789,1.8056434901010232,0.005590079799583065,5.0
2026-08-10 13:20:00,-0.027779192,0.56238075899435,0.9699999783188105,15.969999643042684,0.03845221749747592,1.245713920036103,1.2841661375335789,1.8187677047955222,0.005590079799583065,5.0
2026-08-10 13:30:00,-0.027779192,0.5719447888775587,0.9699999783188105,15.969999643042684,0.03845221749747592,1.245713920036103,1.2841661375335789,1.8283317346787311,0.005590079799583065,5.0
2026-08-10 13:40:00,-0.027779192,0.5777894444763509,0.9699999783188105,15.969999643042684,0.03845221749747592,1.245713920036103,1.2841661375335789,1.8341763902775232,0.005590079799583065,5.0
2026-08-10 13:50:00,-0.027779192,0.5797812815191664,0.9699999783188105,15.969999643042684,0.03845221749747592,1.245713920036103,1.2841661375335789,1.8361682273203388,0.005590079799583065,5.0
2026-08-10 14:00:00,-0.027779192,0.5778154828770983,0.9699999783188105,15.969999643042684,0.03845221749747592,1.245713920036103,1.2841661375335789,1.8342024286782705,0.005590079799583065,5.0
2026-08-10 14:10:00,-0.027779192,0.5718183621724784,0.9699999783188105,15.969999643042684,0.03845221749747592,1.245713920036103,1.2841661375335789,1.8282053079736507,0.005590079799583065,5.0
2026-08-10 14:20:00,-0.027779192,0.561749406081903,0.9699999783188105,15.969999643042684,0.03845221749747592,1.245713920036103,1.2841661375335789,1.8181363518830753,0.005590079799583065,5.0
2026-08-10 14:30:00,-0.027779192,0.5476027997710693,0.9699999783188105,15.969999643042684,0.03845221749747592,1.245713920036103,1.2841661375335789,1.8039897455722416,0.005590079799583065,5.0
2026-08-10 14:40:00,-0.027779192,0.529408407711748,0.9699999783188105,15.969999643042684,0.03845221749747592,1.245713920036103,1.2841661375335789,1.7857953535129203,0.005590079799583065,5.0
2026-08-10 14:50:00,-0.027779192,0.507232208217655,0.9699999783188105,15.969999643042684,0.03845221749747592,1.245713920036103,1.2841661375335789,1.7636191540188273,0.005590079799583065,5.0
2026-08-10 15:00:00,-0.027779192,0.4811762012238116,1.0399999767541885,15.689999649301171,0.039117421536932054,1.267264144848733,1.306381566385665,1.75977857587707,0.005590079799583065,5.0
2026-08-10 15:10:00,-0.027779192,0.45137782442403074,1.0399999767541885,15.689999649301171,0.039117421536932054,1.267264144848733,1.306381566385665,1.7299801990772892,0.005590079799583065,5.0
2026-08-10 15:20:00,-0.027779192,0.41800892127979067,1.0399999767541885,15.689999649301171,0.039117421536932054,1.267264144848733,1.306381566385665,1.696611295933049,0.005590079799583065,5.0
2026-08-10 15:30:00,-0.027779192,0.3812743063427132,1.0399999767541885,15.689999649301171,0.039117421536932054,1.267264144848733,1.306381566385665,1.6598766809959717,0.005590079799583065,5.0
2026-08-10 15:40:00,-0.027779192,0.3414099696882179,1.0399999767541885,15.689999649301171,0.039117421536932054,1.267264144848733,1.306381566385665,1.6200123443414762,0.005590079799583065,5.0
2026-08-10 15:50:00,-0.027779192,0.2986809544214441,1.0399999767541885,15.689999649301171,0.039117421536932054,1.267264144848733,1.306381566385665,1.5772833290747026,0.005590079799583065,5.0
2026-08-10 16:00:00,-0.027779192,0.2533789321346994,1.0399999767541885,15.689999649301171,0.039117421536932054,1.267264144848733,1.306381566385665,1.5319813067879577,0.005590079799583065,5.0
2026-08-10 16:10:00,-0.027779192,0.205819491987921,1.0399999767541885,15.689999649301171,0.039117421536932054,1.267264144848733,1.306381566385665,1.4844218666411795,0.005590079799583065,5.0
2026-08-10 16:20:00,-0.027779192,0.15633915337958598,1.0399999767541885,15.689999649301171,0.039117421536932054,1.267264144848733,1.306381566385665,1.4349415280328444,0.005590079799583065,5.0
2026-08-10 16:30:00,-0.027779192,0.10529211017788362,1.0399999767541885,15.689999649301171,0.039117421536932054,1.267264144848733,1.306381566385665,1.383894484831142,0.005590079799583065,5.0
2026-08-10 16:40:00,-0.027779192,0.05304671838372088,1.0399999767541885,15.689999649301171,0.039117421536932054,1.267264144848733,1.306381566385665,1.3316490930369793,0.005590079799583065,5.0
2026-08-10 16:50:00,-0.027779192,-1.8251569390755064e-05,1.0399999767541885,15.689999649301171,0.039117421536932054,1.267264144848733,1.306381566385665,1.2785841230838677,0.005590079799583065,5.0
2026-08-10 17:00:00,-0.027779192,-0.05351756253067375,1.0399999767541885,15.689999649301171,0.039117421536932054,1.267264144848733,1.306381566385665,1.2250848121225846,0.005590079799583065,5.0
2026-08-10 17:10:00,-0.027779192,-0.10706360517428676,1.0399999767541885,15.689999649301171,0.039117421536932054,1.267264144848733,1.306381566385665,1.1715387694789716,0.005590079799583065,5.0
2026-08-10 17:20:00,-0.027779192,-0.16027056749485635,1.0399999767541885,15.689999649301171,0.039117421536932054,1.267264144848733,1.306381566385665,1.118331807158402,0.005590079799583065,5.0
2026-08-10 17:30:00,-0.027779192,-0.21275858936041786,1.0399999767541885,15.689999649301171,0.039117421536932054,1.267264144848733,1.306381566385665,1.0658437852928406,0.005590079799583065,5.0
2026-08-10 17:40:00,-0.027779192,-0.26415779878504536,1.0399999767541885,15.689999649301171,0.039117421536932054,1.267264144848733,1.306381566385665,1.014444575868213,0.005590079799583065,5.0
2026-08-10 17:50:00,-0.027779192,-0.31411211844146925,1.0399999767541885,15.689999649301171,0.039117421536932054,1.267264144848733,1.306381566385665,0.9644902562117892,0.005590079799583065,5.0
2026-08-10 18:00:00,-0.027779192,-0.3622827316440773,1.029999976977706,15.429999655112624,0.03828380939218462,1.2402581014991862,1.278541910891371,0.888479987514887,0.005590079799583065,5.0
2026-08-10 18:10:00,-0.027779192,-0.40835110586080836,1.029999976977706,15.429999655112624,0.03828380939218462,1.2402581014991862,1.278541910891371,0.842411613298156,0.005590079799583065,5.0
2026-08-10 18:20:00,-0.027779192,-0.4520214902039039,1.029999976977706,15.429999655112624,0.03828380939218462,1.2402581014991862,1.278541910891371,0.7987412289550604,0.005590079799583065,5.0
2026-08-10 18:30:00,-0.027779192,-0.4930228293861372,1.029999976977706,15.429999655112624,0.03828380939218462,1.2402581014991862,1.278541910891371,0.7577398897728271,0.005590079799583065,5.0
2026-08-10 18:40:00,-0.027779192,-0.5311100687227766,1.029999976977706,15.429999655112624,0.03828380939218462,1.2402581014991862,1.278541910891371,0.7196526504361878,0.005590079799583065,5.0
2026-08-10 18:50:00,-0.027779192,-0.5660648603510757,1.029999976977706,15.429999655112624,0.03828380939218462,1.2402581014991862,1.278541910891371,0.6846978588078886,0.005590079799583065,5.0
2026-08-10 19:00:00,-0.027779192,-0.5976957162970323,1.029999976977706,15.429999655112624,0.03828380939218462,1.2402581014991862,1.278541910891371,0.653067002861932,0.005590079799583065,5.0
2026-08-10 19:10:00,-0.027779192,-0.6258376865294868,1.029999976977706,15.429999655112624,0.03828380939218462,1.2402581014991862,1.278541910891371,0.6249250326294775,0.005590079799583065,5.0
2026-08-10 19:20:00,-0.027779192,-0.6503516660390157,1.029999976977706,15.429999655112624,0.03828380939218462,1.2402581014991862,1.278541910891371,0.6004110531199486,0.005590079799583065,5.0
2026-08-10 19:30:00,-0.027779192,-0.671123452076446,1.029999976977706,15.429999655112624,0.03828380939218462,1.2402581014991862,1.278541910891371,0.5796392670825183,0.005590079799583065,5.0
2026-08-10 19:40:00,-0.027779192,-0.6880626789104605,1.029999976977706,15.429999655112624,0.03828380939218462,1.2402581014991862,1.278541910891371,0.5627000402485038,0.005590079799583065,5.0
2026-08-10 19:50:00,-0.027779192,-0.7011017523732054,1.029999976977706,15.429999655112624,0.03828380939218462,1.2402581014991862,1.278541910891371,0.5496609667857589,0.005590079799583065,5.0
2026-08-10 20:00:00,-0.027779192,-0.7101948903252262,1.029999976977706,15.429999655112624,0.03828380939218462,1.2402581014991862,1.278541910891371,0.5405678288337381,0.005590079799583065,5.0
2026-08-10 20:10:00,-0.027779192,-0.7153173497056672,1.029999976977706,15.429999655112624,0.03828380939218462,1.2402581014991862,1.278541910891371,0.5354453694532971,0.005590079799583065,5.0
2026-08-10 20:20:00,-0.027779192,-0.7164648885061827,1.029999976977706,15.429999655112624,0.03828380939218462,1.2402581014991862,1.278541910891371,0.5342978306527816,0.005590079799583065,5.0
2026-08-10 20:30:00,-0.027779192,-0.7136534752488839,1.029999976977706,15.429999655112624,0.03828380939218462,1.2402581014991862,1.278541910891371,0.5371092439100804,0.005590079799583065,5.0
2026-08-10 20:40:00,-0.027779192,-0.706919222769994,1.029999976977706,15.429999655112624,0.03828380939218462,1.2402581014991862,1.278541910891371,0.5438434963889703,0.005590079799583065,5.0
2026-08-10 20:50:00,-0.027779192,-0.696318491369802,1.029999976977706,15.429999655112624,0.03828380939218462,1.2402581014991862,1.278541910891371,0.5544442277891624,0.005590079799583065,5.0
2026-08-10 21:00:00,-0.027779192,-0.6819280814157205,0.9999999776482582,14.94999966584146,0.036548688670967,1.1840464139546187,1.2205951026255857,0.5108878294774586,0.005590079799583065,5.0
2026-08-10 21:10:00,-0.027779192,-0.6638454204163015,0.9999999776482582,14.94999966584146,0.036548688670967,1.1840464139546187,1.2205951026255857,0.5289704904768776,0.005590079799583065,5.0
2026-08-10 21:20:00,-0.027779192,-0.6421886452906105,0.9999999776482582,14.94999966584146,0.036548688670967,1.1840464139546187,1.2205951026255857,0.5506272656025686,0.005590079799583065,5.0
2026-08-10 21:30:00,-0.027779192,-0.6170964879082286,0.9999999776482582,14.94999966584146,0.036548688670967,1.1840464139546187,1.2205951026255857,0.5757194229849505,0.005590079799583065,5.0
2026-08-10 21:40:00,-0.027779192,-0.5887278896734227,0.9999999776482582,14.94999966584146,0.036548688670967,1.1840464139546187,1.2205951026255857,0.6040880212197564,0.005590079799583065,5.0
2026-08-10 21:50:00,-0.027779192,-0.5572612970886164,0.9999999776482582,14.94999966584146,0.036548688670967,1.1840464139546187,1.2205951026255857,0.6355546138045627,0.005590079799583065,5.0
2026-08-10 22:00:00,-0.027779192,-0.5228936221185915,0.9999999776482582,14.94999966584146,0.036548688670967,1.1840464139546187,1.2205951026255857,0.6699222887745876,0.005590079799583065,5.0
2026-08-10 22:10:00,-0.027779192,-0.48583888466909136,0.9999999776482582,14.94999966584146,0.036548688670967,1.1840464139546187,1.2205951026255857,0.7069770262240878,0.005590079799583065,5.0
2026-08-10 22:20:00,-0.027779192,-0.4463265867652943,0.9999999776482582,14.94999966584146,0.036548688670967,1.1840464139546187,1.2205951026255857,0.7464893241278847,0.005590079799583065,5.0
2026-08-10 22:30:00,-0.027779192,-0.404599894324546,0.9999999776482582,14.94999966584146,0.036548688670967,1.1840464139546187,1.2205951026255857,0.788216016568633,0.005590079799583065,5.0
2026-08-10 22:40:00,-0.027779192,-0.36091372109091746,0.9999999776482582,14.94999966584146,0.036548688670967,1.1840464139546187,1.2205951026255857,0.8319021898022616,0.005590079799583065,5.0
2026-08-10 22:50:00,-0.027779192,-0.3155328169661036,0.9999999776482582,14.94999966584146,0.036548688670967,1.1840464139546187,1.2205951026255857,0.8772830939270755,0.005590079799583065,5.0
2026-08-10 23:00:00,-0.027779192,-0.2687299597156477,0.9999999776482582,14.94999966584146,0.036548688670967,1.1840464139546187,1.2205951026255857,0.9240859511775313,0.005590079799583065,5.0
2026-08-10 23:10:00,-0.027779192,-0.2207843344044052,0.9999999776482582,14.94999966584146,0.036548688670967,1.1840464139546187,1.2205951026255857,0.9720315764887739,0.005590079799583065,5.0
2026-08-10 23:20:00,-0.027779192,-0.17198016064229735,0.9999999776482582,14.94999966584146,0.036548688670967,1.1840464139546187,1.2205951026255857,1.0208357502508818,0.005590079799583065,5.0
2026-08-10 23:30:00,-0.027779192,-0.12260559659006502,0.9999999776482582,14.94999966584146,0.036548688670967,1.1840464139546187,1.2205951026255857,1.070210314303114,0.005590079799583065,5.0
2026-08-10 23:40:00,-0.027779192,-0.07295191312077616,0.9999999776482582,14.94999966584146,0.036548688670967,1.1840464139546187,1.2205951026255857,1.119863997772403,0.005590079799583065,5.0
2026-08-10 23:50:00,-0.027779192,-0.02331289656781505,0.9999999776482582,14.94999966584146,0.036548688670967,1.1840464139546187,1.2205951026255857,1.169503014325364,0.005590079799583065,5.0
2026-08-11 00:00:00,-0.024054665,0.026015593650569546,0.979999978095293,14.569999674335122,0.035261695962823775,1.1423524666127207,1.1776141625755445,1.1795750911076581,0.005590079799583065,5.0
2026-08-11 00:10:00,-0.024054665,0.0747360106598127,0.979999978095293,14.569999674335122,0.035261695962823775,1.1423524666127207,1.1776141625755445,1.2282955081169014,0.005590079799583065,5.0
2026-08-11 00:20:00,-0.024054665,0.12254956250930278,0.979999978095293,14.569999674335122,0.035261695962823775,1.1423524666127207,1.1776141625755445,1.2761090599663913,0.005590079799583065,5.0
2026-08-11 00:30:00,-0.024054665,0.1691568283881413,0.979999978095293,14.569999674335122,0.035261695962823775,1.1423524666127207,1.1776141625755445,1.32271632584523,0.005590079799583065,5.0
2026-08-11 00:40:00,-0.024054665,0.21425865781127343,0.979999978095293,14.569999674335122,0.035261695962823775,1.1423524666127207,1.1776141625755445,1.3678181552683621,0.005590079799583065,5.0
2026-08-11 00:50:00,-0.024054665,0.2575574426803404,0.979999978095293,14.569999674335122,0.035261695962823775,1.1423524666127207,1.1776141625755445,1.411116940137429,0.005590079799583065,5.0
2026-08-11 01:00:00,-0.024054665,0.2987588235191824,0.979999978095293,14.569999674335122,0.035261695962823775,1.1423524666127207,1.1776141625755445,1.4523183209762711,0.005590079799583065,5.0
2026-08-11 01:10:00,-0.024054665,0.3375738562626229,0.979999978095293,14.569999674335122,0.035261695962823775,1.1423524666127207,1.1776141625755445,1.4911333537197116,0.005590079799583065,5.0
2026-08-11 01:20:00,-0.024054665,0.37372162742573667,0.979999978095293,14.569999674335122,0.035261695962823775,1.1423524666127207,1.1776141625755445,1.5272811248828253,0.005590079799583065,5.0
2026-08-11 01:30:00,-0.024054665,0.4069322677420285,0.979999978095293,14.569999674335122,0.035261695962823775,1.1423524666127207,1.1776141625755445,1.5604917651991173,0.005590079799583065,5.0
2026-08-11 01:40:00,-0.024054665,0.4369502801193466,0.979999978095293,14.569999674335122,0.035261695962823775,1.1423524666127207,1.1776141625755445,1.5905097775764352,0.005590079799583065,5.0
2026-08-11 01:50:00,-0.024054665,0.46353807068577574,0.979999978095293,14.569999674335122,0.035261695962823775,1.1423524666127207,1.1776141625755445,1.6170975681428643,0.005590079799583065,5.0
2026-08-11 02:00:00,-0.024054665,0.48647955354179906,0.979999978095293,14.569999674335122,0.035261695962823775,1.1423524666127207,1.1776141625755445,1.6400390509988876,0.005590079799583065,5.0
2026-08-11 02:10:00,-0.024054665,0.5055836921341215,0.979999978095293,14.569999674335122,0.035261695962823775,1.1423524666127207,1.1776141625755445,1.65914318959121,0.005590079799583065,5.0
2026-08-11 02:20:00,-0.024054665,0.5206878428946579,0.979999978095293,14.569999674335122,0.035261695962823775,1.1423524666127207,1.1776141625755445,1.6742473403517466,0.005590079799583065,5.0
2026-08-11 02:30:00,-0.024054665,0.531660779168083,0.979999978095293,14.569999674335122,0.035261695962823775,1.1423524666127207,1.1776141625755445,1.6852202766251716,0.005590079799583065,5.0
2026-08-11 02:40:00,-0.024054665,0.5384052935169518,0.979999978095293,14.569999674335122,0.035261695962823775,1.1423524666127207,1.1776141625755445,1.6919647909740405,0.005590079799583065,5.0
2026-08-11 02:50:00,-0.024054665,0.5408603019601407,0.979999978095293,14.569999674335122,0.035261695962823775,1.1423524666127207,1.1776141625755445,1.6944197994172292,0.005590079799583065,5.0
2026-08-11 03:00:00,-0.024054665,0.5390024013699779,0.9399999789893627,14.259999681264162,0.03379979445195102,1.0949921014547022,1.1287918959066532,1.6437396321581752,0.005590079799583065,5.0
2026-08-11 03:10:00,-0.024054665,0.5328468586584936,0.9399999789893627,14.259999681264162,0.03379979445195102,1.0949921014547022,1.1287918959066532,1.6375840894466909,0.005590079799583065,5.0
2026-08-11 03:20:00,-0.024054665,0.5224480343951765,0.9399999789893627,14.259999681264162,0.03379979445195102,1.0949921014547022,1.1287918959066532,1.6271852651833738,0.005590079799583065,5.0
2026-08-11 03:30:00,-0.024054665,0.5078992626685429,0.9399999789893627,14.259999681264162,0.03379979445195102,1.0949921014547022,1.1287918959066532,1.61263649345674,0.005590079799583065,5.0
2026-08-11 03:40:00,-0.024054665,0.4893322215315809,0.9399999789893627,14.259999681264162,0.03379979445195102,1.0949921014547022,1.1287918959066532,1.5940694523197783,0.005590079799583065,5.0
2026-08-11 03:50:00,-0.024054665,0.4669158344019905,0.9399999789893627,14.259999681264162,0.03379979445195102,1.0949921014547022,1.1287918959066532,1.5716530651901879,0.005590079799583065,5.0
2026-08-11 04:00:00,-0.024054665,0.44085474270011465,0.9399999789893627,14.259999681264162,0.03379979445195102,1.0949921014547022,1.1287918959066532,1.545591973488312,0.005590079799583065,5.0
2026-08-11 04:10:00,-0.024054665,0.41138738489711,0.9399999789893627,14.259999681264162,0.03379979445195102,1.0949921014547022,1.1287918959066532,1.5161246156853072,0.005590079799583065,5.0
2026-08-11 04:20:00,-0.024054665,0.3787837097612583,0.9399999789893627,14.259999681264162,0.03379979445195102,1.0949921014547022,1.1287918959066532,1.4835209405494556,0.005590079799583065,5.0
2026-08-11 04:30:00,-0.024054665,0.3433425429150123,0.9399999789893627,14.259999681264162,0.03379979445195102,1.0949921014547022,1.1287918959066532,1.4480797737032096,0.005590079799583065,5.0
2026-08-11 04:40:00,-0.024054665,0.3053886195903128,0.9399999789893627,14.259999681264162,0.03379979445195102,1.0949921014547022,1.1287918959066532,1.4101258503785101,0.005590079799583065,5.0
2026-08-11 04:50:00,-0.024054665,0.2652692931700816,0.9399999789893627,14.259999681264162,0.03379979445195102,1.0949921014547022,1.1287918959066532,1.3700065239582788,0.005590079799583065,5.0
2026-08-11 05:00:00,-0.024054665,0.22335093132390568,0.9399999789893627,14.259999681264162,0.03379979445195102,1.0949921014547022,1.1287918959066532,1.328088162112103,0.005590079799583065,5.0
2026-08-11 05:10:00,-0.024054665,0.18001501894635089,0.9399999789893627,14.259999681264162,0.03379979445195102,1.0949921014547022,1.1287918959066532,1.2847522497345483,0.005590079799583065,5.0
2026-08-11 05:20:00,-0.024054665,0.13565400004727207,0.9399999789893627,14.259999681264162,0.03379979445195102,1.0949921014547022,1.1287918959066532,1.2403912308354694,0.005590079799583065,5.0
2026-08-11 05:30:00,-0.024054665,0.09066690786039738,0.9399999789893627,14.259999681264162,0.03379979445195102,1.0949921014547022,1.1287918959066532,1.1954041386485947,0.005590079799583065,5.0
2026-08-11 05:40:00,-0.024054665,0.04545485157876608,0.9399999789893627,14.259999681264162,0.03379979445195102,1.0949921014547022,1.1287918959066532,1.1501920823669634,0.005590079799583065,5.0
2026-08-11 05:50:00,-0.024054665,0.0004164477726750815,0.9399999789893627,14.259999681264162,0.03379979445195102,1.0949921014547022,1.1287918959066532,1.1051536785608724,0.005590079799583065,5.0
2026-08-11 06:00:00,-0.024054665,-0.044056699075064494,0.909999979659915,13.959999687969685,0.032556425906041395,1.0547114204906891,1.0872678463967305,1.01915648220321,0.005590079799583065,5.0
2026-08-11 06:10:00,-0.024054665,-0.08758435080996789,0.909999979659915,13.959999687969685,0.032556425906041395,1.0547114204906891,1.0872678463967305,0.9756288304683067,0.005590079799583065,5.0
2026-08-11 06:20:00,-0.024054665,-0.12980170442560654,0.909999979659915,13.959999687969685,0.032556425906041395,1.0547114204906891,1.0872678463967305,0.933411476852668,0.005590079799583065,5.0
2026-08-11 06:30:00,-0.024054665,-0.17036305972894628,0.909999979659915,13.959999687969685,0.032556425906041395,1.0547114204906891,1.0872678463967305,0.8928501215493283,0.005590079799583065,5.0
2026-08-11 06:40:00,-0.024054665,-0.20894498400096667,0.909999979659915,13.959999687969685,0.032556425906041395,1.0547114204906891,1.0872678463967305,0.8542681972773079,0.005590079799583065,5.0
2026-08-11 06:50:00,-0.024054665,-0.24524889433621114,0.909999979659915,13.959999687969685,0.032556425906041395,1.0547114204906891,1.0872678463967305,0.8179642869420635,0.005590079799583065,5.0
2026-08-11 07:00:00,-0.024054665,-0.2790030082250251,0.909999979659915,13.959999687969685,0.032556425906041395,1.0547114204906891,1.0872678463967305,0.7842101730532495,0.005590079799583065,5.0
2026-08-11 07:10:00,-0.024054665,-0.3099636479874923,0.909999979659915,13.959999687969685,0.032556425906041395,1.0547114204906891,1.0872678463967305,0.7532495332907823,0.005590079799583065,5.0
2026-08-11 07:20:00,-0.024054665,-0.3379159213081613,0.909999979659915,13.959999687969685,0.032556425906041395,1.0547114204906891,1.0872678463967305,0.7252972599701133,0.005590079799583065,5.0
2026-08-11 07:30:00,-0.024054665,-0.36267383588317376,0.909999979659915,13.959999687969685,0.032556425906041395,1.0547114204906891,1.0872678463967305,0.7005393453951008,0.005590079799583065,5.0
2026-08-11 07:40:00,-0.024054665,-0.3840799368035286,0.909999979659915,13.959999687969685,0.032556425906041395,1.0547114204906891,1.0872678463967305,0.679133244474746,0.005590079799583065,5.0
2026-08-11 07:50:00,-0.024054665,-0.40200457861156613,0.909999979659915,13.959999687969685,0.032556425906041395,1.0547114204906891,1.0872678463967305,0.6612086026667084,0.005590079799583065,5.0
2026-08-11 08:00:00,-0.024054665,-0.4163449571315031,0.909999979659915,13.959999687969685,0.032556425906041395,1.0547114204906891,1.0872678463967305,0.6468682241467715,0.005590079799583065,5.0
2026-08-11 08:10:00,-0.024054665,-0.4270240282603168,0.909999979659915,13.959999687969685,0.032556425906041395,1.0547114204906891,1.0872678463967305,0.6361891530179578,0.005590079799583065,5.0
2026-08-11 08:20:00,-0.024054665,-0.4339894315162614,0.909999979659915,13.959999687969685,0.032556425906041395,1.0547114204906891,1.0872678463967305,0.6292237497620132,0.005590079799583065,5.0
2026-08-11 08:30:00,-0.024054665,-0.437212516382008,0.909999979659915,13.959999687969685,0.032556425906041395,1.0547114204906891,1.0872678463967305,0.6260006648962666,0.005590079799583065,5.0
2026-08-11 08:40:00,-0.024054665,-0.4366875413264282,0.909999979659915,13.959999687969685,0.032556425906041395,1.0547114204906891,1.0872678463967305,0.6265256399518464,0.005590079799583065,5.0
2026-08-11 08:50:00,-0.024054665,-0.43243108182991186,0.909999979659915,13.959999687969685,0.032556425906041395,1.0547114204906891,1.0872678463967305,0.6307820994483627,0.005590079799583065,5.0
2026-08-11 09:00:00,-0.024054665,-0.4244816481703419,0.8699999805539846,13.639999695122242,0.031103166377647557,1.0076310245664712,1.0387341909441188,0.590197877655321,0.005590079799583065,5.0
2026-08-11 09:10:00,-0.024054665,-0.41289948001041843,0.8699999805539846,13.639999695122242,0.031103166377647557,1.0076310245664712,1.0387341909441188,0.6017800458152445,0.005590079799583065,5.0
2026-08-11 09:20:00,-0.024054665,-0.3977664562275289,0.8699999805539846,13.639999695122242,0.031103166377647557,1.0076310245664712,1.0387341909441188,0.616913069598134,0.005590079799583065,5.0
2026-08-11 09:30:00,-0.024054665,-0.37918603816724683,0.8699999805539846,13.639999695122242,0.031103166377647557,1.0076310245664712,1.0387341909441188,0.6354934876584161,0.005590079799583065,5.0
2026-08-11 09:40:00,-0.024054665,-0.3572831543574931,0.8699999805539846,13.639999695122242,0.031103166377647557,1.0076310245664712,1.0387341909441188,0.6573963714681699,0.005590079799583065,5.0
2026-08-11 09:50:00,-0.024054665,-0.3322039358804246,0.8699999805539846,13.639999695122242,0.031103166377647557,1.0076310245664712,1.0387341909441188,0.6824755899452384,0.005590079799583065,5.0
2026-08-11 10:00:00,-0.024054665,-0.30411522367379,0.8699999805539846,13.639999695122242,0.031103166377647557,1.0076310245664712,1.0387341909441188,0.7105643021518728,0.005590079799583065,5.0
2026-08-11 10:10:00,-0.024054665,-0.2732037905303822,0.8699999805539846,13.639999695122242,0.031103166377647557,1.0076310245664712,1.0387341909441188,0.7414757352952808,0.005590079799583065,5.0
2026-08-11 10:20:00,-0.024054665,-0.23967524928887216,0.8699999805539846,13.639999695122242,0.031103166377647557,1.0076310245664712,1.0387341909441188,0.7750042765367907,0.005590079799583065,5.0
2026-08-11 10:30:00,-0.024054665,-0.2037526508588471,0.8699999805539846,13.639999695122242,0.031103166377647557,1.0076310245664712,1.0387341909441188,0.8109268749668158,0.005590079799583065,5.0
2026-08-11 10:40:00,-0.024054665,-0.16567480844328417,0.8699999805539846,13.639999695122242,0.031103166377647557,1.0076310245664712,1.0387341909441188,0.8490047173823787,0.005590079799583065,5.0
2026-08-11 10:50:00,-0.024054665,-0.12569441298762452,0.8699999805539846,13.639999695122242,0.031103166377647557,1.0076310245664712,1.0387341909441188,0.8889851128380384,0.005590079799583065,5.0
2026-08-11 11:00:00,-0.024054665,-0.08407602709566418,0.8699999805539846,13.639999695122242,0.031103166377647557,1.0076310245664712,1.0387341909441188,0.9306034987299987,0.005590079799583065,5.0
2026-08-11 11:10:00,-0.024054665,-0.04109405709007364,0.8699999805539846,13.639999695122242,0.031103166377647557,1.0076310245664712,1.0387341909441188,0.9735854687355893,0.005590079799583065,5.0
2026-08-11 11:20:00,-0.024054665,0.0029691954220447208,0.8699999805539846,13.639999695122242,0.031103166377647557,1.0076310245664712,1.0387341909441188,1.0176487212477077,0.005590079799583065,5.0
2026-08-11 11:30:00,-0.024054665,0.04782531093062442,0.8699999805539846,13.639999695122242,0.031103166377647557,1.0076310245664712,1.0387341909441188,1.0625048367562873,0.005590079799583065,5.0
2026-08-11 11:40:00,-0.024054665,0.0931812870668697,0.8699999805539846,13.639999695122242,0.031103166377647557,1.0076310245664712,1.0387341909441188,1.1078608128925327,0.005590079799583065,5.0
2026-08-11 11:50:00,-0.024054665,0.13874078864383413,0.8699999805539846,13.639999695122242,0.031103166377647557,1.0076310245664712,1.0387341909441188,1.153420314469497,0.005590079799583065,5.0
2026-08-11 12:00:00,-0.024054665,0.1842051044829815,0.8399999812245369,13.389999700710177,0.03000204284481107,0.9719585717976867,1.0019606146424977,1.1621110540070234,0.005590079799583065,5.0
2026-08-11 12:10:00,-0.024054665,0.2292738387674917,0.8399999812245369,13.389999700710177,0.03000204284481107,0.9719585717976867,1.0019606146424977,1.2071797882915336,0.005590079799583065,5.0
2026-08-11 12:20:00,-0.024054665,0.2736453993134022,0.8399999812245369,13.389999700710177,0.03000204284481107,0.9719585717976867,1.0019606146424977,1.2515513488374441,0.005590079799583065,5.0
2026-08-11 12:30:00,-0.024054665,0.3170173738967069,0.8399999812245369,13.389999700710177,0.03000204284481107,0.9719585717976867,1.0019606146424977,1.2949233234207487,0.005590079799583065,5.0
2026-08-11 12:40:00,-0.024054665,0.35908690630543044,0.8399999812245369,13.389999700710177,0.03000204284481107,0.9719585717976867,1.0019606146424977,1.3369928558294724,0.005590079799583065,5.0
2026-08-11 12:50:00,-0.024054665,0.3995511933312924,0.8399999812245369,13.389999700710177,0.03000204284481107,0.9719585717976867,1.0019606146424977,1.3774571428553344,0.005590079799583065,5.0
2026-08-11 13:00:00,-0.024054665,0.4381082216715552,0.8399999812245369,13.389999700710177,0.03000204284481107,0.9719585717976867,1.0019606146424977,1.4160141711955971,0.005590079799583065,5.0
2026-08-11 13:10:00,-0.024054665,0.47445784969213706,0.8399999812245369,13.389999700710177,0.03000204284481107,0.9719585717976867,1.0019606146424977,1.4523637992161789,0.005590079799583065,5.0
2026-08-11 13:20:00,-0.024054665,0.5083033143120675,0.8399999812245369,13.389999700710177,0.03000204284481107,0.9719585717976867,1.0019606146424977,1.4862092638361095,0.005590079799583065,5.0
2026-08-11 13:30:00,-0.024054665,0.5393532105233171,0.8399999812245369,13.389999700710177,0.03000204284481107,0.9719585717976867,1.0019606146424977,1.517259160047359,0.005590079799583065,5.0
2026-08-11 13:40:00,-0.024054665,0.5673239530058072,0.8399999812245369,13.389999700710177,0.03000204284481107,0.9719585717976867,1.0019606146424977,1.545229902529849,0.005590079799583065,5.0
2026-08-11 13:50:00,-0.024054665,0.5919426898192749,0.8399999812245369,13.389999700710177,0.03000204284481107,0.9719585717976867,1.0019606146424977,1.5698486393433169,0.005590079799583065,5.0
2026-08-11 14:00:00,-0.024054665,0.6129506005832885,0.8399999812245369,13.389999700710177,0.03000204284481107,0.9719585717976867,1.0019606146424977,1.5908565501073304,0.005590079799583065,5.0
2026-08-11 14:10:00,-0.024054665,0.6301064794846252,0.8399999812245369,13.389999700710177,0.03000204284481107,0.9719585717976867,1.0019606146424977,1.608012429008667,0.005590079799583065,5.0
2026-08-11 14:20:00,-0.024054665,0.6431904793676918,0.8399999812245369,13.389999700710177,0.03000204284481107,0.9719585717976867,1.0019606146424977,1.6210964288917338,0.005590079799583065,5.0
2026-08-11 14:30:00,-0.024054665,0.6520078790206222,0.8399999812245369,13.389999700710177,0.03000204284481107,0.9719585717976867,1.0019606146424977,1.6299138285446642,0.005590079799583065,5.0
2026-08-11 14:40:00,-0.024054665,0.6563927322361586,0.8399999812245369,13.389999700710177,0.03000204284481107,0.9719585717976867,1.0019606146424977,1.6342986817602005,0.005590079799583065,5.0
2026-08-11 14:50:00,-0.024054665,0.6562112640114003,0.8399999812245369,13.389999700710177,0.03000204284481107,0.9719585717976867,1.0019606146424977,1.634117213535442,0.005590079799583065,5.0
2026-08-11 15:00:00,-0.024054665,0.65136489497636,0.8399999812245369,13.189999705180526,0.02955391673809246,0.9574408933541066,0.9869948100921991,1.614305039950103,0.005590079799583065,5.0
2026-08-11 15:10:00,-0.024054665,0.6417927977009413,0.8399999812245369,13.189999705180526,0.02955391673809246,0.9574408933541066,0.9869948100921991,1.6047329426746846,0.005590079799583065,5.0
2026-08-11 15:20:00,-0.024054665,0.6274739151294185,0.8399999812245369,13.189999705180526,0.02955391673809246,0.9574408933541066,0.9869948100921991,1.5904140601031618,0.005590079799583065,5.0
2026-08-11 15:30:00,-0.024054665,0.6084283992506591,0.8399999812245369,13.189999705180526,0.02955391673809246,0.9574408933541066,0.9869948100921991,1.5713685442244023,0.005590079799583065,5.0
2026-08-11 15:40:00,-0.024054665,0.5847184542537006,0.8399999812245369,13.189999705180526,0.02955391673809246,0.9574408933541066,0.9869948100921991,1.5476585992274439,0.005590079799583065,5.0
2026-08-11 15:50:00,-0.024054665,0.5564485906633838,0.8399999812245369,13.189999705180526,0.02955391673809246,0.9574408933541066,0.9869948100921991,1.519388735637127,0.005590079799583065,5.0
2026-08-11 16:00:00,-0.024054665,0.5237653135331957,0.8399999812245369,13.189999705180526,0.02955391673809246,0.9574408933541066,0.9869948100921991,1.4867054585069388,0.005590079799583065,5.0
2026-08-11 16:10:00,-0.024054665,0.4868562778206762,0.8399999812245369,13.189999705180526,0.02955391673809246,0.9574408933541066,0.9869948100921991,1.4497964227944196,0.005590079799583065,5.0
2026-08-11 16:20:00,-0.024054665,0.44594894790710704,0.8399999812245369,13.189999705180526,0.02955391673809246,0.9574408933541066,0.9869948100921991,1.4088890928808504,0.005590079799583065,5.0
2026-08-11 16:30:00,-0.024054665,0.4013087964416868,0.8399999812245369,13.189999705180526,0.02955391673809246,0.9574408933541066,0.9869948100921991,1.36424894141543,0.005590079799583065,5.0
2026-08-11 16:40:00,-0.024054665,0.3532370723660997,0.8399999812245369,13.189999705180526,0.02955391673809246,0.9574408933541066,0.9869948100921991,1.316177217339843,0.005590079799583065,5.0
2026-08-11 16:50:00,-0.024054665,0.3020681607324202,0.8399999812245369,13.189999705180526,0.02955391673809246,0.9574408933541066,0.9869948100921991,1.2650083057061634,0.005590079799583065,5.0
2026-08-11 17:00:00,-0.024054665,0.24816655048889563,0.8399999812245369,13.189999705180526,0.02955391673809246,0.9574408933541066,0.9869948100921991,1.2111066954626388,0.005590079799583065,5.0
2026-08-11 17:10:00,-0.024054665,0.19192342248869387,0.8399999812245369,13.189999705180526,0.02955391673809246,0.9574408933541066,0.9869948100921991,1.1548635674624372,0.005590079799583065,5.0
2026-08-11 17:20:00,-0.024054665,0.13375287047404277,0.8399999812245369,13.189999705180526,0.02955391673809246,0.9574408933541066,0.9869948100921991,1.096693015447786,0.005590079799583065,5.0
2026-08-11 17:30:00,-0.024054665,0.07408777363900863,0.8399999812245369,13.189999705180526,0.02955391673809246,0.9574408933541066,0.9869948100921991,1.0370279186127518,0.005590079799583065,5.0
2026-08-11 17:40:00,-0.024054665,0.01337535055875908,0.8399999812245369,13.189999705180526,0.02955391673809246,0.9574408933541066,0.9869948100921991,0.9763154955325023,0.005590079799583065,5.0
2026-08-11 17:50:00,-0.024054665,-0.047927559523468756,0.8399999812245369,13.189999705180526,0.02955391673809246,0.9574408933541066,0.9869948100921991,0.9150125854502745,0.005590079799583065,5.0
2026-08-11 18:00:00,-0.024054665,-0.10935942292711355,0.8499999810010195,12.879999712109566,0.029030594712666582,0.9404871368697818,0.9695177315824484,0.8361036435368789,0.005590079799583065,5.0
2026-08-11 18:10:00,-0.024054665,-0.17045905960499336,0.8499999810010195,12.879999712109566,0.029030594712666582,0.9404871368697818,0.9695177315824484,0.7750040068589992,0.005590079799583065,5.0
2026-08-11 18:20:00,-0.024054665,-0.23077070861632756,0.8499999810010195,12.879999712109566,0.029030594712666582,0.9404871368697818,0.9695177315824484,0.7146923578476649,0.005590079799583065,5.0
2026-08-11 18:30:00,-0.024054665,-0.2898489915596344,0.8499999810010195,12.879999712109566,0.029030594712666582,0.9404871368697818,0.9695177315824484,0.6556140749043581,0.005590079799583065,5.0
2026-08-11 18:40:00,-0.024054665,-0.3472636462911571,0.8499999810010195,12.879999712109566,0.029030594712666582,0.9404871368697818,0.9695177315824484,0.5981994201728353,0.005590079799583065,5.0
2026-08-11 18:50:00,-0.024054665,-0.4026039030676336,0.8499999810010195,12.879999712109566,0.029030594712666582,0.9404871368697818,0.9695177315824484,0.5428591633963589,0.005590079799583065,5.0
2026-08-11 19:00:00,-0.024054665,-0.45548238449048944,0.8499999810010195,12.879999712109566,0.029030594712666582,0.9404871368697818,0.9695177315824484,0.48998068197350303,0.005590079799583065,5.0
2026-08-11 19:10:00,-0.024054665,-0.5055384292772703,0.8499999810010195,12.879999712109566,0.029030594712666582,0.9404871368697818,0.9695177315824484,0.43992463718672215,0.005590079799583065,5.0
2026-08-11 19:20:00,-0.024054665,-0.5524407667707975,0.8499999810010195,12.879999712109566,0.029030594712666582,0.9404871368697818,0.9695177315824484,0.393022299693195,0.005590079799583065,5.0
2026-08-11 19:30:00,-0.024054665,-0.5958895026811025,0.8499999810010195,12.879999712109566,0.029030594712666582,0.9404871368697818,0.9695177315824484,0.34957356378288995,0.005590079799583065,5.0
2026-08-11 19:40:00,-0.024054665,-0.6356174136629744,0.8499999810010195,12.879999712109566,0.029030594712666582,0.9404871368697818,0.9695177315824484,0.30984565280101806,0.005590079799583065,5.0
2026-08-11 19:50:00,-0.024054665,-0.6713905862352781,0.8499999810010195,12.879999712109566,0.029030594712666582,0.9404871368697818,0.9695177315824484,0.27407248022871433,0.005590079799583065,5.0
2026-08-11 20:00:00,-0.024054665,-0.7030084702968042,0.8499999810010195,12.879999712109566,0.029030594712666582,0.9404871368697818,0.9695177315824484,0.24245459616718823,0.005590079799583065,5.0
2026-08-11 20:10:00,-0.024054665,-0.7303034464050789,0.8499999810010195,12.879999712109566,0.029030594712666582,0.9404871368697818,0.9695177315824484,0.21515962005891354,0.005590079799583065,5.0
2026-08-11 20:20:00,-0.024054665,-0.7531400258816237,0.8499999810010195,12.879999712109566,0.029030594712666582,0.9404871368697818,0.9695177315824484,0.19232304058236882,0.005590079799583065,5.0
2026-08-11 20:30:00,-0.024054665,-0.7714138121429011,0.8499999810010195,12.879999712109566,0.029030594712666582,0.9404871368697818,0.9695177315824484,0.17404925432109142,0.005590079799583065,5.0
2026-08-11 20:40:00,-0.024054665,-0.7850503494864043,0.8499999810010195,12.879999712109566,0.029030594712666582,0.9404871368697818,0.9695177315824484,0.1604127169775882,0.005590079799583065,5.0
2026-08-11 20:50:00,-0.024054665,-0.7940039722225476,0.8499999810010195,12.879999712109566,0.029030594712666582,0.9404871368697818,0.9695177315824484,0.15145909424144488,0.005590079799583065,5.0
2026-08-11 21:00:00,-0.024054665,-0.7982567440743765,0.8399999812245369,12.669999716803432,0.02838878886062407,0.9196949294007983,0.9480837182614223,0.12577230906858994,0.005590079799583065,5.0
2026-08-11 21:10:00,-0.024054665,-0.7978175475893798,0.8399999812245369,12.669999716803432,0.02838878886062407,0.9196949294007983,0.9480837182614223,0.12621150555358662,0.005590079799583065,5.0
2026-08-11 21:20:00,-0.024054665,-0.7927213491445881,0.8399999812245369,12.669999716803432,0.02838878886062407,0.9196949294007983,0.9480837182614223,0.13130770399837832,0.005590079799583065,5.0
2026-08-11 21:30:00,-0.024054665,-0.7830286306341441,0.8399999812245369,12.669999716803432,0.02838878886062407,0.9196949294007983,0.9480837182614223,0.1410004225088224,0.005590079799583065,5.0
2026-08-11 21:40:00,-0.024054665,-0.768824947664204,0.8399999812245369,12.669999716803432,0.02838878886062407,0.9196949294007983,0.9480837182614223,0.1552041054787625,0.005590079799583065,5.0
2026-08-11 21:50:00,-0.024054665,-0.7502205494062784,0.8399999812245369,12.669999716803432,0.02838878886062407,0.9196949294007983,0.9480837182614223,0.1738085037366881,0.005590079799583065,5.0
2026-08-11 22:00:00,-0.024054665,-0.7273499796790291,0.8399999812245369,12.669999716803432,0.02838878886062407,0.9196949294007983,0.9480837182614223,0.19667907346393732,0.005590079799583065,5.0
2026-08-11 22:10:00,-0.024054665,-0.7003715738539142,0.8399999812245369,12.669999716803432,0.02838878886062407,0.9196949294007983,0.9480837182614223,0.22365747928905222,0.005590079799583065,5.0
2026-08-11 22:20:00,-0.024054665,-0.669466772303704,0.8399999812245369,12.669999716803432,0.02838878886062407,0.9196949294007983,0.9480837182614223,0.25456228083926247,0.005590079799583065,5.0
2026-08-11 22:30:00,-0.024054665,-0.634839187437249,0.8399999812245369,12.669999716803432,0.02838878886062407,0.9196949294007983,0.9480837182614223,0.2891898657057175,0.005590079799583065,5.0
2026-08-11 22:40:00,-0.024054665,-0.5967133858948512,0.8399999812245369,12.669999716803432,0.02838878886062407,0.9196949294007983,0.9480837182614223,0.3273156672481152,0.005590079799583065,5.0
2026-08-11 22:50:00,-0.024054665,-0.5553333775057739,0.8399999812245369,12.669999716803432,0.02838878886062407,0.9196949294007983,0.9480837182614223,0.3686956756371925,0.005590079799583065,5.0
2026-08-11 23:00:00,-0.024054665,-0.5109608345440053,0.8399999812245369,12.669999716803432,0.02838878886062407,0.9196949294007983,0.9480837182614223,0.41306821859896115,0.005590079799583065,5.0
2026-08-11 23:10:00,-0.024054665,-0.46387309492850015,0.8399999812245369,12.669999716803432,0.02838878886062407,0.9196949294007983,0.9480837182614223,0.4601559582144663,0.005590079799583065,5.0
2026-08-11 23:20:00,-0.024054665,-0.4143610279717636,0.8399999812245369,12.669999716803432,0.02838878886062407,0.9196949294007983,0.9480837182614223,0.5096680251712029,0.005590079799583065,5.0
2026-08-11 23:30:00,-0.024054665,-0.362726857931495,0.8399999812245369,12.669999716803432,0.02838878886062407,0.9196949294007983,0.9480837182614223,0.5613021952114714,0.005590079799583065,5.0
2026-08-11 23:40:00,-0.024054665,-0.30928204690678607,0.8399999812245369,12.669999716803432,0.02838878886062407,0.9196949294007983,0.9480837182614223,0.6147470062361804,0.005590079799583065,5.0
2026-08-11 23:50:00,-0.024054665,-0.25434533379034496,0.8399999812245369,12.669999716803432,0.02838878886062407,0.9196949294007983,0.9480837182614223,0.6696837193526215,0.005590079799583065,5.0
2026-08-12 00:00:00,-0.051851466,-0.19824100993205576,0.7999999821186066,12.349999723955989,0.027004899039624598,0.8748618631692222,0.9018667622088468,0.6517742859786877,0.005590079799583065,5.0
2026-08-12 00:10:00,-0.051851466,-0.14129748673739337,0.7999999821186066,12.349999723955989,0.027004899039624598,0.8748618631692222,0.9018667622088468,0.70871780917335,0.005590079799583065,5.0
2026-08-12 00:20:00,-0.051851466,-0.08384617786866412,0.7999999821186066,12.349999723955989,0.027004899039624598,0.8748618631692222,0.9018667622088468,0.7661691180420793,0.005590079799583065,5.0
2026-08-12 00:30:00,-0.051851466,-0.0262206824131812,0.7999999821186066,12.349999723955989,0.027004899039624598,0.8748618631692222,0.9018667622088468,0.8237946134975622,0.005590079799583065,5.0
2026-08-12 00:40:00,-0.051851466,0.031243780896639737,0.7999999821186066,12.349999723955989,0.027004899039624598,0.8748618631692222,0.9018667622088468,0.8812590768073831,0.005590079799583065,5.0
2026-08-12 00:50:00,-0.051851466,0.08821077081346929,0.7999999821186066,12.349999723955989,0.027004899039624598,0.8748618631692222,0.9018667622088468,0.9382260667242127,0.005590079799583065,5.0
2026-08-12 01:00:00,-0.051851466,0.14434295975252448,0.7999999821186066,12.349999723955989,0.027004899039624598,0.8748618631692222,0.9018667622088468,0.994358255663268,0.005590079799583065,5.0
2026-08-12 01:10:00,-0.051851466,0.19930253213629986,0.7999999821186066,12.349999723955989,0.027004899039624598,0.8748618631692222,0.9018667622088468,1.0493178280470432,0.005590079799583065,5.0
2026-08-12 01:20:00,-0.051851466,0.25275177172502244,0.7999999821186066,12.349999723955989,0.027004899039624598,0.8748618631692222,0.9018667622088468,1.102767067635766,0.005590079799583065,5.0
2026-08-12 01:30:00,-0.051851466,0.30435395634628615,0.7999999821186066,12.349999723955989,0.027004899039624598,0.8748618631692222,0.9018667622088468,1.1543692522570295,0.005590079799583065,5.0
2026-08-12 01:40:00,-0.051851466,0.3537746585105496,0.7999999821186066,12.349999723955989,0.027004899039624598,0.8748618631692222,0.9018667622088468,1.203789954421293,0.005590079799583065,5.0
2026-08-12 01:50:00,-0.051851466,0.4006835207408156,0.7999999821186066,12.349999723955989,0.027004899039624598,0.8748618631692222,0.9018667622088468,1.2506988166515591,0.005590079799583065,5.0
2026-08-12 02:00:00,-0.051851466,0.44475653788731245,0.7999999821186066,12.349999723955989,0.027004899039624598,0.8748618631692222,0.9018667622088468,1.2947718337980558,0.005590079799583065,5.0
2026-08-12 02:10:00,-0.051851466,0.48567883854560706,0.7999999821186066,12.349999723955989,0.027004899039624598,0.8748618631692222,0.9018667622088468,1.3356941344563504,0.005590079799583065,5.0
2026-08-12 02:20:00,-0.051851466,0.5231479176343539,0.7999999821186066,12.349999723955989,0.027004899039624598,0.8748618631692222,0.9018667622088468,1.3731632135450973,0.005590079799583065,5.0
2026-08-12 02:30:00,-0.051851466,0.5568772358093756,0.7999999821186066,12.349999723955989,0.027004899039624598,0.8748618631692222,0.9018667622088468,1.406892531720119,0.005590079799583065,5.0
2026-08-12 02:40:00,-0.051851466,0.5866000717958659,0.7999999821186066,12.349999723955989,0.027004899039624598,0.8748618631692222,0.9018667622088468,1.4366153677066094,0.005590079799583065,5.0
2026-08-12 02:50:00,-0.051851466,0.6120734931691381,0.7999999821186066,12.349999723955989,0.027004899039624598,0.8748618631692222,0.9018667622088468,1.4620887890798815,0.005590079799583065,5.0
2026-08-12 03:00:00,-0.051851466,0.6330823010732151,0.7799999825656414,10.239999771118164,0.022109446220703852,0.7162667516698695,0.7383761978905734,1.3196070326656852,0.005590079799583065,5.0
2026-08-12 03:10:00,-0.051851466,0.6494428049862195,0.7799999825656414,10.239999771118164,0.022109446220703852,0.7162667516698695,0.7383761978905734,1.3359675365786896,0.005590079799583065,5.0
2026-08-12 03:20:00,-0.051851466,0.661006294193617,0.7799999825656414,10.239999771118164,0.022109446220703852,0.7162667516698695,0.7383761978905734,1.347531025786087,0.005590079799583065,5.0
2026-08-12 03:30:00,-0.051851466,0.6676620913285471,0.7799999825656414,10.239999771118164,0.022109446220703852,0.7162667516698695,0.7383761978905734,1.3541868229210172,0.005590079799583065,5.0
2026-08-12 03:40:00,-0.051851466,0.6693400977845291,0.7799999825656414,10.239999771118164,0.022109446220703852,0.7162667516698695,0.7383761978905734,1.355864829376999,0.005590079799583065,5.0
2026-08-12 03:50:00,-0.051851466,0.6660127681117557,0.7799999825656414,10.239999771118164,0.022109446220703852,0.7162667516698695,0.7383761978905734,1.3525374997042259,0.005590079799583065,5.0
2026-08-12 04:00:00,-0.051851466,0.6576964778500506,0.7799999825656414,10.239999771118164,0.022109446220703852,0.7162667516698695,0.7383761978905734,1.3442212094425208,0.005590079799583065,5.0
2026-08-12 04:10:00,-0.051851466,0.6444522739336968,0.7799999825656414,10.239999771118164,0.022109446220703852,0.7162667516698695,0.7383761978905734,1.330977005526167,0.005590079799583065,5.0
2026-08-12 04:20:00,-0.051851466,0.6263860168567975,0.7799999825656414,10.239999771118164,0.022109446220703852,0.7162667516698695,0.7383761978905734,1.3129107484492675,0.005590079799583065,5.0
2026-08-12 04:30:00,-0.051851466,0.6036479378037796,0.7799999825656414,10.239999771118164,0.022109446220703852,0.7162667516698695,0.7383761978905734,1.2901726693962496,0.005590079799583065,5.0
2026-08-12 04:40:00,-0.051851466,0.5764316416835513,0.7799999825656414,10.239999771118164,0.022109446220703852,0.7162667516698695,0.7383761978905734,1.2629563732760214,0.005590079799583065,5.0
2026-08-12 04:50:00,-0.051851466,0.5449725888549218,0.7799999825656414,10.239999771118164,0.022109446220703852,0.7162667516698695,0.7383761978905734,1.2314973204473918,0.005590079799583065,5.0
2026-08-12 05:00:00,-0.051851466,0.5095460855794334,0.7799999825656414,10.239999771118164,0.022109446220703852,0.7162667516698695,0.7383761978905734,1.1960708171719034,0.005590079799583065,5.0
2026-08-12 05:10:00,-0.051851466,0.47046480779741456,0.7799999825656414,10.239999771118164,0.022109446220703852,0.7162667516698695,0.7383761978905734,1.1569895393898846,0.005590079799583065,5.0
2026-08-12 05:20:00,-0.051851466,0.42807587687393883,0.7799999825656414,10.239999771118164,0.022109446220703852,0.7162667516698695,0.7383761978905734,1.1146006084664088,0.005590079799583065,5.0
2026-08-12 05:30:00,-0.051851466,0.38275750167686673,0.7799999825656414,10.239999771118164,0.022109446220703852,0.7162667516698695,0.7383761978905734,1.0692822332693368,0.005590079799583065,5.0
2026-08-12 05:40:00,-0.051851466,0.33491520052216084,0.7799999825656414,10.239999771118164,0.022109446220703852,0.7162667516698695,0.7383761978905734,1.0214399321146308,0.005590079799583065,5.0
2026-08-12 05:50:00,-0.051851466,0.28497762078174904,0.7799999825656414,10.239999771118164,0.022109446220703852,0.7162667516698695,0.7383761978905734,0.9715023523742191,0.005590079799583065,5.0
2026-08-12 06:00:00,-0.051851466,0.23339198340519476,0.7699999827891588,10.14999977312982,0.02177419017498472,0.7054056583413509,0.7271798485163357,0.9087203656234271,0.005590079799583065,5.0
2026-08-12 06:10:00,-0.051851466,0.1806191944343594,0.7699999827891588,10.14999977312982,0.02177419017498472,0.7054056583413509,0.7271798485163357,0.8559475766525917,0.005590079799583065,5.0
2026-08-12 06:20:00,-0.051851466,0.12712868435090863,0.7699999827891588,10.14999977312982,0.02177419017498472,0.7054056583413509,0.7271798485163357,0.802457066569141,0.005590079799583065,5.0
2026-08-12 06:30:00,-0.051851466,0.07339305692055077,0.7699999827891588,10.14999977312982,0.02177419017498472,0.7054056583413509,0.7271798485163357,0.7487214391387831,0.005590079799583065,5.0
2026-08-12 06:40:00,-0.051851466,0.0198826499068397,0.7699999827891588,10.14999977312982,0.02177419017498472,0.7054056583413509,0.7271798485163357,0.6952110321250721,0.005590079799583065,5.0
2026-08-12 06:50:00,-0.051851466,-0.03293987225163149,0.7699999827891588,10.14999977312982,0.02177419017498472,0.7054056583413509,0.7271798485163357,0.6423885099666008,0.005590079799583065,5.0
2026-08-12 07:00:00,-0.051851466,-0.08462476150892304,0.7699999827891588,10.14999977312982,0.02177419017498472,0.7054056583413509,0.7271798485163357,0.5907036207093093,0.005590079799583065,5.0
2026-08-12 07:10:00,-0.051851466,-0.13474012802293753,0.7699999827891588,10.14999977312982,0.02177419017498472,0.7054056583413509,0.7271798485163357,0.5405882541952948,0.005590079799583065,5.0
2026-08-12 07:20:00,-0.051851466,-0.18287644817928114,0.7699999827891588,10.14999977312982,0.02177419017498472,0.7054056583413509,0.7271798485163357,0.49245193403895116,0.005590079799583065,5.0
2026-08-12 07:30:00,-0.051851466,-0.22865052046815734,0.7699999827891588,10.14999977312982,0.02177419017498472,0.7054056583413509,0.7271798485163357,0.44667786175007496,0.005590079799583065,5.0
2026-08-12 07:40:00,-0.051851466,-0.27170877415128925,0.7699999827891588,10.14999977312982,0.02177419017498472,0.7054056583413509,0.7271798485163357,0.4036196080669431,0.005590079799583065,5.0
2026-08-12 07:50:00,-0.051851466,-0.3117298667797124,0.7699999827891588,10.14999977312982,0.02177419017498472,0.7054056583413509,0.7271798485163357,0.36359851543851995,0.005590079799583065,5.0
2026-08-12 08:00:00,-0.051851466,-0.3484265432325654,0.7699999827891588,10.14999977312982,0.02177419017498472,0.7054056583413509,0.7271798485163357,0.32690183898566694,0.005590079799583065,5.0
2026-08-12 08:10:00,-0.051851466,-0.3815467678064963,0.7699999827891588,10.14999977312982,0.02177419017498472,0.7054056583413509,0.7271798485163357,0.293781614411736,0.005590079799583065,5.0
2026-08-12 08:20:00,-0.051851466,-0.4108741789507987,0.7699999827891588,10.14999977312982,0.02177419017498472,0.7054056583413509,0.7271798485163357,0.26445420326743363,0.005590079799583065,5.0
2026-08-12 08:30:00,-0.051851466,-0.43622794974057216,0.7699999827891588,10.14999977312982,0.02177419017498472,0.7054056583413509,0.7271798485163357,0.23910043247766016,0.005590079799583065,5.0
2026-08-12 08:40:00,-0.051851466,-0.4574621633967388,0.7699999827891588,10.14999977312982,0.02177419017498472,0.7054056583413509,0.7271798485163357,0.21786621882149348,0.005590079799583065,5.0
2026-08-12 08:50:00,-0.051851466,-0.4744648294358453,0.7699999827891588,10.14999977312982,0.02177419017498472,0.7054056583413509,0.7271798485163357,0.200863552782387,0.005590079799583065,5.0
2026-08-12 09:00:00,-0.051851466,-0.4871566711898839,0.7499999832361937,10.089999774470925,0.021362516187185637,0.6920688977981715,0.7134314139853571,0.17442327649736988,0.005590079799583065,5.0
2026-08-12 09:10:00,-0.051851466,-0.49548980898650014,0.7499999832361937,10.089999774470925,0.021362516187185637,0.6920688977981715,0.7134314139853571,0.16609013870075373,0.005590079799583065,5.0
2026-08-12 09:20:00,-0.051851466,-0.49944644621092277,0.7499999832361937,10.089999774470925,0.021362516187185637,0.6920688977981715,0.7134314139853571,0.1621335014763311,0.005590079799583065,5.0
2026-08-12 09:30:00,-0.051851466,-0.49903763966396325,0.7499999832361937,10.089999774470925,0.021362516187185637,0.6920688977981715,0.7134314139853571,0.1625423080232905,0.005590079799583065,5.0
2026-08-12 09:40:00,-0.051851466,-0.49430220395721175,0.7499999832361937,10.089999774470925,0.021362516187185637,0.6920688977981715,0.7134314139853571,0.167277743730042,0.005590079799583065,5.0
2026-08-12 09:50:00,-0.051851466,-0.48530576554206356,0.7499999832361937,10.089999774470925,0.021362516187185637,0.6920688977981715,0.7134314139853571,0.1762741821451902,0.005590079799583065,5.0
2026-08-12 10:00:00,-0.051851466,-0.47213994907390805,0.7499999832361937,10.089999774470925,0.021362516187185637,0.6920688977981715,0.7134314139853571,0.18943999861334582,0.005590079799583065,5.0
2026-08-12 10:10:00,-0.051851466,-0.45492165056997985,0.7499999832361937,10.089999774470925,0.021362516187185637,0.6920688977981715,0.7134314139853571,0.20665829711727401,0.005590079799583065,5.0
2026-08-12 10:20:00,-0.051851466,-0.4337923313247996,0.7499999832361937,10.089999774470925,0.021362516187185637,0.6920688977981715,0.7134314139853571,0.2277876163624542,0.005590079799583065,5.0
2026-08-12 10:30:00,-0.051851466,-0.4089172557394265,0.7499999832361937,10.089999774470925,0.021362516187185637,0.6920688977981715,0.7134314139853571,0.2526626919478273,0.005590079799583065,5.0
2026-08-12 10:40:00,-0.051851466,-0.38048459627717307,0.7499999832361937,10.089999774470925,0.021362516187185637,0.6920688977981715,0.7134314139853571,0.28109535141008074,0.005590079799583065,5.0
2026-08-12 10:50:00,-0.051851466,-0.34870433941329176,0.7499999832361937,10.089999774470925,0.021362516187185637,0.6920688977981715,0.7134314139853571,0.31287560827396205,0.005590079799583065,5.0
2026-08-12 11:00:00,-0.051851466,-0.31380694627441075,0.7499999832361937,10.089999774470925,0.021362516187185637,0.6920688977981715,0.7134314139853571,0.34777300141284306,0.005590079799583065,5.0
2026-08-12 11:10:00,-0.051851466,-0.2760417485010197,0.7499999832361937,10.089999774470925,0.021362516187185637,0.6920688977981715,0.7134314139853571,0.3855381991862341,0.005590079799583065,5.0
2026-08-12 11:20:00,-0.051851466,-0.23567509018849303,0.7499999832361937,10.089999774470925,0.021362516187185637,0.6920688977981715,0.7134314139853571,0.4259048574987608,0.005590079799583065,5.0
2026-08-12 11:30:00,-0.051851466,-0.19298825739051995,0.7499999832361937,10.089999774470925,0.021362516187185637,0.6920688977981715,0.7134314139853571,0.46859169029673386,0.005590079799583065,5.0
2026-08-12 11:40:00,-0.051851466,-0.1482752635366229,0.7499999832361937,10.089999774470925,0.021362516187185637,0.6920688977981715,0.7134314139853571,0.5133046841506309,0.005590079799583065,5.0
2026-08-12 11:50:00,-0.051851466,-0.10184057939291628,0.7499999832361937,10.089999774470925,0.021362516187185637,0.6920688977981715,0.7134314139853571,0.5597393682943375,0.005590079799583065,5.0
2026-08-12 12:00:00,-0.051851466,-0.05399690691312243,0.7399999834597111,10.02999977581203,0.02109343940840325,0.6833517753354762,0.7044452147438794,0.5985968415326537,0.005590079799583065,5.0
2026-08-12 12:10:00,-0.051851466,-0.005063096330482762,0.7399999834597111,10.02999977581203,0.02109343940840325,0.6833517753354762,0.7044452147438794,0.6475306521152934,0.005590079799583065,5.0
2026-08-12 12:20:00,-0.051851466,0.044637705504768664,0.7399999834597111,10.02999977581203,0.02109343940840325,0.6833517753354762,0.7044452147438794,0.6972314539505448,0.005590079799583065,5.0
2026-08-12 12:30:00,-0.051851466,0.09477960922161117,0.7399999834597111,10.02999977581203,0.02109343940840325,0.6833517753354762,0.7044452147438794,0.7473733576673873,0.005590079799583065,5.0
2026-08-12 12:40:00,-0.051851466,0.14503520311779466,0.7399999834597111,10.02999977581203,0.02109343940840325,0.6833517753354762,0.7044452147438794,0.7976289515635708,0.005590079799583065,5.0
2026-08-12 12:50:00,-0.051851466,0.1950764386273566,0.7399999834597111,10.02999977581203,0.02109343940840325,0.6833517753354762,0.7044452147438794,0.8476701870731327,0.005590079799583065,5.0
2026-08-12 13:00:00,-0.051851466,0.2445752173803681,0.7399999834597111,10.02999977581203,0.02109343940840325,0.6833517753354762,0.7044452147438794,0.8971689658261442,0.005590079799583065,5.0
2026-08-12 13:10:00,-0.051851466,0.2932037515607031,0.7399999834597111,10.02999977581203,0.02109343940840325,0.6833517753354762,0.7044452147438794,0.9457975000064792,0.005590079799583065,5.0
2026-08-12 13:20:00,-0.051851466,0.34063479873394387,0.7399999834597111,10.02999977581203,0.02109343940840325,0.6833517753354762,0.7044452147438794,0.99322854717972,0.005590079799583065,5.0
2026-08-12 13:30:00,-0.051851466,0.3865418932214265,0.7399999834597111,10.02999977581203,0.02109343940840325,0.6833517753354762,0.7044452147438794,1.0391356416672026,0.005590079799583065,5.0
2026-08-12 13:40:00,-0.051851466,0.430599705776391,0.7399999834597111,10.02999977581203,0.02109343940840325,0.6833517753354762,0.7044452147438794,1.083193454222167,0.005590079799583065,5.0
2026-08-12 13:50:00,-0.051851466,0.47248466083233576,0.7399999834597111,10.02999977581203,0.02109343940840325,0.6833517753354762,0.7044452147438794,1.1250784092781119,0.005590079799583065,5.0
2026-08-12 14:00:00,-0.051851466,0.511875926016246,0.7399999834597111,10.02999977581203,0.02109343940840325,0.6833517753354762,0.7044452147438794,1.1644696744620222,0.005590079799583065,5.0
2026-08-12 14:10:00,-0.051851466,0.5484568629363898,0.7399999834597111,10.02999977581203,0.02109343940840325,0.6833517753354762,0.7044452147438794,1.201050611382166,0.005590079799583065,5.0
2026-08-12 14:20:00,-0.051851466,0.5819169942219858,0.7399999834597111,10.02999977581203,0.02109343940840325,0.6833517753354762,0.7044452147438794,1.234510742667762,0.005590079799583065,5.0
2026-08-12 14:30:00,-0.051851466,0.6119545019455876,0.7399999834597111,10.02999977581203,0.02109343940840325,0.6833517753354762,0.7044452147438794,1.2645482503913636,0.005590079799583065,5.0
2026-08-12 14:40:00,-0.051851466,0.6382792311743579,0.7399999834597111,10.02999977581203,0.02109343940840325,0.6833517753354762,0.7044452147438794,1.2908729796201341,0.005590079799583065,5.0
2026-08-12 14:50:00,-0.051851466,0.6606161324974648,0.7399999834597111,10.02999977581203,0.02109343940840325,0.6833517753354762,0.7044452147438794,1.3132098809432409,0.005590079799583065,5.0
2026-08-12 15:00:00,-0.051851466,0.6787090429002806,0.7599999830126762,9.9899997767061,0.02129133490237316,0.6897628794952536,0.7110542143976267,1.337911790999804,0.005590079799583065,5.0
2026-08-12 15:10:00,-0.051851466,0.6923246778202254,0.7599999830126762,9.9899997767061,0.02129133490237316,0.6897628794952536,0.7110542143976267,1.3515274259197487,0.005590079799583065,5.0
2026-08-12 15:20:00,-0.051851466,0.7012566906224074,0.7599999830126762,9.9899997767061,0.02129133490237316,0.6897628794952536,0.7110542143976267,1.3604594387219309,0.005590079799583065,5.0
2026-08-12 15:30:00,-0.051851466,0.7053296499705131,0.7599999830126762,9.9899997767061,0.02129133490237316,0.6897628794952536,0.7110542143976267,1.3645323980700366,0.005590079799583065,5.0
2026-08-12 15:40:00,-0.051851466,0.704402790336484,0.7599999830126762,9.9899997767061,0.02129133490237316,0.6897628794952536,0.7110542143976267,1.3636055384360075,0.005590079799583065,5.0
2026-08-12 15:50:00,-0.051851466,0.6983734050127179,0.7599999830126762,9.9899997767061,0.02129133490237316,0.6897628794952536,0.7110542143976267,1.3575761531122414,0.005590079799583065,5.0
2026-08-12 16:00:00,-0.051851466,0.6871797723463419,0.7599999830126762,9.9899997767061,0.02129133490237316,0.6897628794952536,0.7110542143976267,1.3463825204458653,0.005590079799583065,5.0
2026-08-12 16:10:00,-0.051851466,0.6708035318202751,0.7599999830126762,9.9899997767061,0.02129133490237316,0.6897628794952536,0.7110542143976267,1.3300062799197985,0.005590079799583065,5.0
2026-08-12 16:20:00,-0.051851466,0.6492714542544534,0.7599999830126762,9.9899997767061,0.02129133490237316,0.6897628794952536,0.7110542143976267,1.3084742023539768,0.005590079799583065,5.0
2026-08-12 16:30:00,-0.051851466,0.622656576874402,0.7599999830126762,9.9899997767061,0.02129133490237316,0.6897628794952536,0.7110542143976267,1.2818593249739254,0.005590079799583065,5.0
2026-08-12 16:40:00,-0.051851466,0.5910786970146633,0.7599999830126762,9.9899997767061,0.02129133490237316,0.6897628794952536,0.7110542143976267,1.2502814451141866,0.005590079799583065,5.0
2026-08-12 16:50:00,-0.051851466,0.5547042360364648,0.7599999830126762,9.9899997767061,0.02129133490237316,0.6897628794952536,0.7110542143976267,1.2139069841359882,0.005590079799583065,5.0
2026-08-12 17:00:00,-0.051851466,0.5137454966791303,0.7599999830126762,9.9899997767061,0.02129133490237316,0.6897628794952536,0.7110542143976267,1.1729482447786537,0.005590079799583065,5.0
2026-08-12 17:10:00,-0.051851466,0.46845934279372736,0.7599999830126762,9.9899997767061,0.02129133490237316,0.6897628794952536,0.7110542143976267,1.1276620908932506,0.005590079799583065,5.0
2026-08-12 17:20:00,-0.051851466,0.4191453306658363,0.7599999830126762,9.9899997767061,0.02129133490237316,0.6897628794952536,0.7110542143976267,1.0783480787653597,0.005590079799583065,5.0
2026-08-12 17:30:00,-0.051851466,0.3661433181477214,0.7599999830126762,9.9899997767061,0.02129133490237316,0.6897628794952536,0.7110542143976267,1.025346066247245,0.005590079799583065,5.0
2026-08-12 17:40:00,-0.051851466,0.30983057273929404,0.7599999830126762,9.9899997767061,0.02129133490237316,0.6897628794952536,0.7110542143976267,0.9690333208388174,0.005590079799583065,5.0
2026-08-12 17:50:00,-0.051851466,0.2506183956972958,0.7599999830126762,9.9899997767061,0.02129133490237316,0.6897628794952536,0.7110542143976267,0.9098211437968192,0.005590079799583065,5.0
2026-08-12 18:00:00,-0.051851466,0.18894827754558616,0.7699999827891588,9.909999778494239,0.02125933247626587,0.6887261156810628,0.7099854481573287,0.8470822594048115,0.005590079799583065,5.0
2026-08-12 18:10:00,-0.051851466,0.1252876029878809,0.7699999827891588,9.909999778494239,0.02125933247626587,0.6887261156810628,0.7099854481573287,0.7834215848471062,0.005590079799583065,5.0
2026-08-12 18:20:00,-0.051851466,0.060124931115416745,0.7699999827891588,9.909999778494239,0.02125933247626587,0.6887261156810628,0.7099854481573287,0.7182589129746421,0.005590079799583065,5.0
2026-08-12 18:30:00,-0.051851466,-0.006035110152115548,0.7699999827891588,9.909999778494239,0.02125933247626587,0.6887261156810628,0.7099854481573287,0.6520988717071098,0.005590079799583065,5.0
2026-08-12 18:40:00,-0.051851466,-0.07267725852359389,0.7699999827891588,9.909999778494239,0.02125933247626587,0.6887261156810628,0.7099854481573287,0.5854567233356315,0.005590079799583065,5.0
2026-08-12 18:50:00,-0.051851466,-0.13928130324769497,0.7699999827891588,9.909999778494239,0.02125933247626587,0.6887261156810628,0.7099854481573287,0.5188526786115304,0.005590079799583065,5.0
2026-08-12 19:00:00,-0.051851466,-0.2053279230219184,0.7699999827891588,9.909999778494239,0.02125933247626587,0.6887261156810628,0.7099854481573287,0.45280605883730696,0.005590079799583065,5.0
2026-08-12 19:10:00,-0.051851466,-0.2703045568099254,0.7699999827891588,9.909999778494239,0.02125933247626587,0.6887261156810628,0.7099854481573287,0.38782942504929996,0.005590079799583065,5.0
2026-08-12 19:20:00,-0.051851466,-0.33371117252004334,0.7699999827891588,9.909999778494239,0.02125933247626587,0.6887261156810628,0.7099854481573287,0.324422809339182,0.005590079799583065,5.0
2026-08-12 19:30:00,-0.051851466,-0.39506578984826024,0.7699999827891588,9.909999778494239,0.02125933247626587,0.6887261156810628,0.7099854481573287,0.2630681920109651,0.005590079799583065,5.0
2026-08-12 19:40:00,-0.051851466,-0.4539096132479286,0.7699999827891588,9.909999778494239,0.02125933247626587,0.6887261156810628,0.7099854481573287,0.20422436861129678,0.005590079799583065,5.0
2026-08-12 19:50:00,-0.051851466,-0.5098116404426614,0.7699999827891588,9.909999778494239,0.02125933247626587,0.6887261156810628,0.7099854481573287,0.14832234141656397,0.005590079799583065,5.0
2026-08-12 20:00:00,-0.051851466,-0.5623726312320327,0.7699999827891588,9.909999778494239,0.02125933247626587,0.6887261156810628,0.7099854481573287,0.0957613506271926,0.005590079799583065,5.0
2026-08-12 20:10:00,-0.051851466,-0.6112283492640762,0.7699999827891588,9.909999778494239,0.02125933247626587,0.6887261156810628,0.7099854481573287,0.04690563259514913,0.005590079799583065,5.0
2026-08-12 20:20:00,-0.051851466,-0.6560520246199009,0.7699999827891588,9.909999778494239,0.02125933247626587,0.6887261156810628,0.7099854481573287,0.0020819572393244723,0.005590079799583065,5.0
2026-08-12 20:30:00,-0.051851466,-0.6965560240367635,0.7699999827891588,9.909999778494239,0.02125933247626587,0.6887261156810628,0.7099854481573287,-0.038422042177538196,0.005590079799583065,5.0
2026-08-12 20:40:00,-0.051851466,-0.7324927558773209,0.7699999827891588,9.909999778494239,0.02125933247626587,0.6887261156810628,0.7099854481573287,-0.07435877401809554,0.005590079799583065,5.0
2026-08-12 20:50:00,-0.051851466,-0.7636548743623744,0.7699999827891588,9.909999778494239,0.02125933247626587,0.6887261156810628,0.7099854481573287,-0.10552089250314911,0.005590079799583065,5.0
2026-08-12 21:00:00,-0.051851466,-0.789874879364894,0.7799999825656414,9.879999779164791,0.021332161002007233,0.6910854986814756,0.7124176596834828,-0.1293086859795145,0.005590079799583065,5.0
2026-08-12 21:10:00,-0.051851466,-0.8110242310307105,0.7799999825656414,9.879999779164791,0.021332161002007233,0.6910854986814756,0.7124176596834828,-0.15045803764533106,0.005590079799583065,5.0
2026-08-12 21:20:00,-0.051851466,-0.8270121108859687,0.7799999825656414,9.879999779164791,0.021332161002007233,0.6910854986814756,0.7124176596834828,-0.16644591750058924,0.005590079799583065,5.0
2026-08-12 21:30:00,-0.051851466,-0.8377839619175989,0.7799999825656414,9.879999779164791,0.021332161002007233,0.6910854986814756,0.7124176596834828,-0.17721776853221938,0.005590079799583065,5.0
2026-08-12 21:40:00,-0.051851466,-0.8433199295307341,0.7799999825656414,9.879999779164791,0.021332161002007233,0.6910854986814756,0.7124176596834828,-0.18275373614535462,0.005590079799583065,5.0
2026-08-12 21:50:00,-0.051851466,-0.8436333047881146,0.7799999825656414,9.879999779164791,0.021332161002007233,0.6910854986814756,0.7124176596834828,-0.18306711140273513,0.005590079799583065,5.0
2026-08-12 22:00:00,-0.051851466,-0.8387690431775017,0.7799999825656414,9.879999779164791,0.021332161002007233,0.6910854986814756,0.7124176596834828,-0.1782028497921222,0.005590079799583065,5.0
2026-08-12 22:10:00,-0.051851466,-0.8288023995493912,0.7799999825656414,9.879999779164791,0.021332161002007233,0.6910854986814756,0.7124176596834828,-0.1682362061640117,0.005590079799583065,5.0
2026-08-12 22:20:00,-0.051851466,-0.8138376863830338,0.7799999825656414,9.879999779164791,0.021332161002007233,0.6910854986814756,0.7124176596834828,-0.1532714929976543,0.005590079799583065,5.0
2026-08-12 22:30:00,-0.051851466,-0.7940071317294526,0.7799999825656414,9.879999779164791,0.021332161002007233,0.6910854986814756,0.7124176596834828,-0.1334409383440731,0.005590079799583065,5.0
2026-08-12 22:40:00,-0.051851466,-0.7694697884261283,0.7799999825656414,9.879999779164791,0.021332161002007233,0.6910854986814756,0.7124176596834828,-0.10890359504074887,0.005590079799583065,5.0
2026-08-12 22:50:00,-0.051851466,-0.740410430000762,0.7799999825656414,9.879999779164791,0.021332161002007233,0.6910854986814756,0.7124176596834828,-0.07984423661538254,0.005590079799583065,5.0
2026-08-12 23:00:00,-0.051851466,-0.7070383626722639,0.7799999825656414,9.879999779164791,0.021332161002007233,0.6910854986814756,0.7124176596834828,-0.04647216928688447,0.005590079799583065,5.0
2026-08-12 23:10:00,-0.051851466,-0.6695860875915252,0.7799999825656414,9.879999779164791,0.021332161002007233,0.6910854986814756,0.7124176596834828,-0.009019894206145684,0.005590079799583065,5.0
2026-08-12 23:20:00,-0.051851466,-0.6283077620044769,0.7799999825656414,9.879999779164791,0.021332161002007233,0.6910854986814756,0.7124176596834828,0.032258431380902564,0.005590079799583065,5.0
2026-08-12 23:30:00,-0.051851466,-0.583477430845107,0.7799999825656414,9.879999779164791,0.021332161002007233,0.6910854986814756,0.7124176596834828,0.07708876254027253,0.005590079799583065,5.0
2026-08-12 23:40:00,-0.051851466,-0.5353870280208594,0.7799999825656414,9.879999779164791,0.021332161002007233,0.6910854986814756,0.7124176596834828,0.12517916536452012,0.005590079799583065,5.0
2026-08-12 23:50:00,-0.051851466,-0.4843441767966922,0.7799999825656414,9.879999779164791,0.021332161002007233,0.6910854986814756,0.7124176596834828,0.1762220165886872,0.005590079799583065,5.0
2026-08-13 00:00:00,-0.0739135,-0.4306698465778774,0.789999982342124,9.879999779164791,0.0214684701269718,0.6955014253938285,0.7169698955208004,0.21238654922997902,0.005590079799583065,5.0
2026-08-13 00:10:00,-0.0739135,-0.37469594648366183,0.789999982342124,9.879999779164791,0.0214684701269718,0.6955014253938285,0.7169698955208004,0.2683604493241945,0.005590079799583065,5.0
2026-08-13 00:20:00,-0.0739135,-0.3167629508719401,0.789999982342124,9.879999779164791,0.0214684701269718,0.6955014253938285,0.7169698955208004,0.3262934449359162,0.005590079799583065,5.0
2026-08-13 00:30:00,-0.0739135,-0.25721765650863787,0.789999982342124,9.879999779164791,0.0214684701269718,0.6955014253938285,0.7169698955208004,0.38583873929921847,0.005590079799583065,5.0
2026-08-13 00:40:00,-0.0739135,-0.1964111646634843,0.789999982342124,9.879999779164791,0.0214684701269718,0.6955014253938285,0.7169698955208004,0.44664523114437205,0.005590079799583065,5.0
2026-08-13 00:50:00,-0.0739135,-0.13469716379296676,0.789999982342124,9.879999779164791,0.0214684701269718,0.6955014253938285,0.7169698955208004,0.5083592320148895,0.005590079799583065,5.0
2026-08-13 01:00:00,-0.0739135,-0.07243056187894373,0.789999982342124,9.879999779164791,0.0214684701269718,0.6955014253938285,0.7169698955208004,0.5706258339289126,0.005590079799583065,5.0
2026-08-13 01:10:00,-0.0739135,-0.00996648339834036,0.789999982342124,9.879999779164791,0.0214684701269718,0.6955014253938285,0.7169698955208004,0.633089912409516,0.005590079799583065,5.0
2026-08-13 01:20:00,-0.0739135,0.05234039107028965,0.789999982342124,9.879999779164791,0.0214684701269718,0.6955014253938285,0.7169698955208004,0.695396786878146,0.005590079799583065,5.0
2026-08-13 01:30:00,-0.0739135,0.11413620216601274,0.789999982342124,9.879999779164791,0.0214684701269718,0.6955014253938285,0.7169698955208004,0.7571925979738691,0.005590079799583065,5.0
2026-08-13 01:40:00,-0.0739135,0.17506809843488064,0.789999982342124,9.879999779164791,0.0214684701269718,0.6955014253938285,0.7169698955208004,0.818124494242737,0.005590079799583065,5.0
2026-08-13 01:50:00,-0.0739135,0.23478435081057358,0.789999982342124,9.879999779164791,0.0214684701269718,0.6955014253938285,0.7169698955208004,0.8778407466184299,0.005590079799583065,5.0
2026-08-13 02:00:00,-0.0739135,0.2929345288770018,0.789999982342124,9.879999779164791,0.0214684701269718,0.6955014253938285,0.7169698955208004,0.9359909246848581,0.005590079799583065,5.0
2026-08-13 02:10:00,-0.0739135,0.3491698764185597,0.789999982342124,9.879999779164791,0.0214684701269718,0.6955014253938285,0.7169698955208004,0.992226272226416,0.005590079799583065,5.0
2026-08-13 02:20:00,-0.0739135,0.4031440151273351,0.789999982342124,9.879999779164791,0.0214684701269718,0.6955014253938285,0.7169698955208004,1.0462004109351914,0.005590079799583065,5.0
2026-08-13 02:30:00,-0.0739135,0.4545140843320043,0.789999982342124,9.879999779164791,0.0214684701269718,0.6955014253938285,0.7169698955208004,1.0975704801398607,0.005590079799583065,5.0
2026-08-13 02:40:00,-0.0739135,0.5029423941001521,0.789999982342124,9.879999779164791,0.0214684701269718,0.6955014253938285,0.7169698955208004,1.1459987899080084,0.005590079799583065,5.0
2026-08-13 02:50:00,-0.0739135,0.5480986306583168,0.789999982342124,9.879999779164791,0.0214684701269718,0.6955014253938285,0.7169698955208004,1.191155026466173,0.005590079799583065,5.0
2026-08-13 03:00:00,-0.0739135,0.5896626113460146,0.7999999821186066,9.909999778494239,0.021669518176735205,0.7020146610531978,0.723684179229933,1.2394332908630035,0.005590079799583065,5.0
2026-08-13 03:10:00,-0.0739135,0.627327543921537,0.7999999821186066,9.909999778494239,0.021669518176735205,0.7020146610531978,0.723684179229933,1.277098223438526,0.005590079799583065,5.0
2026-08-13 03:20:00,-0.0739135,0.6608037064845693,0.7999999821186066,9.909999778494239,0.021669518176735205,0.7020146610531978,0.723684179229933,1.3105743860015582,0.005590079799583065,5.0
2026-08-13 03:30:00,-0.0739135,0.6898224321950903,0.7999999821186066,9.909999778494239,0.021669518176735205,0.7020146610531978,0.723684179229933,1.3395931117120794,0.005590079799583065,5.0
2026-08-13 03:40:00,-0.0739135,0.7141402600264531,0.7999999821186066,9.909999778494239,0.021669518176735205,0.7020146610531978,0.723684179229933,1.3639109395434421,0.005590079799583065,5.0
2026-08-13 03:50:00,-0.0739135,0.7335431004825957,0.7999999821186066,9.909999778494239,0.021669518176735205,0.7020146610531978,0.723684179229933,1.3833137799995847,0.005590079799583065,5.0
2026-08-13 04:00:00,-0.0739135,0.7478502637113786,0.7999999821186066,9.909999778494239,0.021669518176735205,0.7020146610531978,0.723684179229933,1.3976209432283677,0.005590079799583065,5.0
2026-08-13 04:10:00,-0.0739135,0.7569182063059343,0.7999999821186066,9.909999778494239,0.021669518176735205,0.7020146610531978,0.723684179229933,1.4066888858229234,0.005590079799583065,5.0
2026-08-13 04:20:00,-0.0739135,0.7606438704012104,0.7999999821186066,9.909999778494239,0.021669518176735205,0.7020146610531978,0.723684179229933,1.4104145499181993,0.005590079799583065,5.0
2026-08-13 04:30:00,-0.0739135,0.7589675122426955,0.7999999821186066,9.909999778494239,0.021669518176735205,0.7020146610531978,0.723684179229933,1.4087381917596846,0.005590079799583065,5.0
2026-08-13 04:40:00,-0.0739135,0.7518749443346485,0.7999999821186066,9.909999778494239,0.021669518176735205,0.7020146610531978,0.723684179229933,1.4016456238516375,0.005590079799583065,5.0
2026-08-13 04:50:00,-0.0739135,0.7393991427240911,0.7999999821186066,9.909999778494239,0.021669518176735205,0.7020146610531978,0.723684179229933,1.38916982224108,0.005590079799583065,5.0
2026-08-13 05:00:00,-0.0739135,0.7216211962481507,0.7999999821186066,9.909999778494239,0.021669518176735205,0.7020146610531978,0.723684179229933,1.3713918757651395,0.005590079799583065,5.0
2026-08-13 05:10:00,-0.0739135,0.698670595694788,0.7999999821186066,9.909999778494239,0.021669518176735205,0.7020146610531978,0.723684179229933,1.348441275211777,0.005590079799583065,5.0
2026-08-13 05:20:00,-0.0739135,0.6707248762123911,0.7999999821186066,9.909999778494239,0.021669518176735205,0.7020146610531978,0.723684179229933,1.32049555572938,0.005590079799583065,5.0
2026-08-13 05:30:00,-0.0739135,0.6380086359092073,0.7999999821186066,9.909999778494239,0.021669518176735205,0.7020146610531978,0.723684179229933,1.2877793154261963,0.005590079799583065,5.0
2026-08-13 05:40:00,-0.0739135,0.600791957162483,0.7999999821186066,9.909999778494239,0.021669518176735205,0.7020146610531978,0.723684179229933,1.250562636679472,0.005590079799583065,5.0
2026-08-13 05:50:00,-0.0739135,0.5593882568342998,0.7999999821186066,9.909999778494239,0.021669518176735205,0.7020146610531978,0.723684179229933,1.209158936351289,0.005590079799583065,5.0
2026-08-13 06:00:00,-0.0739135,0.5141515880315427,0.7999999821186066,9.9899997767061,0.02184444869682994,0.707681782434051,0.7295262311308809,1.1697643194494796,0.005590079799583065,5.0
2026-08-13 06:10:00,-0.0739135,0.46547341256592517,0.7999999821186066,9.9899997767061,0.02184444869682994,0.707681782434051,0.7295262311308809,1.121086143983862,0.005590079799583065,5.0
2026-08-13 06:20:00,-0.0739135,0.413778860932978,0.7999999821186066,9.9899997767061,0.02184444869682994,0.707681782434051,0.7295262311308809,1.069391592350915,0.005590079799583065,5.0
2026-08-13 06:30:00,-0.0739135,0.35952249797621344,0.7999999821186066,9.9899997767061,0.02184444869682994,0.707681782434051,0.7295262311308809,1.0151352293941502,0.005590079799583065,5.0
2026-08-13 06:40:00,-0.0739135,0.30318361856247056,0.7999999821186066,9.9899997767061,0.02184444869682994,0.707681782434051,0.7295262311308809,0.9587963499804074,0.005590079799583065,5.0
2026-08-13 06:50:00,-0.0739135,0.24526110873987886,0.7999999821186066,9.9899997767061,0.02184444869682994,0.707681782434051,0.7295262311308809,0.9008738401578157,0.005590079799583065,5.0
2026-08-13 07:00:00,-0.0739135,0.18626792451288246,0.7999999821186066,9.9899997767061,0.02184444869682994,0.707681782434051,0.7295262311308809,0.8418806559308193,0.005590079799583065,5.0
2026-08-13 07:10:00,-0.0739135,0.12672526015413896,0.7999999821186066,9.9899997767061,0.02184444869682994,0.707681782434051,0.7295262311308809,0.7823379915720758,0.005590079799583065,5.0
2026-08-13 07:20:00,-0.0739135,0.06715650049356321,0.7999999821186066,9.9899997767061,0.02184444869682994,0.707681782434051,0.7295262311308809,0.7227692319115001,0.005590079799583065,5.0
2026-08-13 07:30:00,-0.0739135,0.008081072871839875,0.7999999821186066,9.9899997767061,0.02184444869682994,0.707681782434051,0.7295262311308809,0.6636938042897768,0.005590079799583065,5.0
2026-08-13 07:40:00,-0.0739135,-0.049991666766088405,0.7999999821186066,9.9899997767061,0.02184444869682994,0.707681782434051,0.7295262311308809,0.6056210646518485,0.005590079799583065,5.0
2026-08-13 07:50:00,-0.0739135,-0.10656836664336712,0.7999999821186066,9.9899997767061,0.02184444869682994,0.707681782434051,0.7295262311308809,0.5490443647745697,0.005590079799583065,5.0
2026-08-13 08:00:00,-0.0739135,-0.16117727893245637,0.7999999821186066,9.9899997767061,0.02184444869682994,0.707681782434051,0.7295262311308809,0.4944354524854805,0.005590079799583065,5.0
2026-08-13 08:10:00,-0.0739135,-0.2133733792529362,0.7999999821186066,9.9899997767061,0.02184444869682994,0.707681782434051,0.7295262311308809,0.44223935216500065,0.005590079799583065,5.0
2026-08-13 08:20:00,-0.0739135,-0.26274287346724795,0.7999999821186066,9.9899997767061,0.02184444869682994,0.707681782434051,0.7295262311308809,0.3928698579506889,0.005590079799583065,5.0
2026-08-13 08:30:00,-0.0739135,-0.3089069833825746,0.7999999821186066,9.9899997767061,0.02184444869682994,0.707681782434051,0.7295262311308809,0.34670574803536225,0.005590079799583065,5.0
2026-08-13 08:40:00,-0.0739135,-0.3515249357949516,0.7999999821186066,9.9899997767061,0.02184444869682994,0.707681782434051,0.7295262311308809,0.30408779562298527,0.005590079799583065,5.0
2026-08-13 08:50:00,-0.0739135,-0.39029611726717706,0.7999999821186066,9.9899997767061,0.02184444869682994,0.707681782434051,0.7295262311308809,0.2653166141507598,0.005590079799583065,5.0
2026-08-13 09:00:00,-0.0739135,-0.4249613984571689,0.8199999816715717,10.049999775364995,0.022248646452878485,0.7207763398855188,0.7430249863383973,0.24415008816828437,0.005590079799583065,5.0
2026-08-13 09:10:00,-0.0739135,-0.45530367197261173,0.8199999816715717,10.049999775364995,0.022248646452878485,0.7207763398855188,0.7430249863383973,0.2138078146528415,0.005590079799583065,5.0
2026-08-13 09:20:00,-0.0739135,-0.48114768422953064,0.8199999816715717,10.049999775364995,0.022248646452878485,0.7207763398855188,0.7430249863383973,0.1879638023959227,0.005590079799583065,5.0
2026-08-13 09:30:00,-0.0739135,-0.5023592706963959,0.8199999816715717,10.049999775364995,0.022248646452878485,0.7207763398855188,0.7430249863383973,0.16675221592905742,0.005590079799583065,5.0
2026-08-13 09:40:00,-0.0739135,-0.5188441232471306,0.8199999816715717,10.049999775364995,0.022248646452878485,0.7207763398855188,0.7430249863383973,0.1502673633783227,0.005590079799583065,5.0
2026-08-13 09:50:00,-0.0739135,-0.5305462263388862,0.8199999816715717,10.049999775364995,0.022248646452878485,0.7207763398855188,0.7430249863383973,0.13856526028656713,0.005590079799583065,5.0
2026-08-13 10:00:00,-0.0739135,-0.5374460949969952,0.8199999816715717,10.049999775364995,0.022248646452878485,0.7207763398855188,0.7430249863383973,0.13166539162845803,0.005590079799583065,5.0
2026-08-13 10:10:00,-0.0739135,-0.5395589329880762,0.8199999816715717,10.049999775364995,0.022248646452878485,0.7207763398855188,0.7430249863383973,0.12955255363737705,0.005590079799583065,5.0
2026-08-13 10:20:00,-0.0739135,-0.536932805779826,0.8199999816715717,10.049999775364995,0.022248646452878485,0.7207763398855188,0.7430249863383973,0.13217868084562723,0.005590079799583065,5.0
2026-08-13 10:30:00,-0.0739135,-0.5296468928068964,0.8199999816715717,10.049999775364995,0.022248646452878485,0.7207763398855188,0.7430249863383973,0.13946459381855691,0.005590079799583065,5.0
2026-08-13 10:40:00,-0.0739135,-0.5178098505125005,0.8199999816715717,10.049999775364995,0.022248646452878485,0.7207763398855188,0.7430249863383973,0.15130163611295278,0.005590079799583065,5.0
2026-08-13 10:50:00,-0.0739135,-0.5015582852242015,0.8199999816715717,10.049999775364995,0.022248646452878485,0.7207763398855188,0.7430249863383973,0.16755320140125174,0.005590079799583065,5.0
2026-08-13 11:00:00,-0.0739135,-0.48105530671682223,0.8199999816715717,10.049999775364995,0.022248646452878485,0.7207763398855188,0.7430249863383973,0.1880561799086311,0.005590079799583065,5.0
2026-08-13 11:10:00,-0.0739135,-0.45648911224351424,0.8199999816715717,10.049999775364995,0.022248646452878485,0.7207763398855188,0.7430249863383973,0.2126223743819391,0.005590079799583065,5.0
2026-08-13 11:20:00,-0.0739135,-0.428071539012244,0.8199999816715717,10.049999775364995,0.022248646452878485,0.7207763398855188,0.7430249863383973,0.24103994761320924,0.005590079799583065,5.0
2026-08-13 11:30:00,-0.0739135,-0.3960365218460133,0.8199999816715717,10.049999775364995,0.022248646452878485,0.7207763398855188,0.7430249863383973,0.27307496477944,0.005590079799583065,5.0
2026-08-13 11:40:00,-0.0739135,-0.36063840153183774,0.8199999816715717,10.049999775364995,0.022248646452878485,0.7207763398855188,0.7430249863383973,0.30847308509361554,0.005590079799583065,5.0
2026-08-13 11:50:00,-0.0739135,-0.32215004757691446,0.8199999816715717,10.049999775364995,0.022248646452878485,0.7207763398855188,0.7430249863383973,0.3469614390485388,0.005590079799583065,5.0
2026-08-13 12:00:00,-0.0739135,-0.28086078354658706,0.8499999810010195,10.129999773576856,0.02283229227013296,0.739684370845566,0.762516663115699,0.4077423798561679,0.005590079799583065,5.0
2026-08-13 12:10:00,-0.0739135,-0.23707413175242237,0.8499999810010195,10.129999773576856,0.02283229227013296,0.739684370845566,0.762516663115699,0.4515290316503326,0.005590079799583065,5.0
2026-08-13 12:20:00,-0.0739135,-0.19110542231191718,0.8499999810010195,10.129999773576856,0.02283229227013296,0.739684370845566,0.762516663115699,0.4974977410908378,0.005590079799583065,5.0
2026-08-13 12:30:00,-0.0739135,-0.14327933675916457,0.8499999810010195,10.129999773576856,0.02283229227013296,0.739684370845566,0.762516663115699,0.5453238266435904,0.005590079799583065,5.0
2026-08-13 12:40:00,-0.0739135,-0.09392747456644696,0.8499999810010195,10.129999773576856,0.02283229227013296,0.739684370845566,0.762516663115699,0.5946756888363081,0.005590079799583065,5.0
2026-08-13 12:50:00,-0.0739135,-0.04338604009059238,0.8499999810010195,10.129999773576856,0.02283229227013296,0.739684370845566,0.762516663115699,0.6452171233121626,0.005590079799583065,5.0
2026-08-13 13:00:00,-0.0739135,0.008006254174033337,0.8499999810010195,10.129999773576856,0.02283229227013296,0.739684370845566,0.762516663115699,0.6966094175767883,0.005590079799583065,5.0
2026-08-13 13:10:00,-0.0739135,0.05990998503956004,0.8499999810010195,10.129999773576856,0.02283229227013296,0.739684370845566,0.762516663115699,0.748513148442315,0.005590079799583065,5.0
2026-08-13 13:20:00,-0.0739135,0.11198645648549052,0.8499999810010195,10.129999773576856,0.02283229227013296,0.739684370845566,0.762516663115699,0.8005896198882455,0.005590079799583065,5.0
2026-08-13 13:30:00,-0.0739135,0.16389874916291955,0.8499999810010195,10.129999773576856,0.02283229227013296,0.739684370845566,0.762516663115699,0.8525019125656745,0.005590079799583065,5.0
2026-08-13 13:40:00,-0.0739135,0.21531238887118803,0.8499999810010195,10.129999773576856,0.02283229227013296,0.739684370845566,0.762516663115699,0.903915552273943,0.005590079799583065,5.0
2026-08-13 13:50:00,-0.0739135,0.2658956797218296,0.8499999810010195,10.129999773576856,0.02283229227013296,0.739684370845566,0.762516663115699,0.9544988431245846,0.005590079799583065,5.0
2026-08-13 14:00:00,-0.0739135,0.3153197834367865,0.8499999810010195,10.129999773576856,0.02283229227013296,0.739684370845566,0.762516663115699,1.0039229468395414,0.005590079799583065,5.0
2026-08-13 14:10:00,-0.0739135,0.36325865645346717,0.8499999810010195,10.129999773576856,0.02283229227013296,0.739684370845566,0.762516663115699,1.0518618198562222,0.005590079799583065,5.0
2026-08-13 14:20:00,-0.0739135,0.4093889774871161,0.8499999810010195,10.129999773576856,0.02283229227013296,0.739684370845566,0.762516663115699,1.097992140889871,0.005590079799583065,5.0
2026-08-13 14:30:00,-0.0739135,0.45339020788803835,0.8499999810010195,10.129999773576856,0.02283229227013296,0.739684370845566,0.762516663115699,1.1419933712907933,0.005590079799583065,5.0
2026-08-13 14:40:00,-0.0739135,0.4949449245323502,0.8499999810010195,10.129999773576856,0.02283229227013296,0.739684370845566,0.762516663115699,1.183548087935105,0.005590079799583065,5.0
2026-08-13 14:50:00,-0.0739135,0.5337395494012869,0.8499999810010195,10.129999773576856,0.02283229227013296,0.739684370845566,0.762516663115699,1.2223427128040418,0.005590079799583065,5.0
2026-08-13 15:00:00,-0.0739135,0.5694655737951987,0.909999979659915,10.199999772012234,0.023787646435646292,0.7706344189831682,0.7944220654188145,1.2899741395010693,0.005590079799583065,5.0
2026-08-13 15:10:00,-0.0739135,0.6018213393363057,0.909999979659915,10.199999772012234,0.023787646435646292,0.7706344189831682,0.7944220654188145,1.3223299050421762,0.005590079799583065,5.0
2026-08-13 15:20:00,-0.0739135,0.6305143968424332,0.909999979659915,10.199999772012234,0.023787646435646292,0.7706344189831682,0.7944220654188145,1.3510229625483037,0.005590079799583065,5.0
2026-08-13 15:30:00,-0.0739135,0.6552644205224303,0.909999979659915,10.199999772012234,0.023787646435646292,0.7706344189831682,0.7944220654188145,1.3757729862283008,0.005590079799583065,5.0
2026-08-13 15:40:00,-0.0739135,0.6758066131954644,0.909999979659915,10.199999772012234,0.023787646435646292,0.7706344189831682,0.7944220654188145,1.396315178901335,0.005590079799583065,5.0
2026-08-13 15:50:00,-0.0739135,0.6918955013528434,0.909999979659915,10.199999772012234,0.023787646435646292,0.7706344189831682,0.7944220654188145,1.412404067058714,0.005590079799583065,5.0
2026-08-13 16:00:00,-0.0739135,0.7033089901236818,0.909999979659915,10.199999772012234,0.023787646435646292,0.7706344189831682,0.7944220654188145,1.4238175558295523,0.005590079799583065,5.0
2026-08-13 16:10:00,-0.0739135,0.7098525294648573,0.909999979659915,10.199999772012234,0.023787646435646292,0.7706344189831682,0.7944220654188145,1.4303610951707277,0.005590079799583065,5.0
2026-08-13 16:20:00,-0.0739135,0.7113632349763296,0.909999979659915,10.199999772012234,0.023787646435646292,0.7706344189831682,0.7944220654188145,1.4318718006822002,0.005590079799583065,5.0
2026-08-13 16:30:00,-0.0739135,0.7077138098941379,0.909999979659915,10.199999772012234,0.023787646435646292,0.7706344189831682,0.7944220654188145,1.4282223756000083,0.005590079799583065,5.0
2026-08-13 16:40:00,-0.0739135,0.6988161274332159,0.909999979659915,10.199999772012234,0.023787646435646292,0.7706344189831682,0.7944220654188145,1.4193246931390864,0.005590079799583065,5.0
2026-08-13 16:50:00,-0.0739135,0.6846243530779859,0.909999979659915,10.199999772012234,0.023787646435646292,0.7706344189831682,0.7944220654188145,1.4051329187838564,0.005590079799583065,5.0
2026-08-13 17:00:00,-0.0739135,0.6651375118106557,0.909999979659915,10.199999772012234,0.023787646435646292,0.7706344189831682,0.7944220654188145,1.3856460775165262,0.005590079799583065,5.0
2026-08-13 17:10:00,-0.0739135,0.6404014328531612,0.909999979659915,10.199999772012234,0.023787646435646292,0.7706344189831682,0.7944220654188145,1.3609099985590318,0.005590079799583065,5.0
2026-08-13 17:20:00,-0.0739135,0.610510031427947,0.909999979659915,10.199999772012234,0.023787646435646292,0.7706344189831682,0.7944220654188145,1.3310185971338175,0.005590079799583065,5.0
2026-08-13 17:30:00,-0.0739135,0.5756059109601332,0.909999979659915,10.199999772012234,0.023787646435646292,0.7706344189831682,0.7944220654188145,1.2961144766660038,0.005590079799583065,5.0
2026-08-13 17:40:00,-0.0739135,0.5358802880884432,0.909999979659915,10.199999772012234,0.023787646435646292,0.7706344189831682,0.7944220654188145,1.2563888537943138,0.005590079799583065,5.0
2026-08-13 17:50:00,-0.0739135,0.49157225626748186,0.909999979659915,10.199999772012234,0.023787646435646292,0.7706344189831682,0.7944220654188145,1.2120808219733523,0.005590079799583065,5.0
2026-08-13 18:00:00,-0.0739135,0.44296741096577097,0.9599999785423279,12.11999972909689,0.029031457731154998,0.9405150955731865,0.9695465533043415,1.3386004645571683,0.005590079799583065,5.0
2026-08-13 18:10:00,-0.0739135,0.3903958620465822,0.9599999785423279,12.11999972909689,0.029031457731154998,0.9405150955731865,0.9695465533043415,1.2860289156379796,0.005590079799583065,5.0
2026-08-13 18:20:00,-0.0739135,0.33422965750023687,0.9599999785423279,12.11999972909689,0.029031457731154998,0.9405150955731865,0.9695465533043415,1.2298627110916343,0.005590079799583065,5.0
2026-08-13 18:30:00,-0.0739135,0.27487964010147165,0.9599999785423279,12.11999972909689,0.029031457731154998,0.9405150955731865,0.9695465533043415,1.1705126936928691,0.005590079799583065,5.0
2026-08-13 18:40:00,-0.0739135,0.21279175610163076,0.9599999785423279,12.11999972909689,0.029031457731154998,0.9405150955731865,0.9695465533043415,1.1084248096930283,0.005590079799583065,5.0
2026-08-13 18:50:00,-0.0739135,0.14844283539308092,0.9599999785423279,12.11999972909689,0.029031457731154998,0.9405150955731865,0.9695465533043415,1.0440758889844783,0.005590079799583065,5.0
2026-08-13 19:00:00,-0.0739135,0.08233586700272684,0.9599999785423279,12.11999972909689,0.029031457731154998,0.9405150955731865,0.9695465533043415,0.9779689205941243,0.005590079799583065,5.0
2026-08-13 19:10:00,-0.0739135,0.014994802928054714,0.9599999785423279,12.11999972909689,0.029031457731154998,0.9405150955731865,0.9695465533043415,0.9106278565194521,0.005590079799583065,5.0
2026-08-13 19:20:00,-0.0739135,-0.05304106174703208,0.9599999785423279,12.11999972909689,0.029031457731154998,0.9405150955731865,0.9695465533043415,0.8425919918443654,0.005590079799583065,5.0
2026-08-13 19:30:00,-0.0739135,-0.12122306597494026,0.9599999785423279,12.11999972909689,0.029031457731154998,0.9405150955731865,0.9695465533043415,0.7744099876164572,0.005590079799583065,5.0
2026-08-13 19:40:00,-0.0739135,-0.1889994283918503,0.9599999785423279,12.11999972909689,0.029031457731154998,0.9405150955731865,0.9695465533043415,0.7066336251995471,0.005590079799583065,5.0
2026-08-13 19:50:00,-0.0739135,-0.2558216505853743,0.9599999785423279,12.11999972909689,0.029031457731154998,0.9405150955731865,0.9695465533043415,0.6398114030060231,0.005590079799583065,5.0
2026-08-13 20:00:00,-0.0739135,-0.3211509462451558,0.9599999785423279,12.11999972909689,0.029031457731154998,0.9405150955731865,0.9695465533043415,0.5744821073462416,0.005590079799583065,5.0
2026-08-13 20:10:00,-0.0739135,-0.38446454862280294,0.9599999785423279,12.11999972909689,0.029031457731154998,0.9405150955731865,0.9695465533043415,0.5111685049685946,0.005590079799583065,5.0
2026-08-13 20:20:00,-0.0739135,-0.44526173964016097,0.9599999785423279,12.11999972909689,0.029031457731154998,0.9405150955731865,0.9695465533043415,0.4503713139512364,0.005590079799583065,5.0
2026-08-13 20:30:00,-0.0739135,-0.5030694439472804,0.9599999785423279,12.11999972909689,0.029031457731154998,0.9405150955731865,0.9695465533043415,0.3925636096441171,0.005590079799583065,5.0
2026-08-13 20:40:00,-0.0739135,-0.5574472412627054,0.9599999785423279,12.11999972909689,0.029031457731154998,0.9405150955731865,0.9695465533043415,0.33818581232869205,0.005590079799583065,5.0
2026-08-13 20:50:00,-0.0739135,-0.6079916702243642,0.9599999785423279,12.11999972909689,0.029031457731154998,0.9405150955731865,0.9695465533043415,0.28764138336703327,0.005590079799583065,5.0
2026-08-13 21:00:00,-0.0739135,-0.654339726483708,0.979999978095293,12.129999728873372,0.02935651146390202,0.9510456705567811,0.9804021820206832,0.2521489558240312,0.005590079799583065,5.0
2026-08-13 21:10:00,-0.0739135,-0.696171494054599,0.979999978095293,12.129999728873372,0.02935651146390202,0.9510456705567811,0.9804021820206832,0.21031718825314016,0.005590079799583065,5.0
2026-08-13 21:20:00,-0.0739135,-0.7332118901754032,0.979999978095293,12.129999728873372,0.02935651146390202,0.9510456705567811,0.9804021820206832,0.17327679213233593,0.005590079799583065,5.0
2026-08-13 21:30:00,-0.0739135,-0.7652315461105026,0.979999978095293,12.129999728873372,0.02935651146390202,0.9510456705567811,0.9804021820206832,0.14125713619723657,0.005590079799583065,5.0
2026-08-13 21:40:00,-0.0739135,-0.7920468863772512,0.979999978095293,12.129999728873372,0.02935651146390202,0.9510456705567811,0.9804021820206832,0.11444179593048798,0.005590079799583065,5.0
2026-08-13 21:50:00,-0.0739135,-0.8135195031177949,0.979999978095293,12.129999728873372,0.02935651146390202,0.9510456705567811,0.9804021820206832,0.0929691791899443,0.005590079799583065,5.0
2026-08-13 22:00:00,-0.0739135,-0.8295549480542317,0.979999978095293,12.129999728873372,0.02935651146390202,0.9510456705567811,0.9804021820206832,0.07693373425350747,0.005590079799583065,5.0
2026-08-13 22:10:00,-0.0739135,-0.840101079533485,0.979999978095293,12.129999728873372,0.02935651146390202,0.9510456705567811,0.9804021820206832,0.06638760277425415,0.005590079799583065,5.0
2026-08-13 22:20:00,-0.0739135,-0.8451461054305601,0.979999978095293,12.129999728873372,0.02935651146390202,0.9510456705567811,0.9804021820206832,0.061342576877179034,0.005590079799583065,5.0
2026-08-13 22:30:00,-0.0739135,-0.8447164544938522,0.979999978095293,12.129999728873372,0.02935651146390202,0.9510456705567811,0.9804021820206832,0.061772227813886915,0.005590079799583065,5.0
2026-08-13 22:40:00,-0.0739135,-0.8388745900390623,0.979999978095293,12.129999728873372,0.02935651146390202,0.9510456705567811,0.9804021820206832,0.06761409226867687,0.005590079799583065,5.0
2026-08-13 22:50:00,-0.0739135,-0.8277168533375965,0.979999978095293,12.129999728873372,0.02935651146390202,0.9510456705567811,0.9804021820206832,0.07877182897014268,0.005590079799583065,5.0
2026-08-13 23:00:00,-0.0739135,-0.8113713924359601,0.979999978095293,12.129999728873372,0.02935651146390202,0.9510456705567811,0.9804021820206832,0.09511728987177903,0.005590079799583065,5.0
2026-08-13 23:10:00,-0.0739135,-0.7899961991661759,0.979999978095293,12.129999728873372,0.02935651146390202,0.9510456705567811,0.9804021820206832,0.11649248314156324,0.005590079799583065,5.0
2026-08-13 23:20:00,-0.0739135,-0.7637772463109282,0.979999978095293,12.129999728873372,0.02935651146390202,0.9510456705567811,0.9804021820206832,0.1427114359968109,0.005590079799583065,5.0
2026-08-13 23:30:00,-0.0739135,-0.7329266916127535,0.979999978095293,12.129999728873372,0.02935651146390202,0.9510456705567811,0.9804021820206832,0.17356199069498568,0.005590079799583065,5.0
2026-08-13 23:40:00,-0.0739135,-0.6976810981410035,0.979999978095293,12.129999728873372,0.02935651146390202,0.9510456705567811,0.9804021820206832,0.20880758416673562,0.005590079799583065,5.0
2026-08-13 23:50:00,-0.0739135,-0.6582996132388133,0.979999978095293,12.129999728873372,0.02935651146390202,0.9510456705567811,0.9804021820206832,0.2481890690689259,0.005590079799583065,5.0
2026-08-14 00:00:00,-0.09197526,-0.6150620512318116,0.9899999778717756,12.169999727979302,0.02960320839304048,0.9590377661668227,0.9886409745598632,0.2816036665274001,0.005590079799583065,5.0
2026-08-14 00:10:00,-0.09197526,-0.5682668379155967,0.9899999778717756,12.169999727979302,0.02960320839304048,0.9590377661668227,0.9886409745598632,0.32839887984361493,0.005590079799583065,5.0
2026-08-14 00:20:00,-0.09197526,-0.5182287954166511,0.9899999778717756,12.169999727979302,0.02960320839304048,0.9590377661668227,0.9886409745598632,0.37843692234256054,0.005590079799583065,5.0
2026-08-14 00:30:00,-0.09197526,-0.4652767720637084,0.9899999778717756,12.169999727979302,0.02960320839304048,0.9590377661668227,0.9886409745598632,0.43138894569550335,0.005590079799583065,5.0
2026-08-14 00:40:00,-0.09197526,-0.4097511496876747,0.9899999778717756,12.169999727979302,0.02960320839304048,0.9590377661668227,0.9886409745598632,0.486914568071537,0.005590079799583065,5.0
2026-08-14 00:50:00,-0.09197526,-0.3520012870596721,0.9899999778717756,12.169999727979302,0.02960320839304048,0.9590377661668227,0.9886409745598632,0.5446644306995396,0.005590079799583065,5.0
2026-08-14 01:00:00,-0.09197526,-0.2923829793326917,0.9899999778717756,12.169999727979302,0.02960320839304048,0.9590377661668227,0.9886409745598632,0.6042827384265199,0.005590079799583065,5.0
2026-08-14 01:10:00,-0.09197526,-0.23125602648354984,0.9899999778717756,12.169999727979302,0.02960320839304048,0.9590377661668227,0.9886409745598632,0.6654096912756619,0.005590079799583065,5.0
2026-08-14 01:20:00,-0.09197526,-0.16898200700115204,0.9899999778717756,12.169999727979302,0.02960320839304048,0.9590377661668227,0.9886409745598632,0.7276837107580596,0.005590079799583065,5.0
2026-08-14 01:30:00,-0.09197526,-0.10592234513474083,0.9899999778717756,12.169999727979302,0.02960320839304048,0.9590377661668227,0.9886409745598632,0.7907433726244708,0.005590079799583065,5.0
2026-08-14 01:40:00,-0.09197526,-0.042436741570591865,0.9899999778717756,12.169999727979302,0.02960320839304048,0.9590377661668227,0.9886409745598632,0.8542289761886198,0.005590079799583065,5.0
2026-08-14 01:50:00,-0.09197526,0.021117990540751076,0.9899999778717756,12.169999727979302,0.02960320839304048,0.9590377661668227,0.9886409745598632,0.9177837082999627,0.005590079799583065,5.0
2026-08-14 02:00:00,-0.09197526,0.08438867676903883,0.9899999778717756,12.169999727979302,0.02960320839304048,0.9590377661668227,0.9886409745598632,0.9810543945282505,0.005590079799583065,5.0
2026-08-14 02:10:00,-0.09197526,0.14702615053379856,0.9899999778717756,12.169999727979302,0.02960320839304048,0.9590377661668227,0.9886409745598632,1.0436918682930103,0.005590079799583065,5.0
2026-08-14 02:20:00,-0.09197526,0.20868530858445136,0.9899999778717756,12.169999727979302,0.02960320839304048,0.9590377661668227,0.9886409745598632,1.105351026343663,0.005590079799583065,5.0
2026-08-14 02:30:00,-0.09197526,0.26902495491968853,0.9899999778717756,12.169999727979302,0.02960320839304048,0.9590377661668227,0.9886409745598632,1.1656906726789003,0.005590079799583065,5.0
2026-08-14 02:40:00,-0.09197526,0.32770756124034095,0.9899999778717756,12.169999727979302,0.02960320839304048,0.9590377661668227,0.9886409745598632,1.2243732789995527,0.005590079799583065,5.0
2026-08-14 02:50:00,-0.09197526,0.38439908763588415,0.9899999778717756,12.169999727979302,0.02960320839304048,0.9590377661668227,0.9886409745598632,1.2810648053950957,0.005590079799583065,5.0
2026-08-14 03:00:00,-0.09197526,0.43876901072750957,0.9999999776482582,12.109999729320407,0.029605660187652864,0.9591171955177547,0.9887228557054075,1.3355166096322655,0.005590079799583065,5.0
2026-08-14 03:10:00,-0.09197526,0.49049069705704545,0.9999999776482582,12.109999729320407,0.029605660187652864,0.9591171955177547,0.9887228557054075,1.3872382959618015,0.005590079799583065,5.0
2026-08-14 03:20:00,-0.09197526,0.5392422381409725,0.9999999776482582,12.109999729320407,0.029605660187652864,0.9591171955177547,0.9887228557054075,1.4359898370457285,0.005590079799583065,5.0
2026-08-14 03:30:00,-0.09197526,0.5847078316443625,0.9999999776482582,12.109999729320407,0.029605660187652864,0.9591171955177547,0.9887228557054075,1.4814554305491185,0.005590079799583065,5.0
2026-08-14 03:40:00,-0.09197526,0.6265797537824098,0.9999999776482582,12.109999729320407,0.029605660187652864,0.9591171955177547,0.9887228557054075,1.5233273526871658,0.005590079799583065,5.0
2026-08-14 03:50:00,-0.09197526,0.6645609243962356,0.9999999776482582,12.109999729320407,0.029605660187652864,0.9591171955177547,0.9887228557054075,1.5613085233009916,0.005590079799583065,5.0
2026-08-14 04:00:00,-0.09197526,0.6983680221909656,0.9999999776482582,12.109999729320407,0.029605660187652864,0.9591171955177547,0.9887228557054075,1.5951156210957216,0.005590079799583065,5.0
2026-08-14 04:10:00,-0.09197526,0.7277350670092154,0.9999999776482582,12.109999729320407,0.029605660187652864,0.9591171955177547,0.9887228557054075,1.6244826659139715,0.005590079799583065,5.0
2026-08-14 04:20:00,-0.09197526,0.7524173519194531,0.9999999776482582,12.109999729320407,0.029605660187652864,0.9591171955177547,0.9887228557054075,1.649164950824209,0.005590079799583065,5.0
2026-08-14 04:30:00,-0.09197526,0.7721955830522724,0.9999999776482582,12.109999729320407,0.029605660187652864,0.9591171955177547,0.9887228557054075,1.6689431819570284,0.005590079799583065,5.0
2026-08-14 04:40:00,-0.09197526,0.7868800708462024,0.9999999776482582,12.109999729320407,0.029605660187652864,0.9591171955177547,0.9887228557054075,1.6836276697509582,0.005590079799583065,5.0
2026-08-14 04:50:00,-0.09197526,0.7963148133489145,0.9999999776482582,12.109999729320407,0.029605660187652864,0.9591171955177547,0.9887228557054075,1.6930624122536706,0.005590079799583065,5.0
2026-08-14 05:00:00,-0.09197526,0.8003813196326734,0.9999999776482582,12.109999729320407,0.029605660187652864,0.9591171955177547,0.9887228557054075,1.6971289185374294,0.005590079799583065,5.0
2026-08-14 05:10:00,-0.09197526,0.7990020378114178,0.9999999776482582,12.109999729320407,0.029605660187652864,0.9591171955177547,0.9887228557054075,1.6957496367161737,0.005590079799583065,5.0
2026-08-14 05:20:00,-0.09197526,0.7921432751141444,0.9999999776482582,12.109999729320407,0.029605660187652864,0.9591171955177547,0.9887228557054075,1.6888908740189004,0.005590079799583065,5.0
2026-08-14 05:30:00,-0.09197526,0.7798175242977265,0.9999999776482582,12.109999729320407,0.029605660187652864,0.9591171955177547,0.9887228557054075,1.6765651232024825,0.005590079799583065,5.0
2026-08-14 05:40:00,-0.09197526,0.7620851384198951,0.9999999776482582,12.109999729320407,0.029605660187652864,0.9591171955177547,0.9887228557054075,1.658832737324651,0.005590079799583065,5.0
2026-08-14 05:50:00,-0.09197526,0.7390553220215001,0.9999999776482582,12.109999729320407,0.029605660187652864,0.9591171955177547,0.9887228557054075,1.6358029209262561,0.005590079799583065,5.0
2026-08-14 06:00:00,-0.09197526,0.7108864288752663,1.0099999774247408,12.069999730214477,0.029655043393762827,0.9607170342597264,0.9903720776534892,1.609283249728104,0.005590079799583065,5.0
2026-08-14 06:10:00,-0.09197526,0.6777855733431626,1.0099999774247408,12.069999730214477,0.029655043393762827,0.9607170342597264,0.9903720776534892,1.5761823941960003,0.005590079799583065,5.0
2026-08-14 06:20:00,-0.09197526,0.640007573348749,1.0099999774247408,12.069999730214477,0.029655043393762827,0.9607170342597264,0.9903720776534892,1.5384043942015868,0.005590079799583065,5.0
2026-08-14 06:30:00,-0.09197526,0.5978532485603678,1.0099999774247408,12.069999730214477,0.029655043393762827,0.9607170342597264,0.9903720776534892,1.4962500694132055,0.005590079799583065,5.0
2026-08-14 06:40:00,-0.09197526,0.5516670984708989,1.0099999774247408,12.069999730214477,0.029655043393762827,0.9607170342597264,0.9903720776534892,1.4500639193237366,0.005590079799583065,5.0
2026-08-14 06:50:00,-0.09197526,0.5018343836189675,1.0099999774247408,12.069999730214477,0.029655043393762827,0.9607170342597264,0.9903720776534892,1.400231204471805,0.005590079799583065,5.0
2026-08-14 07:00:00,-0.09197526,0.44877763111731056,1.0099999774247408,12.069999730214477,0.029655043393762827,0.9607170342597264,0.9903720776534892,1.3471744519701483,0.005590079799583065,5.0
2026-08-14 07:10:00,-0.09197526,0.3929525850146031,1.0099999774247408,12.069999730214477,0.029655043393762827,0.9607170342597264,0.9903720776534892,1.2913494058674408,0.005590079799583065,5.0
2026-08-14 07:20:00,-0.09197526,0.3348436248359204,1.0099999774247408,12.069999730214477,0.029655043393762827,0.9607170342597264,0.9903720776534892,1.233240445688758,0.005590079799583065,5.0
2026-08-14 07:30:00,-0.09197526,0.27495868284223657,1.0099999774247408,12.069999730214477,0.029655043393762827,0.9607170342597264,0.9903720776534892,1.1733555036950742,0.005590079799583065,5.0
2026-08-14 07:40:00,-0.09197526,0.21382370310929907,1.0099999774247408,12.069999730214477,0.029655043393762827,0.9607170342597264,0.9903720776534892,1.1122205239621368,0.005590079799583065,5.0
2026-08-14 07:50:00,-0.09197526,0.15197670264506508,1.0099999774247408,12.069999730214477,0.029655043393762827,0.9607170342597264,0.9903720776534892,1.0503735234979028,0.005590079799583065,5.0
2026-08-14 08:00:00,-0.09197526,0.08996151575849495,1.0099999774247408,12.069999730214477,0.029655043393762827,0.9607170342597264,0.9903720776534892,0.9883583366113327,0.005590079799583065,5.0
2026-08-14 08:10:00,-0.09197526,0.028321325503999937,1.0099999774247408,12.069999730214477,0.029655043393762827,0.9607170342597264,0.9903720776534892,0.9267181463568376,0.005590079799583065,5.0
2026-08-14 08:20:00,-0.09197526,-0.03240789196753556,1.0099999774247408,12.069999730214477,0.029655043393762827,0.9607170342597264,0.9903720776534892,0.8659889288853021,0.005590079799583065,5.0
2026-08-14 08:30:00,-0.09197526,-0.09170386561456648,1.0099999774247408,12.069999730214477,0.029655043393762827,0.9607170342597264,0.9903720776534892,0.8066929552382712,0.005590079799583065,5.0
2026-08-14 08:40:00,-0.09197526,-0.14906431307909146,1.0099999774247408,12.069999730214477,0.029655043393762827,0.9607170342597264,0.9903720776534892,0.7493325077737463,0.005590079799583065,5.0
2026-08-14 08:50:00,-0.09197526,-0.2040128477489211,1.0099999774247408,12.069999730214477,0.029655043393762827,0.9607170342597264,0.9903720776534892,0.6943839731039165,0.005590079799583065,5.0
2026-08-14 09:00:00,-0.09197526,-0.2561043526414774,1.0199999772012234,11.96999973244965,0.0295545834837818,0.9574624935228457,0.9870170770066276,0.6389374675644985,0.005590079799583065,5.0
2026-08-14 09:10:00,-0.09197526,-0.30492967971095136,1.0199999772012234,11.96999973244965,0.0295545834837818,0.9574624935228457,0.9870170770066276,0.5901121404950247,0.005590079799583065,5.0
2026-08-14 09:20:00,-0.09197526,-0.3501195586064129,1.0199999772012234,11.96999973244965,0.0295545834837818,0.9574624935228457,0.9870170770066276,0.544922261599563,0.005590079799583065,5.0
2026-08-14 09:30:00,-0.09197526,-0.3913476325390272,1.0199999772012234,11.96999973244965,0.0295545834837818,0.9574624935228457,0.9870170770066276,0.5036941876669487,0.005590079799583065,5.0
2026-08-14 09:40:00,-0.09197526,-0.4283325789058951,1.0199999772012234,11.96999973244965,0.0295545834837818,0.9574624935228457,0.9870170770066276,0.46670924130008085,0.005590079799583065,5.0
2026-08-14 09:50:00,-0.09197526,-0.4608393151515425,1.0199999772012234,11.96999973244965,0.0295545834837818,0.9574624935228457,0.9870170770066276,0.4342025050544336,0.005590079799583065,5.0
2026-08-14 10:00:00,-0.09197526,-0.4886793328374222,1.0199999772012234,11.96999973244965,0.0295545834837818,0.9574624935228457,0.9870170770066276,0.40636248736855385,0.005590079799583065,5.0
2026-08-14 10:10:00,-0.09197526,-0.5117102414284811,1.0199999772012234,11.96999973244965,0.0295545834837818,0.9574624935228457,0.9870170770066276,0.3833315787774949,0.005590079799583065,5.0
2026-08-14 10:20:00,-0.09197526,-0.5298346345590593,1.0199999772012234,11.96999973244965,0.0295545834837818,0.9574624935228457,0.9870170770066276,0.3652071856469167,0.005590079799583065,5.0
2026-08-14 10:30:00,-0.09197526,-0.5429984131571801,1.0199999772012234,11.96999973244965,0.0295545834837818,0.9574624935228457,0.9870170770066276,0.3520434070487959,0.005590079799583065,5.0
2026-08-14 10:40:00,-0.09197526,-0.5511887099500047,1.0199999772012234,11.96999973244965,0.0295545834837818,0.9574624935228457,0.9870170770066276,0.3438531102559713,0.005590079799583065,5.0
2026-08-14 10:50:00,-0.09197526,-0.554431558171134,1.0199999772012234,11.96999973244965,0.0295545834837818,0.9574624935228457,0.9870170770066276,0.340610262034842,0.005590079799583065,5.0
2026-08-14 11:00:00,-0.09197526,-0.5527894343238722,1.0199999772012234,11.96999973244965,0.0295545834837818,0.9574624935228457,0.9870170770066276,0.3422523858821038,0.005590079799583065,5.0
2026-08-14 11:10:00,-0.09197526,-0.5463587824327231,1.0199999772012234,11.96999973244965,0.0295545834837818,0.9574624935228457,0.9870170770066276,0.34868303777325294,0.005590079799583065,5.0
2026-08-14 11:20:00,-0.09197526,-0.5352675979967161,1.0199999772012234,11.96999973244965,0.0295545834837818,0.9574624935228457,0.9870170770066276,0.3597742222092599,0.005590079799583065,5.0
2026-08-14 11:30:00,-0.09197526,-0.5196731172305326,1.0199999772012234,11.96999973244965,0.0295545834837818,0.9574624935228457,0.9870170770066276,0.37536870297544345,0.005590079799583065,5.0
2026-08-14 11:40:00,-0.09197526,-0.499759624702556,1.0199999772012234,11.96999973244965,0.0295545834837818,0.9574624935228457,0.9870170770066276,0.39528219550342003,0.005590079799583065,5.0
2026-08-14 11:50:00,-0.09197526,-0.47573636374253914,1.0199999772012234,11.96999973244965,0.0295545834837818,0.9574624935228457,0.9870170770066276,0.41930545646343687,0.005590079799583065,5.0
2026-08-14 12:00:00,-0.09197526,-0.44783551193992666,1.0399999767541885,11.88999973423779,0.029643476231620274,0.9603422996973509,0.9899857759289711,0.4501750071883929,0.005590079799583065,5.0
2026-08-14 12:10:00,-0.09197526,-0.4163101709901031,1.0399999767541885,11.88999973423779,0.029643476231620274,0.9603422996973509,0.9899857759289711,0.4817003481382164,0.005590079799583065,5.0
2026-08-14 12:20:00,-0.09197526,-0.3814323171938394,1.0399999767541885,11.88999973423779,0.029643476231620274,0.9603422996973509,0.9899857759289711,0.5165782019344801,0.005590079799583065,5.0
2026-08-14 12:30:00,-0.09197526,-0.3434906660556575,1.0399999767541885,11.88999973423779,0.029643476231620274,0.9603422996973509,0.9899857759289711,0.554519853072662,0.005590079799583065,5.0
2026-08-14 12:40:00,-0.09197526,-0.3027884205065476,1.0399999767541885,11.88999973423779,0.029643476231620274,0.9603422996973509,0.9899857759289711,0.595222098621772,0.005590079799583065,5.0
2026-08-14 12:50:00,-0.09197526,-0.2596408950775449,1.0399999767541885,11.88999973423779,0.029643476231620274,0.9603422996973509,0.9899857759289711,0.6383696240507746,0.005590079799583065,5.0
2026-08-14 13:00:00,-0.09197526,-0.2143730348506453,1.0399999767541885,11.88999973423779,0.029643476231620274,0.9603422996973509,0.9899857759289711,0.6836374842776742,0.005590079799583065,5.0
2026-08-14 13:10:00,-0.09197526,-0.16731687469665846,1.0399999767541885,11.88999973423779,0.029643476231620274,0.9603422996973509,0.9899857759289711,0.7306936444316611,0.005590079799583065,5.0
2026-08-14 13:20:00,-0.09197526,-0.1188090077577954,1.0399999767541885,11.88999973423779,0.029643476231620274,0.9603422996973509,0.9899857759289711,0.7792015113705242,0.005590079799583065,5.0
2026-08-14 13:30:00,-0.09197526,-0.06918814907078075,1.0399999767541885,11.88999973423779,0.029643476231620274,0.9603422996973509,0.9899857759289711,0.8288223700575388,0.005590079799583065,5.0
2026-08-14 13:40:00,-0.09197526,-0.018792888007582848,1.0399999767541885,11.88999973423779,0.029643476231620274,0.9603422996973509,0.9899857759289711,0.8792176311207367,0.005590079799583065,5.0
2026-08-14 13:50:00,-0.09197526,0.032040279299700984,1.0399999767541885,11.88999973423779,0.029643476231620274,0.9603422996973509,0.9899857759289711,0.9300507984280205,0.005590079799583065,5.0
2026-08-14 14:00:00,-0.09197526,0.08297856010332068,1.0399999767541885,11.88999973423779,0.029643476231620274,0.9603422996973509,0.9899857759289711,0.9809890792316402,0.005590079799583065,5.0
2026-08-14 14:10:00,-0.09197526,0.1336940639296065,1.0399999767541885,11.88999973423779,0.029643476231620274,0.9603422996973509,0.9899857759289711,1.0317045830579261,0.005590079799583065,5.0
2026-08-14 14:20:00,-0.09197526,0.18386456814298743,1.0399999767541885,11.88999973423779,0.029643476231620274,0.9603422996973509,0.9899857759289711,1.081875087271307,0.005590079799583065,5.0
2026-08-14 14:30:00,-0.09197526,0.2331738650069619,1.0399999767541885,11.88999973423779,0.029643476231620274,0.9603422996973509,0.9899857759289711,1.1311843841352816,0.005590079799583065,5.0
2026-08-14 14:40:00,-0.09197526,0.2813117436223347,1.0399999767541885,11.88999973423779,0.029643476231620274,0.9603422996973509,0.9899857759289711,1.179322262750654,0.005590079799583065,5.0
2026-08-14 14:50:00,-0.09197526,0.32797369623969697,1.0399999767541885,11.88999973423779,0.029643476231620274,0.9603422996973509,0.9899857759289711,1.2259842153680165,0.005590079799583065,5.0
2026-08-14 15:00:00,-0.09197526,0.37286046879731866,1.1099999751895666,11.76999973692,0.030315766901920206,0.9821221059298002,1.0124378728317205,1.2933230848283876,0.005590079799583065,5.0
2026-08-14 15:10:00,-0.09197526,0.4156775965717159,1.1099999751895666,11.76999973692,0.030315766901920206,0.9821221059298002,1.0124378728317205,1.3361402126027848,0.005590079799583065,5.0
2026-08-14 15:20:00,-0.09197526,0.456135075441174,1.1099999751895666,11.76999973692,0.030315766901920206,0.9821221059298002,1.0124378728317205,1.3765976914722429,0.005590079799583065,5.0
2026-08-14 15:30:00,-0.09197526,0.49394731624675503,1.1099999751895666,11.76999973692,0.030315766901920206,0.9821221059298002,1.0124378728317205,1.4144099322778239,0.005590079799583065,5.0
2026-08-14 15:40:00,-0.09197526,0.5288335138311954,1.1099999751895666,11.76999973692,0.030315766901920206,0.9821221059298002,1.0124378728317205,1.4492961298622644,0.005590079799583065,5.0
2026-08-14 15:50:00,-0.09197526,0.5605185351678152,1.1099999751895666,11.76999973692,0.030315766901920206,0.9821221059298002,1.0124378728317205,1.4809811511988842,0.005590079799583065,5.0
2026-08-14 16:00:00,-0.09197526,0.5887343944110005,1.1099999751895666,11.76999973692,0.030315766901920206,0.9821221059298002,1.0124378728317205,1.5091970104420693,0.005590079799583065,5.0
2026-08-14 16:10:00,-0.09197526,0.6132223402974907,1.1099999751895666,11.76999973692,0.030315766901920206,0.9821221059298002,1.0124378728317205,1.5336849563285595,0.005590079799583065,5.0
2026-08-14 16:20:00,-0.09197526,0.6337355363942002,1.1099999751895666,11.76999973692,0.030315766901920206,0.9821221059298002,1.0124378728317205,1.5541981524252693,0.005590079799583065,5.0
2026-08-14 16:30:00,-0.09197526,0.6500422713054316,1.1099999751895666,11.76999973692,0.030315766901920206,0.9821221059298002,1.0124378728317205,1.5705048873365004,0.005590079799583065,5.0
2026-08-14 16:40:00,-0.09197526,0.6619295975442343,1.1099999751895666,11.76999973692,0.030315766901920206,0.9821221059298002,1.0124378728317205,1.5823922135753032,0.005590079799583065,5.0
2026-08-14 16:50:00,-0.09197526,0.6692072673256914,1.1099999751895666,11.76999973692,0.030315766901920206,0.9821221059298002,1.0124378728317205,1.5896698833567604,0.005590079799583065,5.0
2026-08-14 17:00:00,-0.09197526,0.671711813221783,1.1099999751895666,11.76999973692,0.030315766901920206,0.9821221059298002,1.0124378728317205,1.592174429252852,0.005590079799583065,5.0
2026-08-14 17:10:00,-0.09197526,0.6693106123979463,1.1099999751895666,11.76999973692,0.030315766901920206,0.9821221059298002,1.0124378728317205,1.5897732284290154,0.005590079799583065,5.0
2026-08-14 17:20:00,-0.09197526,0.6619057750158792,1.1099999751895666,11.76999973692,0.030315766901920206,0.9821221059298002,1.0124378728317205,1.5823683910469482,0.005590079799583065,5.0
2026-08-14 17:30:00,-0.09197526,0.6494377092404701,1.1099999751895666,11.76999973692,0.030315766901920206,0.9821221059298002,1.0124378728317205,1.569900325271539,0.005590079799583065,5.0
2026-08-14 17:40:00,-0.09197526,0.6318882351480121,1.1099999751895666,11.76999973692,0.030315766901920206,0.9821221059298002,1.0124378728317205,1.5523508511790811,0.005590079799583065,5.0
2026-08-14 17:50:00,-0.09197526,0.6092831450856516,1.1099999751895666,11.76999973692,0.030315766901920206,0.9821221059298002,1.0124378728317205,1.5297457611167204,0.005590079799583065,5.0
2026-08-14 18:00:00,-0.09197526,0.5816941358502699,1.1299999747425318,10.06999977491796,0.026169733449195886,0.8478054937517624,0.8739752272009583,1.3636941062505765,0.005590079799583065,5.0
2026-08-14 18:10:00,-0.09197526,0.5492400655583826,1.1299999747425318,10.06999977491796,0.026169733449195886,0.8478054937517624,0.8739752272009583,1.3312400359586893,0.005590079799583065,5.0
2026-08-14 18:20:00,-0.09197526,0.5120875128569883,1.1299999747425318,10.06999977491796,0.026169733449195886,0.8478054937517624,0.8739752272009583,1.294087483257295,0.005590079799583065,5.0
2026-08-14 18:30:00,-0.09197526,0.47045063627317363,1.1299999747425318,10.06999977491796,0.026169733449195886,0.8478054937517624,0.8739752272009583,1.2524506066734804,0.005590079799583065,5.0
2026-08-14 18:40:00,-0.09197526,0.42459034612038005,1.1299999747425318,10.06999977491796,0.026169733449195886,0.8478054937517624,0.8739752272009583,1.2065903165206868,0.005590079799583065,5.0
2026-08-14 18:50:00,-0.09197526,0.37481281017134577,1.1299999747425318,10.06999977491796,0.026169733449195886,0.8478054937517624,0.8739752272009583,1.1568127805716526,0.005590079799583065,5.0
2026-08-14 19:00:00,-0.09197526,0.3214673181656786,1.1299999747425318,10.06999977491796,0.026169733449195886,0.8478054937517624,0.8739752272009583,1.1034672885659853,0.005590079799583065,5.0
2026-08-14 19:10:00,-0.09197526,0.26494353040542934,1.1299999747425318,10.06999977491796,0.026169733449195886,0.8478054937517624,0.8739752272009583,1.0469435008057362,0.005590079799583065,5.0
2026-08-14 19:20:00,-0.09197526,0.20566813423499775,1.1299999747425318,10.06999977491796,0.026169733449195886,0.8478054937517624,0.8739752272009583,0.9876681046353045,0.005590079799583065,5.0
2026-08-14 19:30:00,-0.09197526,0.14410093104882132,1.1299999747425318,10.06999977491796,0.026169733449195886,0.8478054937517624,0.8739752272009583,0.9261009014491282,0.005590079799583065,5.0
2026-08-14 19:40:00,-0.09197526,0.08073037775543317,1.1299999747425318,10.06999977491796,0.026169733449195886,0.8478054937517624,0.8739752272009583,0.8627303481557399,0.005590079799583065,5.0
2026-08-14 19:50:00,-0.09197526,0.01606861183299046,1.1299999747425318,10.06999977491796,0.026169733449195886,0.8478054937517624,0.8739752272009583,0.7980685822332972,0.005590079799583065,5.0
2026-08-14 20:00:00,-0.09197526,-0.04935400092091487,1.1299999747425318,10.06999977491796,0.026169733449195886,0.8478054937517624,0.8739752272009583,0.7326459694793919,0.005590079799583065,5.0
2026-08-14 20:10:00,-0.09197526,-0.11499474168008732,1.1299999747425318,10.06999977491796,0.026169733449195886,0.8478054937517624,0.8739752272009583,0.6670052287202195,0.005590079799583065,5.0
2026-08-14 20:20:00,-0.09197526,-0.18030476349861654,1.1299999747425318,10.06999977491796,0.026169733449195886,0.8478054937517624,0.8739752272009583,0.6016952069016902,0.005590079799583065,5.0
2026-08-14 20:30:00,-0.09197526,-0.24473557023698564,1.1299999747425318,10.06999977491796,0.026169733449195886,0.8478054937517624,0.8739752272009583,0.5372644001633211,0.005590079799583065,5.0
2026-08-14 20:40:00,-0.09197526,-0.3077456314754613,1.1299999747425318,10.06999977491796,0.026169733449195886,0.8478054937517624,0.8739752272009583,0.4742543389248455,0.005590079799583065,5.0
2026-08-14 20:50:00,-0.09197526,-0.36880699468700884,1.1299999747425318,10.06999977491796,0.026169733449195886,0.8478054937517624,0.8739752272009583,0.41319297571329794,0.005590079799583065,5.0
2026-08-14 21:00:00,-0.09197526,-0.42741174022685746,1.099999975413084,10.019999776035547,0.025691808189471987,0.8323224296394258,0.8580142378288979,0.33862724080138884,0.005590079799583065,5.0
2026-08-14 21:10:00,-0.09197526,-0.4830781159342607,1.099999975413084,10.019999776035547,0.025691808189471987,0.8323224296394258,0.8580142378288979,0.28296086509398555,0.005590079799583065,5.0
2026-08-14 21:20:00,-0.09197526,-0.5353561885093034,1.099999975413084,10.019999776035547,0.025691808189471987,0.8323224296394258,0.8580142378288979,0.23068279251894286,0.005590079799583065,5.0
2026-08-14 21:30:00,-0.09197526,-0.583832859450431,1.099999975413084,10.019999776035547,0.025691808189471987,0.8323224296394258,0.8580142378288979,0.18220612157781535,0.005590079799583065,5.0
2026-08-14 21:40:00,-0.09197526,-0.6281361141154828,1.099999975413084,10.019999776035547,0.025691808189471987,0.8323224296394258,0.8580142378288979,0.13790286691276354,0.005590079799583065,5.0
2026-08-14 21:50:00,-0.09197526,-0.6679384027127852,1.099999975413084,10.019999776035547,0.025691808189471987,0.8323224296394258,0.8580142378288979,0.09810057831546115,0.005590079799583065,5.0
2026-08-14 22:00:00,-0.09197526,-0.7029590897984893,1.099999975413084,10.019999776035547,0.025691808189471987,0.8323224296394258,0.8580142378288979,0.06307989122975699,0.005590079799583065,5.0
2026-08-14 22:10:00,-0.09197526,-0.7329659512238241,1.099999975413084,10.019999776035547,0.025691808189471987,0.8323224296394258,0.8580142378288979,0.03307302980442217,0.005590079799583065,5.0
2026-08-14 22:20:00,-0.09197526,-0.7577757413319683,1.099999975413084,10.019999776035547,0.025691808189471987,0.8323224296394258,0.8580142378288979,0.008263239696277958,0.005590079799583065,5.0
2026-08-14 22:30:00,-0.09197526,-0.7772538949078863,1.099999975413084,10.019999776035547,0.025691808189471987,0.8323224296394258,0.8580142378288979,-0.01121491387964002,0.005590079799583065,5.0
2026-08-14 22:40:00,-0.09197526,-0.7913134643961904,1.099999975413084,10.019999776035547,0.025691808189471987,0.8323224296394258,0.8580142378288979,-0.025274483367944134,0.005590079799583065,5.0
2026-08-14 22:50:00,-0.09197526,-0.7999134203915966,1.099999975413084,10.019999776035547,0.025691808189471987,0.8323224296394258,0.8580142378288979,-0.03387443936335033,0.005590079799583065,5.0
2026-08-14 23:00:00,-0.09197526,-0.8030564601881358,1.099999975413084,10.019999776035547,0.025691808189471987,0.8323224296394258,0.8580142378288979,-0.03701747915988951,0.005590079799583065,5.0
2026-08-14 23:10:00,-0.09197526,-0.8007864739927384,1.099999975413084,10.019999776035547,0.025691808189471987,0.8323224296394258,0.8580142378288979,-0.03474749296449209,0.005590079799583065,5.0
2026-08-14 23:20:00,-0.09197526,-0.7931858115181543,1.099999975413084,10.019999776035547,0.025691808189471987,0.8323224296394258,0.8580142378288979,-0.027146830489907958,0.005590079799583065,5.0
2026-08-14 23:30:00,-0.09197526,-0.7803724740346752,1.099999975413084,10.019999776035547,0.025691808189471987,0.8323224296394258,0.8580142378288979,-0.014333493006428943,0.005590079799583065,5.0
2026-08-14 23:40:00,-0.09197526,-0.7624973310141892,1.099999975413084,10.019999776035547,0.025691808189471987,0.8323224296394258,0.8580142378288979,0.0035416500140571516,0.005590079799583065,5.0
2026-08-14 23:50:00,-0.09197526,-0.7397414291340689,1.099999975413084,10.019999776035547,0.025691808189471987,0.8323224296394258,0.8580142378288979,0.026297551894177373,0.005590079799583065,5.0
2026-08-15 00:00:00,-0.10783244,-0.7123134282543143,1.0899999756366014,9.969999777153134,0.02544714205264021,0.8243961244157334,0.8498432664683736,0.029697398970265798,0.005590079799583065,5.0
2026-08-15 00:10:00,-0.10783244,-0.6804471675861012,1.0899999756366014,9.969999777153134,0.02544714205264021,0.8243961244157334,0.8498432664683736,0.061563659638478874,0.005590079799583065,5.0
2026-08-15 00:20:00,-0.10783244,-0.6443993390381606,1.0899999756366014,9.969999777153134,0.02544714205264021,0.8243961244157334,0.8498432664683736,0.09761148818641951,0.005590079799583065,5.0
2026-08-15 00:30:00,-0.10783244,-0.6044472262666499,1.0899999756366014,9.969999777153134,0.02544714205264021,0.8243961244157334,0.8498432664683736,0.1375636009579302,0.005590079799583065,5.0
2026-08-15 00:40:00,-0.10783244,-0.5608864591482479,1.0899999756366014,9.969999777153134,0.02544714205264021,0.8243961244157334,0.8498432664683736,0.18112436807633225,0.005590079799583065,5.0
2026-08-15 00:50:00,-0.10783244,-0.51402873469135,1.0899999756366014,9.969999777153134,0.02544714205264021,0.8243961244157334,0.8498432664683736,0.2279820925332301,0.005590079799583065,5.0
2026-08-15 01:00:00,-0.10783244,-0.46419946645494387,1.0899999756366014,9.969999777153134,0.02544714205264021,0.8243961244157334,0.8498432664683736,0.2778113607696363,0.005590079799583065,5.0
2026-08-15 01:10:00,-0.10783244,-0.41173534344782853,1.0899999756366014,9.969999777153134,0.02544714205264021,0.8243961244157334,0.8498432664683736,0.33027548377675153,0.005590079799583065,5.0
2026-08-15 01:20:00,-0.10783244,-0.35698180383913086,1.0899999756366014,9.969999777153134,0.02544714205264021,0.8243961244157334,0.8498432664683736,0.38502902338544925,0.005590079799583065,5.0
2026-08-15 01:30:00,-0.10783244,-0.30029045515503955,1.0899999756366014,9.969999777153134,0.02544714205264021,0.8243961244157334,0.8498432664683736,0.44172037206954057,0.005590079799583065,5.0
2026-08-15 01:40:00,-0.10783244,-0.242016497604179,1.0899999756366014,9.969999777153134,0.02544714205264021,0.8243961244157334,0.8498432664683736,0.49999432962040113,0.005590079799583065,5.0
2026-08-15 01:50:00,-0.10783244,-0.18251622728860298,1.0899999756366014,9.969999777153134,0.02544714205264021,0.8243961244157334,0.8498432664683736,0.5594945999359772,0.005590079799583065,5.0
2026-08-15 02:00:00,-0.10783244,-0.1221447083200859,1.0899999756366014,9.969999777153134,0.02544714205264021,0.8243961244157334,0.8498432664683736,0.6198661189044943,0.005590079799583065,5.0
2026-08-15 02:10:00,-0.10783244,-0.06125370547999968,1.0899999756366014,9.969999777153134,0.02544714205264021,0.8243961244157334,0.8498432664683736,0.6807571217445805,0.005590079799583065,5.0
2026-08-15 02:20:00,-0.10783244,-0.00018996061145269805,1.0899999756366014,9.969999777153134,0.02544714205264021,0.8243961244157334,0.8498432664683736,0.7418208666131274,0.005590079799583065,5.0
2026-08-15 02:30:00,-0.10783244,0.060706122749535275,1.0899999756366014,9.969999777153134,0.02544714205264021,0.8243961244157334,0.8498432664683736,0.8027169499741154,0.005590079799583065,5.0
2026-08-15 02:40:00,-0.10783244,0.12110135029010438,1.0899999756366014,9.969999777153134,0.02544714205264021,0.8243961244157334,0.8498432664683736,0.8631121775146845,0.005590079799583065,5.0
2026-08-15 02:50:00,-0.10783244,0.1806701617178286,1.0899999756366014,9.969999777153134,0.02544714205264021,0.8243961244157334,0.8498432664683736,0.9226809889424087,0.005590079799583065,5.0
2026-08-15 03:00:00,-0.10783244,0.23909464609866493,1.0799999758601189,9.9899997767061,0.025380955802971398,0.8222519273344381,0.8476328831374095,0.9788950899922809,0.005590079799583065,5.0
2026-08-15 03:10:00,-0.10783244,0.29606422214774897,1.0799999758601189,9.9899997767061,0.025380955802971398,0.8222519273344381,0.8476328831374095,1.0358646660413648,0.005590079799583065,5.0
2026-08-15 03:20:00,-0.10783244,0.3512750916060162,1.0799999758601189,9.9899997767061,0.025380955802971398,0.8222519273344381,0.8476328831374095,1.0910755354996322,0.005590079799583065,5.0
2026-08-15 03:30:00,-0.10783244,0.40442959988296523,1.0799999758601189,9.9899997767061,0.025380955802971398,0.8222519273344381,0.8476328831374095,1.1442300437765813,0.005590079799583065,5.0
2026-08-15 03:40:00,-0.10783244,0.4552356536630422,1.0799999758601189,9.9899997767061,0.025380955802971398,0.8222519273344381,0.8476328831374095,1.1950360975566583,0.005590079799583065,5.0
2026-08-15 03:50:00,-0.10783244,0.5034063486307416,1.0799999758601189,9.9899997767061,0.025380955802971398,0.8222519273344381,0.8476328831374095,1.2432067925243575,0.005590079799583065,5.0
2026-08-15 04:00:00,-0.10783244,0.5486599506739179,1.0799999758601189,9.9899997767061,0.025380955802971398,0.8222519273344381,0.8476328831374095,1.288460394567534,0.005590079799583065,5.0
2026-08-15 04:10:00,-0.10783244,0.5907203522728812,1.0799999758601189,9.9899997767061,0.025380955802971398,0.8222519273344381,0.8476328831374095,1.330520796166497,0.005590079799583065,5.0
2026-08-15 04:20:00,-0.10783244,0.629318093163337,1.0799999758601189,9.9899997767061,0.025380955802971398,0.8222519273344381,0.8476328831374095,1.369118537056953,0.005590079799583065,5.0
2026-08-15 04:30:00,-0.10783244,0.6641919943175583,1.0799999758601189,9.9899997767061,0.025380955802971398,0.8222519273344381,0.8476328831374095,1.4039924382111741,0.005590079799583065,5.0
2026-08-15 04:40:00,-0.10783244,0.6950914097224811,1.0799999758601189,9.9899997767061,0.025380955802971398,0.8222519273344381,0.8476328831374095,1.434891853616097,0.005590079799583065,5.0
2026-08-15 04:50:00,-0.10783244,0.7217790554318891,1.0799999758601189,9.9899997767061,0.025380955802971398,0.8222519273344381,0.8476328831374095,1.4615794993255051,0.005590079799583065,5.0
2026-08-15 05:00:00,-0.10783244,0.7440343336444579,1.0799999758601189,9.9899997767061,0.025380955802971398,0.8222519273344381,0.8476328831374095,1.4838347775380738,0.005590079799583065,5.0
2026-08-15 05:10:00,-0.10783244,0.7616570342707012,1.0799999758601189,9.9899997767061,0.025380955802971398,0.8222519273344381,0.8476328831374095,1.5014574781643173,0.005590079799583065,5.0
2026-08-15 05:20:00,-0.10783244,0.7744712705182076,1.0799999758601189,9.9899997767061,0.025380955802971398,0.8222519273344381,0.8476328831374095,1.5142717144118236,0.005590079799583065,5.0
2026-08-15 05:30:00,-0.10783244,0.7823294896300624,1.0799999758601189,9.9899997767061,0.025380955802971398,0.8222519273344381,0.8476328831374095,1.5221299335236784,0.005590079799583065,5.0
2026-08-15 05:40:00,-0.10783244,0.7851163960960446,1.0799999758601189,9.9899997767061,0.025380955802971398,0.8222519273344381,0.8476328831374095,1.5249168399896607,0.005590079799583065,5.0
2026-08-15 05:50:00,-0.10783244,0.7827526313512777,1.0799999758601189,9.9899997767061,0.025380955802971398,0.8222519273344381,0.8476328831374095,1.5225530752448937,0.005590079799583065,5.0
2026-08-15 06:00:00,-0.10783244,0.7751980700153371,1.0799999758601189,10.079999774694443,0.02560961306245763,0.829659602355469,0.8552692154179267,1.5226348461894703,0.005590079799583065,5.0
2026-08-15 06:10:00,-0.10783244,0.7624546155945409,1.0799999758601189,10.079999774694443,0.02560961306245763,0.829659602355469,0.8552692154179267,1.509891391768674,0.005590079799583065,5.0
2026-08-15 06:20:00,-0.10783244,0.7445684055659326,1.0799999758601189,10.079999774694443,0.02560961306245763,0.829659602355469,0.8552692154179267,1.492005181740066,0.005590079799583065,5.0
2026-08-15 06:30:00,-0.10783244,0.7216313639735814,1.0799999758601189,10.079999774694443,0.02560961306245763,0.829659602355469,0.8552692154179267,1.4690681401477146,0.005590079799583065,5.0
2026-08-15 06:40:00,-0.10783244,0.6937820663945494,1.0799999758601189,10.079999774694443,0.02560961306245763,0.829659602355469,0.8552692154179267,1.4412188425686825,0.005590079799583065,5.0
2026-08-15 06:50:00,-0.10783244,0.6612059051397108,1.0799999758601189,10.079999774694443,0.02560961306245763,0.829659602355469,0.8552692154179267,1.408642681313844,0.005590079799583065,5.0
2026-08-15 07:00:00,-0.10783244,0.6241345604798043,1.0799999758601189,10.079999774694443,0.02560961306245763,0.829659602355469,0.8552692154179267,1.3715713366539375,0.005590079799583065,5.0
2026-08-15 07:10:00,-0.10783244,0.582844795719622,1.0799999758601189,10.079999774694443,0.02560961306245763,0.829659602355469,0.8552692154179267,1.3302815718937553,0.005590079799583065,5.0
2026-08-15 07:20:00,-0.10783244,0.5376566006172411,1.0799999758601189,10.079999774694443,0.02560961306245763,0.829659602355469,0.8552692154179267,1.2850933767913744,0.005590079799583065,5.0
2026-08-15 07:30:00,-0.10783244,0.4889307097491179,1.0799999758601189,10.079999774694443,0.02560961306245763,0.829659602355469,0.8552692154179267,1.236367485923251,0.005590079799583065,5.0
2026-08-15 07:40:00,-0.10783244,0.4370655218347944,1.0799999758601189,10.079999774694443,0.02560961306245763,0.829659602355469,0.8552692154179267,1.1845022980089275,0.005590079799583065,5.0
2026-08-15 07:50:00,-0.10783244,0.3824934446904032,1.0799999758601189,10.079999774694443,0.02560961306245763,0.829659602355469,0.8552692154179267,1.1299302208645363,0.005590079799583065,5.0
2026-08-15 08:00:00,-0.10783244,0.3256766903515237,1.0799999758601189,10.079999774694443,0.02560961306245763,0.829659602355469,0.8552692154179267,1.073113466525657,0.005590079799583065,5.0
2026-08-15 08:10:00,-0.10783244,0.2671025480835329,1.0799999758601189,10.079999774694443,0.02560961306245763,0.829659602355469,0.8552692154179267,1.0145393242576661,0.005590079799583065,5.0
2026-08-15 08:20:00,-0.10783244,0.20727817029837947,1.0799999758601189,10.079999774694443,0.02560961306245763,0.829659602355469,0.8552692154179267,0.9547149464725126,0.005590079799583065,5.0
2026-08-15 08:30:00,-0.10783244,0.14672491906130242,1.0799999758601189,10.079999774694443,0.02560961306245763,0.829659602355469,0.8552692154179267,0.8941616952354356,0.005590079799583065,5.0
2026-08-15 08:40:00,-0.10783244,0.08597233769384767,1.0799999758601189,10.079999774694443,0.02560961306245763,0.829659602355469,0.8552692154179267,0.8334091138679809,0.005590079799583065,5.0
2026-08-15 08:50:00,-0.10783244,0.02555183294183491,1.0799999758601189,10.079999774694443,0.02560961306245763,0.829659602355469,0.8552692154179267,0.7729886091159681,0.005590079799583065,5.0
2026-08-15 09:00:00,-0.10783244,-0.034009824692470436,1.0899999756366014,10.129999773576856,0.02585552146371568,0.8376261524906097,0.8634816739543254,0.7216394100180614,0.005590079799583065,5.0
2026-08-15 09:10:00,-0.10783244,-0.09219705306925492,1.0899999756366014,10.129999773576856,0.02585552146371568,0.8376261524906097,0.8634816739543254,0.6634521816412771,0.005590079799583065,5.0
2026-08-15 09:20:00,-0.10783244,-0.14851191531622301,1.0899999756366014,10.129999773576856,0.02585552146371568,0.8376261524906097,0.8634816739543254,0.6071373193943089,0.005590079799583065,5.0
2026-08-15 09:30:00,-0.10783244,-0.2024803216085567,1.0899999756366014,10.129999773576856,0.02585552146371568,0.8376261524906097,0.8634816739543254,0.5531689131019752,0.005590079799583065,5.0
2026-08-15 09:40:00,-0.10783244,-0.25365781162692025,1.0899999756366014,10.129999773576856,0.02585552146371568,0.8376261524906097,0.8634816739543254,0.5019914230836117,0.005590079799583065,5.0
2026-08-15 09:50:00,-0.10783244,-0.30163475927320554,1.0899999756366014,10.129999773576856,0.02585552146371568,0.8376261524906097,0.8634816739543254,0.45401447543732637,0.005590079799583065,5.0
2026-08-15 10:00:00,-0.10783244,-0.34604085692651254,1.0899999756366014,10.129999773576856,0.02585552146371568,0.8376261524906097,0.8634816739543254,0.4096083777840194,0.005590079799583065,5.0
2026-08-15 10:10:00,-0.10783244,-0.386548762771876,1.0899999756366014,10.129999773576856,0.02585552146371568,0.8376261524906097,0.8634816739543254,0.3691004719386559,0.005590079799583065,5.0
2026-08-15 10:20:00,-0.10783244,-0.4228768289464595,1.0899999756366014,10.129999773576856,0.02585552146371568,0.8376261524906097,0.8634816739543254,0.3327724057640724,0.005590079799583065,5.0
2026-08-15 10:30:00,-0.10783244,-0.45479086926364665,1.0899999756366014,10.129999773576856,0.02585552146371568,0.8376261524906097,0.8634816739543254,0.30085836544688527,0.005590079799583065,5.0
2026-08-15 10:40:00,-0.10783244,-0.482104969012585,1.0899999756366014,10.129999773576856,0.02585552146371568,0.8376261524906097,0.8634816739543254,0.273544265697947,0.005590079799583065,5.0
2026-08-15 10:50:00,-0.10783244,-0.5046813829485172,1.0899999756366014,10.129999773576856,0.02585552146371568,0.8376261524906097,0.8634816739543254,0.25096785176201475,0.005590079799583065,5.0
2026-08-15 11:00:00,-0.10783244,-0.5224296072724723,1.0899999756366014,10.129999773576856,0.02585552146371568,0.8376261524906097,0.8634816739543254,0.23321962743805957,0.005590079799583065,5.0
2026-08-15 11:10:00,-0.10783244,-0.5353047438154386,1.0899999756366014,10.129999773576856,0.02585552146371568,0.8376261524906097,0.8634816739543254,0.22034449089509334,0.005590079799583065,5.0
2026-08-15 11:20:00,-0.10783244,-0.5433052974101819,1.0899999756366014,10.129999773576856,0.02585552146371568,0.8376261524906097,0.8634816739543254,0.21234393730035006,0.005590079799583065,5.0
2026-08-15 11:30:00,-0.10783244,-0.5464705585465036,1.0899999756366014,10.129999773576856,0.02585552146371568,0.8376261524906097,0.8634816739543254,0.2091786761640283,0.005590079799583065,5.0
2026-08-15 11:40:00,-0.10783244,-0.5448777226143539,1.0899999756366014,10.129999773576856,0.02585552146371568,0.8376261524906097,0.8634816739543254,0.21077151209617806,0.005590079799583065,5.0
2026-08-15 11:50:00,-0.10783244,-0.5386388846119377,1.0899999756366014,10.129999773576856,0.02585552146371568,0.8376261524906097,0.8634816739543254,0.21701035009859426,0.005590079799583065,5.0
2026-08-15 12:00:00,-0.10783244,-0.5278980261383486,1.1199999749660492,10.219999771565199,0.02644176943684772,0.8566184839672397,0.8830602534040874,0.24732978802194538,0.005590079799583065,5.0
2026-08-15 12:10:00,-0.10783244,-0.5128280822407123,1.1199999749660492,10.219999771565199,0.02644176943684772,0.8566184839672397,0.8830602534040874,0.26239973191958166,0.005590079799583065,5.0
2026-08-15 12:20:00,-0.10783244,-0.49362814271922256,1.1199999749660492,10.219999771565199,0.02644176943684772,0.8566184839672397,0.8830602534040874,0.28159967144107134,0.005590079799583065,5.0
2026-08-15 12:30:00,-0.10783244,-0.4705208093413494,1.1199999749660492,10.219999771565199,0.02644176943684772,0.8566184839672397,0.8830602534040874,0.30470700481894464,0.005590079799583065,5.0
2026-08-15 12:40:00,-0.10783244,-0.4437497007065602,1.1199999749660492,10.219999771565199,0.02644176943684772,0.8566184839672397,0.8830602534040874,0.3314781134537337,0.005590079799583065,5.0
2026-08-15 12:50:00,-0.10783244,-0.4135770731985312,1.1199999749660492,10.219999771565199,0.02644176943684772,0.8566184839672397,0.8830602534040874,0.36165074096176275,0.005590079799583065,5.0
2026-08-15 13:00:00,-0.10783244,-0.3802815120658867,1.1199999749660492,10.219999771565199,0.02644176943684772,0.8566184839672397,0.8830602534040874,0.3949463020944073,0.005590079799583065,5.0
2026-08-15 13:10:00,-0.10783244,-0.3441556420732841,1.1199999749660492,10.219999771565199,0.02644176943684772,0.8566184839672397,0.8830602534040874,0.4310721720870099,0.005590079799583065,5.0
2026-08-15 13:20:00,-0.10783244,-0.30550381295410656,1.1199999749660492,10.219999771565199,0.02644176943684772,0.8566184839672397,0.8830602534040874,0.4697240012061874,0.005590079799583065,5.0
2026-08-15 13:30:00,-0.10783244,-0.2646397293233089,1.1199999749660492,10.219999771565199,0.02644176943684772,0.8566184839672397,0.8830602534040874,0.510588084836985,0.005590079799583065,5.0
2026-08-15 13:40:00,-0.10783244,-0.2218840163394705,1.1199999749660492,10.219999771565199,0.02644176943684772,0.8566184839672397,0.8830602534040874,0.5533437978208234,0.005590079799583065,5.0
2026-08-15 13:50:00,-0.10783244,-0.17756173763708397,1.1199999749660492,10.219999771565199,0.02644176943684772,0.8566184839672397,0.8830602534040874,0.59766607652321,0.005590079799583065,5.0
2026-08-15 14:00:00,-0.10783244,-0.1319999078914457,1.1199999749660492,10.219999771565199,0.02644176943684772,0.8566184839672397,0.8830602534040874,0.6432279062688483,0.005590079799583065,5.0
2026-08-15 14:10:00,-0.10783244,-0.08552506516510086,1.1199999749660492,10.219999771565199,0.02644176943684772,0.8566184839672397,0.8830602534040874,0.6897027489951931,0.005590079799583065,5.0
2026-08-15 14:20:00,-0.10783244,-0.038460984582529216,1.1199999749660492,10.219999771565199,0.02644176943684772,0.8566184839672397,0.8830602534040874,0.7367668295777647,0.005590079799583065,5.0
2026-08-15 14:30:00,-0.10783244,0.008873377268306686,1.1199999749660492,10.219999771565199,0.02644176943684772,0.8566184839672397,0.8830602534040874,0.7841011914286007,0.005590079799583065,5.0
2026-08-15 14:40:00,-0.10783244,0.056165620748827236,1.1199999749660492,10.219999771565199,0.02644176943684772,0.8566184839672397,0.8830602534040874,0.8313934349091212,0.005590079799583065,5.0
2026-08-15 14:50:00,-0.10783244,0.10311125109960745,1.1199999749660492,10.219999771565199,0.02644176943684772,0.8566184839672397,0.8830602534040874,0.8783390652599015,0.005590079799583065,5.0
2026-08-15 15:00:00,-0.10783244,0.14941458639750793,1.1399999745190144,10.699999760836363,0.02792973468732295,0.9048232207985726,0.9327529554858955,0.97433510263961,0.005590079799583065,5.0
2026-08-15 15:10:00,-0.10783244,0.19478920729063945,1.1399999745190144,10.699999760836363,0.02792973468732295,0.9048232207985726,0.9327529554858955,1.0197097235327415,0.005590079799583065,5.0
2026-08-15 15:20:00,-0.10783244,0.23895796714682216,1.1399999745190144,10.699999760836363,0.02792973468732295,0.9048232207985726,0.9327529554858955,1.0638784833889243,0.005590079799583065,5.0
2026-08-15 15:30:00,-0.10783244,0.28165261951273846,1.1399999745190144,10.699999760836363,0.02792973468732295,0.9048232207985726,0.9327529554858955,1.1065731357548405,0.005590079799583065,5.0
2026-08-15 15:40:00,-0.10783244,0.3226131558206341,1.1399999745190144,10.699999760836363,0.02792973468732295,0.9048232207985726,0.9327529554858955,1.1475336720627363,0.005590079799583065,5.0
2026-08-15 15:50:00,-0.10783244,0.3615869766510055,1.1399999745190144,10.699999760836363,0.02792973468732295,0.9048232207985726,0.9327529554858955,1.1865074928931074,0.005590079799583065,5.0
2026-08-15 16:00:00,-0.10783244,0.39832804069230954,1.1399999745190144,10.699999760836363,0.02792973468732295,0.9048232207985726,0.9327529554858955,1.2232485569344116,0.005590079799583065,5.0
2026-08-15 16:10:00,-0.10783244,0.432596145499995,1.1399999745190144,10.699999760836363,0.02792973468732295,0.9048232207985726,0.9327529554858955,1.257516661742097,0.005590079799583065,5.0
2026-08-15 16:20:00,-0.10783244,0.46415649071285414,1.1399999745190144,10.699999760836363,0.02792973468732295,0.9048232207985726,0.9327529554858955,1.2890770069549562,0.005590079799583065,5.0
2026-08-15 16:30:00,-0.10783244,0.49277965889526115,1.1399999745190144,10.699999760836363,0.02792973468732295,0.9048232207985726,0.9327529554858955,1.3177001751373631,0.005590079799583065,5.0
2026-08-15 16:40:00,-0.10783244,0.5182421214598456,1.1399999745190144,10.699999760836363,0.02792973468732295,0.9048232207985726,0.9327529554858955,1.3431626377019477,0.005590079799583065,5.0
2026-08-15 16:50:00,-0.10783244,0.540327340650972,1.1399999745190144,10.699999760836363,0.02792973468732295,0.9048232207985726,0.9327529554858955,1.365247856893074,0.005590079799583065,5.0
2026-08-15 17:00:00,-0.10783244,0.558827495605714,1.1399999745190144,10.699999760836363,0.02792973468732295,0.9048232207985726,0.9327529554858955,1.383748011847816,0.005590079799583065,5.0
2026-08-15 17:10:00,-0.10783244,0.5735458152026043,1.1399999745190144,10.699999760836363,0.02792973468732295,0.9048232207985726,0.9327529554858955,1.3984663314447063,0.005590079799583065,5.0
2026-08-15 17:20:00,-0.10783244,0.5842994565238097,1.1399999745190144,10.699999760836363,0.02792973468732295,0.9048232207985726,0.9327529554858955,1.4092199727659116,0.005590079799583065,5.0
2026-08-15 17:30:00,-0.10783244,0.5909228285665679,1.1399999745190144,10.699999760836363,0.02792973468732295,0.9048232207985726,0.9327529554858955,1.4158433448086698,0.005590079799583065,5.0
2026-08-15 17:40:00,-0.10783244,0.5932712299968338,1.1399999745190144,10.699999760836363,0.02792973468732295,0.9048232207985726,0.9327529554858955,1.4181917462389357,0.005590079799583065,5.0
2026-08-15 17:50:00,-0.10783244,0.59122464855674,1.1399999745190144,10.699999760836363,0.02792973468732295,0.9048232207985726,0.9327529554858955,1.416145164798842,0.005590079799583065,5.0
2026-08-15 18:00:00,-0.10783244,0.5846915602196114,1.1599999740719795,11.319999746978283,0.029806159994498673,0.9656126700731237,0.9954188300676223,1.4722779510434403,0.005590079799583065,5.0
2026-08-15 18:10:00,-0.10783244,0.573612567496711,1.1599999740719795,11.319999746978283,0.029806159994498673,0.9656126700731237,0.9954188300676223,1.4611989583205398,0.005590079799583065,5.0
2026-08-15 18:20:00,-0.10783244,0.5579637280324149,1.1599999740719795,11.319999746978283,0.029806159994498673,0.9656126700731237,0.9954188300676223,1.4455501188562438,0.005590079799583065,5.0
2026-08-15 18:30:00,-0.10783244,0.5377594444069392,1.1599999740719795,11.319999746978283,0.029806159994498673,0.9656126700731237,0.9954188300676223,1.4253458352307682,0.005590079799583065,5.0
2026-08-15 18:40:00,-0.10783244,0.5130548115084461,1.1599999740719795,11.319999746978283,0.029806159994498673,0.9656126700731237,0.9954188300676223,1.400641202332275,0.005590079799583065,5.0
2026-08-15 18:50:00,-0.10783244,0.4839473460227936,1.1599999740719795,11.319999746978283,0.029806159994498673,0.9656126700731237,0.9954188300676223,1.3715337368466225,0.005590079799583065,5.0
2026-08-15 19:00:00,-0.10783244,0.450578050630082,1.1599999740719795,11.319999746978283,0.029806159994498673,0.9656126700731237,0.9954188300676223,1.338164441453911,0.005590079799583065,5.0
2026-08-15 19:10:00,-0.10783244,0.41313179089310587,1.1599999740719795,11.319999746978283,0.029806159994498673,0.9656126700731237,0.9954188300676223,1.3007181817169347,0.005590079799583065,5.0
2026-08-15 19:20:00,-0.10783244,0.3718369837584165,1.1599999740719795,11.319999746978283,0.029806159994498673,0.9656126700731237,0.9954188300676223,1.2594233745822454,0.005590079799583065,5.0
2026-08-15 19:30:00,-0.10783244,0.3269646118223659,1.1599999740719795,11.319999746978283,0.029806159994498673,0.9656126700731237,0.9954188300676223,1.2145510026461948,0.005590079799583065,5.0
2026-08-15 19:40:00,-0.10783244,0.2788265870722279,1.1599999740719795,11.319999746978283,0.029806159994498673,0.9656126700731237,0.9954188300676223,1.1664129778960568,0.005590079799583065,5.0
2026-08-15 19:50:00,-0.10783244,0.227773492154683,1.1599999740719795,11.319999746978283,0.029806159994498673,0.9656126700731237,0.9954188300676223,1.1153598829785119,0.005590079799583065,5.0
2026-08-15 20:00:00,-0.10783244,0.17419172779045475,1.1599999740719795,11.319999746978283,0.029806159994498673,0.9656126700731237,0.9954188300676223,1.0617781186142836,0.005590079799583065,5.0
2026-08-15 20:10:00,-0.10783244,0.11850009373937413,1.1599999740719795,11.319999746978283,0.029806159994498673,0.9656126700731237,0.9954188300676223,1.006086484563203,0.005590079799583065,5.0
2026-08-15 20:20:00,-0.10783244,0.06114582946165088,1.1599999740719795,11.319999746978283,0.029806159994498673,0.9656126700731237,0.9954188300676223,0.9487322202854798,0.005590079799583065,5.0
2026-08-15 20:30:00,-0.10783244,0.002600141873508871,1.1599999740719795,11.319999746978283,0.029806159994498673,0.9656126700731237,0.9954188300676223,0.8901865326973377,0.005590079799583065,5.0
2026-08-15 20:40:00,-0.10783244,-0.056646747888051685,1.1599999740719795,11.319999746978283,0.029806159994498673,0.9656126700731237,0.9954188300676223,0.8309396429357772,0.005590079799583065,5.0
2026-08-15 20:50:00,-0.10783244,-0.11609099693910668,1.1599999740719795,11.319999746978283,0.029806159994498673,0.9656126700731237,0.9954188300676223,0.7714953938847222,0.005590079799583065,5.0
2026-08-15 21:00:00,-0.10783244,-0.1752209165478612,1.1599999740719795,11.279999747872353,0.02970083787437677,0.9622006111682717,0.9919014490426484,0.7088480932509937,0.005590079799583065,5.0
2026-08-15 21:10:00,-0.10783244,-0.23352305672382317,1.1599999740719795,11.279999747872353,0.02970083787437677,0.9622006111682717,0.9919014490426484,0.6505459530750317,0.005590079799583065,5.0
2026-08-15 21:20:00,-0.10783244,-0.29048850369627754,1.1599999740719795,11.279999747872353,0.02970083787437677,0.9622006111682717,0.9919014490426484,0.5935805061025774,0.005590079799583065,5.0
2026-08-15 21:30:00,-0.10783244,-0.34561927239190754,1.1599999740719795,11.279999747872353,0.02970083787437677,0.9622006111682717,0.9919014490426484,0.5384497374069475,0.005590079799583065,5.0
2026-08-15 21:40:00,-0.10783244,-0.3984346561699234,1.1599999740719795,11.279999747872353,0.02970083787437677,0.9622006111682717,0.9919014490426484,0.4856343536289315,0.005590079799583065,5.0
2026-08-15 21:50:00,-0.10783244,-0.44847738082306376,1.1599999740719795,11.279999747872353,0.02970083787437677,0.9622006111682717,0.9919014490426484,0.4355916289757912,0.005590079799583065,5.0
2026-08-15 22:00:00,-0.10783244,-0.49531940141120745,1.1599999740719795,11.279999747872353,0.02970083787437677,0.9622006111682717,0.9919014490426484,0.3887496083876475,0.005590079799583065,5.0
2026-08-15 22:10:00,-0.10783244,-0.5385671815892166,1.1599999740719795,11.279999747872353,0.02970083787437677,0.9622006111682717,0.9919014490426484,0.3455018282096384,0.005590079799583065,5.0
2026-08-15 22:20:00,-0.10783244,-0.577866305619783,1.1599999740719795,11.279999747872353,0.02970083787437677,0.9622006111682717,0.9919014490426484,0.3062027041790719,0.005590079799583065,5.0
2026-08-15 22:30:00,-0.10783244,-0.6129052947511936,1.1599999740719795,11.279999747872353,0.02970083787437677,0.9622006111682717,0.9919014490426484,0.27116371504766135,0.005590079799583065,5.0
2026-08-15 22:40:00,-0.10783244,-0.6434185299219494,1.1599999740719795,11.279999747872353,0.02970083787437677,0.9622006111682717,0.9919014490426484,0.24065047987690558,0.005590079799583065,5.0
2026-08-15 22:50:00,-0.10783244,-0.669188221024821,1.1599999740719795,11.279999747872353,0.02970083787437677,0.9622006111682717,0.9919014490426484,0.21488078877403394,0.005590079799583065,5.0
2026-08-15 23:00:00,-0.10783244,-0.6900454056306596,1.1599999740719795,11.279999747872353,0.02970083787437677,0.9622006111682717,0.9919014490426484,0.1940236041681953,0.005590079799583065,5.0
2026-08-15 23:10:00,-0.10783244,-0.7058700044175233,1.1599999740719795,11.279999747872353,0.02970083787437677,0.9622006111682717,0.9919014490426484,0.1781990053813316,0.005590079799583065,5.0
2026-08-15 23:20:00,-0.10783244,-0.7165900027161941,1.1599999740719795,11.279999747872353,0.02970083787437677,0.9622006111682717,0.9919014490426484,0.16747900708266084,0.005590079799583065,5.0
2026-08-15 23:30:00,-0.10783244,-0.7221798639968985,1.1599999740719795,11.279999747872353,0.02970083787437677,0.9622006111682717,0.9919014490426484,0.16188914580195646,0.005590079799583065,5.0
2026-08-15 23:40:00,-0.10783244,-0.7226583092749677,1.1599999740719795,11.279999747872353,0.02970083787437677,0.9622006111682717,0.9919014490426484,0.16141070052388728,0.005590079799583065,5.0
2026-08-15 23:50:00,-0.10783244,-0.7180856133409538,1.1599999740719795,11.279999747872353,0.02970083787437677,0.9622006111682717,0.9919014490426484,0.16598339645790117,0.005590079799583065,5.0
2026-08-16 00:00:00,-0.11763536,-0.7085605741002908,1.1399999745190144,11.279999747872353,0.02944368292271055,0.9538697131409251,0.9833133960636357,0.15711746011308314,0.005590079799583065,5.0
2026-08-16 00:10:00,-0.11763536,-0.6942173043277149,1.1399999745190144,11.279999747872353,0.02944368292271055,0.9538697131409251,0.9833133960636357,0.17146072988565908,0.005590079799583065,5.0
2026-08-16 00:20:00,-0.11763536,-0.675221977605249,1.1399999745190144,11.279999747872353,0.02944368292271055,0.9538697131409251,0.9833133960636357,0.19045605660812492,0.005590079799583065,5.0
2026-08-16 00:30:00,-0.11763536,-0.6517696338643775,1.1399999745190144,11.279999747872353,0.02944368292271055,0.9538697131409251,0.9833133960636357,0.2139084003489965,0.005590079799583065,5.0
2026-08-16 00:40:00,-0.11763536,-0.6240811181110074,1.1399999745190144,11.279999747872353,0.02944368292271055,0.9538697131409251,0.9833133960636357,0.24159691610236655,0.005590079799583065,5.0
2026-08-16 00:50:00,-0.11763536,-0.5924001919393806,1.1399999745190144,11.279999747872353,0.02944368292271055,0.9538697131409251,0.9833133960636357,0.2732778422739933,0.005590079799583065,5.0
2026-08-16 01:00:00,-0.11763536,-0.5569908250782171,1.1399999745190144,11.279999747872353,0.02944368292271055,0.9538697131409251,0.9833133960636357,0.3086872091351569,0.005590079799583065,5.0
2026-08-16 01:10:00,-0.11763536,-0.5181346467903718,1.1399999745190144,11.279999747872353,0.02944368292271055,0.9538697131409251,0.9833133960636357,0.34754338742300217,0.005590079799583065,5.0
2026-08-16 01:20:00,-0.11763536,-0.4761285172613677,1.1399999745190144,11.279999747872353,0.02944368292271055,0.9538697131409251,0.9833133960636357,0.38954951695200635,0.005590079799583065,5.0
2026-08-16 01:30:00,-0.11763536,-0.43128216891646093,1.1399999745190144,11.279999747872353,0.02944368292271055,0.9538697131409251,0.9833133960636357,0.434395865296913,0.005590079799583065,5.0
2026-08-16 01:40:00,-0.11763536,-0.3839158677345615,1.1399999745190144,11.279999747872353,0.02944368292271055,0.9538697131409251,0.9833133960636357,0.4817621664788124,0.005590079799583065,5.0
2026-08-16 01:50:00,-0.11763536,-0.33435805440338884,1.1399999745190144,11.279999747872353,0.02944368292271055,0.9538697131409251,0.9833133960636357,0.5313199798099851,0.005590079799583065,5.0
2026-08-16 02:00:00,-0.11763536,-0.2829429432016395,1.1399999745190144,11.279999747872353,0.02944368292271055,0.9538697131409251,0.9833133960636357,0.5827350910117345,0.005590079799583065,5.0
2026-08-16 02:10:00,-0.11763536,-0.23000807999260098,1.1399999745190144,11.279999747872353,0.02944368292271055,0.9538697131409251,0.9833133960636357,0.635669954220773,0.005590079799583065,5.0
2026-08-16 02:20:00,-0.11763536,-0.17589188664182973,1.1399999745190144,11.279999747872353,0.02944368292271055,0.9538697131409251,0.9833133960636357,0.6897861475715442,0.005590079799583065,5.0
2026-08-16 02:30:00,-0.11763536,-0.12093124395431322,1.1399999745190144,11.279999747872353,0.02944368292271055,0.9538697131409251,0.9833133960636357,0.7447467902590608,0.005590079799583065,5.0
2026-08-16 02:40:00,-0.11763536,-0.06545918523792983,1.1399999745190144,11.279999747872353,0.02944368292271055,0.9538697131409251,0.9833133960636357,0.8002188489754442,0.005590079799583065,5.0
2026-08-16 02:50:00,-0.11763536,-0.009802785435221803,1.1399999745190144,11.279999747872353,0.02944368292271055,0.9538697131409251,0.9833133960636357,0.8558752487781521,0.005590079799583065,5.0
2026-08-16 03:00:00,-0.11763536,0.04571866649558342,1.1199999749660492,11.319999746978283,0.029287752448641506,0.948818125098743,0.9781058775473844,0.9061891821927062,0.005590079799583065,5.0
2026-08-16 03:10:00,-0.11763536,0.10079513173460662,1.1199999749660492,11.319999746978283,0.029287752448641506,0.948818125098743,0.9781058775473844,0.9612656474317294,0.005590079799583065,5.0
2026-08-16 03:20:00,-0.11763536,0.15512686049370053,1.1199999749660492,11.319999746978283,0.029287752448641506,0.948818125098743,0.9781058775473844,1.0155973761908232,0.005590079799583065,5.0
2026-08-16 03:30:00,-0.11763536,0.2084249711255784,1.1199999749660492,11.319999746978283,0.029287752448641506,0.948818125098743,0.9781058775473844,1.0688954868227012,0.005590079799583065,5.0
2026-08-16 03:40:00,-0.11763536,0.260411569217681,1.1199999749660492,11.319999746978283,0.029287752448641506,0.948818125098743,0.9781058775473844,1.1208820849148038,0.005590079799583065,5.0
2026-08-16 03:50:00,-0.11763536,0.31081944409056333,1.1199999749660492,11.319999746978283,0.029287752448641506,0.948818125098743,0.9781058775473844,1.171289959787686,0.005590079799583065,5.0
2026-08-16 04:00:00,-0.11763536,0.3593914176497082,1.1199999749660492,11.319999746978283,0.029287752448641506,0.948818125098743,0.9781058775473844,1.219861933346831,0.005590079799583065,5.0
2026-08-16 04:10:00,-0.11763536,0.40587945419377064,1.1199999749660492,11.319999746978283,0.029287752448641506,0.948818125098743,0.9781058775473844,1.2663499698908933,0.005590079799583065,5.0
2026-08-16 04:20:00,-0.11763536,0.4500436656200755,1.1199999749660492,11.319999746978283,0.029287752448641506,0.948818125098743,0.9781058775473844,1.310514181317198,0.005590079799583065,5.0
2026-08-16 04:30:00,-0.11763536,0.49165136248552394,1.1199999749660492,11.319999746978283,0.029287752448641506,0.948818125098743,0.9781058775473844,1.3521218781826467,0.005590079799583065,5.0
2026-08-16 04:40:00,-0.11763536,0.5304763046728181,1.1199999749660492,11.319999746978283,0.029287752448641506,0.948818125098743,0.9781058775473844,1.3909468203699409,0.005590079799583065,5.0
2026-08-16 04:50:00,-0.11763536,0.566298296373562,1.1199999749660492,11.319999746978283,0.029287752448641506,0.948818125098743,0.9781058775473844,1.4267688120706847,0.005590079799583065,5.0
2026-08-16 05:00:00,-0.11763536,0.598903248378443,1.1199999749660492,11.319999746978283,0.029287752448641506,0.948818125098743,0.9781058775473844,1.4593737640755657,0.005590079799583065,5.0
2026-08-16 05:10:00,-0.11763536,0.6280837986666662,1.1199999749660492,11.319999746978283,0.029287752448641506,0.948818125098743,0.9781058775473844,1.488554314363789,0.005590079799583065,5.0
2026-08-16 05:20:00,-0.11763536,0.6536405422835053,1.1199999749660492,11.319999746978283,0.029287752448641506,0.948818125098743,0.9781058775473844,1.514111057980628,0.005590079799583065,5.0
2026-08-16 05:30:00,-0.11763536,0.6753838771744946,1.1199999749660492,11.319999746978283,0.029287752448641506,0.948818125098743,0.9781058775473844,1.5358543928716173,0.005590079799583065,5.0
2026-08-16 05:40:00,-0.11763536,0.6931364277598704,1.1199999749660492,11.319999746978283,0.029287752448641506,0.948818125098743,0.9781058775473844,1.5536069434569932,0.005590079799583065,5.0
2026-08-16 05:50:00,-0.11763536,0.7067359661464001,1.1199999749660492,11.319999746978283,0.029287752448641506,0.948818125098743,0.9781058775473844,1.567206481843523,0.005590079799583065,5.0
2026-08-16 06:00:00,-0.11763536,0.7160387157478733,1.099999975413084,11.239999748766422,0.028819952499966578,0.9336630847452242,0.9624830372451908,1.5608863911428024,0.005590079799583065,5.0
2026-08-16 06:10:00,-0.11763536,0.7209228957668314,1.099999975413084,11.239999748766422,0.028819952499966578,0.9336630847452242,0.9624830372451908,1.5657705711617607,0.005590079799583065,5.0
2026-08-16 06:20:00,-0.11763536,0.7212923497765749,1.099999975413084,11.239999748766422,0.028819952499966578,0.9336630847452242,0.9624830372451908,1.5661400251715039,0.005590079799583065,5.0
2026-08-16 06:30:00,-0.11763536,0.7170800975147372,1.099999975413084,11.239999748766422,0.028819952499966578,0.9336630847452242,0.9624830372451908,1.5619277729096663,0.005590079799583065,5.0
2026-08-16 06:40:00,-0.11763536,0.7082516558842247,1.099999975413084,11.239999748766422,0.028819952499966578,0.9336630847452242,0.9624830372451908,1.553099331279154,0.005590079799583065,5.0
2026-08-16 06:50:00,-0.11763536,0.6948079911794421,1.099999975413084,11.239999748766422,0.028819952499966578,0.9336630847452242,0.9624830372451908,1.5396556665743713,0.005590079799583065,5.0
2026-08-16 07:00:00,-0.11763536,0.6767879876611888,1.099999975413084,11.239999748766422,0.028819952499966578,0.9336630847452242,0.9624830372451908,1.5216356630561179,0.005590079799583065,5.0
2026-08-16 07:10:00,-0.11763536,0.6542703449056723,1.099999975413084,11.239999748766422,0.028819952499966578,0.9336630847452242,0.9624830372451908,1.4991180203006014,0.005590079799583065,5.0
2026-08-16 07:20:00,-0.11763536,0.627374844885485,1.099999975413084,11.239999748766422,0.028819952499966578,0.9336630847452242,0.9624830372451908,1.4722225202804142,0.005590079799583065,5.0
2026-08-16 07:30:00,-0.11763536,0.5962629568984492,1.099999975413084,11.239999748766422,0.028819952499966578,0.9336630847452242,0.9624830372451908,1.4411106322933782,0.005590079799583065,5.0
2026-08-16 07:40:00,-0.11763536,0.5611377718678914,1.099999975413084,11.239999748766422,0.028819952499966578,0.9336630847452242,0.9624830372451908,1.4059854472628204,0.005590079799583065,5.0
2026-08-16 07:50:00,-0.11763536,0.5222432757435793,1.099999975413084,11.239999748766422,0.028819952499966578,0.9336630847452242,0.9624830372451908,1.3670909511385085,0.005590079799583065,5.0
2026-08-16 08:00:00,-0.11763536,0.47986298407489464,1.099999975413084,11.239999748766422,0.028819952499966578,0.9336630847452242,0.9624830372451908,1.3247106594698237,0.005590079799583065,5.0
2026-08-16 08:10:00,-0.11763536,0.43431796646737647,1.099999975413084,11.239999748766422,0.028819952499966578,0.9336630847452242,0.9624830372451908,1.2791656418623056,0.005590079799583065,5.0
2026-08-16 08:20:00,-0.11763536,0.3859642916823996,1.099999975413084,11.239999748766422,0.028819952499966578,0.9336630847452242,0.9624830372451908,1.2308119670773288,0.005590079799583065,5.0
2026-08-16 08:30:00,-0.11763536,0.33518992318602914,1.099999975413084,11.239999748766422,0.028819952499966578,0.9336630847452242,0.9624830372451908,1.1800375985809581,0.005590079799583065,5.0
2026-08-16 08:40:00,-0.11763536,0.28241109296917083,1.099999975413084,11.239999748766422,0.028819952499966578,0.9336630847452242,0.9624830372451908,1.1272587683641,0.005590079799583065,5.0
2026-08-16 08:50:00,-0.11763536,0.2280681807252104,1.099999975413084,11.239999748766422,0.028819952499966578,0.9336630847452242,0.9624830372451908,1.0729158561201395,0.005590079799583065,5.0
2026-08-16 09:00:00,-0.11763536,0.17262112742488783,1.0899999756366014,11.049999753013253,0.02820370307739963,0.9136988139211488,0.9419025169985484,0.9968882825731746,0.005590079799583065,5.0
2026-08-16 09:10:00,-0.11763536,0.11654441890261565,1.0899999756366014,11.049999753013253,0.02820370307739963,0.9136988139211488,0.9419025169985484,0.9408115740509024,0.005590079799583065,5.0
2026-08-16 09:20:00,-0.11763536,0.06032168614014341,1.0899999756366014,11.049999753013253,0.02820370307739963,0.9136988139211488,0.9419025169985484,0.8845888412884302,0.005590079799583065,5.0
2026-08-16 09:30:00,-0.11763536,0.004439985063775431,1.0899999756366014,11.049999753013253,0.02820370307739963,0.9136988139211488,0.9419025169985484,0.8287071402120622,0.005590079799583065,5.0
2026-08-16 09:40:00,-0.11763536,-0.050616161933975196,1.0899999756366014,11.049999753013253,0.02820370307739963,0.9136988139211488,0.9419025169985484,0.7736509932143115,0.005590079799583065,5.0
2026-08-16 09:50:00,-0.11763536,-0.10437085909438201,1.0899999756366014,11.049999753013253,0.02820370307739963,0.9136988139211488,0.9419025169985484,0.7198962960539047,0.005590079799583065,5.0
2026-08-16 10:00:00,-0.11763536,-0.15636294058179626,1.0899999756366014,11.049999753013253,0.02820370307739963,0.9136988139211488,0.9419025169985484,0.6679042145664905,0.005590079799583065,5.0
2026-08-16 10:10:00,-0.11763536,-0.2061519419817999,1.0899999756366014,11.049999753013253,0.02820370307739963,0.9136988139211488,0.9419025169985484,0.6181152131664869,0.005590079799583065,5.0
2026-08-16 10:20:00,-0.11763536,-0.2533237860521397,1.0899999756366014,11.049999753013253,0.02820370307739963,0.9136988139211488,0.9419025169985484,0.5709433690961471,0.005590079799583065,5.0
2026-08-16 10:30:00,-0.11763536,-0.2974960251319952,1.0899999756366014,11.049999753013253,0.02820370307739963,0.9136988139211488,0.9419025169985484,0.5267711300162916,0.005590079799583065,5.0
2026-08-16 10:40:00,-0.11763536,-0.3383224880772473,1.0899999756366014,11.049999753013253,0.02820370307739963,0.9136988139211488,0.9419025169985484,0.48594466707103945,0.005590079799583065,5.0
2026-08-16 10:50:00,-0.11763536,-0.3754971957455483,1.0899999756366014,11.049999753013253,0.02820370307739963,0.9136988139211488,0.9419025169985484,0.44876995940273845,0.005590079799583065,5.0
2026-08-16 11:00:00,-0.11763536,-0.40875743470155307,1.0899999756366014,11.049999753013253,0.02820370307739963,0.9136988139211488,0.9419025169985484,0.41550972044673373,0.005590079799583065,5.0
2026-08-16 11:10:00,-0.11763536,-0.4378859132545035,1.0899999756366014,11.049999753013253,0.02820370307739963,0.9136988139211488,0.9419025169985484,0.3863812418937833,0.005590079799583065,5.0
2026-08-16 11:20:00,-0.11763536,-0.4627119643843575,1.0899999756366014,11.049999753013253,0.02820370307739963,0.9136988139211488,0.9419025169985484,0.36155519076392917,0.005590079799583065,5.0
2026-08-16 11:30:00,-0.11763536,-0.4831118037845337,1.0899999756366014,11.049999753013253,0.02820370307739963,0.9136988139211488,0.9419025169985484,0.3411553513637531,0.005590079799583065,5.0
2026-08-16 11:40:00,-0.11763536,-0.4990078946085905,1.0899999756366014,11.049999753013253,0.02820370307739963,0.9136988139211488,0.9419025169985484,0.3252592605396962,0.005590079799583065,5.0
2026-08-16 11:50:00,-0.11763536,-0.5103675098817234,1.0899999756366014,11.049999753013253,0.02820370307739963,0.9136988139211488,0.9419025169985484,0.31389964526656333,0.005590079799583065,5.0
2026-08-16 12:00:00,-0.11763536,-0.517200615848771,1.099999975413084,10.779999759048223,0.02764048825174731,0.8954526738036936,0.923093162055441,0.28825718435640835,0.005590079799583065,5.0
2026-08-16 12:10:00,-0.11763536,-0.5195572219394804,1.099999975413084,10.779999759048223,0.02764048825174731,0.8954526738036936,0.923093162055441,0.2859005782656989,0.005590079799583065,5.0
2026-08-16 12:20:00,-0.11763536,-0.5175243539651246,1.099999975413084,10.779999759048223,0.02764048825174731,0.8954526738036936,0.923093162055441,0.2879334462400547,0.005590079799583065,5.0
2026-08-16 12:30:00,-0.11763536,-0.5112228059006076,1.099999975413084,10.779999759048223,0.02764048825174731,0.8954526738036936,0.923093162055441,0.2942349943045717,0.005590079799583065,5.0
2026-08-16 12:40:00,-0.11763536,-0.5008038127993448,1.099999975413084,10.779999759048223,0.02764048825174731,0.8954526738036936,0.923093162055441,0.3046539874058345,0.005590079799583065,5.0
2026-08-16 12:50:00,-0.11763536,-0.48644576465017836,1.099999975413084,10.779999759048223,0.02764048825174731,0.8954526738036936,0.923093162055441,0.319012035555001,0.005590079799583065,5.0
2026-08-16 13:00:00,-0.11763536,-0.46835105104290026,1.099999975413084,10.779999759048223,0.02764048825174731,0.8954526738036936,0.923093162055441,0.337106749162279,0.005590079799583065,5.0
2026-08-16 13:10:00,-0.11763536,-0.446743092626576,1.099999975413084,10.779999759048223,0.02764048825174731,0.8954526738036936,0.923093162055441,0.35871470757860324,0.005590079799583065,5.0
2026-08-16 13:20:00,-0.11763536,-0.42186358121962564,1.099999975413084,10.779999759048223,0.02764048825174731,0.8954526738036936,0.923093162055441,0.3835942189855537,0.005590079799583065,5.0
2026-08-16 13:30:00,-0.11763536,-0.3939699195946738,1.099999975413084,10.779999759048223,0.02764048825174731,0.8954526738036936,0.923093162055441,0.41148788061050556,0.005590079799583065,5.0
2026-08-16 13:40:00,-0.11763536,-0.36333282762079194,1.099999975413084,10.779999759048223,0.02764048825174731,0.8954526738036936,0.923093162055441,0.4421249725843874,0.005590079799583065,5.0
2026-08-16 13:50:00,-0.11763536,-0.3302340658455175,1.099999975413084,10.779999759048223,0.02764048825174731,0.8954526738036936,0.923093162055441,0.4752237343596618,0.005590079799583065,5.0
2026-08-16 14:00:00,-0.11763536,-0.2949642221925866,1.099999975413084,10.779999759048223,0.02764048825174731,0.8954526738036936,0.923093162055441,0.5104935780125928,0.005590079799583065,5.0
2026-08-16 14:10:00,-0.11763536,-0.25782051221083213,1.099999975413084,10.779999759048223,0.02764048825174731,0.8954526738036936,0.923093162055441,0.5476372879943472,0.005590079799583065,5.0
2026-08-16 14:20:00,-0.11763536,-0.21910455736236953,1.099999975413084,10.779999759048223,0.02764048825174731,0.8954526738036936,0.923093162055441,0.5863532428428098,0.005590079799583065,5.0
2026-08-16 14:30:00,-0.11763536,-0.17912012697090177,1.099999975413084,10.779999759048223,0.02764048825174731,0.8954526738036936,0.923093162055441,0.6263376732342776,0.005590079799583065,5.0
2026-08-16 14:40:00,-0.11763536,-0.13817085474097524,1.099999975413084,10.779999759048223,0.02764048825174731,0.8954526738036936,0.923093162055441,0.6672869454642041,0.005590079799583065,5.0
2026-08-16 14:50:00,-0.11763536,-0.09655796687540903,1.099999975413084,10.779999759048223,0.02764048825174731,0.8954526738036936,0.923093162055441,0.7088998333297702,0.005590079799583065,5.0
2026-08-16 15:00:00,-0.11763536,-0.05457808209505208,1.099999975413084,14.569999674335122,0.03735824803598871,1.2102732335176083,1.247631481553597,1.0754180376082831,0.005590079799583065,5.0
2026-08-16 15:10:00,-0.11763536,-0.012521161195566538,1.099999975413084,14.569999674335122,0.03735824803598871,1.2102732335176083,1.247631481553597,1.1174749585077688,0.005590079799583065,5.0
2026-08-16 15:20:00,-0.11763536,0.029331307623086948,1.099999975413084,14.569999674335122,0.03735824803598871,1.2102732335176083,1.247631481553597,1.1593274273264222,0.005590079799583065,5.0
2026-08-16 15:30:00,-0.11763536,0.07070780291498652,1.099999975413084,14.569999674335122,0.03735824803598871,1.2102732335176083,1.247631481553597,1.2007039226183218,0.005590079799583065,5.0
2026-08-16 15:40:00,-0.11763536,0.11134787133869141,1.099999975413084,14.569999674335122,0.03735824803598871,1.2102732335176083,1.247631481553597,1.2413439910420268,0.005590079799583065,5.0
2026-08-16 15:50:00,-0.11763536,0.1510027862427691,1.099999975413084,14.569999674335122,0.03735824803598871,1.2102732335176083,1.247631481553597,1.2809989059461044,0.005590079799583065,5.0
2026-08-16 16:00:00,-0.11763536,0.18943574411726005,1.099999975413084,14.569999674335122,0.03735824803598871,1.2102732335176083,1.247631481553597,1.3194318638205953,0.005590079799583065,5.0
2026-08-16 16:10:00,-0.11763536,0.22642161553316786,1.099999975413084,14.569999674335122,0.03735824803598871,1.2102732335176083,1.247631481553597,1.3564177352365032,0.005590079799583065,5.0
2026-08-16 16:20:00,-0.11763536,0.261746304903584,1.099999975413084,14.569999674335122,0.03735824803598871,1.2102732335176083,1.247631481553597,1.3917424246069192,0.005590079799583065,5.0
2026-08-16 16:30:00,-0.11763536,0.2952058093586776,1.099999975413084,14.569999674335122,0.03735824803598871,1.2102732335176083,1.247631481553597,1.4252019290620128,0.005590079799583065,5.0
2026-08-16 16:40:00,-0.11763536,0.32660509713540287,1.099999975413084,14.569999674335122,0.03735824803598871,1.2102732335176083,1.247631481553597,1.456601216838738,0.005590079799583065,5.0
2026-08-16 16:50:00,-0.11763536,0.3557569473603501,1.099999975413084,14.569999674335122,0.03735824803598871,1.2102732335176083,1.247631481553597,1.4857530670636854,0.005590079799583065,5.0
2026-08-16 17:00:00,-0.11763536,0.382480903104392,1.099999975413084,14.569999674335122,0.03735824803598871,1.2102732335176083,1.247631481553597,1.5124770228077273,0.005590079799583065,5.0
2026-08-16 17:10:00,-0.11763536,0.40660248727390313,1.099999975413084,14.569999674335122,0.03735824803598871,1.2102732335176083,1.247631481553597,1.5365986069772384,0.005590079799583065,5.0
2026-08-16 17:20:00,-0.11763536,0.4279528157515009,1.099999975413084,14.569999674335122,0.03735824803598871,1.2102732335176083,1.247631481553597,1.5579489354548361,0.005590079799583065,5.0
2026-08-16 17:30:00,-0.11763536,0.4463687156720602,1.099999975413084,14.569999674335122,0.03735824803598871,1.2102732335176083,1.247631481553597,1.5763648353753954,0.005590079799583065,5.0
2026-08-16 17:40:00,-0.11763536,0.4616934208063004,1.099999975413084,14.569999674335122,0.03735824803598871,1.2102732335176083,1.247631481553597,1.5916895405096356,0.005590079799583065,5.0
2026-08-16 17:50:00,-0.11763536,0.4737778740244232,1.099999975413084,14.569999674335122,0.03735824803598871,1.2102732335176083,1.247631481553597,1.6037739937277584,0.005590079799583065,5.0
2026-08-16 18:00:00,-0.11763536,0.48248262215262566,1.0899999756366014,14.429999677464366,0.03683071813636893,1.1931831570029119,1.2300138751392808,1.5948611354416449,0.005590079799583065,5.0
2026-08-16 18:10:00,-0.11763536,0.487680245185682,1.0899999756366014,14.429999677464366,0.03683071813636893,1.1931831570029119,1.2300138751392808,1.600058758474701,0.005590079799583065,5.0
2026-08-16 18:20:00,-0.11763536,0.4892582233489945,1.0899999756366014,14.429999677464366,0.03683071813636893,1.1931831570029119,1.2300138751392808,1.6016367366380138,0.005590079799583065,5.0
2026-08-16 18:30:00,-0.11763536,0.48712211478837114,1.0899999756366014,14.429999677464366,0.03683071813636893,1.1931831570029119,1.2300138751392808,1.5995006280773902,0.005590079799583065,5.0
2026-08-16 18:40:00,-0.11763536,0.4811988961293714,1.0899999756366014,14.429999677464366,0.03683071813636893,1.1931831570029119,1.2300138751392808,1.5935774094183905,0.005590079799583065,5.0
2026-08-16 18:50:00,-0.11763536,0.4714403086502592,1.0899999756366014,14.429999677464366,0.03683071813636893,1.1931831570029119,1.2300138751392808,1.5838188219392784,0.005590079799583065,5.0
2026-08-16 19:00:00,-0.11763536,0.4578260545589972,1.0899999756366014,14.429999677464366,0.03683071813636893,1.1931831570029119,1.2300138751392808,1.5702045678480163,0.005590079799583065,5.0
2026-08-16 19:10:00,-0.11763536,0.44036669974444026,1.0899999756366014,14.429999677464366,0.03683071813636893,1.1931831570029119,1.2300138751392808,1.5527452130334594,0.005590079799583065,5.0
2026-08-16 19:20:00,-0.11763536,0.4191061593931473,1.0899999756366014,14.429999677464366,0.03683071813636893,1.1931831570029119,1.2300138751392808,1.5314846726821665,0.005590079799583065,5.0
2026-08-16 19:30:00,-0.11763536,0.3941236685606518,1.0899999756366014,14.429999677464366,0.03683071813636893,1.1931831570029119,1.2300138751392808,1.5065021818496709,0.005590079799583065,5.0
2026-08-16 19:40:00,-0.11763536,0.3655351681354928,1.0899999756366014,14.429999677464366,0.03683071813636893,1.1931831570029119,1.2300138751392808,1.477913681424512,0.005590079799583065,5.0
2026-08-16 19:50:00,-0.11763536,0.3334940648472963,1.0899999756366014,14.429999677464366,0.03683071813636893,1.1931831570029119,1.2300138751392808,1.4458725781363155,0.005590079799583065,5.0
2026-08-16 20:00:00,-0.11763536,0.29819134944887876,1.0899999756366014,14.429999677464366,0.03683071813636893,1.1931831570029119,1.2300138751392808,1.410569862737898,0.005590079799583065,5.0
2026-08-16 20:10:00,-0.11763536,0.2598550780420615,1.0899999756366014,14.429999677464366,0.03683071813636893,1.1931831570029119,1.2300138751392808,1.3722335913310806,0.005590079799583065,5.0
2026-08-16 20:20:00,-0.11763536,0.2187492366040962,1.0899999756366014,14.429999677464366,0.03683071813636893,1.1931831570029119,1.2300138751392808,1.3311277498931153,0.005590079799583065,5.0
2026-08-16 20:30:00,-0.11763536,0.17517201785245617,1.0899999756366014,14.429999677464366,0.03683071813636893,1.1931831570029119,1.2300138751392808,1.2875505311414752,0.005590079799583065,5.0
2026-08-16 20:40:00,-0.11763536,0.1294535433089108,1.0899999756366014,14.429999677464366,0.03683071813636893,1.1931831570029119,1.2300138751392808,1.24183205659793,0.005590079799583065,5.0
2026-08-16 20:50:00,-0.11763536,0.08195306315900909,1.0899999756366014,14.429999677464366,0.03683071813636893,1.1931831570029119,1.2300138751392808,1.1943315764480282,0.005590079799583065,5.0
2026-08-16 21:00:00,-0.11763536,0.033055664054695434,1.0699999760836363,14.319999679923058,0.03621308413819524,1.173174030895607,1.209387115033802,1.1248074172382359,0.005590079799583065,5.0
2026-08-16 21:10:00,-0.11763536,-0.016831487375016645,1.0699999760836363,14.319999679923058,0.03621308413819524,1.173174030895607,1.209387115033802,1.0749202658085237,0.005590079799583065,5.0
2026-08-16 21:20:00,-0.11763536,-0.06728333807326173,1.0699999760836363,14.319999679923058,0.03621308413819524,1.173174030895607,1.209387115033802,1.0244684151102785,0.005590079799583065,5.0
2026-08-16 21:30:00,-0.11763536,-0.11786154865093794,1.0699999760836363,14.319999679923058,0.03621308413819524,1.173174030895607,1.209387115033802,0.9738902045326023,0.005590079799583065,5.0
2026-08-16 21:40:00,-0.11763536,-0.16811946174686374,1.0699999760836363,14.319999679923058,0.03621308413819524,1.173174030895607,1.209387115033802,0.9236322914366766,0.005590079799583065,5.0
2026-08-16 21:50:00,-0.11763536,-0.21760738753426187,1.0699999760836363,14.319999679923058,0.03621308413819524,1.173174030895607,1.209387115033802,0.8741443656492784,0.005590079799583065,5.0
2026-08-16 22:00:00,-0.11763536,-0.265878138160899,1.0699999760836363,14.319999679923058,0.03621308413819524,1.173174030895607,1.209387115033802,0.8258736150226413,0.005590079799583065,5.0
2026-08-16 22:10:00,-0.11763536,-0.3124927229853037,1.0699999760836363,14.319999679923058,0.03621308413819524,1.173174030895607,1.209387115033802,0.7792590301982367,0.005590079799583065,5.0
2026-08-16 22:20:00,-0.11763536,-0.3570260955707527,1.0699999760836363,14.319999679923058,0.03621308413819524,1.173174030895607,1.209387115033802,0.7347256576127876,0.005590079799583065,5.0
2026-08-16 22:30:00,-0.11763536,-0.3990728243762671,1.0699999760836363,14.319999679923058,0.03621308413819524,1.173174030895607,1.209387115033802,0.6926789288072732,0.005590079799583065,5.0
2026-08-16 22:40:00,-0.11763536,-0.43825254424503796,1.0699999760836363,14.319999679923058,0.03621308413819524,1.173174030895607,1.209387115033802,0.6534992089385023,0.005590079799583065,5.0
2026-08-16 22:50:00,-0.11763536,-0.4742150377591557,1.0699999760836363,14.319999679923058,0.03621308413819524,1.173174030895607,1.209387115033802,0.6175367154243847,0.005590079799583065,5.0
2026-08-16 23:00:00,-0.11763536,-0.5066447962771796,1.0699999760836363,14.319999679923058,0.03621308413819524,1.173174030895607,1.209387115033802,0.5851069569063607,0.005590079799583065,5.0
2026-08-16 23:10:00,-0.11763536,-0.5352649209428855,1.0699999760836363,14.319999679923058,0.03621308413819524,1.173174030895607,1.209387115033802,0.5564868322406549,0.005590079799583065,5.0
2026-08-16 23:20:00,-0.11763536,-0.5598402446007933,1.0699999760836363,14.319999679923058,0.03621308413819524,1.173174030895607,1.209387115033802,0.531911508582747,0.005590079799583065,5.0
2026-08-16 23:30:00,-0.11763536,-0.5801795853335671,1.0699999760836363,14.319999679923058,0.03621308413819524,1.173174030895607,1.209387115033802,0.5115721678499733,0.005590079799583065,5.0
2026-08-16 23:40:00,-0.11763536,-0.5961370796112346,1.0699999760836363,14.319999679923058,0.03621308413819524,1.173174030895607,1.209387115033802,0.4956146735723057,0.005590079799583065,5.0
2026-08-16 23:50:00,-0.11763536,-0.6076125848597086,1.0699999760836363,14.319999679923058,0.03621308413819524,1.173174030895607,1.209387115033802,0.48413916832383175,0.005590079799583065,5.0
2026-08-17 00:00:00,-0.11763536,-0.6145511846760945,1.0699999760836363,14.319999679923058,0.03621308413819524,1.173174030895607,1.209387115033802,0.47720056850744585,0.005590079799583065,5.0
2026-08-17 00:10:00,,-0.6169418710678174,,,,,,,0.005590079799583065,5.0
2026-08-17 00:20:00,,-0.6148155137343259,,,,,,,0.005590079799583065,5.0
2026-08-17 00:30:00,,-0.6082422534855522,,,,,,,0.005590079799583065,5.0
2026-08-17 00:40:00,,-0.5973284731625386,,,,,,,0.005590079799583065,5.0
2026-08-17 00:50:00,,-0.5822135037263765,,,,,,,0.005590079799583065,5.0
2026-08-17 01:00:00,,-0.563066215486584,,,,,,,0.005590079799583065,5.0
2026-08-17 01:10:00,,-0.5400816258985717,,,,,,,0.005590079799583065,5.0
2026-08-17 01:20:00,,-0.513477628106573,,,,,,,0.005590079799583065,5.0
2026-08-17 01:30:00,,-0.48349191157780175,,,,,,,0.005590079799583065,5.0
2026-08-17 01:40:00,,-0.45037911120572083,,,,,,,0.005590079799583065,5.0
2026-08-17 01:50:00,,-0.4144081879075301,,,,,,,0.005590079799583065,5.0
2026-08-17 02:00:00,,-0.3758600153908399,,,,,,,0.005590079799583065,5.0
2026-08-17 02:10:00,,-0.33502512722335653,,,,,,,0.005590079799583065,5.0
2026-08-17 02:20:00,,-0.2922015675018191,,,,,,,0.005590079799583065,5.0
2026-08-17 02:30:00,,-0.24769278803750613,,,,,,,0.005590079799583065,5.0
2026-08-17 02:40:00,,-0.20180554459654232,,,,,,,0.005590079799583065,5.0
2026-08-17 02:50:00,,-0.15484776283845,,,,,,,0.005590079799583065,5.0
2026-08-17 03:00:00,,-0.10712636854490669,,,,,,,0.005590079799583065,5.0
2026-08-17 03:10:00,,-0.05894510339140467,,,,,,,0.005590079799583065,5.0
2026-08-17 03:20:00,,-0.010602373302996335,,,,,,,0.005590079799583065,5.0
2026-08-17 03:30:00,,0.03761080217700525,,,,,,,0.005590079799583065,5.0
2026-08-17 03:40:00,,0.08541265692068142,,,,,,,0.005590079799583065,5.0
2026-08-17 03:50:00,,0.1325322745892185,,,,,,,0.005590079799583065,5.0
2026-08-17 04:00:00,,0.17871083333434457,,,,,,,0.005590079799583065,5.0
2026-08-17 04:10:00,,0.2237024346318415,,,,,,,0.005590079799583065,5.0
2026-08-17 04:20:00,,0.2672744781210299,,,,,,,0.005590079799583065,5.0
2026-08-17 04:30:00,,0.3092075774419807,,,,,,,0.005590079799583065,5.0
2026-08-17 04:40:00,,0.349295049148396,,,,,,,0.005590079799583065,5.0
2026-08-17 04:50:00,,0.3873420437864371,,,,,,,0.005590079799583065,5.0
2026-08-17 05:00:00,,0.42316442193892195,,,,,,,0.005590079799583065,5.0
2026-08-17 05:10:00,,0.45658750430863976,,,,,,,0.005590079799583065,5.0
2026-08-17 05:20:00,,0.48744484145403555,,,,,,,0.005590079799583065,5.0
2026-08-17 05:30:00,,0.5155771532358118,,,,,,,0.005590079799583065,5.0
2026-08-17 05:40:00,,0.5408315800305213,,,,,,,0.005590079799583065,5.0
2026-08-17 05:50:00,,0.5630613674396922,,,,,,,0.005590079799583065,5.0
2026-08-17 06:00:00,,0.5821260755729045,,,,,,,0.005590079799583065,5.0
2026-08-17 06:10:00,,0.5978923653729873,,,,,,,0.005590079799583065,5.0
2026-08-17 06:20:00,,0.6102353714387422,,,,,,,0.005590079799583065,5.0
2026-08-17 06:30:00,,0.6190406271308012,,,,,,,0.005590079799583065,5.0
2026-08-17 06:40:00,,0.6242064669608397,,,,,,,0.005590079799583065,5.0
2026-08-17 06:50:00,,0.6256467970025742,,,,,,,0.005590079799583065,5.0
2026-08-17 07:00:00,,0.6232940986122779,,,,,,,0.005590079799583065,5.0
2026-08-17 07:10:00,,0.6171025160777885,,,,,,,0.005590079799583065,5.0
2026-08-17 07:20:00,,0.6070508752574247,,,,,,,0.005590079799583065,5.0
2026-08-17 07:30:00,,0.59314548746797,,,,,,,0.005590079799583065,5.0
2026-08-17 07:40:00,,0.5754226092355114,,,,,,,0.005590079799583065,5.0
2026-08-17 07:50:00,,0.553950451750253,,,,,,,0.005590079799583065,5.0
2026-08-17 08:00:00,,0.5288306612204308,,,,,,,0.005590079799583065,5.0
2026-08-17 08:10:00,,0.5001992197901494,,,,,,,0.005590079799583065,5.0
2026-08-17 08:20:00,,0.4682267435895834,,,,,,,0.005590079799583065,5.0
2026-08-17 08:30:00,,0.4331181774888684,,,,,,,0.005590079799583065,5.0
2026-08-17 08:40:00,,0.3951119037112565,,,,,,,0.005590079799583065,5.0
2026-08-17 08:50:00,,0.35447829293305816,,,,,,,0.005590079799583065,5.0
2026-08-17 09:00:00,,0.3115177320474045,,,,,,,0.005590079799583065,5.0
2026-08-17 09:10:00,,0.26655816343212535,,,,,,,0.005590079799583065,5.0
2026-08-17 09:20:00,,0.21995216801895204,,,,,,,0.005590079799583065,5.0
2026-08-17 09:30:00,,0.17207362066508766,,,,,,,0.005590079799583065,5.0
2026-08-17 09:40:00,,0.12331394357215829,,,,,,,0.005590079799583065,5.0
2026-08-17 09:50:00,,0.07407798347980968,,,,,,,0.005590079799583065,5.0
2026-08-17 10:00:00,,0.02477954269575985,,,,,,,0.005590079799583065,5.0
2026-08-17 10:10:00,,-0.024163396750342635,,,,,,,0.005590079799583065,5.0
2026-08-17 10:20:00,,-0.0723337024277183,,,,,,,0.005590079799583065,5.0
2026-08-17 10:30:00,,-0.11932030301472306,,,,,,,0.005590079799583065,5.0
2026-08-17 10:40:00,,-0.16472349064520905,,,,,,,0.005590079799583065,5.0
2026-08-17 10:50:00,,-0.20816020286764508,,,,,,,0.005590079799583065,5.0
2026-08-17 11:00:00,,-0.24926915600091856,,,,,,,0.005590079799583065,5.0
2026-08-17 11:10:00,,-0.2877156898603756,,,,,,,0.005590079799583065,5.0
2026-08-17 11:20:00,,-0.32319617982040433,,,,,,,0.005590079799583065,5.0
2026-08-17 11:30:00,,-0.35544187715002756,,,,,,,0.005590079799583065,5.0
2026-08-17 11:40:00,,-0.38422205361984146,,,,,,,0.005590079799583065,5.0
2026-08-17 11:50:00,,-0.4093463509042219,,,,,,,0.005590079799583065,5.0
2026-08-17 12:00:00,,-0.43066626828437043,,,,,,,0.005590079799583065,5.0
2026-08-17 12:10:00,,-0.4480757611054035,,,,,,,0.005590079799583065,5.0
2026-08-17 12:20:00,,-0.46151096451288914,,,,,,,0.005590079799583065,5.0
2026-08-17 12:30:00,,-0.47094909876065866,,,,,,,0.005590079799583065,5.0
2026-08-17 12:40:00,,-0.47640665021442824,,,,,,,0.005590079799583065,5.0
2026-08-17 12:50:00,,-0.4779369529754772,,,,,,,0.005590079799583065,5.0
2026-08-17 13:00:00,,-0.47562731705426237,,,,,,,0.005590079799583065,5.0
2026-08-17 13:10:00,,-0.4695958586323165,,,,,,,0.005590079799583065,5.0
2026-08-17 13:20:00,,-0.45998818542557984,,,,,,,0.005590079799583065,5.0
2026-08-17 13:30:00,,-0.4469740761770528,,,,,,,0.005590079799583065,5.0
2026-08-17 13:40:00,,-0.43074426945963523,,,,,,,0.005590079799583065,5.0
2026-08-17 13:50:00,,-0.4115074459734728,,,,,,,0.005590079799583065,5.0
2026-08-17 14:00:00,,-0.3894874536724217,,,,,,,0.005590079799583065,5.0
2026-08-17 14:10:00,,-0.3649207900582789,,,,,,,0.005590079799583065,5.0
2026-08-17 14:20:00,,-0.338054324384863,,,,,,,0.005590079799583065,5.0
2026-08-17 14:30:00,,-0.30914321762221836,,,,,,,0.005590079799583065,5.0
2026-08-17 14:40:00,,-0.27844898202522544,,,,,,,0.005590079799583065,5.0
2026-08-17 14:50:00,,-0.2462376166548776,,,,,,,0.005590079799583065,5.0
2026-08-17 15:00:00,,-0.2127777601323372,,,,,,,0.005590079799583065,5.0
2026-08-17 15:10:00,,-0.17833881645185745,,,,,,,0.005590079799583065,5.0
2026-08-17 15:20:00,,-0.1431890316738573,,,,,,,0.005590079799583065,5.0
2026-08-17 15:30:00,,-0.10759352572646051,,,,,,,0.005590079799583065,5.0
2026-08-17 15:40:00,,-0.07181231122356264,,,,,,,0.005590079799583065,5.0
2026-08-17 15:50:00,,-0.03609835606482756,,,,,,,0.005590079799583065,5.0
2026-08-17 16:00:00,,-0.0006957659561982255,,,,,,,0.005590079799583065,5.0
2026-08-17 16:10:00,,0.03416182655496341,,,,,,,0.005590079799583065,5.0
2026-08-17 16:20:00,,0.06825257939304889,,,,,,,0.005590079799583065,5.0
2026-08-17 16:30:00,,0.1013673881030347,,,,,,,0.005590079799583065,5.0
2026-08-17 16:40:00,,0.13331040703726987,,,,,,,0.005590079799583065,5.0
2026-08-17 16:50:00,,0.16389911804778057,,,,,,,0.005590079799583065,5.0
2026-08-17 17:00:00,,0.19296395523062665,,,,,,,0.005590079799583065,5.0
2026-08-17 17:10:00,,0.22034753145816904,,,,,,,0.005590079799583065,5.0
2026-08-17 17:20:00,,0.24590354842375128,,,,,,,0.005590079799583065,5.0
2026-08-17 17:30:00,,0.26949550235031156,,,,,,,0.005590079799583065,5.0
2026-08-17 17:40:00,,0.2909953199530242,,,,,,,0.005590079799583065,5.0
2026-08-17 17:50:00,,0.31028207038910544,,,,,,,0.005590079799583065,5.0
2026-08-17 18:00:00,,0.32724089815277213,,,,,,,0.005590079799583065,5.0
2026-08-17 18:10:00,,0.34176230846652755,,,,,,,0.005590079799583065,5.0
2026-08-17 18:20:00,,0.3537419120284952,,,,,,,0.005590079799583065,5.0
2026-08-17 18:30:00,,0.36308070201184267,,,,,,,0.005590079799583065,5.0
2026-08-17 18:40:00,,0.3696858959712803,,,,,,,0.005590079799583065,5.0
2026-08-17 18:50:00,,0.3734723325495962,,,,,,,0.005590079799583065,5.0
2026-08-17 19:00:00,,0.37436437095325675,,,,,,,0.005590079799583065,5.0
2026-08-17 19:10:00,,0.3722982042235347,,,,,,,0.005590079799583065,5.0
2026-08-17 19:20:00,,0.36722446770599554,,,,,,,0.005590079799583065,5.0
2026-08-17 19:30:00,,0.3591110045617583,,,,,,,0.005590079799583065,5.0
2026-08-17 19:40:00,,0.3479456413920186,,,,,,,0.005590079799583065,5.0
2026-08-17 19:50:00,,0.33373882929410137,,,,,,,0.005590079799583065,5.0
2026-08-17 20:00:00,,0.3165260178572344,,,,,,,0.005590079799583065,5.0
2026-08-17 20:10:00,,0.2963696497263445,,,,,,,0.005590079799583065,5.0
2026-08-17 20:20:00,,0.2733606889727074,,,,,,,0.005590079799583065,5.0
2026-08-17 20:30:00,,0.2476196245497582,,,,,,,0.005590079799583065,5.0
2026-08-17 20:40:00,,0.21929691783123517,,,,,,,0.005590079799583065,5.0
2026-08-17 20:50:00,,0.1885728879505574,,,,,,,0.005590079799583065,5.0
2026-08-17 21:00:00,,0.1556570485338842,,,,,,,0.005590079799583065,5.0
2026-08-17 21:10:00,,0.12078692322992013,,,,,,,0.005590079799583065,5.0
2026-08-17 21:20:00,,0.08422637505549792,,,,,,,0.005590079799583065,5.0
2026-08-17 21:30:00,,0.046263486472869195,,,,,,,0.005590079799583065,5.0
2026-08-17 21:40:00,,0.00720802488921775,,,,,,,0.005590079799583065,5.0
2026-08-17 21:50:00,,-0.03261147645263249,,,,,,,0.005590079799583065,5.0
2026-08-17 22:00:00,,-0.07285099689187084,,,,,,,0.005590079799583065,5.0
2026-08-17 22:10:00,,-0.11315464385558258,,,,,,,0.005590079799583065,5.0
2026-08-17 22:20:00,,-0.15315858226496976,,,,,,,0.005590079799583065,5.0
2026-08-17 22:30:00,,-0.19249524931954853,,,,,,,0.005590079799583065,5.0
2026-08-17 22:40:00,,-0.23079781536645755,,,,,,,0.005590079799583065,5.0
2026-08-17 22:50:00,,-0.2677048363416561,,,,,,,0.005590079799583065,5.0
2026-08-17 23:00:00,,-0.3028650248081409,,,,,,,0.005590079799583065,5.0
2026-08-17 23:10:00,,-0.33594204673671924,,,,,,,0.005590079799583065,5.0
2026-08-17 23:20:00,,-0.3666192327844556,,,,,,,0.005590079799583065,5.0
2026-08-17 23:30:00,,-0.394604077866749,,,,,,,0.005590079799583065,5.0
2026-08-17 23:40:00,,-0.41963239465722124,,,,,,,0.005590079799583065,5.0
2026-08-17 23:50:00,,-0.4414719861615807,,,,,,,0.005590079799583065,5.0
