,SSH_10min,Tide_10min,Significant_Wave_Height,Peak_Wave_Period,Wave_Setup,Wave_Swash,Wave_Runup,Total_Water_Level,beach_slope,water_depth
2026-10-01 00:00:00,0.07393138,-0.5161469001525855,0.6599999852478504,10.549999764189124,0.020953425596931783,0.6788158300688927,0.6997692556658245,0.25755373661961567,0.005590079799583065,5.0
2026-10-01 00:10:00,0.07393138,-0.5138542146721821,0.6599999852478504,10.549999764189124,0.020953425596931783,0.6788158300688927,0.6997692556658245,0.25984642210001907,0.005590079799583065,5.0
2026-10-01 00:20:00,0.07393138,-0.5073306063375146,0.6599999852478504,10.549999764189124,0.020953425596931783,0.6788158300688927,0.6997692556658245,0.26637003043468654,0.005590079799583065,5.0
2026-10-01 00:30:00,0.07393138,-0.49666903617209274,0.6599999852478504,10.549999764189124,0.020953425596931783,0.6788158300688927,0.6997692556658245,0.2770316006001084,0.005590079799583065,5.0
2026-10-01 00:40:00,0.07393138,-0.4819980843087471,0.6599999852478504,10.549999764189124,0.020953425596931783,0.6788158300688927,0.6997692556658245,0.29170255246345406,0.005590079799583065,5.0
2026-10-01 00:50:00,0.07393138,-0.46347862998258893,0.6599999852478504,10.549999764189124,0.020953425596931783,0.6788158300688927,0.6997692556658245,0.3102220067896122,0.005590079799583065,5.0
2026-10-01 01:00:00,0.07393138,-0.44130017362582946,0.6599999852478504,10.549999764189124,0.020953425596931783,0.6788158300688927,0.6997692556658245,0.33240046314637167,0.005590079799583065,5.0
2026-10-01 01:10:00,0.07393138,-0.4156769643491285,0.6599999852478504,10.549999764189124,0.020953425596931783,0.6788158300688927,0.6997692556658245,0.35802367242307265,0.005590079799583065,5.0
2026-10-01 01:20:00,0.07393138,-0.38684409840388545,0.6599999852478504,10.549999764189124,0.020953425596931783,0.6788158300688927,0.6997692556658245,0.3868565383683157,0.005590079799583065,5.0
2026-10-01 01:30:00,0.07393138,-0.3550537443339999,0.6599999852478504,10.549999764189124,0.020953425596931783,0.6788158300688927,0.6997692556658245,0.41864689243820125,0.005590079799583065,5.0
2026-10-01 01:40:00,0.07393138,-0.32057162910946113,0.6599999852478504,10.549999764189124,0.020953425596931783,0.6788158300688927,0.6997692556658245,0.45312900766274,0.005590079799583065,5.0
2026-10-01 01:50:00,0.07393138,-0.28367388853331915,0.6599999852478504,10.549999764189124,0.020953425596931783,0.6788158300688927,0.6997692556658245,0.490026748238882,0.005590079799583065,5.0
2026-10-01 02:00:00,0.07393138,-0.24464434739917332,0.6599999852478504,10.549999764189124,0.020953425596931783,0.6788158300688927,0.6997692556658245,0.5290562893730278,0.005590079799583065,5.0
2026-10-01 02:10:00,0.07393138,-0.20377225389598672,0.6599999852478504,10.549999764189124,0.020953425596931783,0.6788158300688927,0.6997692556658245,0.5699283828762144,0.005590079799583065,5.0
2026-10-01 02:20:00,0.07393138,-0.16135045227756606,0.6599999852478504,10.549999764189124,0.020953425596931783,0.6788158300688927,0.6997692556658245,0.6123501844946351,0.005590079799583065,5.0
2026-10-01 02:30:00,0.07393138,-0.11767394182372468,0.6599999852478504,10.549999764189124,0.020953425596931783,0.6788158300688927,0.6997692556658245,0.6560266949484764,0.005590079799583065,5.0
2026-10-01 02:40:00,0.07393138,-0.0730387416828368,0.6599999852478504,10.549999764189124,0.020953425596931783,0.6788158300688927,0.6997692556658245,0.7006618950893644,0.005590079799583065,5.0
2026-10-01 02:50:00,0.07393138,-0.02774096305934967,0.6599999852478504,10.549999764189124,0.020953425596931783,0.6788158300688927,0.6997692556658245,0.7459596737128514,0.005590079799583065,5.0
2026-10-01 03:00:00,0.07393138,0.017924016442600447,0.6399999856948853,10.41999976709485,0.020379255435530496,0.6602147763696121,0.6805940318051427,0.7724494293541198,0.005590079799583065,5.0
2026-10-01 03:10:00,0.07393138,0.06366237623747811,0.6399999856948853,10.41999976709485,0.020379255435530496,0.6602147763696121,0.6805940318051427,0.8181877891489975,0.005590079799583065,5.0
2026-10-01 03:20:00,0.07393138,0.10918275780213568,0.6399999856948853,10.41999976709485,0.020379255435530496,0.6602147763696121,0.6805940318051427,0.863708170713655,0.005590079799583065,5.0
2026-10-01 03:30:00,0.07393138,0.15419731057254826,0.6399999856948853,10.41999976709485,0.020379255435530496,0.6602147763696121,0.6805940318051427,0.9087227234840676,0.005590079799583065,5.0
2026-10-01 03:40:00,0.07393138,0.19842290743404958,0.6399999856948853,10.41999976709485,0.020379255435530496,0.6602147763696121,0.6805940318051427,0.9529483203455689,0.005590079799583065,5.0
2026-10-01 03:50:00,0.07393138,0.24158252629369986,0.6399999856948853,10.41999976709485,0.020379255435530496,0.6602147763696121,0.6805940318051427,0.9961079392052192,0.005590079799583065,5.0
2026-10-01 04:00:00,0.07393138,0.28340676319877545,0.6399999856948853,10.41999976709485,0.020379255435530496,0.6602147763696121,0.6805940318051427,1.0379321761102949,0.005590079799583065,5.0
2026-10-01 04:10:00,0.07393138,0.3236354171271015,0.6399999856948853,10.41999976709485,0.020379255435530496,0.6602147763696121,0.6805940318051427,1.0781608300386207,0.005590079799583065,5.0
2026-10-01 04:20:00,0.07393138,0.3620190688254412,0.6399999856948853,10.41999976709485,0.020379255435530496,0.6602147763696121,0.6805940318051427,1.1165444817369605,0.005590079799583065,5.0
2026-10-01 04:30:00,0.07393138,0.3983205686385212,0.6399999856948853,10.41999976709485,0.020379255435530496,0.6602147763696121,0.6805940318051427,1.1528459815500405,0.005590079799583065,5.0
2026-10-01 04:40:00,0.07393138,0.4323163515942162,0.6399999856948853,10.41999976709485,0.020379255435530496,0.6602147763696121,0.6805940318051427,1.1868417645057354,0.005590079799583065,5.0
2026-10-01 04:50:00,0.07393138,0.4637975117406615,0.6399999856948853,10.41999976709485,0.020379255435530496,0.6602147763696121,0.6805940318051427,1.2183229246521807,0.005590079799583065,5.0
2026-10-01 05:00:00,0.07393138,0.4925705905233707,0.6399999856948853,10.41999976709485,0.020379255435530496,0.6602147763696121,0.6805940318051427,1.2470960034348901,0.005590079799583065,5.0
2026-10-01 05:10:00,0.07393138,0.5184580628773634,0.6399999856948853,10.41999976709485,0.020379255435530496,0.6602147763696121,0.6805940318051427,1.2729834757888827,0.005590079799583065,5.0
2026-10-01 05:20:00,0.07393138,0.5412985370032365,0.6399999856948853,10.41999976709485,0.020379255435530496,0.6602147763696121,0.6805940318051427,1.2958239499147557,0.005590079799583065,5.0
2026-10-01 05:30:00,0.07393138,0.5609467150944137,0.6399999856948853,10.41999976709485,0.020379255435530496,0.6602147763696121,0.6805940318051427,1.3154721280059332,0.005590079799583065,5.0
2026-10-01 05:40:00,0.07393138,0.577273189950881,0.6399999856948853,10.41999976709485,0.020379255435530496,0.6602147763696121,0.6805940318051427,1.3317986028624003,0.005590079799583065,5.0
2026-10-01 05:50:00,0.07393138,0.5901641722708468,0.6399999856948853,10.41999976709485,0.020379255435530496,0.6602147763696121,0.6805940318051427,1.3446895851823661,0.005590079799583065,5.0
2026-10-01 06:00:00,0.07393138,0.5995212539736113,0.6199999861419201,10.209999771788716,0.019654056206687656,0.6367209226216904,0.6563749788283781,1.3298276139083662,0.005590079799583065,5.0
2026-10-01 06:10:00,0.07393138,0.6052613121680827,0.6199999861419201,10.209999771788716,0.019654056206687656,0.6367209226216904,0.6563749788283781,1.3355676721028376,0.005590079799583065,5.0
2026-10-01 06:20:00,0.07393138,0.6073166464892822,0.6199999861419201,10.209999771788716,0.019654056206687656,0.6367209226216904,0.6563749788283781,1.337623006424037,0.005590079799583065,5.0
2026-10-01 06:30:00,0.07393138,0.6056354204218368,0.6199999861419201,10.209999771788716,0.019654056206687656,0.6367209226216904,0.6563749788283781,1.3359417803565916,0.005590079799583065,5.0
2026-10-01 06:40:00,0.07393138,0.600182446808138,0.6199999861419201,10.209999771788716,0.019654056206687656,0.6367209226216904,0.6563749788283781,1.3304888067428928,0.005590079799583065,5.0
2026-10-01 06:50:00,0.07393138,0.5909403222384219,0.6199999861419201,10.209999771788716,0.019654056206687656,0.6367209226216904,0.6563749788283781,1.3212466821731765,0.005590079799583065,5.0
2026-10-01 07:00:00,0.07393138,0.5779108774945967,0.6199999861419201,10.209999771788716,0.019654056206687656,0.6367209226216904,0.6563749788283781,1.3082172374293515,0.005590079799583065,5.0
2026-10-01 07:10:00,0.07393138,0.5611168756929388,0.6199999861419201,10.209999771788716,0.019654056206687656,0.6367209226216904,0.6563749788283781,1.2914232356276936,0.005590079799583065,5.0
2026-10-01 07:20:00,0.07393138,0.5406038592756006,0.6199999861419201,10.209999771788716,0.019654056206687656,0.6367209226216904,0.6563749788283781,1.2709102192103554,0.005590079799583065,5.0
2026-10-01 07:30:00,0.07393138,0.5164420246433528,0.6199999861419201,10.209999771788716,0.019654056206687656,0.6367209226216904,0.6563749788283781,1.2467483845781075,0.005590079799583065,5.0
2026-10-01 07:40:00,0.07393138,0.4887279907998849,0.6199999861419201,10.209999771788716,0.019654056206687656,0.6367209226216904,0.6563749788283781,1.2190343507346397,0.005590079799583065,5.0
2026-10-01 07:50:00,0.07393138,0.4575863269396274,0.6199999861419201,10.209999771788716,0.019654056206687656,0.6367209226216904,0.6563749788283781,1.1878926868743822,0.005590079799583065,5.0
2026-10-01 08:00:00,0.07393138,0.4231707132181617,0.6199999861419201,10.209999771788716,0.019654056206687656,0.6367209226216904,0.6563749788283781,1.1534770731529165,0.005590079799583065,5.0
2026-10-01 08:10:00,0.07393138,0.3856646278307685,0.6199999861419201,10.209999771788716,0.019654056206687656,0.6367209226216904,0.6563749788283781,1.1159709877655233,0.005590079799583065,5.0
2026-10-01 08:20:00,0.07393138,0.34528147976140494,0.6199999861419201,10.209999771788716,0.019654056206687656,0.6367209226216904,0.6563749788283781,1.0755878396961598,0.005590079799583065,5.0
2026-10-01 08:30:00,0.07393138,0.3022641376130143,0.6199999861419201,10.209999771788716,0.019654056206687656,0.6367209226216904,0.6563749788283781,1.032570497547769,0.005590079799583065,5.0
2026-10-01 08:40:00,0.07393138,0.25688383734621334,0.6199999861419201,10.209999771788716,0.019654056206687656,0.6367209226216904,0.6563749788283781,0.9871901972809681,0.005590079799583065,5.0
2026-10-01 08:50:00,0.07393138,0.20943848304229765,0.6199999861419201,10.209999771788716,0.019654056206687656,0.6367209226216904,0.6563749788283781,0.9397448429770524,0.005590079799583065,5.0
2026-10-01 09:00:00,0.07393138,0.160250381665482,0.6099999863654375,10.059999775141478,0.019208502351191748,0.6222865758911427,0.6414950782423344,0.8756768410141931,0.005590079799583065,5.0
2026-10-01 09:10:00,0.07393138,0.1096634737879548,0.6099999863654375,10.059999775141478,0.019208502351191748,0.6222865758911427,0.6414950782423344,0.8250899331366659,0.005590079799583065,5.0
2026-10-01 09:20:00,0.07393138,0.058040135809481364,0.6099999863654375,10.059999775141478,0.019208502351191748,0.6222865758911427,0.6414950782423344,0.7734665951581925,0.005590079799583065,5.0
2026-10-01 09:30:00,0.07393138,0.0057576351690869,0.6099999863654375,10.059999775141478,0.019208502351191748,0.6222865758911427,0.6414950782423344,0.721184094517798,0.005590079799583065,5.0
2026-10-01 09:40:00,0.07393138,-0.046795680743150464,0.6099999863654375,10.059999775141478,0.019208502351191748,0.6222865758911427,0.6414950782423344,0.6686307786055606,0.005590079799583065,5.0
2026-10-01 09:50:00,0.07393138,-0.09922438770069501,0.6099999863654375,10.059999775141478,0.019208502351191748,0.6222865758911427,0.6414950782423344,0.6162020716480161,0.005590079799583065,5.0
2026-10-01 10:00:00,0.07393138,-0.15113011505434462,0.6099999863654375,10.059999775141478,0.019208502351191748,0.6222865758911427,0.6414950782423344,0.5642963442943665,0.005590079799583065,5.0
2026-10-01 10:10:00,0.07393138,-0.20211574991707834,0.6099999863654375,10.059999775141478,0.019208502351191748,0.6222865758911427,0.6414950782423344,0.5133107094316327,0.005590079799583065,5.0
2026-10-01 10:20:00,0.07393138,-0.2517896709649939,0.6099999863654375,10.059999775141478,0.019208502351191748,0.6222865758911427,0.6414950782423344,0.4636367883837172,0.005590079799583065,5.0
2026-10-01 10:30:00,0.07393138,-0.29976997474843353,0.6099999863654375,10.059999775141478,0.019208502351191748,0.6222865758911427,0.6414950782423344,0.41565648460027754,0.005590079799583065,5.0
2026-10-01 10:40:00,0.07393138,-0.3456886594897995,0.6099999863654375,10.059999775141478,0.019208502351191748,0.6222865758911427,0.6414950782423344,0.3697377998589116,0.005590079799583065,5.0
2026-10-01 10:50:00,0.07393138,-0.38919572874478675,0.6099999863654375,10.059999775141478,0.019208502351191748,0.6222865758911427,0.6414950782423344,0.3262307306039243,0.005590079799583065,5.0
2026-10-01 11:00:00,0.07393138,-0.42996317006741824,0.6099999863654375,10.059999775141478,0.019208502351191748,0.6222865758911427,0.6414950782423344,0.28546328928129283,0.005590079799583065,5.0
2026-10-01 11:10:00,0.07393138,-0.46768875278402094,0.6099999863654375,10.059999775141478,0.019208502351191748,0.6222865758911427,0.6414950782423344,0.24773770656469013,0.005590079799583065,5.0
2026-10-01 11:20:00,0.07393138,-0.5020995765921584,0.6099999863654375,10.059999775141478,0.019208502351191748,0.6222865758911427,0.6414950782423344,0.21332688275655265,0.005590079799583065,5.0
2026-10-01 11:30:00,0.07393138,-0.5329552903248036,0.6099999863654375,10.059999775141478,0.019208502351191748,0.6222865758911427,0.6414950782423344,0.18247116902390748,0.005590079799583065,5.0
2026-10-01 11:40:00,0.07393138,-0.5600508914839447,0.6099999863654375,10.059999775141478,0.019208502351191748,0.6222865758911427,0.6414950782423344,0.15537556786476636,0.005590079799583065,5.0
2026-10-01 11:50:00,0.07393138,-0.5832190129538577,0.6099999863654375,10.059999775141478,0.019208502351191748,0.6222865758911427,0.6414950782423344,0.13220744639485338,0.005590079799583065,5.0
2026-10-01 12:00:00,0.07393138,-0.6023316070275937,0.6299999859184027,9.899999778717756,0.019210385329608053,0.6223475776376471,0.6415579629672552,0.11315773704603815,0.005590079799583065,5.0
2026-10-01 12:10:00,0.07393138,-0.6173009481868676,0.6299999859184027,9.899999778717756,0.019210385329608053,0.6223475776376471,0.6415579629672552,0.0981883958867642,0.005590079799583065,5.0
2026-10-01 12:20:00,0.07393138,-0.6280798963930291,0.6299999859184027,9.899999778717756,0.019210385329608053,0.6223475776376471,0.6415579629672552,0.08740944768060277,0.005590079799583065,5.0
2026-10-01 12:30:00,0.07393138,-0.634661390459192,0.6299999859184027,9.899999778717756,0.019210385329608053,0.6223475776376471,0.6415579629672552,0.08082795361443984,0.005590079799583065,5.0
2026-10-01 12:40:00,0.07393138,-0.6370771748235413,0.6299999859184027,9.899999778717756,0.019210385329608053,0.6223475776376471,0.6415579629672552,0.07841216925009054,0.005590079799583065,5.0
2026-10-01 12:50:00,0.07393138,-0.6353958004749921,0.6299999859184027,9.899999778717756,0.019210385329608053,0.6223475776376471,0.6415579629672552,0.08009354359863974,0.005590079799583065,5.0
2026-10-01 13:00:00,0.07393138,-0.629719978186442,0.6299999859184027,9.899999778717756,0.019210385329608053,0.6223475776376471,0.6415579629672552,0.08576936588718986,0.005590079799583065,5.0
2026-10-01 13:10:00,0.07393138,-0.6201833968667637,0.6299999859184027,9.899999778717756,0.019210385329608053,0.6223475776376471,0.6415579629672552,0.09530594720686814,0.005590079799583065,5.0
2026-10-01 13:20:00,0.07393138,-0.6069471478157961,0.6299999859184027,9.899999778717756,0.019210385329608053,0.6223475776376471,0.6415579629672552,0.10854219625783579,0.005590079799583065,5.0
2026-10-01 13:30:00,0.07393138,-0.5901959147264737,0.6299999859184027,9.899999778717756,0.019210385329608053,0.6223475776376471,0.6415579629672552,0.12529342934715815,0.005590079799583065,5.0
2026-10-01 13:40:00,0.07393138,-0.5701340969141339,0.6299999859184027,9.899999778717756,0.019210385329608053,0.6223475776376471,0.6415579629672552,0.145355247159498,0.005590079799583065,5.0
2026-10-01 13:50:00,0.07393138,-0.5469820288079373,0.6299999859184027,9.899999778717756,0.019210385329608053,0.6223475776376471,0.6415579629672552,0.1685073152656945,0.005590079799583065,5.0
2026-10-01 14:00:00,0.07393138,-0.5209724421477269,0.6299999859184027,9.899999778717756,0.019210385329608053,0.6223475776376471,0.6415579629672552,0.19451690192590498,0.005590079799583065,5.0
2026-10-01 14:10:00,0.07393138,-0.49234729006378486,0.6299999859184027,9.899999778717756,0.019210385329608053,0.6223475776376471,0.6415579629672552,0.223142054009847,0.005590079799583065,5.0
2026-10-01 14:20:00,0.07393138,-0.46135501655850364,0.6299999859184027,9.899999778717756,0.019210385329608053,0.6223475776376471,0.6415579629672552,0.2541343275151282,0.005590079799583065,5.0
2026-10-01 14:30:00,0.07393138,-0.42824831427020116,0.6299999859184027,9.899999778717756,0.019210385329608053,0.6223475776376471,0.6415579629672552,0.2872410298034307,0.005590079799583065,5.0
2026-10-01 14:40:00,0.07393138,-0.39328237122404525,0.6299999859184027,9.899999778717756,0.019210385329608053,0.6223475776376471,0.6415579629672552,0.3222069728495866,0.005590079799583065,5.0
2026-10-01 14:50:00,0.07393138,-0.35671356790169456,0.6299999859184027,9.899999778717756,0.019210385329608053,0.6223475776376471,0.6415579629672552,0.3587757761719373,0.005590079799583065,5.0
2026-10-01 15:00:00,0.07393138,-0.318798552418742,0.6999999843537807,9.759999781847,0.01996316721688243,0.6467350105806314,0.6666981777975138,0.4218310064851485,0.005590079799583065,5.0
2026-10-01 15:10:00,0.07393138,-0.27979359747938864,0.6999999843537807,9.759999781847,0.01996316721688243,0.6467350105806314,0.6666981777975138,0.46083596142450184,0.005590079799583065,5.0
2026-10-01 15:20:00,0.07393138,-0.23995412961484505,0.6999999843537807,9.759999781847,0.01996316721688243,0.6467350105806314,0.6666981777975138,0.5006754292890454,0.005590079799583065,5.0
2026-10-01 15:30:00,0.07393138,-0.19953432009430658,0.6999999843537807,9.759999781847,0.01996316721688243,0.6467350105806314,0.6666981777975138,0.5410952388095839,0.005590079799583065,5.0
2026-10-01 15:40:00,0.07393138,-0.15878663754911893,0.6999999843537807,9.759999781847,0.01996316721688243,0.6467350105806314,0.6666981777975138,0.5818429213547716,0.005590079799583065,5.0
2026-10-01 15:50:00,0.07393138,-0.11796128281140122,0.6999999843537807,9.759999781847,0.01996316721688243,0.6467350105806314,0.6666981777975138,0.6226682760924893,0.005590079799583065,5.0
2026-10-01 16:00:00,0.07393138,-0.07730545479639704,0.6999999843537807,9.759999781847,0.01996316721688243,0.6467350105806314,0.6666981777975138,0.6633241041074934,0.005590079799583065,5.0
2026-10-01 16:10:00,0.07393138,-0.037062428167139505,0.6999999843537807,9.759999781847,0.01996316721688243,0.6467350105806314,0.6666981777975138,0.703567130736751,0.005590079799583065,5.0
2026-10-01 16:20:00,0.07393138,0.002529543478956538,0.6999999843537807,9.759999781847,0.01996316721688243,0.6467350105806314,0.6666981777975138,0.743159102382847,0.005590079799583065,5.0
2026-10-01 16:30:00,0.07393138,0.04123845618709399,0.6999999843537807,9.759999781847,0.01996316721688243,0.6467350105806314,0.6666981777975138,0.7818680150909845,0.005590079799583065,5.0
2026-10-01 16:40:00,0.07393138,0.07883985014246074,0.6999999843537807,9.759999781847,0.01996316721688243,0.6467350105806314,0.6666981777975138,0.8194694090463512,0.005590079799583065,5.0
2026-10-01 16:50:00,0.07393138,0.115118090724339,0.6999999843537807,9.759999781847,0.01996316721688243,0.6467350105806314,0.6666981777975138,0.8557476496282295,0.005590079799583065,5.0
2026-10-01 17:00:00,0.07393138,0.14986755348695785,0.6999999843537807,9.759999781847,0.01996316721688243,0.6467350105806314,0.6666981777975138,0.8904971123908483,0.005590079799583065,5.0
2026-10-01 17:10:00,0.07393138,0.18289363793946323,0.6999999843537807,9.759999781847,0.01996316721688243,0.6467350105806314,0.6666981777975138,0.9235231968433537,0.005590079799583065,5.0
2026-10-01 17:20:00,0.07393138,0.2140135526503655,0.6999999843537807,9.759999781847,0.01996316721688243,0.6467350105806314,0.6666981777975138,0.954643111554256,0.005590079799583065,5.0
2026-10-01 17:30:00,0.07393138,0.24305683918554732,0.6999999843537807,9.759999781847,0.01996316721688243,0.6467350105806314,0.6666981777975138,0.9836863980894378,0.005590079799583065,5.0
2026-10-01 17:40:00,0.07393138,0.26986563291920135,0.6999999843537807,9.759999781847,0.01996316721688243,0.6467350105806314,0.6666981777975138,1.0104951918230918,0.005590079799583065,5.0
2026-10-01 17:50:00,0.07393138,0.2942946900073531,0.6999999843537807,9.759999781847,0.01996316721688243,0.6467350105806314,0.6666981777975138,1.0349242489112436,0.005590079799583065,5.0
2026-10-01 18:00:00,0.07393138,0.3162112395375677,0.7499999832361937,9.579999785870314,0.020282745795167333,0.6570882101988585,0.6773709559940259,1.0675135766379702,0.005590079799583065,5.0
2026-10-01 18:10:00,0.07393138,0.33549474338488594,0.7499999832361937,9.579999785870314,0.020282745795167333,0.6570882101988585,0.6773709559940259,1.0867970804852884,0.005590079799583065,5.0
2026-10-01 18:20:00,0.07393138,0.35203666180914844,0.7499999832361937,9.579999785870314,0.020282745795167333,0.6570882101988585,0.6773709559940259,1.103338998909551,0.005590079799583065,5.0
2026-10-01 18:30:00,0.07393138,0.3657403277471458,0.7499999832361937,9.579999785870314,0.020282745795167333,0.6570882101988585,0.6773709559940259,1.1170426648475482,0.005590079799583065,5.0
2026-10-01 18:40:00,0.07393138,0.37652102649760877,0.7499999832361937,9.579999785870314,0.020282745795167333,0.6570882101988585,0.6773709559940259,1.1278233635980113,0.005590079799583065,5.0
2026-10-01 18:50:00,0.07393138,0.38430636065187146,0.7499999832361937,9.579999785870314,0.020282745795167333,0.6570882101988585,0.6773709559940259,1.135608697752274,0.005590079799583065,5.0
2026-10-01 19:00:00,0.07393138,0.38903695365932556,0.7499999832361937,9.579999785870314,0.020282745795167333,0.6570882101988585,0.6773709559940259,1.140339290759728,0.005590079799583065,5.0
2026-10-01 19:10:00,0.07393138,0.390667512640808,0.7499999832361937,9.579999785870314,0.020282745795167333,0.6570882101988585,0.6773709559940259,1.1419698497412105,0.005590079799583065,5.0
2026-10-01 19:20:00,0.07393138,0.38916823421718194,0.7499999832361937,9.579999785870314,0.020282745795167333,0.6570882101988585,0.6773709559940259,1.1404705713175844,0.005590079799583065,5.0
2026-10-01 19:30:00,0.07393138,0.38452650075892963,0.7499999832361937,9.579999785870314,0.020282745795167333,0.6570882101988585,0.6773709559940259,1.1358288378593322,0.005590079799583065,5.0
2026-10-01 19:40:00,0.07393138,0.3767487812201442,0.7499999832361937,9.579999785870314,0.020282745795167333,0.6570882101988585,0.6773709559940259,1.1280511183205468,0.005590079799583065,5.0
2026-10-01 19:50:00,0.07393138,0.36586262448111023,0.7499999832361937,9.579999785870314,0.020282745795167333,0.6570882101988585,0.6773709559940259,1.1171649615815127,0.005590079799583065,5.0
2026-10-01 20:00:00,0.07393138,0.35191861579671924,0.7499999832361937,9.579999785870314,0.020282745795167333,0.6570882101988585,0.6773709559940259,1.1032209528971217,0.005590079799583065,5.0
2026-10-01 20:10:00,0.07393138,0.3349921603385475,0.7499999832361937,9.579999785870314,0.020282745795167333,0.6570882101988585,0.6773709559940259,1.0862944974389501,0.005590079799583065,5.0
2026-10-01 20:20:00,0.07393138,0.3151849621421738,0.7499999832361937,9.579999785870314,0.020282745795167333,0.6570882101988585,0.6773709559940259,1.0664872992425762,0.005590079799583065,5.0
2026-10-01 20:30:00,0.07393138,0.29262608139584995,0.7499999832361937,9.579999785870314,0.020282745795167333,0.6570882101988585,0.6773709559940259,1.0439284184962525,0.005590079799583065,5.0
2026-10-01 20:40:00,0.07393138,0.2674724762049283,0.7499999832361937,9.579999785870314,0.020282745795167333,0.6570882101988585,0.6773709559940259,1.0187748133053307,0.005590079799583065,5.0
2026-10-01 20:50:00,0.07393138,0.23990896428760022,0.7499999832361937,9.579999785870314,0.020282745795167333,0.6570882101988585,0.6773709559940259,0.9912113013880027,0.005590079799583065,5.0
2026-10-01 21:00:00,0.07393138,0.21014757246072913,0.7699999827891588,9.439999788999557,0.020251069482941454,0.6560620113046653,0.6763130807876068,0.9603920343547125,0.005590079799583065,5.0
2026-10-01 21:10:00,0.07393138,0.178426274313913,0.7699999827891588,9.439999788999557,0.020251069482941454,0.6560620113046653,0.6763130807876068,0.9286707362078964,0.005590079799583065,5.0
2026-10-01 21:20:00,0.07393138,0.14500714599696848,0.7699999827891588,9.439999788999557,0.020251069482941454,0.6560620113046653,0.6763130807876068,0.8952516078909519,0.005590079799583065,5.0
2026-10-01 21:30:00,0.07393138,0.11017399443250529,0.7699999827891588,9.439999788999557,0.020251069482941454,0.6560620113046653,0.6763130807876068,0.8604184563264887,0.005590079799583065,5.0
2026-10-01 21:40:00,0.07393138,0.07422952965144713,0.7699999827891588,9.439999788999557,0.020251069482941454,0.6560620113046653,0.6763130807876068,0.8244739915454306,0.005590079799583065,5.0
2026-10-01 21:50:00,0.07393138,0.03749216263455179,0.7699999827891588,9.439999788999557,0.020251069482941454,0.6560620113046653,0.6763130807876068,0.7877366245285352,0.005590079799583065,5.0
2026-10-01 22:00:00,0.07393138,0.00029251249915631343,0.7699999827891588,9.439999788999557,0.020251069482941454,0.6560620113046653,0.6763130807876068,0.7505369743931397,0.005590079799583065,5.0
2026-10-01 22:10:00,0.07393138,-0.03703029749201479,0.7699999827891588,9.439999788999557,0.020251069482941454,0.6560620113046653,0.6763130807876068,0.7132141644019686,0.005590079799583065,5.0
2026-10-01 22:20:00,0.07393138,-0.0741324840315751,0.7699999827891588,9.439999788999557,0.020251069482941454,0.6560620113046653,0.6763130807876068,0.6761119778624083,0.005590079799583065,5.0
2026-10-01 22:30:00,0.07393138,-0.11066952839929016,0.7699999827891588,9.439999788999557,0.020251069482941454,0.6560620113046653,0.6763130807876068,0.6395749334946933,0.005590079799583065,5.0
2026-10-01 22:40:00,0.07393138,-0.1463001329740406,0.7699999827891588,9.439999788999557,0.020251069482941454,0.6560620113046653,0.6763130807876068,0.6039443289199429,0.005590079799583065,5.0
2026-10-01 22:50:00,0.07393138,-0.18069017040734708,0.7699999827891588,9.439999788999557,0.020251069482941454,0.6560620113046653,0.6763130807876068,0.5695542914866363,0.005590079799583065,5.0
2026-10-01 23:00:00,0.07393138,-0.21351659145026886,0.7699999827891588,9.439999788999557,0.020251069482941454,0.6560620113046653,0.6763130807876068,0.5367278704437146,0.005590079799583065,5.0
2026-10-01 23:10:00,0.07393138,-0.24447125820642435,0.7699999827891588,9.439999788999557,0.020251069482941454,0.6560620113046653,0.6763130807876068,0.5057732036875591,0.005590079799583065,5.0
2026-10-01 23:20:00,0.07393138,-0.2732646651874161,0.7699999827891588,9.439999788999557,0.020251069482941454,0.6560620113046653,0.6763130807876068,0.4769797967065673,0.005590079799583065,5.0
2026-10-01 23:30:00,0.07393138,-0.299629501935938,0.7699999827891588,9.439999788999557,0.020251069482941454,0.6560620113046653,0.6763130807876068,0.4506149599580454,0.005590079799583065,5.0
2026-10-01 23:40:00,0.07393138,-0.3233239996977413,0.7699999827891588,9.439999788999557,0.020251069482941454,0.6560620113046653,0.6763130807876068,0.42692046219624213,0.005590079799583065,5.0
2026-10-01 23:50:00,0.07393138,-0.3441349921599467,0.7699999827891588,9.439999788999557,0.020251069482941454,0.6560620113046653,0.6763130807876068,0.4061094697340367,0.005590079799583065,5.0
2026-10-02 00:00:00,0.052180212,-0.36188060999149585,0.7299999836832285,9.359999790787697,0.0195509509288395,0.6333806814547651,0.6529316323836046,0.3432312343831805,0.005590079799583065,5.0
2026-10-02 00:10:00,0.052180212,-0.3764125220010739,0.7299999836832285,9.359999790787697,0.0195509509288395,0.6333806814547651,0.6529316323836046,0.32869932237360244,0.005590079799583065,5.0
2026-10-02 00:20:00,0.052180212,-0.3876176355229232,0.7299999836832285,9.359999790787697,0.0195509509288395,0.6333806814547651,0.6529316323836046,0.3174942088517531,0.005590079799583065,5.0
2026-10-02 00:30:00,0.052180212,-0.3954191756502322,0.7299999836832285,9.359999790787697,0.0195509509288395,0.6333806814547651,0.6529316323836046,0.3096926687244441,0.005590079799583065,5.0
2026-10-02 00:40:00,0.052180212,-0.39977707863311707,0.7299999836832285,9.359999790787697,0.0195509509288395,0.6333806814547651,0.6529316323836046,0.30533476574155927,0.005590079799583065,5.0
2026-10-02 00:50:00,0.052180212,-0.40068765839128523,0.7299999836832285,9.359999790787697,0.0195509509288395,0.6333806814547651,0.6529316323836046,0.3044241859833911,0.005590079799583065,5.0
2026-10-02 01:00:00,0.052180212,-0.3981825356606058,0.7299999836832285,9.359999790787697,0.0195509509288395,0.6333806814547651,0.6529316323836046,0.30692930871407054,0.005590079799583065,5.0
2026-10-02 01:10:00,0.052180212,-0.3923268547399587,0.7299999836832285,9.359999790787697,0.0195509509288395,0.6333806814547651,0.6529316323836046,0.3127849896347176,0.005590079799583065,5.0
2026-10-02 01:20:00,0.052180212,-0.38321684984776105,0.7299999836832285,9.359999790787697,0.0195509509288395,0.6333806814547651,0.6529316323836046,0.3218949945269153,0.005590079799583065,5.0
2026-10-02 01:30:00,0.052180212,-0.3709768591145239,0.7299999836832285,9.359999790787697,0.0195509509288395,0.6333806814547651,0.6529316323836046,0.33413498526015245,0.005590079799583065,5.0
2026-10-02 01:40:00,0.052180212,-0.3557559151487566,0.7299999836832285,9.359999790787697,0.0195509509288395,0.6333806814547651,0.6529316323836046,0.34935592922591974,0.005590079799583065,5.0
2026-10-02 01:50:00,0.052180212,-0.3377240644463885,0.7299999836832285,9.359999790787697,0.0195509509288395,0.6333806814547651,0.6529316323836046,0.3673877799282878,0.005590079799583065,5.0
2026-10-02 02:00:00,0.052180212,-0.31706858077383965,0.7299999836832285,9.359999790787697,0.0195509509288395,0.6333806814547651,0.6529316323836046,0.3880432636008367,0.005590079799583065,5.0
2026-10-02 02:10:00,0.052180212,-0.2939902387648873,0.7299999836832285,9.359999790787697,0.0195509509288395,0.6333806814547651,0.6529316323836046,0.41112160560978905,0.005590079799583065,5.0
2026-10-02 02:20:00,0.052180212,-0.2686998027365459,0.7299999836832285,9.359999790787697,0.0195509509288395,0.6333806814547651,0.6529316323836046,0.4364120416381304,0.005590079799583065,5.0
2026-10-02 02:30:00,0.052180212,-0.24141486300638346,0.7299999836832285,9.359999790787697,0.0195509509288395,0.6333806814547651,0.6529316323836046,0.46369698136829285,0.005590079799583065,5.0
2026-10-02 02:40:00,0.052180212,-0.2123571195478472,0.7299999836832285,9.359999790787697,0.0195509509288395,0.6333806814547651,0.6529316323836046,0.49275472482682914,0.005590079799583065,5.0
2026-10-02 02:50:00,0.052180212,-0.18175017367629284,0.7299999836832285,9.359999790787697,0.0195509509288395,0.6333806814547651,0.6529316323836046,0.5233616706983835,0.005590079799583065,5.0
2026-10-02 03:00:00,0.052180212,-0.1498178459003934,0.7099999841302633,8.449999811127782,0.017406701833964804,0.563914702134182,0.5813214039681468,0.4836837700588251,0.005590079799583065,5.0
2026-10-02 03:10:00,0.052180212,-0.11678299631692694,0.7099999841302633,8.449999811127782,0.017406701833964804,0.563914702134182,0.5813214039681468,0.5167186196422916,0.005590079799583065,5.0
2026-10-02 03:20:00,0.052180212,-0.0828667864043764,0.7099999841302633,8.449999811127782,0.017406701833964804,0.563914702134182,0.5813214039681468,0.5506348295548421,0.005590079799583065,5.0
2026-10-02 03:30:00,0.052180212,-0.04828829151454468,0.7099999841302633,8.449999811127782,0.017406701833964804,0.563914702134182,0.5813214039681468,0.5852133244446738,0.005590079799583065,5.0
2026-10-02 03:40:00,0.052180212,-0.013264354011423448,0.7099999841302633,8.449999811127782,0.017406701833964804,0.563914702134182,0.5813214039681468,0.620237261947795,0.005590079799583065,5.0
2026-10-02 03:50:00,0.052180212,0.021990440407646618,0.7099999841302633,8.449999811127782,0.017406701833964804,0.563914702134182,0.5813214039681468,0.6554920563668651,0.005590079799583065,5.0
2026-10-02 04:00:00,0.052180212,0.05726377593635473,0.7099999841302633,8.449999811127782,0.017406701833964804,0.563914702134182,0.5813214039681468,0.6907653918955732,0.005590079799583065,5.0
2026-10-02 04:10:00,0.052180212,0.09234570647640249,0.7099999841302633,8.449999811127782,0.017406701833964804,0.563914702134182,0.5813214039681468,0.725847322435621,0.005590079799583065,5.0
2026-10-02 04:20:00,0.052180212,0.12702891394164767,0.7099999841302633,8.449999811127782,0.017406701833964804,0.563914702134182,0.5813214039681468,0.7605305299008662,0.005590079799583065,5.0
2026-10-02 04:30:00,0.052180212,0.16110916628954464,0.7099999841302633,8.449999811127782,0.017406701833964804,0.563914702134182,0.5813214039681468,0.7946107822487631,0.005590079799583065,5.0
2026-10-02 04:40:00,0.052180212,0.19438598279045938,0.7099999841302633,8.449999811127782,0.017406701833964804,0.563914702134182,0.5813214039681468,0.8278875987496779,0.005590079799583065,5.0
2026-10-02 04:50:00,0.052180212,0.22666348220154856,0.7099999841302633,8.449999811127782,0.017406701833964804,0.563914702134182,0.5813214039681468,0.860165098160767,0.005590079799583065,5.0
2026-10-02 05:00:00,0.052180212,0.25775136199546167,0.7099999841302633,8.449999811127782,0.017406701833964804,0.563914702134182,0.5813214039681468,0.8912529779546802,0.005590079799583065,5.0
2026-10-02 05:10:00,0.052180212,0.2874659375603129,0.7099999841302633,8.449999811127782,0.017406701833964804,0.563914702134182,0.5813214039681468,0.9209675535195314,0.005590079799583065,5.0
2026-10-02 05:20:00,0.052180212,0.31563116063267666,0.7099999841302633,8.449999811127782,0.017406701833964804,0.563914702134182,0.5813214039681468,0.9491327765918951,0.005590079799583065,5.0
2026-10-02 05:30:00,0.052180212,0.342079537435443,0.7099999841302633,8.449999811127782,0.017406701833964804,0.563914702134182,0.5813214039681468,0.9755811533946614,0.005590079799583065,5.0
2026-10-02 05:40:00,0.052180212,0.36665287898388654,0.7099999841302633,8.449999811127782,0.017406701833964804,0.563914702134182,0.5813214039681468,1.000154494943105,0.005590079799583065,5.0
2026-10-02 05:50:00,0.052180212,0.3892028365316844,0.7099999841302633,8.449999811127782,0.017406701833964804,0.563914702134182,0.5813214039681468,1.022704452490903,0.005590079799583065,5.0
2026-10-02 06:00:00,0.052180212,0.40959120291055,0.6899999845772982,8.459999810904264,0.017180093191560854,0.5565733949582926,0.5737534881498535,1.0355249030514753,0.005590079799583065,5.0
2026-10-02 06:10:00,0.052180212,0.4276899909574909,0.6899999845772982,8.459999810904264,0.017180093191560854,0.5565733949582926,0.5737534881498535,1.053623691098416,0.005590079799583065,5.0
2026-10-02 06:20:00,0.052180212,0.44338133104230915,0.6899999845772982,8.459999810904264,0.017180093191560854,0.5565733949582926,0.5737534881498535,1.0693150311832342,0.005590079799583065,5.0
2026-10-02 06:30:00,0.052180212,0.4565572562752693,0.6899999845772982,8.459999810904264,0.017180093191560854,0.5565733949582926,0.5737534881498535,1.0824909564161946,0.005590079799583065,5.0
2026-10-02 06:40:00,0.052180212,0.46711946389567516,0.6899999845772982,8.459999810904264,0.017180093191560854,0.5565733949582926,0.5737534881498535,1.0930531640366004,0.005590079799583065,5.0
2026-10-02 06:50:00,0.052180212,0.4749791516659699,0.6899999845772982,8.459999810904264,0.017180093191560854,0.5565733949582926,0.5737534881498535,1.100912851806895,0.005590079799583065,5.0
2026-10-02 07:00:00,0.052180212,0.4800570277229336,0.6899999845772982,8.459999810904264,0.017180093191560854,0.5565733949582926,0.5737534881498535,1.1059907278638588,0.005590079799583065,5.0
2026-10-02 07:10:00,0.052180212,0.48228358096129675,0.6899999845772982,8.459999810904264,0.017180093191560854,0.5565733949582926,0.5737534881498535,1.108217281102222,0.005590079799583065,5.0
2026-10-02 07:20:00,0.052180212,0.48159967737129267,0.6899999845772982,8.459999810904264,0.017180093191560854,0.5565733949582926,0.5737534881498535,1.107533377512218,0.005590079799583065,5.0
2026-10-02 07:30:00,0.052180212,0.4779575182649694,0.6899999845772982,8.459999810904264,0.017180093191560854,0.5565733949582926,0.5737534881498535,1.1038912184058947,0.005590079799583065,5.0
2026-10-02 07:40:00,0.052180212,0.471321961293149,0.6899999845772982,8.459999810904264,0.017180093191560854,0.5565733949582926,0.5737534881498535,1.0972556614340743,0.005590079799583065,5.0
2026-10-02 07:50:00,0.052180212,0.4616721685579706,0.6899999845772982,8.459999810904264,0.017180093191560854,0.5565733949582926,0.5737534881498535,1.0876058686988959,0.005590079799583065,5.0
2026-10-02 08:00:00,0.052180212,0.4490035111064195,0.6899999845772982,8.459999810904264,0.017180093191560854,0.5565733949582926,0.5737534881498535,1.0749372112473448,0.005590079799583065,5.0
2026-10-02 08:10:00,0.052180212,0.4333296293110427,0.6899999845772982,8.459999810904264,0.017180093191560854,0.5565733949582926,0.5737534881498535,1.059263329451968,0.005590079799583065,5.0
2026-10-02 08:20:00,0.052180212,0.4146845267641858,0.6899999845772982,8.459999810904264,0.017180093191560854,0.5565733949582926,0.5737534881498535,1.040618226905111,0.005590079799583065,5.0
2026-10-02 08:30:00,0.052180212,0.3931245634250135,0.6899999845772982,8.459999810904264,0.017180093191560854,0.5565733949582926,0.5737534881498535,1.0190582635659386,0.005590079799583065,5.0
2026-10-02 08:40:00,0.052180212,0.3687302127605169,0.6899999845772982,8.459999810904264,0.017180093191560854,0.5565733949582926,0.5737534881498535,0.9946639129014421,0.005590079799583065,5.0
2026-10-02 08:50:00,0.052180212,0.3416074573842136,0.6899999845772982,8.459999810904264,0.017180093191560854,0.5565733949582926,0.5737534881498535,0.9675411575251388,0.005590079799583065,5.0
2026-10-02 09:00:00,0.052180212,0.31188871696451825,0.6599999852478504,9.249999793246388,0.018371486897783795,0.5951702775485551,0.6135417644463389,0.9776106934019289,0.005590079799583065,5.0
2026-10-02 09:10:00,0.052180212,0.2797332289277453,0.6599999852478504,9.249999793246388,0.018371486897783795,0.5951702775485551,0.6135417644463389,0.9454552053651559,0.005590079799583065,5.0
2026-10-02 09:20:00,0.052180212,0.24532683380316692,0.6599999852478504,9.249999793246388,0.018371486897783795,0.5951702775485551,0.6135417644463389,0.9110488102405775,0.005590079799583065,5.0
2026-10-02 09:30:00,0.052180212,0.20888115006745556,0.6599999852478504,9.249999793246388,0.018371486897783795,0.5951702775485551,0.6135417644463389,0.8746031265048662,0.005590079799583065,5.0
2026-10-02 09:40:00,0.052180212,0.17063215476655186,0.6599999852478504,9.249999793246388,0.018371486897783795,0.5951702775485551,0.6135417644463389,0.8363541312039624,0.005590079799583065,5.0
2026-10-02 09:50:00,0.052180212,0.13083821351533084,0.6599999852478504,9.249999793246388,0.018371486897783795,0.5951702775485551,0.6135417644463389,0.7965601899527415,0.005590079799583065,5.0
2026-10-02 10:00:00,0.052180212,0.08977762453340266,0.6599999852478504,9.249999793246388,0.018371486897783795,0.5951702775485551,0.6135417644463389,0.7554996009708133,0.005590079799583065,5.0
2026-10-02 10:10:00,0.052180212,0.04774575489543609,0.6599999852478504,9.249999793246388,0.018371486897783795,0.5951702775485551,0.6135417644463389,0.7134677313328467,0.005590079799583065,5.0
2026-10-02 10:20:00,0.052180212,0.005051853107562333,0.6599999852478504,9.249999793246388,0.018371486897783795,0.5951702775485551,0.6135417644463389,0.6707738295449729,0.005590079799583065,5.0
2026-10-02 10:30:00,0.052180212,-0.03798437930754548,0.6599999852478504,9.249999793246388,0.018371486897783795,0.5951702775485551,0.6135417644463389,0.6277375971298651,0.005590079799583065,5.0
2026-10-02 10:40:00,0.052180212,-0.08103638129896583,0.6599999852478504,9.249999793246388,0.018371486897783795,0.5951702775485551,0.6135417644463389,0.5846855951384448,0.005590079799583065,5.0
2026-10-02 10:50:00,0.052180212,-0.12377442573337799,0.6599999852478504,9.249999793246388,0.018371486897783795,0.5951702775485551,0.6135417644463389,0.5419475507040326,0.005590079799583065,5.0
2026-10-02 11:00:00,0.052180212,-0.1658693594421036,0.6599999852478504,9.249999793246388,0.018371486897783795,0.5951702775485551,0.6135417644463389,0.49985261699530703,0.005590079799583065,5.0
2026-10-02 11:10:00,0.052180212,-0.20699634762313657,0.6599999852478504,9.249999793246388,0.018371486897783795,0.5951702775485551,0.6135417644463389,0.45872562881427403,0.005590079799583065,5.0
2026-10-02 11:20:00,0.052180212,-0.2468385882672097,0.6599999852478504,9.249999793246388,0.018371486897783795,0.5951702775485551,0.6135417644463389,0.4188833881702009,0.005590079799583065,5.0
2026-10-02 11:30:00,0.052180212,-0.28509096592895616,0.6599999852478504,9.249999793246388,0.018371486897783795,0.5951702775485551,0.6135417644463389,0.38063101050845444,0.005590079799583065,5.0
2026-10-02 11:40:00,0.052180212,-0.3214636128815533,0.6599999852478504,9.249999793246388,0.018371486897783795,0.5951702775485551,0.6135417644463389,0.3442583635558573,0.005590079799583065,5.0
2026-10-02 11:50:00,0.052180212,-0.35568533941553165,0.6599999852478504,9.249999793246388,0.018371486897783795,0.5951702775485551,0.6135417644463389,0.31003663702187895,0.005590079799583065,5.0
2026-10-02 12:00:00,0.052180212,-0.3875068853027959,0.6499999854713678,9.209999794140458,0.018152937625543167,0.5880900650572528,0.606243002682796,0.27091632937107174,0.005590079799583065,5.0
2026-10-02 12:10:00,0.052180212,-0.4167039324224732,0.6499999854713678,9.209999794140458,0.018152937625543167,0.5880900650572528,0.606243002682796,0.24171928225139444,0.005590079799583065,5.0
2026-10-02 12:20:00,0.052180212,-0.4430798070601351,0.6499999854713678,9.209999794140458,0.018152937625543167,0.5880900650572528,0.606243002682796,0.21534340761373255,0.005590079799583065,5.0
2026-10-02 12:30:00,0.052180212,-0.4664677912936982,0.6499999854713678,9.209999794140458,0.018152937625543167,0.5880900650572528,0.606243002682796,0.19195542338016947,0.005590079799583065,5.0
2026-10-02 12:40:00,0.052180212,-0.4867329590374855,0.6499999854713678,9.209999794140458,0.018152937625543167,0.5880900650572528,0.606243002682796,0.17169025563638218,0.005590079799583065,5.0
2026-10-02 12:50:00,0.052180212,-0.503773455103174,0.6499999854713678,9.209999794140458,0.018152937625543167,0.5880900650572528,0.606243002682796,0.1546497595706937,0.005590079799583065,5.0
2026-10-02 13:00:00,0.052180212,-0.5175211466004296,0.6499999854713678,9.209999794140458,0.018152937625543167,0.5880900650572528,0.606243002682796,0.14090206807343808,0.005590079799583065,5.0
2026-10-02 13:10:00,0.052180212,-0.5279415951888542,0.6499999854713678,9.209999794140458,0.018152937625543167,0.5880900650572528,0.606243002682796,0.13048161948501347,0.005590079799583065,5.0
2026-10-02 13:20:00,0.052180212,-0.535033325454449,0.6499999854713678,9.209999794140458,0.018152937625543167,0.5880900650572528,0.606243002682796,0.12338988921941862,0.005590079799583065,5.0
2026-10-02 13:30:00,0.052180212,-0.538826397424586,0.6499999854713678,9.209999794140458,0.018152937625543167,0.5880900650572528,0.606243002682796,0.11959681724928162,0.005590079799583065,5.0
2026-10-02 13:40:00,0.052180212,-0.5393803272350389,0.6499999854713678,9.209999794140458,0.018152937625543167,0.5880900650572528,0.606243002682796,0.11904288743882874,0.005590079799583065,5.0
2026-10-02 13:50:00,0.052180212,-0.5367814364414067,0.6499999854713678,9.209999794140458,0.018152937625543167,0.5880900650572528,0.606243002682796,0.12164177823246092,0.005590079799583065,5.0
2026-10-02 14:00:00,0.052180212,-0.5311397437411639,0.6499999854713678,9.209999794140458,0.018152937625543167,0.5880900650572528,0.606243002682796,0.12728347093270376,0.005590079799583065,5.0
2026-10-02 14:10:00,0.052180212,-0.5225855399837199,0.6499999854713678,9.209999794140458,0.018152937625543167,0.5880900650572528,0.606243002682796,0.13583767469014774,0.005590079799583065,5.0
2026-10-02 14:20:00,0.052180212,-0.5112658052409497,0.6499999854713678,9.209999794140458,0.018152937625543167,0.5880900650572528,0.606243002682796,0.147157409432918,0.005590079799583065,5.0
2026-10-02 14:30:00,0.052180212,-0.497340633509613,0.6499999854713678,9.209999794140458,0.018152937625543167,0.5880900650572528,0.606243002682796,0.16108258116425467,0.005590079799583065,5.0
2026-10-02 14:40:00,0.052180212,-0.4809798252342891,0.6499999854713678,9.209999794140458,0.018152937625543167,0.5880900650572528,0.606243002682796,0.17744338943957855,0.005590079799583065,5.0
2026-10-02 14:50:00,0.052180212,-0.46235979040809655,0.6499999854713678,9.209999794140458,0.018152937625543167,0.5880900650572528,0.606243002682796,0.1960634242657711,0.005590079799583065,5.0
2026-10-02 15:00:00,0.052180212,-0.4416608768748089,0.7099999841302633,9.299999792128801,0.01915767184093168,0.6206398496861413,0.6397975215270729,0.2503168566433357,0.005590079799583065,5.0
2026-10-02 15:10:00,0.052180212,-0.41906520199231084,0.7099999841302633,9.299999792128801,0.01915767184093168,0.6206398496861413,0.6397975215270729,0.2729125315258338,0.005590079799583065,5.0
2026-10-02 15:20:00,0.052180212,-0.3947550242269272,0.7099999841302633,9.299999792128801,0.01915767184093168,0.6206398496861413,0.6397975215270729,0.2972227092912174,0.005590079799583065,5.0
2026-10-02 15:30:00,0.052180212,-0.36891164835822665,0.7099999841302633,9.299999792128801,0.01915767184093168,0.6206398496861413,0.6397975215270729,0.32306608515991797,0.005590079799583065,5.0
2026-10-02 15:40:00,0.052180212,-0.3417148175758301,0.7099999841302633,9.299999792128801,0.01915767184093168,0.6206398496861413,0.6397975215270729,0.3502629159423145,0.005590079799583065,5.0
2026-10-02 15:50:00,0.052180212,-0.3133425116194772,0.7099999841302633,9.299999792128801,0.01915767184093168,0.6206398496861413,0.6397975215270729,0.37863522189866744,0.005590079799583065,5.0
2026-10-02 16:00:00,0.052180212,-0.28397104515982774,0.7099999841302633,9.299999792128801,0.01915767184093168,0.6206398496861413,0.6397975215270729,0.4080066883583169,0.005590079799583065,5.0
2026-10-02 16:10:00,0.052180212,-0.2537753469764044,0.7099999841302633,9.299999792128801,0.01915767184093168,0.6206398496861413,0.6397975215270729,0.4382023865417402,0.005590079799583065,5.0
2026-10-02 16:20:00,0.052180212,-0.2229292991009035,0.7099999841302633,9.299999792128801,0.01915767184093168,0.6206398496861413,0.6397975215270729,0.4690484344172411,0.005590079799583065,5.0
2026-10-02 16:30:00,0.052180212,-0.19160602550729913,0.7099999841302633,9.299999792128801,0.01915767184093168,0.6206398496861413,0.6397975215270729,0.5003717080108455,0.005590079799583065,5.0
2026-10-02 16:40:00,0.052180212,-0.15997804084369507,0.7099999841302633,9.299999792128801,0.01915767184093168,0.6206398496861413,0.6397975215270729,0.5319996926744496,0.005590079799583065,5.0
2026-10-02 16:50:00,0.052180212,-0.1282171982078976,0.7099999841302633,9.299999792128801,0.01915767184093168,0.6206398496861413,0.6397975215270729,0.5637605353102471,0.005590079799583065,5.0
2026-10-02 17:00:00,0.052180212,-0.09649440812615559,0.7099999841302633,9.299999792128801,0.01915767184093168,0.6206398496861413,0.6397975215270729,0.595483325391989,0.005590079799583065,5.0
2026-10-02 17:10:00,0.052180212,-0.06497913454058843,0.7099999841302633,9.299999792128801,0.01915767184093168,0.6206398496861413,0.6397975215270729,0.6269985989775562,0.005590079799583065,5.0
2026-10-02 17:20:00,0.052180212,-0.03383870440124262,0.7099999841302633,9.299999792128801,0.01915767184093168,0.6206398496861413,0.6397975215270729,0.658139029116902,0.005590079799583065,5.0
2026-10-02 17:30:00,0.052180212,-0.0032374918022836136,0.7099999841302633,9.299999792128801,0.01915767184093168,0.6206398496861413,0.6397975215270729,0.688740241715861,0.005590079799583065,5.0
2026-10-02 17:40:00,0.052180212,0.02666394705925924,0.7099999841302633,9.299999792128801,0.01915767184093168,0.6206398496861413,0.6397975215270729,0.7186416805774039,0.005590079799583065,5.0
2026-10-02 17:50:00,0.052180212,0.05570970681148026,0.7099999841302633,9.299999792128801,0.01915767184093168,0.6206398496861413,0.6397975215270729,0.7476874403296249,0.005590079799583065,5.0
2026-10-02 18:00:00,0.052180212,0.08374925851914063,0.7199999839067459,9.419999789446592,0.019541043786830078,0.6330597255902634,0.6526007693770934,0.7885302398873058,0.005590079799583065,5.0
2026-10-02 18:10:00,0.052180212,0.11063800860678606,0.7199999839067459,9.419999789446592,0.019541043786830078,0.6330597255902634,0.6526007693770934,0.8154189899749512,0.005590079799583065,5.0
2026-10-02 18:20:00,0.052180212,0.13623765585508288,0.7199999839067459,9.419999789446592,0.019541043786830078,0.6330597255902634,0.6526007693770934,0.841018637223248,0.005590079799583065,5.0
2026-10-02 18:30:00,0.052180212,0.16041634032019658,0.7199999839067459,9.419999789446592,0.019541043786830078,0.6330597255902634,0.6526007693770934,0.8651973216883617,0.005590079799583065,5.0
2026-10-02 18:40:00,0.052180212,0.18304860900255496,0.7199999839067459,9.419999789446592,0.019541043786830078,0.6330597255902634,0.6526007693770934,0.8878295903707201,0.005590079799583065,5.0
2026-10-02 18:50:00,0.052180212,0.20401525212465055,0.7199999839067459,9.419999789446592,0.019541043786830078,0.6330597255902634,0.6526007693770934,0.9087962334928157,0.005590079799583065,5.0
2026-10-02 19:00:00,0.052180212,0.22320308756646765,0.7199999839067459,9.419999789446592,0.019541043786830078,0.6330597255902634,0.6526007693770934,0.9279840689346328,0.005590079799583065,5.0
2026-10-02 19:10:00,0.052180212,0.2405047866353682,0.7199999839067459,9.419999789446592,0.019541043786830078,0.6330597255902634,0.6526007693770934,0.9452857680035334,0.005590079799583065,5.0
2026-10-02 19:20:00,0.052180212,0.25581883966971386,0.7199999839067459,9.419999789446592,0.019541043786830078,0.6330597255902634,0.6526007693770934,0.960599821037879,0.005590079799583065,5.0
2026-10-02 19:30:00,0.052180212,0.26904975449508045,0.7199999839067459,9.419999789446592,0.019541043786830078,0.6330597255902634,0.6526007693770934,0.9738307358632456,0.005590079799583065,5.0
2026-10-02 19:40:00,0.052180212,0.28010856436036213,0.7199999839067459,9.419999789446592,0.019541043786830078,0.6330597255902634,0.6526007693770934,0.9848895457285273,0.005590079799583065,5.0
2026-10-02 19:50:00,0.052180212,0.2889136965633123,0.7199999839067459,9.419999789446592,0.019541043786830078,0.6330597255902634,0.6526007693770934,0.9936946779314775,0.005590079799583065,5.0
2026-10-02 20:00:00,0.052180212,0.2953922205440043,0.7199999839067459,9.419999789446592,0.019541043786830078,0.6330597255902634,0.6526007693770934,1.0001732019121694,0.005590079799583065,5.0
2026-10-02 20:10:00,0.052180212,0.299481458342188,0.7199999839067459,9.419999789446592,0.019541043786830078,0.6330597255902634,0.6526007693770934,1.0042624397103532,0.005590079799583065,5.0
2026-10-02 20:20:00,0.052180212,0.301130904161363,0.7199999839067459,9.419999789446592,0.019541043786830078,0.6330597255902634,0.6526007693770934,1.0059118855295281,0.005590079799583065,5.0
2026-10-02 20:30:00,0.052180212,0.3003043671093765,0.7199999839067459,9.419999789446592,0.019541043786830078,0.6330597255902634,0.6526007693770934,1.0050853484775417,0.005590079799583065,5.0
2026-10-02 20:40:00,0.052180212,0.29698222507488065,0.7199999839067459,9.419999789446592,0.019541043786830078,0.6330597255902634,0.6526007693770934,1.0017632064430457,0.005590079799583065,5.0
2026-10-02 20:50:00,0.052180212,0.291163660524596,0.7199999839067459,9.419999789446592,0.019541043786830078,0.6330597255902634,0.6526007693770934,0.9959446418927611,0.005590079799583065,5.0
2026-10-02 21:00:00,0.052180212,0.28286874241452165,0.6899999845772982,9.549999786540866,0.019393604016478272,0.6282832058926353,0.6476768099091136,0.9827257643147069,0.005590079799583065,5.0
2026-10-02 21:10:00,0.052180212,0.27214022267801746,0.6899999845772982,9.549999786540866,0.019393604016478272,0.6282832058926353,0.6476768099091136,0.9719972445782028,0.005590079799583065,5.0
2026-10-02 21:20:00,0.052180212,0.2590449303015787,0.6899999845772982,9.549999786540866,0.019393604016478272,0.6282832058926353,0.6476768099091136,0.958901952201764,0.005590079799583065,5.0
2026-10-02 21:30:00,0.052180212,0.2436746691122268,0.6899999845772982,9.549999786540866,0.019393604016478272,0.6282832058926353,0.6476768099091136,0.9435316910124121,0.005590079799583065,5.0
2026-10-02 21:40:00,0.052180212,0.22614655461200805,0.6899999845772982,9.549999786540866,0.019393604016478272,0.6282832058926353,0.6476768099091136,0.9260035765121933,0.005590079799583065,5.0
2026-10-02 21:50:00,0.052180212,0.20660275757223123,0.6899999845772982,9.549999786540866,0.019393604016478272,0.6282832058926353,0.6476768099091136,0.9064597794724165,0.005590079799583065,5.0
2026-10-02 22:00:00,0.052180212,0.18520965453317145,0.6899999845772982,9.549999786540866,0.019393604016478272,0.6282832058926353,0.6476768099091136,0.8850666764333568,0.005590079799583065,5.0
2026-10-02 22:10:00,0.052180212,0.16215641485603213,0.6899999845772982,9.549999786540866,0.019393604016478272,0.6282832058926353,0.6476768099091136,0.8620134367562174,0.005590079799583065,5.0
2026-10-02 22:20:00,0.052180212,0.13765307826122222,0.6899999845772982,9.549999786540866,0.019393604016478272,0.6282832058926353,0.6476768099091136,0.8375101001614075,0.005590079799583065,5.0
2026-10-02 22:30:00,0.052180212,0.1119281939897148,0.6899999845772982,9.549999786540866,0.019393604016478272,0.6282832058926353,0.6476768099091136,0.8117852158899002,0.005590079799583065,5.0
2026-10-02 22:40:00,0.052180212,0.08522610227244001,0.6899999845772982,9.549999786540866,0.019393604016478272,0.6282832058926353,0.6476768099091136,0.7850831241726253,0.005590079799583065,5.0
2026-10-02 22:50:00,0.052180212,0.0578039407355738,0.6899999845772982,9.549999786540866,0.019393604016478272,0.6282832058926353,0.6476768099091136,0.7576609626357591,0.005590079799583065,5.0
2026-10-02 23:00:00,0.052180212,0.02992845378315889,0.6899999845772982,9.549999786540866,0.019393604016478272,0.6282832058926353,0.6476768099091136,0.7297854756833442,0.005590079799583065,5.0
2026-10-02 23:10:00,0.052180212,0.001872673667344335,0.6899999845772982,9.549999786540866,0.019393604016478272,0.6282832058926353,0.6476768099091136,0.7017296955675296,0.005590079799583065,5.0
2026-10-02 23:20:00,0.052180212,-0.026087469900721225,0.6899999845772982,9.549999786540866,0.019393604016478272,0.6282832058926353,0.6476768099091136,0.6737695519994641,0.005590079799583065,5.0
2026-10-02 23:30:00,0.052180212,-0.05367656678428932,0.6899999845772982,9.549999786540866,0.019393604016478272,0.6282832058926353,0.6476768099091136,0.646180455115896,0.005590079799583065,5.0
2026-10-02 23:40:00,0.052180212,-0.08062313536629914,0.6899999845772982,9.549999786540866,0.019393604016478272,0.6282832058926353,0.6476768099091136,0.6192338865338861,0.005590079799583065,5.0
2026-10-02 23:50:00,0.052180212,-0.10666299489266612,0.6899999845772982,9.549999786540866,0.019393604016478272,0.6282832058926353,0.6476768099091136,0.5931940270075191,0.005590079799583065,5.0
2026-10-03 00:00:00,0.027695768,-0.13154257409327078,0.6399999856948853,9.769999781623483,0.019107996699149032,0.6190305532755385,0.6381385499746874,0.5342917434628796,0.005590079799583065,5.0
2026-10-03 00:10:00,0.027695768,-0.15502212544186017,0.6399999856948853,9.769999781623483,0.019107996699149032,0.6190305532755385,0.6381385499746874,0.5108121921142901,0.005590079799583065,5.0
2026-10-03 00:20:00,0.027695768,-0.17687880610869652,0.6399999856948853,9.769999781623483,0.019107996699149032,0.6190305532755385,0.6381385499746874,0.48895551144745375,0.005590079799583065,5.0
2026-10-03 00:30:00,0.027695768,-0.19690957564320496,0.6399999856948853,9.769999781623483,0.019107996699149032,0.6190305532755385,0.6381385499746874,0.4689247419129453,0.005590079799583065,5.0
2026-10-03 00:40:00,0.027695768,-0.21493384813764785,0.6399999856948853,9.769999781623483,0.019107996699149032,0.6190305532755385,0.6381385499746874,0.4509004694185025,0.005590079799583065,5.0
2026-10-03 00:50:00,0.027695768,-0.23079582571866591,0.6399999856948853,9.769999781623483,0.019107996699149032,0.6190305532755385,0.6381385499746874,0.4350384918374844,0.005590079799583065,5.0
2026-10-03 01:00:00,0.027695768,-0.24436643303517824,0.6399999856948853,9.769999781623483,0.019107996699149032,0.6190305532755385,0.6381385499746874,0.42146788452097206,0.005590079799583065,5.0
2026-10-03 01:10:00,0.027695768,-0.2555447711934348,0.6399999856948853,9.769999781623483,0.019107996699149032,0.6190305532755385,0.6381385499746874,0.4102895463627155,0.005590079799583065,5.0
2026-10-03 01:20:00,0.027695768,-0.2642590156560902,0.6399999856948853,9.769999781623483,0.019107996699149032,0.6190305532755385,0.6381385499746874,0.4015753019000601,0.005590079799583065,5.0
2026-10-03 01:30:00,0.027695768,-0.27046669711210286,0.6399999856948853,9.769999781623483,0.019107996699149032,0.6190305532755385,0.6381385499746874,0.39536762044404744,0.005590079799583065,5.0
2026-10-03 01:40:00,0.027695768,-0.2741543266921606,0.6399999856948853,9.769999781623483,0.019107996699149032,0.6190305532755385,0.6381385499746874,0.3916799908639897,0.005590079799583065,5.0
2026-10-03 01:50:00,0.027695768,-0.2753363562011273,0.6399999856948853,9.769999781623483,0.019107996699149032,0.6190305532755385,0.6381385499746874,0.390497961355023,0.005590079799583065,5.0
2026-10-03 02:00:00,0.027695768,-0.27405349816679536,0.6399999856948853,9.769999781623483,0.019107996699149032,0.6190305532755385,0.6381385499746874,0.39178081938935494,0.005590079799583065,5.0
2026-10-03 02:10:00,0.027695768,-0.27037046648374374,0.6399999856948853,9.769999781623483,0.019107996699149032,0.6190305532755385,0.6381385499746874,0.39546385107240656,0.005590079799583065,5.0
2026-10-03 02:20:00,0.027695768,-0.2643732333021244,0.6399999856948853,9.769999781623483,0.019107996699149032,0.6190305532755385,0.6381385499746874,0.4014610842540259,0.005590079799583065,5.0
2026-10-03 02:30:00,0.027695768,-0.2561659279334635,0.6399999856948853,9.769999781623483,0.019107996699149032,0.6190305532755385,0.6381385499746874,0.4096683896226868,0.005590079799583065,5.0
2026-10-03 02:40:00,0.027695768,-0.24586752610512044,0.6399999856948853,9.769999781623483,0.019107996699149032,0.6190305532755385,0.6381385499746874,0.4199667914510299,0.005590079799583065,5.0
2026-10-03 02:50:00,0.027695768,-0.2336084902150518,0.6399999856948853,9.769999781623483,0.019107996699149032,0.6190305532755385,0.6381385499746874,0.4322258273410985,0.005590079799583065,5.0
2026-10-03 03:00:00,0.027695768,-0.21952752189640445,0.6099999863654375,9.79999978095293,0.018712059944500908,0.6062036226374948,0.6249156825819957,0.4330839282670541,0.005590079799583065,5.0
2026-10-03 03:10:00,0.027695768,-0.20376857664597456,0.6099999863654375,9.79999978095293,0.018712059944500908,0.6062036226374948,0.6249156825819957,0.448842873517484,0.005590079799583065,5.0
2026-10-03 03:20:00,0.027695768,-0.18647826724746666,0.6099999863654375,9.79999978095293,0.018712059944500908,0.6062036226374948,0.6249156825819957,0.46613318291599193,0.005590079799583065,5.0
2026-10-03 03:30:00,0.027695768,-0.1678037500739793,0.6099999863654375,9.79999978095293,0.018712059944500908,0.6062036226374948,0.6249156825819957,0.48480770008947927,0.005590079799583065,5.0
2026-10-03 03:40:00,0.027695768,-0.1478911488998433,0.6099999863654375,9.79999978095293,0.018712059944500908,0.6062036226374948,0.6249156825819957,0.5047203012636152,0.005590079799583065,5.0
2026-10-03 03:50:00,0.027695768,-0.12688452813119797,0.6099999863654375,9.79999978095293,0.018712059944500908,0.6062036226374948,0.6249156825819957,0.5257269220322606,0.005590079799583065,5.0
2026-10-03 04:00:00,0.027695768,-0.1049253852497337,0.6099999863654375,9.79999978095293,0.018712059944500908,0.6062036226374948,0.6249156825819957,0.5476860649137248,0.005590079799583065,5.0
2026-10-03 04:10:00,0.027695768,-0.08215259453750448,0.6099999863654375,9.79999978095293,0.018712059944500908,0.6062036226374948,0.6249156825819957,0.5704588556259541,0.005590079799583065,5.0
2026-10-03 04:20:00,0.027695768,-0.05870270430361529,0.6099999863654375,9.79999978095293,0.018712059944500908,0.6062036226374948,0.6249156825819957,0.5939087458598433,0.005590079799583065,5.0
2026-10-03 04:30:00,0.027695768,-0.0347104703089287,0.6099999863654375,9.79999978095293,0.018712059944500908,0.6062036226374948,0.6249156825819957,0.6179009798545299,0.005590079799583065,5.0
2026-10-03 04:40:00,0.027695768,-0.010309500575925166,0.6099999863654375,9.79999978095293,0.018712059944500908,0.6062036226374948,0.6249156825819957,0.6423019495875334,0.005590079799583065,5.0
2026-10-03 04:50:00,0.027695768,0.014367108492010403,0.6099999863654375,9.79999978095293,0.018712059944500908,0.6062036226374948,0.6249156825819957,0.666978558655469,0.005590079799583065,5.0
2026-10-03 05:00:00,0.027695768,0.039186248751193746,0.6099999863654375,9.79999978095293,0.018712059944500908,0.6062036226374948,0.6249156825819957,0.6917976989146524,0.005590079799583065,5.0
2026-10-03 05:10:00,0.027695768,0.0640144683829067,0.6099999863654375,9.79999978095293,0.018712059944500908,0.6062036226374948,0.6249156825819957,0.7166259185463653,0.005590079799583065,5.0
2026-10-03 05:20:00,0.027695768,0.08871787854320055,0.6099999863654375,9.79999978095293,0.018712059944500908,0.6062036226374948,0.6249156825819957,0.7413293287066591,0.005590079799583065,5.0
2026-10-03 05:30:00,0.027695768,0.11316231141467314,0.6099999863654375,9.79999978095293,0.018712059944500908,0.6062036226374948,0.6249156825819957,0.7657737615781317,0.005590079799583065,5.0
2026-10-03 05:40:00,0.027695768,0.13721370936818392,0.6099999863654375,9.79999978095293,0.018712059944500908,0.6062036226374948,0.6249156825819957,0.7898251595316425,0.005590079799583065,5.0
2026-10-03 05:50:00,0.027695768,0.1607386964622647,0.6099999863654375,9.79999978095293,0.018712059944500908,0.6062036226374948,0.6249156825819957,0.8133501466257232,0.005590079799583065,5.0
2026-10-03 06:00:00,0.027695768,0.18360526287660392,0.5699999872595072,9.879999779164791,0.018235806669735913,0.5907747248404698,0.6090105315102057,0.8203115619682725,0.005590079799583065,5.0
2026-10-03 06:10:00,0.027695768,0.20568348201282002,0.5699999872595072,9.879999779164791,0.018235806669735913,0.5907747248404698,0.6090105315102057,0.8423897811044886,0.005590079799583065,5.0
2026-10-03 06:20:00,0.027695768,0.22684618003838264,0.5699999872595072,9.879999779164791,0.018235806669735913,0.5907747248404698,0.6090105315102057,0.8635524791300512,0.005590079799583065,5.0
2026-10-03 06:30:00,0.027695768,0.2469694884324232,0.5699999872595072,9.879999779164791,0.018235806669735913,0.5907747248404698,0.6090105315102057,0.8836757875240917,0.005590079799583065,5.0
2026-10-03 06:40:00,0.027695768,0.2659332299398645,0.5699999872595072,9.879999779164791,0.018235806669735913,0.5907747248404698,0.6090105315102057,0.902639529031533,0.005590079799583065,5.0
2026-10-03 06:50:00,0.027695768,0.2836211152484897,0.5699999872595072,9.879999779164791,0.018235806669735913,0.5907747248404698,0.6090105315102057,0.9203274143401583,0.005590079799583065,5.0
2026-10-03 07:00:00,0.027695768,0.2999207580049595,0.5699999872595072,9.879999779164791,0.018235806669735913,0.5907747248404698,0.6090105315102057,0.936627057096628,0.005590079799583065,5.0
2026-10-03 07:10:00,0.027695768,0.3147235463948499,0.5699999872595072,9.879999779164791,0.018235806669735913,0.5907747248404698,0.6090105315102057,0.9514298454865184,0.005590079799583065,5.0
2026-10-03 07:20:00,0.027695768,0.3279244363508338,0.5699999872595072,9.879999779164791,0.018235806669735913,0.5907747248404698,0.6090105315102057,0.9646307354425023,0.005590079799583065,5.0
2026-10-03 07:30:00,0.027695768,0.3394217517847434,0.5699999872595072,9.879999779164791,0.018235806669735913,0.5907747248404698,0.6090105315102057,0.9761280508764119,0.005590079799583065,5.0
2026-10-03 07:40:00,0.027695768,0.3491170882004763,0.5699999872595072,9.879999779164791,0.018235806669735913,0.5907747248404698,0.6090105315102057,0.9858233872921449,0.005590079799583065,5.0
2026-10-03 07:50:00,0.027695768,0.35691541639311075,0.5699999872595072,9.879999779164791,0.018235806669735913,0.5907747248404698,0.6090105315102057,0.9936217154847793,0.005590079799583065,5.0
2026-10-03 08:00:00,0.027695768,0.362725472340013,0.5699999872595072,9.879999779164791,0.018235806669735913,0.5907747248404698,0.6090105315102057,0.9994317714316816,0.005590079799583065,5.0
2026-10-03 08:10:00,0.027695768,0.36646049854732304,0.5699999872595072,9.879999779164791,0.018235806669735913,0.5907747248404698,0.6090105315102057,1.0031667976389915,0.005590079799583065,5.0
2026-10-03 08:20:00,0.027695768,0.3680393731453158,0.5699999872595072,9.879999779164791,0.018235806669735913,0.5907747248404698,0.6090105315102057,1.0047456722369843,0.005590079799583065,5.0
2026-10-03 08:30:00,0.027695768,0.3673881286874546,0.5699999872595072,9.879999779164791,0.018235806669735913,0.5907747248404698,0.6090105315102057,1.004094427779123,0.005590079799583065,5.0
2026-10-03 08:40:00,0.027695768,0.3644418261829187,0.5699999872595072,9.879999779164791,0.018235806669735913,0.5907747248404698,0.6090105315102057,1.0011481252745873,0.005590079799583065,5.0
2026-10-03 08:50:00,0.027695768,0.35914671507277063,0.5699999872595072,9.879999779164791,0.018235806669735913,0.5907747248404698,0.6090105315102057,0.9958530141644392,0.005590079799583065,5.0
2026-10-03 09:00:00,0.027695768,0.35146257997681185,0.549999987706542,9.83999978005886,0.01784050116073074,0.5779682442969998,0.5958087454577305,0.9749670930160053,0.005590079799583065,5.0
2026-10-03 09:10:00,0.027695768,0.341365152895867,0.549999987706542,9.83999978005886,0.01784050116073074,0.5779682442969998,0.5958087454577305,0.9648696659350604,0.005590079799583065,5.0
2026-10-03 09:20:00,0.027695768,0.32884845724987144,0.549999987706542,9.83999978005886,0.01784050116073074,0.5779682442969998,0.5958087454577305,0.9523529702890648,0.005590079799583065,5.0
2026-10-03 09:30:00,0.027695768,0.31392694861205633,0.549999987706542,9.83999978005886,0.01784050116073074,0.5779682442969998,0.5958087454577305,0.9374314616512498,0.005590079799583065,5.0
2026-10-03 09:40:00,0.027695768,0.2966373261613415,0.549999987706542,9.83999978005886,0.01784050116073074,0.5779682442969998,0.5958087454577305,0.9201418392005349,0.005590079799583065,5.0
2026-10-03 09:50:00,0.027695768,0.27703990755656777,0.549999987706542,9.83999978005886,0.01784050116073074,0.5779682442969998,0.5958087454577305,0.9005444205957611,0.005590079799583065,5.0
2026-10-03 10:00:00,0.027695768,0.2552194860732828,0.549999987706542,9.83999978005886,0.01784050116073074,0.5779682442969998,0.5958087454577305,0.8787239991124762,0.005590079799583065,5.0
2026-10-03 10:10:00,0.027695768,0.23128561965678046,0.549999987706542,9.83999978005886,0.01784050116073074,0.5779682442969998,0.5958087454577305,0.8547901326959739,0.005590079799583065,5.0
2026-10-03 10:20:00,0.027695768,0.2053723340585463,0.549999987706542,9.83999978005886,0.01784050116073074,0.5779682442969998,0.5958087454577305,0.8288768470977397,0.005590079799583065,5.0
2026-10-03 10:30:00,0.027695768,0.1776372532596085,0.549999987706542,9.83999978005886,0.01784050116073074,0.5779682442969998,0.5958087454577305,0.8011417662988018,0.005590079799583065,5.0
2026-10-03 10:40:00,0.027695768,0.14826019734973053,0.549999987706542,9.83999978005886,0.01784050116073074,0.5779682442969998,0.5958087454577305,0.7717647103889239,0.005590079799583065,5.0
2026-10-03 10:50:00,0.027695768,0.11744130880994198,0.549999987706542,9.83999978005886,0.01784050116073074,0.5779682442969998,0.5958087454577305,0.7409458218491354,0.005590079799583065,5.0
2026-10-03 11:00:00,0.027695768,0.08539878135210494,0.549999987706542,9.83999978005886,0.01784050116073074,0.5779682442969998,0.5958087454577305,0.7089032943912983,0.005590079799583065,5.0
2026-10-03 11:10:00,0.027695768,0.05236627116936982,0.549999987706542,9.83999978005886,0.01784050116073074,0.5779682442969998,0.5958087454577305,0.6758707842085632,0.005590079799583065,5.0
2026-10-03 11:20:00,0.027695768,0.018590068701599186,0.549999987706542,9.83999978005886,0.01784050116073074,0.5779682442969998,0.5958087454577305,0.6420945817407926,0.005590079799583065,5.0
2026-10-03 11:30:00,0.027695768,-0.015673898114032216,0.549999987706542,9.83999978005886,0.01784050116073074,0.5779682442969998,0.5958087454577305,0.6078306149251612,0.005590079799583065,5.0
2026-10-03 11:40:00,0.027695768,-0.05016316924651748,0.549999987706542,9.83999978005886,0.01784050116073074,0.5779682442969998,0.5958087454577305,0.573341343792676,0.005590079799583065,5.0
2026-10-03 11:50:00,0.027695768,-0.08461191897105425,0.549999987706542,9.83999978005886,0.01784050116073074,0.5779682442969998,0.5958087454577305,0.5388925940681392,0.005590079799583065,5.0
2026-10-03 12:00:00,0.027695768,-0.11875414706911125,0.549999987706542,9.709999782964587,0.017604803482794258,0.5703324849719379,0.5879372884547321,0.49687890896708375,0.005590079799583065,5.0
2026-10-03 12:10:00,0.027695768,-0.1523268669273716,0.549999987706542,9.709999782964587,0.017604803482794258,0.5703324849719379,0.5879372884547321,0.4633061891088234,0.005590079799583065,5.0
2026-10-03 12:20:00,0.027695768,-0.18507326652250453,0.549999987706542,9.709999782964587,0.017604803482794258,0.5703324849719379,0.5879372884547321,0.43055978951369045,0.005590079799583065,5.0
2026-10-03 12:30:00,0.027695768,-0.2167458171589486,0.549999987706542,9.709999782964587,0.017604803482794258,0.5703324849719379,0.5879372884547321,0.3988872388772464,0.005590079799583065,5.0
2026-10-03 12:40:00,0.027695768,-0.247109298478404,0.549999987706542,9.709999782964587,0.017604803482794258,0.5703324849719379,0.5879372884547321,0.368523757557791,0.005590079799583065,5.0
2026-10-03 12:50:00,0.027695768,-0.2759436983524915,0.549999987706542,9.709999782964587,0.017604803482794258,0.5703324849719379,0.5879372884547321,0.3396893576837035,0.005590079799583065,5.0
2026-10-03 13:00:00,0.027695768,-0.30304693362235485,0.549999987706542,9.709999782964587,0.017604803482794258,0.5703324849719379,0.5879372884547321,0.31258612241384015,0.005590079799583065,5.0
2026-10-03 13:10:00,0.027695768,-0.3282373256182795,0.549999987706542,9.709999782964587,0.017604803482794258,0.5703324849719379,0.5879372884547321,0.2873957304179155,0.005590079799583065,5.0
2026-10-03 13:20:00,0.027695768,-0.351355754204103,0.549999987706542,9.709999782964587,0.017604803482794258,0.5703324849719379,0.5879372884547321,0.264277301832092,0.005590079799583065,5.0
2026-10-03 13:30:00,0.027695768,-0.37226740916068496,0.549999987706542,9.709999782964587,0.017604803482794258,0.5703324849719379,0.5879372884547321,0.24336564687551004,0.005590079799583065,5.0
2026-10-03 13:40:00,0.027695768,-0.3908630591829104,0.549999987706542,9.709999782964587,0.017604803482794258,0.5703324849719379,0.5879372884547321,0.22476999685328458,0.005590079799583065,5.0
2026-10-03 13:50:00,0.027695768,-0.40705976831155516,0.549999987706542,9.709999782964587,0.017604803482794258,0.5703324849719379,0.5879372884547321,0.20857328772463984,0.005590079799583065,5.0
2026-10-03 14:00:00,0.027695768,-0.42080100739046555,0.549999987706542,9.709999782964587,0.017604803482794258,0.5703324849719379,0.5879372884547321,0.19483204864572945,0.005590079799583065,5.0
2026-10-03 14:10:00,0.027695768,-0.4320561334698113,0.549999987706542,9.709999782964587,0.017604803482794258,0.5703324849719379,0.5879372884547321,0.1835769225663837,0.005590079799583065,5.0
2026-10-03 14:20:00,0.027695768,-0.440819241591445,0.549999987706542,9.709999782964587,0.017604803482794258,0.5703324849719379,0.5879372884547321,0.17481381444475003,0.005590079799583065,5.0
2026-10-03 14:30:00,0.027695768,-0.4471074281751821,0.549999987706542,9.709999782964587,0.017604803482794258,0.5703324849719379,0.5879372884547321,0.16852562786101288,0.005590079799583065,5.0
2026-10-03 14:40:00,0.027695768,-0.45095854090666154,0.549999987706542,9.709999782964587,0.017604803482794258,0.5703324849719379,0.5879372884547321,0.16467451512953346,0.005590079799583065,5.0
2026-10-03 14:50:00,0.027695768,-0.45242852254851995,0.549999987706542,9.709999782964587,0.017604803482794258,0.5703324849719379,0.5879372884547321,0.16320453348767505,0.005590079799583065,5.0
2026-10-03 15:00:00,0.027695768,-0.45158848282760183,0.6599999852478504,9.609999785199761,0.01908648530677862,0.6183336613234178,0.6374201466301964,0.21352743138405744,0.005590079799583065,5.0
2026-10-03 15:10:00,0.027695768,-0.4485216502493966,0.6599999852478504,9.609999785199761,0.01908648530677862,0.6183336613234178,0.6374201466301964,0.21659426396226267,0.005590079799583065,5.0
2026-10-03 15:20:00,0.027695768,-0.44332036250666823,0.6599999852478504,9.609999785199761,0.01908648530677862,0.6183336613234178,0.6374201466301964,0.22179555170499105,0.005590079799583065,5.0
2026-10-03 15:30:00,0.027695768,-0.43608324895887135,0.6599999852478504,9.609999785199761,0.01908648530677862,0.6183336613234178,0.6374201466301964,0.22903266525278793,0.005590079799583065,5.0
2026-10-03 15:40:00,0.027695768,-0.4269127415181578,0.6599999852478504,9.609999785199761,0.01908648530677862,0.6183336613234178,0.6374201466301964,0.2382031726935015,0.005590079799583065,5.0
2026-10-03 15:50:00,0.027695768,-0.4159130225172586,0.6599999852478504,9.609999785199761,0.01908648530677862,0.6183336613234178,0.6374201466301964,0.24920289169440069,0.005590079799583065,5.0
2026-10-03 16:00:00,0.027695768,-0.40318848204381347,0.6599999852478504,9.609999785199761,0.01908648530677862,0.6183336613234178,0.6374201466301964,0.2619274321678458,0.005590079799583065,5.0
2026-10-03 16:10:00,0.027695768,-0.3888427160035451,0.6599999852478504,9.609999785199761,0.01908648530677862,0.6183336613234178,0.6374201466301964,0.2762731982081142,0.005590079799583065,5.0
2026-10-03 16:20:00,0.027695768,-0.37297805357344566,0.6599999852478504,9.609999785199761,0.01908648530677862,0.6183336613234178,0.6374201466301964,0.2921378606382136,0.005590079799583065,5.0
2026-10-03 16:30:00,0.027695768,-0.35569556258933,0.6599999852478504,9.609999785199761,0.01908648530677862,0.6183336613234178,0.6374201466301964,0.3094203516223293,0.005590079799583065,5.0
2026-10-03 16:40:00,0.027695768,-0.337095447438474,0.6599999852478504,9.609999785199761,0.01908648530677862,0.6183336613234178,0.6374201466301964,0.32802046677318525,0.005590079799583065,5.0
2026-10-03 16:50:00,0.027695768,-0.3172777292717561,0.6599999852478504,9.609999785199761,0.01908648530677862,0.6183336613234178,0.6374201466301964,0.34783818493990315,0.005590079799583065,5.0
2026-10-03 17:00:00,0.027695768,-0.29634308481432853,0.6599999852478504,9.609999785199761,0.01908648530677862,0.6183336613234178,0.6374201466301964,0.36877282939733075,0.005590079799583065,5.0
2026-10-03 17:10:00,0.027695768,-0.27439371888655806,0.6599999852478504,9.609999785199761,0.01908648530677862,0.6183336613234178,0.6374201466301964,0.3907221953251012,0.005590079799583065,5.0
2026-10-03 17:20:00,0.027695768,-0.25153415634238097,0.6599999852478504,9.609999785199761,0.01908648530677862,0.6183336613234178,0.6374201466301964,0.4135817578692783,0.005590079799583065,5.0
2026-10-03 17:30:00,0.027695768,-0.22787186046061106,0.6599999852478504,9.609999785199761,0.01908648530677862,0.6183336613234178,0.6374201466301964,0.43724405375104825,0.005590079799583065,5.0
2026-10-03 17:40:00,0.027695768,-0.2035176136824118,0.6599999852478504,9.609999785199761,0.01908648530677862,0.6183336613234178,0.6374201466301964,0.46159830052924744,0.005590079799583065,5.0
2026-10-03 17:50:00,0.027695768,-0.17858563038654132,0.6599999852478504,9.609999785199761,0.01908648530677862,0.6183336613234178,0.6374201466301964,0.486530283825118,0.005590079799583065,5.0
2026-10-03 18:00:00,0.027695768,-0.15319340569876178,0.7299999836832285,9.479999788105488,0.019801604145875906,0.641500946601621,0.661302550747497,0.535804912630198,0.005590079799583065,5.0
2026-10-03 18:10:00,0.027695768,-0.12746133588447095,0.7299999836832285,9.479999788105488,0.019801604145875906,0.641500946601621,0.661302550747497,0.5615369824444889,0.005590079799583065,5.0
2026-10-03 18:20:00,0.027695768,-0.10151217105895467,0.7299999836832285,9.479999788105488,0.019801604145875906,0.641500946601621,0.661302550747497,0.5874861472700051,0.005590079799583065,5.0
2026-10-03 18:30:00,0.027695768,-0.07547037708506303,0.7299999836832285,9.479999788105488,0.019801604145875906,0.641500946601621,0.661302550747497,0.6135279412438969,0.005590079799583065,5.0
2026-10-03 18:40:00,0.027695768,-0.049461489330418974,0.7299999836832285,9.479999788105488,0.019801604145875906,0.641500946601621,0.661302550747497,0.6395368289985409,0.005590079799583065,5.0
2026-10-03 18:50:00,0.027695768,-0.02361153543899597,0.7299999836832285,9.479999788105488,0.019801604145875906,0.641500946601621,0.661302550747497,0.6653867828899639,0.005590079799583065,5.0
2026-10-03 19:00:00,0.027695768,0.00195341095863431,0.7299999836832285,9.479999788105488,0.019801604145875906,0.641500946601621,0.661302550747497,0.6909517292875942,0.005590079799583065,5.0
2026-10-03 19:10:00,0.027695768,0.02710750775040738,0.7299999836832285,9.479999788105488,0.019801604145875906,0.641500946601621,0.661302550747497,0.7161058260793672,0.005590079799583065,5.0
2026-10-03 19:20:00,0.027695768,0.05172524406221602,0.7299999836832285,9.479999788105488,0.019801604145875906,0.641500946601621,0.661302550747497,0.7407235623911759,0.005590079799583065,5.0
2026-10-03 19:30:00,0.027695768,0.0756813845983925,0.7299999836832285,9.479999788105488,0.019801604145875906,0.641500946601621,0.661302550747497,0.7646797029273523,0.005590079799583065,5.0
2026-10-03 19:40:00,0.027695768,0.09885081036811684,0.7299999836832285,9.479999788105488,0.019801604145875906,0.641500946601621,0.661302550747497,0.7878491286970767,0.005590079799583065,5.0
2026-10-03 19:50:00,0.027695768,0.12110833195307316,0.7299999836832285,9.479999788105488,0.019801604145875906,0.641500946601621,0.661302550747497,0.810106650282033,0.005590079799583065,5.0
2026-10-03 20:00:00,0.027695768,0.14232856788580148,0.7299999836832285,9.479999788105488,0.019801604145875906,0.641500946601621,0.661302550747497,0.8313268862147614,0.005590079799583065,5.0
2026-10-03 20:10:00,0.027695768,0.16238598685402686,0.7299999836832285,9.479999788105488,0.019801604145875906,0.641500946601621,0.661302550747497,0.8513843051829867,0.005590079799583065,5.0
2026-10-03 20:20:00,0.027695768,0.18115520788703238,0.7299999836832285,9.479999788105488,0.019801604145875906,0.641500946601621,0.661302550747497,0.8701535262159923,0.005590079799583065,5.0
2026-10-03 20:30:00,0.027695768,0.19851163693498383,0.7299999836832285,9.479999788105488,0.019801604145875906,0.641500946601621,0.661302550747497,0.8875099552639437,0.005590079799583065,5.0
2026-10-03 20:40:00,0.027695768,0.21433249362244755,0.7299999836832285,9.479999788105488,0.019801604145875906,0.641500946601621,0.661302550747497,0.9033308119514074,0.005590079799583065,5.0
2026-10-03 20:50:00,0.027695768,0.22849824976428865,0.7299999836832285,9.479999788105488,0.019801604145875906,0.641500946601621,0.661302550747497,0.9174965680932485,0.005590079799583065,5.0
2026-10-03 21:00:00,0.027695768,0.24089446565727415,0.7099999841302633,9.40999978967011,0.019384267959480332,0.6279807511340418,0.6473650190935222,0.9159552523322592,0.005590079799583065,5.0
2026-10-03 21:10:00,0.027695768,0.2514139738192604,0.7099999841302633,9.40999978967011,0.019384267959480332,0.6279807511340418,0.6473650190935222,0.9264747604942454,0.005590079799583065,5.0
2026-10-03 21:20:00,0.027695768,0.2599593268429308,0.7099999841302633,9.40999978967011,0.019384267959480332,0.6279807511340418,0.6473650190935222,0.9350201135179159,0.005590079799583065,5.0
2026-10-03 21:30:00,0.027695768,0.26644539930099986,0.7099999841302633,9.40999978967011,0.019384267959480332,0.6279807511340418,0.6473650190935222,0.9415061859759849,0.005590079799583065,5.0
2026-10-03 21:40:00,0.027695768,0.27080201564431156,0.7099999841302633,9.40999978967011,0.019384267959480332,0.6279807511340418,0.6473650190935222,0.9458628023192965,0.005590079799583065,5.0
2026-10-03 21:50:00,0.027695768,0.2729764684847657,0.7099999841302633,9.40999978967011,0.019384267959480332,0.6279807511340418,0.6473650190935222,0.9480372551597507,0.005590079799583065,5.0
2026-10-03 22:00:00,0.027695768,0.2729357948417971,0.7099999841302633,9.40999978967011,0.019384267959480332,0.6279807511340418,0.6473650190935222,0.9479965815167821,0.005590079799583065,5.0
2026-10-03 22:10:00,0.027695768,0.2706686914128681,0.7099999841302633,9.40999978967011,0.019384267959480332,0.6279807511340418,0.6473650190935222,0.9457294780878531,0.005590079799583065,5.0
2026-10-03 22:20:00,0.027695768,0.2661869719580924,0.7099999841302633,9.40999978967011,0.019384267959480332,0.6279807511340418,0.6473650190935222,0.9412477586330774,0.005590079799583065,5.0
2026-10-03 22:30:00,0.027695768,0.25952649812361844,0.7099999841302633,9.40999978967011,0.019384267959480332,0.6279807511340418,0.6473650190935222,0.9345872847986034,0.005590079799583065,5.0
2026-10-03 22:40:00,0.027695768,0.2507475465310958,0.7099999841302633,9.40999978967011,0.019384267959480332,0.6279807511340418,0.6473650190935222,0.9258083332060809,0.005590079799583065,5.0
2026-10-03 22:50:00,0.027695768,0.23993460665651417,0.7099999841302633,9.40999978967011,0.019384267959480332,0.6279807511340418,0.6473650190935222,0.9149953933314992,0.005590079799583065,5.0
2026-10-03 23:00:00,0.027695768,0.22719563293117204,0.7099999841302633,9.40999978967011,0.019384267959480332,0.6279807511340418,0.6473650190935222,0.9022564196061571,0.005590079799583065,5.0
2026-10-03 23:10:00,0.027695768,0.2126607983414385,0.7099999841302633,9.40999978967011,0.019384267959480332,0.6279807511340418,0.6473650190935222,0.8877215850164235,0.005590079799583065,5.0
2026-10-03 23:20:00,0.027695768,0.19648081362635264,0.7099999841302633,9.40999978967011,0.019384267959480332,0.6279807511340418,0.6473650190935222,0.8715416003013376,0.005590079799583065,5.0
2026-10-03 23:30:00,0.027695768,0.178824885626559,0.7099999841302633,9.40999978967011,0.019384267959480332,0.6279807511340418,0.6473650190935222,0.853885672301544,0.005590079799583065,5.0
2026-10-03 23:40:00,0.027695768,0.15987838990010578,0.7099999841302633,9.40999978967011,0.019384267959480332,0.6279807511340418,0.6473650190935222,0.8349391765750909,0.005590079799583065,5.0
2026-10-03 23:50:00,0.027695768,0.13984032834945312,0.7099999841302633,9.40999978967011,0.019384267959480332,0.6279807511340418,0.6473650190935222,0.8149011150244382,0.005590079799583065,5.0
2026-10-04 00:00:00,0.020934885,0.11892063293400355,0.6599999852478504,9.339999791234732,0.0185502365000325,0.6009611234922708,0.6195113599923033,0.759366878294058,0.005590079799583065,5.0
2026-10-04 00:10:00,0.020934885,0.09733736495864795,0.6599999852478504,9.339999791234732,0.0185502365000325,0.6009611234922708,0.6195113599923033,0.7377836103187024,0.005590079799583065,5.0
2026-10-04 00:20:00,0.020934885,0.07531384726286261,0.6599999852478504,9.339999791234732,0.0185502365000325,0.6009611234922708,0.6195113599923033,0.7157600926229171,0.005590079799583065,5.0
2026-10-04 00:30:00,0.020934885,0.05307575680565954,0.6599999852478504,9.339999791234732,0.0185502365000325,0.6009611234922708,0.6195113599923033,0.693522002165714,0.005590079799583065,5.0
2026-10-04 00:40:00,0.020934885,0.030848199144205266,0.6599999852478504,9.339999791234732,0.0185502365000325,0.6009611234922708,0.6195113599923033,0.6712944445042597,0.005590079799583065,5.0
2026-10-04 00:50:00,0.020934885,0.008852785195834779,0.6599999852478504,9.339999791234732,0.0185502365000325,0.6009611234922708,0.6195113599923033,0.6492990305558892,0.005590079799583065,5.0
2026-10-04 01:00:00,0.020934885,-0.012695265056546225,0.6599999852478504,9.339999791234732,0.0185502365000325,0.6009611234922708,0.6195113599923033,0.6277509803035082,0.005590079799583065,5.0
2026-10-04 01:10:00,0.020934885,-0.03358995859079385,0.6599999852478504,9.339999791234732,0.0185502365000325,0.6009611234922708,0.6195113599923033,0.6068562867692606,0.005590079799583065,5.0
2026-10-04 01:20:00,0.020934885,-0.05363725941281779,0.6599999852478504,9.339999791234732,0.0185502365000325,0.6009611234922708,0.6195113599923033,0.5868089859472366,0.005590079799583065,5.0
2026-10-04 01:30:00,0.020934885,-0.07265765398106024,0.6599999852478504,9.339999791234732,0.0185502365000325,0.6009611234922708,0.6195113599923033,0.5677885913789942,0.005590079799583065,5.0
2026-10-04 01:40:00,0.020934885,-0.0904884807633982,0.6599999852478504,9.339999791234732,0.0185502365000325,0.6009611234922708,0.6195113599923033,0.5499577645966562,0.005590079799583065,5.0
2026-10-04 01:50:00,0.020934885,-0.10698594430397583,0.6599999852478504,9.339999791234732,0.0185502365000325,0.6009611234922708,0.6195113599923033,0.5334603010560787,0.005590079799583065,5.0
2026-10-04 02:00:00,0.020934885,-0.1220267312569662,0.6599999852478504,9.339999791234732,0.0185502365000325,0.6009611234922708,0.6195113599923033,0.5184195141030883,0.005590079799583065,5.0
2026-10-04 02:10:00,0.020934885,-0.1355091503420539,0.6599999852478504,9.339999791234732,0.0185502365000325,0.6009611234922708,0.6195113599923033,0.5049370950180005,0.005590079799583065,5.0
2026-10-04 02:20:00,0.020934885,-0.14735373114929076,0.6599999852478504,9.339999791234732,0.0185502365000325,0.6009611234922708,0.6195113599923033,0.4930925142107637,0.005590079799583065,5.0
2026-10-04 02:30:00,0.020934885,-0.15750323743822703,0.6599999852478504,9.339999791234732,0.0185502365000325,0.6009611234922708,0.6195113599923033,0.4829430079218274,0.005590079799583065,5.0
2026-10-04 02:40:00,0.020934885,-0.16592207885202856,0.6599999852478504,9.339999791234732,0.0185502365000325,0.6009611234922708,0.6195113599923033,0.47452416650802587,0.005590079799583065,5.0
2026-10-04 02:50:00,0.020934885,-0.17259513767794146,0.6599999852478504,9.339999791234732,0.0185502365000325,0.6009611234922708,0.6195113599923033,0.467851107682113,0.005590079799583065,5.0
2026-10-04 03:00:00,0.020934885,-0.17752606283713004,0.6199999861419201,9.269999792799354,0.017844574048579292,0.5781001912539736,0.5959447653025529,0.439353587833174,0.005590079799583065,5.0
2026-10-04 03:10:00,0.020934885,-0.18073511738634332,0.6199999861419201,9.269999792799354,0.017844574048579292,0.5781001912539736,0.5959447653025529,0.43614453328396074,0.005590079799583065,5.0
2026-10-04 03:20:00,0.020934885,-0.18225669601811403,0.6199999861419201,9.269999792799354,0.017844574048579292,0.5781001912539736,0.5959447653025529,0.43462295465219003,0.005590079799583065,5.0
2026-10-04 03:30:00,0.020934885,-0.18213665163431272,0.6199999861419201,9.269999792799354,0.017844574048579292,0.5781001912539736,0.5959447653025529,0.43474299903599134,0.005590079799583065,5.0
2026-10-04 03:40:00,0.020934885,-0.1804295828908857,0.6199999861419201,9.269999792799354,0.017844574048579292,0.5781001912539736,0.5959447653025529,0.4364500677794183,0.005590079799583065,5.0
2026-10-04 03:50:00,0.020934885,-0.17719623594480782,0.6199999861419201,9.269999792799354,0.017844574048579292,0.5781001912539736,0.5959447653025529,0.4396834147254962,0.005590079799583065,5.0
2026-10-04 04:00:00,0.020934885,-0.1725011628790627,0.6199999861419201,9.269999792799354,0.017844574048579292,0.5781001912539736,0.5959447653025529,0.44437848779124134,0.005590079799583065,5.0
2026-10-04 04:10:00,0.020934885,-0.16641075724211607,0.6199999861419201,9.269999792799354,0.017844574048579292,0.5781001912539736,0.5959447653025529,0.45046889342818797,0.005590079799583065,5.0
2026-10-04 04:20:00,0.020934885,-0.15899175542882987,0.6199999861419201,9.269999792799354,0.017844574048579292,0.5781001912539736,0.5959447653025529,0.45788789524147416,0.005590079799583065,5.0
2026-10-04 04:30:00,0.020934885,-0.15031025413249055,0.6199999861419201,9.269999792799354,0.017844574048579292,0.5781001912539736,0.5959447653025529,0.4665693965378135,0.005590079799583065,5.0
2026-10-04 04:40:00,0.020934885,-0.14043125225177275,0.6199999861419201,9.269999792799354,0.017844574048579292,0.5781001912539736,0.5959447653025529,0.47644839841853126,0.005590079799583065,5.0
2026-10-04 04:50:00,0.020934885,-0.12941868426372316,0.6199999861419201,9.269999792799354,0.017844574048579292,0.5781001912539736,0.5959447653025529,0.4874609664065809,0.005590079799583065,5.0
2026-10-04 05:00:00,0.020934885,-0.11733587499934926,0.6199999861419201,9.269999792799354,0.017844574048579292,0.5781001912539736,0.5959447653025529,0.49954377567095476,0.005590079799583065,5.0
2026-10-04 05:10:00,0.020934885,-0.10424631642314486,0.6199999861419201,9.269999792799354,0.017844574048579292,0.5781001912539736,0.5959447653025529,0.5126333342471592,0.005590079799583065,5.0
2026-10-04 05:20:00,0.020934885,-0.09021464786384006,0.6199999861419201,9.269999792799354,0.017844574048579292,0.5781001912539736,0.5959447653025529,0.526665002806464,0.005590079799583065,5.0
2026-10-04 05:30:00,0.020934885,-0.07530771405895223,0.6199999861419201,9.269999792799354,0.017844574048579292,0.5781001912539736,0.5959447653025529,0.5415719366113518,0.005590079799583065,5.0
2026-10-04 05:40:00,0.020934885,-0.05959558020246382,0.6199999861419201,9.269999792799354,0.017844574048579292,0.5781001912539736,0.5959447653025529,0.5572840704678402,0.005590079799583065,5.0
2026-10-04 05:50:00,0.020934885,-0.04315239972021205,0.6199999861419201,9.269999792799354,0.017844574048579292,0.5781001912539736,0.5959447653025529,0.573727250950092,0.005590079799583065,5.0
2026-10-04 06:00:00,0.020934885,-0.026057055878670934,0.5999999865889549,9.209999794140458,0.017440778328702777,0.5650186583323887,0.5824594366610916,0.5773372661501718,0.005590079799583065,5.0
2026-10-04 06:10:00,0.020934885,-0.008393530411592309,0.5999999865889549,9.209999794140458,0.017440778328702777,0.5650186583323887,0.5824594366610916,0.5950007916172504,0.005590079799583065,5.0
2026-10-04 06:20:00,0.020934885,0.009749013105055446,0.5999999865889549,9.209999794140458,0.017440778328702777,0.5650186583323887,0.5824594366610916,0.6131433351338982,0.005590079799583065,5.0
2026-10-04 06:30:00,0.020934885,0.02827640987521281,0.5999999865889549,9.209999794140458,0.017440778328702777,0.5650186583323887,0.5824594366610916,0.6316707319040555,0.005590079799583065,5.0
2026-10-04 06:40:00,0.020934885,0.047089888310815675,0.5999999865889549,9.209999794140458,0.017440778328702777,0.5650186583323887,0.5824594366610916,0.6504842103396584,0.005590079799583065,5.0
2026-10-04 06:50:00,0.020934885,0.06608660716919619,0.5999999865889549,9.209999794140458,0.017440778328702777,0.5650186583323887,0.5824594366610916,0.6694809291980389,0.005590079799583065,5.0
2026-10-04 07:00:00,0.020934885,0.08516025292069401,0.5999999865889549,9.209999794140458,0.017440778328702777,0.5650186583323887,0.5824594366610916,0.6885545749495368,0.005590079799583065,5.0
2026-10-04 07:10:00,0.020934885,0.10420161501400761,0.5999999865889549,9.209999794140458,0.017440778328702777,0.5650186583323887,0.5824594366610916,0.7075959370428503,0.005590079799583065,5.0
2026-10-04 07:20:00,0.020934885,0.12309906699558645,0.5999999865889549,9.209999794140458,0.017440778328702777,0.5650186583323887,0.5824594366610916,0.7264933890244292,0.005590079799583065,5.0
2026-10-04 07:30:00,0.020934885,0.14173890185981583,0.5999999865889549,9.209999794140458,0.017440778328702777,0.5650186583323887,0.5824594366610916,0.7451332238886585,0.005590079799583065,5.0
2026-10-04 07:40:00,0.020934885,0.16000549678717604,0.5999999865889549,9.209999794140458,0.017440778328702777,0.5650186583323887,0.5824594366610916,0.7633998188160187,0.005590079799583065,5.0
2026-10-04 07:50:00,0.020934885,0.17778131360914412,0.5999999865889549,9.209999794140458,0.017440778328702777,0.5650186583323887,0.5824594366610916,0.7811756356379869,0.005590079799583065,5.0
2026-10-04 08:00:00,0.020934885,0.19494677235930058,0.5999999865889549,9.209999794140458,0.017440778328702777,0.5650186583323887,0.5824594366610916,0.7983410943881433,0.005590079799583065,5.0
2026-10-04 08:10:00,0.020934885,0.21138006314783028,0.5999999865889549,9.209999794140458,0.017440778328702777,0.5650186583323887,0.5824594366610916,0.814774385176673,0.005590079799583065,5.0
2026-10-04 08:20:00,0.020934885,0.22695698280830584,0.5999999865889549,9.209999794140458,0.017440778328702777,0.5650186583323887,0.5824594366610916,0.8303513048371485,0.005590079799583065,5.0
2026-10-04 08:30:00,0.020934885,0.2415508945937022,0.5999999865889549,9.209999794140458,0.017440778328702777,0.5650186583323887,0.5824594366610916,0.8449452166225448,0.005590079799583065,5.0
2026-10-04 08:40:00,0.020934885,0.255032910724753,0.5999999865889549,9.209999794140458,0.017440778328702777,0.5650186583323887,0.5824594366610916,0.8584272327535957,0.005590079799583065,5.0
2026-10-04 08:50:00,0.020934885,0.26727238747135607,0.5999999865889549,9.209999794140458,0.017440778328702777,0.5650186583323887,0.5824594366610916,0.8706667095001988,0.005590079799583065,5.0
2026-10-04 09:00:00,0.020934885,0.27813780250264036,0.6099999863654375,9.159999795258045,0.017490047866492685,0.5666148146285155,0.5841048624950081,0.8831775503653996,0.005590079799583065,5.0
2026-10-04 09:10:00,0.020934885,0.2874980554105849,0.6099999863654375,9.159999795258045,0.017490047866492685,0.5666148146285155,0.5841048624950081,0.8925378032733442,0.005590079799583065,5.0
2026-10-04 09:20:00,0.020934885,0.29522419813869377,0.6099999863654375,9.159999795258045,0.017490047866492685,0.5666148146285155,0.5841048624950081,0.900263946001453,0.005590079799583065,5.0
2026-10-04 09:30:00,0.020934885,0.30119156528352475,0.6099999863654375,9.159999795258045,0.017490047866492685,0.5666148146285155,0.5841048624950081,0.906231313146284,0.005590079799583065,5.0
2026-10-04 09:40:00,0.020934885,0.3052822388556366,0.6099999863654375,9.159999795258045,0.017490047866492685,0.5666148146285155,0.5841048624950081,0.9103219867183958,0.005590079799583065,5.0
2026-10-04 09:50:00,0.020934885,0.30738775129501233,0.6099999863654375,9.159999795258045,0.017490047866492685,0.5666148146285155,0.5841048624950081,0.9124274991577717,0.005590079799583065,5.0
2026-10-04 10:00:00,0.020934885,0.3074119072108111,0.6099999863654375,9.159999795258045,0.017490047866492685,0.5666148146285155,0.5841048624950081,0.9124516550735704,0.005590079799583065,5.0
2026-10-04 10:10:00,0.020934885,0.30527359073122634,0.6099999863654375,9.159999795258045,0.017490047866492685,0.5666148146285155,0.5841048624950081,0.9103133385939857,0.005590079799583065,5.0
2026-10-04 10:20:00,0.020934885,0.3009094222822595,0.6099999863654375,9.159999795258045,0.017490047866492685,0.5666148146285155,0.5841048624950081,0.9059491701450187,0.005590079799583065,5.0
2026-10-04 10:30:00,0.020934885,0.2942761363116604,0.6099999863654375,9.159999795258045,0.017490047866492685,0.5666148146285155,0.5841048624950081,0.8993158841744197,0.005590079799583065,5.0
2026-10-04 10:40:00,0.020934885,0.2853525686461693,0.6099999863654375,9.159999795258045,0.017490047866492685,0.5666148146285155,0.5841048624950081,0.8903923165089286,0.005590079799583065,5.0
2026-10-04 10:50:00,0.020934885,0.27414116689763673,0.6099999863654375,9.159999795258045,0.017490047866492685,0.5666148146285155,0.5841048624950081,0.879180914760396,0.005590079799583065,5.0
2026-10-04 11:00:00,0.020934885,0.26066896694234587,0.6099999863654375,9.159999795258045,0.017490047866492685,0.5666148146285155,0.5841048624950081,0.8657087148051051,0.005590079799583065,5.0
2026-10-04 11:10:00,0.020934885,0.24498800990114183,0.6099999863654375,9.159999795258045,0.017490047866492685,0.5666148146285155,0.5841048624950081,0.850027757763901,0.005590079799583065,5.0
2026-10-04 11:20:00,0.020934885,0.2271752042919286,0.6099999863654375,9.159999795258045,0.017490047866492685,0.5666148146285155,0.5841048624950081,0.8322149521546879,0.005590079799583065,5.0
2026-10-04 11:30:00,0.020934885,0.20733166437473918,0.6099999863654375,9.159999795258045,0.017490047866492685,0.5666148146285155,0.5841048624950081,0.8123714122374984,0.005590079799583065,5.0
2026-10-04 11:40:00,0.020934885,0.18558157600253394,0.6099999863654375,9.159999795258045,0.017490047866492685,0.5666148146285155,0.5841048624950081,0.7906213238652933,0.005590079799583065,5.0
2026-10-04 11:50:00,0.020934885,0.16207065448001334,0.6099999863654375,9.159999795258045,0.017490047866492685,0.5666148146285155,0.5841048624950081,0.7671104023427726,0.005590079799583065,5.0
2026-10-04 12:00:00,0.020934885,0.13696426432581366,0.6299999859184027,9.13999979570508,0.017735648678042185,0.5745713999604137,0.592307048638456,0.7502061983320207,0.005590079799583065,5.0
2026-10-04 12:10:00,0.020934885,0.1104452695400354,0.6299999859184027,9.13999979570508,0.017735648678042185,0.5745713999604137,0.592307048638456,0.7236872035462425,0.005590079799583065,5.0
2026-10-04 12:20:00,0.020934885,0.08271167576636326,0.6299999859184027,9.13999979570508,0.017735648678042185,0.5745713999604137,0.592307048638456,0.6959536097725704,0.005590079799583065,5.0
2026-10-04 12:30:00,0.020934885,0.05397411529458423,0.6299999859184027,9.13999979570508,0.017735648678042185,0.5745713999604137,0.592307048638456,0.6672160493007913,0.005590079799583065,5.0
2026-10-04 12:40:00,0.020934885,0.024453213859815907,0.6299999859184027,9.13999979570508,0.017735648678042185,0.5745713999604137,0.592307048638456,0.637695147866023,0.005590079799583065,5.0
2026-10-04 12:50:00,0.020934885,-0.0056231325141183446,0.6299999859184027,9.13999979570508,0.017735648678042185,0.5745713999604137,0.592307048638456,0.6076188014920887,0.005590079799583065,5.0
2026-10-04 13:00:00,0.020934885,-0.03602254997145024,0.6299999859184027,9.13999979570508,0.017735648678042185,0.5745713999604137,0.592307048638456,0.5772193840347568,0.005590079799583065,5.0
2026-10-04 13:10:00,0.020934885,-0.06651103124433899,0.6299999859184027,9.13999979570508,0.017735648678042185,0.5745713999604137,0.592307048638456,0.5467309027618681,0.005590079799583065,5.0
2026-10-04 13:20:00,0.020934885,-0.09685581212550942,0.6299999859184027,9.13999979570508,0.017735648678042185,0.5745713999604137,0.592307048638456,0.5163861218806977,0.005590079799583065,5.0
2026-10-04 13:30:00,0.020934885,-0.12682825319468644,0.6299999859184027,9.13999979570508,0.017735648678042185,0.5745713999604137,0.592307048638456,0.48641368081152064,0.005590079799583065,5.0
2026-10-04 13:40:00,0.020934885,-0.15620668816435784,0.6299999859184027,9.13999979570508,0.017735648678042185,0.5745713999604137,0.592307048638456,0.45703524584184924,0.005590079799583065,5.0
2026-10-04 13:50:00,0.020934885,-0.18477918670396273,0.6299999859184027,9.13999979570508,0.017735648678042185,0.5745713999604137,0.592307048638456,0.4284627473022443,0.005590079799583065,5.0
2026-10-04 14:00:00,0.020934885,-0.2123461654138259,0.6299999859184027,9.13999979570508,0.017735648678042185,0.5745713999604137,0.592307048638456,0.4008957685923812,0.005590079799583065,5.0
2026-10-04 14:10:00,0.020934885,-0.23872276915718005,0.6299999859184027,9.13999979570508,0.017735648678042185,0.5745713999604137,0.592307048638456,0.37451916484902703,0.005590079799583065,5.0
2026-10-04 14:20:00,0.020934885,-0.26374093795824777,0.6299999859184027,9.13999979570508,0.017735648678042185,0.5745713999604137,0.592307048638456,0.3495009960479593,0.005590079799583065,5.0
2026-10-04 14:30:00,0.020934885,-0.2872510744773105,0.6299999859184027,9.13999979570508,0.017735648678042185,0.5745713999604137,0.592307048638456,0.32599085952889656,0.005590079799583065,5.0
2026-10-04 14:40:00,0.020934885,-0.309123234997469,0.6299999859184027,9.13999979570508,0.017735648678042185,0.5745713999604137,0.592307048638456,0.30411869900873806,0.005590079799583065,5.0
2026-10-04 14:50:00,0.020934885,-0.3292477828448087,0.6299999859184027,9.13999979570508,0.017735648678042185,0.5745713999604137,0.592307048638456,0.28399415116139837,0.005590079799583065,5.0
2026-10-04 15:00:00,0.020934885,-0.34753546753520353,0.7199999839067459,9.09999979659915,0.018877229135897424,0.6115545119821015,0.6304317411179989,0.3038311589505465,0.005590079799583065,5.0
2026-10-04 15:10:00,0.020934885,-0.36391692301495654,0.7199999839067459,9.09999979659915,0.018877229135897424,0.6115545119821015,0.6304317411179989,0.2874497034707935,0.005590079799583065,5.0
2026-10-04 15:20:00,0.020934885,-0.3783416128796048,0.7199999839067459,9.09999979659915,0.018877229135897424,0.6115545119821015,0.6304317411179989,0.27302501360614523,0.005590079799583065,5.0
2026-10-04 15:30:00,0.020934885,-0.3907762854818686,0.7199999839067459,9.09999979659915,0.018877229135897424,0.6115545119821015,0.6304317411179989,0.26059034100388145,0.005590079799583065,5.0
2026-10-04 15:40:00,0.020934885,-0.4012030347113032,0.7199999839067459,9.09999979659915,0.018877229135897424,0.6115545119821015,0.6304317411179989,0.25016359177444686,0.005590079799583065,5.0
2026-10-04 15:50:00,0.020934885,-0.40961708926324675,0.7199999839067459,9.09999979659915,0.018877229135897424,0.6115545119821015,0.6304317411179989,0.2417495372225033,0.005590079799583065,5.0
2026-10-04 16:00:00,0.020934885,-0.41602447178676116,0.7199999839067459,9.09999979659915,0.018877229135897424,0.6115545119821015,0.6304317411179989,0.2353421546989889,0.005590079799583065,5.0
2026-10-04 16:10:00,0.020934885,-0.42043967721799463,0.7199999839067459,9.09999979659915,0.018877229135897424,0.6115545119821015,0.6304317411179989,0.23092694926775542,0.005590079799583065,5.0
2026-10-04 16:20:00,0.020934885,-0.4228835156699326,0.7199999839067459,9.09999979659915,0.018877229135897424,0.6115545119821015,0.6304317411179989,0.22848311081581746,0.005590079799583065,5.0
2026-10-04 16:30:00,0.020934885,-0.4233812496280748,0.7199999839067459,9.09999979659915,0.018877229135897424,0.6115545119821015,0.6304317411179989,0.22798537685767528,0.005590079799583065,5.0
2026-10-04 16:40:00,0.020934885,-0.4219611288805241,0.7199999839067459,9.09999979659915,0.018877229135897424,0.6115545119821015,0.6304317411179989,0.22940549760522594,0.005590079799583065,5.0
2026-10-04 16:50:00,0.020934885,-0.41865339203416685,0.7199999839067459,9.09999979659915,0.018877229135897424,0.6115545119821015,0.6304317411179989,0.2327132344515832,0.005590079799583065,5.0
2026-10-04 17:00:00,0.020934885,-0.4134897636317081,0.7199999839067459,9.09999979659915,0.018877229135897424,0.6115545119821015,0.6304317411179989,0.23787686285404197,0.005590079799583065,5.0
2026-10-04 17:10:00,0.020934885,-0.40650343450968246,0.7199999839067459,9.09999979659915,0.018877229135897424,0.6115545119821015,0.6304317411179989,0.2448631919760676,0.005590079799583065,5.0
2026-10-04 17:20:00,0.020934885,-0.39772947399470526,0.7199999839067459,9.09999979659915,0.018877229135897424,0.6115545119821015,0.6304317411179989,0.2536371524910448,0.005590079799583065,5.0
2026-10-04 17:30:00,0.020934885,-0.38720558945929057,0.7199999839067459,9.09999979659915,0.018877229135897424,0.6115545119821015,0.6304317411179989,0.2641610370264595,0.005590079799583065,5.0
2026-10-04 17:40:00,0.020934885,-0.3749731245748917,0.7199999839067459,9.09999979659915,0.018877229135897424,0.6115545119821015,0.6304317411179989,0.2763935019108584,0.005590079799583065,5.0
2026-10-04 17:50:00,0.020934885,-0.3610781747340516,0.7199999839067459,9.09999979659915,0.018877229135897424,0.6115545119821015,0.6304317411179989,0.29028845175169843,0.005590079799583065,5.0
2026-10-04 18:00:00,0.020934885,-0.34557269705791427,0.7299999836832285,9.05999979749322,0.01892431788624849,0.6130800185876253,0.6320043364738738,0.3073665247837106,0.005590079799583065,5.0
2026-10-04 18:10:00,0.020934885,-0.32851550351046427,0.7299999836832285,9.05999979749322,0.01892431788624849,0.6130800185876253,0.6320043364738738,0.3244237183311606,0.005590079799583065,5.0
2026-10-04 18:20:00,0.020934885,-0.3099730468125119,0.7299999836832285,9.05999979749322,0.01892431788624849,0.6130800185876253,0.6320043364738738,0.342966175029113,0.005590079799583065,5.0
2026-10-04 18:30:00,0.020934885,-0.29001993811711524,0.7299999836832285,9.05999979749322,0.01892431788624849,0.6130800185876253,0.6320043364738738,0.36291928372450966,0.005590079799583065,5.0
2026-10-04 18:40:00,0.020934885,-0.2687391690077038,0.7299999836832285,9.05999979749322,0.01892431788624849,0.6130800185876253,0.6320043364738738,0.3842000528339211,0.005590079799583065,5.0
2026-10-04 18:50:00,0.020934885,-0.2462220449234318,0.7299999836832285,9.05999979749322,0.01892431788624849,0.6130800185876253,0.6320043364738738,0.4067171769181931,0.005590079799583065,5.0
2026-10-04 19:00:00,0.020934885,-0.22256786863669742,0.7299999836832285,9.05999979749322,0.01892431788624849,0.6130800185876253,0.6320043364738738,0.4303713532049275,0.005590079799583065,5.0
2026-10-04 19:10:00,0.020934885,-0.19788343749436405,0.7299999836832285,9.05999979749322,0.01892431788624849,0.6130800185876253,0.6320043364738738,0.45505578434726085,0.005590079799583065,5.0
2026-10-04 19:20:00,0.020934885,-0.17228243443487212,0.7299999836832285,9.05999979749322,0.01892431788624849,0.6130800185876253,0.6320043364738738,0.4806567874067528,0.005590079799583065,5.0
2026-10-04 19:30:00,0.020934885,-0.1458847980591718,0.7299999836832285,9.05999979749322,0.01892431788624849,0.6130800185876253,0.6320043364738738,0.5070544237824531,0.005590079799583065,5.0
2026-10-04 19:40:00,0.020934885,-0.11881615169750932,0.7299999836832285,9.05999979749322,0.01892431788624849,0.6130800185876253,0.6320043364738738,0.5341230701441155,0.005590079799583065,5.0
2026-10-04 19:50:00,0.020934885,-0.09120735519465249,0.7299999836832285,9.05999979749322,0.01892431788624849,0.6130800185876253,0.6320043364738738,0.5617318666469724,0.005590079799583065,5.0
2026-10-04 20:00:00,0.020934885,-0.06319421902874132,0.7299999836832285,9.05999979749322,0.01892431788624849,0.6130800185876253,0.6320043364738738,0.5897450028128836,0.005590079799583065,5.0
2026-10-04 20:10:00,0.020934885,-0.03491739024270491,0.7299999836832285,9.05999979749322,0.01892431788624849,0.6130800185876253,0.6320043364738738,0.61802183159892,0.005590079799583065,5.0
2026-10-04 20:20:00,0.020934885,-0.00652238771006821,0.7299999836832285,9.05999979749322,0.01892431788624849,0.6130800185876253,0.6320043364738738,0.6464168341315567,0.005590079799583065,5.0
2026-10-04 20:30:00,0.020934885,0.021840266291283047,0.7299999836832285,9.05999979749322,0.01892431788624849,0.6130800185876253,0.6320043364738738,0.6747794881329079,0.005590079799583065,5.0
2026-10-04 20:40:00,0.020934885,0.050014896755096044,0.7299999836832285,9.05999979749322,0.01892431788624849,0.6130800185876253,0.6320043364738738,0.702954118596721,0.005590079799583065,5.0
2026-10-04 20:50:00,0.020934885,0.07784060471701919,0.7299999836832285,9.05999979749322,0.01892431788624849,0.6130800185876253,0.6320043364738738,0.730779826558644,0.005590079799583065,5.0
2026-10-04 21:00:00,0.020934885,0.10515137745807981,0.6899999845772982,11.03999975323677,0.022419412391824097,0.7263085437753607,0.7487279561671848,0.8748142189930157,0.005590079799583065,5.0
2026-10-04 21:10:00,0.020934885,0.13177647935997622,0.6899999845772982,11.03999975323677,0.022419412391824097,0.7263085437753607,0.7487279561671848,0.9014393208949121,0.005590079799583065,5.0
2026-10-04 21:20:00,0.020934885,0.15754120795420185,0.6899999845772982,11.03999975323677,0.022419412391824097,0.7263085437753607,0.7487279561671848,0.9272040494891378,0.005590079799583065,5.0
2026-10-04 21:30:00,0.020934885,0.18226807497135666,0.6899999845772982,11.03999975323677,0.022419412391824097,0.7263085437753607,0.7487279561671848,0.9519309165062926,0.005590079799583065,5.0
2026-10-04 21:40:00,0.020934885,0.2057784403846691,0.6899999845772982,11.03999975323677,0.022419412391824097,0.7263085437753607,0.7487279561671848,0.975441281919605,0.005590079799583065,5.0
2026-10-04 21:50:00,0.020934885,0.22789459119146369,0.6899999845772982,11.03999975323677,0.022419412391824097,0.7263085437753607,0.7487279561671848,0.9975574327263996,0.005590079799583065,5.0
2026-10-04 22:00:00,0.020934885,0.24844221974946284,0.6899999845772982,11.03999975323677,0.022419412391824097,0.7263085437753607,0.7487279561671848,1.0181050612843987,0.005590079799583065,5.0
2026-10-04 22:10:00,0.020934885,0.26725322236436133,0.6899999845772982,11.03999975323677,0.022419412391824097,0.7263085437753607,0.7487279561671848,1.0369160638992971,0.005590079799583065,5.0
2026-10-04 22:20:00,0.020934885,0.28416871063601645,0.6899999845772982,11.03999975323677,0.022419412391824097,0.7263085437753607,0.7487279561671848,1.0538315521709523,0.005590079799583065,5.0
2026-10-04 22:30:00,0.020934885,0.29904210853106816,0.6899999845772982,11.03999975323677,0.022419412391824097,0.7263085437753607,0.7487279561671848,1.068704950066004,0.005590079799583065,5.0
2026-10-04 22:40:00,0.020934885,0.3117421987290608,0.6899999845772982,11.03999975323677,0.022419412391824097,0.7263085437753607,0.7487279561671848,1.0814050402639968,0.005590079799583065,5.0
2026-10-04 22:50:00,0.020934885,0.32215598317518485,0.6899999845772982,11.03999975323677,0.022419412391824097,0.7263085437753607,0.7487279561671848,1.0918188247101208,0.005590079799583065,5.0
2026-10-04 23:00:00,0.020934885,0.3301912343641729,0.6899999845772982,11.03999975323677,0.022419412391824097,0.7263085437753607,0.7487279561671848,1.0998540758991089,0.005590079799583065,5.0
2026-10-04 23:10:00,0.020934885,0.3357786341861207,0.6899999845772982,11.03999975323677,0.022419412391824097,0.7263085437753607,0.7487279561671848,1.1054414757210567,0.005590079799583065,5.0
2026-10-04 23:20:00,0.020934885,0.33887342381143887,0.6899999845772982,11.03999975323677,0.022419412391824097,0.7263085437753607,0.7487279561671848,1.1085362653463748,0.005590079799583065,5.0
2026-10-04 23:30:00,0.020934885,0.3394565182654652,0.6899999845772982,11.03999975323677,0.022419412391824097,0.7263085437753607,0.7487279561671848,1.1091193598004012,0.005590079799583065,5.0
2026-10-04 23:40:00,0.020934885,0.3375350699179356,0.6899999845772982,11.03999975323677,0.022419412391824097,0.7263085437753607,0.7487279561671848,1.1071979114528716,0.005590079799583065,5.0
2026-10-04 23:50:00,0.020934885,0.33314249330513535,0.6899999845772982,11.03999975323677,0.022419412391824097,0.7263085437753607,0.7487279561671848,1.1028053348400713,0.005590079799583065,5.0
2026-10-05 00:00:00,0.004597099,0.32633798693341887,0.6399999856948853,10.929999755695462,0.0213767045979221,0.6925285514126546,0.7139052560105766,1.0448403419762484,0.005590079799583065,5.0
2026-10-05 00:10:00,0.004597099,0.3172056044836224,0.6399999856948853,10.929999755695462,0.0213767045979221,0.6925285514126546,0.7139052560105766,1.035707959526452,0.005590079799583065,5.0
2026-10-05 00:20:00,0.004597099,0.30585293708778555,0.6399999856948853,10.929999755695462,0.0213767045979221,0.6925285514126546,0.7139052560105766,1.0243552921306152,0.005590079799583065,5.0
2026-10-05 00:30:00,0.004597099,0.292409470498021,0.6399999856948853,10.929999755695462,0.0213767045979221,0.6925285514126546,0.7139052560105766,1.0109118255408507,0.005590079799583065,5.0
2026-10-05 00:40:00,0.004597099,0.277024676700926,0.6399999856948853,10.929999755695462,0.0213767045979221,0.6925285514126546,0.7139052560105766,0.9955270317437557,0.005590079799583065,5.0
2026-10-05 00:50:00,0.004597099,0.2598658908625522,0.6399999856948853,10.929999755695462,0.0213767045979221,0.6925285514126546,0.7139052560105766,0.9783682459053819,0.005590079799583065,5.0
2026-10-05 01:00:00,0.004597099,0.24111601343076494,0.6399999856948853,10.929999755695462,0.0213767045979221,0.6925285514126546,0.7139052560105766,0.9596183684735946,0.005590079799583065,5.0
2026-10-05 01:10:00,0.004597099,0.22097106612362946,0.6399999856948853,10.929999755695462,0.0213767045979221,0.6925285514126546,0.7139052560105766,0.9394734211664592,0.005590079799583065,5.0
2026-10-05 01:20:00,0.004597099,0.19963762177707725,0.6399999856948853,10.929999755695462,0.0213767045979221,0.6925285514126546,0.7139052560105766,0.9181399768199069,0.005590079799583065,5.0
2026-10-05 01:30:00,0.004597099,0.17733012315785068,0.6399999856948853,10.929999755695462,0.0213767045979221,0.6925285514126546,0.7139052560105766,0.8958324782006803,0.005590079799583065,5.0
2026-10-05 01:40:00,0.004597099,0.15426810619808765,0.6399999856948853,10.929999755695462,0.0213767045979221,0.6925285514126546,0.7139052560105766,0.8727704612409173,0.005590079799583065,5.0
2026-10-05 01:50:00,0.004597099,0.13067334867541983,0.6399999856948853,10.929999755695462,0.0213767045979221,0.6925285514126546,0.7139052560105766,0.8491757037182495,0.005590079799583065,5.0
2026-10-05 02:00:00,0.004597099,0.1067669759449173,0.6399999856948853,10.929999755695462,0.0213767045979221,0.6925285514126546,0.7139052560105766,0.825269330987747,0.005590079799583065,5.0
2026-10-05 02:10:00,0.004597099,0.08276656904299932,0.6399999856948853,10.929999755695462,0.0213767045979221,0.6925285514126546,0.7139052560105766,0.801268924085829,0.005590079799583065,5.0
2026-10-05 02:20:00,0.004597099,0.058883335763925564,0.6399999856948853,10.929999755695462,0.0213767045979221,0.6925285514126546,0.7139052560105766,0.7773856908067552,0.005590079799583065,5.0
2026-10-05 02:30:00,0.004597099,0.035319419434680435,0.6399999856948853,10.929999755695462,0.0213767045979221,0.6925285514126546,0.7139052560105766,0.7538217744775101,0.005590079799583065,5.0
2026-10-05 02:40:00,0.004597099,0.012265430619784346,0.6399999856948853,10.929999755695462,0.0213767045979221,0.6925285514126546,0.7139052560105766,0.730767785662614,0.005590079799583065,5.0
2026-10-05 02:50:00,0.004597099,-0.010101708146897481,0.6399999856948853,10.929999755695462,0.0213767045979221,0.6925285514126546,0.7139052560105766,0.7084006468959322,0.005590079799583065,5.0
2026-10-05 03:00:00,0.004597099,-0.031620517394617194,0.6199999861419201,10.859999757260084,0.020905293869209397,0.6772565347376649,0.6981618286068743,0.67113841024451,0.005590079799583065,5.0
2026-10-05 03:10:00,0.004597099,-0.052146239387313616,0.6199999861419201,10.859999757260084,0.020905293869209397,0.6772565347376649,0.6981618286068743,0.6506126882518136,0.005590079799583065,5.0
2026-10-05 03:20:00,0.004597099,-0.07155158404183291,0.6199999861419201,10.859999757260084,0.020905293869209397,0.6772565347376649,0.6981618286068743,0.6312073435972944,0.005590079799583065,5.0
2026-10-05 03:30:00,0.004597099,-0.0897269125642055,0.6199999861419201,10.859999757260084,0.020905293869209397,0.6772565347376649,0.6981618286068743,0.6130320150749218,0.005590079799583065,5.0
2026-10-05 03:40:00,0.004597099,-0.1065798617738149,0.6199999861419201,10.859999757260084,0.020905293869209397,0.6772565347376649,0.6981618286068743,0.5961790658653123,0.005590079799583065,5.0
2026-10-05 03:50:00,0.004597099,-0.1220344470881818,0.6199999861419201,10.859999757260084,0.020905293869209397,0.6772565347376649,0.6981618286068743,0.5807244805509455,0.005590079799583065,5.0
2026-10-05 04:00:00,0.004597099,-0.13602971676769945,0.6199999861419201,10.859999757260084,0.020905293869209397,0.6772565347376649,0.6981618286068743,0.5667292108714278,0.005590079799583065,5.0
2026-10-05 04:10:00,0.004597099,-0.14851806070949075,0.6199999861419201,10.859999757260084,0.020905293869209397,0.6772565347376649,0.6981618286068743,0.5542408669296366,0.005590079799583065,5.0
2026-10-05 04:20:00,0.004597099,-0.1594633008708628,0.6199999861419201,10.859999757260084,0.020905293869209397,0.6772565347376649,0.6981618286068743,0.5432956267682645,0.005590079799583065,5.0
2026-10-05 04:30:00,0.004597099,-0.16883870458965153,0.6199999861419201,10.859999757260084,0.020905293869209397,0.6772565347376649,0.6981618286068743,0.5339202230494757,0.005590079799583065,5.0
2026-10-05 04:40:00,0.004597099,-0.17662506507905446,0.6199999861419201,10.859999757260084,0.020905293869209397,0.6772565347376649,0.6981618286068743,0.5261338625600729,0.005590079799583065,5.0
2026-10-05 04:50:00,0.004597099,-0.1828089845396855,0.6199999861419201,10.859999757260084,0.020905293869209397,0.6772565347376649,0.6981618286068743,0.5199499430994418,0.005590079799583065,5.0
2026-10-05 05:00:00,0.004597099,-0.1873814751736048,0.6199999861419201,10.859999757260084,0.020905293869209397,0.6772565347376649,0.6981618286068743,0.5153774524655225,0.005590079799583065,5.0
2026-10-05 05:10:00,0.004597099,-0.19033696366685285,0.6199999861419201,10.859999757260084,0.020905293869209397,0.6772565347376649,0.6981618286068743,0.5124219639722745,0.005590079799583065,5.0
2026-10-05 05:20:00,0.004597099,-0.19167274803583578,0.6199999861419201,10.859999757260084,0.020905293869209397,0.6772565347376649,0.6981618286068743,0.5110861796032915,0.005590079799583065,5.0
2026-10-05 05:30:00,0.004597099,-0.19138891557379395,0.6199999861419201,10.859999757260084,0.020905293869209397,0.6772565347376649,0.6981618286068743,0.5113700120653333,0.005590079799583065,5.0
2026-10-05 05:40:00,0.004597099,-0.18948869071773092,0.6199999861419201,10.859999757260084,0.020905293869209397,0.6772565347376649,0.6981618286068743,0.5132702369213964,0.005590079799583065,5.0
2026-10-05 05:50:00,0.004597099,-0.1859791458282587,0.6199999861419201,10.859999757260084,0.020905293869209397,0.6772565347376649,0.6981618286068743,0.5167797818108686,0.005590079799583065,5.0
2026-10-05 06:00:00,0.004597099,-0.18087217941605235,0.6099999863654375,10.769999759271741,0.02056417200023212,0.666205409776104,0.6867695817763361,0.5104945013925367,0.005590079799583065,5.0
2026-10-05 06:10:00,0.004597099,-0.17418564800634406,0.6099999863654375,10.769999759271741,0.02056417200023212,0.666205409776104,0.6867695817763361,0.517181032802245,0.005590079799583065,5.0
2026-10-05 06:20:00,0.004597099,-0.16594453102309603,0.6099999863654375,10.769999759271741,0.02056417200023212,0.666205409776104,0.6867695817763361,0.5254221497854931,0.005590079799583065,5.0
2026-10-05 06:30:00,0.004597099,-0.1561820133871417,0.6099999863654375,10.769999759271741,0.02056417200023212,0.666205409776104,0.6867695817763361,0.5351846674214474,0.005590079799583065,5.0
2026-10-05 06:40:00,0.004597099,-0.14494038687050062,0.6099999863654375,10.769999759271741,0.02056417200023212,0.666205409776104,0.6867695817763361,0.5464262939380885,0.005590079799583065,5.0
2026-10-05 06:50:00,0.004597099,-0.1322716968509923,0.6099999863654375,10.769999759271741,0.02056417200023212,0.666205409776104,0.6867695817763361,0.5590949839575968,0.005590079799583065,5.0
2026-10-05 07:00:00,0.004597099,-0.11823809284831555,0.6099999863654375,10.769999759271741,0.02056417200023212,0.666205409776104,0.6867695817763361,0.5731285879602736,0.005590079799583065,5.0
2026-10-05 07:10:00,0.004597099,-0.10291187563931471,0.6099999863654375,10.769999759271741,0.02056417200023212,0.666205409776104,0.6867695817763361,0.5884548051692744,0.005590079799583065,5.0
2026-10-05 07:20:00,0.004597099,-0.08637526704746443,0.6099999863654375,10.769999759271741,0.02056417200023212,0.666205409776104,0.6867695817763361,0.6049914137611246,0.005590079799583065,5.0
2026-10-05 07:30:00,0.004597099,-0.06871995694195326,0.6099999863654375,10.769999759271741,0.02056417200023212,0.666205409776104,0.6867695817763361,0.6226467238666358,0.005590079799583065,5.0
2026-10-05 07:40:00,0.004597099,-0.05004650273885141,0.6099999863654375,10.769999759271741,0.02056417200023212,0.666205409776104,0.6867695817763361,0.6413201780697377,0.005590079799583065,5.0
2026-10-05 07:50:00,0.004597099,-0.03046366723786049,0.6099999863654375,10.769999759271741,0.02056417200023212,0.666205409776104,0.6867695817763361,0.6609030135707286,0.005590079799583065,5.0
2026-10-05 08:00:00,0.004597099,-0.010087780308591669,0.6099999863654375,10.769999759271741,0.02056417200023212,0.666205409776104,0.6867695817763361,0.6812789004999974,0.005590079799583065,5.0
2026-10-05 08:10:00,0.004597099,0.01095780152929481,0.6099999863654375,10.769999759271741,0.02056417200023212,0.666205409776104,0.6867695817763361,0.7023244823378839,0.005590079799583065,5.0
2026-10-05 08:20:00,0.004597099,0.032543084448756046,0.6099999863654375,10.769999759271741,0.02056417200023212,0.666205409776104,0.6867695817763361,0.7239097652573452,0.005590079799583065,5.0
2026-10-05 08:30:00,0.004597099,0.0545316504865007,0.6099999863654375,10.769999759271741,0.02056417200023212,0.666205409776104,0.6867695817763361,0.7458983312950898,0.005590079799583065,5.0
2026-10-05 08:40:00,0.004597099,0.07678070156006041,0.6099999863654375,10.769999759271741,0.02056417200023212,0.666205409776104,0.6867695817763361,0.7681473823686495,0.005590079799583065,5.0
2026-10-05 08:50:00,0.004597099,0.09914097363413199,0.6099999863654375,10.769999759271741,0.02056417200023212,0.666205409776104,0.6867695817763361,0.7905076544427211,0.005590079799583065,5.0
2026-10-05 09:00:00,0.004597099,0.12145658947434347,0.5899999868124723,10.669999761506915,0.02003646177135172,0.6491094912401989,0.6691459530115507,0.7951996415181471,0.005590079799583065,5.0
2026-10-05 09:10:00,0.004597099,0.1435649407502462,0.5899999868124723,10.669999761506915,0.02003646177135172,0.6491094912401989,0.6691459530115507,0.8173079927940499,0.005590079799583065,5.0
2026-10-05 09:20:00,0.004597099,0.16529670336746144,0.5899999868124723,10.669999761506915,0.02003646177135172,0.6491094912401989,0.6691459530115507,0.8390397554112652,0.005590079799583065,5.0
2026-10-05 09:30:00,0.004597099,0.18647609212796554,0.5899999868124723,10.669999761506915,0.02003646177135172,0.6491094912401989,0.6691459530115507,0.8602191441717693,0.005590079799583065,5.0
2026-10-05 09:40:00,0.004597099,0.20692145168566098,0.5899999868124723,10.669999761506915,0.02003646177135172,0.6491094912401989,0.6691459530115507,0.8806645037294647,0.005590079799583065,5.0
2026-10-05 09:50:00,0.004597099,0.22644626088475328,0.5899999868124723,10.669999761506915,0.02003646177135172,0.6491094912401989,0.6691459530115507,0.900189312928557,0.005590079799583065,5.0
2026-10-05 10:00:00,0.004597099,0.2448605989922944,0.5899999868124723,10.669999761506915,0.02003646177135172,0.6491094912401989,0.6691459530115507,0.9186036510360981,0.005590079799583065,5.0
2026-10-05 10:10:00,0.004597099,0.2619730876291013,0.5899999868124723,10.669999761506915,0.02003646177135172,0.6491094912401989,0.6691459530115507,0.935716139672905,0.005590079799583065,5.0
2026-10-05 10:20:00,0.004597099,0.27759328469201683,0.5899999868124723,10.669999761506915,0.02003646177135172,0.6491094912401989,0.6691459530115507,0.9513363367358205,0.005590079799583065,5.0
2026-10-05 10:30:00,0.004597099,0.29153447000543575,0.5899999868124723,10.669999761506915,0.02003646177135172,0.6491094912401989,0.6691459530115507,0.9652775220492394,0.005590079799583065,5.0
2026-10-05 10:40:00,0.004597099,0.3036167300728971,0.5899999868124723,10.669999761506915,0.02003646177135172,0.6491094912401989,0.6691459530115507,0.9773597821167008,0.005590079799583065,5.0
2026-10-05 10:50:00,0.004597099,0.3136702242316977,0.5899999868124723,10.669999761506915,0.02003646177135172,0.6491094912401989,0.6691459530115507,0.9874132762755015,0.005590079799583065,5.0
2026-10-05 11:00:00,0.004597099,0.3215384988484098,0.5899999868124723,10.669999761506915,0.02003646177135172,0.6491094912401989,0.6691459530115507,0.9952815508922135,0.005590079799583065,5.0
2026-10-05 11:10:00,0.004597099,0.32708171108049755,0.5899999868124723,10.669999761506915,0.02003646177135172,0.6491094912401989,0.6691459530115507,1.0008247631243012,0.005590079799583065,5.0
2026-10-05 11:20:00,0.004597099,0.33017962925464367,0.5899999868124723,10.669999761506915,0.02003646177135172,0.6491094912401989,0.6691459530115507,1.0039226812984474,0.005590079799583065,5.0
2026-10-05 11:30:00,0.004597099,0.33073429208102395,0.5899999868124723,10.669999761506915,0.02003646177135172,0.6491094912401989,0.6691459530115507,1.0044773441248276,0.005590079799583065,5.0
2026-10-05 11:40:00,0.004597099,0.32867223178485794,0.5899999868124723,10.669999761506915,0.02003646177135172,0.6491094912401989,0.6691459530115507,1.0024152838286615,0.005590079799583065,5.0
2026-10-05 11:50:00,0.004597099,0.3239461942270863,0.5899999868124723,10.669999761506915,0.02003646177135172,0.6491094912401989,0.6691459530115507,0.99768924627089,0.005590079799583065,5.0
2026-10-05 12:00:00,0.004597099,0.31653631918579944,0.5999999865889549,10.539999764412642,0.019959370638928043,0.6466120150731137,0.6665713857120418,0.9877048039300942,0.005590079799583065,5.0
2026-10-05 12:10:00,0.004597099,0.30645077323628217,0.5999999865889549,10.539999764412642,0.019959370638928043,0.6466120150731137,0.6665713857120418,0.9776192579805769,0.005590079799583065,5.0
2026-10-05 12:20:00,0.004597099,0.29372585335394547,0.5999999865889549,10.539999764412642,0.019959370638928043,0.6466120150731137,0.6665713857120418,0.9648943380982402,0.005590079799583065,5.0
2026-10-05 12:30:00,0.004597099,0.27842559944885925,0.5999999865889549,10.539999764412642,0.019959370638928043,0.6466120150731137,0.6665713857120418,0.949594084193154,0.005590079799583065,5.0
2026-10-05 12:40:00,0.004597099,0.26064096713862145,0.5999999865889549,10.539999764412642,0.019959370638928043,0.6466120150731137,0.6665713857120418,0.9318094518829163,0.005590079799583065,5.0
2026-10-05 12:50:00,0.004597099,0.24048861795184198,0.5999999865889549,10.539999764412642,0.019959370638928043,0.6466120150731137,0.6665713857120418,0.9116571026961368,0.005590079799583065,5.0
2026-10-05 13:00:00,0.004597099,0.2181093833062275,0.5999999865889549,10.539999764412642,0.019959370638928043,0.6466120150731137,0.6665713857120418,0.8892778680505223,0.005590079799583065,5.0
2026-10-05 13:10:00,0.004597099,0.19366645233300894,0.5999999865889549,10.539999764412642,0.019959370638928043,0.6466120150731137,0.6665713857120418,0.8648349370773037,0.005590079799583065,5.0
2026-10-05 13:20:00,0.004597099,0.16734332412607014,0.5999999865889549,10.539999764412642,0.019959370638928043,0.6466120150731137,0.6665713857120418,0.8385118088703649,0.005590079799583065,5.0
2026-10-05 13:30:00,0.004597099,0.13934155423881175,0.5999999865889549,10.539999764412642,0.019959370638928043,0.6466120150731137,0.6665713857120418,0.8105100389831066,0.005590079799583065,5.0
2026-10-05 13:40:00,0.004597099,0.10987831587604191,0.5999999865889549,10.539999764412642,0.019959370638928043,0.6466120150731137,0.6665713857120418,0.7810468006203367,0.005590079799583065,5.0
2026-10-05 13:50:00,0.004597099,0.07918379006720996,0.5999999865889549,10.539999764412642,0.019959370638928043,0.6466120150731137,0.6665713857120418,0.7503522748115048,0.005590079799583065,5.0
2026-10-05 14:00:00,0.004597099,0.04749839755547712,0.5999999865889549,10.539999764412642,0.019959370638928043,0.6466120150731137,0.6665713857120418,0.7186668822997719,0.005590079799583065,5.0
2026-10-05 14:10:00,0.004597099,0.015069889202569334,0.5999999865889549,10.539999764412642,0.019959370638928043,0.6466120150731137,0.6665713857120418,0.6862383739468642,0.005590079799583065,5.0
2026-10-05 14:20:00,0.004597099,-0.017849679257831638,0.5999999865889549,10.539999764412642,0.019959370638928043,0.6466120150731137,0.6665713857120418,0.6533188054864631,0.005590079799583065,5.0
2026-10-05 14:30:00,0.004597099,-0.0510070487477636,0.5999999865889549,10.539999764412642,0.019959370638928043,0.6466120150731137,0.6665713857120418,0.6201614359965312,0.005590079799583065,5.0
2026-10-05 14:40:00,0.004597099,-0.08415087955117073,0.5999999865889549,10.539999764412642,0.019959370638928043,0.6466120150731137,0.6665713857120418,0.5870176051931241,0.005590079799583065,5.0
2026-10-05 14:50:00,0.004597099,-0.11703482397578997,0.5999999865889549,10.539999764412642,0.019959370638928043,0.6466120150731137,0.6665713857120418,0.5541336607685048,0.005590079799583065,5.0
2026-10-05 15:00:00,0.004597099,-0.1494204640269596,0.7199999839067459,10.539999764412642,0.02186439506509438,0.7083279732188298,0.7301923682839242,0.5853690032892176,0.005590079799583065,5.0
2026-10-05 15:10:00,0.004597099,-0.18108002036500087,0.7199999839067459,10.539999764412642,0.02186439506509438,0.7083279732188298,0.7301923682839242,0.5537094469511763,0.005590079799583065,5.0
2026-10-05 15:20:00,0.004597099,-0.21179873652556527,0.7199999839067459,10.539999764412642,0.02186439506509438,0.7083279732188298,0.7301923682839242,0.522990730790612,0.005590079799583065,5.0
2026-10-05 15:30:00,0.004597099,-0.2413768487403031,0.7199999839067459,10.539999764412642,0.02186439506509438,0.7083279732188298,0.7301923682839242,0.49341261857587415,0.005590079799583065,5.0
2026-10-05 15:40:00,0.004597099,-0.2696310663460008,0.7199999839067459,10.539999764412642,0.02186439506509438,0.7083279732188298,0.7301923682839242,0.4651584009701764,0.005590079799583065,5.0
2026-10-05 15:50:00,0.004597099,-0.29639551095430783,0.7199999839067459,10.539999764412642,0.02186439506509438,0.7083279732188298,0.7301923682839242,0.4383939563618694,0.005590079799583065,5.0
2026-10-05 16:00:00,0.004597099,-0.3215220921994528,0.7199999839067459,10.539999764412642,0.02186439506509438,0.7083279732188298,0.7301923682839242,0.4132673751167244,0.005590079799583065,5.0
2026-10-05 16:10:00,0.004597099,-0.34488033211233243,0.7199999839067459,10.539999764412642,0.02186439506509438,0.7083279732188298,0.7301923682839242,0.3899091352038448,0.005590079799583065,5.0
2026-10-05 16:20:00,0.004597099,-0.36635668558874906,0.7199999839067459,10.539999764412642,0.02186439506509438,0.7083279732188298,0.7301923682839242,0.36843278172742816,0.005590079799583065,5.0
2026-10-05 16:30:00,0.004597099,-0.38585343807066436,0.7199999839067459,10.539999764412642,0.02186439506509438,0.7083279732188298,0.7301923682839242,0.34893602924551287,0.005590079799583065,5.0
2026-10-05 16:40:00,0.004597099,-0.40328728984598644,0.7199999839067459,10.539999764412642,0.02186439506509438,0.7083279732188298,0.7301923682839242,0.3315021774701908,0.005590079799583065,5.0
2026-10-05 16:50:00,0.004597099,-0.4185877565749138,0.7199999839067459,10.539999764412642,0.02186439506509438,0.7083279732188298,0.7301923682839242,0.3162017107412634,0.005590079799583065,5.0
2026-10-05 17:00:00,0.004597099,-0.4316955255259877,0.7199999839067459,10.539999764412642,0.02186439506509438,0.7083279732188298,0.7301923682839242,0.3030939417901895,0.005590079799583065,5.0
2026-10-05 17:10:00,0.004597099,-0.442560905241126,0.7199999839067459,10.539999764412642,0.02186439506509438,0.7083279732188298,0.7301923682839242,0.2922285620750512,0.005590079799583065,5.0
2026-10-05 17:20:00,0.004597099,-0.4511424930144801,0.7199999839067459,10.539999764412642,0.02186439506509438,0.7083279732188298,0.7301923682839242,0.2836469743016971,0.005590079799583065,5.0
2026-10-05 17:30:00,0.004597099,-0.4574061605804738,0.7199999839067459,10.539999764412642,0.02186439506509438,0.7083279732188298,0.7301923682839242,0.27738330673570344,0.005590079799583065,5.0
2026-10-05 17:40:00,0.004597099,-0.4613244260521692,0.7199999839067459,10.539999764412642,0.02186439506509438,0.7083279732188298,0.7301923682839242,0.273465041264008,0.005590079799583065,5.0
2026-10-05 17:50:00,0.004597099,-0.4628762423802515,0.7199999839067459,10.539999764412642,0.02186439506509438,0.7083279732188298,0.7301923682839242,0.27191322493592573,0.005590079799583065,5.0
2026-10-05 18:00:00,0.004597099,-0.46204719307509706,0.7399999834597111,10.399999767541885,0.021871562297845846,0.7085601658513412,0.730431728149187,0.27298163410634296,0.005590079799583065,5.0
2026-10-05 18:10:00,0.004597099,-0.4588300484218427,0.7399999834597111,10.399999767541885,0.021871562297845846,0.7085601658513412,0.730431728149187,0.2761987787595973,0.005590079799583065,5.0
2026-10-05 18:20:00,0.004597099,-0.45322560356587893,0.7399999834597111,10.399999767541885,0.021871562297845846,0.7085601658513412,0.730431728149187,0.2818032236155611,0.005590079799583065,5.0
2026-10-05 18:30:00,0.004597099,-0.44524369662304486,0.7399999834597111,10.399999767541885,0.021871562297845846,0.7085601658513412,0.730431728149187,0.28978513055839517,0.005590079799583065,5.0
2026-10-05 18:40:00,0.004597099,-0.4349042926217,0.7399999834597111,10.399999767541885,0.021871562297845846,0.7085601658513412,0.730431728149187,0.30012453455974003,0.005590079799583065,5.0
2026-10-05 18:50:00,0.004597099,-0.42223851846382965,0.7399999834597111,10.399999767541885,0.021871562297845846,0.7085601658513412,0.730431728149187,0.3127903087176104,0.005590079799583065,5.0
2026-10-05 19:00:00,0.004597099,-0.4072895451836316,0.7399999834597111,10.399999767541885,0.021871562297845846,0.7085601658513412,0.730431728149187,0.32773928199780844,0.005590079799583065,5.0
2026-10-05 19:10:00,0.004597099,-0.3901132349154115,0.7399999834597111,10.399999767541885,0.021871562297845846,0.7085601658513412,0.730431728149187,0.3449155922660285,0.005590079799583065,5.0
2026-10-05 19:20:00,0.004597099,-0.3707784989407755,0.7399999834597111,10.399999767541885,0.021871562297845846,0.7085601658513412,0.730431728149187,0.3642503282406645,0.005590079799583065,5.0
2026-10-05 19:30:00,0.004597099,-0.34936734641566985,0.7399999834597111,10.399999767541885,0.021871562297845846,0.7085601658513412,0.730431728149187,0.38566148076577017,0.005590079799583065,5.0
2026-10-05 19:40:00,0.004597099,-0.32597463740953125,0.7399999834597111,10.399999767541885,0.021871562297845846,0.7085601658513412,0.730431728149187,0.40905418977190877,0.005590079799583065,5.0
2026-10-05 19:50:00,0.004597099,-0.3007075848476664,0.7399999834597111,10.399999767541885,0.021871562297845846,0.7085601658513412,0.730431728149187,0.4343212423337736,0.005590079799583065,5.0
2026-10-05 20:00:00,0.004597099,-0.2736850743831909,0.7399999834597111,10.399999767541885,0.021871562297845846,0.7085601658513412,0.730431728149187,0.46134375279824913,0.005590079799583065,5.0
2026-10-05 20:10:00,0.004597099,-0.2450368867241409,0.7399999834597111,10.399999767541885,0.021871562297845846,0.7085601658513412,0.730431728149187,0.4899919404572991,0.005590079799583065,5.0
2026-10-05 20:20:00,0.004597099,-0.21490291150072133,0.7399999834597111,10.399999767541885,0.021871562297845846,0.7085601658513412,0.730431728149187,0.5201259156807188,0.005590079799583065,5.0
2026-10-05 20:30:00,0.004597099,-0.18343243526731282,0.7399999834597111,10.399999767541885,0.021871562297845846,0.7085601658513412,0.730431728149187,0.5515963919141272,0.005590079799583065,5.0
2026-10-05 20:40:00,0.004597099,-0.15078356918281322,0.7399999834597111,10.399999767541885,0.021871562297845846,0.7085601658513412,0.730431728149187,0.5842452579986268,0.005590079799583065,5.0
2026-10-05 20:50:00,0.004597099,-0.11712285642536659,0.7399999834597111,10.399999767541885,0.021871562297845846,0.7085601658513412,0.730431728149187,0.6179059707560735,0.005590079799583065,5.0
2026-10-05 21:00:00,0.004597099,-0.08262506811808278,0.6899999845772982,10.25999977067113,0.0208354321684887,0.6749932662260145,0.6958286983945032,0.6178007293086735,0.005590079799583065,5.0
2026-10-05 21:10:00,0.004597099,-0.04747316317113778,0.6899999845772982,10.25999977067113,0.0208354321684887,0.6749932662260145,0.6958286983945032,0.6529526342556184,0.005590079799583065,5.0
2026-10-05 21:20:00,0.004597099,-0.011858355549142037,0.6899999845772982,10.25999977067113,0.0208354321684887,0.6749932662260145,0.6958286983945032,0.6885674418776142,0.005590079799583065,5.0
2026-10-05 21:30:00,0.004597099,0.024019794403680954,0.6899999845772982,10.25999977067113,0.0208354321684887,0.6749932662260145,0.6958286983945032,0.7244455918304372,0.005590079799583065,5.0
2026-10-05 21:40:00,0.004597099,0.05995336650914156,0.6899999845772982,10.25999977067113,0.0208354321684887,0.6749932662260145,0.6958286983945032,0.7603791639358979,0.005590079799583065,5.0
2026-10-05 21:50:00,0.004597099,0.09572625556577666,0.6899999845772982,10.25999977067113,0.0208354321684887,0.6749932662260145,0.6958286983945032,0.7961520529925329,0.005590079799583065,5.0
2026-10-05 22:00:00,0.004597099,0.13111464163777867,0.6899999845772982,10.25999977067113,0.0208354321684887,0.6749932662260145,0.6958286983945032,0.8315404390645349,0.005590079799583065,5.0
2026-10-05 22:10:00,0.004597099,0.16588784872634182,0.6899999845772982,10.25999977067113,0.0208354321684887,0.6749932662260145,0.6958286983945032,0.866313646153098,0.005590079799583065,5.0
2026-10-05 22:20:00,0.004597099,0.19980966017677004,0.6899999845772982,10.25999977067113,0.0208354321684887,0.6749932662260145,0.6958286983945032,0.9002354576035263,0.005590079799583065,5.0
2026-10-05 22:30:00,0.004597099,0.23264012701190454,0.6899999845772982,10.25999977067113,0.0208354321684887,0.6749932662260145,0.6958286983945032,0.9330659244386608,0.005590079799583065,5.0
2026-10-05 22:40:00,0.004597099,0.2641378684143793,0.6899999845772982,10.25999977067113,0.0208354321684887,0.6749932662260145,0.6958286983945032,0.9645636658411356,0.005590079799583065,5.0
2026-10-05 22:50:00,0.004597099,0.29406282548032514,0.6899999845772982,10.25999977067113,0.0208354321684887,0.6749932662260145,0.6958286983945032,0.9944886229070814,0.005590079799583065,5.0
2026-10-05 23:00:00,0.004597099,0.3221793937100111,0.6899999845772982,10.25999977067113,0.0208354321684887,0.6749932662260145,0.6958286983945032,1.0226051911367673,0.005590079799583065,5.0
2026-10-05 23:10:00,0.004597099,0.34825982963221647,0.6899999845772982,10.25999977067113,0.0208354321684887,0.6749932662260145,0.6958286983945032,1.0486856270589726,0.005590079799583065,5.0
2026-10-05 23:20:00,0.004597099,0.37208780533663427,0.6899999845772982,10.25999977067113,0.0208354321684887,0.6749932662260145,0.6958286983945032,1.0725136027633906,0.005590079799583065,5.0
2026-10-05 23:30:00,0.004597099,0.39346197296915025,0.6899999845772982,10.25999977067113,0.0208354321684887,0.6749932662260145,0.6958286983945032,1.0938877703959065,0.005590079799583065,5.0
2026-10-05 23:40:00,0.004597099,0.4121994003758288,0.6899999845772982,10.25999977067113,0.0208354321684887,0.6749932662260145,0.6958286983945032,1.112625197802585,0.005590079799583065,5.0
2026-10-05 23:50:00,0.004597099,0.4281387484021801,0.6899999845772982,10.25999977067113,0.0208354321684887,0.6749932662260145,0.6958286983945032,1.1285645458289364,0.005590079799583065,5.0
2026-10-06 00:00:00,-0.0014611817,0.44114307858721974,0.6499999854713678,10.159999772906303,0.02002539047508345,0.6487508209534948,0.6687762114285782,1.1084581083425766,0.005590079799583065,5.0
2026-10-06 00:10:00,-0.0014611817,0.4511022047994818,0.6499999854713678,10.159999772906303,0.02002539047508345,0.6487508209534948,0.6687762114285782,1.1184172345548387,0.005590079799583065,5.0
2026-10-06 00:20:00,-0.0014611817,0.4579345309954006,0.6499999854713678,10.159999772906303,0.02002539047508345,0.6487508209534948,0.6687762114285782,1.1252495607507575,0.005590079799583065,5.0
2026-10-06 00:30:00,-0.0014611817,0.4615883466844791,0.6499999854713678,10.159999772906303,0.02002539047508345,0.6487508209534948,0.6687762114285782,1.128903376439836,0.005590079799583065,5.0
2026-10-06 00:40:00,-0.0014611817,0.4620425790840308,0.6499999854713678,10.159999772906303,0.02002539047508345,0.6487508209534948,0.6687762114285782,1.1293576088393877,0.005590079799583065,5.0
2026-10-06 00:50:00,-0.0014611817,0.45930702374385496,0.6499999854713678,10.159999772906303,0.02002539047508345,0.6487508209534948,0.6687762114285782,1.126622053499212,0.005590079799583065,5.0
2026-10-06 01:00:00,-0.0014611817,0.45342209221126667,0.6499999854713678,10.159999772906303,0.02002539047508345,0.6487508209534948,0.6687762114285782,1.1207371219666236,0.005590079799583065,5.0
2026-10-06 01:10:00,-0.0014611817,0.444458124802022,0.6499999854713678,10.159999772906303,0.02002539047508345,0.6487508209534948,0.6687762114285782,1.111773154557379,0.005590079799583065,5.0
2026-10-06 01:20:00,-0.0014611817,0.4325143193708671,0.6499999854713678,10.159999772906303,0.02002539047508345,0.6487508209534948,0.6687762114285782,1.099829349126224,0.005590079799583065,5.0
2026-10-06 01:30:00,-0.0014611817,0.41771732358432034,0.6499999854713678,10.159999772906303,0.02002539047508345,0.6487508209534948,0.6687762114285782,1.0850323533396773,0.005590079799583065,5.0
2026-10-06 01:40:00,-0.0014611817,0.40021953066433424,0.6499999854713678,10.159999772906303,0.02002539047508345,0.6487508209534948,0.6687762114285782,1.0675345604196913,0.005590079799583065,5.0
2026-10-06 01:50:00,-0.0014611817,0.3801971088686252,0.6499999854713678,10.159999772906303,0.02002539047508345,0.6487508209534948,0.6687762114285782,1.047512138623982,0.005590079799583065,5.0
2026-10-06 02:00:00,-0.0014611817,0.35784778531246014,0.6499999854713678,10.159999772906303,0.02002539047508345,0.6487508209534948,0.6687762114285782,1.0251628150678171,0.005590079799583065,5.0
2026-10-06 02:10:00,-0.0014611817,0.3333883977729712,0.6499999854713678,10.159999772906303,0.02002539047508345,0.6487508209534948,0.6687762114285782,1.0007034275283282,0.005590079799583065,5.0
2026-10-06 02:20:00,-0.0014611817,0.3070522248231095,0.6499999854713678,10.159999772906303,0.02002539047508345,0.6487508209534948,0.6687762114285782,0.9743672545784665,0.005590079799583065,5.0
2026-10-06 02:30:00,-0.0014611817,0.2790861071277995,0.6499999854713678,10.159999772906303,0.02002539047508345,0.6487508209534948,0.6687762114285782,0.9464011368831564,0.005590079799583065,5.0
2026-10-06 02:40:00,-0.0014611817,0.249747380104687,0.6499999854713678,10.159999772906303,0.02002539047508345,0.6487508209534948,0.6687762114285782,0.917062409860044,0.005590079799583065,5.0
2026-10-06 02:50:00,-0.0014611817,0.21930065095111512,0.6499999854713678,10.159999772906303,0.02002539047508345,0.6487508209534948,0.6687762114285782,0.886615680706472,0.005590079799583065,5.0
2026-10-06 03:00:00,-0.0014611817,0.18801446885404588,0.6199999861419201,10.06999977491796,0.019384558863990663,0.6279901753967113,0.647374734260702,0.8339280214415266,0.005590079799583065,5.0
2026-10-06 03:10:00,-0.0014611817,0.15615795467207863,0.6199999861419201,10.06999977491796,0.019384558863990663,0.6279901753967113,0.647374734260702,0.8020715072595593,0.005590079799583065,5.0
2026-10-06 03:20:00,-0.0014611817,0.12399747267660109,0.6199999861419201,10.06999977491796,0.019384558863990663,0.6279901753967113,0.647374734260702,0.7699110252640818,0.005590079799583065,5.0
2026-10-06 03:30:00,-0.0014611817,0.09179343952800904,0.6199999861419201,10.06999977491796,0.019384558863990663,0.6279901753967113,0.647374734260702,0.7377069921154897,0.005590079799583065,5.0
2026-10-06 03:40:00,-0.0014611817,0.059797372511337835,0.6199999861419201,10.06999977491796,0.019384558863990663,0.6279901753967113,0.647374734260702,0.7057109250988186,0.005590079799583065,5.0
2026-10-06 03:50:00,-0.0014611817,0.028249277840092894,0.6199999861419201,10.06999977491796,0.019384558863990663,0.6279901753967113,0.647374734260702,0.6741628304275736,0.005590079799583065,5.0
2026-10-06 04:00:00,-0.0014611817,-0.0026245296732875663,0.6199999861419201,10.06999977491796,0.019384558863990663,0.6279901753967113,0.647374734260702,0.6432890229141932,0.005590079799583065,5.0
2026-10-06 04:10:00,-0.0014611817,-0.03261310306544766,0.6199999861419201,10.06999977491796,0.019384558863990663,0.6279901753967113,0.647374734260702,0.6133004495220331,0.005590079799583065,5.0
2026-10-06 04:20:00,-0.0014611817,-0.06152198937161618,0.6199999861419201,10.06999977491796,0.019384558863990663,0.6279901753967113,0.647374734260702,0.5843915632158645,0.005590079799583065,5.0
2026-10-06 04:30:00,-0.0014611817,-0.08917379140848093,0.6199999861419201,10.06999977491796,0.019384558863990663,0.6279901753967113,0.647374734260702,0.5567397611789998,0.005590079799583065,5.0
2026-10-06 04:40:00,-0.0014611817,-0.11540818643804038,0.6199999861419201,10.06999977491796,0.019384558863990663,0.6279901753967113,0.647374734260702,0.5305053661494403,0.005590079799583065,5.0
2026-10-06 04:50:00,-0.0014611817,-0.14008145838557448,0.6199999861419201,10.06999977491796,0.019384558863990663,0.6279901753967113,0.647374734260702,0.5058320942019062,0.005590079799583065,5.0
2026-10-06 05:00:00,-0.0014611817,-0.1630656323075839,0.6199999861419201,10.06999977491796,0.019384558863990663,0.6279901753967113,0.647374734260702,0.48284792027989687,0.005590079799583065,5.0
2026-10-06 05:10:00,-0.0014611817,-0.18424732526774798,0.6199999861419201,10.06999977491796,0.019384558863990663,0.6279901753967113,0.647374734260702,0.4616662273197327,0.005590079799583065,5.0
2026-10-06 05:20:00,-0.0014611817,-0.20352644414648158,0.6199999861419201,10.06999977491796,0.019384558863990663,0.6279901753967113,0.647374734260702,0.44238710844099915,0.005590079799583065,5.0
2026-10-06 05:30:00,-0.0014611817,-0.22081486619307078,0.6199999861419201,10.06999977491796,0.019384558863990663,0.6279901753967113,0.647374734260702,0.42509868639440995,0.005590079799583065,5.0
2026-10-06 05:40:00,-0.0014611817,-0.23603523190132275,0.6199999861419201,10.06999977491796,0.019384558863990663,0.6279901753967113,0.647374734260702,0.409878320686158,0.005590079799583065,5.0
2026-10-06 05:50:00,-0.0014611817,-0.24911996217442306,0.6199999861419201,10.06999977491796,0.019384558863990663,0.6279901753967113,0.647374734260702,0.3967935904130577,0.005590079799583065,5.0
2026-10-06 06:00:00,-0.0014611817,-0.2600105845855696,0.6199999861419201,9.9899997767061,0.019230560382449528,0.6230011769824376,0.6422317373648871,0.3807599711060963,0.005590079799583065,5.0
2026-10-06 06:10:00,-0.0014611817,-0.268657419252557,0.6199999861419201,9.9899997767061,0.019230560382449528,0.6230011769824376,0.6422317373648871,0.37211313643910887,0.005590079799583065,5.0
2026-10-06 06:20:00,-0.0014611817,-0.27501963684007436,0.6199999861419201,9.9899997767061,0.019230560382449528,0.6230011769824376,0.6422317373648871,0.3657509188515915,0.005590079799583065,5.0
2026-10-06 06:30:00,-0.0014611817,-0.2790656631426711,0.6199999861419201,9.9899997767061,0.019230560382449528,0.6230011769824376,0.6422317373648871,0.36170489254899474,0.005590079799583065,5.0
2026-10-06 06:40:00,-0.0014611817,-0.28077387039473084,0.6199999861419201,9.9899997767061,0.019230560382449528,0.6230011769824376,0.6422317373648871,0.359996685296935,0.005590079799583065,5.0
2026-10-06 06:50:00,-0.0014611817,-0.28013346812854684,0.6199999861419201,9.9899997767061,0.019230560382449528,0.6230011769824376,0.6422317373648871,0.360637087563119,0.005590079799583065,5.0
2026-10-06 07:00:00,-0.0014611817,-0.2771454889072603,0.6199999861419201,9.9899997767061,0.019230560382449528,0.6230011769824376,0.6422317373648871,0.36362506678440554,0.005590079799583065,5.0
2026-10-06 07:10:00,-0.0014611817,-0.2718237578424278,0.6199999861419201,9.9899997767061,0.019230560382449528,0.6230011769824376,0.6422317373648871,0.36894679784923806,0.005590079799583065,5.0
2026-10-06 07:20:00,-0.0014611817,-0.264195740346655,0.6199999861419201,9.9899997767061,0.019230560382449528,0.6230011769824376,0.6422317373648871,0.37657481534501086,0.005590079799583065,5.0
2026-10-06 07:30:00,-0.0014611817,-0.25430317880781855,0.6199999861419201,9.9899997767061,0.019230560382449528,0.6230011769824376,0.6422317373648871,0.3864673768838473,0.005590079799583065,5.0
2026-10-06 07:40:00,-0.0014611817,-0.24220245410782532,0.6199999861419201,9.9899997767061,0.019230560382449528,0.6230011769824376,0.6422317373648871,0.39856810158384054,0.005590079799583065,5.0
2026-10-06 07:50:00,-0.0014611817,-0.22796463928357566,0.6199999861419201,9.9899997767061,0.019230560382449528,0.6230011769824376,0.6422317373648871,0.41280591640809017,0.005590079799583065,5.0
2026-10-06 08:00:00,-0.0014611817,-0.21167524629701553,0.6199999861419201,9.9899997767061,0.019230560382449528,0.6230011769824376,0.6422317373648871,0.42909530939465035,0.005590079799583065,5.0
2026-10-06 08:10:00,-0.0014611817,-0.19343369956284723,0.6199999861419201,9.9899997767061,0.019230560382449528,0.6230011769824376,0.6422317373648871,0.4473368561288186,0.005590079799583065,5.0
2026-10-06 08:20:00,-0.0014611817,-0.17335259739823516,0.6199999861419201,9.9899997767061,0.019230560382449528,0.6230011769824376,0.6422317373648871,0.4674179582934307,0.005590079799583065,5.0
2026-10-06 08:30:00,-0.0014611817,-0.15155684252679413,0.6199999861419201,9.9899997767061,0.019230560382449528,0.6230011769824376,0.6422317373648871,0.4892137131648717,0.005590079799583065,5.0
2026-10-06 08:40:00,-0.0014611817,-0.12818273213107895,0.6199999861419201,9.9899997767061,0.019230560382449528,0.6230011769824376,0.6422317373648871,0.512587823560587,0.005590079799583065,5.0
2026-10-06 08:50:00,-0.0014611817,-0.10337709670466595,0.6199999861419201,9.9899997767061,0.019230560382449528,0.6230011769824376,0.6422317373648871,0.5373934589869999,0.005590079799583065,5.0
2026-10-06 09:00:00,-0.0014611817,-0.07729656410870062,0.6299999859184027,9.869999779388309,0.019152172040730452,0.62046167588723,0.6396138479279605,0.5608561021460385,0.005590079799583065,5.0
2026-10-06 09:10:00,-0.0014611817,-0.05010700316247821,0.6299999859184027,9.869999779388309,0.019152172040730452,0.62046167588723,0.6396138479279605,0.588045663092261,0.005590079799583065,5.0
2026-10-06 09:20:00,-0.0014611817,-0.021983171554289662,0.6299999859184027,9.869999779388309,0.019152172040730452,0.62046167588723,0.6396138479279605,0.6161694947004496,0.005590079799583065,5.0
2026-10-06 09:30:00,-0.0014611817,0.006891440721209579,0.6299999859184027,9.869999779388309,0.019152172040730452,0.62046167588723,0.6396138479279605,0.6450441069759488,0.005590079799583065,5.0
2026-10-06 09:40:00,-0.0014611817,0.036324614962274654,0.6299999859184027,9.869999779388309,0.019152172040730452,0.62046167588723,0.6396138479279605,0.6744772812170139,0.005590079799583065,5.0
2026-10-06 09:50:00,-0.0014611817,0.06611532764373966,0.6299999859184027,9.869999779388309,0.019152172040730452,0.62046167588723,0.6396138479279605,0.7042679938984788,0.005590079799583065,5.0
2026-10-06 10:00:00,-0.0014611817,0.0960536913700409,0.6299999859184027,9.869999779388309,0.019152172040730452,0.62046167588723,0.6396138479279605,0.7342063576247801,0.005590079799583065,5.0
2026-10-06 10:10:00,-0.0014611817,0.12592102428678537,0.6299999859184027,9.869999779388309,0.019152172040730452,0.62046167588723,0.6396138479279605,0.7640736905415246,0.005590079799583065,5.0
2026-10-06 10:20:00,-0.0014611817,0.15549016225383328,0.6299999859184027,9.869999779388309,0.019152172040730452,0.62046167588723,0.6396138479279605,0.7936428285085725,0.005590079799583065,5.0
2026-10-06 10:30:00,-0.0014611817,0.18452611979224698,0.6299999859184027,9.869999779388309,0.019152172040730452,0.62046167588723,0.6396138479279605,0.8226787860469862,0.005590079799583065,5.0
2026-10-06 10:40:00,-0.0014611817,0.21278718618064812,0.6299999859184027,9.869999779388309,0.019152172040730452,0.62046167588723,0.6396138479279605,0.8509398524353873,0.005590079799583065,5.0
2026-10-06 10:50:00,-0.0014611817,0.2400265143260035,0.6299999859184027,9.869999779388309,0.019152172040730452,0.62046167588723,0.6396138479279605,0.8781791805807427,0.005590079799583065,5.0
2026-10-06 11:00:00,-0.0014611817,0.26599422478534057,0.6299999859184027,9.869999779388309,0.019152172040730452,0.62046167588723,0.6396138479279605,0.9041468910400798,0.005590079799583065,5.0
2026-10-06 11:10:00,-0.0014611817,0.2904400087459339,0.6299999859184027,9.869999779388309,0.019152172040730452,0.62046167588723,0.6396138479279605,0.9285926750006731,0.005590079799583065,5.0
2026-10-06 11:20:00,-0.0014611817,0.31311617581277335,0.6299999859184027,9.869999779388309,0.019152172040730452,0.62046167588723,0.6396138479279605,0.9512688420675126,0.005590079799583065,5.0
2026-10-06 11:30:00,-0.0014611817,0.3337810581888996,0.6299999859184027,9.869999779388309,0.019152172040730452,0.62046167588723,0.6396138479279605,0.9719337244436388,0.005590079799583065,5.0
2026-10-06 11:40:00,-0.0014611817,0.3522026557993851,0.6299999859184027,9.869999779388309,0.019152172040730452,0.62046167588723,0.6396138479279605,0.9903553220541244,0.005590079799583065,5.0
2026-10-06 11:50:00,-0.0014611817,0.3681623887985478,0.6299999859184027,9.869999779388309,0.019152172040730452,0.62046167588723,0.6396138479279605,1.006315055053287,0.005590079799583065,5.0
2026-10-06 12:00:00,-0.0014611817,0.381458816527854,0.6099999863654375,9.759999781847,0.018635684189625395,0.6037293221369336,0.622365006326559,1.0023626411811917,0.005590079799583065,5.0
2026-10-06 12:10:00,-0.0014611817,0.3919111850584313,0.6099999863654375,9.759999781847,0.018635684189625395,0.6037293221369336,0.622365006326559,1.012815009711769,0.005590079799583065,5.0
2026-10-06 12:20:00,-0.0014611817,0.3993626784182304,0.6099999863654375,9.759999781847,0.018635684189625395,0.6037293221369336,0.622365006326559,1.020266503071568,0.005590079799583065,5.0
2026-10-06 12:30:00,-0.0014611817,0.40368326940936217,0.6099999863654375,9.759999781847,0.018635684189625395,0.6037293221369336,0.622365006326559,1.0245870940626998,0.005590079799583065,5.0
2026-10-06 12:40:00,-0.0014611817,0.40477209218186916,0.6099999863654375,9.759999781847,0.018635684189625395,0.6037293221369336,0.622365006326559,1.025675916835207,0.005590079799583065,5.0
2026-10-06 12:50:00,-0.0014611817,0.40255928742850833,0.6099999863654375,9.759999781847,0.018635684189625395,0.6037293221369336,0.622365006326559,1.023463112081846,0.005590079799583065,5.0
2026-10-06 13:00:00,-0.0014611817,0.39700729937765633,0.6099999863654375,9.759999781847,0.018635684189625395,0.6037293221369336,0.622365006326559,1.0179111240309942,0.005590079799583065,5.0
2026-10-06 13:10:00,-0.0014611817,0.38811162879461747,0.6099999863654375,9.759999781847,0.018635684189625395,0.6037293221369336,0.622365006326559,1.0090154534479552,0.005590079799583065,5.0
2026-10-06 13:20:00,-0.0014611817,0.3759010662012285,0.6099999863654375,9.759999781847,0.018635684189625395,0.6037293221369336,0.622365006326559,0.9968048908545661,0.005590079799583065,5.0
2026-10-06 13:30:00,-0.0014611817,0.36043744270843187,0.6099999863654375,9.759999781847,0.018635684189625395,0.6037293221369336,0.622365006326559,0.9813412673617696,0.005590079799583065,5.0
2026-10-06 13:40:00,-0.0014611817,0.3418149424243213,0.6099999863654375,9.759999781847,0.018635684189625395,0.6037293221369336,0.622365006326559,0.962718767077659,0.005590079799583065,5.0
2026-10-06 13:50:00,-0.0014611817,0.32015902029560467,0.6099999863654375,9.759999781847,0.018635684189625395,0.6037293221369336,0.622365006326559,0.9410628449489424,0.005590079799583065,5.0
2026-10-06 14:00:00,-0.0014611817,0.29562496418261874,0.6099999863654375,9.759999781847,0.018635684189625395,0.6037293221369336,0.622365006326559,0.9165287888359565,0.005590079799583065,5.0
2026-10-06 14:10:00,-0.0014611817,0.2683961318133974,0.6099999863654375,9.759999781847,0.018635684189625395,0.6037293221369336,0.622365006326559,0.8892999564667351,0.005590079799583065,5.0
2026-10-06 14:20:00,-0.0014611817,0.23868188398381587,0.6099999863654375,9.759999781847,0.018635684189625395,0.6037293221369336,0.622365006326559,0.8595857086371536,0.005590079799583065,5.0
2026-10-06 14:30:00,-0.0014611817,0.20671522790590666,0.6099999863654375,9.759999781847,0.018635684189625395,0.6037293221369336,0.622365006326559,0.8276190525592444,0.005590079799583065,5.0
2026-10-06 14:40:00,-0.0014611817,0.17275017993912112,0.6099999863654375,9.759999781847,0.018635684189625395,0.6037293221369336,0.622365006326559,0.7936540045924588,0.005590079799583065,5.0
2026-10-06 14:50:00,-0.0014611817,0.13705885781998858,0.6099999863654375,9.759999781847,0.018635684189625395,0.6037293221369336,0.622365006326559,0.7579626824733263,0.005590079799583065,5.0
2026-10-06 15:00:00,-0.0014611817,0.09992831811252181,0.5999999865889549,9.669999783858657,0.018311870405923546,0.5932389170547449,0.6115507874606684,0.7100179238999689,0.005590079799583065,5.0
2026-10-06 15:10:00,-0.0014611817,0.06165716627638945,0.5999999865889549,9.669999783858657,0.018311870405923546,0.5932389170547449,0.6115507874606684,0.6717467720638366,0.005590079799583065,5.0
2026-10-06 15:20:00,-0.0014611817,0.022551982062419738,0.5999999865889549,9.669999783858657,0.018311870405923546,0.5932389170547449,0.6115507874606684,0.6326415878498668,0.005590079799583065,5.0
2026-10-06 15:30:00,-0.0014611817,-0.017076378757601422,0.5999999865889549,9.669999783858657,0.018311870405923546,0.5932389170547449,0.6115507874606684,0.5930132270298457,0.005590079799583065,5.0
2026-10-06 15:40:00,-0.0014611817,-0.05691652721253631,0.5999999865889549,9.669999783858657,0.018311870405923546,0.5932389170547449,0.6115507874606684,0.5531730785749108,0.005590079799583065,5.0
2026-10-06 15:50:00,-0.0014611817,-0.09666023345500993,0.5999999865889549,9.669999783858657,0.018311870405923546,0.5932389170547449,0.6115507874606684,0.5134293723324371,0.005590079799583065,5.0
2026-10-06 16:00:00,-0.0014611817,-0.13600596258741596,0.5999999865889549,9.669999783858657,0.018311870405923546,0.5932389170547449,0.6115507874606684,0.47408364320003116,0.005590079799583065,5.0
2026-10-06 16:10:00,-0.0014611817,-0.17466214423695486,0.5999999865889549,9.669999783858657,0.018311870405923546,0.5932389170547449,0.6115507874606684,0.4354274615504922,0.005590079799583065,5.0
2026-10-06 16:20:00,-0.0014611817,-0.2123500704613905,0.5999999865889549,9.669999783858657,0.018311870405923546,0.5932389170547449,0.6115507874606684,0.39773953532605655,0.005590079799583065,5.0
2026-10-06 16:30:00,-0.0014611817,-0.24880633053822412,0.5999999865889549,9.669999783858657,0.018311870405923546,0.5932389170547449,0.6115507874606684,0.361283275249223,0.005590079799583065,5.0
2026-10-06 16:40:00,-0.0014611817,-0.283784713159574,0.5999999865889549,9.669999783858657,0.018311870405923546,0.5932389170547449,0.6115507874606684,0.3263048926278731,0.005590079799583065,5.0
2026-10-06 16:50:00,-0.0014611817,-0.31705753621603916,0.5999999865889549,9.669999783858657,0.018311870405923546,0.5932389170547449,0.6115507874606684,0.2930320695714079,0.005590079799583065,5.0
2026-10-06 17:00:00,-0.0014611817,-0.3484163986330504,0.5999999865889549,9.669999783858657,0.018311870405923546,0.5932389170547449,0.6115507874606684,0.2616732071543967,0.005590079799583065,5.0
2026-10-06 17:10:00,-0.0014611817,-0.37767238491704136,0.5999999865889549,9.669999783858657,0.018311870405923546,0.5932389170547449,0.6115507874606684,0.23241722087040573,0.005590079799583065,5.0
2026-10-06 17:20:00,-0.0014611817,-0.4046557880036689,0.5999999865889549,9.669999783858657,0.018311870405923546,0.5932389170547449,0.6115507874606684,0.20543381778377817,0.005590079799583065,5.0
2026-10-06 17:30:00,-0.0014611817,-0.4292154458902238,0.5999999865889549,9.669999783858657,0.018311870405923546,0.5932389170547449,0.6115507874606684,0.18087415989722327,0.005590079799583065,5.0
2026-10-06 17:40:00,-0.0014611817,-0.4512178100292528,0.5999999865889549,9.669999783858657,0.018311870405923546,0.5932389170547449,0.6115507874606684,0.15887179575819427,0.005590079799583065,5.0
2026-10-06 17:50:00,-0.0014611817,-0.47054587556380656,0.5999999865889549,9.669999783858657,0.018311870405923546,0.5932389170547449,0.6115507874606684,0.13954373022364053,0.005590079799583065,5.0
2026-10-06 18:00:00,-0.0014611817,-0.4870981045823157,0.6099999863654375,9.609999785199761,0.018349275108842215,0.5944506952598291,0.6127999703686713,0.12424068411313427,0.005590079799583065,5.0
2026-10-06 18:10:00,-0.0014611817,-0.500787462832759,0.6099999863654375,9.609999785199761,0.018349275108842215,0.5944506952598291,0.6127999703686713,0.11055132586269101,0.005590079799583065,5.0
2026-10-06 18:20:00,-0.0014611817,-0.511540669215249,0.6099999863654375,9.609999785199761,0.018349275108842215,0.5944506952598291,0.6127999703686713,0.09979811948020101,0.005590079799583065,5.0
2026-10-06 18:30:00,-0.0014611817,-0.5192977275908127,0.6099999863654375,9.609999785199761,0.018349275108842215,0.5944506952598291,0.6127999703686713,0.09204106110463728,0.005590079799583065,5.0
2026-10-06 18:40:00,-0.0014611817,-0.5240117751346779,0.6099999863654375,9.609999785199761,0.018349275108842215,0.5944506952598291,0.6127999703686713,0.0873270135607721,0.005590079799583065,5.0
2026-10-06 18:50:00,-0.0014611817,-0.5256492440468175,0.6099999863654375,9.609999785199761,0.018349275108842215,0.5944506952598291,0.6127999703686713,0.08568954464863254,0.005590079799583065,5.0
2026-10-06 19:00:00,-0.0014611817,-0.5241902977492542,0.6099999863654375,9.609999785199761,0.018349275108842215,0.5944506952598291,0.6127999703686713,0.08714849094619581,0.005590079799583065,5.0
2026-10-06 19:10:00,-0.0014611817,-0.5196294721923225,0.6099999863654375,9.609999785199761,0.018349275108842215,0.5944506952598291,0.6127999703686713,0.09170931650312752,0.005590079799583065,5.0
2026-10-06 19:20:00,-0.0014611817,-0.5119764308015575,0.6099999863654375,9.609999785199761,0.018349275108842215,0.5944506952598291,0.6127999703686713,0.09936235789389247,0.005590079799583065,5.0
2026-10-06 19:30:00,-0.0014611817,-0.5012567297609103,0.6099999863654375,9.609999785199761,0.018349275108842215,0.5944506952598291,0.6127999703686713,0.1100820589345397,0.005590079799583065,5.0
2026-10-06 19:40:00,-0.0014611817,-0.48751249016970094,0.6099999863654375,9.609999785199761,0.018349275108842215,0.5944506952598291,0.6127999703686713,0.12382629852574906,0.005590079799583065,5.0
2026-10-06 19:50:00,-0.0014611817,-0.4708028845415438,0.6099999863654375,9.609999785199761,0.018349275108842215,0.5944506952598291,0.6127999703686713,0.1405359041539062,0.005590079799583065,5.0
2026-10-06 20:00:00,-0.0014611817,-0.45120436612619275,0.6099999863654375,9.609999785199761,0.018349275108842215,0.5944506952598291,0.6127999703686713,0.16013442256925725,0.005590079799583065,5.0
2026-10-06 20:10:00,-0.0014611817,-0.4288105979112411,0.6099999863654375,9.609999785199761,0.018349275108842215,0.5944506952598291,0.6127999703686713,0.1825281907842089,0.005590079799583065,5.0
2026-10-06 20:20:00,-0.0014611817,-0.40373207076315804,0.6099999863654375,9.609999785199761,0.018349275108842215,0.5944506952598291,0.6127999703686713,0.20760671793229196,0.005590079799583065,5.0
2026-10-06 20:30:00,-0.0014611817,-0.3760954335105708,0.6099999863654375,9.609999785199761,0.018349275108842215,0.5944506952598291,0.6127999703686713,0.2352433551848792,0.005590079799583065,5.0
2026-10-06 20:40:00,-0.0014611817,-0.3460425875847624,0.6099999863654375,9.609999785199761,0.018349275108842215,0.5944506952598291,0.6127999703686713,0.2652962011106876,0.005590079799583065,5.0
2026-10-06 20:50:00,-0.0014611817,-0.31372962259648773,0.6099999863654375,9.609999785199761,0.018349275108842215,0.5944506952598291,0.6127999703686713,0.29760916609896226,0.005590079799583065,5.0
2026-10-06 21:00:00,-0.0014611817,-0.2793256832343905,0.6299999859184027,9.549999786540866,0.01853123029270272,0.6003453905494475,0.6188766208421502,0.33808975593453844,0.005590079799583065,5.0
2026-10-06 21:10:00,-0.0014611817,-0.2430118615826681,0.6299999859184027,9.549999786540866,0.01853123029270272,0.6003453905494475,0.6188766208421502,0.37440357758626086,0.005590079799583065,5.0
2026-10-06 21:20:00,-0.0014611817,-0.20498020083993662,0.6299999859184027,9.549999786540866,0.01853123029270272,0.6003453905494475,0.6188766208421502,0.4124352383289923,0.005590079799583065,5.0
2026-10-06 21:30:00,-0.0014611817,-0.16543287819829455,0.6299999859184027,9.549999786540866,0.01853123029270272,0.6003453905494475,0.6188766208421502,0.4519825609706344,0.005590079799583065,5.0
2026-10-06 21:40:00,-0.0014611817,-0.12458160747596504,0.6299999859184027,9.549999786540866,0.01853123029270272,0.6003453905494475,0.6188766208421502,0.4928338316929639,0.005590079799583065,5.0
2026-10-06 21:50:00,-0.0014611817,-0.08264726928807177,0.6299999859184027,9.549999786540866,0.01853123029270272,0.6003453905494475,0.6188766208421502,0.5347681698808572,0.005590079799583065,5.0
2026-10-06 22:00:00,-0.0014611817,-0.03985974165299556,0.6299999859184027,9.549999786540866,0.01853123029270272,0.6003453905494475,0.6188766208421502,0.5775556975159334,0.005590079799583065,5.0
2026-10-06 22:10:00,-0.0014611817,0.0035421298456050914,0.6299999859184027,9.549999786540866,0.01853123029270272,0.6003453905494475,0.6188766208421502,0.620957569014534,0.005590079799583065,5.0
2026-10-06 22:20:00,-0.0014611817,0.047310511256162764,0.6299999859184027,9.549999786540866,0.01853123029270272,0.6003453905494475,0.6188766208421502,0.6647259504250917,0.005590079799583065,5.0
2026-10-06 22:30:00,-0.0014611817,0.09118861811689015,0.6299999859184027,9.549999786540866,0.01853123029270272,0.6003453905494475,0.6188766208421502,0.7086040572858191,0.005590079799583065,5.0
2026-10-06 22:40:00,-0.0014611817,0.13491093052345085,0.6299999859184027,9.549999786540866,0.01853123029270272,0.6003453905494475,0.6188766208421502,0.7523263696923798,0.005590079799583065,5.0
2026-10-06 22:50:00,-0.0014611817,0.17820370199127808,0.6299999859184027,9.549999786540866,0.01853123029270272,0.6003453905494475,0.6188766208421502,0.795619141160207,0.005590079799583065,5.0
2026-10-06 23:00:00,-0.0014611817,0.22078586466716055,0.6299999859184027,9.549999786540866,0.01853123029270272,0.6003453905494475,0.6188766208421502,0.8382013038360895,0.005590079799583065,5.0
2026-10-06 23:10:00,-0.0014611817,0.26237040919160737,0.6299999859184027,9.549999786540866,0.01853123029270272,0.6003453905494475,0.6188766208421502,0.8797858483605363,0.005590079799583065,5.0
2026-10-06 23:20:00,-0.0014611817,0.30266628489282577,0.6299999859184027,9.549999786540866,0.01853123029270272,0.6003453905494475,0.6188766208421502,0.9200817240617547,0.005590079799583065,5.0
2026-10-06 23:30:00,-0.0014611817,0.34138082824984395,0.6299999859184027,9.549999786540866,0.01853123029270272,0.6003453905494475,0.6188766208421502,0.9587962674187729,0.005590079799583065,5.0
2026-10-06 23:40:00,-0.0014611817,0.37822268831341077,0.6299999859184027,9.549999786540866,0.01853123029270272,0.6003453905494475,0.6188766208421502,0.9956381274823397,0.005590079799583065,5.0
2026-10-06 23:50:00,-0.0014611817,0.4129051802920008,0.6299999859184027,9.549999786540866,0.01853123029270272,0.6003453905494475,0.6188766208421502,1.0303206194609298,0.005590079799583065,5.0
2026-10-07 00:00:00,0.008503791,0.44514996665752926,0.6299999859184027,9.519999787211418,0.01847301700382512,0.5984594887990304,0.6169325058028555,1.0705862634051995,0.005590079799583065,5.0
2026-10-07 00:10:00,0.008503791,0.47469094108121956,0.6299999859184027,9.519999787211418,0.01847301700382512,0.5984594887990304,0.6169325058028555,1.1001272378288898,0.005590079799583065,5.0
2026-10-07 00:20:00,0.008503791,0.5012781765668093,0.6299999859184027,9.519999787211418,0.01847301700382512,0.5984594887990304,0.6169325058028555,1.1267144733144794,0.005590079799583065,5.0
2026-10-07 00:30:00,0.008503791,0.5246817957296616,0.6299999859184027,9.519999787211418,0.01847301700382512,0.5984594887990304,0.6169325058028555,1.1501180924773318,0.005590079799583065,5.0
2026-10-07 00:40:00,0.008503791,0.5446956282139622,0.6299999859184027,9.519999787211418,0.01847301700382512,0.5984594887990304,0.6169325058028555,1.1701319249616324,0.005590079799583065,5.0
2026-10-07 00:50:00,0.008503791,0.561140536243776,0.6299999859184027,9.519999787211418,0.01847301700382512,0.5984594887990304,0.6169325058028555,1.1865768329914461,0.005590079799583065,5.0
2026-10-07 01:00:00,0.008503791,0.5738673122165914,0.6299999859184027,9.519999787211418,0.01847301700382512,0.5984594887990304,0.6169325058028555,1.1993036089642617,0.005590079799583065,5.0
2026-10-07 01:10:00,0.008503791,0.5827590792485539,0.6299999859184027,9.519999787211418,0.01847301700382512,0.5984594887990304,0.6169325058028555,1.208195375996224,0.005590079799583065,5.0
2026-10-07 01:20:00,0.008503791,0.587733153843593,0.6299999859184027,9.519999787211418,0.01847301700382512,0.5984594887990304,0.6169325058028555,1.2131694505912631,0.005590079799583065,5.0
2026-10-07 01:30:00,0.008503791,0.5887423563452686,0.6299999859184027,9.519999787211418,0.01847301700382512,0.5984594887990304,0.6169325058028555,1.2141786530929388,0.005590079799583065,5.0
2026-10-07 01:40:00,0.008503791,0.5857757774007388,0.6299999859184027,9.519999787211418,0.01847301700382512,0.5984594887990304,0.6169325058028555,1.211212074148409,0.005590079799583065,5.0
2026-10-07 01:50:00,0.008503791,0.5788590252770951,0.6299999859184027,9.519999787211418,0.01847301700382512,0.5984594887990304,0.6169325058028555,1.2042953220247652,0.005590079799583065,5.0
2026-10-07 02:00:00,0.008503791,0.5680539889770012,0.6299999859184027,9.519999787211418,0.01847301700382512,0.5984594887990304,0.6169325058028555,1.1934902857246714,0.005590079799583065,5.0
2026-10-07 02:10:00,0.008503791,0.5534581554606923,0.6299999859184027,9.519999787211418,0.01847301700382512,0.5984594887990304,0.6169325058028555,1.1788944522083624,0.005590079799583065,5.0
2026-10-07 02:20:00,0.008503791,0.5352035170616654,0.6299999859184027,9.519999787211418,0.01847301700382512,0.5984594887990304,0.6169325058028555,1.1606398138093357,0.005590079799583065,5.0
2026-10-07 02:30:00,0.008503791,0.5134550988814699,0.6299999859184027,9.519999787211418,0.01847301700382512,0.5984594887990304,0.6169325058028555,1.1388913956291402,0.005590079799583065,5.0
2026-10-07 02:40:00,0.008503791,0.48840912765431116,0.6299999859184027,9.519999787211418,0.01847301700382512,0.5984594887990304,0.6169325058028555,1.1138454244019813,0.005590079799583065,5.0
2026-10-07 02:50:00,0.008503791,0.4602908557990433,0.6299999859184027,9.519999787211418,0.01847301700382512,0.5984594887990304,0.6169325058028555,1.0857271525467134,0.005590079799583065,5.0
2026-10-07 03:00:00,0.008503791,0.42935204887004425,0.6299999859184027,9.479999788105488,0.01839539928532165,0.5959449531318075,0.6143403524171291,1.052196192231988,0.005590079799583065,5.0
2026-10-07 03:10:00,0.008503791,0.39586814371370954,0.6299999859184027,9.479999788105488,0.01839539928532165,0.5959449531318075,0.6143403524171291,1.0187122870756533,0.005590079799583065,5.0
2026-10-07 03:20:00,0.008503791,0.36013508866619104,0.6299999859184027,9.479999788105488,0.01839539928532165,0.5959449531318075,0.6143403524171291,0.9829792320281349,0.005590079799583065,5.0
2026-10-07 03:30:00,0.008503791,0.32246588709498314,0.6299999859184027,9.479999788105488,0.01839539928532165,0.5959449531318075,0.6143403524171291,0.945310030456927,0.005590079799583065,5.0
2026-10-07 03:40:00,0.008503791,0.2831868801869603,0.6299999859184027,9.479999788105488,0.01839539928532165,0.5959449531318075,0.6143403524171291,0.9060310235489042,0.005590079799583065,5.0
2026-10-07 03:50:00,0.008503791,0.24263382318215437,0.6299999859184027,9.479999788105488,0.01839539928532165,0.5959449531318075,0.6143403524171291,0.8654779665440981,0.005590079799583065,5.0
2026-10-07 04:00:00,0.008503791,0.20114782884870877,0.6299999859184027,9.479999788105488,0.01839539928532165,0.5959449531318075,0.6143403524171291,0.8239919722106526,0.005590079799583065,5.0
2026-10-07 04:10:00,0.008503791,0.1590712703889597,0.6299999859184027,9.479999788105488,0.01839539928532165,0.5959449531318075,0.6143403524171291,0.7819154137509036,0.005590079799583065,5.0
2026-10-07 04:20:00,0.008503791,0.11674375085924033,0.6299999859184027,9.479999788105488,0.01839539928532165,0.5959449531318075,0.6143403524171291,0.7395878942211842,0.005590079799583065,5.0
2026-10-07 04:30:00,0.008503791,0.07449825455232778,0.6299999859184027,9.479999788105488,0.01839539928532165,0.5959449531318075,0.6143403524171291,0.6973423979142717,0.005590079799583065,5.0
2026-10-07 04:40:00,0.008503791,0.03265759667380889,0.6299999859184027,9.479999788105488,0.01839539928532165,0.5959449531318075,0.6143403524171291,0.6555017400357527,0.005590079799583065,5.0
2026-10-07 04:50:00,0.008503791,-0.00846872103604895,0.6299999859184027,9.479999788105488,0.01839539928532165,0.5959449531318075,0.6143403524171291,0.6143754223258949,0.005590079799583065,5.0
2026-10-07 05:00:00,0.008503791,-0.048587158502673845,0.6299999859184027,9.479999788105488,0.01839539928532165,0.5959449531318075,0.6143403524171291,0.57425698485927,0.005590079799583065,5.0
2026-10-07 05:10:00,0.008503791,-0.08742222509070817,0.6299999859184027,9.479999788105488,0.01839539928532165,0.5959449531318075,0.6143403524171291,0.5354219182712356,0.005590079799583065,5.0
2026-10-07 05:20:00,0.008503791,-0.12471797487143345,0.6299999859184027,9.479999788105488,0.01839539928532165,0.5959449531318075,0.6143403524171291,0.4981261684905104,0.005590079799583065,5.0
2026-10-07 05:30:00,0.008503791,-0.16023891326854275,0.6299999859184027,9.479999788105488,0.01839539928532165,0.5959449531318075,0.6143403524171291,0.46260523009340104,0.005590079799583065,5.0
2026-10-07 05:40:00,0.008503791,-0.19377035552473262,0.6299999859184027,9.479999788105488,0.01839539928532165,0.5959449531318075,0.6143403524171291,0.4290737878372112,0.005590079799583065,5.0
2026-10-07 05:50:00,0.008503791,-0.22511831091240186,0.6299999859184027,9.479999788105488,0.01839539928532165,0.5959449531318075,0.6143403524171291,0.39772583244954196,0.005590079799583065,5.0
2026-10-07 06:00:00,0.008503791,-0.2541089942949614,0.6299999859184027,9.44999978877604,0.018337185996444048,0.5940590513813905,0.6123962373778346,0.3667910340276878,0.005590079799583065,5.0
2026-10-07 06:10:00,0.008503791,-0.28058808521356965,0.6299999859184027,9.44999978877604,0.018337185996444048,0.5940590513813905,0.6123962373778346,0.3403119431090796,0.005590079799583065,5.0
2026-10-07 06:20:00,0.008503791,-0.3044198628221567,0.6299999859184027,9.44999978877604,0.018337185996444048,0.5940590513813905,0.6123962373778346,0.3164801655004925,0.005590079799583065,5.0
2026-10-07 06:30:00,0.008503791,-0.3254863414500648,0.6299999859184027,9.44999978877604,0.018337185996444048,0.5940590513813905,0.6123962373778346,0.29541368687258446,0.005590079799583065,5.0
2026-10-07 06:40:00,0.008503791,-0.34368651694543395,0.6299999859184027,9.44999978877604,0.018337185996444048,0.5940590513813905,0.6123962373778346,0.2772135113772153,0.005590079799583065,5.0
2026-10-07 06:50:00,0.008503791,-0.35893580954648685,0.6299999859184027,9.44999978877604,0.018337185996444048,0.5940590513813905,0.6123962373778346,0.2619642187761624,0.005590079799583065,5.0
2026-10-07 07:00:00,0.008503791,-0.37116575741827545,0.6299999859184027,9.44999978877604,0.018337185996444048,0.5940590513813905,0.6123962373778346,0.24973427090437378,0.005590079799583065,5.0
2026-10-07 07:10:00,0.008503791,-0.3803239793393191,0.6299999859184027,9.44999978877604,0.018337185996444048,0.5940590513813905,0.6123962373778346,0.24057604898333013,0.005590079799583065,5.0
2026-10-07 07:20:00,0.008503791,-0.3863743890578788,0.6299999859184027,9.44999978877604,0.018337185996444048,0.5940590513813905,0.6123962373778346,0.23452563926477044,0.005590079799583065,5.0
2026-10-07 07:30:00,0.008503791,-0.3892976111230854,0.6299999859184027,9.44999978877604,0.018337185996444048,0.5940590513813905,0.6123962373778346,0.23160241719956381,0.005590079799583065,5.0
2026-10-07 07:40:00,0.008503791,-0.389091522065788,0.6299999859184027,9.44999978877604,0.018337185996444048,0.5940590513813905,0.6123962373778346,0.23180850625686122,0.005590079799583065,5.0
2026-10-07 07:50:00,0.008503791,-0.38577182402244803,0.6299999859184027,9.44999978877604,0.018337185996444048,0.5940590513813905,0.6123962373778346,0.2351282043002012,0.005590079799583065,5.0
2026-10-07 08:00:00,0.008503791,-0.37937255216804794,0.6299999859184027,9.44999978877604,0.018337185996444048,0.5940590513813905,0.6123962373778346,0.2415274761546013,0.005590079799583065,5.0
2026-10-07 08:10:00,0.008503791,-0.36994642281536705,0.6299999859184027,9.44999978877604,0.018337185996444048,0.5940590513813905,0.6123962373778346,0.2509536055072822,0.005590079799583065,5.0
2026-10-07 08:20:00,0.008503791,-0.35756494527165794,0.6299999859184027,9.44999978877604,0.018337185996444048,0.5940590513813905,0.6123962373778346,0.2633350830509913,0.005590079799583065,5.0
2026-10-07 08:30:00,0.008503791,-0.34231824535730576,0.6299999859184027,9.44999978877604,0.018337185996444048,0.5940590513813905,0.6123962373778346,0.27858178296534347,0.005590079799583065,5.0
2026-10-07 08:40:00,0.008503791,-0.3243145791291163,0.6299999859184027,9.44999978877604,0.018337185996444048,0.5940590513813905,0.6123962373778346,0.2965854491935329,0.005590079799583065,5.0
2026-10-07 08:50:00,0.008503791,-0.30367954848146805,0.6299999859184027,9.44999978877604,0.018337185996444048,0.5940590513813905,0.6123962373778346,0.3172204798411812,0.005590079799583065,5.0
2026-10-07 09:00:00,0.008503791,-0.28055506174383005,0.6399999856948853,9.44999978877604,0.018482146244315087,0.5987552434446098,0.6172373896889249,0.3451861188899096,0.005590079799583065,5.0
2026-10-07 09:10:00,0.008503791,-0.25509810924380016,0.6399999856948853,9.44999978877604,0.018482146244315087,0.5987552434446098,0.6172373896889249,0.37064307138993946,0.005590079799583065,5.0
2026-10-07 09:20:00,0.008503791,-0.2274794422092946,0.6399999856948853,9.44999978877604,0.018482146244315087,0.5987552434446098,0.6172373896889249,0.398261738424445,0.005590079799583065,5.0
2026-10-07 09:30:00,0.008503791,-0.19788225191839903,0.6399999856948853,9.44999978877604,0.018482146244315087,0.5987552434446098,0.6172373896889249,0.4278589287153406,0.005590079799583065,5.0
2026-10-07 09:40:00,0.008503791,-0.16650094298283413,0.6399999856948853,9.44999978877604,0.018482146244315087,0.5987552434446098,0.6172373896889249,0.4592402376509055,0.005590079799583065,5.0
2026-10-07 09:50:00,0.008503791,-0.13354008066222273,0.6399999856948853,9.44999978877604,0.018482146244315087,0.5987552434446098,0.6172373896889249,0.4922010999715169,0.005590079799583065,5.0
2026-10-07 10:00:00,0.008503791,-0.09921356828411736,0.6399999856948853,9.44999978877604,0.018482146244315087,0.5987552434446098,0.6172373896889249,0.5265276123496223,0.005590079799583065,5.0
2026-10-07 10:10:00,0.008503791,-0.06374407962358883,0.6399999856948853,9.44999978877604,0.018482146244315087,0.5987552434446098,0.6172373896889249,0.5619971010101508,0.005590079799583065,5.0
2026-10-07 10:20:00,0.008503791,-0.027362735946987474,0.6399999856948853,9.44999978877604,0.018482146244315087,0.5987552434446098,0.6172373896889249,0.5983784446867522,0.005590079799583065,5.0
2026-10-07 10:30:00,0.008503791,0.00969101830595438,0.6399999856948853,9.44999978877604,0.018482146244315087,0.5987552434446098,0.6172373896889249,0.635432198939694,0.005590079799583065,5.0
2026-10-07 10:40:00,0.008503791,0.04716941933307903,0.6399999856948853,9.44999978877604,0.018482146244315087,0.5987552434446098,0.6172373896889249,0.6729105999668187,0.005590079799583065,5.0
2026-10-07 10:50:00,0.008503791,0.08481637086289695,0.6399999856948853,9.44999978877604,0.018482146244315087,0.5987552434446098,0.6172373896889249,0.7105575514966366,0.005590079799583065,5.0
2026-10-07 11:00:00,0.008503791,0.12236753336999058,0.6399999856948853,9.44999978877604,0.018482146244315087,0.5987552434446098,0.6172373896889249,0.7481087140037301,0.005590079799583065,5.0
2026-10-07 11:10:00,0.008503791,0.1595506392326117,0.6399999856948853,9.44999978877604,0.018482146244315087,0.5987552434446098,0.6172373896889249,0.7852918198663513,0.005590079799583065,5.0
2026-10-07 11:20:00,0.008503791,0.19608614975137426,0.6399999856948853,9.44999978877604,0.018482146244315087,0.5987552434446098,0.6172373896889249,0.8218273303851139,0.005590079799583065,5.0
2026-10-07 11:30:00,0.008503791,0.23168835081286376,0.6399999856948853,9.44999978877604,0.018482146244315087,0.5987552434446098,0.6172373896889249,0.8574295314466034,0.005590079799583065,5.0
2026-10-07 11:40:00,0.008503791,0.26606695524212076,0.6399999856948853,9.44999978877604,0.018482146244315087,0.5987552434446098,0.6172373896889249,0.8918081358758604,0.005590079799583065,5.0
2026-10-07 11:50:00,0.008503791,0.2989292440151651,0.6399999856948853,9.44999978877604,0.018482146244315087,0.5987552434446098,0.6172373896889249,0.9246704246489047,0.005590079799583065,5.0
2026-10-07 12:00:00,0.008503791,0.329982739138512,0.6599999852478504,9.479999788105488,0.01882829143686382,0.6099691060713841,0.6287973975082479,0.9672839275915746,0.005590079799583065,5.0
2026-10-07 12:10:00,0.008503791,0.35893836146108876,0.6599999852478504,9.479999788105488,0.01882829143686382,0.6099691060713841,0.6287973975082479,0.9962395499141514,0.005590079799583065,5.0
2026-10-07 12:20:00,0.008503791,0.38551399083606414,0.6599999852478504,9.479999788105488,0.01882829143686382,0.6099691060713841,0.6287973975082479,1.0228151792891267,0.005590079799583065,5.0
2026-10-07 12:30:00,0.008503791,0.4094383167144314,0.6599999852478504,9.479999788105488,0.01882829143686382,0.6099691060713841,0.6287973975082479,1.0467395051674941,0.005590079799583065,5.0
2026-10-07 12:40:00,0.008503791,0.4304548470350622,0.6599999852478504,9.479999788105488,0.01882829143686382,0.6099691060713841,0.6287973975082479,1.0677560354881248,0.005590079799583065,5.0
2026-10-07 12:50:00,0.008503791,0.4483259333349029,0.6599999852478504,9.479999788105488,0.01882829143686382,0.6099691060713841,0.6287973975082479,1.0856271217879656,0.005590079799583065,5.0
2026-10-07 13:00:00,0.008503791,0.46283667076776935,0.6599999852478504,9.479999788105488,0.01882829143686382,0.6099691060713841,0.6287973975082479,1.100137859220832,0.005590079799583065,5.0
2026-10-07 13:10:00,0.008503791,0.4737985423412625,0.6599999852478504,9.479999788105488,0.01882829143686382,0.6099691060713841,0.6287973975082479,1.1110997307943251,0.005590079799583065,5.0
2026-10-07 13:20:00,0.008503791,0.4810526954215868,0.6599999852478504,9.479999788105488,0.01882829143686382,0.6099691060713841,0.6287973975082479,1.1183538838746494,0.005590079799583065,5.0
2026-10-07 13:30:00,0.008503791,0.48447276301133346,0.6599999852478504,9.479999788105488,0.01882829143686382,0.6099691060713841,0.6287973975082479,1.121773951464396,0.005590079799583065,5.0
2026-10-07 13:40:00,0.008503791,0.48396716959332853,0.6599999852478504,9.479999788105488,0.01882829143686382,0.6099691060713841,0.6287973975082479,1.1212683580463911,0.005590079799583065,5.0
2026-10-07 13:50:00,0.008503791,0.47948088854388654,0.6599999852478504,9.479999788105488,0.01882829143686382,0.6099691060713841,0.6287973975082479,1.1167820769969492,0.005590079799583065,5.0
2026-10-07 14:00:00,0.008503791,0.4709966426179753,0.6599999852478504,9.479999788105488,0.01882829143686382,0.6099691060713841,0.6287973975082479,1.1082978310710379,0.005590079799583065,5.0
2026-10-07 14:10:00,0.008503791,0.45853555863951,0.6599999852478504,9.479999788105488,0.01882829143686382,0.6099691060713841,0.6287973975082479,1.0958367470925725,0.005590079799583065,5.0
2026-10-07 14:20:00,0.008503791,0.44215730105341566,0.6599999852478504,9.479999788105488,0.01882829143686382,0.6099691060713841,0.6287973975082479,1.0794584895064783,0.005590079799583065,5.0
2026-10-07 14:30:00,0.008503791,0.4219597159381786,0.6599999852478504,9.479999788105488,0.01882829143686382,0.6099691060713841,0.6287973975082479,1.059260904391241,0.005590079799583065,5.0
2026-10-07 14:40:00,0.008503791,0.39807801787976005,0.6599999852478504,9.479999788105488,0.01882829143686382,0.6099691060713841,0.6287973975082479,1.0353792063328227,0.005590079799583065,5.0
2026-10-07 14:50:00,0.008503791,0.37068354820621174,0.6599999852478504,9.479999788105488,0.01882829143686382,0.6099691060713841,0.6287973975082479,1.0079847366592745,0.005590079799583065,5.0
2026-10-07 15:00:00,0.008503791,0.3399821261195218,0.6899999845772982,9.499999787658453,0.01929206682267472,0.6249937650240874,0.6442858318467621,0.9927717489110985,0.005590079799583065,5.0
2026-10-07 15:10:00,0.008503791,0.3062120067755471,0.6899999845772982,9.499999787658453,0.01929206682267472,0.6249937650240874,0.6442858318467621,0.959001629567124,0.005590079799583065,5.0
2026-10-07 15:20:00,0.008503791,0.2696414542316939,0.6899999845772982,9.499999787658453,0.01929206682267472,0.6249937650240874,0.6442858318467621,0.9224310770232707,0.005590079799583065,5.0
2026-10-07 15:30:00,0.008503791,0.2305659348060153,0.6899999845772982,9.499999787658453,0.01929206682267472,0.6249937650240874,0.6442858318467621,0.8833555575975921,0.005590079799583065,5.0
2026-10-07 15:40:00,0.008503791,0.18930493871890325,0.6899999845772982,9.499999787658453,0.01929206682267472,0.6249937650240874,0.6442858318467621,0.84209456151048,0.005590079799583065,5.0
2026-10-07 15:50:00,0.008503791,0.14619844600401458,0.6899999845772982,9.499999787658453,0.01929206682267472,0.6249937650240874,0.6442858318467621,0.7989880687955914,0.005590079799583065,5.0
2026-10-07 16:00:00,0.008503791,0.10160306611160229,0.6899999845772982,9.499999787658453,0.01929206682267472,0.6249937650240874,0.6442858318467621,0.7543926889031791,0.005590079799583065,5.0
2026-10-07 16:10:00,0.008503791,0.0558878983325917,0.6899999845772982,9.499999787658453,0.01929206682267472,0.6249937650240874,0.6442858318467621,0.7086775211241685,0.005590079799583065,5.0
2026-10-07 16:20:00,0.008503791,0.0094301805223101,0.6899999845772982,9.499999787658453,0.01929206682267472,0.6249937650240874,0.6442858318467621,0.662219803313887,0.005590079799583065,5.0
2026-10-07 16:30:00,0.008503791,-0.03738918603245522,0.6899999845772982,9.499999787658453,0.01929206682267472,0.6249937650240874,0.6442858318467621,0.6154004367591216,0.005590079799583065,5.0
2026-10-07 16:40:00,0.008503791,-0.08419012976273996,0.6899999845772982,9.499999787658453,0.01929206682267472,0.6249937650240874,0.6442858318467621,0.5685994930288368,0.005590079799583065,5.0
2026-10-07 16:50:00,0.008503791,-0.13059780134819668,0.6899999845772982,9.499999787658453,0.01929206682267472,0.6249937650240874,0.6442858318467621,0.5221918214433802,0.005590079799583065,5.0
2026-10-07 17:00:00,0.008503791,-0.1762467412415733,0.6899999845772982,9.499999787658453,0.01929206682267472,0.6249937650240874,0.6442858318467621,0.4765428815500035,0.005590079799583065,5.0
2026-10-07 17:10:00,0.008503791,-0.22078470106418857,0.6899999845772982,9.499999787658453,0.01929206682267472,0.6249937650240874,0.6442858318467621,0.43200492172738825,0.005590079799583065,5.0
2026-10-07 17:20:00,0.008503791,-0.2638760102211917,0.6899999845772982,9.499999787658453,0.01929206682267472,0.6249937650240874,0.6442858318467621,0.3889136125703851,0.005590079799583065,5.0
2026-10-07 17:30:00,0.008503791,-0.30520440071267885,0.6899999845772982,9.499999787658453,0.01929206682267472,0.6249937650240874,0.6442858318467621,0.34758522207889797,0.005590079799583065,5.0
2026-10-07 17:40:00,0.008503791,-0.3444752324507006,0.6899999845772982,9.499999787658453,0.01929206682267472,0.6249937650240874,0.6442858318467621,0.3083143903408762,0.005590079799583065,5.0
2026-10-07 17:50:00,0.008503791,-0.3814170959806796,0.6899999845772982,9.499999787658453,0.01929206682267472,0.6249937650240874,0.6442858318467621,0.27137252681089724,0.005590079799583065,5.0
2026-10-07 18:00:00,0.008503791,-0.41578280671958334,0.7199999839067459,9.48999978788197,0.0196862532417216,0.6377639910670488,0.6574502443087704,0.25017122853400175,0.005590079799583065,5.0
2026-10-07 18:10:00,0.008503791,-0.44734984092916075,0.7199999839067459,9.48999978788197,0.0196862532417216,0.6377639910670488,0.6574502443087704,0.21860419432442435,0.005590079799583065,5.0
2026-10-07 18:20:00,0.008503791,-0.4759202956462451,0.7199999839067459,9.48999978788197,0.0196862532417216,0.6377639910670488,0.6574502443087704,0.19003373960734,0.005590079799583065,5.0
2026-10-07 18:30:00,0.008503791,-0.5013204792998116,0.7199999839067459,9.48999978788197,0.0196862532417216,0.6377639910670488,0.6574502443087704,0.1646335559537735,0.005590079799583065,5.0
2026-10-07 18:40:00,0.008503791,-0.5234002546967974,0.7199999839067459,9.48999978788197,0.0196862532417216,0.6377639910670488,0.6574502443087704,0.1425537805567877,0.005590079799583065,5.0
2026-10-07 18:50:00,0.008503791,-0.5420322597720681,0.7199999839067459,9.48999978788197,0.0196862532417216,0.6377639910670488,0.6574502443087704,0.12392177548151695,0.005590079799583065,5.0
2026-10-07 19:00:00,0.008503791,-0.5571111238368429,0.7199999839067459,9.48999978788197,0.0196862532417216,0.6377639910670488,0.6574502443087704,0.10884291141674218,0.005590079799583065,5.0
2026-10-07 19:10:00,0.008503791,-0.5685527787604172,0.7199999839067459,9.48999978788197,0.0196862532417216,0.6377639910670488,0.6574502443087704,0.09740125649316789,0.005590079799583065,5.0
2026-10-07 19:20:00,0.008503791,-0.5762939375944077,0.7199999839067459,9.48999978788197,0.0196862532417216,0.6377639910670488,0.6574502443087704,0.08966009765917737,0.005590079799583065,5.0
2026-10-07 19:30:00,0.008503791,-0.5802917803803449,0.7199999839067459,9.48999978788197,0.0196862532417216,0.6377639910670488,0.6574502443087704,0.0856622548732402,0.005590079799583065,5.0
2026-10-07 19:40:00,0.008503791,-0.5805238517719082,0.7199999839067459,9.48999978788197,0.0196862532417216,0.6377639910670488,0.6574502443087704,0.08543018348167686,0.005590079799583065,5.0
2026-10-07 19:50:00,0.008503791,-0.5769881412921501,0.7199999839067459,9.48999978788197,0.0196862532417216,0.6377639910670488,0.6574502443087704,0.08896589396143495,0.005590079799583065,5.0
2026-10-07 20:00:00,0.008503791,-0.5697032881288139,0.7199999839067459,9.48999978788197,0.0196862532417216,0.6377639910670488,0.6574502443087704,0.09625074712477122,0.005590079799583065,5.0
2026-10-07 20:10:00,0.008503791,-0.5587088312944005,0.7199999839067459,9.48999978788197,0.0196862532417216,0.6377639910670488,0.6574502443087704,0.10724520395918458,0.005590079799583065,5.0
2026-10-07 20:20:00,0.008503791,-0.544065414966123,0.7199999839067459,9.48999978788197,0.0196862532417216,0.6377639910670488,0.6574502443087704,0.12188862028746206,0.005590079799583065,5.0
2026-10-07 20:30:00,0.008503791,-0.5258548589083157,0.7199999839067459,9.48999978788197,0.0196862532417216,0.6377639910670488,0.6574502443087704,0.14009917634526936,0.005590079799583065,5.0
2026-10-07 20:40:00,0.008503791,-0.5041800148886316,0.7199999839067459,9.48999978788197,0.0196862532417216,0.6377639910670488,0.6574502443087704,0.16177402036495347,0.005590079799583065,5.0
2026-10-07 20:50:00,0.008503791,-0.47916435070528557,0.7199999839067459,9.48999978788197,0.0196862532417216,0.6377639910670488,0.6574502443087704,0.18678968454829953,0.005590079799583065,5.0
2026-10-07 21:00:00,0.008503791,-0.45095123129243603,0.7199999839067459,9.469999788329005,0.019644764826038306,0.6364199152165387,0.656064680042577,0.21361723969495566,0.005590079799583065,5.0
2026-10-07 21:10:00,0.008503791,-0.41970289832374946,0.7199999839067459,9.469999788329005,0.019644764826038306,0.6364199152165387,0.656064680042577,0.24486557266364223,0.005590079799583065,5.0
2026-10-07 21:20:00,0.008503791,-0.3855991820676376,0.7199999839067459,9.469999788329005,0.019644764826038306,0.6364199152165387,0.656064680042577,0.2789692889197541,0.005590079799583065,5.0
2026-10-07 21:30:00,0.008503791,-0.34883600824836036,0.7199999839067459,9.469999788329005,0.019644764826038306,0.6364199152165387,0.656064680042577,0.3157324627390313,0.005590079799583065,5.0
2026-10-07 21:40:00,0.008503791,-0.30962378501165255,0.7199999839067459,9.469999788329005,0.019644764826038306,0.6364199152165387,0.656064680042577,0.35494468597573914,0.005590079799583065,5.0
2026-10-07 21:50:00,0.008503791,-0.2681857681537827,0.7199999839067459,9.469999788329005,0.019644764826038306,0.6364199152165387,0.656064680042577,0.396382702833609,0.005590079799583065,5.0
2026-10-07 22:00:00,0.008503791,-0.22475650480729792,0.7199999839067459,9.469999788329005,0.019644764826038306,0.6364199152165387,0.656064680042577,0.43981196618009377,0.005590079799583065,5.0
2026-10-07 22:10:00,0.008503791,-0.17958044641059764,0.7199999839067459,9.469999788329005,0.019644764826038306,0.6364199152165387,0.656064680042577,0.484988024576794,0.005590079799583065,5.0
2026-10-07 22:20:00,0.008503791,-0.13291080178386971,0.7199999839067459,9.469999788329005,0.019644764826038306,0.6364199152165387,0.656064680042577,0.531657669203522,0.005590079799583065,5.0
2026-10-07 22:30:00,0.008503791,-0.0850086723237946,0.7199999839067459,9.469999788329005,0.019644764826038306,0.6364199152165387,0.656064680042577,0.5795597986635971,0.005590079799583065,5.0
2026-10-07 22:40:00,0.008503791,-0.03614247677152674,0.7199999839067459,9.469999788329005,0.019644764826038306,0.6364199152165387,0.656064680042577,0.628425994215865,0.005590079799583065,5.0
2026-10-07 22:50:00,0.008503791,0.013412363874999708,0.7199999839067459,9.469999788329005,0.019644764826038306,0.6364199152165387,0.656064680042577,0.6779808348623914,0.005590079799583065,5.0
2026-10-07 23:00:00,0.008503791,0.06337354610889481,0.7199999839067459,9.469999788329005,0.019644764826038306,0.6364199152165387,0.656064680042577,0.7279420170962865,0.005590079799583065,5.0
2026-10-07 23:10:00,0.008503791,0.1134519032358702,0.7199999839067459,9.469999788329005,0.019644764826038306,0.6364199152165387,0.656064680042577,0.7780203742232619,0.005590079799583065,5.0
2026-10-07 23:20:00,0.008503791,0.1633514408689327,0.7199999839067459,9.469999788329005,0.019644764826038306,0.6364199152165387,0.656064680042577,0.8279199118563244,0.005590079799583065,5.0
2026-10-07 23:30:00,0.008503791,0.21276951613035422,0.7199999839067459,9.469999788329005,0.019644764826038306,0.6364199152165387,0.656064680042577,0.8773379871177459,0.005590079799583065,5.0
2026-10-07 23:40:00,0.008503791,0.26139728706036963,0.7199999839067459,9.469999788329005,0.019644764826038306,0.6364199152165387,0.656064680042577,0.9259657580477614,0.005590079799583065,5.0
2026-10-07 23:50:00,0.008503791,0.30892054552592224,0.7199999839067459,9.469999788329005,0.019644764826038306,0.6364199152165387,0.656064680042577,0.9734890165133139,0.005590079799583065,5.0
2026-10-08 00:00:00,0.008503791,0.3550210229545393,0.7199999839067459,9.469999788329005,0.019644764826038306,0.6364199152165387,0.656064680042577,1.019589493941931,0.005590079799583065,5.0
2026-10-08 00:10:00,,0.39937822544984075,,,,,,,0.005590079799583065,5.0
2026-10-08 00:20:00,,0.44167181650066734,,,,,,,0.005590079799583065,5.0
2026-10-08 00:30:00,,0.4815845250909383,,,,,,,0.005590079799583065,5.0
2026-10-08 00:40:00,,0.5188055181181054,,,,,,,0.005590079799583065,5.0
2026-10-08 00:50:00,,0.5530341421876583,,,,,,,0.005590079799583065,5.0
2026-10-08 01:00:00,,0.5839839137475056,,,,,,,0.005590079799583065,5.0
2026-10-08 01:10:00,,0.6113866201893429,,,,,,,0.005590079799583065,5.0
2026-10-08 01:20:00,,0.6349963887641302,,,,,,,0.005590079799583065,5.0
2026-10-08 01:30:00,,0.6545935848341883,,,,,,,0.005590079799583065,5.0
2026-10-08 01:40:00,,0.6699884147915721,,,,,,,0.005590079799583065,5.0
2026-10-08 01:50:00,,0.6810241299050092,,,,,,,0.005590079799583065,5.0
2026-10-08 02:00:00,,0.6875797527257914,,,,,,,0.005590079799583065,5.0
2026-10-08 02:10:00,,0.6895722746138476,,,,,,,0.005590079799583065,5.0
2026-10-08 02:20:00,,0.6869582985882405,,,,,,,0.005590079799583065,5.0
2026-10-08 02:30:00,,0.6797351237245108,,,,,,,0.005590079799583065,5.0
2026-10-08 02:40:00,,0.6679412838758033,,,,,,,0.005590079799583065,5.0
2026-10-08 02:50:00,,0.6516565638376706,,,,,,,0.005590079799583065,5.0
2026-10-08 03:00:00,,0.6310015200527953,,,,,,,0.005590079799583065,5.0
2026-10-08 03:10:00,,0.6061365316147245,,,,,,,0.005590079799583065,5.0
2026-10-08 03:20:00,,0.5772604021499457,,,,,,,0.005590079799583065,5.0
2026-10-08 03:30:00,,0.5446085262556828,,,,,,,0.005590079799583065,5.0
2026-10-08 03:40:00,,0.5084506278590595,,,,,,,0.005590079799583065,5.0
2026-10-08 03:50:00,,0.4690880741148027,,,,,,,0.005590079799583065,5.0
2026-10-08 04:00:00,,0.4268507692543698,,,,,,,0.005590079799583065,5.0
2026-10-08 04:10:00,,0.3820936388364535,,,,,,,0.005590079799583065,5.0
2026-10-08 04:20:00,,0.3351927267488883,,,,,,,0.005590079799583065,5.0
2026-10-08 04:30:00,,0.28654094401644836,,,,,,,0.005590079799583065,5.0
2026-10-08 04:40:00,,0.2365435288618997,,,,,,,0.005590079799583065,5.0
2026-10-08 04:50:00,,0.18561329919434033,,,,,,,0.005590079799583065,5.0
2026-10-08 05:00:00,,0.13416579917301955,,,,,,,0.005590079799583065,5.0
2026-10-08 05:10:00,,0.08261445832600468,,,,,,,0.005590079799583065,5.0
2026-10-08 05:20:00,,0.03136589198811858,,,,,,,0.005590079799583065,5.0
2026-10-08 05:30:00,,-0.019184525869456286,,,,,,,0.005590079799583065,5.0
2026-10-08 05:40:00,,-0.06865669363386626,,,,,,,0.005590079799583065,5.0
2026-10-08 05:50:00,,-0.11668930972422295,,,,,,,0.005590079799583065,5.0
2026-10-08 06:00:00,,-0.16294281530954932,,,,,,,0.005590079799583065,5.0
2026-10-08 06:10:00,,-0.20710170273747427,,,,,,,0.005590079799583065,5.0
2026-10-08 06:20:00,,-0.24887617685975574,,,,,,,0.005590079799583065,5.0
2026-10-08 06:30:00,,-0.28800319414513365,,,,,,,0.005590079799583065,5.0
2026-10-08 06:40:00,,-0.3242469396216213,,,,,,,0.005590079799583065,5.0
2026-10-08 06:50:00,,-0.3573988313649923,,,,,,,0.005590079799583065,5.0
2026-10-08 07:00:00,,-0.3872771633601964,,,,,,,0.005590079799583065,5.0
2026-10-08 07:10:00,,-0.41372650837327807,,,,,,,0.005590079799583065,5.0
2026-10-08 07:20:00,,-0.4366170018571628,,,,,,,0.005590079799583065,5.0
2026-10-08 07:30:00,,-0.45584361621936703,,,,,,,0.005590079799583065,5.0
2026-10-08 07:40:00,,-0.47132551326782307,,,,,,,0.005590079799583065,5.0
2026-10-08 07:50:00,,-0.4830055337507147,,,,,,,0.005590079799583065,5.0
2026-10-08 08:00:00,,-0.49084984971543033,,,,,,,0.005590079799583065,5.0
2026-10-08 08:10:00,,-0.49484777155730925,,,,,,,0.005590079799583065,5.0
2026-10-08 08:20:00,,-0.49501167068635676,,,,,,,0.005590079799583065,5.0
2026-10-08 08:30:00,,-0.4913769541145057,,,,,,,0.005590079799583065,5.0
2026-10-08 08:40:00,,-0.48400201145557126,,,,,,,0.005590079799583065,5.0
2026-10-08 08:50:00,,-0.4729680496037322,,,,,,,0.005590079799583065,5.0
2026-10-08 09:00:00,,-0.45837873610292185,,,,,,,0.005590079799583065,5.0
2026-10-08 09:10:00,,-0.4403595882490539,,,,,,,0.005590079799583065,5.0
2026-10-08 09:20:00,,-0.4190570694541675,,,,,,,0.005590079799583065,5.0
2026-10-08 09:30:00,,-0.39463738439172086,,,,,,,0.005590079799583065,5.0
2026-10-08 09:40:00,,-0.36728499674430787,,,,,,,0.005590079799583065,5.0
2026-10-08 09:50:00,,-0.33720092393806306,,,,,,,0.005590079799583065,5.0
2026-10-08 10:00:00,,-0.3046008888831748,,,,,,,0.005590079799583065,5.0
2026-10-08 10:10:00,,-0.26971342601161846,,,,,,,0.005590079799583065,5.0
2026-10-08 10:20:00,,-0.23277804602277907,,,,,,,0.005590079799583065,5.0
2026-10-08 10:30:00,,-0.1940435592651071,,,,,,,0.005590079799583065,5.0
2026-10-08 10:40:00,,-0.15376664207079993,,,,,,,0.005590079799583065,5.0
2026-10-08 10:50:00,,-0.11221070481426104,,,,,,,0.005590079799583065,5.0
2026-10-08 11:00:00,,-0.06964508740115273,,,,,,,0.005590079799583065,5.0
2026-10-08 11:10:00,,-0.026344570858756626,,,,,,,0.005590079799583065,5.0
2026-10-08 11:20:00,,0.017410844023997937,,,,,,,0.005590079799583065,5.0
2026-10-08 11:30:00,,0.061335973997111964,,,,,,,0.005590079799583065,5.0
2026-10-08 11:40:00,,0.10514041693671866,,,,,,,0.005590079799583065,5.0
2026-10-08 11:50:00,,0.1485285692873049,,,,,,,0.005590079799583065,5.0
2026-10-08 12:00:00,,0.19119983075031477,,,,,,,0.005590079799583065,5.0
2026-10-08 12:10:00,,0.23284912291647558,,,,,,,0.005590079799583065,5.0
2026-10-08 12:20:00,,0.273167830078688,,,,,,,0.005590079799583065,5.0
2026-10-08 12:30:00,,0.3118452419239018,,,,,,,0.005590079799583065,5.0
2026-10-08 12:40:00,,0.34857054164075324,,,,,,,0.005590079799583065,5.0
2026-10-08 12:50:00,,0.3830353428989192,,,,,,,0.005590079799583065,5.0
2026-10-08 13:00:00,,0.4149367383261289,,,,,,,0.005590079799583065,5.0
2026-10-08 13:10:00,,0.4439807847334042,,,,,,,0.005590079799583065,5.0
2026-10-08 13:20:00,,0.4698863189738412,,,,,,,0.005590079799583065,5.0
2026-10-08 13:30:00,,0.4923889759441662,,,,,,,0.005590079799583065,5.0
2026-10-08 13:40:00,,0.5112452679538148,,,,,,,0.005590079799583065,5.0
2026-10-08 13:50:00,,0.5262365830851851,,,,,,,0.005590079799583065,5.0
2026-10-08 14:00:00,,0.5371729685135231,,,,,,,0.005590079799583065,5.0
2026-10-08 14:10:00,,0.5438965813811584,,,,,,,0.005590079799583065,5.0
2026-10-08 14:20:00,,0.5462847124356022,,,,,,,0.005590079799583065,5.0
2026-10-08 14:30:00,,0.5442523134049503,,,,,,,0.005590079799583065,5.0
2026-10-08 14:40:00,,0.5377539851397204,,,,,,,0.005590079799583065,5.0
2026-10-08 14:50:00,,0.5267854072790052,,,,,,,0.005590079799583065,5.0
2026-10-08 15:00:00,,0.5113842094558011,,,,,,,0.005590079799583065,5.0
2026-10-08 15:10:00,,0.49163029756297194,,,,,,,0.005590079799583065,5.0
2026-10-08 15:20:00,,0.4676456558842622,,,,,,,0.005590079799583065,5.0
2026-10-08 15:30:00,,0.43959364732455974,,,,,,,0.005590079799583065,5.0
2026-10-08 15:40:00,,0.40767783099743987,,,,,,,0.005590079799583065,5.0
2026-10-08 15:50:00,,0.37214031053612273,,,,,,,0.005590079799583065,5.0
2026-10-08 16:00:00,,0.33325962043538226,,,,,,,0.005590079799583065,5.0
2026-10-08 16:10:00,,0.29134815292433275,,,,,,,0.005590079799583065,5.0
2026-10-08 16:20:00,,0.24674912728604584,,,,,,,0.005590079799583065,5.0
2026-10-08 16:30:00,,0.19983310745836758,,,,,,,0.005590079799583065,5.0
2026-10-08 16:40:00,,0.15099408380133228,,,,,,,0.005590079799583065,5.0
2026-10-08 16:50:00,,0.10064515025835076,,,,,,,0.005590079799583065,5.0
2026-10-08 17:00:00,,0.04921382779003052,,,,,,,0.005590079799583065,5.0
2026-10-08 17:10:00,,-0.0028628925257911777,,,,,,,0.005590079799583065,5.0
2026-10-08 17:20:00,,-0.05514369115889827,,,,,,,0.005590079799583065,5.0
2026-10-08 17:30:00,,-0.10718813077403345,,,,,,,0.005590079799583065,5.0
2026-10-08 17:40:00,,-0.15856180565442737,,,,,,,0.005590079799583065,5.0
2026-10-08 17:50:00,,-0.20884129214727215,,,,,,,0.005590079799583065,5.0
2026-10-08 18:00:00,,-0.2576187643013375,,,,,,,0.005590079799583065,5.0
2026-10-08 18:10:00,,-0.30450615029078704,,,,,,,0.005590079799583065,5.0
2026-10-08 18:20:00,,-0.34913872618541625,,,,,,,0.005590079799583065,5.0
2026-10-08 18:30:00,,-0.39117807280615036,,,,,,,0.005590079799583065,5.0
2026-10-08 18:40:00,,-0.43031435630217757,,,,,,,0.005590079799583065,5.0
2026-10-08 18:50:00,,-0.4662679311920088,,,,,,,0.005590079799583065,5.0
2026-10-08 19:00:00,,-0.4987903019922617,,,,,,,0.005590079799583065,5.0
2026-10-08 19:10:00,,-0.5276645135168779,,,,,,,0.005590079799583065,5.0
2026-10-08 19:20:00,,-0.552705066544949,,,,,,,0.005590079799583065,5.0
2026-10-08 19:30:00,,-0.5737574731891464,,,,,,,0.005590079799583065,5.0
2026-10-08 19:40:00,,-0.5906975727303574,,,,,,,0.005590079799583065,5.0
2026-10-08 19:50:00,,-0.6034307239554232,,,,,,,0.005590079799583065,5.0
2026-10-08 20:00:00,,-0.6118909746354377,,,,,,,0.005590079799583065,5.0
2026-10-08 20:10:00,,-0.61604028462612,,,,,,,0.005590079799583065,5.0
2026-10-08 20:20:00,,-0.6158678488950493,,,,,,,0.005590079799583065,5.0
2026-10-08 20:30:00,,-0.6113895339333905,,,,,,,0.005590079799583065,5.0
2026-10-08 20:40:00,,-0.6026474091227958,,,,,,,0.005590079799583065,5.0
2026-10-08 20:50:00,,-0.5897093272490485,,,,,,,0.005590079799583065,5.0
2026-10-08 21:00:00,,-0.5726684883879374,,,,,,,0.005590079799583065,5.0
2026-10-08 21:10:00,,-0.5516429111135767,,,,,,,0.005590079799583065,5.0
2026-10-08 21:20:00,,-0.5267747354160025,,,,,,,0.005590079799583065,5.0
2026-10-08 21:30:00,,-0.4982292927395377,,,,,,,0.005590079799583065,5.0
2026-10-08 21:40:00,,-0.466193899002038,,,,,,,0.005590079799583065,5.0
2026-10-08 21:50:00,,-0.4308763537283473,,,,,,,0.005590079799583065,5.0
2026-10-08 22:00:00,,-0.39250315978284817,,,,,,,0.005590079799583065,5.0
2026-10-08 22:10:00,,-0.3513175094246526,,,,,,,0.005590079799583065,5.0
2026-10-08 22:20:00,,-0.30757711056615816,,,,,,,0.005590079799583065,5.0
2026-10-08 22:30:00,,-0.2615519481299637,,,,,,,0.005590079799583065,5.0
2026-10-08 22:40:00,,-0.21352208719147117,,,,,,,0.005590079799583065,5.0
2026-10-08 22:50:00,,-0.163775625206827,,,,,,,0.005590079799583065,5.0
2026-10-08 23:00:00,,-0.11260688961528043,,,,,,,0.005590079799583065,5.0
2026-10-08 23:10:00,,-0.06031495546510419,,,,,,,0.005590079799583065,5.0
2026-10-08 23:20:00,,-0.007202526976106425,,,,,,,0.005590079799583065,5.0
2026-10-08 23:30:00,,0.0464248093659693,,,,,,,0.005590079799583065,5.0
2026-10-08 23:40:00,,0.1002589917272986,,,,,,,0.005590079799583065,5.0
2026-10-08 23:50:00,,0.15398961844969883,,,,,,,0.005590079799583065,5.0
