,SSH_10min,Tide_10min,Significant_Wave_Height,Peak_Wave_Period,Wave_Setup,Wave_Swash,Wave_Runup,Total_Water_Level,beach_slope,water_depth
2026-08-24 00:00:00,0.026706617,0.12017006070653635,1.0099999774247408,12.15999972820282,0.06290058702570524,0.9751278534880405,1.0380284405137459,1.1849051185458266,0.01176922423603593,6.0
2026-08-24 00:10:00,0.026706617,0.13939573760635315,1.0099999774247408,12.15999972820282,0.06290058702570524,0.9751278534880405,1.0380284405137459,1.2041307954456433,0.01176922423603593,6.0
2026-08-24 00:20:00,0.026706617,0.15729950801041423,1.0099999774247408,12.15999972820282,0.06290058702570524,0.9751278534880405,1.0380284405137459,1.2220345658497045,0.01176922423603593,6.0
2026-08-24 00:30:00,0.026706617,0.17375395377784045,1.0099999774247408,12.15999972820282,0.06290058702570524,0.9751278534880405,1.0380284405137459,1.2384890116171308,0.01176922423603593,6.0
2026-08-24 00:40:00,0.026706617,0.1886372166032441,1.0099999774247408,12.15999972820282,0.06290058702570524,0.9751278534880405,1.0380284405137459,1.2533722744425344,0.01176922423603593,6.0
2026-08-24 00:50:00,0.026706617,0.20183515296904328,1.0099999774247408,12.15999972820282,0.06290058702570524,0.9751278534880405,1.0380284405137459,1.2665702108083334,0.01176922423603593,6.0
2026-08-24 01:00:00,0.026706617,0.21324347494583026,1.0099999774247408,12.15999972820282,0.06290058702570524,0.9751278534880405,1.0380284405137459,1.2779785327851205,0.01176922423603593,6.0
2026-08-24 01:10:00,0.026706617,0.22276977833070477,1.0099999774247408,12.15999972820282,0.06290058702570524,0.9751278534880405,1.0380284405137459,1.287504836169995,0.01176922423603593,6.0
2026-08-24 01:20:00,0.026706617,0.2303353773635122,1.0099999774247408,12.15999972820282,0.06290058702570524,0.9751278534880405,1.0380284405137459,1.2950704352028024,0.01176922423603593,6.0
2026-08-24 01:30:00,0.026706617,0.23587688778392862,1.0099999774247408,12.15999972820282,0.06290058702570524,0.9751278534880405,1.0380284405137459,1.3006119456232188,0.01176922423603593,6.0
2026-08-24 01:40:00,0.026706617,0.2393475244355693,1.0099999774247408,12.15999972820282,0.06290058702570524,0.9751278534880405,1.0380284405137459,1.3040825822748596,0.01176922423603593,6.0
2026-08-24 01:50:00,0.026706617,0.24071810296584747,1.0099999774247408,12.15999972820282,0.06290058702570524,0.9751278534880405,1.0380284405137459,1.3054531608051376,0.01176922423603593,6.0
2026-08-24 02:00:00,0.026706617,0.23997775494870005,1.0099999774247408,12.15999972820282,0.06290058702570524,0.9751278534880405,1.0380284405137459,1.3047128127879903,0.01176922423603593,6.0
2026-08-24 02:10:00,0.026706617,0.23713437986408903,1.0099999774247408,12.15999972820282,0.06290058702570524,0.9751278534880405,1.0380284405137459,1.3018694377033793,0.01176922423603593,6.0
2026-08-24 02:20:00,0.026706617,0.2322148648112857,1.0099999774247408,12.15999972820282,0.06290058702570524,0.9751278534880405,1.0380284405137459,1.296949922650576,0.01176922423603593,6.0
2026-08-24 02:30:00,0.026706617,0.22526510333660046,1.0099999774247408,12.15999972820282,0.06290058702570524,0.9751278534880405,1.0380284405137459,1.2900001611758907,0.01176922423603593,6.0
2026-08-24 02:40:00,0.026706617,0.21634983903764046,1.0099999774247408,12.15999972820282,0.06290058702570524,0.9751278534880405,1.0380284405137459,1.2810848968769306,0.01176922423603593,6.0
2026-08-24 02:50:00,0.026706617,0.2055523493334667,1.0099999774247408,12.15999972820282,0.06290058702570524,0.9751278534880405,1.0380284405137459,1.270287407172757,0.01176922423603593,6.0
2026-08-24 03:00:00,0.026706617,0.19297397187487328,0.979999978095293,11.859999734908342,0.06043077495431627,0.9368391401774929,0.9972699151318092,1.2169505043322268,0.01176922423603593,6.0
2026-08-24 03:10:00,0.026706617,0.17873346319323438,0.979999978095293,11.859999734908342,0.06043077495431627,0.9368391401774929,0.9972699151318092,1.202709995650588,0.01176922423603593,6.0
2026-08-24 03:20:00,0.026706617,0.16296616847578943,0.979999978095293,11.859999734908342,0.06043077495431627,0.9368391401774929,0.9972699151318092,1.186942700933143,0.01176922423603593,6.0
2026-08-24 03:30:00,0.026706617,0.14582297518266177,0.979999978095293,11.859999734908342,0.06043077495431627,0.9368391401774929,0.9972699151318092,1.1697995076400154,0.01176922423603593,6.0
2026-08-24 03:40:00,0.026706617,0.1274690227009617,0.979999978095293,11.859999734908342,0.06043077495431627,0.9368391401774929,0.9972699151318092,1.1514455551583151,0.01176922423603593,6.0
2026-08-24 03:50:00,0.026706617,0.10808214644911493,0.979999978095293,11.859999734908342,0.06043077495431627,0.9368391401774929,0.9972699151318092,1.1320586789064684,0.01176922423603593,6.0
2026-08-24 04:00:00,0.026706617,0.0878510470879595,0.979999978095293,11.859999734908342,0.06043077495431627,0.9368391401774929,0.9972699151318092,1.111827579545313,0.01176922423603593,6.0
2026-08-24 04:10:00,0.026706617,0.06697319308802287,0.979999978095293,11.859999734908342,0.06043077495431627,0.9368391401774929,0.9972699151318092,1.0909497255453764,0.01176922423603593,6.0
2026-08-24 04:20:00,0.026706617,0.04565248567518645,0.979999978095293,11.859999734908342,0.06043077495431627,0.9368391401774929,0.9972699151318092,1.06962901813254,0.01176922423603593,6.0
2026-08-24 04:30:00,0.026706617,0.024096736785080872,0.979999978095293,11.859999734908342,0.06043077495431627,0.9368391401774929,0.9972699151318092,1.0480732692424344,0.01176922423603593,6.0
2026-08-24 04:40:00,0.026706617,0.0025150305581842143,0.979999978095293,11.859999734908342,0.06043077495431627,0.9368391401774929,0.9972699151318092,1.0264915630155378,0.01176922423603593,6.0
2026-08-24 04:50:00,0.026706617,-0.018884945735459555,0.979999978095293,11.859999734908342,0.06043077495431627,0.9368391401774929,0.9972699151318092,1.005091586721894,0.01176922423603593,6.0
2026-08-24 05:00:00,0.026706617,-0.039899506536490985,0.979999978095293,11.859999734908342,0.06043077495431627,0.9368391401774929,0.9972699151318092,0.9840770259208625,0.01176922423603593,6.0
2026-08-24 05:10:00,0.026706617,-0.060331413125884976,0.979999978095293,11.859999734908342,0.06043077495431627,0.9368391401774929,0.9972699151318092,0.9636451193314686,0.01176922423603593,6.0
2026-08-24 05:20:00,0.026706617,-0.07999207151776715,0.979999978095293,11.859999734908342,0.06043077495431627,0.9368391401774929,0.9972699151318092,0.9439844609395864,0.01176922423603593,6.0
2026-08-24 05:30:00,0.026706617,-0.09870341195126255,0.979999978095293,11.859999734908342,0.06043077495431627,0.9368391401774929,0.9972699151318092,0.925273120506091,0.01176922423603593,6.0
2026-08-24 05:40:00,0.026706617,-0.11629940220433058,0.979999978095293,11.859999734908342,0.06043077495431627,0.9368391401774929,0.9972699151318092,0.907677130253023,0.01176922423603593,6.0
2026-08-24 05:50:00,0.026706617,-0.13262717508688604,0.979999978095293,11.859999734908342,0.06043077495431627,0.9368391401774929,0.9972699151318092,0.8913493573704675,0.01176922423603593,6.0
2026-08-24 06:00:00,0.026706617,-0.14754778064631033,0.9399999789893627,11.88999973423779,0.059334353970380053,0.9198416733629458,0.9791760273333258,0.8583348640125598,0.01176922423603593,6.0
2026-08-24 06:10:00,0.026706617,-0.16093660255636724,0.9399999789893627,11.88999973423779,0.059334353970380053,0.9198416733629458,0.9791760273333258,0.8449460421025029,0.01176922423603593,6.0
2026-08-24 06:20:00,0.026706617,-0.17268350282278053,0.9399999789893627,11.88999973423779,0.059334353970380053,0.9198416733629458,0.9791760273333258,0.8331991418360896,0.01176922423603593,6.0
2026-08-24 06:30:00,0.026706617,-0.18269277656126254,0.9399999789893627,11.88999973423779,0.059334353970380053,0.9198416733629458,0.9791760273333258,0.8231898680976075,0.01176922423603593,6.0
2026-08-24 06:40:00,0.026706617,-0.19088300714949985,0.9399999789893627,11.88999973423779,0.059334353970380053,0.9198416733629458,0.9791760273333258,0.8149996375093702,0.01176922423603593,6.0
2026-08-24 06:50:00,0.026706617,-0.19718691047986694,0.9399999789893627,11.88999973423779,0.059334353970380053,0.9198416733629458,0.9791760273333258,0.8086957341790032,0.01176922423603593,6.0
2026-08-24 07:00:00,0.026706617,-0.2015512453612655,0.9399999789893627,11.88999973423779,0.059334353970380053,0.9198416733629458,0.9791760273333258,0.8043313992976047,0.01176922423603593,6.0
2026-08-24 07:10:00,0.026706617,-0.20393684647753949,0.9399999789893627,11.88999973423779,0.059334353970380053,0.9198416733629458,0.9791760273333258,0.8019457981813306,0.01176922423603593,6.0
2026-08-24 07:20:00,0.026706617,-0.20431880891847834,0.9399999789893627,11.88999973423779,0.059334353970380053,0.9198416733629458,0.9791760273333258,0.8015638357403918,0.01176922423603593,6.0
2026-08-24 07:30:00,0.026706617,-0.20268682206860356,0.9399999789893627,11.88999973423779,0.059334353970380053,0.9198416733629458,0.9791760273333258,0.8031958225902666,0.01176922423603593,6.0
2026-08-24 07:40:00,0.026706617,-0.1990456191204447,0.9399999789893627,11.88999973423779,0.059334353970380053,0.9198416733629458,0.9791760273333258,0.8068370255384254,0.01176922423603593,6.0
2026-08-24 07:50:00,0.026706617,-0.19341548013973842,0.9399999789893627,11.88999973423779,0.059334353970380053,0.9198416733629458,0.9791760273333258,0.8124671645191317,0.01176922423603593,6.0
2026-08-24 08:00:00,0.026706617,-0.18583270489263112,0.9399999789893627,11.88999973423779,0.059334353970380053,0.9198416733629458,0.9791760273333258,0.820049939766239,0.01176922423603593,6.0
2026-08-24 08:10:00,0.026706617,-0.17634995904795403,0.9399999789893627,11.88999973423779,0.059334353970380053,0.9198416733629458,0.9791760273333258,0.8295326856109161,0.01176922423603593,6.0
2026-08-24 08:20:00,0.026706617,-0.16503639575551296,0.9399999789893627,11.88999973423779,0.059334353970380053,0.9198416733629458,0.9791760273333258,0.8408462489033571,0.01176922423603593,6.0
2026-08-24 08:30:00,0.026706617,-0.15197746442726598,0.9399999789893627,11.88999973423779,0.059334353970380053,0.9198416733629458,0.9791760273333258,0.8539051802316041,0.01176922423603593,6.0
2026-08-24 08:40:00,0.026706617,-0.13727433912996564,0.9399999789893627,11.88999973423779,0.059334353970380053,0.9198416733629458,0.9791760273333258,0.8686083055289044,0.01176922423603593,6.0
2026-08-24 08:50:00,0.026706617,-0.12104292858230675,0.9399999789893627,11.88999973423779,0.059334353970380053,0.9198416733629458,0.9791760273333258,0.8848397160765633,0.01176922423603593,6.0
2026-08-24 09:00:00,0.026706617,-0.10341246527512134,0.909999979659915,11.899999734014273,0.05842895166978954,0.905805508620045,0.9642344602898346,0.8875286123402576,0.01176922423603593,6.0
2026-08-24 09:10:00,0.026706617,-0.08452370932413975,0.909999979659915,11.899999734014273,0.05842895166978954,0.905805508620045,0.9642344602898346,0.9064173682912392,0.01176922423603593,6.0
2026-08-24 09:20:00,0.026706617,-0.06452683922178343,0.909999979659915,11.899999734014273,0.05842895166978954,0.905805508620045,0.9642344602898346,0.9264142383935956,0.01176922423603593,6.0
2026-08-24 09:30:00,0.026706617,-0.043579132960811534,0.909999979659915,11.899999734014273,0.05842895166978954,0.905805508620045,0.9642344602898346,0.9473619446545675,0.01176922423603593,6.0
2026-08-24 09:40:00,0.026706617,-0.021842565555388146,0.909999979659915,11.899999734014273,0.05842895166978954,0.905805508620045,0.9642344602898346,0.9690985120599909,0.01176922423603593,6.0
2026-08-24 09:50:00,0.026706617,0.0005185396000875353,0.909999979659915,11.899999734014273,0.05842895166978954,0.905805508620045,0.9642344602898346,0.9914596172154665,0.01176922423603593,6.0
2026-08-24 10:00:00,0.026706617,0.023339669344038395,0.909999979659915,11.899999734014273,0.05842895166978954,0.905805508620045,0.9642344602898346,1.0142807469594173,0.01176922423603593,6.0
2026-08-24 10:10:00,0.026706617,0.04645796718843302,0.909999979659915,11.899999734014273,0.05842895166978954,0.905805508620045,0.9642344602898346,1.037399044803812,0.01176922423603593,6.0
2026-08-24 10:20:00,0.026706617,0.06971367101189818,0.909999979659915,11.899999734014273,0.05842895166978954,0.905805508620045,0.9642344602898346,1.060654748627277,0.01176922423603593,6.0
2026-08-24 10:30:00,0.026706617,0.09295108037858847,0.909999979659915,11.899999734014273,0.05842895166978954,0.905805508620045,0.9642344602898346,1.0838921579939675,0.01176922423603593,6.0
2026-08-24 10:40:00,0.026706617,0.11601903270259181,0.909999979659915,11.899999734014273,0.05842895166978954,0.905805508620045,0.9642344602898346,1.1069601103179707,0.01176922423603593,6.0
2026-08-24 10:50:00,0.026706617,0.1387709104607572,0.909999979659915,11.899999734014273,0.05842895166978954,0.905805508620045,0.9642344602898346,1.1297119880761362,0.01176922423603593,6.0
2026-08-24 11:00:00,0.026706617,0.16106424263544536,0.909999979659915,11.899999734014273,0.05842895166978954,0.905805508620045,0.9642344602898346,1.1520053202508242,0.01176922423603593,6.0
2026-08-24 11:10:00,0.026706617,0.18275999864728534,0.909999979659915,11.899999734014273,0.05842895166978954,0.905805508620045,0.9642344602898346,1.1737010762626643,0.01176922423603593,6.0
2026-08-24 11:20:00,0.026706617,0.20372169893919292,0.909999979659915,11.899999734014273,0.05842895166978954,0.905805508620045,0.9642344602898346,1.1946627765545719,0.01176922423603593,6.0
2026-08-24 11:30:00,0.026706617,0.22381448077044497,0.909999979659915,11.899999734014273,0.05842895166978954,0.905805508620045,0.9642344602898346,1.214755558385824,0.01176922423603593,6.0
2026-08-24 11:40:00,0.026706617,0.24290425950368785,0.909999979659915,11.899999734014273,0.05842895166978954,0.905805508620045,0.9642344602898346,1.233845337119067,0.01176922423603593,6.0
2026-08-24 11:50:00,0.026706617,0.26085711475338313,0.909999979659915,11.899999734014273,0.05842895166978954,0.905805508620045,0.9642344602898346,1.2517981923687622,0.01176922423603593,6.0
2026-08-24 12:00:00,0.026706617,0.27753900860637215,0.8899999801069498,11.859999734908342,0.05758907846966479,0.8927852207409337,0.9503742992105985,1.254619925142515,0.01176922423603593,6.0
2026-08-24 12:10:00,0.026706617,0.29281591207195656,0.8899999801069498,11.859999734908342,0.05758907846966479,0.8927852207409337,0.9503742992105985,1.2698968286080994,0.01176922423603593,6.0
2026-08-24 12:20:00,0.026706617,0.3065543791847976,0.8899999801069498,11.859999734908342,0.05758907846966479,0.8927852207409337,0.9503742992105985,1.2836352957209405,0.01176922423603593,6.0
2026-08-24 12:30:00,0.026706617,0.3186225694336397,0.8899999801069498,11.859999734908342,0.05758907846966479,0.8927852207409337,0.9503742992105985,1.2957034859697825,0.01176922423603593,6.0
2026-08-24 12:40:00,0.026706617,0.32889168211738257,0.8899999801069498,11.859999734908342,0.05758907846966479,0.8927852207409337,0.9503742992105985,1.3059725986535253,0.01176922423603593,6.0
2026-08-24 12:50:00,0.026706617,0.33723773424306347,0.8899999801069498,11.859999734908342,0.05758907846966479,0.8927852207409337,0.9503742992105985,1.3143186507792062,0.01176922423603593,6.0
2026-08-24 13:00:00,0.026706617,0.3435435894011223,0.8899999801069498,11.859999734908342,0.05758907846966479,0.8927852207409337,0.9503742992105985,1.320624505937265,0.01176922423603593,6.0
2026-08-24 13:10:00,0.026706617,0.34770113044998396,0.8899999801069498,11.859999734908342,0.05758907846966479,0.8927852207409337,0.9503742992105985,1.324782046986127,0.01176922423603593,6.0
2026-08-24 13:20:00,0.026706617,0.34961346457026404,0.8899999801069498,11.859999734908342,0.05758907846966479,0.8927852207409337,0.9503742992105985,1.326694381106407,0.01176922423603593,6.0
2026-08-24 13:30:00,0.026706617,0.34919705483762975,0.8899999801069498,11.859999734908342,0.05758907846966479,0.8927852207409337,0.9503742992105985,1.3262779713737727,0.01176922423603593,6.0
2026-08-24 13:40:00,0.026706617,0.3463836865534542,0.8899999801069498,11.859999734908342,0.05758907846966479,0.8927852207409337,0.9503742992105985,1.323464603089597,0.01176922423603593,6.0
2026-08-24 13:50:00,0.026706617,0.3411221968899044,0.8899999801069498,11.859999734908342,0.05758907846966479,0.8927852207409337,0.9503742992105985,1.3182031134260472,0.01176922423603593,6.0
2026-08-24 14:00:00,0.026706617,0.3333799201367946,0.8899999801069498,11.859999734908342,0.05758907846966479,0.8927852207409337,0.9503742992105985,1.3104608366729376,0.01176922423603593,6.0
2026-08-24 14:10:00,0.026706617,0.32314382514874856,0.8899999801069498,11.859999734908342,0.05758907846966479,0.8927852207409337,0.9503742992105985,1.3002247416848913,0.01176922423603593,6.0
2026-08-24 14:20:00,0.026706617,0.3104213434959449,0.8899999801069498,11.859999734908342,0.05758907846966479,0.8927852207409337,0.9503742992105985,1.2875022600320878,0.01176922423603593,6.0
2026-08-24 14:30:00,0.026706617,0.2952409041806672,0.8899999801069498,11.859999734908342,0.05758907846966479,0.8927852207409337,0.9503742992105985,1.2723218207168099,0.01176922423603593,6.0
2026-08-24 14:40:00,0.026706617,0.2776522019129937,0.8899999801069498,11.859999734908342,0.05758907846966479,0.8927852207409337,0.9503742992105985,1.2547331184491366,0.01176922423603593,6.0
2026-08-24 14:50:00,0.026706617,0.2577262301158044,0.8899999801069498,11.859999734908342,0.05758907846966479,0.8927852207409337,0.9503742992105985,1.2348071466519472,0.01176922423603593,6.0
2026-08-24 15:00:00,0.026706617,0.23555510746013295,0.8699999805539846,11.729999737814069,0.05631422026111262,0.8730214982195674,0.9293357184806801,1.1915974432663574,0.01176922423603593,6.0
2026-08-24 15:10:00,0.026706617,0.21125171876222854,0.8699999805539846,11.729999737814069,0.05631422026111262,0.8730214982195674,0.9293357184806801,1.167294054568453,0.01176922423603593,6.0
2026-08-24 15:20:00,0.026706617,0.18494917953455428,0.8699999805539846,11.729999737814069,0.05631422026111262,0.8730214982195674,0.9293357184806801,1.1409915153407788,0.01176922423603593,6.0
2026-08-24 15:30:00,0.026706617,0.1568001204746795,0.8699999805539846,11.729999737814069,0.05631422026111262,0.8730214982195674,0.9293357184806801,1.1128424562809038,0.01176922423603593,6.0
2026-08-24 15:40:00,0.026706617,0.12697577641463226,0.8699999805539846,11.729999737814069,0.05631422026111262,0.8730214982195674,0.9293357184806801,1.0830181122208566,0.01176922423603593,6.0
2026-08-24 15:50:00,0.026706617,0.09566485567557048,0.8699999805539846,11.729999737814069,0.05631422026111262,0.8730214982195674,0.9293357184806801,1.0517071914817948,0.01176922423603593,6.0
2026-08-24 16:00:00,0.026706617,0.0630721625683983,0.8699999805539846,11.729999737814069,0.05631422026111262,0.8730214982195674,0.9293357184806801,1.0191144983746228,0.01176922423603593,6.0
2026-08-24 16:10:00,0.026706617,0.029416948645938957,0.8699999805539846,11.729999737814069,0.05631422026111262,0.8730214982195674,0.9293357184806801,0.9854592844521634,0.01176922423603593,6.0
2026-08-24 16:20:00,0.026706617,-0.0050690221317402665,0.8699999805539846,11.729999737814069,0.05631422026111262,0.8730214982195674,0.9293357184806801,0.9509733136744841,0.01176922423603593,6.0
2026-08-24 16:30:00,0.026706617,-0.04014369394278389,0.8699999805539846,11.729999737814069,0.05631422026111262,0.8730214982195674,0.9293357184806801,0.9158986418634405,0.01176922423603593,6.0
2026-08-24 16:40:00,0.026706617,-0.07555720533093313,0.8699999805539846,11.729999737814069,0.05631422026111262,0.8730214982195674,0.9293357184806801,0.8804851304752913,0.01176922423603593,6.0
2026-08-24 16:50:00,0.026706617,-0.1110545993234868,0.8699999805539846,11.729999737814069,0.05631422026111262,0.8730214982195674,0.9293357184806801,0.8449877364827376,0.01176922423603593,6.0
2026-08-24 17:00:00,0.026706617,-0.14637869439330026,0.8699999805539846,11.729999737814069,0.05631422026111262,0.8730214982195674,0.9293357184806801,0.8096636414129241,0.01176922423603593,6.0
2026-08-24 17:10:00,0.026706617,-0.1812730349365257,0.8699999805539846,11.729999737814069,0.05631422026111262,0.8730214982195674,0.9293357184806801,0.7747693008696988,0.01176922423603593,6.0
2026-08-24 17:20:00,0.026706617,-0.2154848273778437,0.8699999805539846,11.729999737814069,0.05631422026111262,0.8730214982195674,0.9293357184806801,0.7405575084283808,0.01176922423603593,6.0
2026-08-24 17:30:00,0.026706617,-0.24876776278196336,0.8699999805539846,11.729999737814069,0.05631422026111262,0.8730214982195674,0.9293357184806801,0.7072745730242611,0.01176922423603593,6.0
2026-08-24 17:40:00,0.026706617,-0.28088463027942706,0.8699999805539846,11.729999737814069,0.05631422026111262,0.8730214982195674,0.9293357184806801,0.6751577055267974,0.01176922423603593,6.0
2026-08-24 17:50:00,0.026706617,-0.3116096377142263,0.8699999805539846,11.729999737814069,0.05631422026111262,0.8730214982195674,0.9293357184806801,0.6444326980919981,0.01176922423603593,6.0
2026-08-24 18:00:00,0.026706617,-0.34073037596775907,0.8699999805539846,11.559999741613865,0.05549807214138635,0.8603690127381245,0.9158670848795109,0.6018433262372962,0.01176922423603593,6.0
2026-08-24 18:10:00,0.026706617,-0.3680493895054035,0.8699999805539846,11.559999741613865,0.05549807214138635,0.8603690127381245,0.9158670848795109,0.5745243126996518,0.01176922423603593,6.0
2026-08-24 18:20:00,0.026706617,-0.3933853453753832,0.8699999805539846,11.559999741613865,0.05549807214138635,0.8603690127381245,0.9158670848795109,0.549188356829672,0.01176922423603593,6.0
2026-08-24 18:30:00,0.026706617,-0.4165738231245883,0.8699999805539846,11.559999741613865,0.05549807214138635,0.8603690127381245,0.9158670848795109,0.525999879080467,0.01176922423603593,6.0
2026-08-24 18:40:00,0.026706617,-0.43746777561179223,0.8699999805539846,11.559999741613865,0.05549807214138635,0.8603690127381245,0.9158670848795109,0.5051059265932629,0.01176922423603593,6.0
2026-08-24 18:50:00,0.026706617,-0.45593773263707144,0.8699999805539846,11.559999741613865,0.05549807214138635,0.8603690127381245,0.9158670848795109,0.4866359695679838,0.01176922423603593,6.0
2026-08-24 19:00:00,0.026706617,-0.47187183310307207,0.8699999805539846,11.559999741613865,0.05549807214138635,0.8603690127381245,0.9158670848795109,0.47070186910198314,0.01176922423603593,6.0
2026-08-24 19:10:00,0.026706617,-0.4851757755705179,0.8699999805539846,11.559999741613865,0.05549807214138635,0.8603690127381245,0.9158670848795109,0.4573979266345373,0.01176922423603593,6.0
2026-08-24 19:20:00,0.026706617,-0.4957727709461572,0.8699999805539846,11.559999741613865,0.05549807214138635,0.8603690127381245,0.9158670848795109,0.446800931258898,0.01176922423603593,6.0
2026-08-24 19:30:00,0.026706617,-0.5036035652341586,0.8699999805539846,11.559999741613865,0.05549807214138635,0.8603690127381245,0.9158670848795109,0.4389701369708966,0.01176922423603593,6.0
2026-08-24 19:40:00,0.026706617,-0.508626576435267,0.8699999805539846,11.559999741613865,0.05549807214138635,0.8603690127381245,0.9158670848795109,0.4339471257697882,0.01176922423603593,6.0
2026-08-24 19:50:00,0.026706617,-0.5108181603861911,0.8699999805539846,11.559999741613865,0.05549807214138635,0.8603690127381245,0.9158670848795109,0.4317555418188641,0.01176922423603593,6.0
2026-08-24 20:00:00,0.026706617,-0.5101729888040526,0.8699999805539846,11.559999741613865,0.05549807214138635,0.8603690127381245,0.9158670848795109,0.4324007134010026,0.01176922423603593,6.0
2026-08-24 20:10:00,0.026706617,-0.5067044926567467,0.8699999805539846,11.559999741613865,0.05549807214138635,0.8603690127381245,0.9158670848795109,0.43586920954830854,0.01176922423603593,6.0
2026-08-24 20:20:00,0.026706617,-0.5004452986462825,0.8699999805539846,11.559999741613865,0.05549807214138635,0.8603690127381245,0.9158670848795109,0.4421284035587727,0.01176922423603593,6.0
2026-08-24 20:30:00,0.026706617,-0.49144756917118193,0.8699999805539846,11.559999741613865,0.05549807214138635,0.8603690127381245,0.9158670848795109,0.4511261330338733,0.01176922423603593,6.0
2026-08-24 20:40:00,0.026706617,-0.47978314877174155,0.8699999805539846,11.559999741613865,0.05549807214138635,0.8603690127381245,0.9158670848795109,0.46279055343331366,0.01176922423603593,6.0
2026-08-24 20:50:00,0.026706617,-0.46554342406618726,0.8699999805539846,11.559999741613865,0.05549807214138635,0.8603690127381245,0.9158670848795109,0.47703027813886795,0.01176922423603593,6.0
2026-08-24 21:00:00,0.026706617,-0.4488388193550263,0.8399999812245369,11.439999744296074,0.05396673006372944,0.8366291021307519,0.8905958321944814,0.4684636301649994,0.01176922423603593,6.0
2026-08-24 21:10:00,0.026706617,-0.42979787530594715,0.8399999812245369,11.439999744296074,0.05396673006372944,0.8366291021307519,0.8905958321944814,0.48750457421407856,0.01176922423603593,6.0
2026-08-24 21:20:00,0.026706617,-0.40856589097081836,0.8399999812245369,11.439999744296074,0.05396673006372944,0.8366291021307519,0.8905958321944814,0.5087365585492074,0.01176922423603593,6.0
2026-08-24 21:30:00,0.026706617,-0.3853031465406793,0.8399999812245369,11.439999744296074,0.05396673006372944,0.8366291021307519,0.8905958321944814,0.5319993029793464,0.01176922423603593,6.0
2026-08-24 21:40:00,0.026706617,-0.3601827620942195,0.8399999812245369,11.439999744296074,0.05396673006372944,0.8366291021307519,0.8905958321944814,0.5571196874258062,0.01176922423603593,6.0
2026-08-24 21:50:00,0.026706617,-0.33338828193888975,0.8399999812245369,11.439999744296074,0.05396673006372944,0.8366291021307519,0.8905958321944814,0.5839141675811359,0.01176922423603593,6.0
2026-08-24 22:00:00,0.026706617,-0.3051111016187794,0.8399999812245369,11.439999744296074,0.05396673006372944,0.8366291021307519,0.8905958321944814,0.6121913479012463,0.01176922423603593,6.0
2026-08-24 22:10:00,0.026706617,-0.275547871948532,0.8399999812245369,11.439999744296074,0.05396673006372944,0.8366291021307519,0.8905958321944814,0.6417545775714937,0.01176922423603593,6.0
2026-08-24 22:20:00,0.026706617,-0.24489801982852694,0.8399999812245369,11.439999744296074,0.05396673006372944,0.8366291021307519,0.8905958321944814,0.6724044296914988,0.01176922423603593,6.0
2026-08-24 22:30:00,0.026706617,-0.21336151798061984,0.8399999812245369,11.439999744296074,0.05396673006372944,0.8366291021307519,0.8905958321944814,0.7039409315394058,0.01176922423603593,6.0
2026-08-24 22:40:00,0.026706617,-0.18113701586551606,0.8399999812245369,11.439999744296074,0.05396673006372944,0.8366291021307519,0.8905958321944814,0.7361654336545096,0.01176922423603593,6.0
2026-08-24 22:50:00,0.026706617,-0.1484204135169784,0.8399999812245369,11.439999744296074,0.05396673006372944,0.8366291021307519,0.8905958321944814,0.7688820360030473,0.01176922423603593,6.0
2026-08-24 23:00:00,0.026706617,-0.11540392162081262,0.8399999812245369,11.439999744296074,0.05396673006372944,0.8366291021307519,0.8905958321944814,0.8018985278992131,0.01176922423603593,6.0
2026-08-24 23:10:00,0.026706617,-0.08227560878213418,0.8399999812245369,11.439999744296074,0.05396673006372944,0.8366291021307519,0.8905958321944814,0.8350268407378916,0.01176922423603593,6.0
2026-08-24 23:20:00,0.026706617,-0.04921939419463234,0.8399999812245369,11.439999744296074,0.05396673006372944,0.8366291021307519,0.8905958321944814,0.8680830553253933,0.01176922423603593,6.0
2026-08-24 23:30:00,0.026706617,-0.01641540533523321,0.8399999812245369,11.439999744296074,0.05396673006372944,0.8366291021307519,0.8905958321944814,0.9008870441847925,0.01176922423603593,6.0
2026-08-24 23:40:00,0.026706617,0.015959410858869677,0.8399999812245369,11.439999744296074,0.05396673006372944,0.8366291021307519,0.8905958321944814,0.9332618603788954,0.01176922423603593,6.0
2026-08-24 23:50:00,0.026706617,0.047730555471432644,0.8399999812245369,11.439999744296074,0.05396673006372944,0.8366291021307519,0.8905958321944814,0.9650330049914584,0.01176922423603593,6.0
2026-08-25 00:00:00,0.021046806,0.07872526432798231,0.8199999816715717,11.359999746084213,0.052947528683353604,0.820828746342152,0.8737762750255056,0.9735483454803209,0.01176922423603593,6.0
2026-08-25 00:10:00,0.021046806,0.10877195006836228,0.8199999816715717,11.359999746084213,0.052947528683353604,0.820828746342152,0.8737762750255056,1.003595031220701,0.01176922423603593,6.0
2026-08-25 00:20:00,0.021046806,0.13769991910634308,0.8199999816715717,11.359999746084213,0.052947528683353604,0.820828746342152,0.8737762750255056,1.0325230002586816,0.01176922423603593,6.0
2026-08-25 00:30:00,0.021046806,0.1653394561765992,0.8199999816715717,11.359999746084213,0.052947528683353604,0.820828746342152,0.8737762750255056,1.0601625373289378,0.01176922423603593,6.0
2026-08-25 00:40:00,0.021046806,0.1915223348256858,0.8199999816715717,11.359999746084213,0.052947528683353604,0.820828746342152,0.8737762750255056,1.0863454159780244,0.01176922423603593,6.0
2026-08-25 00:50:00,0.021046806,0.2160827739553395,0.8199999816715717,11.359999746084213,0.052947528683353604,0.820828746342152,0.8737762750255056,1.110905855107678,0.01176922423603593,6.0
2026-08-25 01:00:00,0.021046806,0.23885882195330765,0.8199999816715717,11.359999746084213,0.052947528683353604,0.820828746342152,0.8737762750255056,1.1336819031056462,0.01176922423603593,6.0
2026-08-25 01:10:00,0.021046806,0.2596941148205331,0.8199999816715717,11.359999746084213,0.052947528683353604,0.820828746342152,0.8737762750255056,1.1545171959728717,0.01176922423603593,6.0
2026-08-25 01:20:00,0.021046806,0.2784399260065446,0.8199999816715717,11.359999746084213,0.052947528683353604,0.820828746342152,0.8737762750255056,1.1732630071588832,0.01176922423603593,6.0
2026-08-25 01:30:00,0.021046806,0.29495740580225116,0.8199999816715717,11.359999746084213,0.052947528683353604,0.820828746342152,0.8737762750255056,1.1897804869545898,0.01176922423603593,6.0
2026-08-25 01:40:00,0.021046806,0.309119898350596,0.8199999816715717,11.359999746084213,0.052947528683353604,0.820828746342152,0.8737762750255056,1.2039429795029346,0.01176922423603593,6.0
2026-08-25 01:50:00,0.021046806,0.3208152248422769,0.8199999816715717,11.359999746084213,0.052947528683353604,0.820828746342152,0.8737762750255056,1.2156383059946154,0.01176922423603593,6.0
2026-08-25 02:00:00,0.021046806,0.32994783130329547,0.8199999816715717,11.359999746084213,0.052947528683353604,0.820828746342152,0.8737762750255056,1.224770912455634,0.01176922423603593,6.0
2026-08-25 02:10:00,0.021046806,0.3364407167995691,0.8199999816715717,11.359999746084213,0.052947528683353604,0.820828746342152,0.8737762750255056,1.2312637979519077,0.01176922423603593,6.0
2026-08-25 02:20:00,0.021046806,0.34023708021672155,0.8199999816715717,11.359999746084213,0.052947528683353604,0.820828746342152,0.8737762750255056,1.2350601613690602,0.01176922423603593,6.0
2026-08-25 02:30:00,0.021046806,0.34130164831856113,0.8199999816715717,11.359999746084213,0.052947528683353604,0.820828746342152,0.8737762750255056,1.2361247294708997,0.01176922423603593,6.0
2026-08-25 02:40:00,0.021046806,0.33962167133709253,0.8199999816715717,11.359999746084213,0.052947528683353604,0.820828746342152,0.8737762750255056,1.234444752489431,0.01176922423603593,6.0
2026-08-25 02:50:00,0.021046806,0.33520759262114896,0.8199999816715717,11.359999746084213,0.052947528683353604,0.820828746342152,0.8737762750255056,1.2300306737734874,0.01176922423603593,6.0
2026-08-25 03:00:00,0.021046806,0.32809341355940397,0.8299999814480543,11.339999746531248,0.05317561696640592,0.8243647266624579,0.8775403436288638,1.2266805633151008,0.01176922423603593,6.0
2026-08-25 03:10:00,0.021046806,0.3183367831541944,0.8299999814480543,11.339999746531248,0.05317561696640592,0.8243647266624579,0.8775403436288638,1.216923932909891,0.01176922423603593,6.0
2026-08-25 03:20:00,0.021046806,0.306018842905009,0.8299999814480543,11.339999746531248,0.05317561696640592,0.8243647266624579,0.8775403436288638,1.2046059926607058,0.01176922423603593,6.0
2026-08-25 03:30:00,0.021046806,0.2912438527122556,0.8299999814480543,11.339999746531248,0.05317561696640592,0.8243647266624579,0.8775403436288638,1.1898310024679524,0.01176922423603593,6.0
2026-08-25 03:40:00,0.021046806,0.2741386140112946,0.8299999814480543,11.339999746531248,0.05317561696640592,0.8243647266624579,0.8775403436288638,1.1727257637669912,0.01176922423603593,6.0
2026-08-25 03:50:00,0.021046806,0.25485169406689123,0.8299999814480543,11.339999746531248,0.05317561696640592,0.8243647266624579,0.8775403436288638,1.153438843822588,0.01176922423603593,6.0
2026-08-25 04:00:00,0.021046806,0.23355244317298296,0.8299999814480543,11.339999746531248,0.05317561696640592,0.8243647266624579,0.8775403436288638,1.1321395929286797,0.01176922423603593,6.0
2026-08-25 04:10:00,0.021046806,0.21042978616993338,0.8299999814480543,11.339999746531248,0.05317561696640592,0.8243647266624579,0.8775403436288638,1.10901693592563,0.01176922423603593,6.0
2026-08-25 04:20:00,0.021046806,0.185690764057225,0.8299999814480543,11.339999746531248,0.05317561696640592,0.8243647266624579,0.8775403436288638,1.0842779138129217,0.01176922423603593,6.0
2026-08-25 04:30:00,0.021046806,0.1595588012583722,0.8299999814480543,11.339999746531248,0.05317561696640592,0.8243647266624579,0.8775403436288638,1.058145951014069,0.01176922423603593,6.0
2026-08-25 04:40:00,0.021046806,0.1322716805779012,0.8299999814480543,11.339999746531248,0.05317561696640592,0.8243647266624579,0.8775403436288638,1.030858830333598,0.01176922423603593,6.0
2026-08-25 04:50:00,0.021046806,0.10407922053830407,0.8299999814480543,11.339999746531248,0.05317561696640592,0.8243647266624579,0.8775403436288638,1.0026663702940009,0.01176922423603593,6.0
2026-08-25 05:00:00,0.021046806,0.07524066754199142,0.8299999814480543,11.339999746531248,0.05317561696640592,0.8243647266624579,0.8775403436288638,0.9738278172976882,0.01176922423603593,6.0
2026-08-25 05:10:00,0.021046806,0.046021836506103586,0.8299999814480543,11.339999746531248,0.05317561696640592,0.8243647266624579,0.8775403436288638,0.9446089862618003,0.01176922423603593,6.0
2026-08-25 05:20:00,0.021046806,0.01669205549218907,0.8299999814480543,11.339999746531248,0.05317561696640592,0.8243647266624579,0.8775403436288638,0.9152792052478859,0.01176922423603593,6.0
2026-08-25 05:30:00,0.021046806,-0.012479009772126553,0.8299999814480543,11.339999746531248,0.05317561696640592,0.8243647266624579,0.8775403436288638,0.8861081399835702,0.01176922423603593,6.0
2026-08-25 05:40:00,0.021046806,-0.04122455995695364,0.8299999814480543,11.339999746531248,0.05317561696640592,0.8243647266624579,0.8775403436288638,0.8573625897987431,0.01176922423603593,6.0
2026-08-25 05:50:00,0.021046806,-0.06928379385308649,0.8299999814480543,11.339999746531248,0.05317561696640592,0.8243647266624579,0.8775403436288638,0.8293033559026103,0.01176922423603593,6.0
2026-08-25 06:00:00,0.021046806,-0.09640486596201521,0.7999999821186066,11.339999746531248,0.05220576748600495,0.809329457728586,0.8615352252145909,0.7861771653794086,0.01176922423603593,6.0
2026-08-25 06:10:00,0.021046806,-0.1223475758525991,0.7999999821186066,11.339999746531248,0.05220576748600495,0.809329457728586,0.8615352252145909,0.7602344554888247,0.01176922423603593,6.0
2026-08-25 06:20:00,0.021046806,-0.1468857115322472,0.7999999821186066,11.339999746531248,0.05220576748600495,0.809329457728586,0.8615352252145909,0.7356963198091767,0.01176922423603593,6.0
2026-08-25 06:30:00,0.021046806,-0.16980899260783588,0.7999999821186066,11.339999746531248,0.05220576748600495,0.809329457728586,0.8615352252145909,0.712773038733588,0.01176922423603593,6.0
2026-08-25 06:40:00,0.021046806,-0.19092458750307084,0.7999999821186066,11.339999746531248,0.05220576748600495,0.809329457728586,0.8615352252145909,0.691657443838353,0.01176922423603593,6.0
2026-08-25 06:50:00,0.021046806,-0.21005820977718434,0.7999999821186066,11.339999746531248,0.05220576748600495,0.809329457728586,0.8615352252145909,0.6725238215642395,0.01176922423603593,6.0
2026-08-25 07:00:00,0.021046806,-0.2270548283082352,0.7999999821186066,11.339999746531248,0.05220576748600495,0.809329457728586,0.8615352252145909,0.6555272030331887,0.01176922423603593,6.0
2026-08-25 07:10:00,0.021046806,-0.24177905180515044,0.7999999821186066,11.339999746531248,0.05220576748600495,0.809329457728586,0.8615352252145909,0.6408029795362734,0.01176922423603593,6.0
2026-08-25 07:20:00,0.021046806,-0.25411526685708025,0.7999999821186066,11.339999746531248,0.05220576748600495,0.809329457728586,0.8615352252145909,0.6284667644843436,0.01176922423603593,6.0
2026-08-25 07:30:00,0.021046806,-0.26396761854817014,0.7999999821186066,11.339999746531248,0.05220576748600495,0.809329457728586,0.8615352252145909,0.6186144127932538,0.01176922423603593,6.0
2026-08-25 07:40:00,0.021046806,-0.27125992235809554,0.7999999821186066,11.339999746531248,0.05220576748600495,0.809329457728586,0.8615352252145909,0.6113221089833283,0.01176922423603593,6.0
2026-08-25 07:50:00,0.021046806,-0.2759355856334925,0.7999999821186066,11.339999746531248,0.05220576748600495,0.809329457728586,0.8615352252145909,0.6066464457079314,0.01176922423603593,6.0
2026-08-25 08:00:00,0.021046806,-0.2779575973956888,0.7999999821186066,11.339999746531248,0.05220576748600495,0.809329457728586,0.8615352252145909,0.6046244339457351,0.01176922423603593,6.0
2026-08-25 08:10:00,0.021046806,-0.27730861882500163,0.7999999821186066,11.339999746531248,0.05220576748600495,0.809329457728586,0.8615352252145909,0.6052734125164223,0.01176922423603593,6.0
2026-08-25 08:20:00,0.021046806,-0.2739911762452816,0.7999999821186066,11.339999746531248,0.05220576748600495,0.809329457728586,0.8615352252145909,0.6085908550961423,0.01176922423603593,6.0
2026-08-25 08:30:00,0.021046806,-0.26802792746104365,0.7999999821186066,11.339999746531248,0.05220576748600495,0.809329457728586,0.8615352252145909,0.6145541038803802,0.01176922423603593,6.0
2026-08-25 08:40:00,0.021046806,-0.25946194412769974,0.7999999821186066,11.339999746531248,0.05220576748600495,0.809329457728586,0.8615352252145909,0.6231200872137241,0.01176922423603593,6.0
2026-08-25 08:50:00,0.021046806,-0.24835693121810373,0.7999999821186066,11.339999746531248,0.05220576748600495,0.809329457728586,0.8615352252145909,0.6342251001233201,0.01176922423603593,6.0
2026-08-25 09:00:00,0.021046806,-0.2347972917742011,0.7699999827891588,11.26999974809587,0.050901398588759965,0.7891082403589089,0.8400096389476689,0.6262591533003008,0.01176922423603593,6.0
2026-08-25 09:10:00,0.021046806,-0.21888794321669858,0.7699999827891588,11.26999974809587,0.050901398588759965,0.7891082403589089,0.8400096389476689,0.6421685018578033,0.01176922423603593,6.0
2026-08-25 09:20:00,0.021046806,-0.200753800845188,0.7699999827891588,11.26999974809587,0.050901398588759965,0.7891082403589089,0.8400096389476689,0.6603026442293138,0.01176922423603593,6.0
2026-08-25 09:30:00,0.021046806,-0.1805388642399401,0.7699999827891588,11.26999974809587,0.050901398588759965,0.7891082403589089,0.8400096389476689,0.6805175808345618,0.01176922423603593,6.0
2026-08-25 09:40:00,0.021046806,-0.1584048714154955,0.7699999827891588,11.26999974809587,0.050901398588759965,0.7891082403589089,0.8400096389476689,0.7026515736590063,0.01176922423603593,6.0
2026-08-25 09:50:00,0.021046806,-0.13452952064665888,0.7699999827891588,11.26999974809587,0.050901398588759965,0.7891082403589089,0.8400096389476689,0.726526924427843,0.01176922423603593,6.0
2026-08-25 10:00:00,0.021046806,-0.10910429776909027,0.7699999827891588,11.26999974809587,0.050901398588759965,0.7891082403589089,0.8400096389476689,0.7519521473054116,0.01176922423603593,6.0
2026-08-25 10:10:00,0.021046806,-0.082331983008869,0.7699999827891588,11.26999974809587,0.050901398588759965,0.7891082403589089,0.8400096389476689,0.7787244620656328,0.01176922423603593,6.0
2026-08-25 10:20:00,0.021046806,-0.0544239427980996,0.7699999827891588,11.26999974809587,0.050901398588759965,0.7891082403589089,0.8400096389476689,0.8066325022764023,0.01176922423603593,6.0
2026-08-25 10:30:00,0.021046806,-0.0255973345132903,0.7699999827891588,11.26999974809587,0.050901398588759965,0.7891082403589089,0.8400096389476689,0.8354591105612116,0.01176922423603593,6.0
2026-08-25 10:40:00,0.021046806,0.003927636292673313,0.7699999827891588,11.26999974809587,0.050901398588759965,0.7891082403589089,0.8400096389476689,0.8649840813671752,0.01176922423603593,6.0
2026-08-25 10:50:00,0.021046806,0.03393026770570006,0.7699999827891588,11.26999974809587,0.050901398588759965,0.7891082403589089,0.8400096389476689,0.8949867127802019,0.01176922423603593,6.0
2026-08-25 11:00:00,0.021046806,0.06419159774223095,0.7699999827891588,11.26999974809587,0.050901398588759965,0.7891082403589089,0.8400096389476689,0.9252480428167328,0.01176922423603593,6.0
2026-08-25 11:10:00,0.021046806,0.09449622598328064,0.7699999827891588,11.26999974809587,0.050901398588759965,0.7891082403589089,0.8400096389476689,0.9555526710577825,0.01176922423603593,6.0
2026-08-25 11:20:00,0.021046806,0.1246336564088202,0.7699999827891588,11.26999974809587,0.050901398588759965,0.7891082403589089,0.8400096389476689,0.985690101483322,0.01176922423603593,6.0
2026-08-25 11:30:00,0.021046806,0.1543991381303927,0.7699999827891588,11.26999974809587,0.050901398588759965,0.7891082403589089,0.8400096389476689,1.0154555832048946,0.01176922423603593,6.0
2026-08-25 11:40:00,0.021046806,0.18359402410287046,0.7699999827891588,11.26999974809587,0.050901398588759965,0.7891082403589089,0.8400096389476689,1.0446504691773724,0.01176922423603593,6.0
2026-08-25 11:50:00,0.021046806,0.21202570903859155,0.7699999827891588,11.26999974809587,0.050901398588759965,0.7891082403589089,0.8400096389476689,1.0730821541130935,0.01176922423603593,6.0
2026-08-25 12:00:00,0.021046806,0.23950724344942995,0.7699999827891588,11.129999751225114,0.05026908307834059,0.7793056535221524,0.829574736600493,1.090128786176756,0.01176922423603593,6.0
2026-08-25 12:10:00,0.021046806,0.2658567470258612,0.7699999827891588,11.129999751225114,0.05026908307834059,0.7793056535221524,0.829574736600493,1.116478289753187,0.01176922423603593,6.0
2026-08-25 12:20:00,0.021046806,0.29089675957150346,0.7699999827891588,11.129999751225114,0.05026908307834059,0.7793056535221524,0.829574736600493,1.1415183022988293,0.01176922423603593,6.0
2026-08-25 12:30:00,0.021046806,0.31445366986358425,0.7699999827891588,11.129999751225114,0.05026908307834059,0.7793056535221524,0.829574736600493,1.16507521259091,0.01176922423603593,6.0
2026-08-25 12:40:00,0.021046806,0.3363573522990133,0.7699999827891588,11.129999751225114,0.05026908307834059,0.7793056535221524,0.829574736600493,1.1869788950263391,0.01176922423603593,6.0
2026-08-25 12:50:00,0.021046806,0.35644111927455696,0.7699999827891588,11.129999751225114,0.05026908307834059,0.7793056535221524,0.829574736600493,1.207062662001883,0.01176922423603593,6.0
2026-08-25 13:00:00,0.021046806,0.3745420662365716,0.7699999827891588,11.129999751225114,0.05026908307834059,0.7793056535221524,0.829574736600493,1.2251636089638975,0.01176922423603593,6.0
2026-08-25 13:10:00,0.021046806,0.39050184951004574,0.7699999827891588,11.129999751225114,0.05026908307834059,0.7793056535221524,0.829574736600493,1.2411233922373717,0.01176922423603593,6.0
2026-08-25 13:20:00,0.021046806,0.4041678979109198,0.7699999827891588,11.129999751225114,0.05026908307834059,0.7793056535221524,0.829574736600493,1.2547894406382456,0.01176922423603593,6.0
2026-08-25 13:30:00,0.021046806,0.41539502160578684,0.7699999827891588,11.129999751225114,0.05026908307834059,0.7793056535221524,0.829574736600493,1.2660165643331127,0.01176922423603593,6.0
2026-08-25 13:40:00,0.021046806,0.4240473490703373,0.7699999827891588,11.129999751225114,0.05026908307834059,0.7793056535221524,0.829574736600493,1.2746688917976632,0.01176922423603593,6.0
2026-08-25 13:50:00,0.021046806,0.43000049811645147,0.7699999827891588,11.129999751225114,0.05026908307834059,0.7793056535221524,0.829574736600493,1.2806220408437774,0.01176922423603593,6.0
2026-08-25 14:00:00,0.021046806,0.4331438716448052,0.7699999827891588,11.129999751225114,0.05026908307834059,0.7793056535221524,0.829574736600493,1.283765414372131,0.01176922423603593,6.0
2026-08-25 14:10:00,0.021046806,0.43338296385470515,0.7699999827891588,11.129999751225114,0.05026908307834059,0.7793056535221524,0.829574736600493,1.2840045065820311,0.01176922423603593,6.0
2026-08-25 14:20:00,0.021046806,0.4306415676574574,0.7699999827891588,11.129999751225114,0.05026908307834059,0.7793056535221524,0.829574736600493,1.2812631103847834,0.01176922423603593,6.0
2026-08-25 14:30:00,0.021046806,0.4248637878248095,0.7699999827891588,11.129999751225114,0.05026908307834059,0.7793056535221524,0.829574736600493,1.2754853305521354,0.01176922423603593,6.0
2026-08-25 14:40:00,0.021046806,0.4160157844301146,0.7699999827891588,11.129999751225114,0.05026908307834059,0.7793056535221524,0.829574736600493,1.2666373271574405,0.01176922423603593,6.0
2026-08-25 14:50:00,0.021046806,0.40408719511771846,0.7699999827891588,11.129999751225114,0.05026908307834059,0.7793056535221524,0.829574736600493,1.2547087378450443,0.01176922423603593,6.0
2026-08-25 15:00:00,0.021046806,0.3890922091380682,0.7699999827891588,10.939999755471945,0.049410940599914285,0.7660021428151255,0.8154130834150397,1.2255520986799409,0.01176922423603593,6.0
2026-08-25 15:10:00,0.021046806,0.3710702887215811,0.7699999827891588,10.939999755471945,0.049410940599914285,0.7660021428151255,0.8154130834150397,1.2075301782634538,0.01176922423603593,6.0
2026-08-25 15:20:00,0.021046806,0.35008655128424343,0.7699999827891588,10.939999755471945,0.049410940599914285,0.7660021428151255,0.8154130834150397,1.1865464408261162,0.01176922423603593,6.0
2026-08-25 15:30:00,0.021046806,0.32623183799284383,0.7699999827891588,10.939999755471945,0.049410940599914285,0.7660021428151255,0.8154130834150397,1.1626917275347166,0.01176922423603593,6.0
2026-08-25 15:40:00,0.021046806,0.29962249939655783,0.7699999827891588,10.939999755471945,0.049410940599914285,0.7660021428151255,0.8154130834150397,1.1360823889384304,0.01176922423603593,6.0
2026-08-25 15:50:00,0.021046806,0.27039992728776335,0.7699999827891588,10.939999755471945,0.049410940599914285,0.7660021428151255,0.8154130834150397,1.106859816829636,0.01176922423603593,6.0
2026-08-25 16:00:00,0.021046806,0.2387298551604676,0.7699999827891588,10.939999755471945,0.049410940599914285,0.7660021428151255,0.8154130834150397,1.0751897447023402,0.01176922423603593,6.0
2026-08-25 16:10:00,0.021046806,0.20480143870231857,0.7699999827891588,10.939999755471945,0.049410940599914285,0.7660021428151255,0.8154130834150397,1.0412613282441912,0.01176922423603593,6.0
2026-08-25 16:20:00,0.021046806,0.16882611588142168,0.7699999827891588,10.939999755471945,0.049410940599914285,0.7660021428151255,0.8154130834150397,1.0052860054232944,0.01176922423603593,6.0
2026-08-25 16:30:00,0.021046806,0.13103623473901757,0.7699999827891588,10.939999755471945,0.049410940599914285,0.7660021428151255,0.8154130834150397,0.9674961242808903,0.01176922423603593,6.0
2026-08-25 16:40:00,0.021046806,0.091683429333401,0.7699999827891588,10.939999755471945,0.049410940599914285,0.7660021428151255,0.8154130834150397,0.9281433188752737,0.01176922423603593,6.0
2026-08-25 16:50:00,0.021046806,0.051036721216188075,0.7699999827891588,10.939999755471945,0.049410940599914285,0.7660021428151255,0.8154130834150397,0.8874966107580607,0.01176922423603593,6.0
2026-08-25 17:00:00,0.021046806,0.009380327279945146,0.7699999827891588,10.939999755471945,0.049410940599914285,0.7660021428151255,0.8154130834150397,0.8458402168218178,0.01176922423603593,6.0
2026-08-25 17:10:00,0.021046806,-0.03298883549938793,0.7699999827891588,10.939999755471945,0.049410940599914285,0.7660021428151255,0.8154130834150397,0.8034710540424848,0.01176922423603593,6.0
2026-08-25 17:20:00,0.021046806,-0.07576394241190883,0.7699999827891588,10.939999755471945,0.049410940599914285,0.7660021428151255,0.8154130834150397,0.7606959471299638,0.01176922423603593,6.0
2026-08-25 17:30:00,0.021046806,-0.11863132445705012,0.7699999827891588,10.939999755471945,0.049410940599914285,0.7660021428151255,0.8154130834150397,0.7178285650848225,0.01176922423603593,6.0
2026-08-25 17:40:00,0.021046806,-0.1612737551629529,0.7699999827891588,10.939999755471945,0.049410940599914285,0.7660021428151255,0.8154130834150397,0.6751861343789198,0.01176922423603593,6.0
2026-08-25 17:50:00,0.021046806,-0.20337389127088454,0.7699999827891588,10.939999755471945,0.049410940599914285,0.7660021428151255,0.8154130834150397,0.6330859982709881,0.01176922423603593,6.0
2026-08-25 18:00:00,0.021046806,-0.24461777964077186,0.789999982342124,10.749999759718776,0.04917931175065589,0.7624112742197189,0.8115905859703748,0.5880196124564359,0.01176922423603593,6.0
2026-08-25 18:10:00,0.021046806,-0.28469832973663756,0.789999982342124,10.749999759718776,0.04917931175065589,0.7624112742197189,0.8115905859703748,0.5479390623605702,0.01176922423603593,6.0
2026-08-25 18:20:00,0.021046806,-0.3233186459075301,0.789999982342124,10.749999759718776,0.04917931175065589,0.7624112742197189,0.8115905859703748,0.5093187461896777,0.01176922423603593,6.0
2026-08-25 18:30:00,0.021046806,-0.36019511701714246,0.789999982342124,10.749999759718776,0.04917931175065589,0.7624112742197189,0.8115905859703748,0.4724422750800653,0.01176922423603593,6.0
2026-08-25 18:40:00,0.021046806,-0.3950601732753935,0.789999982342124,10.749999759718776,0.04917931175065589,0.7624112742197189,0.8115905859703748,0.4375772188218143,0.01176922423603593,6.0
2026-08-25 18:50:00,0.021046806,-0.42766464048080777,0.789999982342124,10.749999759718776,0.04917931175065589,0.7624112742197189,0.8115905859703748,0.4049727516164,0.01176922423603593,6.0
2026-08-25 19:00:00,0.021046806,-0.4577796484499099,0.789999982342124,10.749999759718776,0.04917931175065589,0.7624112742197189,0.8115905859703748,0.37485774364729785,0.01176922423603593,6.0
2026-08-25 19:10:00,0.021046806,-0.485198080942729,0.789999982342124,10.749999759718776,0.04917931175065589,0.7624112742197189,0.8115905859703748,0.3474393111544788,0.01176922423603593,6.0
2026-08-25 19:20:00,0.021046806,-0.5097355854298431,0.789999982342124,10.749999759718776,0.04917931175065589,0.7624112742197189,0.8115905859703748,0.3229018066673647,0.01176922423603593,6.0
2026-08-25 19:30:00,0.021046806,-0.531231189842083,0.789999982342124,10.749999759718776,0.04917931175065589,0.7624112742197189,0.8115905859703748,0.3014062022551248,0.01176922423603593,6.0
2026-08-25 19:40:00,0.021046806,-0.549547596557851,0.789999982342124,10.749999759718776,0.04917931175065589,0.7624112742197189,0.8115905859703748,0.28308979553935676,0.01176922423603593,6.0
2026-08-25 19:50:00,0.021046806,-0.5645712391369765,0.789999982342124,10.749999759718776,0.04917931175065589,0.7624112742197189,0.8115905859703748,0.2680661529602313,0.01176922423603593,6.0
2026-08-25 20:00:00,0.021046806,-0.5762121928285159,0.789999982342124,10.749999759718776,0.04917931175065589,0.7624112742197189,0.8115905859703748,0.2564251992686919,0.01176922423603593,6.0
2026-08-25 20:10:00,0.021046806,-0.5844040251451397,0.789999982342124,10.749999759718776,0.04917931175065589,0.7624112742197189,0.8115905859703748,0.2482333669520681,0.01176922423603593,6.0
2026-08-25 20:20:00,0.021046806,-0.5891036582193327,0.789999982342124,10.749999759718776,0.04917931175065589,0.7624112742197189,0.8115905859703748,0.24353373387787502,0.01176922423603593,6.0
2026-08-25 20:30:00,0.021046806,-0.5902912919188927,0.789999982342124,10.749999759718776,0.04917931175065589,0.7624112742197189,0.8115905859703748,0.24234610017831504,0.01176922423603593,6.0
2026-08-25 20:40:00,0.021046806,-0.5879704081718328,0.789999982342124,10.749999759718776,0.04917931175065589,0.7624112742197189,0.8115905859703748,0.244666983925375,0.01176922423603593,6.0
2026-08-25 20:50:00,0.021046806,-0.5821678460719494,0.789999982342124,10.749999759718776,0.04917931175065589,0.7624112742197189,0.8115905859703748,0.2504695460252584,0.01176922423603593,6.0
2026-08-25 21:00:00,0.021046806,-0.5729339073627844,0.8099999818950891,10.599999763071537,0.04910308873461536,0.7612296129740518,0.8103327017086671,0.2584456004727157,0.01176922423603593,6.0
2026-08-25 21:10:00,0.021046806,-0.5603424266535815,0.8099999818950891,10.599999763071537,0.04910308873461536,0.7612296129740518,0.8103327017086671,0.2710370811819186,0.01176922423603593,6.0
2026-08-25 21:20:00,0.021046806,-0.5444907229268485,0.8099999818950891,10.599999763071537,0.04910308873461536,0.7612296129740518,0.8103327017086671,0.28688878490865155,0.01176922423603593,6.0
2026-08-25 21:30:00,0.021046806,-0.5254993411559727,0.8099999818950891,10.599999763071537,0.04910308873461536,0.7612296129740518,0.8103327017086671,0.30588016667952733,0.01176922423603593,6.0
2026-08-25 21:40:00,0.021046806,-0.5035114961502161,0.8099999818950891,10.599999763071537,0.04910308873461536,0.7612296129740518,0.8103327017086671,0.327868011685284,0.01176922423603593,6.0
2026-08-25 21:50:00,0.021046806,-0.4786921451995261,0.8099999818950891,10.599999763071537,0.04910308873461536,0.7612296129740518,0.8103327017086671,0.352687362635974,0.01176922423603593,6.0
2026-08-25 22:00:00,0.021046806,-0.45122664068492513,0.8099999818950891,10.599999763071537,0.04910308873461536,0.7612296129740518,0.8103327017086671,0.38015286715057495,0.01176922423603593,6.0
2026-08-25 22:10:00,0.021046806,-0.4213189457600678,0.8099999818950891,10.599999763071537,0.04910308873461536,0.7612296129740518,0.8103327017086671,0.4100605620754323,0.01176922423603593,6.0
2026-08-25 22:20:00,0.021046806,-0.38918943302999853,0.8099999818950891,10.599999763071537,0.04910308873461536,0.7612296129740518,0.8103327017086671,0.44219007480550154,0.01176922423603593,6.0
2026-08-25 22:30:00,0.021046806,-0.3550723232210791,0.8099999818950891,10.599999763071537,0.04910308873461536,0.7612296129740518,0.8103327017086671,0.47630718461442095,0.01176922423603593,6.0
2026-08-25 22:40:00,0.021046806,-0.31921285512560144,0.8099999818950891,10.599999763071537,0.04910308873461536,0.7612296129740518,0.8103327017086671,0.5121666527098987,0.01176922423603593,6.0
2026-08-25 22:50:00,0.021046806,-0.2818643051350001,0.8099999818950891,10.599999763071537,0.04910308873461536,0.7612296129740518,0.8103327017086671,0.5495152027004999,0.01176922423603593,6.0
2026-08-25 23:00:00,0.021046806,-0.2432849920847307,0.8099999818950891,10.599999763071537,0.04910308873461536,0.7612296129740518,0.8103327017086671,0.5880945157507693,0.01176922423603593,6.0
2026-08-25 23:10:00,0.021046806,-0.2037354083687893,0.8099999818950891,10.599999763071537,0.04910308873461536,0.7612296129740518,0.8103327017086671,0.6276440994667107,0.01176922423603593,6.0
2026-08-25 23:20:00,0.021046806,-0.16347561084855397,0.8099999818950891,10.599999763071537,0.04910308873461536,0.7612296129740518,0.8103327017086671,0.6679038969869461,0.01176922423603593,6.0
2026-08-25 23:30:00,0.021046806,-0.1227629852230665,0.8099999818950891,10.599999763071537,0.04910308873461536,0.7612296129740518,0.8103327017086671,0.7086165226124336,0.01176922423603593,6.0
2026-08-25 23:40:00,0.021046806,-0.08185046693398926,0.8099999818950891,10.599999763071537,0.04910308873461536,0.7612296129740518,0.8103327017086671,0.7495290409015108,0.01176922423603593,6.0
2026-08-25 23:50:00,0.021046806,-0.04098526344194902,0.8099999818950891,10.599999763071537,0.04910308873461536,0.7612296129740518,0.8103327017086671,0.7903942443935511,0.01176922423603593,6.0
2026-08-26 00:00:00,-0.001015041,-0.0004080798900705316,0.7799999825656414,10.509999765083194,0.04777607349211864,0.7406573164955957,0.7884333899877144,0.7870102690741511,0.01176922423603593,6.0
2026-08-26 00:10:00,-0.001015041,0.03964719250139473,0.7799999825656414,10.509999765083194,0.04777607349211864,0.7406573164955957,0.7884333899877144,0.8270655414656163,0.01176922423603593,6.0
2026-08-26 00:20:00,-0.001015041,0.07895340510131992,0.7799999825656414,10.509999765083194,0.04777607349211864,0.7406573164955957,0.7884333899877144,0.8663717540655415,0.01176922423603593,6.0
2026-08-26 00:30:00,-0.001015041,0.11728980876631738,0.7799999825656414,10.509999765083194,0.04777607349211864,0.7406573164955957,0.7884333899877144,0.9047081577305389,0.01176922423603593,6.0
2026-08-26 00:40:00,-0.001015041,0.15444157124333693,0.7799999825656414,10.509999765083194,0.04777607349211864,0.7406573164955957,0.7884333899877144,0.9418599202075585,0.01176922423603593,6.0
2026-08-26 00:50:00,-0.001015041,0.19019929606891695,0.7799999825656414,10.509999765083194,0.04777607349211864,0.7406573164955957,0.7884333899877144,0.9776176450331385,0.01176922423603593,6.0
2026-08-26 01:00:00,-0.001015041,0.22435867979220664,0.7799999825656414,10.509999765083194,0.04777607349211864,0.7406573164955957,0.7884333899877144,1.0117770287564283,0.01176922423603593,6.0
2026-08-26 01:10:00,-0.001015041,0.2567204279675338,0.7799999825656414,10.509999765083194,0.04777607349211864,0.7406573164955957,0.7884333899877144,1.0441387769317554,0.01176922423603593,6.0
2026-08-26 01:20:00,-0.001015041,0.2870905234282609,0.7799999825656414,10.509999765083194,0.04777607349211864,0.7406573164955957,0.7884333899877144,1.0745088723924825,0.01176922423603593,6.0
2026-08-26 01:30:00,-0.001015041,0.3152809059390357,0.7799999825656414,10.509999765083194,0.04777607349211864,0.7406573164955957,0.7884333899877144,1.1026992549032573,0.01176922423603593,6.0
2026-08-26 01:40:00,-0.001015041,0.34111058360376584,0.7799999825656414,10.509999765083194,0.04777607349211864,0.7406573164955957,0.7884333899877144,1.1285289325679875,0.01176922423603593,6.0
2026-08-26 01:50:00,-0.001015041,0.3644071573838984,0.7799999825656414,10.509999765083194,0.04777607349211864,0.7406573164955957,0.7884333899877144,1.15182550634812,0.01176922423603593,6.0
2026-08-26 02:00:00,-0.001015041,0.385008704234844,0.7799999825656414,10.509999765083194,0.04777607349211864,0.7406573164955957,0.7884333899877144,1.1724270531990655,0.01176922423603593,6.0
2026-08-26 02:10:00,-0.001015041,0.40276593495771723,0.7799999825656414,10.509999765083194,0.04777607349211864,0.7406573164955957,0.7884333899877144,1.1901842839219388,0.01176922423603593,6.0
2026-08-26 02:20:00,-0.001015041,0.4175445222217053,0.7799999825656414,10.509999765083194,0.04777607349211864,0.7406573164955957,0.7884333899877144,1.2049628711859268,0.01176922423603593,6.0
2026-08-26 02:30:00,-0.001015041,0.42922748372918434,0.7799999825656414,10.509999765083194,0.04777607349211864,0.7406573164955957,0.7884333899877144,1.216645832693406,0.01176922423603593,6.0
2026-08-26 02:40:00,-0.001015041,0.43771750535728887,0.7799999825656414,10.509999765083194,0.04777607349211864,0.7406573164955957,0.7884333899877144,1.2251358543215105,0.01176922423603593,6.0
2026-08-26 02:50:00,-0.001015041,0.4429390986045019,0.7799999825656414,10.509999765083194,0.04777607349211864,0.7406573164955957,0.7884333899877144,1.2303574475687236,0.01176922423603593,6.0
2026-08-26 03:00:00,-0.001015041,0.44484050377209927,0.7599999830126762,10.429999766871333,0.04680061297256278,0.7255350614010906,0.7723356743736534,1.2161611371222598,0.01176922423603593,6.0
2026-08-26 03:10:00,-0.001015041,0.4433952728337559,0.7599999830126762,10.429999766871333,0.04680061297256278,0.7255350614010906,0.7723356743736534,1.2147159061839163,0.01176922423603593,6.0
2026-08-26 03:20:00,-0.001015041,0.43860349064670334,0.7599999830126762,10.429999766871333,0.04680061297256278,0.7255350614010906,0.7723356743736534,1.2099241239968639,0.01176922423603593,6.0
2026-08-26 03:30:00,-0.001015041,0.43049261743027756,0.7599999830126762,10.429999766871333,0.04680061297256278,0.7255350614010906,0.7723356743736534,1.2018132507804382,0.01176922423603593,6.0
2026-08-26 03:40:00,-0.001015041,0.41911795636227117,0.7599999830126762,10.429999766871333,0.04680061297256278,0.7255350614010906,0.7723356743736534,1.1904385897124317,0.01176922423603593,6.0
2026-08-26 03:50:00,-0.001015041,0.4045627658953388,0.7599999830126762,10.429999766871333,0.04680061297256278,0.7255350614010906,0.7723356743736534,1.1758833992454993,0.01176922423603593,6.0
2026-08-26 04:00:00,-0.001015041,0.386938045624408,0.7599999830126762,10.429999766871333,0.04680061297256278,0.7255350614010906,0.7723356743736534,1.1582586789745686,0.01176922423603593,6.0
2026-08-26 04:10:00,-0.001015041,0.3663820269095848,0.7599999830126762,10.429999766871333,0.04680061297256278,0.7255350614010906,0.7723356743736534,1.1377026602597453,0.01176922423603593,6.0
2026-08-26 04:20:00,-0.001015041,0.34305939582232214,0.7599999830126762,10.429999766871333,0.04680061297256278,0.7255350614010906,0.7723356743736534,1.1143800291724828,0.01176922423603593,6.0
2026-08-26 04:30:00,-0.001015041,0.31716026734705055,0.7599999830126762,10.429999766871333,0.04680061297256278,0.7255350614010906,0.7723356743736534,1.0884809006972112,0.01176922423603593,6.0
2026-08-26 04:40:00,-0.001015041,0.2888989187882151,0.7599999830126762,10.429999766871333,0.04680061297256278,0.7255350614010906,0.7723356743736534,1.0602195521383757,0.01176922423603593,6.0
2026-08-26 04:50:00,-0.001015041,0.25851227870163707,0.7599999830126762,10.429999766871333,0.04680061297256278,0.7255350614010906,0.7723356743736534,1.0298329120517975,0.01176922423603593,6.0
2026-08-26 05:00:00,-0.001015041,0.22625815836096233,0.7599999830126762,10.429999766871333,0.04680061297256278,0.7255350614010906,0.7723356743736534,0.9975787917111228,0.01176922423603593,6.0
2026-08-26 05:10:00,-0.001015041,0.19241320746093282,0.7599999830126762,10.429999766871333,0.04680061297256278,0.7255350614010906,0.7723356743736534,0.9637338408110934,0.01176922423603593,6.0
2026-08-26 05:20:00,-0.001015041,0.1572705761404504,0.7599999830126762,10.429999766871333,0.04680061297256278,0.7255350614010906,0.7723356743736534,0.9285912094906109,0.01176922423603593,6.0
2026-08-26 05:30:00,-0.001015041,0.12113727214401619,0.7599999830126762,10.429999766871333,0.04680061297256278,0.7255350614010906,0.7723356743736534,0.8924579054941767,0.01176922423603593,6.0
2026-08-26 05:40:00,-0.001015041,0.08433121474966072,0.7599999830126762,10.429999766871333,0.04680061297256278,0.7255350614010906,0.7723356743736534,0.8556518480998213,0.01176922423603593,6.0
2026-08-26 05:50:00,-0.001015041,0.047178005162996355,0.7599999830126762,10.429999766871333,0.04680061297256278,0.7255350614010906,0.7723356743736534,0.8184986385131569,0.01176922423603593,6.0
2026-08-26 06:00:00,-0.001015041,0.010007454116002807,0.7499999832361937,10.359999768435955,0.046179669863105746,0.7159087772900126,0.7620884471531183,0.7710808602456283,0.01176922423603593,6.0
2026-08-26 06:10:00,-0.001015041,-0.026850070352657945,0.7499999832361937,10.359999768435955,0.046179669863105746,0.7159087772900126,0.7620884471531183,0.7342233357769675,0.01176922423603593,6.0
2026-08-26 06:20:00,-0.001015041,-0.06306739190153779,0.7499999832361937,10.359999768435955,0.046179669863105746,0.7159087772900126,0.7620884471531183,0.6980060142280877,0.01176922423603593,6.0
2026-08-26 06:30:00,-0.001015041,-0.09832427273814995,0.7499999832361937,10.359999768435955,0.046179669863105746,0.7159087772900126,0.7620884471531183,0.6627491333914756,0.01176922423603593,6.0
2026-08-26 06:40:00,-0.001015041,-0.13231105037210011,0.7499999832361937,10.359999768435955,0.046179669863105746,0.7159087772900126,0.7620884471531183,0.6287623557575254,0.01176922423603593,6.0
2026-08-26 06:50:00,-0.001015041,-0.16473205545090533,0.7499999832361937,10.359999768435955,0.046179669863105746,0.7159087772900126,0.7620884471531183,0.5963413506787202,0.01176922423603593,6.0
2026-08-26 07:00:00,-0.001015041,-0.19530871001502662,0.7499999832361937,10.359999768435955,0.046179669863105746,0.7159087772900126,0.7620884471531183,0.5657646961145989,0.01176922423603593,6.0
2026-08-26 07:10:00,-0.001015041,-0.22378222234523545,0.7499999832361937,10.359999768435955,0.046179669863105746,0.7159087772900126,0.7620884471531183,0.53729118378439,0.01176922423603593,6.0
2026-08-26 07:20:00,-0.001015041,-0.2499158187461414,0.7499999832361937,10.359999768435955,0.046179669863105746,0.7159087772900126,0.7620884471531183,0.511157587383484,0.01176922423603593,6.0
2026-08-26 07:30:00,-0.001015041,-0.2734964820717626,0.7499999832361937,10.359999768435955,0.046179669863105746,0.7159087772900126,0.7620884471531183,0.4875769240578629,0.01176922423603593,6.0
2026-08-26 07:40:00,-0.001015041,-0.2943361985906841,0.7499999832361937,10.359999768435955,0.046179669863105746,0.7159087772900126,0.7620884471531183,0.4667372075389414,0.01176922423603593,6.0
2026-08-26 07:50:00,-0.001015041,-0.3122727458632759,0.7499999832361937,10.359999768435955,0.046179669863105746,0.7159087772900126,0.7620884471531183,0.44880066026634957,0.01176922423603593,6.0
2026-08-26 08:00:00,-0.001015041,-0.32717008135356124,0.7499999832361937,10.359999768435955,0.046179669863105746,0.7159087772900126,0.7620884471531183,0.43390332477606425,0.01176922423603593,6.0
2026-08-26 08:10:00,-0.001015041,-0.33891841181050375,0.7499999832361937,10.359999768435955,0.046179669863105746,0.7159087772900126,0.7620884471531183,0.42215499431912173,0.01176922423603593,6.0
2026-08-26 08:20:00,-0.001015041,-0.34743403478357443,0.7499999832361937,10.359999768435955,0.046179669863105746,0.7159087772900126,0.7620884471531183,0.41363937134605105,0.01176922423603593,6.0
2026-08-26 08:30:00,-0.001015041,-0.3526590448480478,0.7499999832361937,10.359999768435955,0.046179669863105746,0.7159087772900126,0.7620884471531183,0.4084143612815777,0.01176922423603593,6.0
2026-08-26 08:40:00,-0.001015041,-0.35456098802615726,0.7499999832361937,10.359999768435955,0.046179669863105746,0.7159087772900126,0.7620884471531183,0.4065124181034682,0.01176922423603593,6.0
2026-08-26 08:50:00,-0.001015041,-0.35313252960294783,0.7499999832361937,10.359999768435955,0.046179669863105746,0.7159087772900126,0.7620884471531183,0.40794087652667765,0.01176922423603593,6.0
2026-08-26 09:00:00,-0.001015041,-0.3483911749504492,0.7599999830126762,10.309999769553542,0.04626215913203474,0.7171875822670417,0.7634497413990764,0.4140435254251344,0.01176922423603593,6.0
2026-08-26 09:10:00,-0.001015041,-0.3403790532059205,0.7599999830126762,10.309999769553542,0.04626215913203474,0.7171875822670417,0.7634497413990764,0.4220556471696631,0.01176922423603593,6.0
2026-08-26 09:20:00,-0.001015041,-0.3291627428263644,0.7599999830126762,10.309999769553542,0.04626215913203474,0.7171875822670417,0.7634497413990764,0.4332719575492192,0.01176922423603593,6.0
2026-08-26 09:30:00,-0.001015041,-0.3148330900227341,0.7599999830126762,10.309999769553542,0.04626215913203474,0.7171875822670417,0.7634497413990764,0.4476016103528495,0.01176922423603593,6.0
2026-08-26 09:40:00,-0.001015041,-0.29750494894135454,0.7599999830126762,10.309999769553542,0.04626215913203474,0.7171875822670417,0.7634497413990764,0.46492975143422904,0.01176922423603593,6.0
2026-08-26 09:50:00,-0.001015041,-0.277316759146239,0.7599999830126762,10.309999769553542,0.04626215913203474,0.7171875822670417,0.7634497413990764,0.4851179412293446,0.01176922423603593,6.0
2026-08-26 10:00:00,-0.001015041,-0.25442987315939564,0.7599999830126762,10.309999769553542,0.04626215913203474,0.7171875822670417,0.7634497413990764,0.5080048272161879,0.01176922423603593,6.0
2026-08-26 10:10:00,-0.001015041,-0.229027555206285,0.7599999830126762,10.309999769553542,0.04626215913203474,0.7171875822670417,0.7634497413990764,0.5334071451692985,0.01176922423603593,6.0
2026-08-26 10:20:00,-0.001015041,-0.2013135914951984,0.7599999830126762,10.309999769553542,0.04626215913203474,0.7171875822670417,0.7634497413990764,0.5611211088803851,0.01176922423603593,6.0
2026-08-26 10:30:00,-0.001015041,-0.1715104803468597,0.7599999830126762,10.309999769553542,0.04626215913203474,0.7171875822670417,0.7634497413990764,0.5909242200287239,0.01176922423603593,6.0
2026-08-26 10:40:00,-0.001015041,-0.13985720479993968,0.7599999830126762,10.309999769553542,0.04626215913203474,0.7171875822670417,0.7634497413990764,0.6225774955756439,0.01176922423603593,6.0
2026-08-26 10:50:00,-0.001015041,-0.10660662721360824,0.7599999830126762,10.309999769553542,0.04626215913203474,0.7171875822670417,0.7634497413990764,0.6558280731619753,0.01176922423603593,6.0
2026-08-26 11:00:00,-0.001015041,-0.07202258118803118,0.7599999830126762,10.309999769553542,0.04626215913203474,0.7171875822670417,0.7634497413990764,0.6904121191875524,0.01176922423603593,6.0
2026-08-26 11:10:00,-0.001015041,-0.036376766809614346,0.7599999830126762,10.309999769553542,0.04626215913203474,0.7171875822670417,0.7634497413990764,0.7260579335659693,0.01176922423603593,6.0
2026-08-26 11:20:00,-0.001015041,5.442240676780119e-05,0.7599999830126762,10.309999769553542,0.04626215913203474,0.7171875822670417,0.7634497413990764,0.7624891227823514,0.01176922423603593,6.0
2026-08-26 11:30:00,-0.001015041,0.03699300118368537,0.7599999830126762,10.309999769553542,0.04626215913203474,0.7171875822670417,0.7634497413990764,0.799427701559269,0.01176922423603593,6.0
2026-08-26 11:40:00,-0.001015041,0.07416228425579725,0.7599999830126762,10.309999769553542,0.04626215913203474,0.7171875822670417,0.7634497413990764,0.8365969846313809,0.01176922423603593,6.0
2026-08-26 11:50:00,-0.001015041,0.11128944355968548,0.7599999830126762,10.309999769553542,0.04626215913203474,0.7171875822670417,0.7634497413990764,0.8737241439352691,0.01176922423603593,6.0
2026-08-26 12:00:00,-0.001015041,0.14810763173000863,0.7799999825656414,10.179999772459269,0.04627596842528713,0.7174016633611003,0.7636776317863875,0.9107702224929033,0.01176922423603593,6.0
2026-08-26 12:10:00,-0.001015041,0.18435760761186173,0.7799999825656414,10.179999772459269,0.04627596842528713,0.7174016633611003,0.7636776317863875,0.9470201983747564,0.01176922423603593,6.0
2026-08-26 12:20:00,-0.001015041,0.21978884061576853,0.7799999825656414,10.179999772459269,0.04627596842528713,0.7174016633611003,0.7636776317863875,0.9824514313786632,0.01176922423603593,6.0
2026-08-26 12:30:00,-0.001015041,0.25416011398979044,0.7799999825656414,10.179999772459269,0.04627596842528713,0.7174016633611003,0.7636776317863875,1.016822704752685,0.01176922423603593,6.0
2026-08-26 12:40:00,-0.001015041,0.287239688648973,0.7799999825656414,10.179999772459269,0.04627596842528713,0.7174016633611003,0.7636776317863875,1.0499022794118678,0.01176922423603593,6.0
2026-08-26 12:50:00,-0.001015041,0.318805124907661,0.7799999825656414,10.179999772459269,0.04627596842528713,0.7174016633611003,0.7636776317863875,1.0814677156705557,0.01176922423603593,6.0
2026-08-26 13:00:00,-0.001015041,0.3486428861235146,0.7799999825656414,10.179999772459269,0.04627596842528713,0.7174016633611003,0.7636776317863875,1.1113054768864092,0.01176922423603593,6.0
2026-08-26 13:10:00,-0.001015041,0.3765478634086247,0.7799999825656414,10.179999772459269,0.04627596842528713,0.7174016633611003,0.7636776317863875,1.1392104541715193,0.01176922423603593,6.0
2026-08-26 13:20:00,-0.001015041,0.40232296287147784,0.7799999825656414,10.179999772459269,0.04627596842528713,0.7174016633611003,0.7636776317863875,1.1649855536343725,0.01176922423603593,6.0
2026-08-26 13:30:00,-0.001015041,0.42577888639562517,0.7799999825656414,10.179999772459269,0.04627596842528713,0.7174016633611003,0.7636776317863875,1.1884414771585199,0.01176922423603593,6.0
2026-08-26 13:40:00,-0.001015041,0.4467342149184294,0.7799999825656414,10.179999772459269,0.04627596842528713,0.7174016633611003,0.7636776317863875,1.209396805681324,0.01176922423603593,6.0
2026-08-26 13:50:00,-0.001015041,0.46501587193327837,0.7799999825656414,10.179999772459269,0.04627596842528713,0.7174016633611003,0.7636776317863875,1.227678462696173,0.01176922423603593,6.0
2026-08-26 14:00:00,-0.001015041,0.480460007628081,0.7799999825656414,10.179999772459269,0.04627596842528713,0.7174016633611003,0.7636776317863875,1.2431225983909757,0.01176922423603593,6.0
2026-08-26 14:10:00,-0.001015041,0.49291330441787135,0.7799999825656414,10.179999772459269,0.04627596842528713,0.7174016633611003,0.7636776317863875,1.255575895180766,0.01176922423603593,6.0
2026-08-26 14:20:00,-0.001015041,0.5022346663408604,0.7799999825656414,10.179999772459269,0.04627596842528713,0.7174016633611003,0.7636776317863875,1.2648972571037551,0.01176922423603593,6.0
2026-08-26 14:30:00,-0.001015041,0.5082972213888445,0.7799999825656414,10.179999772459269,0.04627596842528713,0.7174016633611003,0.7636776317863875,1.2709598121517391,0.01176922423603593,6.0
2026-08-26 14:40:00,-0.001015041,0.5109905401251905,0.7799999825656414,10.179999772459269,0.04627596842528713,0.7174016633611003,0.7636776317863875,1.2736531308880852,0.01176922423603593,6.0
2026-08-26 14:50:00,-0.001015041,0.510222957882285,0.7799999825656414,10.179999772459269,0.04627596842528713,0.7174016633611003,0.7636776317863875,1.2728855486451796,0.01176922423603593,6.0
2026-08-26 15:00:00,-0.001015041,0.5059238821972507,0.8199999816715717,10.10999977402389,0.04712143617858318,0.7305086818238694,0.7776301180024526,1.2825389591762106,0.01176922423603593,6.0
2026-08-26 15:10:00,-0.001015041,0.49804597175814763,0.8199999816715717,10.10999977402389,0.04712143617858318,0.7305086818238694,0.7776301180024526,1.2746610487371075,0.01176922423603593,6.0
2026-08-26 15:20:00,-0.001015041,0.4865670865515702,0.8199999816715717,10.10999977402389,0.04712143617858318,0.7305086818238694,0.7776301180024526,1.26318216353053,0.01176922423603593,6.0
2026-08-26 15:30:00,-0.001015041,0.47149192911134635,0.8199999816715717,10.10999977402389,0.04712143617858318,0.7305086818238694,0.7776301180024526,1.2481070060903061,0.01176922423603593,6.0
2026-08-26 15:40:00,-0.001015041,0.4528533208645096,0.8199999816715717,10.10999977402389,0.04712143617858318,0.7305086818238694,0.7776301180024526,1.2294683978434695,0.01176922423603593,6.0
2026-08-26 15:50:00,-0.001015041,0.4307130827646503,0.8199999816715717,10.10999977402389,0.04712143617858318,0.7305086818238694,0.7776301180024526,1.20732815974361,0.01176922423603593,6.0
2026-08-26 16:00:00,-0.001015041,0.40516251271325077,0.8199999816715717,10.10999977402389,0.04712143617858318,0.7305086818238694,0.7776301180024526,1.1817775896922105,0.01176922423603593,6.0
2026-08-26 16:10:00,-0.001015041,0.3763224713838209,0.8199999816715717,10.10999977402389,0.04712143617858318,0.7305086818238694,0.7776301180024526,1.1529375483627806,0.01176922423603593,6.0
2026-08-26 16:20:00,-0.001015041,0.34434310129024015,0.8199999816715717,10.10999977402389,0.04712143617858318,0.7305086818238694,0.7776301180024526,1.1209581782692,0.01176922423603593,6.0
2026-08-26 16:30:00,-0.001015041,0.30940321037511265,0.8199999816715717,10.10999977402389,0.04712143617858318,0.7305086818238694,0.7776301180024526,1.0860182873540725,0.01176922423603593,6.0
2026-08-26 16:40:00,-0.001015041,0.27170935137786456,0.8199999816715717,10.10999977402389,0.04712143617858318,0.7305086818238694,0.7776301180024526,1.0483244283568243,0.01176922423603593,6.0
2026-08-26 16:50:00,-0.001015041,0.23149462248834926,0.8199999816715717,10.10999977402389,0.04712143617858318,0.7305086818238694,0.7776301180024526,1.008109699467309,0.01176922423603593,6.0
2026-08-26 17:00:00,-0.001015041,0.18901720540870112,0.8199999816715717,10.10999977402389,0.04712143617858318,0.7305086818238694,0.7776301180024526,0.965632282387661,0.01176922423603593,6.0
2026-08-26 17:10:00,-0.001015041,0.1445586457814605,0.8199999816715717,10.10999977402389,0.04712143617858318,0.7305086818238694,0.7776301180024526,0.9211737227604203,0.01176922423603593,6.0
2026-08-26 17:20:00,-0.001015041,0.0984218707295583,0.8199999816715717,10.10999977402389,0.04712143617858318,0.7305086818238694,0.7776301180024526,0.8750369477085181,0.01176922423603593,6.0
2026-08-26 17:30:00,-0.001015041,0.05092893104264018,0.8199999816715717,10.10999977402389,0.04712143617858318,0.7305086818238694,0.7776301180024526,0.8275440080216,0.01176922423603593,6.0
2026-08-26 17:40:00,-0.001015041,0.0024184531692926525,0.8199999816715717,10.10999977402389,0.04712143617858318,0.7305086818238694,0.7776301180024526,0.7790335301482525,0.01176922423603593,6.0
2026-08-26 17:50:00,-0.001015041,-0.04675721007235005,0.8199999816715717,10.10999977402389,0.04712143617858318,0.7305086818238694,0.7776301180024526,0.7298578669066098,0.01176922423603593,6.0
2026-08-26 18:00:00,-0.001015041,-0.0962351312736064,0.8399999812245369,10.019999776035547,0.047268062520853936,0.7327817835096271,0.780049846030481,0.6827996737333818,0.01176922423603593,6.0
2026-08-26 18:10:00,-0.001015041,-0.14564524824782532,0.8399999812245369,10.019999776035547,0.047268062520853936,0.7327817835096271,0.780049846030481,0.6333895567591629,0.01176922423603593,6.0
2026-08-26 18:20:00,-0.001015041,-0.19461405762067205,0.8399999812245369,10.019999776035547,0.047268062520853936,0.7327817835096271,0.780049846030481,0.5844207473863161,0.01176922423603593,6.0
2026-08-26 18:30:00,-0.001015041,-0.24276850608277248,0.8399999812245369,10.019999776035547,0.047268062520853936,0.7327817835096271,0.780049846030481,0.5362662989242157,0.01176922423603593,6.0
2026-08-26 18:40:00,-0.001015041,-0.289740001886017,0.8399999812245369,10.019999776035547,0.047268062520853936,0.7327817835096271,0.780049846030481,0.4892948031209712,0.01176922423603593,6.0
2026-08-26 18:50:00,-0.001015041,-0.33516845092194714,0.8399999812245369,10.019999776035547,0.047268062520853936,0.7327817835096271,0.780049846030481,0.44386635408504105,0.01176922423603593,6.0
2026-08-26 19:00:00,-0.001015041,-0.37870620937432853,0.8399999812245369,10.019999776035547,0.047268062520853936,0.7327817835096271,0.780049846030481,0.40032859563265966,0.01176922423603593,6.0
2026-08-26 19:10:00,-0.001015041,-0.4200218400199897,0.8399999812245369,10.019999776035547,0.047268062520853936,0.7327817835096271,0.780049846030481,0.3590129649869985,0.01176922423603593,6.0
2026-08-26 19:20:00,-0.001015041,-0.458803563231487,0.8399999812245369,10.019999776035547,0.047268062520853936,0.7327817835096271,0.780049846030481,0.32023124177550116,0.01176922423603593,6.0
2026-08-26 19:30:00,-0.001015041,-0.4947623067467064,0.8399999812245369,10.019999776035547,0.047268062520853936,0.7327817835096271,0.780049846030481,0.2842724982602818,0.01176922423603593,6.0
2026-08-26 19:40:00,-0.001015041,-0.5276342794342935,0.8399999812245369,10.019999776035547,0.047268062520853936,0.7327817835096271,0.780049846030481,0.25140052557269466,0.01176922423603593,6.0
2026-08-26 19:50:00,-0.001015041,-0.5571830220399068,0.8399999812245369,10.019999776035547,0.047268062520853936,0.7327817835096271,0.780049846030481,0.2218517829670814,0.01176922423603593,6.0
2026-08-26 20:00:00,-0.001015041,-0.5832009195138057,0.8399999812245369,10.019999776035547,0.047268062520853936,0.7327817835096271,0.780049846030481,0.19583388549318248,0.01176922423603593,6.0
2026-08-26 20:10:00,-0.001015041,-0.6055101921321778,0.8399999812245369,10.019999776035547,0.047268062520853936,0.7327817835096271,0.780049846030481,0.17352461287481036,0.01176922423603593,6.0
2026-08-26 20:20:00,-0.001015041,-0.6239634128314809,0.8399999812245369,10.019999776035547,0.047268062520853936,0.7327817835096271,0.780049846030481,0.15507139217550725,0.01176922423603593,6.0
2026-08-26 20:30:00,-0.001015041,-0.6384436230148446,0.8399999812245369,10.019999776035547,0.047268062520853936,0.7327817835096271,0.780049846030481,0.1405911819921436,0.01176922423603593,6.0
2026-08-26 20:40:00,-0.001015041,-0.6488641359443216,0.8399999812245369,10.019999776035547,0.047268062520853936,0.7327817835096271,0.780049846030481,0.1301706690626666,0.01176922423603593,6.0
2026-08-26 20:50:00,-0.001015041,-0.6551681239785365,0.8399999812245369,10.019999776035547,0.047268062520853936,0.7327817835096271,0.780049846030481,0.12386668102845166,0.01176922423603593,6.0
2026-08-26 21:00:00,-0.001015041,-0.6573280826379333,0.8699999805539846,9.929999778047204,0.04767265193459918,0.7390540048866415,0.7867266568212407,0.12838353315981454,0.01176922423603593,6.0
2026-08-26 21:10:00,-0.001015041,-0.6553452511897014,0.8699999805539846,9.929999778047204,0.04767265193459918,0.7390540048866415,0.7867266568212407,0.1303663646080464,0.01176922423603593,6.0
2026-08-26 21:20:00,-0.001015041,-0.6492490476744099,0.8699999805539846,9.929999778047204,0.04767265193459918,0.7390540048866415,0.7867266568212407,0.1364625681233379,0.01176922423603593,6.0
2026-08-26 21:30:00,-0.001015041,-0.6390965484829366,0.8699999805539846,9.929999778047204,0.04767265193459918,0.7390540048866415,0.7867266568212407,0.14661506731481122,0.01176922423603593,6.0
2026-08-26 21:40:00,-0.001015041,-0.6249720119730565,0.8699999805539846,9.929999778047204,0.04767265193459918,0.7390540048866415,0.7867266568212407,0.16073960382469132,0.01176922423603593,6.0
2026-08-26 21:50:00,-0.001015041,-0.6069864156588798,0.8699999805539846,9.929999778047204,0.04767265193459918,0.7390540048866415,0.7867266568212407,0.17872520013886806,0.01176922423603593,6.0
2026-08-26 22:00:00,-0.001015041,-0.5852769507903383,0.8699999805539846,9.929999778047204,0.04767265193459918,0.7390540048866415,0.7867266568212407,0.20043466500740958,0.01176922423603593,6.0
2026-08-26 22:10:00,-0.001015041,-0.5600063996772172,0.8699999805539846,9.929999778047204,0.04767265193459918,0.7390540048866415,0.7867266568212407,0.22570521612053063,0.01176922423603593,6.0
2026-08-26 22:20:00,-0.001015041,-0.5313623123686704,0.8699999805539846,9.929999778047204,0.04767265193459918,0.7390540048866415,0.7867266568212407,0.25434930342907747,0.01176922423603593,6.0
2026-08-26 22:30:00,-0.001015041,-0.4995559014129621,0.8699999805539846,9.929999778047204,0.04767265193459918,0.7390540048866415,0.7867266568212407,0.2861557143847858,0.01176922423603593,6.0
2026-08-26 22:40:00,-0.001015041,-0.4648205866673255,0.8699999805539846,9.929999778047204,0.04767265193459918,0.7390540048866415,0.7867266568212407,0.32089102913042233,0.01176922423603593,6.0
2026-08-26 22:50:00,-0.001015041,-0.4274101452917583,0.8699999805539846,9.929999778047204,0.04767265193459918,0.7390540048866415,0.7867266568212407,0.35830147050598954,0.01176922423603593,6.0
2026-08-26 23:00:00,-0.001015041,-0.38759645292662775,0.8699999805539846,9.929999778047204,0.04767265193459918,0.7390540048866415,0.7867266568212407,0.3981151628711201,0.01176922423603593,6.0
2026-08-26 23:10:00,-0.001015041,-0.34566683750059113,0.8699999805539846,9.929999778047204,0.04767265193459918,0.7390540048866415,0.7867266568212407,0.4400447782971567,0.01176922423603593,6.0
2026-08-26 23:20:00,-0.001015041,-0.3019211034460469,0.8699999805539846,9.929999778047204,0.04767265193459918,0.7390540048866415,0.7867266568212407,0.48379051235170095,0.01176922423603593,6.0
2026-08-26 23:30:00,-0.001015041,-0.25666831739928314,0.8699999805539846,9.929999778047204,0.04767265193459918,0.7390540048866415,0.7867266568212407,0.5290432983984648,0.01176922423603593,6.0
2026-08-26 23:40:00,-0.001015041,-0.21022347302595148,0.8699999805539846,9.929999778047204,0.04767265193459918,0.7390540048866415,0.7867266568212407,0.5754881427717964,0.01176922423603593,6.0
2026-08-26 23:50:00,-0.001015041,-0.16290416956564793,0.8699999805539846,9.929999778047204,0.04767265193459918,0.7390540048866415,0.7867266568212407,0.6228074462320999,0.01176922423603593,6.0
2026-08-27 00:00:00,-0.007436348,-0.11502744372089399,0.8699999805539846,9.889999778941274,0.047480617082898885,0.7360769494792433,0.7835575665621421,0.6610937747159096,0.01176922423603593,6.0
2026-08-27 00:10:00,-0.007436348,-0.06690688696560003,0.8699999805539846,9.889999778941274,0.047480617082898885,0.7360769494792433,0.7835575665621421,0.7092143314712036,0.01176922423603593,6.0
2026-08-27 00:20:00,-0.007436348,-0.018850160451098396,0.8699999805539846,9.889999778941274,0.047480617082898885,0.7360769494792433,0.7835575665621421,0.7572710579857052,0.01176922423603593,6.0
2026-08-27 00:30:00,-0.007436348,0.028843010777394422,0.8699999805539846,9.889999778941274,0.047480617082898885,0.7360769494792433,0.7835575665621421,0.804964229214198,0.01176922423603593,6.0
2026-08-27 00:40:00,-0.007436348,0.07588232092315175,0.8699999805539846,9.889999778941274,0.047480617082898885,0.7360769494792433,0.7835575665621421,0.8520035393599553,0.01176922423603593,6.0
2026-08-27 00:50:00,-0.007436348,0.1219878431812512,0.8699999805539846,9.889999778941274,0.047480617082898885,0.7360769494792433,0.7835575665621421,0.8981090616180548,0.01176922423603593,6.0
2026-08-27 01:00:00,-0.007436348,0.1668905081935996,0.8699999805539846,9.889999778941274,0.047480617082898885,0.7360769494792433,0.7835575665621421,0.9430117266304032,0.01176922423603593,6.0
2026-08-27 01:10:00,-0.007436348,0.21033218237717738,0.8699999805539846,9.889999778941274,0.047480617082898885,0.7360769494792433,0.7835575665621421,0.9864534008139809,0.01176922423603593,6.0
2026-08-27 01:20:00,-0.007436348,0.25206545875663167,0.8699999805539846,9.889999778941274,0.047480617082898885,0.7360769494792433,0.7835575665621421,1.0281866771934354,0.01176922423603593,6.0
2026-08-27 01:30:00,-0.007436348,0.2918532940388854,0.8699999805539846,9.889999778941274,0.047480617082898885,0.7360769494792433,0.7835575665621421,1.067974512475689,0.01176922423603593,6.0
2026-08-27 01:40:00,-0.007436348,0.329468634368097,0.8699999805539846,9.889999778941274,0.047480617082898885,0.7360769494792433,0.7835575665621421,1.1055898528049006,0.01176922423603593,6.0
2026-08-27 01:50:00,-0.007436348,0.3646941679239613,0.8699999805539846,9.889999778941274,0.047480617082898885,0.7360769494792433,0.7835575665621421,1.1408153863607648,0.01176922423603593,6.0
2026-08-27 02:00:00,-0.007436348,0.3973223258913166,0.8699999805539846,9.889999778941274,0.047480617082898885,0.7360769494792433,0.7835575665621421,1.1734435443281201,0.01176922423603593,6.0
2026-08-27 02:10:00,-0.007436348,0.42715562606550445,0.8699999805539846,9.889999778941274,0.047480617082898885,0.7360769494792433,0.7835575665621421,1.203276844502308,0.01176922423603593,6.0
2026-08-27 02:20:00,-0.007436348,0.45400741837255637,0.8699999805539846,9.889999778941274,0.047480617082898885,0.7360769494792433,0.7835575665621421,1.23012863680936,0.01176922423603593,6.0
2026-08-27 02:30:00,-0.007436348,0.4777030522511436,0.8699999805539846,9.889999778941274,0.047480617082898885,0.7360769494792433,0.7835575665621421,1.2538242706879472,0.01176922423603593,6.0
2026-08-27 02:40:00,-0.007436348,0.49808144600812254,0.8699999805539846,9.889999778941274,0.047480617082898885,0.7360769494792433,0.7835575665621421,1.274202664444926,0.01176922423603593,6.0
2026-08-27 02:50:00,-0.007436348,0.5149970015852983,0.8699999805539846,9.889999778941274,0.047480617082898885,0.7360769494792433,0.7835575665621421,1.2911182200221019,0.01176922423603593,6.0
2026-08-27 03:00:00,-0.007436348,0.5283217778905799,0.8499999810010195,9.809999780729413,0.046552060324651916,0.7216818285220867,0.7682338888467386,1.2891193186119798,0.01176922423603593,6.0
2026-08-27 03:10:00,-0.007436348,0.5379478143896145,0.8499999810010195,9.809999780729413,0.046552060324651916,0.7216818285220867,0.7682338888467386,1.2987453551110146,0.01176922423603593,6.0
2026-08-27 03:20:00,-0.007436348,0.5437894854711669,0.8499999810010195,9.809999780729413,0.046552060324651916,0.7216818285220867,0.7682338888467386,1.304587026192567,0.01176922423603593,6.0
2026-08-27 03:30:00,-0.007436348,0.5457857654555536,0.8499999810010195,9.809999780729413,0.046552060324651916,0.7216818285220867,0.7682338888467386,1.3065833061769536,0.01176922423603593,6.0
2026-08-27 03:40:00,-0.007436348,0.5439022933125223,0.8499999810010195,9.809999780729413,0.046552060324651916,0.7216818285220867,0.7682338888467386,1.3046998340339222,0.01176922423603593,6.0
2026-08-27 03:50:00,-0.007436348,0.5381331433096765,0.8499999810010195,9.809999780729413,0.046552060324651916,0.7216818285220867,0.7682338888467386,1.2989306840310766,0.01176922423603593,6.0
2026-08-27 04:00:00,-0.007436348,0.5285022306120126,0.8499999810010195,9.809999780729413,0.046552060324651916,0.7216818285220867,0.7682338888467386,1.2892997713334127,0.01176922423603593,6.0
2026-08-27 04:10:00,-0.007436348,0.5150643062144811,0.8499999810010195,9.809999780729413,0.046552060324651916,0.7216818285220867,0.7682338888467386,1.2758618469358811,0.01176922423603593,6.0
2026-08-27 04:20:00,-0.007436348,0.4979055207703999,0.8499999810010195,9.809999780729413,0.046552060324651916,0.7216818285220867,0.7682338888467386,1.2587030614918,0.01176922423603593,6.0
2026-08-27 04:30:00,-0.007436348,0.47714355897839816,0.8499999810010195,9.809999780729413,0.046552060324651916,0.7216818285220867,0.7682338888467386,1.2379410996997982,0.01176922423603593,6.0
2026-08-27 04:40:00,-0.007436348,0.45292736330570776,0.8499999810010195,9.809999780729413,0.046552060324651916,0.7216818285220867,0.7682338888467386,1.2137249040271079,0.01176922423603593,6.0
2026-08-27 04:50:00,-0.007436348,0.4254364765490462,0.8499999810010195,9.809999780729413,0.046552060324651916,0.7216818285220867,0.7682338888467386,1.1862340172704462,0.01176922423603593,6.0
2026-08-27 05:00:00,-0.007436348,0.39488003665101756,0.8499999810010195,9.809999780729413,0.046552060324651916,0.7216818285220867,0.7682338888467386,1.1556775773724177,0.01176922423603593,6.0
2026-08-27 05:10:00,-0.007436348,0.3614954550373902,0.8499999810010195,9.809999780729413,0.046552060324651916,0.7216818285220867,0.7682338888467386,1.1222929957587904,0.01176922423603593,6.0
2026-08-27 05:20:00,-0.007436348,0.32554680259648955,0.8499999810010195,9.809999780729413,0.046552060324651916,0.7216818285220867,0.7682338888467386,1.0863443433178896,0.01176922423603593,6.0
2026-08-27 05:30:00,-0.007436348,0.2873229176180832,0.8499999810010195,9.809999780729413,0.046552060324651916,0.7216818285220867,0.7682338888467386,1.0481204583394832,0.01176922423603593,6.0
2026-08-27 05:40:00,-0.007436348,0.24713523952640015,0.8499999810010195,9.809999780729413,0.046552060324651916,0.7216818285220867,0.7682338888467386,1.0079327802478002,0.01176922423603593,6.0
2026-08-27 05:50:00,-0.007436348,0.2053153637515729,0.8499999810010195,9.809999780729413,0.046552060324651916,0.7216818285220867,0.7682338888467386,0.9661129044729729,0.01176922423603593,6.0
2026-08-27 06:00:00,-0.007436348,0.1622123084175465,0.8299999814480543,9.749999782070518,0.04571977649228022,0.7087791962044941,0.7544989726967744,0.9092749329889823,0.01176922423603593,6.0
2026-08-27 06:10:00,-0.007436348,0.11818948429228844,0.8299999814480543,9.749999782070518,0.04571977649228022,0.7087791962044941,0.7544989726967744,0.8652521088637243,0.01176922423603593,6.0
2026-08-27 06:20:00,-0.007436348,0.07362136639693131,0.8299999814480543,9.749999782070518,0.04571977649228022,0.7087791962044941,0.7544989726967744,0.8206839909683671,0.01176922423603593,6.0
2026-08-27 06:30:00,-0.007436348,0.028889878482757578,0.8299999814480543,9.749999782070518,0.04571977649228022,0.7087791962044941,0.7544989726967744,0.7759525030541934,0.01176922423603593,6.0
2026-08-27 06:40:00,-0.007436348,-0.015619480506815409,0.8299999814480543,9.749999782070518,0.04571977649228022,0.7087791962044941,0.7544989726967744,0.7314431440646204,0.01176922423603593,6.0
2026-08-27 06:50:00,-0.007436348,-0.05952171803060323,0.8299999814480543,9.749999782070518,0.04571977649228022,0.7087791962044941,0.7544989726967744,0.6875409065408326,0.01176922423603593,6.0
2026-08-27 07:00:00,-0.007436348,-0.10243656588637552,0.8299999814480543,9.749999782070518,0.04571977649228022,0.7087791962044941,0.7544989726967744,0.6446260586850603,0.01176922423603593,6.0
2026-08-27 07:10:00,-0.007436348,-0.1439927431058301,0.8299999814480543,9.749999782070518,0.04571977649228022,0.7087791962044941,0.7544989726967744,0.6030698814656057,0.01176922423603593,6.0
2026-08-27 07:20:00,-0.007436348,-0.18383215714626366,0.8299999814480543,9.749999782070518,0.04571977649228022,0.7087791962044941,0.7544989726967744,0.5632304674251721,0.01176922423603593,6.0
2026-08-27 07:30:00,-0.007436348,-0.22161392836501959,0.8299999814480543,9.749999782070518,0.04571977649228022,0.7087791962044941,0.7544989726967744,0.5254486962064162,0.01176922423603593,6.0
2026-08-27 07:40:00,-0.007436348,-0.2570181226904899,0.8299999814480543,9.749999782070518,0.04571977649228022,0.7087791962044941,0.7544989726967744,0.4900445018809459,0.01176922423603593,6.0
2026-08-27 07:50:00,-0.007436348,-0.28974908647889924,0.8299999814480543,9.749999782070518,0.04571977649228022,0.7087791962044941,0.7544989726967744,0.45731353809253655,0.01176922423603593,6.0
2026-08-27 08:00:00,-0.007436348,-0.3195382954676393,0.8299999814480543,9.749999782070518,0.04571977649228022,0.7087791962044941,0.7544989726967744,0.4275243291037965,0.01176922423603593,6.0
2026-08-27 08:10:00,-0.007436348,-0.3461466551291083,0.8299999814480543,9.749999782070518,0.04571977649228022,0.7087791962044941,0.7544989726967744,0.4009159694423275,0.01176922423603593,6.0
2026-08-27 08:20:00,-0.007436348,-0.3693662205906568,0.8299999814480543,9.749999782070518,0.04571977649228022,0.7087791962044941,0.7544989726967744,0.37769640398077897,0.01176922423603593,6.0
2026-08-27 08:30:00,-0.007436348,-0.3890213376159282,0.8299999814480543,9.749999782070518,0.04571977649228022,0.7087791962044941,0.7544989726967744,0.3580412869555076,0.01176922423603593,6.0
2026-08-27 08:40:00,-0.007436348,-0.4049692388503487,0.8299999814480543,9.749999782070518,0.04571977649228022,0.7087791962044941,0.7544989726967744,0.3420933857210871,0.01176922423603593,6.0
2026-08-27 08:50:00,-0.007436348,-0.41710015832889674,0.8299999814480543,9.749999782070518,0.04571977649228022,0.7087791962044941,0.7544989726967744,0.32996246624253905,0.01176922423603593,6.0
2026-08-27 09:00:00,-0.007436348,-0.4253370492564806,0.8199999816715717,9.669999783858657,0.045070651616903996,0.698716019113434,0.743786670730338,0.31101327334851886,0.01176922423603593,6.0
2026-08-27 09:10:00,-0.007436348,-0.42963500308050884,0.8199999816715717,9.669999783858657,0.045070651616903996,0.698716019113434,0.743786670730338,0.3067153195244906,0.01176922423603593,6.0
2026-08-27 09:20:00,-0.007436348,-0.4299804706044605,0.8199999816715717,9.669999783858657,0.045070651616903996,0.698716019113434,0.743786670730338,0.30636985200053896,0.01176922423603593,6.0
2026-08-27 09:30:00,-0.007436348,-0.4263903781091268,0.8199999816715717,9.669999783858657,0.045070651616903996,0.698716019113434,0.743786670730338,0.30995994449587266,0.01176922423603593,6.0
2026-08-27 09:40:00,-0.007436348,-0.4189112141722638,0.8199999816715717,9.669999783858657,0.045070651616903996,0.698716019113434,0.743786670730338,0.31743910843273565,0.01176922423603593,6.0
2026-08-27 09:50:00,-0.007436348,-0.40761813798878693,0.8199999816715717,9.669999783858657,0.045070651616903996,0.698716019113434,0.743786670730338,0.3287321846162125,0.01176922423603593,6.0
2026-08-27 10:00:00,-0.007436348,-0.3926141304867969,0.8199999816715717,9.669999783858657,0.045070651616903996,0.698716019113434,0.743786670730338,0.34373619211820255,0.01176922423603593,6.0
2026-08-27 10:10:00,-0.007436348,-0.37402917862359586,0.8199999816715717,9.669999783858657,0.045070651616903996,0.698716019113434,0.743786670730338,0.3623211439814036,0.01176922423603593,6.0
2026-08-27 10:20:00,-0.007436348,-0.35201945471712653,0.8199999816715717,9.669999783858657,0.045070651616903996,0.698716019113434,0.743786670730338,0.3843308678878729,0.01176922423603593,6.0
2026-08-27 10:30:00,-0.007436348,-0.32676642967038616,0.8199999816715717,9.669999783858657,0.045070651616903996,0.698716019113434,0.743786670730338,0.4095838929346133,0.01176922423603593,6.0
2026-08-27 10:40:00,-0.007436348,-0.2984758444616857,0.8199999816715717,9.669999783858657,0.045070651616903996,0.698716019113434,0.743786670730338,0.43787447814331376,0.01176922423603593,6.0
2026-08-27 10:50:00,-0.007436348,-0.2673764600844645,0.8199999816715717,9.669999783858657,0.045070651616903996,0.698716019113434,0.743786670730338,0.46897386252053497,0.01176922423603593,6.0
2026-08-27 11:00:00,-0.007436348,-0.23371851295748033,0.8199999816715717,9.669999783858657,0.045070651616903996,0.698716019113434,0.743786670730338,0.5026318096475191,0.01176922423603593,6.0
2026-08-27 11:10:00,-0.007436348,-0.1977718203821209,0.8199999816715717,9.669999783858657,0.045070651616903996,0.698716019113434,0.743786670730338,0.5385785022228785,0.01176922423603593,6.0
2026-08-27 11:20:00,-0.007436348,-0.15982350706702653,0.8199999816715717,9.669999783858657,0.045070651616903996,0.698716019113434,0.743786670730338,0.5765268155379729,0.01176922423603593,6.0
2026-08-27 11:30:00,-0.007436348,-0.12017535655478531,0.8199999816715717,9.669999783858657,0.045070651616903996,0.698716019113434,0.743786670730338,0.6161749660502142,0.01176922423603593,6.0
2026-08-27 11:40:00,-0.007436348,-0.07914082696709471,0.8199999816715717,9.669999783858657,0.045070651616903996,0.698716019113434,0.743786670730338,0.6572094956379048,0.01176922423603593,6.0
2026-08-27 11:50:00,-0.007436348,-0.03704180523565095,0.8199999816715717,9.669999783858657,0.045070651616903996,0.698716019113434,0.743786670730338,0.6993085173693485,0.01176922423603593,6.0
2026-08-27 12:00:00,-0.007436348,0.00579479619793217,0.8099999818950891,9.579999785870314,0.04437807453562407,0.6879792162539071,0.7323572907895312,0.7307157388621248,0.01176922423603593,6.0
2026-08-27 12:10:00,-0.007436348,0.04904047445409815,0.8099999818950891,9.579999785870314,0.04437807453562407,0.6879792162539071,0.7323572907895312,0.7739614171182907,0.01176922423603593,6.0
2026-08-27 12:20:00,-0.007436348,0.09236846634033097,0.8099999818950891,9.579999785870314,0.04437807453562407,0.6879792162539071,0.7323572907895312,0.8172894090045235,0.01176922423603593,6.0
2026-08-27 12:30:00,-0.007436348,0.13545683819801313,0.8099999818950891,9.579999785870314,0.04437807453562407,0.6879792162539071,0.7323572907895312,0.8603777808622057,0.01176922423603593,6.0
2026-08-27 12:40:00,-0.007436348,0.17799121392539785,0.8099999818950891,9.579999785870314,0.04437807453562407,0.6879792162539071,0.7323572907895312,0.9029121565895905,0.01176922423603593,6.0
2026-08-27 12:50:00,-0.007436348,0.21966704518168637,0.8099999818950891,9.579999785870314,0.04437807453562407,0.6879792162539071,0.7323572907895312,0.9445879878458789,0.01176922423603593,6.0
2026-08-27 13:00:00,-0.007436348,0.26019136233898005,0.8099999818950891,9.579999785870314,0.04437807453562407,0.6879792162539071,0.7323572907895312,0.9851123050031727,0.01176922423603593,6.0
2026-08-27 13:10:00,-0.007436348,0.29928398576855364,0.8099999818950891,9.579999785870314,0.04437807453562407,0.6879792162539071,0.7323572907895312,1.0242049284327464,0.01176922423603593,6.0
2026-08-27 13:20:00,-0.007436348,0.33667822002030734,0.8099999818950891,9.579999785870314,0.04437807453562407,0.6879792162539071,0.7323572907895312,1.0615991626844998,0.01176922423603593,6.0
2026-08-27 13:30:00,-0.007436348,0.3721210948509927,0.8099999818950891,9.579999785870314,0.04437807453562407,0.6879792162539071,0.7323572907895312,1.0970420375151853,0.01176922423603593,6.0
2026-08-27 13:40:00,-0.007436348,0.4053732525646005,0.8099999818950891,9.579999785870314,0.04437807453562407,0.6879792162539071,0.7323572907895312,1.130294195228793,0.01176922423603593,6.0
2026-08-27 13:50:00,-0.007436348,0.43620860757532826,0.8099999818950891,9.579999785870314,0.04437807453562407,0.6879792162539071,0.7323572907895312,1.161129550239521,0.01176922423603593,6.0
2026-08-27 14:00:00,-0.007436348,0.4644139190372538,0.8099999818950891,9.579999785870314,0.04437807453562407,0.6879792162539071,0.7323572907895312,1.1893348617014463,0.01176922423603593,6.0
2026-08-27 14:10:00,-0.007436348,0.48978841934448514,0.8099999818950891,9.579999785870314,0.04437807453562407,0.6879792162539071,0.7323572907895312,1.2147093620086777,0.01176922423603593,6.0
2026-08-27 14:20:00,-0.007436348,0.512143630530578,0.8099999818950891,9.579999785870314,0.04437807453562407,0.6879792162539071,0.7323572907895312,1.2370645731947705,0.01176922423603593,6.0
2026-08-27 14:30:00,-0.007436348,0.531303477986993,0.8099999818950891,9.579999785870314,0.04437807453562407,0.6879792162539071,0.7323572907895312,1.2562244206511854,0.01176922423603593,6.0
2026-08-27 14:40:00,-0.007436348,0.5471047791256688,0.8099999818950891,9.579999785870314,0.04437807453562407,0.6879792162539071,0.7323572907895312,1.2720257217898614,0.01176922423603593,6.0
2026-08-27 14:50:00,-0.007436348,0.5593981465418867,0.8099999818950891,9.579999785870314,0.04437807453562407,0.6879792162539071,0.7323572907895312,1.2843190892060794,0.01176922423603593,6.0
2026-08-27 15:00:00,-0.007436348,0.5680493047731683,0.8299999814480543,9.469999788329005,0.044406798295578837,0.6884245115955445,0.7328313098911233,1.2934442665389532,0.01176922423603593,6.0
2026-08-27 15:10:00,-0.007436348,0.5729407805861528,0.8299999814480543,9.469999788329005,0.044406798295578837,0.6884245115955445,0.7328313098911233,1.2983357423519375,0.01176922423603593,6.0
2026-08-27 15:20:00,-0.007436348,0.5739738924447544,0.8299999814480543,9.469999788329005,0.044406798295578837,0.6884245115955445,0.7328313098911233,1.299368854210539,0.01176922423603593,6.0
2026-08-27 15:30:00,-0.007436348,0.5710709382739644,0.8299999814480543,9.469999788329005,0.044406798295578837,0.6884245115955445,0.7328313098911233,1.2964659000397492,0.01176922423603593,6.0
2026-08-27 15:40:00,-0.007436348,0.5641774638788162,0.8299999814480543,9.469999788329005,0.044406798295578837,0.6884245115955445,0.7328313098911233,1.289572425644601,0.01176922423603593,6.0
2026-08-27 15:50:00,-0.007436348,0.5532644882173766,0.8299999814480543,9.469999788329005,0.044406798295578837,0.6884245115955445,0.7328313098911233,1.2786594499831614,0.01176922423603593,6.0
2026-08-27 16:00:00,-0.007436348,0.5383305661256296,0.8299999814480543,9.469999788329005,0.044406798295578837,0.6884245115955445,0.7328313098911233,1.2637255278914143,0.01176922423603593,6.0
2026-08-27 16:10:00,-0.007436348,0.5194035824744367,0.8299999814480543,9.469999788329005,0.044406798295578837,0.6884245115955445,0.7328313098911233,1.2447985442402216,0.01176922423603593,6.0
2026-08-27 16:20:00,-0.007436348,0.49654219239476194,0.8299999814480543,9.469999788329005,0.044406798295578837,0.6884245115955445,0.7328313098911233,1.2219371541605466,0.01176922423603593,6.0
2026-08-27 16:30:00,-0.007436348,0.4698368469199584,0.8299999814480543,9.469999788329005,0.044406798295578837,0.6884245115955445,0.7328313098911233,1.1952318086857432,0.01176922423603593,6.0
2026-08-27 16:40:00,-0.007436348,0.43941036961369245,0.8299999814480543,9.469999788329005,0.044406798295578837,0.6884245115955445,0.7328313098911233,1.1648053313794773,0.01176922423603593,6.0
2026-08-27 16:50:00,-0.007436348,0.4054180743894733,0.8299999814480543,9.469999788329005,0.044406798295578837,0.6884245115955445,0.7328313098911233,1.1308130361552582,0.01176922423603593,6.0
2026-08-27 17:00:00,-0.007436348,0.3680474352543432,0.8299999814480543,9.469999788329005,0.044406798295578837,0.6884245115955445,0.7328313098911233,1.093442397020128,0.01176922423603593,6.0
2026-08-27 17:10:00,-0.007436348,0.3275173336781173,0.8299999814480543,9.469999788329005,0.044406798295578837,0.6884245115955445,0.7328313098911233,1.052912295443902,0.01176922423603593,6.0
2026-08-27 17:20:00,-0.007436348,0.2840769173501087,0.8299999814480543,9.469999788329005,0.044406798295578837,0.6884245115955445,0.7328313098911233,1.0094718791158934,0.01176922423603593,6.0
2026-08-27 17:30:00,-0.007436348,0.23800410588919682,0.8299999814480543,9.469999788329005,0.044406798295578837,0.6884245115955445,0.7328313098911233,0.9633990676549816,0.01176922423603593,6.0
2026-08-27 17:40:00,-0.007436348,0.18960377477047757,0.8299999814480543,9.469999788329005,0.044406798295578837,0.6884245115955445,0.7328313098911233,0.9149987365362624,0.01176922423603593,6.0
2026-08-27 17:50:00,-0.007436348,0.13920564097559793,0.8299999814480543,9.469999788329005,0.044406798295578837,0.6884245115955445,0.7328313098911233,0.8646006027413827,0.01176922423603593,6.0
2026-08-27 18:00:00,-0.007436348,0.08716186377564748,0.8899999801069498,9.379999790340662,0.04554684283688497,0.7060982605859998,0.7516451034228847,0.8313706190731937,0.01176922423603593,6.0
2026-08-27 18:10:00,-0.007436348,0.033844364921814876,0.8899999801069498,9.379999790340662,0.04554684283688497,0.7060982605859998,0.7516451034228847,0.778053120219361,0.01176922423603593,6.0
2026-08-27 18:20:00,-0.007436348,-0.020358134036856025,0.8899999801069498,9.379999790340662,0.04554684283688497,0.7060982605859998,0.7516451034228847,0.7238506212606901,0.01176922423603593,6.0
2026-08-27 18:30:00,-0.007436348,-0.07504336154644724,0.8899999801069498,9.379999790340662,0.04554684283688497,0.7060982605859998,0.7516451034228847,0.669165393751099,0.01176922423603593,6.0
2026-08-27 18:40:00,-0.007436348,-0.12979903324665773,0.8899999801069498,9.379999790340662,0.04554684283688497,0.7060982605859998,0.7516451034228847,0.6144097220508884,0.01176922423603593,6.0
2026-08-27 18:50:00,-0.007436348,-0.1842066671603851,0.8899999801069498,9.379999790340662,0.04554684283688497,0.7060982605859998,0.7516451034228847,0.560002088137161,0.01176922423603593,6.0
2026-08-27 19:00:00,-0.007436348,-0.23784565191450313,0.8899999801069498,9.379999790340662,0.04554684283688497,0.7060982605859998,0.7516451034228847,0.506363103383043,0.01176922423603593,6.0
2026-08-27 19:10:00,-0.007436348,-0.2902975239603841,0.8899999801069498,9.379999790340662,0.04554684283688497,0.7060982605859998,0.7516451034228847,0.45391123133716205,0.01176922423603593,6.0
2026-08-27 19:20:00,-0.007436348,-0.34115038826099325,0.8899999801069498,9.379999790340662,0.04554684283688497,0.7060982605859998,0.7516451034228847,0.4030583670365529,0.01176922423603593,6.0
2026-08-27 19:30:00,-0.007436348,-0.3900033965013715,0.8899999801069498,9.379999790340662,0.04554684283688497,0.7060982605859998,0.7516451034228847,0.35420535879617465,0.01176922423603593,6.0
2026-08-27 19:40:00,-0.007436348,-0.4364711794855505,0.8899999801069498,9.379999790340662,0.04554684283688497,0.7060982605859998,0.7516451034228847,0.3077375758119957,0.01176922423603593,6.0
2026-08-27 19:50:00,-0.007436348,-0.48018811888560353,0.8899999801069498,9.379999790340662,0.04554684283688497,0.7060982605859998,0.7516451034228847,0.2640206364119426,0.01176922423603593,6.0
2026-08-27 20:00:00,-0.007436348,-0.5208123397686601,0.8899999801069498,9.379999790340662,0.04554684283688497,0.7060982605859998,0.7516451034228847,0.223396415528886,0.01176922423603593,6.0
2026-08-27 20:10:00,-0.007436348,-0.5580293103801865,0.8899999801069498,9.379999790340662,0.04554684283688497,0.7060982605859998,0.7516451034228847,0.1861794449173596,0.01176922423603593,6.0
2026-08-27 20:20:00,-0.007436348,-0.591554950023346,0.8899999801069498,9.379999790340662,0.04554684283688497,0.7060982605859998,0.7516451034228847,0.15265380527420014,0.01176922423603593,6.0
2026-08-27 20:30:00,-0.007436348,-0.6211381683754658,0.8899999801069498,9.379999790340662,0.04554684283688497,0.7060982605859998,0.7516451034228847,0.1230705869220804,0.01176922423603593,6.0
2026-08-27 20:40:00,-0.007436348,-0.6465627889538341,0.8899999801069498,9.379999790340662,0.04554684283688497,0.7060982605859998,0.7516451034228847,0.09764596634371203,0.01176922423603593,6.0
2026-08-27 20:50:00,-0.007436348,-0.667648842606108,0.8899999801069498,9.379999790340662,0.04554684283688497,0.7060982605859998,0.7516451034228847,0.07655991269143814,0.01176922423603593,6.0
2026-08-27 21:00:00,-0.007436348,-0.6842532513008136,0.9199999794363976,9.309999791905284,0.04596254111680318,0.7125426991924259,0.7585052403092291,0.0668156408830769,0.01176922423603593,6.0
2026-08-27 21:10:00,-0.007436348,-0.6962699544198624,0.9199999794363976,9.309999791905284,0.04596254111680318,0.7125426991924259,0.7585052403092291,0.05479893776402811,0.01176922423603593,6.0
2026-08-27 21:20:00,-0.007436348,-0.7036295563533956,0.9199999794363976,9.309999791905284,0.04596254111680318,0.7125426991924259,0.7585052403092291,0.047439335830494866,0.01176922423603593,6.0
2026-08-27 21:30:00,-0.007436348,-0.7062985927125064,0.9199999794363976,9.309999791905284,0.04596254111680318,0.7125426991924259,0.7585052403092291,0.04477029947138411,0.01176922423603593,6.0
2026-08-27 21:40:00,-0.007436348,-0.7042785211314171,0.9199999794363976,9.309999791905284,0.04596254111680318,0.7125426991924259,0.7585052403092291,0.04679037105247341,0.01176922423603593,6.0
2026-08-27 21:50:00,-0.007436348,-0.6976045406189653,0.9199999794363976,9.309999791905284,0.04596254111680318,0.7125426991924259,0.7585052403092291,0.05346435156492524,0.01176922423603593,6.0
2026-08-27 22:00:00,-0.007436348,-0.6863443311290022,0.9199999794363976,9.309999791905284,0.04596254111680318,0.7125426991924259,0.7585052403092291,0.06472456105488833,0.01176922423603593,6.0
2026-08-27 22:10:00,-0.007436348,-0.6705967838221875,0.9199999794363976,9.309999791905284,0.04596254111680318,0.7125426991924259,0.7585052403092291,0.08047210836170304,0.01176922423603593,6.0
2026-08-27 22:20:00,-0.007436348,-0.6504907649392838,0.9199999794363976,9.309999791905284,0.04596254111680318,0.7125426991924259,0.7585052403092291,0.10057812724460669,0.01176922423603593,6.0
2026-08-27 22:30:00,-0.007436348,-0.6261839253199893,0.9199999794363976,9.309999791905284,0.04596254111680318,0.7125426991924259,0.7585052403092291,0.12488496686390116,0.01176922423603593,6.0
2026-08-27 22:40:00,-0.007436348,-0.5978615370401101,0.9199999794363976,9.309999791905284,0.04596254111680318,0.7125426991924259,0.7585052403092291,0.15320735514378037,0.01176922423603593,6.0
2026-08-27 22:50:00,-0.007436348,-0.5657353118819957,0.9199999794363976,9.309999791905284,0.04596254111680318,0.7125426991924259,0.7585052403092291,0.18533358030189484,0.01176922423603593,6.0
2026-08-27 23:00:00,-0.007436348,-0.5300421365066028,0.9199999794363976,9.309999791905284,0.04596254111680318,0.7125426991924259,0.7585052403092291,0.2210267556772877,0.01176922423603593,6.0
2026-08-27 23:10:00,-0.007436348,-0.49104264884105747,0.9199999794363976,9.309999791905284,0.04596254111680318,0.7125426991924259,0.7585052403092291,0.26002624334283303,0.01176922423603593,6.0
2026-08-27 23:20:00,-0.007436348,-0.44901958042357104,0.9199999794363976,9.309999791905284,0.04596254111680318,0.7125426991924259,0.7585052403092291,0.30204931176031946,0.01176922423603593,6.0
2026-08-27 23:30:00,-0.007436348,-0.40427580091837906,0.9199999794363976,9.309999791905284,0.04596254111680318,0.7125426991924259,0.7585052403092291,0.34679309126551144,0.01176922423603593,6.0
2026-08-27 23:40:00,-0.007436348,-0.3571320220887327,0.9199999794363976,9.309999791905284,0.04596254111680318,0.7125426991924259,0.7585052403092291,0.3939368700951578,0.01176922423603593,6.0
2026-08-27 23:50:00,-0.007436348,-0.30792414783978866,0.9199999794363976,9.309999791905284,0.04596254111680318,0.7125426991924259,0.7585052403092291,0.44314474434410184,0.01176922423603593,6.0
2026-08-28 00:00:00,-0.0051229615,-0.25700029056182483,0.9199999794363976,9.209999794140458,0.04546885109406631,0.7048891793299938,0.7503580304240601,0.4882347783857901,0.01176922423603593,6.0
2026-08-28 00:10:00,-0.0051229615,-0.20471750917484308,0.9199999794363976,9.209999794140458,0.04546885109406631,0.7048891793299938,0.7503580304240601,0.5405175597727718,0.01176922423603593,6.0
2026-08-28 00:20:00,-0.0051229615,-0.15143835636333783,0.9199999794363976,9.209999794140458,0.04546885109406631,0.7048891793299938,0.7503580304240601,0.5937967125842771,0.01176922423603593,6.0
2026-08-28 00:30:00,-0.0051229615,-0.09752734836876449,0.9199999794363976,9.209999794140458,0.04546885109406631,0.7048891793299938,0.7503580304240601,0.6477077205788504,0.01176922423603593,6.0
2026-08-28 00:40:00,-0.0051229615,-0.04334748716218434,0.9199999794363976,9.209999794140458,0.04546885109406631,0.7048891793299938,0.7503580304240601,0.7018875817854306,0.01176922423603593,6.0
2026-08-28 00:50:00,-0.0051229615,0.01074303039722595,0.9199999794363976,9.209999794140458,0.04546885109406631,0.7048891793299938,0.7503580304240601,0.7559780993448408,0.01176922423603593,6.0
2026-08-28 01:00:00,-0.0051229615,0.06439378924353363,0.9199999794363976,9.209999794140458,0.04546885109406631,0.7048891793299938,0.7503580304240601,0.8096288581911486,0.01176922423603593,6.0
2026-08-28 01:10:00,-0.0051229615,0.11726471128932549,0.9199999794363976,9.209999794140458,0.04546885109406631,0.7048891793299938,0.7503580304240601,0.8624997802369404,0.01176922423603593,6.0
2026-08-28 01:20:00,-0.0051229615,0.1690281117520771,0.9199999794363976,9.209999794140458,0.04546885109406631,0.7048891793299938,0.7503580304240601,0.914263180699692,0.01176922423603593,6.0
2026-08-28 01:30:00,-0.0051229615,0.2193702173778318,0.9199999794363976,9.209999794140458,0.04546885109406631,0.7048891793299938,0.7503580304240601,0.9646052863254467,0.01176922423603593,6.0
2026-08-28 01:40:00,-0.0051229615,0.26799214930365745,0.9199999794363976,9.209999794140458,0.04546885109406631,0.7048891793299938,0.7503580304240601,1.0132272182512723,0.01176922423603593,6.0
2026-08-28 01:50:00,-0.0051229615,0.3146104157909251,0.9199999794363976,9.209999794140458,0.04546885109406631,0.7048891793299938,0.7503580304240601,1.0598454847385401,0.01176922423603593,6.0
2026-08-28 02:00:00,-0.0051229615,0.3589569985787109,0.9199999794363976,9.209999794140458,0.04546885109406631,0.7048891793299938,0.7503580304240601,1.1041920675263257,0.01176922423603593,6.0
2026-08-28 02:10:00,-0.0051229615,0.4007791476169159,0.9199999794363976,9.209999794140458,0.04546885109406631,0.7048891793299938,0.7503580304240601,1.1460142165645308,0.01176922423603593,6.0
2026-08-28 02:20:00,-0.0051229615,0.43983901957633315,0.9199999794363976,9.209999794140458,0.04546885109406631,0.7048891793299938,0.7503580304240601,1.1850740885239481,0.01176922423603593,6.0
2026-08-28 02:30:00,-0.0051229615,0.4759133036623679,0.9199999794363976,9.209999794140458,0.04546885109406631,0.7048891793299938,0.7503580304240601,1.2211483726099828,0.01176922423603593,6.0
2026-08-28 02:40:00,-0.0051229615,0.5087929735162409,0.9199999794363976,9.209999794140458,0.04546885109406631,0.7048891793299938,0.7503580304240601,1.254028042463856,0.01176922423603593,6.0
2026-08-28 02:50:00,-0.0051229615,0.5382832866125624,0.9199999794363976,9.209999794140458,0.04546885109406631,0.7048891793299938,0.7503580304240601,1.2835183555601772,0.01176922423603593,6.0
2026-08-28 03:00:00,-0.0051229615,0.5642041247079612,0.8799999803304672,9.169999795034528,0.04427627829193496,0.6864011013698419,0.7306773796617768,1.289758542893293,0.01176922423603593,6.0
2026-08-28 03:10:00,-0.0051229615,0.5863907330508379,0.8799999803304672,9.169999795034528,0.04427627829193496,0.6864011013698419,0.7306773796617768,1.3119451512361695,0.01176922423603593,6.0
2026-08-28 03:20:00,-0.0051229615,0.604694875951411,0.8799999803304672,9.169999795034528,0.04427627829193496,0.6864011013698419,0.7306773796617768,1.3302492941367428,0.01176922423603593,6.0
2026-08-28 03:30:00,-0.0051229615,0.6189863855936274,0.8799999803304672,9.169999795034528,0.04427627829193496,0.6864011013698419,0.7306773796617768,1.344540803778959,0.01176922423603593,6.0
2026-08-28 03:40:00,-0.0051229615,0.6291550434590039,0.8799999803304672,9.169999795034528,0.04427627829193496,0.6864011013698419,0.7306773796617768,1.3547094616443354,0.01176922423603593,6.0
2026-08-28 03:50:00,-0.0051229615,0.6351127026639951,0.8799999803304672,9.169999795034528,0.04427627829193496,0.6864011013698419,0.7306773796617768,1.3606671208493268,0.01176922423603593,6.0
2026-08-28 04:00:00,-0.0051229615,0.6367955374548168,0.8799999803304672,9.169999795034528,0.04427627829193496,0.6864011013698419,0.7306773796617768,1.3623499556401484,0.01176922423603593,6.0
2026-08-28 04:10:00,-0.0051229615,0.6341662943991966,0.8799999803304672,9.169999795034528,0.04427627829193496,0.6864011013698419,0.7306773796617768,1.359720712584528,0.01176922423603593,6.0
2026-08-28 04:20:00,-0.0051229615,0.6272164191000016,0.8799999803304672,9.169999795034528,0.04427627829193496,0.6864011013698419,0.7306773796617768,1.352770837285333,0.01176922423603593,6.0
2026-08-28 04:30:00,-0.0051229615,0.6159679414173942,0.8799999803304672,9.169999795034528,0.04427627829193496,0.6864011013698419,0.7306773796617768,1.3415223596027257,0.01176922423603593,6.0
2026-08-28 04:40:00,-0.0051229615,0.6004750199406388,0.8799999803304672,9.169999795034528,0.04427627829193496,0.6864011013698419,0.7306773796617768,1.3260294381259703,0.01176922423603593,6.0
2026-08-28 04:50:00,-0.0051229615,0.5808250698839327,0.8799999803304672,9.169999795034528,0.04427627829193496,0.6864011013698419,0.7306773796617768,1.3063794880692643,0.01176922423603593,6.0
2026-08-28 05:00:00,-0.0051229615,0.5571394251807691,0.8799999803304672,9.169999795034528,0.04427627829193496,0.6864011013698419,0.7306773796617768,1.2826938433661006,0.01176922423603593,6.0
2026-08-28 05:10:00,-0.0051229615,0.5295735120498215,0.8799999803304672,9.169999795034528,0.04427627829193496,0.6864011013698419,0.7306773796617768,1.2551279302351532,0.01176922423603593,6.0
2026-08-28 05:20:00,-0.0051229615,0.4983165350507834,0.8799999803304672,9.169999795034528,0.04427627829193496,0.6864011013698419,0.7306773796617768,1.223870953236115,0.01176922423603593,6.0
2026-08-28 05:30:00,-0.0051229615,0.4635906956746148,0.8799999803304672,9.169999795034528,0.04427627829193496,0.6864011013698419,0.7306773796617768,1.1891451138599465,0.01176922423603593,6.0
2026-08-28 05:40:00,-0.0051229615,0.425649975889593,0.8799999803304672,9.169999795034528,0.04427627829193496,0.6864011013698419,0.7306773796617768,1.1512043940749246,0.01176922423603593,6.0
2026-08-28 05:50:00,-0.0051229615,0.38477852516320044,0.8799999803304672,9.169999795034528,0.04427627829193496,0.6864011013698419,0.7306773796617768,1.110332943348532,0.01176922423603593,6.0
2026-08-28 06:00:00,-0.0051229615,0.3412886887491453,0.8599999807775021,9.159999795258045,0.04372251506056298,0.6778162856044869,0.7215388006650499,1.0577045279377502,0.01176922423603593,6.0
2026-08-28 06:10:00,-0.0051229615,0.2955187098233327,0.8599999807775021,9.159999795258045,0.04372251506056298,0.6778162856044869,0.7215388006650499,1.0119345490119374,0.01176922423603593,6.0
2026-08-28 06:20:00,-0.0051229615,0.24783012927586032,0.8599999807775021,9.159999795258045,0.04372251506056298,0.6778162856044869,0.7215388006650499,0.9642459684644651,0.01176922423603593,6.0
2026-08-28 06:30:00,-0.0051229615,0.1986048978132662,0.8599999807775021,9.159999795258045,0.04372251506056298,0.6778162856044869,0.7215388006650499,0.9150207370018709,0.01176922423603593,6.0
2026-08-28 06:40:00,-0.0051229615,0.14824220709037295,0.8599999807775021,9.159999795258045,0.04372251506056298,0.6778162856044869,0.7215388006650499,0.8646580462789777,0.01176922423603593,6.0
2026-08-28 06:50:00,-0.0051229615,0.09715504234625134,0.8599999807775021,9.159999795258045,0.04372251506056298,0.6778162856044869,0.7215388006650499,0.8135708815348561,0.01176922423603593,6.0
2026-08-28 07:00:00,-0.0051229615,0.045766460025319436,0.8599999807775021,9.159999795258045,0.04372251506056298,0.6778162856044869,0.7215388006650499,0.7621822992139242,0.01176922423603593,6.0
2026-08-28 07:10:00,-0.0051229615,-0.00549439970117007,0.8599999807775021,9.159999795258045,0.04372251506056298,0.6778162856044869,0.7215388006650499,0.7109214394874347,0.01176922423603593,6.0
2026-08-28 07:20:00,-0.0051229615,-0.05619654289203224,0.8599999807775021,9.159999795258045,0.04372251506056298,0.6778162856044869,0.7215388006650499,0.6602192962965725,0.01176922423603593,6.0
2026-08-28 07:30:00,-0.0051229615,-0.10591155483857241,0.8599999807775021,9.159999795258045,0.04372251506056298,0.6778162856044869,0.7215388006650499,0.6105042843500323,0.01176922423603593,6.0
2026-08-28 07:40:00,-0.0051229615,-0.15421817637768176,0.8599999807775021,9.159999795258045,0.04372251506056298,0.6778162856044869,0.7215388006650499,0.562197662810923,0.01176922423603593,6.0
2026-08-28 07:50:00,-0.0051229615,-0.20070694334341516,0.8599999807775021,9.159999795258045,0.04372251506056298,0.6778162856044869,0.7215388006650499,0.5157088958451896,0.01176922423603593,6.0
2026-08-28 08:00:00,-0.0051229615,-0.24498479026073344,0.8599999807775021,9.159999795258045,0.04372251506056298,0.6778162856044869,0.7215388006650499,0.4714310489278713,0.01176922423603593,6.0
2026-08-28 08:10:00,-0.0051229615,-0.2866795055193142,0.8599999807775021,9.159999795258045,0.04372251506056298,0.6778162856044869,0.7215388006650499,0.42973633366929054,0.01176922423603593,6.0
2026-08-28 08:20:00,-0.0051229615,-0.3254439181427326,0.8599999807775021,9.159999795258045,0.04372251506056298,0.6778162856044869,0.7215388006650499,0.39097192104587214,0.01176922423603593,6.0
2026-08-28 08:30:00,-0.0051229615,-0.3609596976419199,0.8599999807775021,9.159999795258045,0.04372251506056298,0.6778162856044869,0.7215388006650499,0.35545614154668487,0.01176922423603593,6.0
2026-08-28 08:40:00,-0.0051229615,-0.39294065908231673,0.8599999807775021,9.159999795258045,0.04372251506056298,0.6778162856044869,0.7215388006650499,0.323475180106288,0.01176922423603593,6.0
2026-08-28 08:50:00,-0.0051229615,-0.4211354848408859,0.8599999807775021,9.159999795258045,0.04372251506056298,0.6778162856044869,0.7215388006650499,0.2952803543477188,0.01176922423603593,6.0
2026-08-28 09:00:00,-0.0051229615,-0.44532980173503206,0.8499999810010195,8.369999812915921,0.03971873036873971,0.6157468812160924,0.6554656115848322,0.20501284837335493,0.01176922423603593,6.0
2026-08-28 09:10:00,-0.0051229615,-0.46534758463267417,0.8499999810010195,8.369999812915921,0.03971873036873971,0.6157468812160924,0.6554656115848322,0.18499506547571282,0.01176922423603593,6.0
2026-08-28 09:20:00,-0.0051229615,-0.48105189281149024,0.8499999810010195,8.369999812915921,0.03971873036873971,0.6157468812160924,0.6554656115848322,0.16929075729689674,0.01176922423603593,6.0
2026-08-28 09:30:00,-0.0051229615,-0.49234497974573127,0.8499999810010195,8.369999812915921,0.03971873036873971,0.6157468812160924,0.6554656115848322,0.15799767036265572,0.01176922423603593,6.0
2026-08-28 09:40:00,-0.0051229615,-0.4991678475055482,0.8499999810010195,8.369999812915921,0.03971873036873971,0.6157468812160924,0.6554656115848322,0.15117480260283878,0.01176922423603593,6.0
2026-08-28 09:50:00,-0.0051229615,-0.5014993405379089,0.8499999810010195,8.369999812915921,0.03971873036873971,0.6157468812160924,0.6554656115848322,0.1488433095704781,0.01176922423603593,6.0
2026-08-28 10:00:00,-0.0051229615,-0.4993548880551287,0.8499999810010195,8.369999812915921,0.03971873036873971,0.6157468812160924,0.6554656115848322,0.15098776205325837,0.01176922423603593,6.0
2026-08-28 10:10:00,-0.0051229615,-0.4927850080869758,0.8499999810010195,8.369999812915921,0.03971873036873971,0.6157468812160924,0.6554656115848322,0.1575576420214112,0.01176922423603593,6.0
2026-08-28 10:20:00,-0.0051229615,-0.4818736794250766,0.8499999810010195,8.369999812915921,0.03971873036873971,0.6157468812160924,0.6554656115848322,0.1684689706833104,0.01176922423603593,6.0
2026-08-28 10:30:00,-0.0051229615,-0.4667366707592628,0.8499999810010195,8.369999812915921,0.03971873036873971,0.6157468812160924,0.6554656115848322,0.1836059793491242,0.01176922423603593,6.0
2026-08-28 10:40:00,-0.0051229615,-0.4475198916281067,0.8499999810010195,8.369999812915921,0.03971873036873971,0.6157468812160924,0.6554656115848322,0.2028227584802803,0.01176922423603593,6.0
2026-08-28 10:50:00,-0.0051229615,-0.42439779977637143,0.8499999810010195,8.369999812915921,0.03971873036873971,0.6157468812160924,0.6554656115848322,0.22594485033201556,0.01176922423603593,6.0
2026-08-28 11:00:00,-0.0051229615,-0.3975718679219898,0.8499999810010195,8.369999812915921,0.03971873036873971,0.6157468812160924,0.6554656115848322,0.2527707821863972,0.01176922423603593,6.0
2026-08-28 11:10:00,-0.0051229615,-0.36726908305167094,0.8499999810010195,8.369999812915921,0.03971873036873971,0.6157468812160924,0.6554656115848322,0.28307356705671605,0.01176922423603593,6.0
2026-08-28 11:20:00,-0.0051229615,-0.3337404268572373,0.8499999810010195,8.369999812915921,0.03971873036873971,0.6157468812160924,0.6554656115848322,0.3166022232511497,0.01176922423603593,6.0
2026-08-28 11:30:00,-0.0051229615,-0.2972592695732305,0.8499999810010195,8.369999812915921,0.03971873036873971,0.6157468812160924,0.6554656115848322,0.3530833805351565,0.01176922423603593,6.0
2026-08-28 11:40:00,-0.0051229615,-0.2581196030587601,0.8499999810010195,8.369999812915921,0.03971873036873971,0.6157468812160924,0.6554656115848322,0.3922230470496269,0.01176922423603593,6.0
2026-08-28 11:50:00,-0.0051229615,-0.21663404387380575,0.8499999810010195,8.369999812915921,0.03971873036873971,0.6157468812160924,0.6554656115848322,0.43370860623458124,0.01176922423603593,6.0
2026-08-28 12:00:00,-0.0051229615,-0.17313155222137627,0.8499999810010195,8.389999812468886,0.039813637729238495,0.6172181999286758,0.6570318376579143,0.4787773239600928,0.01176922423603593,6.0
2026-08-28 12:10:00,-0.0051229615,-0.12795483725565476,0.8499999810010195,8.389999812468886,0.039813637729238495,0.6172181999286758,0.6570318376579143,0.5239540389258144,0.01176922423603593,6.0
2026-08-28 12:20:00,-0.0051229615,-0.08145745000606981,0.8499999810010195,8.389999812468886,0.039813637729238495,0.6172181999286758,0.6570318376579143,0.5704514261753992,0.01176922423603593,6.0
2026-08-28 12:30:00,-0.0051229615,-0.03400059937245019,0.8499999810010195,8.389999812468886,0.039813637729238495,0.6172181999286758,0.6570318376579143,0.6179082768090189,0.01176922423603593,6.0
2026-08-28 12:40:00,-0.0051229615,0.014050240038083597,0.8499999810010195,8.389999812468886,0.039813637729238495,0.6172181999286758,0.6570318376579143,0.6659591162195527,0.01176922423603593,6.0
2026-08-28 12:50:00,-0.0051229615,0.06232883040399168,0.8499999810010195,8.389999812468886,0.039813637729238495,0.6172181999286758,0.6570318376579143,0.7142377065854608,0.01176922423603593,6.0
2026-08-28 13:00:00,-0.0051229615,0.11047166445426564,0.8499999810010195,8.389999812468886,0.039813637729238495,0.6172181999286758,0.6570318376579143,0.7623805406357347,0.01176922423603593,6.0
2026-08-28 13:10:00,-0.0051229615,0.1581213208434055,0.8499999810010195,8.389999812468886,0.039813637729238495,0.6172181999286758,0.6570318376579143,0.8100301970248746,0.01176922423603593,6.0
2026-08-28 13:20:00,-0.0051229615,0.20492955244547886,0.8499999810010195,8.389999812468886,0.039813637729238495,0.6172181999286758,0.6570318376579143,0.8568384286269479,0.01176922423603593,6.0
2026-08-28 13:30:00,-0.0051229615,0.25055999269371143,0.8499999810010195,8.389999812468886,0.039813637729238495,0.6172181999286758,0.6570318376579143,0.9024688688751805,0.01176922423603593,6.0
2026-08-28 13:40:00,-0.0051229615,0.29469038969356876,0.8499999810010195,8.389999812468886,0.039813637729238495,0.6172181999286758,0.6570318376579143,0.9465992658750378,0.01176922423603593,6.0
2026-08-28 13:50:00,-0.0051229615,0.3370143120900428,0.8499999810010195,8.389999812468886,0.039813637729238495,0.6172181999286758,0.6570318376579143,0.9889231882715119,0.01176922423603593,6.0
2026-08-28 14:00:00,-0.0051229615,0.37724231060819763,0.8499999810010195,8.389999812468886,0.039813637729238495,0.6172181999286758,0.6570318376579143,1.0291511867896668,0.01176922423603593,6.0
2026-08-28 14:10:00,-0.0051229615,0.41510256160259906,0.8499999810010195,8.389999812468886,0.039813637729238495,0.6172181999286758,0.6570318376579143,1.067011437784068,0.01176922423603593,6.0
2026-08-28 14:20:00,-0.0051229615,0.4503410593959446,0.8499999810010195,8.389999812468886,0.039813637729238495,0.6172181999286758,0.6570318376579143,1.1022499355774138,0.01176922423603593,6.0
2026-08-28 14:30:00,-0.0051229615,0.48272145895628493,0.8499999810010195,8.389999812468886,0.039813637729238495,0.6172181999286758,0.6570318376579143,1.134630335137754,0.01176922423603593,6.0
2026-08-28 14:40:00,-0.0051229615,0.512024696197276,0.8499999810010195,8.389999812468886,0.039813637729238495,0.6172181999286758,0.6570318376579143,1.163933572378745,0.01176922423603593,6.0
2026-08-28 14:50:00,-0.0051229615,0.5380485272162866,0.8499999810010195,8.389999812468886,0.039813637729238495,0.6172181999286758,0.6570318376579143,1.1899574033977558,0.01176922423603593,6.0
2026-08-28 15:00:00,-0.0051229615,0.5606071291994387,0.8999999798834324,8.319999814033508,0.04062608920069669,0.6298133774443079,0.6704394666450045,1.225923634367998,0.01176922423603593,6.0
2026-08-28 15:10:00,-0.0051229615,0.5795308939781072,0.8999999798834324,8.319999814033508,0.04062608920069669,0.6298133774443079,0.6704394666450045,1.2448473991466664,0.01176922423603593,6.0
2026-08-28 15:20:00,-0.0051229615,0.5946665220110182,0.8999999798834324,8.319999814033508,0.04062608920069669,0.6298133774443079,0.6704394666450045,1.2599830271795776,0.01176922423603593,6.0
2026-08-28 15:30:00,-0.0051229615,0.6058774918413007,0.8999999798834324,8.319999814033508,0.04062608920069669,0.6298133774443079,0.6704394666450045,1.27119399700986,0.01176922423603593,6.0
2026-08-28 15:40:00,-0.0051229615,0.6130449412837246,0.8999999798834324,8.319999814033508,0.04062608920069669,0.6298133774443079,0.6704394666450045,1.278361446452284,0.01176922423603593,6.0
2026-08-28 15:50:00,-0.0051229615,0.6160689552889476,0.8999999798834324,8.319999814033508,0.04062608920069669,0.6298133774443079,0.6704394666450045,1.281385460457507,0.01176922423603593,6.0
2026-08-28 16:00:00,-0.0051229615,0.6148702155380905,0.8999999798834324,8.319999814033508,0.04062608920069669,0.6298133774443079,0.6704394666450045,1.28018672070665,0.01176922423603593,6.0
2026-08-28 16:10:00,-0.0051229615,0.6093919318615472,0.8999999798834324,8.319999814033508,0.04062608920069669,0.6298133774443079,0.6704394666450045,1.2747084370301065,0.01176922423603593,6.0
2026-08-28 16:20:00,-0.0051229615,0.599601948551803,0.8999999798834324,8.319999814033508,0.04062608920069669,0.6298133774443079,0.6704394666450045,1.2649184537203624,0.01176922423603593,6.0
2026-08-28 16:30:00,-0.0051229615,0.585494901512878,0.8999999798834324,8.319999814033508,0.04062608920069669,0.6298133774443079,0.6704394666450045,1.2508114066814373,0.01176922423603593,6.0
2026-08-28 16:40:00,-0.0051229615,0.5670942960619719,0.8999999798834324,8.319999814033508,0.04062608920069669,0.6298133774443079,0.6704394666450045,1.2324108012305313,0.01176922423603593,6.0
2026-08-28 16:50:00,-0.0051229615,0.5444543797107801,0.8999999798834324,8.319999814033508,0.04062608920069669,0.6298133774443079,0.6704394666450045,1.2097708848793394,0.01176922423603593,6.0
2026-08-28 17:00:00,-0.0051229615,0.5176616983674066,0.8999999798834324,8.319999814033508,0.04062608920069669,0.6298133774443079,0.6704394666450045,1.182978203535966,0.01176922423603593,6.0
2026-08-28 17:10:00,-0.0051229615,0.4868362457873388,0.8999999798834324,8.319999814033508,0.04062608920069669,0.6298133774443079,0.6704394666450045,1.1521527509558982,0.01176922423603593,6.0
2026-08-28 17:20:00,-0.0051229615,0.4521321422091332,0.8999999798834324,8.319999814033508,0.04062608920069669,0.6298133774443079,0.6704394666450045,1.1174486473776926,0.01176922423603593,6.0
2026-08-28 17:30:00,-0.0051229615,0.4137378057860288,0.8999999798834324,8.319999814033508,0.04062608920069669,0.6298133774443079,0.6704394666450045,1.079054310954588,0.01176922423603593,6.0
2026-08-28 17:40:00,-0.0051229615,0.3718756067973938,0.8999999798834324,8.319999814033508,0.04062608920069669,0.6298133774443079,0.6704394666450045,1.037192111965953,0.01176922423603593,6.0
2026-08-28 17:50:00,-0.0051229615,0.3268010172456146,0.8999999798834324,8.319999814033508,0.04062608920069669,0.6298133774443079,0.6704394666450045,0.992117522414174,0.01176922423603593,6.0
2026-08-28 18:00:00,-0.0051229615,0.2788012851694203,0.9499999787658453,6.589999852702022,0.03306036575498972,0.5125243661242476,0.5455847318792373,0.8192630555722125,0.01176922423603593,6.0
2026-08-28 18:10:00,-0.0051229615,0.22819367340203311,0.9499999787658453,6.589999852702022,0.03306036575498972,0.5125243661242476,0.5455847318792373,0.7686554438048252,0.01176922423603593,6.0
2026-08-28 18:20:00,-0.0051229615,0.1753233058172403,0.9499999787658453,6.589999852702022,0.03306036575498972,0.5125243661242476,0.5455847318792373,0.7157850762200324,0.01176922423603593,6.0
2026-08-28 18:30:00,-0.0051229615,0.12056066189300366,0.9499999787658453,6.589999852702022,0.03306036575498972,0.5125243661242476,0.5455847318792373,0.6610224322957957,0.01176922423603593,6.0
2026-08-28 18:40:00,-0.0051229615,0.06429875370116982,0.9499999787658453,6.589999852702022,0.03306036575498972,0.5125243661242476,0.5455847318792373,0.6047605241039619,0.01176922423603593,6.0
2026-08-28 18:50:00,-0.0051229615,0.006950010734638214,0.9499999787658453,6.589999852702022,0.03306036575498972,0.5125243661242476,0.5455847318792373,0.5474117811374303,0.01176922423603593,6.0
2026-08-28 19:00:00,-0.0051229615,-0.05105711059934368,0.9499999787658453,6.589999852702022,0.03306036575498972,0.5125243661242476,0.5455847318792373,0.4894046598034484,0.01176922423603593,6.0
2026-08-28 19:10:00,-0.0051229615,-0.1092817822150057,0.9499999787658453,6.589999852702022,0.03306036575498972,0.5125243661242476,0.5455847318792373,0.43117998818778636,0.01176922423603593,6.0
2026-08-28 19:20:00,-0.0051229615,-0.1672747155713655,0.9499999787658453,6.589999852702022,0.03306036575498972,0.5125243661242476,0.5455847318792373,0.37318705483142656,0.01176922423603593,6.0
2026-08-28 19:30:00,-0.0051229615,-0.22458231680486446,0.9499999787658453,6.589999852702022,0.03306036575498972,0.5125243661242476,0.5455847318792373,0.31587945359792763,0.01176922423603593,6.0
2026-08-28 19:40:00,-0.0051229615,-0.2807510644284342,0.9499999787658453,6.589999852702022,0.03306036575498972,0.5125243661242476,0.5455847318792373,0.25971070597435786,0.01176922423603593,6.0
2026-08-28 19:50:00,-0.0051229615,-0.33533207401400705,0.9499999787658453,6.589999852702022,0.03306036575498972,0.5125243661242476,0.5455847318792373,0.20512969638878503,0.01176922423603593,6.0
2026-08-28 20:00:00,-0.0051229615,-0.3878857960527571,0.9499999787658453,6.589999852702022,0.03306036575498972,0.5125243661242476,0.5455847318792373,0.152575974350035,0.01176922423603593,6.0
2026-08-28 20:10:00,-0.0051229615,-0.43798677335719355,0.9499999787658453,6.589999852702022,0.03306036575498972,0.5125243661242476,0.5455847318792373,0.10247499704559854,0.01176922423603593,6.0
2026-08-28 20:20:00,-0.0051229615,-0.48522836524389495,0.9499999787658453,6.589999852702022,0.03306036575498972,0.5125243661242476,0.5455847318792373,0.05523340515889713,0.01176922423603593,6.0
2026-08-28 20:30:00,-0.0051229615,-0.5292273299913036,0.9499999787658453,6.589999852702022,0.03306036575498972,0.5125243661242476,0.5455847318792373,0.011234440411488467,0.01176922423603593,6.0
2026-08-28 20:40:00,-0.0051229615,-0.569628147250401,0.9499999787658453,6.589999852702022,0.03306036575498972,0.5125243661242476,0.5455847318792373,-0.02916637684760892,0.01176922423603593,6.0
2026-08-28 20:50:00,-0.0051229615,-0.6061069598704796,0.9499999787658453,6.589999852702022,0.03306036575498972,0.5125243661242476,0.5455847318792373,-0.06564518946768749,0.01176922423603593,6.0
2026-08-28 21:00:00,-0.0051229615,-0.6383750215692521,0.9999999776482582,5.709999872371554,0.02938979420069745,0.45562065933771856,0.485010453538416,-0.1584875295072813,0.01176922423603593,6.0
2026-08-28 21:10:00,-0.0051229615,-0.6661815527094476,0.9999999776482582,5.709999872371554,0.02938979420069745,0.45562065933771856,0.485010453538416,-0.18629406064747678,0.01176922423603593,6.0
2026-08-28 21:20:00,-0.0051229615,-0.6893159309268778,0.9999999776482582,5.709999872371554,0.02938979420069745,0.45562065933771856,0.485010453538416,-0.20942843886490703,0.01176922423603593,6.0
2026-08-28 21:30:00,-0.0051229615,-0.7076091742276419,0.9999999776482582,5.709999872371554,0.02938979420069745,0.45562065933771856,0.485010453538416,-0.22772168216567112,0.01176922423603593,6.0
2026-08-28 21:40:00,-0.0051229615,-0.7209347092415042,0.9999999776482582,5.709999872371554,0.02938979420069745,0.45562065933771856,0.485010453538416,-0.24104721717953337,0.01176922423603593,6.0
2026-08-28 21:50:00,-0.0051229615,-0.7292084532356329,0.9999999776482582,5.709999872371554,0.02938979420069745,0.45562065933771856,0.485010453538416,-0.2493209611736621,0.01176922423603593,6.0
2026-08-28 22:00:00,-0.0051229615,-0.732388272075622,0.9999999776482582,5.709999872371554,0.02938979420069745,0.45562065933771856,0.485010453538416,-0.25250078001365117,0.01176922423603593,6.0
2026-08-28 22:10:00,-0.0051229615,-0.730472904323705,0.9999999776482582,5.709999872371554,0.02938979420069745,0.45562065933771856,0.485010453538416,-0.25058541226173425,0.01176922423603593,6.0
2026-08-28 22:20:00,-0.0051229615,-0.7235004614113858,0.9999999776482582,5.709999872371554,0.02938979420069745,0.45562065933771856,0.485010453538416,-0.243612969349415,0.01176922423603593,6.0
2026-08-28 22:30:00,-0.0051229615,-0.7115466234518276,0.9999999776482582,5.709999872371554,0.02938979420069745,0.45562065933771856,0.485010453538416,-0.23165913138985683,0.01176922423603593,6.0
2026-08-28 22:40:00,-0.0051229615,-0.6947226489140009,0.9999999776482582,5.709999872371554,0.02938979420069745,0.45562065933771856,0.485010453538416,-0.21483515685203014,0.01176922423603593,6.0
2026-08-28 22:50:00,-0.0051229615,-0.673173304313416,0.9999999776482582,5.709999872371554,0.02938979420069745,0.45562065933771856,0.485010453538416,-0.19328581225144525,0.01176922423603593,6.0
2026-08-28 23:00:00,-0.0051229615,-0.6470747987979365,0.9999999776482582,5.709999872371554,0.02938979420069745,0.45562065933771856,0.485010453538416,-0.1671873067359657,0.01176922423603593,6.0
2026-08-28 23:10:00,-0.0051229615,-0.6166327802881907,0.9999999776482582,5.709999872371554,0.02938979420069745,0.45562065933771856,0.485010453538416,-0.1367452882262199,0.01176922423603593,6.0
2026-08-28 23:20:00,-0.0051229615,-0.582080417971013,0.9999999776482582,5.709999872371554,0.02938979420069745,0.45562065933771856,0.485010453538416,-0.10219292590904216,0.01176922423603593,6.0
2026-08-28 23:30:00,-0.0051229615,-0.543676563912964,0.9999999776482582,5.709999872371554,0.02938979420069745,0.45562065933771856,0.485010453538416,-0.06378907185099325,0.01176922423603593,6.0
2026-08-28 23:40:00,-0.0051229615,-0.5017039579438946,0.9999999776482582,5.709999872371554,0.02938979420069745,0.45562065933771856,0.485010453538416,-0.021816465881923763,0.01176922423603593,6.0
2026-08-28 23:50:00,-0.0051229615,-0.4564674180887218,0.9999999776482582,5.709999872371554,0.02938979420069745,0.45562065933771856,0.485010453538416,0.023420073973248967,0.01176922423603593,6.0
2026-08-29 00:00:00,-0.018905649,-0.4082919460143488,1.0199999772012234,5.869999868795276,0.03051396360223422,0.47304830107068846,0.5035622646729226,0.07636466969691058,0.01176922423603593,6.0
2026-08-29 00:10:00,-0.018905649,-0.35752067495056544,1.0199999772012234,5.869999868795276,0.03051396360223422,0.47304830107068846,0.5035622646729226,0.12713594076069396,0.01176922423603593,6.0
2026-08-29 00:20:00,-0.018905649,-0.30451259637387385,1.0199999772012234,5.869999868795276,0.03051396360223422,0.47304830107068846,0.5035622646729226,0.18014401933738555,0.01176922423603593,6.0
2026-08-29 00:30:00,-0.018905649,-0.24964002082299952,1.0199999772012234,5.869999868795276,0.03051396360223422,0.47304830107068846,0.5035622646729226,0.23501659488825988,0.01176922423603593,6.0
2026-08-29 00:40:00,-0.018905649,-0.19328575517793675,1.0199999772012234,5.869999868795276,0.03051396360223422,0.47304830107068846,0.5035622646729226,0.2913708605333226,0.01176922423603593,6.0
2026-08-29 00:50:00,-0.018905649,-0.13584001088983003,1.0199999772012234,5.869999868795276,0.03051396360223422,0.47304830107068846,0.5035622646729226,0.3488166048214294,0.01176922423603593,6.0
2026-08-29 01:00:00,-0.018905649,-0.07769709124126747,1.0199999772012234,5.869999868795276,0.03051396360223422,0.47304830107068846,0.5035622646729226,0.40695952446999195,0.01176922423603593,6.0
2026-08-29 01:10:00,-0.018905649,-0.01925193694340864,1.0199999772012234,5.869999868795276,0.03051396360223422,0.47304830107068846,0.5035622646729226,0.46540467876785074,0.01176922423603593,6.0
2026-08-29 01:20:00,-0.018905649,0.03910336529525193,1.0199999772012234,5.869999868795276,0.03051396360223422,0.47304830107068846,0.5035622646729226,0.5237599810065113,0.01176922423603593,6.0
2026-08-29 01:30:00,-0.018905649,0.09698299030163292,1.0199999772012234,5.869999868795276,0.03051396360223422,0.47304830107068846,0.5035622646729226,0.5816396060128923,0.01176922423603593,6.0
2026-08-29 01:40:00,-0.018905649,0.15401057206741253,1.0199999772012234,5.869999868795276,0.03051396360223422,0.47304830107068846,0.5035622646729226,0.6386671877786719,0.01176922423603593,6.0
2026-08-29 01:50:00,-0.018905649,0.20982207244553536,1.0199999772012234,5.869999868795276,0.03051396360223422,0.47304830107068846,0.5035622646729226,0.6944786881567948,0.01176922423603593,6.0
2026-08-29 02:00:00,-0.018905649,0.2640682207409957,1.0199999772012234,5.869999868795276,0.03051396360223422,0.47304830107068846,0.5035622646729226,0.7487248364522551,0.01176922423603593,6.0
2026-08-29 02:10:00,-0.018905649,0.3164164532397943,1.0199999772012234,5.869999868795276,0.03051396360223422,0.47304830107068846,0.5035622646729226,0.8010730689510537,0.01176922423603593,6.0
2026-08-29 02:20:00,-0.018905649,0.36655231849144687,1.0199999772012234,5.869999868795276,0.03051396360223422,0.47304830107068846,0.5035622646729226,0.8512089342027063,0.01176922423603593,6.0
2026-08-29 02:30:00,-0.018905649,0.4141803551784175,1.0199999772012234,5.869999868795276,0.03051396360223422,0.47304830107068846,0.5035622646729226,0.8988369708896768,0.01176922423603593,6.0
2026-08-29 02:40:00,-0.018905649,0.4590244906548429,1.0199999772012234,5.869999868795276,0.03051396360223422,0.47304830107068846,0.5035622646729226,0.9436811063661024,0.01176922423603593,6.0
2026-08-29 02:50:00,-0.018905649,0.5008280456150321,1.0199999772012234,5.869999868795276,0.03051396360223422,0.47304830107068846,0.5035622646729226,0.9854846613262915,0.01176922423603593,6.0
2026-08-29 03:00:00,-0.018905649,0.5393534603771898,1.0399999767541885,5.9699998665601015,0.03133656850280558,0.48580088397798443,0.51713745248079,1.0375852638963166,0.01176922423603593,6.0
2026-08-29 03:10:00,-0.018905649,0.5743818777916372,1.0399999767541885,5.9699998665601015,0.03133656850280558,0.48580088397798443,0.51713745248079,1.0726136813107638,0.01176922423603593,6.0
2026-08-29 03:20:00,-0.018905649,0.6057127250993457,1.0399999767541885,5.9699998665601015,0.03133656850280558,0.48580088397798443,0.51713745248079,1.1039445286184724,0.01176922423603593,6.0
2026-08-29 03:30:00,-0.018905649,0.6331634313069999,1.0399999767541885,5.9699998665601015,0.03133656850280558,0.48580088397798443,0.51713745248079,1.1313952348261267,0.01176922423603593,6.0
2026-08-29 03:40:00,-0.018905649,0.6565693985628426,1.0399999767541885,5.9699998665601015,0.03133656850280558,0.48580088397798443,0.51713745248079,1.1548012020819693,0.01176922423603593,6.0
2026-08-29 03:50:00,-0.018905649,0.6757843172636077,1.0399999767541885,5.9699998665601015,0.03133656850280558,0.48580088397798443,0.51713745248079,1.1740161207827344,0.01176922423603593,6.0
2026-08-29 04:00:00,-0.018905649,0.6906808781093409,1.0399999767541885,5.9699998665601015,0.03133656850280558,0.48580088397798443,0.51713745248079,1.1889126816284676,0.01176922423603593,6.0
2026-08-29 04:10:00,-0.018905649,0.7011518934802464,1.0399999767541885,5.9699998665601015,0.03133656850280558,0.48580088397798443,0.51713745248079,1.1993836969993732,0.01176922423603593,6.0
2026-08-29 04:20:00,-0.018905649,0.7071117992073324,1.0399999767541885,5.9699998665601015,0.03133656850280558,0.48580088397798443,0.51713745248079,1.205343602726459,0.01176922423603593,6.0
2026-08-29 04:30:00,-0.018905649,0.7084984698012837,1.0399999767541885,5.9699998665601015,0.03133656850280558,0.48580088397798443,0.51713745248079,1.2067302733204106,0.01176922423603593,6.0
2026-08-29 04:40:00,-0.018905649,0.7052752488305276,1.0399999767541885,5.9699998665601015,0.03133656850280558,0.48580088397798443,0.51713745248079,1.2035070523496545,0.01176922423603593,6.0
2026-08-29 04:50:00,-0.018905649,0.6974330739099341,1.0399999767541885,5.9699998665601015,0.03133656850280558,0.48580088397798443,0.51713745248079,1.1956648774290608,0.01176922423603593,6.0
2026-08-29 05:00:00,-0.018905649,0.6849925642823117,1.0399999767541885,5.9699998665601015,0.03133656850280558,0.48580088397798443,0.51713745248079,1.1832243678014385,0.01176922423603593,6.0
2026-08-29 05:10:00,-0.018905649,0.6680059385615315,1.0399999767541885,5.9699998665601015,0.03133656850280558,0.48580088397798443,0.51713745248079,1.1662377420806582,0.01176922423603593,6.0
2026-08-29 05:20:00,-0.018905649,0.6465586402398555,1.0399999767541885,5.9699998665601015,0.03133656850280558,0.48580088397798443,0.51713745248079,1.1447904437589824,0.01176922423603593,6.0
2026-08-29 05:30:00,-0.018905649,0.6207705672767184,1.0399999767541885,5.9699998665601015,0.03133656850280558,0.48580088397798443,0.51713745248079,1.1190023707958452,0.01176922423603593,6.0
2026-08-29 05:40:00,-0.018905649,0.590796826970278,1.0399999767541885,5.9699998665601015,0.03133656850280558,0.48580088397798443,0.51713745248079,1.0890286304894048,0.01176922423603593,6.0
2026-08-29 05:50:00,-0.018905649,0.5568279655596561,1.0399999767541885,5.9699998665601015,0.03133656850280558,0.48580088397798443,0.51713745248079,1.0550597690787828,0.01176922423603593,6.0
2026-08-29 06:00:00,-0.018905649,0.519089650374926,1.0199999772012234,6.049999864771962,0.03144965584216644,0.487554041137592,0.5190036969797585,1.0191876983930213,0.01176922423603593,6.0
2026-08-29 06:10:00,-0.018905649,0.47784180822917294,1.0199999772012234,6.049999864771962,0.03144965584216644,0.487554041137592,0.5190036969797585,0.9779398562472681,0.01176922423603593,6.0
2026-08-29 06:20:00,-0.018905649,0.4333772447497078,1.0199999772012234,6.049999864771962,0.03144965584216644,0.487554041137592,0.5190036969797585,0.9334752927678029,0.01176922423603593,6.0
2026-08-29 06:30:00,-0.018905649,0.38601978402016385,1.0199999772012234,6.049999864771962,0.03144965584216644,0.487554041137592,0.5190036969797585,0.886117832038259,0.01176922423603593,6.0
2026-08-29 06:40:00,-0.018905649,0.3361219756969632,1.0199999772012234,6.049999864771962,0.03144965584216644,0.487554041137592,0.5190036969797585,0.8362200237150584,0.01176922423603593,6.0
2026-08-29 06:50:00,-0.018905649,0.2840624180706865,1.0199999772012234,6.049999864771962,0.03144965584216644,0.487554041137592,0.5190036969797585,0.7841604660887818,0.01176922423603593,6.0
2026-08-29 07:00:00,-0.018905649,0.23024274149226215,1.0199999772012234,6.049999864771962,0.03144965584216644,0.487554041137592,0.5190036969797585,0.7303407895103573,0.01176922423603593,6.0
2026-08-29 07:10:00,-0.018905649,0.17508428910755935,1.0199999772012234,6.049999864771962,0.03144965584216644,0.487554041137592,0.5190036969797585,0.6751823371256546,0.01176922423603593,6.0
2026-08-29 07:20:00,-0.018905649,0.1190245231809485,1.0199999772012234,6.049999864771962,0.03144965584216644,0.487554041137592,0.5190036969797585,0.6191225711990437,0.01176922423603593,6.0
2026-08-29 07:30:00,-0.018905649,0.06251317764691701,1.0199999772012234,6.049999864771962,0.03144965584216644,0.487554041137592,0.5190036969797585,0.5626112256650122,0.01176922423603593,6.0
2026-08-29 07:40:00,-0.018905649,0.006008173122362406,1.0199999772012234,6.049999864771962,0.03144965584216644,0.487554041137592,0.5190036969797585,0.5061062211404577,0.01176922423603593,6.0
2026-08-29 07:50:00,-0.018905649,-0.05002868914217077,1.0199999772012234,6.049999864771962,0.03144965584216644,0.487554041137592,0.5190036969797585,0.4500693588759245,0.01176922423603593,6.0
2026-08-29 08:00:00,-0.018905649,-0.10513623219786125,1.0199999772012234,6.049999864771962,0.03144965584216644,0.487554041137592,0.5190036969797585,0.39496181582023393,0.01176922423603593,6.0
2026-08-29 08:10:00,-0.018905649,-0.15885857392218639,1.0199999772012234,6.049999864771962,0.03144965584216644,0.487554041137592,0.5190036969797585,0.3412394740959088,0.01176922423603593,6.0
2026-08-29 08:20:00,-0.018905649,-0.21074991423048225,1.0199999772012234,6.049999864771962,0.03144965584216644,0.487554041137592,0.5190036969797585,0.2893481337876129,0.01176922423603593,6.0
2026-08-29 08:30:00,-0.018905649,-0.2603793717403151,1.0199999772012234,6.049999864771962,0.03144965584216644,0.487554041137592,0.5190036969797585,0.2397186762777801,0.01176922423603593,6.0
2026-08-29 08:40:00,-0.018905649,-0.30733578389376687,1.0199999772012234,6.049999864771962,0.03144965584216644,0.487554041137592,0.5190036969797585,0.19276226412432834,0.01176922423603593,6.0
2026-08-29 08:50:00,-0.018905649,-0.35123236777764094,1.0199999772012234,6.049999864771962,0.03144965584216644,0.487554041137592,0.5190036969797585,0.14886568024045427,0.01176922423603593,6.0
2026-08-29 09:00:00,-0.018905649,-0.39171112692619114,0.9999999776482582,6.289999859407544,0.03237509728938476,0.5019008664158056,0.5342759637051904,0.12365918781733598,0.01176922423603593,6.0
2026-08-29 09:10:00,-0.018905649,-0.4284468841803904,0.9999999776482582,6.289999859407544,0.03237509728938476,0.5019008664158056,0.5342759637051904,0.08692343056313673,0.01176922423603593,6.0
2026-08-29 09:20:00,-0.018905649,-0.4611508239624393,0.9999999776482582,6.289999859407544,0.03237509728938476,0.5019008664158056,0.5342759637051904,0.05421949078108784,0.01176922423603593,6.0
2026-08-29 09:30:00,-0.018905649,-0.4895734397329413,0.9999999776482582,6.289999859407544,0.03237509728938476,0.5019008664158056,0.5342759637051904,0.025796875010585807,0.01176922423603593,6.0
2026-08-29 09:40:00,-0.018905649,-0.5135068036510072,0.9999999776482582,6.289999859407544,0.03237509728938476,0.5019008664158056,0.5342759637051904,0.0018635110925199205,0.01176922423603593,6.0
2026-08-29 09:50:00,-0.018905649,-0.5327861042118448,0.9999999776482582,6.289999859407544,0.03237509728938476,0.5019008664158056,0.5342759637051904,-0.017415789468317677,0.01176922423603593,6.0
2026-08-29 10:00:00,-0.018905649,-0.5472904318346341,0.9999999776482582,6.289999859407544,0.03237509728938476,0.5019008664158056,0.5342759637051904,-0.03192011709110698,0.01176922423603593,6.0
2026-08-29 10:10:00,-0.018905649,-0.5569428289483431,0.9999999776482582,6.289999859407544,0.03237509728938476,0.5019008664158056,0.5342759637051904,-0.041572514204816,0.01176922423603593,6.0
2026-08-29 10:20:00,-0.018905649,-0.561709656960383,0.9999999776482582,6.289999859407544,0.03237509728938476,0.5019008664158056,0.5342759637051904,-0.04633934221685587,0.01176922423603593,6.0
2026-08-29 10:30:00,-0.018905649,-0.5615993641751613,0.9999999776482582,6.289999859407544,0.03237509728938476,0.5019008664158056,0.5342759637051904,-0.046229049431634195,0.01176922423603593,6.0
2026-08-29 10:40:00,-0.018905649,-0.5566607633078126,0.9999999776482582,6.289999859407544,0.03237509728938476,0.5019008664158056,0.5342759637051904,-0.04129044856428543,0.01176922423603593,6.0
2026-08-29 10:50:00,-0.018905649,-0.5469809423641769,0.9999999776482582,6.289999859407544,0.03237509728938476,0.5019008664158056,0.5342759637051904,-0.03161062762064981,0.01176922423603593,6.0
2026-08-29 11:00:00,-0.018905649,-0.5326829369135467,0.9999999776482582,6.289999859407544,0.03237509728938476,0.5019008664158056,0.5342759637051904,-0.01731262217001961,0.01176922423603593,6.0
2026-08-29 11:10:00,-0.018905649,-0.5139232848609278,0.9999999776482582,6.289999859407544,0.03237509728938476,0.5019008664158056,0.5342759637051904,0.001447029882599371,0.01176922423603593,6.0
2026-08-29 11:20:00,-0.018905649,-0.49088956759021674,0.9999999776482582,6.289999859407544,0.03237509728938476,0.5019008664158056,0.5342759637051904,0.02448074715331039,0.01176922423603593,6.0
2026-08-29 11:30:00,-0.018905649,-0.46379801572962787,0.9999999776482582,6.289999859407544,0.03237509728938476,0.5019008664158056,0.5342759637051904,0.05157229901389926,0.01176922423603593,6.0
2026-08-29 11:40:00,-0.018905649,-0.43289122654373374,0.9999999776482582,6.289999859407544,0.03237509728938476,0.5019008664158056,0.5342759637051904,0.08247908819979338,0.01176922423603593,6.0
2026-08-29 11:50:00,-0.018905649,-0.3984360066570683,0.9999999776482582,6.289999859407544,0.03237509728938476,0.5019008664158056,0.5342759637051904,0.11693430808645883,0.01176922423603593,6.0
2026-08-29 12:00:00,-0.018905649,-0.3607213218955171,1.0099999774247408,8.049999820068479,0.041640602430668354,0.6455410543239085,0.6871816567545769,0.30755468589739654,0.01176922423603593,6.0
2026-08-29 12:10:00,-0.018905649,-0.320056309199376,1.0099999774247408,8.049999820068479,0.041640602430668354,0.6455410543239085,0.6871816567545769,0.34821969859353763,0.01176922423603593,6.0
2026-08-29 12:20:00,-0.018905649,-0.27676828665298003,1.0099999774247408,8.049999820068479,0.041640602430668354,0.6455410543239085,0.6871816567545769,0.3915077211399336,0.01176922423603593,6.0
2026-08-29 12:30:00,-0.018905649,-0.23120068873392308,1.0099999774247408,8.049999820068479,0.041640602430668354,0.6455410543239085,0.6871816567545769,0.43707531905899055,0.01176922423603593,6.0
2026-08-29 12:40:00,-0.018905649,-0.18371085605990317,1.0099999774247408,8.049999820068479,0.041640602430668354,0.6455410543239085,0.6871816567545769,0.48456515173301046,0.01176922423603593,6.0
2026-08-29 12:50:00,-0.018905649,-0.13466762176977165,1.0099999774247408,8.049999820068479,0.041640602430668354,0.6455410543239085,0.6871816567545769,0.533608386023142,0.01176922423603593,6.0
2026-08-29 13:00:00,-0.018905649,-0.08444865895458514,1.0099999774247408,8.049999820068479,0.041640602430668354,0.6455410543239085,0.6871816567545769,0.5838273488383285,0.01176922423603593,6.0
2026-08-29 13:10:00,-0.018905649,-0.033437582561358176,1.0099999774247408,8.049999820068479,0.041640602430668354,0.6455410543239085,0.6871816567545769,0.6348384252315554,0.01176922423603593,6.0
2026-08-29 13:20:00,-0.018905649,0.017979168075458168,1.0099999774247408,8.049999820068479,0.041640602430668354,0.6455410543239085,0.6871816567545769,0.6862551758683718,0.01176922423603593,6.0
2026-08-29 13:30:00,-0.018905649,0.06941560755773918,1.0099999774247408,8.049999820068479,0.041640602430668354,0.6455410543239085,0.6871816567545769,0.7376916153506528,0.01176922423603593,6.0
2026-08-29 13:40:00,-0.018905649,0.12048955651213279,1.0099999774247408,8.049999820068479,0.041640602430668354,0.6455410543239085,0.6871816567545769,0.7887655643050464,0.01176922423603593,6.0
2026-08-29 13:50:00,-0.018905649,0.1708259591662135,1.0099999774247408,8.049999820068479,0.041640602430668354,0.6455410543239085,0.6871816567545769,0.8391019669591271,0.01176922423603593,6.0
2026-08-29 14:00:00,-0.018905649,0.2200600470289416,1.0099999774247408,8.049999820068479,0.041640602430668354,0.6455410543239085,0.6871816567545769,0.8883360548218553,0.01176922423603593,6.0
2026-08-29 14:10:00,-0.018905649,0.2678402296039067,1.0099999774247408,8.049999820068479,0.041640602430668354,0.6455410543239085,0.6871816567545769,0.9361162373968204,0.01176922423603593,6.0
2026-08-29 14:20:00,-0.018905649,0.3138306056081661,1.0099999774247408,8.049999820068479,0.041640602430668354,0.6455410543239085,0.6871816567545769,0.9821066134010797,0.01176922423603593,6.0
2026-08-29 14:30:00,-0.018905649,0.35771301159853414,1.0099999774247408,8.049999820068479,0.041640602430668354,0.6455410543239085,0.6871816567545769,1.0259890193914478,0.01176922423603593,6.0
2026-08-29 14:40:00,-0.018905649,0.39918855758324945,1.0099999774247408,8.049999820068479,0.041640602430668354,0.6455410543239085,0.6871816567545769,1.067464565376163,0.01176922423603593,6.0
2026-08-29 14:50:00,-0.018905649,0.4379786376542763,1.0099999774247408,8.049999820068479,0.041640602430668354,0.6455410543239085,0.6871816567545769,1.10625464544719,0.01176922423603593,6.0
2026-08-29 15:00:00,-0.018905649,0.47382544455175274,1.0599999763071537,8.069999819621444,0.042764845177785504,0.6629698331101515,0.705734678287937,1.1606544738780264,0.01176922423603593,6.0
2026-08-29 15:10:00,-0.018905649,0.5064920560419703,1.0599999763071537,8.069999819621444,0.042764845177785504,0.6629698331101515,0.705734678287937,1.193321085368244,0.01176922423603593,6.0
2026-08-29 15:20:00,-0.018905649,0.5357621944150114,1.0599999763071537,8.069999819621444,0.042764845177785504,0.6629698331101515,0.705734678287937,1.222591223741285,0.01176922423603593,6.0
2026-08-29 15:30:00,-0.018905649,0.561439784838807,1.0599999763071537,8.069999819621444,0.042764845177785504,0.6629698331101515,0.705734678287937,1.2482688141650806,0.01176922423603593,6.0
2026-08-29 15:40:00,-0.018905649,0.5833484512982022,1.0599999763071537,8.069999819621444,0.042764845177785504,0.6629698331101515,0.705734678287937,1.270177480624476,0.01176922423603593,6.0
2026-08-29 15:50:00,-0.018905649,0.6013310891826185,1.0599999763071537,8.069999819621444,0.042764845177785504,0.6629698331101515,0.705734678287937,1.2881601185088922,0.01176922423603593,6.0
2026-08-29 16:00:00,-0.018905649,0.6152496410499247,1.0599999763071537,8.069999819621444,0.042764845177785504,0.6629698331101515,0.705734678287937,1.3020786703761984,0.01176922423603593,6.0
2026-08-29 16:10:00,-0.018905649,0.6249851780812375,1.0599999763071537,8.069999819621444,0.042764845177785504,0.6629698331101515,0.705734678287937,1.3118142074075112,0.01176922423603593,6.0
2026-08-29 16:20:00,-0.018905649,0.6304383564012713,1.0599999763071537,8.069999819621444,0.042764845177785504,0.6629698331101515,0.705734678287937,1.3172673857275452,0.01176922423603593,6.0
2026-08-29 16:30:00,-0.018905649,0.6315302781082363,1.0599999763071537,8.069999819621444,0.042764845177785504,0.6629698331101515,0.705734678287937,1.31835930743451,0.01176922423603593,6.0
2026-08-29 16:40:00,-0.018905649,0.6282037451507128,1.0599999763071537,8.069999819621444,0.042764845177785504,0.6629698331101515,0.705734678287937,1.3150327744769865,0.01176922423603593,6.0
2026-08-29 16:50:00,-0.018905649,0.620424854036915,1.0599999763071537,8.069999819621444,0.042764845177785504,0.6629698331101515,0.705734678287937,1.3072538833631888,0.01176922423603593,6.0
2026-08-29 17:00:00,-0.018905649,0.6081848443280589,1.0599999763071537,8.069999819621444,0.042764845177785504,0.6629698331101515,0.705734678287937,1.2950138736543326,0.01176922423603593,6.0
2026-08-29 17:10:00,-0.018905649,0.5915020869579628,1.0599999763071537,8.069999819621444,0.042764845177785504,0.6629698331101515,0.705734678287937,1.2783311162842366,0.01176922423603593,6.0
2026-08-29 17:20:00,-0.018905649,0.5704240816901711,1.0599999763071537,8.069999819621444,0.042764845177785504,0.6629698331101515,0.705734678287937,1.2572531110164449,0.01176922423603593,6.0
2026-08-29 17:30:00,-0.018905649,0.5450293275130887,1.0599999763071537,8.069999819621444,0.042764845177785504,0.6629698331101515,0.705734678287937,1.2318583568393624,0.01176922423603593,6.0
2026-08-29 17:40:00,-0.018905649,0.5154289352562106,1.0599999763071537,8.069999819621444,0.042764845177785504,0.6629698331101515,0.705734678287937,1.2022579645824845,0.01176922423603593,6.0
2026-08-29 17:50:00,-0.018905649,0.4817678670345959,1.0599999763071537,8.069999819621444,0.042764845177785504,0.6629698331101515,0.705734678287937,1.1685968963608697,0.01176922423603593,6.0
2026-08-29 18:00:00,-0.018905649,0.4442257100873346,1.1799999736249447,12.009999731555581,0.06714975737014961,1.0410013938317864,1.108151151201936,1.5334712123276073,0.01176922423603593,6.0
2026-08-29 18:10:00,-0.018905649,0.4030169204260484,1.1799999736249447,12.009999731555581,0.06714975737014961,1.0410013938317864,1.108151151201936,1.4922624226663213,0.01176922423603593,6.0
2026-08-29 18:20:00,-0.018905649,0.35839050143123397,1.1799999736249447,12.009999731555581,0.06714975737014961,1.0410013938317864,1.108151151201936,1.4476360036715068,0.01176922423603593,6.0
2026-08-29 18:30:00,-0.018905649,0.3106291109894523,1.1799999736249447,12.009999731555581,0.06714975737014961,1.0410013938317864,1.108151151201936,1.399874613229725,0.01176922423603593,6.0
2026-08-29 18:40:00,-0.018905649,0.2600476155661472,1.1799999736249447,12.009999731555581,0.06714975737014961,1.0410013938317864,1.108151151201936,1.34929311780642,0.01176922423603593,6.0
2026-08-29 18:50:00,-0.018905649,0.20699112851776563,1.1799999736249447,12.009999731555581,0.06714975737014961,1.0410013938317864,1.108151151201936,1.2962366307580384,0.01176922423603593,6.0
2026-08-29 19:00:00,-0.018905649,0.15183258221408463,1.1799999736249447,12.009999731555581,0.06714975737014961,1.0410013938317864,1.108151151201936,1.2410780844543574,0.01176922423603593,6.0
2026-08-29 19:10:00,-0.018905649,0.09496988867612288,1.1799999736249447,12.009999731555581,0.06714975737014961,1.0410013938317864,1.108151151201936,1.1842153909163957,0.01176922423603593,6.0
2026-08-29 19:20:00,-0.018905649,0.03682274256228513,1.1799999736249447,12.009999731555581,0.06714975737014961,1.0410013938317864,1.108151151201936,1.1260682448025578,0.01176922423603593,6.0
2026-08-29 19:30:00,-0.018905649,-0.022170885376351514,1.1799999736249447,12.009999731555581,0.06714975737014961,1.0410013938317864,1.108151151201936,1.0670746168639211,0.01176922423603593,6.0
2026-08-29 19:40:00,-0.018905649,-0.08155852441570607,1.1799999736249447,12.009999731555581,0.06714975737014961,1.0410013938317864,1.108151151201936,1.0076869778245667,0.01176922423603593,6.0
2026-08-29 19:50:00,-0.018905649,-0.1408772181013565,1.1799999736249447,12.009999731555581,0.06714975737014961,1.0410013938317864,1.108151151201936,0.9483682841389163,0.01176922423603593,6.0
2026-08-29 20:00:00,-0.018905649,-0.19965775181566858,1.1799999736249447,12.009999731555581,0.06714975737014961,1.0410013938317864,1.108151151201936,0.8895877504246041,0.01176922423603593,6.0
2026-08-29 20:10:00,-0.018905649,-0.25742907155829403,1.1799999736249447,12.009999731555581,0.06714975737014961,1.0410013938317864,1.108151151201936,0.8318164306819786,0.01176922423603593,6.0
2026-08-29 20:20:00,-0.018905649,-0.31372286977351443,1.1799999736249447,12.009999731555581,0.06714975737014961,1.0410013938317864,1.108151151201936,0.7755226324667583,0.01176922423603593,6.0
2026-08-29 20:30:00,-0.018905649,-0.368078306373368,1.1799999736249447,12.009999731555581,0.06714975737014961,1.0410013938317864,1.108151151201936,0.7211671958669047,0.01176922423603593,6.0
2026-08-29 20:40:00,-0.018905649,-0.4200468207204303,1.1799999736249447,12.009999731555581,0.06714975737014961,1.0410013938317864,1.108151151201936,0.6691986815198424,0.01176922423603593,6.0
2026-08-29 20:50:00,-0.018905649,-0.46919697417883366,1.1799999736249447,12.009999731555581,0.06714975737014961,1.0410013938317864,1.108151151201936,0.6200485280614391,0.01176922423603593,6.0
2026-08-29 21:00:00,-0.018905649,-0.5151192451517639,1.2499999720603228,8.009999820962548,0.0460943780382385,0.7145865251770253,0.7606809032152637,0.2266560091018366,0.01176922423603593,6.0
2026-08-29 21:10:00,-0.018905649,-0.557430681625667,1.2499999720603228,8.009999820962548,0.0460943780382385,0.7145865251770253,0.7606809032152637,0.18434457262793347,0.01176922423603593,6.0
2026-08-29 21:20:00,-0.018905649,-0.5957793026795544,1.2499999720603228,8.009999820962548,0.0460943780382385,0.7145865251770253,0.7606809032152637,0.1459959515740461,0.01176922423603593,6.0
2026-08-29 21:30:00,-0.018905649,-0.6298481327336726,1.2499999720603228,8.009999820962548,0.0460943780382385,0.7145865251770253,0.7606809032152637,0.1119271215199279,0.01176922423603593,6.0
2026-08-29 21:40:00,-0.018905649,-0.659358752157581,1.2499999720603228,8.009999820962548,0.0460943780382385,0.7145865251770253,0.7606809032152637,0.08241650209601947,0.01176922423603593,6.0
2026-08-29 21:50:00,-0.018905649,-0.6840742566860599,1.2499999720603228,8.009999820962548,0.0460943780382385,0.7145865251770253,0.7606809032152637,0.057700997567540546,0.01176922423603593,6.0
2026-08-29 22:00:00,-0.018905649,-0.703801535780066,1.2499999720603228,8.009999820962548,0.0460943780382385,0.7145865251770253,0.7606809032152637,0.03797371847353448,0.01176922423603593,6.0
2026-08-29 22:10:00,-0.018905649,-0.7183928061247009,1.2499999720603228,8.009999820962548,0.0460943780382385,0.7145865251770253,0.7606809032152637,0.023382448128899558,0.01176922423603593,6.0
2026-08-29 22:20:00,-0.018905649,-0.7277463688396367,1.2499999720603228,8.009999820962548,0.0460943780382385,0.7145865251770253,0.7606809032152637,0.014028885413963743,0.01176922423603593,6.0
2026-08-29 22:30:00,-0.018905649,-0.7318065953358831,1.2499999720603228,8.009999820962548,0.0460943780382385,0.7145865251770253,0.7606809032152637,0.009968658917717366,0.01176922423603593,6.0
2026-08-29 22:40:00,-0.018905649,-0.7305631837920589,1.2499999720603228,8.009999820962548,0.0460943780382385,0.7145865251770253,0.7606809032152637,0.011212070461541601,0.01176922423603593,6.0
2026-08-29 22:50:00,-0.018905649,-0.7240497626964101,1.2499999720603228,8.009999820962548,0.0460943780382385,0.7145865251770253,0.7606809032152637,0.017725491557190387,0.01176922423603593,6.0
2026-08-29 23:00:00,-0.018905649,-0.7123419465540535,1.2499999720603228,8.009999820962548,0.0460943780382385,0.7145865251770253,0.7606809032152637,0.029433307699546996,0.01176922423603593,6.0
2026-08-29 23:10:00,-0.018905649,-0.6955549689672504,1.2499999720603228,8.009999820962548,0.0460943780382385,0.7145865251770253,0.7606809032152637,0.04622028528635003,0.01176922423603593,6.0
2026-08-29 23:20:00,-0.018905649,-0.6738410279515766,1.2499999720603228,8.009999820962548,0.0460943780382385,0.7145865251770253,0.7606809032152637,0.06793422630202384,0.01176922423603593,6.0
2026-08-29 23:30:00,-0.018905649,-0.6473864766854598,1.2499999720603228,8.009999820962548,0.0460943780382385,0.7145865251770253,0.7606809032152637,0.09438877756814068,0.01176922423603593,6.0
2026-08-29 23:40:00,-0.018905649,-0.6164089801011227,1.2499999720603228,8.009999820962548,0.0460943780382385,0.7145865251770253,0.7606809032152637,0.1253662741524778,0.01176922423603593,6.0
2026-08-29 23:50:00,-0.018905649,-0.5811547353123884,1.2499999720603228,8.009999820962548,0.0460943780382385,0.7145865251770253,0.7606809032152637,0.1606205189412121,0.01176922423603593,6.0
2026-08-30 00:00:00,-0.04628447,-0.5418958241380123,1.2099999729543924,11.92999973334372,0.06754505591869574,1.0471295818719581,1.1146746377906538,0.5264943429454634,0.01176922423603593,6.0
2026-08-30 00:10:00,-0.04628447,-0.4989277321925154,1.2099999729543924,11.92999973334372,0.06754505591869574,1.0471295818719581,1.1146746377906538,0.5694624348909603,0.01176922423603593,6.0
2026-08-30 00:20:00,-0.04628447,-0.45256703475710713,1.2099999729543924,11.92999973334372,0.06754505591869574,1.0471295818719581,1.1146746377906538,0.6158231323263685,0.01176922423603593,6.0
2026-08-30 00:30:00,-0.04628447,-0.403149218496362,1.2099999729543924,11.92999973334372,0.06754505591869574,1.0471295818719581,1.1146746377906538,0.6652409485871137,0.01176922423603593,6.0
2026-08-30 00:40:00,-0.04628447,-0.3510265835668643,1.2099999729543924,11.92999973334372,0.06754505591869574,1.0471295818719581,1.1146746377906538,0.7173635835166114,0.01176922423603593,6.0
2026-08-30 00:50:00,-0.04628447,-0.2965661550494969,1.2099999729543924,11.92999973334372,0.06754505591869574,1.0471295818719581,1.1146746377906538,0.7718240120339788,0.01176922423603593,6.0
2026-08-30 01:00:00,-0.04628447,-0.24014752801250133,1.2099999729543924,11.92999973334372,0.06754505591869574,1.0471295818719581,1.1146746377906538,0.8282426390709743,0.01176922423603593,6.0
2026-08-30 01:10:00,-0.04628447,-0.182160576717336,1.2099999729543924,11.92999973334372,0.06754505591869574,1.0471295818719581,1.1146746377906538,0.8862295903661397,0.01176922423603593,6.0
2026-08-30 01:20:00,-0.04628447,-0.12300297537057624,1.2099999729543924,11.92999973334372,0.06754505591869574,1.0471295818719581,1.1146746377906538,0.9453871917128994,0.01176922423603593,6.0
2026-08-30 01:30:00,-0.04628447,-0.06307750288329934,1.2099999729543924,11.92999973334372,0.06754505591869574,1.0471295818719581,1.1146746377906538,1.0053126642001764,0.01176922423603593,6.0
2026-08-30 01:40:00,-0.04628447,-0.0027891348318736966,1.2099999729543924,11.92999973334372,0.06754505591869574,1.0471295818719581,1.1146746377906538,1.065601032251602,0.01176922423603593,6.0
2026-08-30 01:50:00,-0.04628447,0.05745804150021885,1.2099999729543924,11.92999973334372,0.06754505591869574,1.0471295818719581,1.1146746377906538,1.1258482085836945,0.01176922423603593,6.0
2026-08-30 02:00:00,-0.04628447,0.1172640222914036,1.2099999729543924,11.92999973334372,0.06754505591869574,1.0471295818719581,1.1146746377906538,1.1856541893748793,0.01176922423603593,6.0
2026-08-30 02:10:00,-0.04628447,0.17623610035634132,1.2099999729543924,11.92999973334372,0.06754505591869574,1.0471295818719581,1.1146746377906538,1.244626267439817,0.01176922423603593,6.0
2026-08-30 02:20:00,-0.04628447,0.23399198726158182,1.2099999729543924,11.92999973334372,0.06754505591869574,1.0471295818719581,1.1146746377906538,1.3023821543450576,0.01176922423603593,6.0
2026-08-30 02:30:00,-0.04628447,0.29016272907877017,1.2099999729543924,11.92999973334372,0.06754505591869574,1.0471295818719581,1.1146746377906538,1.3585528961622457,0.01176922423603593,6.0
2026-08-30 02:40:00,-0.04628447,0.34439530614818054,1.2099999729543924,11.92999973334372,0.06754505591869574,1.0471295818719581,1.1146746377906538,1.4127854732316563,0.01176922423603593,6.0
2026-08-30 02:50:00,-0.04628447,0.39635482433686414,1.2099999729543924,11.92999973334372,0.06754505591869574,1.0471295818719581,1.1146746377906538,1.4647449914203399,0.01176922423603593,6.0
2026-08-30 03:00:00,-0.04628447,0.44572623268003086,1.169999973848462,11.88999973423779,0.06619652965823809,1.0262238069036749,1.092420336561913,1.4918620985347657,0.01176922423603593,6.0
2026-08-30 03:10:00,-0.04628447,0.4922155371753054,1.169999973848462,11.88999973423779,0.06619652965823809,1.0262238069036749,1.092420336561913,1.5383514030300403,0.01176922423603593,6.0
2026-08-30 03:20:00,-0.04628447,0.5355505196094809,1.169999973848462,11.88999973423779,0.06619652965823809,1.0262238069036749,1.092420336561913,1.5816863854642156,0.01176922423603593,6.0
2026-08-30 03:30:00,-0.04628447,0.5754810097648472,1.169999973848462,11.88999973423779,0.06619652965823809,1.0262238069036749,1.092420336561913,1.6216168756195821,0.01176922423603593,6.0
2026-08-30 03:40:00,-0.04628447,0.6117787950543907,1.169999973848462,11.88999973423779,0.06619652965823809,1.0262238069036749,1.092420336561913,1.6579146609091255,0.01176922423603593,6.0
2026-08-30 03:50:00,-0.04628447,0.6442372802203954,1.169999973848462,11.88999973423779,0.06619652965823809,1.0262238069036749,1.092420336561913,1.6903731460751303,0.01176922423603593,6.0
2026-08-30 04:00:00,-0.04628447,0.6726710279113375,1.169999973848462,11.88999973423779,0.06619652965823809,1.0262238069036749,1.092420336561913,1.7188068937660723,0.01176922423603593,6.0
2026-08-30 04:10:00,-0.04628447,0.6969153172941498,1.169999973848462,11.88999973423779,0.06619652965823809,1.0262238069036749,1.092420336561913,1.7430511831488846,0.01176922423603593,6.0
2026-08-30 04:20:00,-0.04628447,0.7168258511324521,1.169999973848462,11.88999973423779,0.06619652965823809,1.0262238069036749,1.092420336561913,1.762961716987187,0.01176922423603593,6.0
2026-08-30 04:30:00,-0.04628447,0.7322787230808899,1.169999973848462,11.88999973423779,0.06619652965823809,1.0262238069036749,1.092420336561913,1.7784145889356249,0.01176922423603593,6.0
2026-08-30 04:40:00,-0.04628447,0.7431707276550279,1.169999973848462,11.88999973423779,0.06619652965823809,1.0262238069036749,1.092420336561913,1.7893065935097627,0.01176922423603593,6.0
2026-08-30 04:50:00,-0.04628447,0.7494200585057371,1.169999973848462,11.88999973423779,0.06619652965823809,1.0262238069036749,1.092420336561913,1.795555924360472,0.01176922423603593,6.0
2026-08-30 05:00:00,-0.04628447,0.7509673996398136,1.169999973848462,11.88999973423779,0.06619652965823809,1.0262238069036749,1.092420336561913,1.7971032654945485,0.01176922423603593,6.0
2026-08-30 05:10:00,-0.04628447,0.747777372934175,1.169999973848462,11.88999973423779,0.06619652965823809,1.0262238069036749,1.092420336561913,1.7939132387889098,0.01176922423603593,6.0
2026-08-30 05:20:00,-0.04628447,0.739840267493135,1.169999973848462,11.88999973423779,0.06619652965823809,1.0262238069036749,1.092420336561913,1.7859761333478699,0.01176922423603593,6.0
2026-08-30 05:30:00,-0.04628447,0.7271739454517682,1.169999973848462,11.88999973423779,0.06619652965823809,1.0262238069036749,1.092420336561913,1.7733098113065031,0.01176922423603593,6.0
2026-08-30 05:40:00,-0.04628447,0.7098257972131446,1.169999973848462,11.88999973423779,0.06619652965823809,1.0262238069036749,1.092420336561913,1.7559616630678794,0.01176922423603593,6.0
2026-08-30 05:50:00,-0.04628447,0.6878746085586436,1.169999973848462,11.88999973423779,0.06619652965823809,1.0262238069036749,1.092420336561913,1.7340104744133784,0.01176922423603593,6.0
2026-08-30 06:00:00,-0.04628447,0.6614322027699018,1.1299999747425318,11.839999735355377,0.06478155386120099,1.0042878858424222,1.0690694397036231,1.6842171717663468,0.01176922423603593,6.0
2026-08-30 06:10:00,-0.04628447,0.6306447323788607,1.1299999747425318,11.839999735355377,0.06478155386120099,1.0042878858424222,1.0690694397036231,1.6534297013753056,0.01176922423603593,6.0
2026-08-30 06:20:00,-0.04628447,0.5956935155342097,1.1299999747425318,11.839999735355377,0.06478155386120099,1.0042878858424222,1.0690694397036231,1.6184784845306548,0.01176922423603593,6.0
2026-08-30 06:30:00,-0.04628447,0.5567953387389494,1.1299999747425318,11.839999735355377,0.06478155386120099,1.0042878858424222,1.0690694397036231,1.5795803077353945,0.01176922423603593,6.0
2026-08-30 06:40:00,-0.04628447,0.5142021780393441,1.1299999747425318,11.839999735355377,0.06478155386120099,1.0042878858424222,1.0690694397036231,1.5369871470357892,0.01176922423603593,6.0
2026-08-30 06:50:00,-0.04628447,0.46820032120772864,1.1299999747425318,11.839999735355377,0.06478155386120099,1.0042878858424222,1.0690694397036231,1.4909852902041736,0.01176922423603593,6.0
2026-08-30 07:00:00,-0.04628447,0.4191089016558058,1.1299999747425318,11.839999735355377,0.06478155386120099,1.0042878858424222,1.0690694397036231,1.4418938706522508,0.01176922423603593,6.0
2026-08-30 07:10:00,-0.04628447,0.3672778776875042,1.1299999747425318,11.839999735355377,0.06478155386120099,1.0042878858424222,1.0690694397036231,1.390062846683949,0.01176922423603593,6.0
2026-08-30 07:20:00,-0.04628447,0.3130855075762566,1.1299999747425318,11.839999735355377,0.06478155386120099,1.0042878858424222,1.0690694397036231,1.3358704765727016,0.01176922423603593,6.0
2026-08-30 07:30:00,-0.04628447,0.25693538013802564,1.1299999747425318,11.839999735355377,0.06478155386120099,1.0042878858424222,1.0690694397036231,1.2797203491344706,0.01176922423603593,6.0
2026-08-30 07:40:00,-0.04628447,0.1992530632544669,1.1299999747425318,11.839999735355377,0.06478155386120099,1.0042878858424222,1.0690694397036231,1.222038032250912,0.01176922423603593,6.0
2026-08-30 07:50:00,-0.04628447,0.14048242953692094,1.1299999747425318,11.839999735355377,0.06478155386120099,1.0042878858424222,1.0690694397036231,1.163267398533366,0.01176922423603593,6.0
2026-08-30 08:00:00,-0.04628447,0.08108171121374945,1.1299999747425318,11.839999735355377,0.06478155386120099,1.0042878858424222,1.0690694397036231,1.1038666802101944,0.01176922423603593,6.0
2026-08-30 08:10:00,-0.04628447,0.02151932761435014,1.1299999747425318,11.839999735355377,0.06478155386120099,1.0042878858424222,1.0690694397036231,1.0443042966107952,0.01176922423603593,6.0
2026-08-30 08:20:00,-0.04628447,-0.037730479767682165,1.1299999747425318,11.839999735355377,0.06478155386120099,1.0042878858424222,1.0690694397036231,0.9850544892287628,0.01176922423603593,6.0
2026-08-30 08:30:00,-0.04628447,-0.09619217495402081,1.1299999747425318,11.839999735355377,0.06478155386120099,1.0042878858424222,1.0690694397036231,0.9265927940424241,0.01176922423603593,6.0
2026-08-30 08:40:00,-0.04628447,-0.15339358981890927,1.1299999747425318,11.839999735355377,0.06478155386120099,1.0042878858424222,1.0690694397036231,0.8693913791775357,0.01176922423603593,6.0
2026-08-30 08:50:00,-0.04628447,-0.2088706888502653,1.1299999747425318,11.839999735355377,0.06478155386120099,1.0042878858424222,1.0690694397036231,0.8139142801461797,0.01176922423603593,6.0
2026-08-30 09:00:00,-0.04628447,-0.26217239542950344,1.1199999749660492,12.599999718368053,0.0686341079078118,1.0640128094966805,1.1326469174044924,0.8241900512678109,0.01176922423603593,6.0
2026-08-30 09:10:00,-0.04628447,-0.3128654253275461,1.1199999749660492,12.599999718368053,0.0686341079078118,1.0640128094966805,1.1326469174044924,0.7734970213697683,0.01176922423603593,6.0
2026-08-30 09:20:00,-0.04628447,-0.3605390572884968,1.1199999749660492,12.599999718368053,0.0686341079078118,1.0640128094966805,1.1326469174044924,0.7258233894088175,0.01176922423603593,6.0
2026-08-30 09:30:00,-0.04628447,-0.4048097542974314,1.1199999749660492,12.599999718368053,0.0686341079078118,1.0640128094966805,1.1326469174044924,0.6815526923998829,0.01176922423603593,6.0
2026-08-30 09:40:00,-0.04628447,-0.4453255347626696,1.1199999749660492,12.599999718368053,0.0686341079078118,1.0640128094966805,1.1326469174044924,0.6410369119346446,0.01176922423603593,6.0
2026-08-30 09:50:00,-0.04628447,-0.4817699832407671,1.1199999749660492,12.599999718368053,0.0686341079078118,1.0640128094966805,1.1326469174044924,0.6045924634565472,0.01176922423603593,6.0
2026-08-30 10:00:00,-0.04628447,-0.5138657871635367,1.1199999749660492,12.599999718368053,0.0686341079078118,1.0640128094966805,1.1326469174044924,0.5724966595337776,0.01176922423603593,6.0
2026-08-30 10:10:00,-0.04628447,-0.5413776914156937,1.1199999749660492,12.599999718368053,0.0686341079078118,1.0640128094966805,1.1326469174044924,0.5449847552816206,0.01176922423603593,6.0
2026-08-30 10:20:00,-0.04628447,-0.5641147765874268,1.1199999749660492,12.599999718368053,0.0686341079078118,1.0640128094966805,1.1326469174044924,0.5222476701098875,0.01176922423603593,6.0
2026-08-30 10:30:00,-0.04628447,-0.5819319895978552,1.1199999749660492,12.599999718368053,0.0686341079078118,1.0640128094966805,1.1326469174044924,0.5044304570994591,0.01176922423603593,6.0
2026-08-30 10:40:00,-0.04628447,-0.5947308853882859,1.1199999749660492,12.599999718368053,0.0686341079078118,1.0640128094966805,1.1326469174044924,0.4916315613090284,0.01176922423603593,6.0
2026-08-30 10:50:00,-0.04628447,-0.602459573591734,1.1199999749660492,12.599999718368053,0.0686341079078118,1.0640128094966805,1.1326469174044924,0.48390287310558033,0.01176922423603593,6.0
2026-08-30 11:00:00,-0.04628447,-0.6051119015057725,1.1199999749660492,12.599999718368053,0.0686341079078118,1.0640128094966805,1.1326469174044924,0.48125054519154176,0.01176922423603593,6.0
2026-08-30 11:10:00,-0.04628447,-0.6027259410410735,1.1199999749660492,12.599999718368053,0.0686341079078118,1.0640128094966805,1.1326469174044924,0.48363650565624083,0.01176922423603593,6.0
2026-08-30 11:20:00,-0.04628447,-0.5953818792835793,1.1199999749660492,12.599999718368053,0.0686341079078118,1.0640128094966805,1.1326469174044924,0.49098056741373497,0.01176922423603593,6.0
2026-08-30 11:30:00,-0.04628447,-0.5831994368874346,1.1199999749660492,12.599999718368053,0.0686341079078118,1.0640128094966805,1.1326469174044924,0.5031630098098797,0.01176922423603593,6.0
2026-08-30 11:40:00,-0.04628447,-0.5663349532487821,1.1199999749660492,12.599999718368053,0.0686341079078118,1.0640128094966805,1.1326469174044924,0.5200274934485322,0.01176922423603593,6.0
2026-08-30 11:50:00,-0.04628447,-0.544978281070425,1.1199999749660492,12.599999718368053,0.0686341079078118,1.0640128094966805,1.1326469174044924,0.5413841656268893,0.01176922423603593,6.0
2026-08-30 12:00:00,-0.04628447,-0.5193496248711176,1.1199999749660492,14.279999680817127,0.07778532229552007,1.205881184096238,1.283666506391758,0.7180324108134624,0.01176922423603593,6.0
2026-08-30 12:10:00,-0.04628447,-0.4896964394482157,1.1199999749660492,14.279999680817127,0.07778532229552007,1.205881184096238,1.283666506391758,0.7476855962363642,0.01176922423603593,6.0
2026-08-30 12:20:00,-0.04628447,-0.45629047682998475,1.1199999749660492,14.279999680817127,0.07778532229552007,1.205881184096238,1.283666506391758,0.7810915588545952,0.01176922423603593,6.0
2026-08-30 12:30:00,-0.04628447,-0.4194250369480252,1.1199999749660492,14.279999680817127,0.07778532229552007,1.205881184096238,1.283666506391758,0.8179569987365547,0.01176922423603593,6.0
2026-08-30 12:40:00,-0.04628447,-0.3794124415533329,1.1199999749660492,14.279999680817127,0.07778532229552007,1.205881184096238,1.283666506391758,0.8579695941312471,0.01176922423603593,6.0
2026-08-30 12:50:00,-0.04628447,-0.3365817163020216,1.1199999749660492,14.279999680817127,0.07778532229552007,1.205881184096238,1.283666506391758,0.9008003193825583,0.01176922423603593,6.0
2026-08-30 13:00:00,-0.04628447,-0.29127643644535217,1.1199999749660492,14.279999680817127,0.07778532229552007,1.205881184096238,1.283666506391758,0.9461055992392278,0.01176922423603593,6.0
2026-08-30 13:10:00,-0.04628447,-0.24385266967285707,1.1199999749660492,14.279999680817127,0.07778532229552007,1.205881184096238,1.283666506391758,0.9935293660117228,0.01176922423603593,6.0
2026-08-30 13:20:00,-0.04628447,-0.1946769381789565,1.1199999749660492,14.279999680817127,0.07778532229552007,1.205881184096238,1.283666506391758,1.0427050975056233,0.01176922423603593,6.0
2026-08-30 13:30:00,-0.04628447,-0.14412412144215903,1.1199999749660492,14.279999680817127,0.07778532229552007,1.205881184096238,1.283666506391758,1.0932579142424208,0.01176922423603593,6.0
2026-08-30 13:40:00,-0.04628447,-0.09257523202225058,1.1199999749660492,14.279999680817127,0.07778532229552007,1.205881184096238,1.283666506391758,1.1448068036623293,0.01176922423603593,6.0
2026-08-30 13:50:00,-0.04628447,-0.0404150169549856,1.1199999749660492,14.279999680817127,0.07778532229552007,1.205881184096238,1.283666506391758,1.1969670187295944,0.01176922423603593,6.0
2026-08-30 14:00:00,-0.04628447,0.011970634924200765,1.1199999749660492,14.279999680817127,0.07778532229552007,1.205881184096238,1.283666506391758,1.2493526706087807,0.01176922423603593,6.0
2026-08-30 14:10:00,-0.04628447,0.06419746749885091,1.1199999749660492,14.279999680817127,0.07778532229552007,1.205881184096238,1.283666506391758,1.3015795031834307,0.01176922423603593,6.0
2026-08-30 14:20:00,-0.04628447,0.11588576945863772,1.1199999749660492,14.279999680817127,0.07778532229552007,1.205881184096238,1.283666506391758,1.3532678051432177,0.01176922423603593,6.0
2026-08-30 14:30:00,-0.04628447,0.1666633505895073,1.1199999749660492,14.279999680817127,0.07778532229552007,1.205881184096238,1.283666506391758,1.4040453862740871,0.01176922423603593,6.0
2026-08-30 14:40:00,-0.04628447,0.21616848720272994,1.1199999749660492,14.279999680817127,0.07778532229552007,1.205881184096238,1.283666506391758,1.4535505228873098,0.01176922423603593,6.0
2026-08-30 14:50:00,-0.04628447,0.2640527287626758,1.1199999749660492,14.279999680817127,0.07778532229552007,1.205881184096238,1.283666506391758,1.5014347644472559,0.01176922423603593,6.0
2026-08-30 15:00:00,-0.04628447,0.30998345686092377,1.149999974295497,14.239999681711197,0.07859942088649874,1.2185018963834582,1.297101317269957,1.5608003034237026,0.01176922423603593,6.0
2026-08-30 15:10:00,-0.04628447,0.3536460977859745,1.149999974295497,14.239999681711197,0.07859942088649874,1.2185018963834582,1.297101317269957,1.6044629443487535,0.01176922423603593,6.0
2026-08-30 15:20:00,-0.04628447,0.39474591155681465,1.149999974295497,14.239999681711197,0.07859942088649874,1.2185018963834582,1.297101317269957,1.6455627581195935,0.01176922423603593,6.0
2026-08-30 15:30:00,-0.04628447,0.4330093104548122,1.149999974295497,14.239999681711197,0.07859942088649874,1.2185018963834582,1.297101317269957,1.6838261570175912,0.01176922423603593,6.0
2026-08-30 15:40:00,-0.04628447,0.4681846964943015,1.149999974295497,14.239999681711197,0.07859942088649874,1.2185018963834582,1.297101317269957,1.7190015430570804,0.01176922423603593,6.0
2026-08-30 15:50:00,-0.04628447,0.5000428459966297,1.149999974295497,14.239999681711197,0.07859942088649874,1.2185018963834582,1.297101317269957,1.7508596925594087,0.01176922423603593,6.0
2026-08-30 16:00:00,-0.04628447,0.5283769064345799,1.149999974295497,14.239999681711197,0.07859942088649874,1.2185018963834582,1.297101317269957,1.779193752997359,0.01176922423603593,6.0
2026-08-30 16:10:00,-0.04628447,0.5530021026152134,1.149999974295497,14.239999681711197,0.07859942088649874,1.2185018963834582,1.297101317269957,1.8038189491779923,0.01176922423603593,6.0
2026-08-30 16:20:00,-0.04628447,0.5737552720955899,1.149999974295497,14.239999681711197,0.07859942088649874,1.2185018963834582,1.297101317269957,1.8245721186583688,0.01176922423603593,6.0
2026-08-30 16:30:00,-0.04628447,0.5904943618361869,1.149999974295497,14.239999681711197,0.07859942088649874,1.2185018963834582,1.297101317269957,1.8413112083989658,0.01176922423603593,6.0
2026-08-30 16:40:00,-0.04628447,0.6030980173557862,1.149999974295497,14.239999681711197,0.07859942088649874,1.2185018963834582,1.297101317269957,1.8539148639185652,0.01176922423603593,6.0
2026-08-30 16:50:00,-0.04628447,0.6114653827438358,1.149999974295497,14.239999681711197,0.07859942088649874,1.2185018963834582,1.297101317269957,1.8622822293066146,0.01176922423603593,6.0
2026-08-30 17:00:00,-0.04628447,0.6155162054087939,1.149999974295497,14.239999681711197,0.07859942088649874,1.2185018963834582,1.297101317269957,1.8663330519715728,0.01176922423603593,6.0
2026-08-30 17:10:00,-0.04628447,0.6151913060878823,1.149999974295497,14.239999681711197,0.07859942088649874,1.2185018963834582,1.297101317269957,1.8660081526506613,0.01176922423603593,6.0
2026-08-30 17:20:00,-0.04628447,0.6104534353978933,1.149999974295497,14.239999681711197,0.07859942088649874,1.2185018963834582,1.297101317269957,1.8612702819606723,0.01176922423603593,6.0
2026-08-30 17:30:00,-0.04628447,0.6012884968028532,1.149999974295497,14.239999681711197,0.07859942088649874,1.2185018963834582,1.297101317269957,1.8521053433656323,0.01176922423603593,6.0
2026-08-30 17:40:00,-0.04628447,0.587707076270887,1.149999974295497,14.239999681711197,0.07859942088649874,1.2185018963834582,1.297101317269957,1.8385239228336658,0.01176922423603593,6.0
2026-08-30 17:50:00,-0.04628447,0.5697461845387861,1.149999974295497,14.239999681711197,0.07859942088649874,1.2185018963834582,1.297101317269957,1.820563031101565,0.01176922423603593,6.0
2026-08-30 18:00:00,-0.04628447,0.5474710919195809,1.2399999722838402,14.199999682605267,0.08138785893863518,1.2617301672301673,1.3431180261688025,1.8443046473812053,0.01176922423603593,6.0
2026-08-30 18:10:00,-0.04628447,0.5209771200077898,1.2399999722838402,14.199999682605267,0.08138785893863518,1.2617301672301673,1.3431180261688025,1.8178106754694143,0.01176922423603593,6.0
2026-08-30 18:20:00,-0.04628447,0.49039125043803533,1.2399999722838402,14.199999682605267,0.08138785893863518,1.2617301672301673,1.3431180261688025,1.7872248058996596,0.01176922423603593,6.0
2026-08-30 18:30:00,-0.04628447,0.45587341795259007,1.2399999722838402,14.199999682605267,0.08138785893863518,1.2617301672301673,1.3431180261688025,1.7527069734142144,0.01176922423603593,6.0
2026-08-30 18:40:00,-0.04628447,0.4176173720856552,1.2399999722838402,14.199999682605267,0.08138785893863518,1.2617301672301673,1.3431180261688025,1.7144509275472797,0.01176922423603593,6.0
2026-08-30 18:50:00,-0.04628447,0.3758510166662493,1.2399999722838402,14.199999682605267,0.08138785893863518,1.2617301672301673,1.3431180261688025,1.6726845721278738,0.01176922423603593,6.0
2026-08-30 19:00:00,-0.04628447,0.33083616634462304,1.2399999722838402,14.199999682605267,0.08138785893863518,1.2617301672301673,1.3431180261688025,1.6276697218062475,0.01176922423603593,6.0
2026-08-30 19:10:00,-0.04628447,0.28286769101160614,1.2399999722838402,14.199999682605267,0.08138785893863518,1.2617301672301673,1.3431180261688025,1.5797012464732305,0.01176922423603593,6.0
2026-08-30 19:20:00,-0.04628447,0.23227204981376745,1.2399999722838402,14.199999682605267,0.08138785893863518,1.2617301672301673,1.3431180261688025,1.5291056052753917,0.01176922423603593,6.0
2026-08-30 19:30:00,-0.04628447,0.17940524296977395,1.2399999722838402,14.199999682605267,0.08138785893863518,1.2617301672301673,1.3431180261688025,1.4762387984313983,0.01176922423603593,6.0
2026-08-30 19:40:00,-0.04628447,0.12465023061786026,1.2399999722838402,14.199999682605267,0.08138785893863518,1.2617301672301673,1.3431180261688025,1.4214837860794847,0.01176922423603593,6.0
2026-08-30 19:50:00,-0.04628447,0.06841388144270504,1.2399999722838402,14.199999682605267,0.08138785893863518,1.2617301672301673,1.3431180261688025,1.3652474369043295,0.01176922423603593,6.0
2026-08-30 20:00:00,-0.04628447,0.011123520337618702,1.2399999722838402,14.199999682605267,0.08138785893863518,1.2617301672301673,1.3431180261688025,1.3079570757992431,0.01176922423603593,6.0
2026-08-30 20:10:00,-0.04628447,-0.04677685601060686,1.2399999722838402,14.199999682605267,0.08138785893863518,1.2617301672301673,1.3431180261688025,1.2500566994510176,0.01176922423603593,6.0
2026-08-30 20:20:00,-0.04628447,-0.10483063210444929,1.2399999722838402,14.199999682605267,0.08138785893863518,1.2617301672301673,1.3431180261688025,1.1920029233571752,0.01176922423603593,6.0
2026-08-30 20:30:00,-0.04628447,-0.162572840162511,1.2399999722838402,14.199999682605267,0.08138785893863518,1.2617301672301673,1.3431180261688025,1.1342607152991133,0.01176922423603593,6.0
2026-08-30 20:40:00,-0.04628447,-0.21953459470975886,1.2399999722838402,14.199999682605267,0.08138785893863518,1.2617301672301673,1.3431180261688025,1.0772989607518655,0.01176922423603593,6.0
2026-08-30 20:50:00,-0.04628447,-0.27524765737521106,1.2399999722838402,14.199999682605267,0.08138785893863518,1.2617301672301673,1.3431180261688025,1.0215858980864132,0.01176922423603593,6.0
2026-08-30 21:00:00,-0.04628447,-0.3292490989707395,1.3099999707192183,14.179999683052301,0.08353573831743036,1.2950280600994315,1.378563798416862,1.0030302287389443,0.01176922423603593,6.0
2026-08-30 21:10:00,-0.04628447,-0.381086025562398,1.3099999707192183,14.179999683052301,0.08353573831743036,1.2950280600994315,1.378563798416862,0.9511933021472858,0.01176922423603593,6.0
2026-08-30 21:20:00,-0.04628447,-0.430320330406075,1.3099999707192183,14.179999683052301,0.08353573831743036,1.2950280600994315,1.378563798416862,0.9019589973036088,0.01176922423603593,6.0
2026-08-30 21:30:00,-0.04628447,-0.47653342352157374,1.3099999707192183,14.179999683052301,0.08353573831743036,1.2950280600994315,1.378563798416862,0.8557459041881101,0.01176922423603593,6.0
2026-08-30 21:40:00,-0.04628447,-0.5193308774242343,1.3099999707192183,14.179999683052301,0.08353573831743036,1.2950280600994315,1.378563798416862,0.8129484502854495,0.01176922423603593,6.0
2026-08-30 21:50:00,-0.04628447,-0.5583469125091969,1.3099999707192183,14.179999683052301,0.08353573831743036,1.2950280600994315,1.378563798416862,0.773932415200487,0.01176922423603593,6.0
2026-08-30 22:00:00,-0.04628447,-0.5932486311120594,1.3099999707192183,14.179999683052301,0.08353573831743036,1.2950280600994315,1.378563798416862,0.7390306965976244,0.01176922423603593,6.0
2026-08-30 22:10:00,-0.04628447,-0.6237398984085166,1.3099999707192183,14.179999683052301,0.08353573831743036,1.2950280600994315,1.378563798416862,0.7085394293011672,0.01176922423603593,6.0
2026-08-30 22:20:00,-0.04628447,-0.6495647624747454,1.3099999707192183,14.179999683052301,0.08353573831743036,1.2950280600994315,1.378563798416862,0.6827145652349385,0.01176922423603593,6.0
2026-08-30 22:30:00,-0.04628447,-0.6705103079445932,1.3099999707192183,14.179999683052301,0.08353573831743036,1.2950280600994315,1.378563798416862,0.6617690197650906,0.01176922423603593,6.0
2026-08-30 22:40:00,-0.04628447,-0.686408847849525,1.3099999707192183,14.179999683052301,0.08353573831743036,1.2950280600994315,1.378563798416862,0.6458704798601588,0.01176922423603593,6.0
2026-08-30 22:50:00,-0.04628447,-0.6971393774930869,1.3099999707192183,14.179999683052301,0.08353573831743036,1.2950280600994315,1.378563798416862,0.635139950216597,0.01176922423603593,6.0
2026-08-30 23:00:00,-0.04628447,-0.7026282411176145,1.3099999707192183,14.179999683052301,0.08353573831743036,1.2950280600994315,1.378563798416862,0.6296510865920694,0.01176922423603593,6.0
2026-08-30 23:10:00,-0.04628447,-0.7028489953672434,1.3099999707192183,14.179999683052301,0.08353573831743036,1.2950280600994315,1.378563798416862,0.6294303323424404,0.01176922423603593,6.0
2026-08-30 23:20:00,-0.04628447,-0.6978214902722923,1.3099999707192183,14.179999683052301,0.08353573831743036,1.2950280600994315,1.378563798416862,0.6344578374373915,0.01176922423603593,6.0
2026-08-30 23:30:00,-0.04628447,-0.6876102257130657,1.3099999707192183,14.179999683052301,0.08353573831743036,1.2950280600994315,1.378563798416862,0.6446691019966181,0.01176922423603593,6.0
2026-08-30 23:40:00,-0.04628447,-0.6723220756813341,1.3099999707192183,14.179999683052301,0.08353573831743036,1.2950280600994315,1.378563798416862,0.6599572520283498,0.01176922423603593,6.0
2026-08-30 23:50:00,-0.04628447,-0.6521035008556606,1.3099999707192183,14.179999683052301,0.08353573831743036,1.2950280600994315,1.378563798416862,0.6801758268540232,0.01176922423603593,6.0
2026-08-31 00:00:00,-0.04628447,-0.6271373894303828,1.3099999707192183,14.179999683052301,0.08353573831743036,1.2950280600994315,1.378563798416862,0.705141938279301,0.01176922423603593,6.0
2026-08-31 00:10:00,,-0.5976396747582363,,,,,,,0.01176922423603593,6.0
2026-08-31 00:20:00,,-0.5638558753397875,,,,,,,0.01176922423603593,6.0
2026-08-31 00:30:00,,-0.5260576882789016,,,,,,,0.01176922423603593,6.0
2026-08-31 00:40:00,,-0.4845397428866171,,,,,,,0.01176922423603593,6.0
2026-08-31 00:50:00,,-0.43961658915800916,,,,,,,0.01176922423603593,6.0
2026-08-31 01:00:00,,-0.3916199595801897,,,,,,,0.01176922423603593,6.0
2026-08-31 01:10:00,,-0.3408963056696377,,,,,,,0.01176922423603593,6.0
2026-08-31 01:20:00,,-0.2878045769171611,,,,,,,0.01176922423603593,6.0
2026-08-31 01:30:00,,-0.2327141822255555,,,,,,,0.01176922423603593,6.0
2026-08-31 01:40:00,,-0.17600305593252102,,,,,,,0.01176922423603593,6.0
2026-08-31 01:50:00,,-0.1180557430799973,,,,,,,0.01176922423603593,6.0
2026-08-31 02:00:00,,-0.05926142293405778,,,,,,,0.01176922423603593,6.0
2026-08-31 02:10:00,,-1.1804664078029492e-05,,,,,,,0.01176922423603593,6.0
2026-08-31 02:20:00,,0.05930114693369941,,,,,,,0.01176922423603593,6.0
2026-08-31 02:30:00,,0.11828766778232845,,,,,,,0.01176922423603593,6.0
2026-08-31 02:40:00,,0.17656281251206443,,,,,,,0.01176922423603593,6.0
2026-08-31 02:50:00,,0.2337491821914696,,,,,,,0.01176922423603593,6.0
2026-08-31 03:00:00,,0.2894796835368834,,,,,,,0.01176922423603593,6.0
2026-08-31 03:10:00,,0.3434002227046129,,,,,,,0.01176922423603593,6.0
2026-08-31 03:20:00,,0.3951722287939064,,,,,,,0.01176922423603593,6.0
2026-08-31 03:30:00,,0.4444749053717029,,,,,,,0.01176922423603593,6.0
2026-08-31 03:40:00,,0.49100712318219636,,,,,,,0.01176922423603593,6.0
2026-08-31 03:50:00,,0.5344888919420085,,,,,,,0.01176922423603593,6.0
2026-08-31 04:00:00,,0.5746623815680184,,,,,,,0.01176922423603593,6.0
2026-08-31 04:10:00,,0.6112925000146723,,,,,,,0.01176922423603593,6.0
2026-08-31 04:20:00,,0.6441670721083288,,,,,,,0.01176922423603593,6.0
2026-08-31 04:30:00,,0.6730966978711809,,,,,,,0.01176922423603593,6.0
2026-08-31 04:40:00,,0.6979143956777009,,,,,,,0.01176922423603593,6.0
2026-08-31 04:50:00,,0.7184751528960576,,,,,,,0.01176922423603593,6.0
2026-08-31 05:00:00,,0.7346555119895565,,,,,,,0.01176922423603593,6.0
2026-08-31 05:10:00,,0.7463533130930313,,,,,,,0.01176922423603593,6.0
2026-08-31 05:20:00,,0.7534876951034084,,,,,,,0.01176922423603593,6.0
2026-08-31 05:30:00,,0.7559994282759425,,,,,,,0.01176922423603593,6.0
2026-08-31 05:40:00,,0.7538516148375977,,,,,,,0.01176922423603593,6.0
2026-08-31 05:50:00,,0.7470307537609298,,,,,,,0.01176922423603593,6.0
2026-08-31 06:00:00,,0.7355481253635173,,,,,,,0.01176922423603593,6.0
2026-08-31 06:10:00,,0.7194414145963063,,,,,,,0.01176922423603593,6.0
2026-08-31 06:20:00,,0.698776462089964,,,,,,,0.01176922423603593,6.0
2026-08-31 06:30:00,,0.6736490118100258,,,,,,,0.01176922423603593,6.0
2026-08-31 06:40:00,,0.6441863150605477,,,,,,,0.01176922423603593,6.0
2026-08-31 06:50:00,,0.6105484530241948,,,,,,,0.01176922423603593,6.0
2026-08-31 07:00:00,,0.5729292532870802,,,,,,,0.01176922423603593,6.0
2026-08-31 07:10:00,,0.531556698078713,,,,,,,0.01176922423603593,6.0
2026-08-31 07:20:00,,0.48669275081804086,,,,,,,0.01176922423603593,6.0
2026-08-31 07:30:00,,0.43863255978337334,,,,,,,0.01176922423603593,6.0
2026-08-31 07:40:00,,0.3877030303525213,,,,,,,0.01176922423603593,6.0
2026-08-31 07:50:00,,0.3342607870527979,,,,,,,0.01176922423603593,6.0
2026-08-31 08:00:00,,0.27868957149337653,,,,,,,0.01176922423603593,6.0
2026-08-31 08:10:00,,0.22139714010969208,,,,,,,0.01176922423603593,6.0
2026-08-31 08:20:00,,0.16281173612434816,,,,,,,0.01176922423603593,6.0
2026-08-31 08:30:00,,0.10337821317764276,,,,,,,0.01176922423603593,6.0
2026-08-31 08:40:00,,0.0435538849125798,,,,,,,0.01176922423603593,6.0
2026-08-31 08:50:00,,-0.01619583272505667,,,,,,,0.01176922423603593,6.0
2026-08-31 09:00:00,,-0.07540192973742203,,,,,,,0.01176922423603593,6.0
2026-08-31 09:10:00,,-0.13359641366616,,,,,,,0.01176922423603593,6.0
2026-08-31 09:20:00,,-0.1903169850679838,,,,,,,0.01176922423603593,6.0
2026-08-31 09:30:00,,-0.24511174087276216,,,,,,,0.01176922423603593,6.0
2026-08-31 09:40:00,,-0.2975438685556623,,,,,,,0.01176922423603593,6.0
2026-08-31 09:50:00,,-0.3471962878109372,,,,,,,0.01176922423603593,6.0
2026-08-31 10:00:00,,-0.3936761860651473,,,,,,,0.01176922423603593,6.0
2026-08-31 10:10:00,,-0.43661938115038895,,,,,,,0.01176922423603593,6.0
2026-08-31 10:20:00,,-0.4756944307215988,,,,,,,0.01176922423603593,6.0
2026-08-31 10:30:00,,-0.5106063962722802,,,,,,,0.01176922423603593,6.0
2026-08-31 10:40:00,,-0.5411001619565873,,,,,,,0.01176922423603593,6.0
2026-08-31 10:50:00,,-0.5669632073206791,,,,,,,0.01176922423603593,6.0
2026-08-31 11:00:00,,-0.5880277396651782,,,,,,,0.01176922423603593,6.0
2026-08-31 11:10:00,,-0.6041721070898326,,,,,,,0.01176922423603593,6.0
2026-08-31 11:20:00,,-0.6153214367063303,,,,,,,0.01176922423603593,6.0
2026-08-31 11:30:00,,-0.6214474730301215,,,,,,,0.01176922423603593,6.0
2026-08-31 11:40:00,,-0.6225676268161543,,,,,,,0.01176922423603593,6.0
2026-08-31 11:50:00,,-0.61874328178397,,,,,,,0.01176922423603593,6.0
2026-08-31 12:00:00,,-0.6100774425270784,,,,,,,0.01176922423603593,6.0
2026-08-31 12:10:00,,-0.5967118380637099,,,,,,,0.01176922423603593,6.0
2026-08-31 12:20:00,,-0.5788236189681141,,,,,,,0.01176922423603593,6.0
2026-08-31 12:30:00,,-0.5566217994801886,,,,,,,0.01176922423603593,6.0
2026-08-31 12:40:00,,-0.5303435979480412,,,,,,,0.01176922423603593,6.0
2026-08-31 12:50:00,,-0.5002508191512302,,,,,,,0.01176922423603593,6.0
2026-08-31 13:00:00,,-0.46662640130508026,,,,,,,0.01176922423603593,6.0
2026-08-31 13:10:00,,-0.4297712207714368,,,,,,,0.01176922423603593,6.0
2026-08-31 13:20:00,,-0.3900012117230605,,,,,,,0.01176922423603593,6.0
2026-08-31 13:30:00,,-0.34764481952598025,,,,,,,0.01176922423603593,6.0
2026-08-31 13:40:00,,-0.303040769494282,,,,,,,0.01176922423603593,6.0
2026-08-31 13:50:00,,-0.25653610022243944,,,,,,,0.01176922423603593,6.0
2026-08-31 14:00:00,,-0.20848438655945103,,,,,,,0.01176922423603593,6.0
2026-08-31 14:10:00,,-0.1592440631695567,,,,,,,0.01176922423603593,6.0
2026-08-31 14:20:00,,-0.10917675727885577,,,,,,,0.01176922423603593,6.0
2026-08-31 14:30:00,,-0.05864554826364001,,,,,,,0.01176922423603593,6.0
2026-08-31 14:40:00,,-0.008013090981436974,,,,,,,0.01176922423603593,6.0
2026-08-31 14:50:00,,0.042360432951356726,,,,,,,0.01176922423603593,6.0
2026-08-31 15:00:00,,0.09211953995529763,,,,,,,0.01176922423603593,6.0
2026-08-31 15:10:00,,0.14091581637700176,,,,,,,0.01176922423603593,6.0
2026-08-31 15:20:00,,0.18841037854629827,,,,,,,0.01176922423603593,6.0
2026-08-31 15:30:00,,0.23427633817908647,,,,,,,0.01176922423603593,6.0
2026-08-31 15:40:00,,0.27820117576285525,,,,,,,0.01176922423603593,6.0
2026-08-31 15:50:00,,0.3198889207227823,,,,,,,0.01176922423603593,6.0
2026-08-31 16:00:00,,0.35906204495285776,,,,,,,0.01176922423603593,6.0
2026-08-31 16:10:00,,0.39546299497302195,,,,,,,0.01176922423603593,6.0
2026-08-31 16:20:00,,0.4288553155901223,,,,,,,0.01176922423603593,6.0
2026-08-31 16:30:00,,0.4590243517713167,,,,,,,0.01176922423603593,6.0
2026-08-31 16:40:00,,0.4857775519459198,,,,,,,0.01176922423603593,6.0
2026-08-31 16:50:00,,0.508944431124627,,,,,,,0.01176922423603593,6.0
2026-08-31 17:00:00,,0.52837628243852,,,,,,,0.01176922423603593,6.0
2026-08-31 17:10:00,,0.5439457476651445,,,,,,,0.01176922423603593,6.0
2026-08-31 17:20:00,,0.5555463684668216,,,,,,,0.01176922423603593,6.0
2026-08-31 17:30:00,,0.5630922392292006,,,,,,,0.01176922423603593,6.0
2026-08-31 17:40:00,,0.5665178694143477,,,,,,,0.01176922423603593,6.0
2026-08-31 17:50:00,,0.5657783392886221,,,,,,,0.01176922423603593,6.0
2026-08-31 18:00:00,,0.5608498001818016,,,,,,,0.01176922423603593,6.0
2026-08-31 18:10:00,,0.5517303320429476,,,,,,,0.01176922423603593,6.0
2026-08-31 18:20:00,,0.538441130771133,,,,,,,0.01176922423603593,6.0
2026-08-31 18:30:00,,0.521027959394512,,,,,,,0.01176922423603593,6.0
2026-08-31 18:40:00,,0.4995627642284855,,,,,,,0.01176922423603593,6.0
2026-08-31 18:50:00,,0.4741453326494366,,,,,,,0.01176922423603593,6.0
2026-08-31 19:00:00,,0.44490485515878264,,,,,,,0.01176922423603593,6.0
2026-08-31 19:10:00,,0.4120012519402765,,,,,,,0.01176922423603593,6.0
2026-08-31 19:20:00,,0.37562613299177977,,,,,,,0.01176922423603593,6.0
2026-08-31 19:30:00,,0.33600327984584283,,,,,,,0.01176922423603593,6.0
2026-08-31 19:40:00,,0.29338856367394406,,,,,,,0.01176922423603593,6.0
2026-08-31 19:50:00,,0.24806924637536604,,,,,,,0.01176922423603593,6.0
2026-08-31 20:00:00,,0.20036264483826244,,,,,,,0.01176922423603593,6.0
2026-08-31 20:10:00,,0.1506141708163449,,,,,,,0.01176922423603593,6.0
2026-08-31 20:20:00,,0.09919478702489923,,,,,,,0.01176922423603593,6.0
2026-08-31 20:30:00,,0.046497941987660496,,,,,,,0.01176922423603593,6.0
2026-08-31 20:40:00,,-0.007063939446825163,,,,,,,0.01176922423603593,6.0
2026-08-31 20:50:00,,-0.06106332624245834,,,,,,,0.01176922423603593,6.0
2026-08-31 21:00:00,,-0.11506172881862625,,,,,,,0.01176922423603593,6.0
2026-08-31 21:10:00,,-0.16861404710663658,,,,,,,0.01176922423603593,6.0
2026-08-31 21:20:00,,-0.2212730516584386,,,,,,,0.01176922423603593,6.0
2026-08-31 21:30:00,,-0.27259394149820926,,,,,,,0.01176922423603593,6.0
2026-08-31 21:40:00,,-0.32213893242169517,,,,,,,0.01176922423603593,6.0
2026-08-31 21:50:00,,-0.36948183645851823,,,,,,,0.01176922423603593,6.0
2026-08-31 22:00:00,,-0.4142125959275175,,,,,,,0.01176922423603593,6.0
2026-08-31 22:10:00,,-0.45594173323485077,,,,,,,0.01176922423603593,6.0
2026-08-31 22:20:00,,-0.49430467057657146,,,,,,,0.01176922423603593,6.0
2026-08-31 22:30:00,,-0.5289658632014889,,,,,,,0.01176922423603593,6.0
2026-08-31 22:40:00,,-0.5596226774675346,,,,,,,0.01176922423603593,6.0
2026-08-31 22:50:00,,-0.5860089330123094,,,,,,,0.01176922423603593,6.0
2026-08-31 23:00:00,,-0.6078980193285348,,,,,,,0.01176922423603593,6.0
2026-08-31 23:10:00,,-0.6251054931511953,,,,,,,0.01176922423603593,6.0
2026-08-31 23:20:00,,-0.6374910661783436,,,,,,,0.01176922423603593,6.0
2026-08-31 23:30:00,,-0.6449599038811666,,,,,,,0.01176922423603593,6.0
2026-08-31 23:40:00,,-0.6474631757500852,,,,,,,0.01176922423603593,6.0
2026-08-31 23:50:00,,-0.6449978243646688,,,,,,,0.01176922423603593,6.0
