,SSH_10min,Tide_10min,Significant_Wave_Height,Peak_Wave_Period,Wave_Setup,Wave_Swash,Wave_Runup,Total_Water_Level,beach_slope,water_depth
2026-09-23 00:00:00,-0.08861105,0.10991732254013875,1.5199999660253525,11.599999740719795,0.03435991163352605,1.132595380754753,1.166955292388279,1.188261563488179,0.005493633158953499,8.0
2026-09-23 00:10:00,-0.08861105,0.13390847782431525,1.5199999660253525,11.599999740719795,0.03435991163352605,1.132595380754753,1.166955292388279,1.2122527187723553,0.005493633158953499,8.0
2026-09-23 00:20:00,-0.08861105,0.1568904228761739,1.5199999660253525,11.599999740719795,0.03435991163352605,1.132595380754753,1.166955292388279,1.235234663824214,0.005493633158953499,8.0
2026-09-23 00:30:00,-0.08861105,0.17872195666243773,1.5199999660253525,11.599999740719795,0.03435991163352605,1.132595380754753,1.166955292388279,1.2570661976104778,0.005493633158953499,8.0
2026-09-23 00:40:00,-0.08861105,0.19927426581259547,1.5199999660253525,11.599999740719795,0.03435991163352605,1.132595380754753,1.166955292388279,1.2776185067606356,0.005493633158953499,8.0
2026-09-23 00:50:00,-0.08861105,0.21843136278180272,1.5199999660253525,11.599999740719795,0.03435991163352605,1.132595380754753,1.166955292388279,1.2967756037298428,0.005493633158953499,8.0
2026-09-23 01:00:00,-0.08861105,0.23609003471305076,1.5199999660253525,11.599999740719795,0.03435991163352605,1.132595380754753,1.166955292388279,1.314434275661091,0.005493633158953499,8.0
2026-09-23 01:10:00,-0.08861105,0.2521593818830038,1.5199999660253525,11.599999740719795,0.03435991163352605,1.132595380754753,1.166955292388279,1.3305036228310438,0.005493633158953499,8.0
2026-09-23 01:20:00,-0.08861105,0.2665600631781321,1.5199999660253525,11.599999740719795,0.03435991163352605,1.132595380754753,1.166955292388279,1.3449043041261723,0.005493633158953499,8.0
2026-09-23 01:30:00,-0.08861105,0.27922339123965323,1.5199999660253525,11.599999740719795,0.03435991163352605,1.132595380754753,1.166955292388279,1.3575676321876933,0.005493633158953499,8.0
2026-09-23 01:40:00,-0.08861105,0.29009042897684767,1.5199999660253525,11.599999740719795,0.03435991163352605,1.132595380754753,1.166955292388279,1.3684346699248877,0.005493633158953499,8.0
2026-09-23 01:50:00,-0.08861105,0.29911123109111243,1.5199999660253525,11.599999740719795,0.03435991163352605,1.132595380754753,1.166955292388279,1.3774554720391525,0.005493633158953499,8.0
2026-09-23 02:00:00,-0.08861105,0.30624435008361944,1.5199999660253525,11.599999740719795,0.03435991163352605,1.132595380754753,1.166955292388279,1.3845885910316595,0.005493633158953499,8.0
2026-09-23 02:10:00,-0.08861105,0.31145668868400905,1.5199999660253525,11.599999740719795,0.03435991163352605,1.132595380754753,1.166955292388279,1.3898009296320493,0.005493633158953499,8.0
2026-09-23 02:20:00,-0.08861105,0.3147237340887475,1.5199999660253525,11.599999740719795,0.03435991163352605,1.132595380754753,1.166955292388279,1.3930679750367876,0.005493633158953499,8.0
2026-09-23 02:30:00,-0.08861105,0.3160301591109257,1.5199999660253525,11.599999740719795,0.03435991163352605,1.132595380754753,1.166955292388279,1.394374400058966,0.005493633158953499,8.0
2026-09-23 02:40:00,-0.08861105,0.3153707270175381,1.5199999660253525,11.599999740719795,0.03435991163352605,1.132595380754753,1.166955292388279,1.3937149679655783,0.005493633158953499,8.0
2026-09-23 02:50:00,-0.08861105,0.31275139604280416,1.5199999660253525,11.599999740719795,0.03435991163352605,1.132595380754753,1.166955292388279,1.3910956369908443,0.005493633158953499,8.0
2026-09-23 03:00:00,-0.08861105,0.30819049079986605,1.4799999669194221,11.5399997420609,0.03372942375089145,1.1118127992653106,1.145542223016202,1.365121662375829,0.005493633158953499,8.0
2026-09-23 03:10:00,-0.08861105,0.301719794450291,1.4799999669194221,11.5399997420609,0.03372942375089145,1.1118127992653106,1.145542223016202,1.358650966026254,0.005493633158953499,8.0
2026-09-23 03:20:00,-0.08861105,0.2933854189250037,1.4799999669194221,11.5399997420609,0.03372942375089145,1.1118127992653106,1.145542223016202,1.3503165905009666,0.005493633158953499,8.0
2026-09-23 03:30:00,-0.08861105,0.2832483303129878,1.4799999669194221,11.5399997420609,0.03372942375089145,1.1118127992653106,1.145542223016202,1.3401795018889509,0.005493633158953499,8.0
2026-09-23 03:40:00,-0.08861105,0.27138444045507554,1.4799999669194221,11.5399997420609,0.03372942375089145,1.1118127992653106,1.145542223016202,1.3283156120310387,0.005493633158953499,8.0
2026-09-23 03:50:00,-0.08861105,0.25788421988504245,1.4799999669194221,11.5399997420609,0.03372942375089145,1.1118127992653106,1.145542223016202,1.3148153914610055,0.005493633158953499,8.0
2026-09-23 04:00:00,-0.08861105,0.24285183646938968,1.4799999669194221,11.5399997420609,0.03372942375089145,1.1118127992653106,1.145542223016202,1.2997830080453527,0.005493633158953499,8.0
2026-09-23 04:10:00,-0.08861105,0.22640387271311027,1.4799999669194221,11.5399997420609,0.03372942375089145,1.1118127992653106,1.145542223016202,1.2833350442890734,0.005493633158953499,8.0
2026-09-23 04:20:00,-0.08861105,0.20866771721417135,1.4799999669194221,11.5399997420609,0.03372942375089145,1.1118127992653106,1.145542223016202,1.2655988887901344,0.005493633158953499,8.0
2026-09-23 04:30:00,-0.08861105,0.1897797571587471,1.4799999669194221,11.5399997420609,0.03372942375089145,1.1118127992653106,1.145542223016202,1.2467109287347102,0.005493633158953499,8.0
2026-09-23 04:40:00,-0.08861105,0.1698835154668259,1.4799999669194221,11.5399997420609,0.03372942375089145,1.1118127992653106,1.145542223016202,1.226814687042789,0.005493633158953499,8.0
2026-09-23 04:50:00,-0.08861105,0.14912787627057478,1.4799999669194221,11.5399997420609,0.03372942375089145,1.1118127992653106,1.145542223016202,1.2060590478465378,0.005493633158953499,8.0
2026-09-23 05:00:00,-0.08861105,0.12766552573191736,1.4799999669194221,11.5399997420609,0.03372942375089145,1.1118127992653106,1.145542223016202,1.1845966973078803,0.005493633158953499,8.0
2026-09-23 05:10:00,-0.08861105,0.10565170369473084,1.4799999669194221,11.5399997420609,0.03372942375089145,1.1118127992653106,1.145542223016202,1.162582875270694,0.005493633158953499,8.0
2026-09-23 05:20:00,-0.08861105,0.08324331890097353,1.4799999669194221,11.5399997420609,0.03372942375089145,1.1118127992653106,1.145542223016202,1.1401744904769366,0.005493633158953499,8.0
2026-09-23 05:30:00,-0.08861105,0.06059843136605239,1.4799999669194221,11.5399997420609,0.03372942375089145,1.1118127992653106,1.145542223016202,1.1175296029420154,0.005493633158953499,8.0
2026-09-23 05:40:00,-0.08861105,0.037876055649021044,1.4799999669194221,11.5399997420609,0.03372942375089145,1.1118127992653106,1.145542223016202,1.094807227224984,0.005493633158953499,8.0
2026-09-23 05:50:00,-0.08861105,0.01523619406122518,1.4799999669194221,11.5399997420609,0.03372942375089145,1.1118127992653106,1.145542223016202,1.0721673656371882,0.005493633158953499,8.0
2026-09-23 06:00:00,-0.08861105,-0.007160025559664942,1.4399999678134918,11.439999744296074,0.03298219276145695,1.0871820500358935,1.1201642427973504,1.0243931657974465,0.005493633158953499,8.0
2026-09-23 06:10:00,-0.08861105,-0.029150252746657643,1.4399999678134918,11.439999744296074,0.03298219276145695,1.0871820500358935,1.1201642427973504,1.0024029386104538,0.005493633158953499,8.0
2026-09-23 06:20:00,-0.08861105,-0.050571006083769875,1.4399999678134918,11.439999744296074,0.03298219276145695,1.0871820500358935,1.1201642427973504,0.9809821852733416,0.005493633158953499,8.0
2026-09-23 06:30:00,-0.08861105,-0.07125808704294737,1.4399999678134918,11.439999744296074,0.03298219276145695,1.0871820500358935,1.1201642427973504,0.9602951043141641,0.005493633158953499,8.0
2026-09-23 06:40:00,-0.08861105,-0.09104741828818395,1.4399999678134918,11.439999744296074,0.03298219276145695,1.0871820500358935,1.1201642427973504,0.9405057730689275,0.005493633158953499,8.0
2026-09-23 06:50:00,-0.08861105,-0.10977636467926828,1.4399999678134918,11.439999744296074,0.03298219276145695,1.0871820500358935,1.1201642427973504,0.9217768266778432,0.005493633158953499,8.0
2026-09-23 07:00:00,-0.08861105,-0.12728554272083228,1.4399999678134918,11.439999744296074,0.03298219276145695,1.0871820500358935,1.1201642427973504,0.9042676486362792,0.005493633158953499,8.0
2026-09-23 07:10:00,-0.08861105,-0.14342106904599555,1.4399999678134918,11.439999744296074,0.03298219276145695,1.0871820500358935,1.1201642427973504,0.8881321223111158,0.005493633158953499,8.0
2026-09-23 07:20:00,-0.08861105,-0.1580371467144953,1.4399999678134918,11.439999744296074,0.03298219276145695,1.0871820500358935,1.1201642427973504,0.8735160446426161,0.005493633158953499,8.0
2026-09-23 07:30:00,-0.08861105,-0.1709988453422862,1.4399999678134918,11.439999744296074,0.03298219276145695,1.0871820500358935,1.1201642427973504,0.8605543460148253,0.005493633158953499,8.0
2026-09-23 07:40:00,-0.08861105,-0.18218490214546695,1.4399999678134918,11.439999744296074,0.03298219276145695,1.0871820500358935,1.1201642427973504,0.8493682892116445,0.005493633158953499,8.0
2026-09-23 07:50:00,-0.08861105,-0.1914903591396632,1.4399999678134918,11.439999744296074,0.03298219276145695,1.0871820500358935,1.1201642427973504,0.8400628322174483,0.005493633158953499,8.0
2026-09-23 08:00:00,-0.08861105,-0.19882885839662245,1.4399999678134918,11.439999744296074,0.03298219276145695,1.0871820500358935,1.1201642427973504,0.832724332960489,0.005493633158953499,8.0
2026-09-23 08:10:00,-0.08861105,-0.20413444186296506,1.4399999678134918,11.439999744296074,0.03298219276145695,1.0871820500358935,1.1201642427973504,0.8274187494941464,0.005493633158953499,8.0
2026-09-23 08:20:00,-0.08861105,-0.2073627421911823,1.4399999678134918,11.439999744296074,0.03298219276145695,1.0871820500358935,1.1201642427973504,0.8241904491659291,0.005493633158953499,8.0
2026-09-23 08:30:00,-0.08861105,-0.20849150217659343,1.4399999678134918,11.439999744296074,0.03298219276145695,1.0871820500358935,1.1201642427973504,0.823061689180518,0.005493633158953499,8.0
2026-09-23 08:40:00,-0.08861105,-0.20752041721524392,1.4399999678134918,11.439999744296074,0.03298219276145695,1.0871820500358935,1.1201642427973504,0.8240327741418675,0.005493633158953499,8.0
2026-09-23 08:50:00,-0.08861105,-0.2044703517737956,1.4399999678134918,11.439999744296074,0.03298219276145695,1.0871820500358935,1.1201642427973504,0.8270828395833159,0.005493633158953499,8.0
2026-09-23 09:00:00,-0.08861105,-0.1993820310947472,1.3999999687075615,11.3099997472018,0.03215132517131903,1.0597944128194217,1.0919457379907407,0.8039526554557546,0.005493633158953499,8.0
2026-09-23 09:10:00,-0.08861105,-0.19231434809898365,1.3999999687075615,11.3099997472018,0.03215132517131903,1.0597944128194217,1.0919457379907407,0.8110203384515181,0.005493633158953499,8.0
2026-09-23 09:20:00,-0.08861105,-0.18334244866888047,1.3999999687075615,11.3099997472018,0.03215132517131903,1.0597944128194217,1.0919457379907407,0.8199922378816212,0.005493633158953499,8.0
2026-09-23 09:30:00,-0.08861105,-0.17255576393582622,1.3999999687075615,11.3099997472018,0.03215132517131903,1.0597944128194217,1.0919457379907407,0.8307789226146756,0.005493633158953499,8.0
2026-09-23 09:40:00,-0.08861105,-0.16005614570662755,1.3999999687075615,11.3099997472018,0.03215132517131903,1.0597944128194217,1.0919457379907407,0.8432785408438742,0.005493633158953499,8.0
2026-09-23 09:50:00,-0.08861105,-0.1459562322831662,1.3999999687075615,11.3099997472018,0.03215132517131903,1.0597944128194217,1.0919457379907407,0.8573784542673355,0.005493633158953499,8.0
2026-09-23 10:00:00,-0.08861105,-0.13037813035219556,1.3999999687075615,11.3099997472018,0.03215132517131903,1.0597944128194217,1.0919457379907407,0.8729565561983061,0.005493633158953499,8.0
2026-09-23 10:10:00,-0.08861105,-0.11345244908092049,1.3999999687075615,11.3099997472018,0.03215132517131903,1.0597944128194217,1.0919457379907407,0.8898822374695812,0.005493633158953499,8.0
2026-09-23 10:20:00,-0.08861105,-0.09531767088466575,1.3999999687075615,11.3099997472018,0.03215132517131903,1.0597944128194217,1.0919457379907407,0.908017015665836,0.005493633158953499,8.0
2026-09-23 10:30:00,-0.08861105,-0.07611979533920071,1.3999999687075615,11.3099997472018,0.03215132517131903,1.0597944128194217,1.0919457379907407,0.927214891211301,0.005493633158953499,8.0
2026-09-23 10:40:00,-0.08861105,-0.056012153925317776,1.3999999687075615,11.3099997472018,0.03215132517131903,1.0597944128194217,1.0919457379907407,0.947322532625184,0.005493633158953499,8.0
2026-09-23 10:50:00,-0.08861105,-0.03515526799840489,1.3999999687075615,11.3099997472018,0.03215132517131903,1.0597944128194217,1.0919457379907407,0.9681794185520969,0.005493633158953499,8.0
2026-09-23 11:00:00,-0.08861105,-0.013716613319722072,1.3999999687075615,11.3099997472018,0.03215132517131903,1.0597944128194217,1.0919457379907407,0.9896180732307797,0.005493633158953499,8.0
2026-09-23 11:10:00,-0.08861105,0.008129837284838024,1.3999999687075615,11.3099997472018,0.03215132517131903,1.0597944128194217,1.0919457379907407,1.0114645238353397,0.005493633158953499,8.0
2026-09-23 11:20:00,-0.08861105,0.03020439732278785,1.3999999687075615,11.3099997472018,0.03215132517131903,1.0597944128194217,1.0919457379907407,1.0335390838732896,0.005493633158953499,8.0
2026-09-23 11:30:00,-0.08861105,0.05232284267161088,1.3999999687075615,11.3099997472018,0.03215132517131903,1.0597944128194217,1.0919457379907407,1.0556575292221126,0.005493633158953499,8.0
2026-09-23 11:40:00,-0.08861105,0.07429800049527893,1.3999999687075615,11.3099997472018,0.03215132517131903,1.0597944128194217,1.0919457379907407,1.0776326870457806,0.005493633158953499,8.0
2026-09-23 11:50:00,-0.08861105,0.09594172138973482,1.3999999687075615,11.3099997472018,0.03215132517131903,1.0597944128194217,1.0919457379907407,1.0992764079402366,0.005493633158953499,8.0
2026-09-23 12:00:00,-0.08861105,0.11706715763091781,1.3699999693781137,11.34999974630773,0.03191746568625157,1.052085773304917,1.0840032389911685,1.1124593451818474,0.005493633158953499,8.0
2026-09-23 12:10:00,-0.08861105,0.13749123068166086,1.3699999693781137,11.34999974630773,0.03191746568625157,1.052085773304917,1.0840032389911685,1.1328834182325904,0.005493633158953499,8.0
2026-09-23 12:20:00,-0.08861105,0.15703714386225245,1.3699999693781137,11.34999974630773,0.03191746568625157,1.052085773304917,1.0840032389911685,1.152429331413182,0.005493633158953499,8.0
2026-09-23 12:30:00,-0.08861105,0.1755367844680829,1.3699999693781137,11.34999974630773,0.03191746568625157,1.052085773304917,1.0840032389911685,1.1709289720190124,0.005493633158953499,8.0
2026-09-23 12:40:00,-0.08861105,0.19283286499010077,1.3699999693781137,11.34999974630773,0.03191746568625157,1.052085773304917,1.0840032389911685,1.1882250525410303,0.005493633158953499,8.0
2026-09-23 12:50:00,-0.08861105,0.2087806750021217,1.3699999693781137,11.34999974630773,0.03191746568625157,1.052085773304917,1.0840032389911685,1.2041728625530512,0.005493633158953499,8.0
2026-09-23 13:00:00,-0.08861105,0.2232493512646642,1.3699999693781137,11.34999974630773,0.03191746568625157,1.052085773304917,1.0840032389911685,1.2186415388155938,0.005493633158953499,8.0
2026-09-23 13:10:00,-0.08861105,0.2361226196922635,1.3699999693781137,11.34999974630773,0.03191746568625157,1.052085773304917,1.0840032389911685,1.231514807243193,0.005493633158953499,8.0
2026-09-23 13:20:00,-0.08861105,0.24729901386803912,1.3699999693781137,11.34999974630773,0.03191746568625157,1.052085773304917,1.0840032389911685,1.2426912014189686,0.005493633158953499,8.0
2026-09-23 13:30:00,-0.08861105,0.2566916250762281,1.3699999693781137,11.34999974630773,0.03191746568625157,1.052085773304917,1.0840032389911685,1.2520838126271576,0.005493633158953499,8.0
2026-09-23 13:40:00,-0.08861105,0.2642274827210463,1.3699999693781137,11.34999974630773,0.03191746568625157,1.052085773304917,1.0840032389911685,1.2596196702719757,0.005493633158953499,8.0
2026-09-23 13:50:00,-0.08861105,0.26984669662477273,1.3699999693781137,11.34999974630773,0.03191746568625157,1.052085773304917,1.0840032389911685,1.2652388841757023,0.005493633158953499,8.0
2026-09-23 14:00:00,-0.08861105,0.27350151039314724,1.3699999693781137,11.34999974630773,0.03191746568625157,1.052085773304917,1.0840032389911685,1.2688936979440768,0.005493633158953499,8.0
2026-09-23 14:10:00,-0.08861105,0.27515541591635656,1.3699999693781137,11.34999974630773,0.03191746568625157,1.052085773304917,1.0840032389911685,1.270547603467286,0.005493633158953499,8.0
2026-09-23 14:20:00,-0.08861105,0.2747824630252848,1.3699999693781137,11.34999974630773,0.03191746568625157,1.052085773304917,1.0840032389911685,1.2701746505762144,0.005493633158953499,8.0
2026-09-23 14:30:00,-0.08861105,0.2723668673194132,1.3699999693781137,11.34999974630773,0.03191746568625157,1.052085773304917,1.0840032389911685,1.2677590548703428,0.005493633158953499,8.0
2026-09-23 14:40:00,-0.08861105,0.26790297666769725,1.3699999693781137,11.34999974630773,0.03191746568625157,1.052085773304917,1.0840032389911685,1.2632951642186268,0.005493633158953499,8.0
2026-09-23 14:50:00,-0.08861105,0.2613956078465758,1.3699999693781137,11.34999974630773,0.03191746568625157,1.052085773304917,1.0840032389911685,1.2567877953975053,0.005493633158953499,8.0
2026-09-23 15:00:00,-0.08861105,0.2528607146681024,1.3499999698251486,11.429999744519591,0.03190695572475934,1.0517393366212326,1.083646292345992,1.2478959555738554,0.005493633158953499,8.0
2026-09-23 15:10:00,-0.08861105,0.2423263035876593,1.3499999698251486,11.429999744519591,0.03190695572475934,1.0517393366212326,1.083646292345992,1.2373615444934123,0.005493633158953499,8.0
2026-09-23 15:20:00,-0.08861105,0.22983347722441452,1.3499999698251486,11.429999744519591,0.03190695572475934,1.0517393366212326,1.083646292345992,1.2248687181301676,0.005493633158953499,8.0
2026-09-23 15:30:00,-0.08861105,0.21543746453535353,1.3499999698251486,11.429999744519591,0.03190695572475934,1.0517393366212326,1.083646292345992,1.2104727054411066,0.005493633158953499,8.0
2026-09-23 15:40:00,-0.08861105,0.19920849102702737,1.3499999698251486,11.429999744519591,0.03190695572475934,1.0517393366212326,1.083646292345992,1.1942437319327803,0.005493633158953499,8.0
2026-09-23 15:50:00,-0.08861105,0.1812323538478973,1.3499999698251486,11.429999744519591,0.03190695572475934,1.0517393366212326,1.083646292345992,1.1762675947536503,0.005493633158953499,8.0
2026-09-23 16:00:00,-0.08861105,0.1616105937035182,1.3499999698251486,11.429999744519591,0.03190695572475934,1.0517393366212326,1.083646292345992,1.1566458346092712,0.005493633158953499,8.0
2026-09-23 16:10:00,-0.08861105,0.1404601949378083,1.3499999698251486,11.429999744519591,0.03190695572475934,1.0517393366212326,1.083646292345992,1.1354954358435614,0.005493633158953499,8.0
2026-09-23 16:20:00,-0.08861105,0.11791279254633824,1.3499999698251486,11.429999744519591,0.03190695572475934,1.0517393366212326,1.083646292345992,1.1129480334520911,0.005493633158953499,8.0
2026-09-23 16:30:00,-0.08861105,0.09411341463985176,1.3499999698251486,11.429999744519591,0.03190695572475934,1.0517393366212326,1.083646292345992,1.0891486555456047,0.005493633158953499,8.0
2026-09-23 16:40:00,-0.08861105,0.06921883545970729,1.3499999698251486,11.429999744519591,0.03190695572475934,1.0517393366212326,1.083646292345992,1.0642540763654602,0.005493633158953499,8.0
2026-09-23 16:50:00,-0.08861105,0.043395651994393686,1.3499999698251486,11.429999744519591,0.03190695572475934,1.0517393366212326,1.083646292345992,1.0384308929001467,0.005493633158953499,8.0
2026-09-23 17:00:00,-0.08861105,0.016818222155654258,1.3499999698251486,11.429999744519591,0.03190695572475934,1.0517393366212326,1.083646292345992,1.0118534630614073,0.005493633158953499,8.0
2026-09-23 17:10:00,-0.08861105,-0.010333388351683948,1.3499999698251486,11.429999744519591,0.03190695572475934,1.0517393366212326,1.083646292345992,0.9847018525540691,0.005493633158953499,8.0
2026-09-23 17:20:00,-0.08861105,-0.03787531128753716,1.3499999698251486,11.429999744519591,0.03190695572475934,1.0517393366212326,1.083646292345992,0.9571599296182158,0.005493633158953499,8.0
2026-09-23 17:30:00,-0.08861105,-0.06562151786356642,1.3499999698251486,11.429999744519591,0.03190695572475934,1.0517393366212326,1.083646292345992,0.9294137230421866,0.005493633158953499,8.0
2026-09-23 17:40:00,-0.08861105,-0.09338511947346279,1.3499999698251486,11.429999744519591,0.03190695572475934,1.0517393366212326,1.083646292345992,0.9016501214322903,0.005493633158953499,8.0
2026-09-23 17:50:00,-0.08861105,-0.12097929540403264,1.3499999698251486,11.429999744519591,0.03190695572475934,1.0517393366212326,1.083646292345992,0.8740559455017204,0.005493633158953499,8.0
2026-09-23 18:00:00,-0.08861105,-0.1482178659348206,1.3199999704957008,11.339999746531248,0.03130201355747754,1.031798810824926,1.0631008243824036,0.8262719070073441,0.005493633158953499,8.0
2026-09-23 18:10:00,-0.08861105,-0.17491557723683698,1.3199999704957008,11.339999746531248,0.03130201355747754,1.031798810824926,1.0631008243824036,0.7995741957053277,0.005493633158953499,8.0
2026-09-23 18:20:00,-0.08861105,-0.20088820480201325,1.3199999704957008,11.339999746531248,0.03130201355747754,1.031798810824926,1.0631008243824036,0.7736015681401514,0.005493633158953499,8.0
2026-09-23 18:30:00,-0.08861105,-0.22595261008015843,1.3199999704957008,11.339999746531248,0.03130201355747754,1.031798810824926,1.0631008243824036,0.7485371628620062,0.005493633158953499,8.0
2026-09-23 18:40:00,-0.08861105,-0.24992689693182868,1.3199999704957008,11.339999746531248,0.03130201355747754,1.031798810824926,1.0631008243824036,0.724562876010336,0.005493633158953499,8.0
2026-09-23 18:50:00,-0.08861105,-0.2726308090645672,1.3199999704957008,11.339999746531248,0.03130201355747754,1.031798810824926,1.0631008243824036,0.7018589638775974,0.005493633158953499,8.0
2026-09-23 19:00:00,-0.08861105,-0.2938864868304884,1.3199999704957008,11.339999746531248,0.03130201355747754,1.031798810824926,1.0631008243824036,0.6806032861116762,0.005493633158953499,8.0
2026-09-23 19:10:00,-0.08861105,-0.3135196642115618,1.3199999704957008,11.339999746531248,0.03130201355747754,1.031798810824926,1.0631008243824036,0.6609701087306028,0.005493633158953499,8.0
2026-09-23 19:20:00,-0.08861105,-0.3313613381687348,1.3199999704957008,11.339999746531248,0.03130201355747754,1.031798810824926,1.0631008243824036,0.6431284347734298,0.005493633158953499,8.0
2026-09-23 19:30:00,-0.08861105,-0.34724988827355013,1.3199999704957008,11.339999746531248,0.03130201355747754,1.031798810824926,1.0631008243824036,0.6272398846686145,0.005493633158953499,8.0
2026-09-23 19:40:00,-0.08861105,-0.36103357043652634,1.3199999704957008,11.339999746531248,0.03130201355747754,1.031798810824926,1.0631008243824036,0.6134562025056383,0.005493633158953499,8.0
2026-09-23 19:50:00,-0.08861105,-0.3725732606419404,1.3199999704957008,11.339999746531248,0.03130201355747754,1.031798810824926,1.0631008243824036,0.6019165123002242,0.005493633158953499,8.0
2026-09-23 20:00:00,-0.08861105,-0.38174528819477,1.3199999704957008,11.339999746531248,0.03130201355747754,1.031798810824926,1.0631008243824036,0.5927444847473946,0.005493633158953499,8.0
2026-09-23 20:10:00,-0.08861105,-0.3884441771831367,1.3199999704957008,11.339999746531248,0.03130201355747754,1.031798810824926,1.0631008243824036,0.586045595759028,0.005493633158953499,8.0
2026-09-23 20:20:00,-0.08861105,-0.39258511208479996,1.3199999704957008,11.339999746531248,0.03130201355747754,1.031798810824926,1.0631008243824036,0.5819046608573647,0.005493633158953499,8.0
2026-09-23 20:30:00,-0.08861105,-0.3941059591771234,1.3199999704957008,11.339999746531248,0.03130201355747754,1.031798810824926,1.0631008243824036,0.5803838137650412,0.005493633158953499,8.0
2026-09-23 20:40:00,-0.08861105,-0.39296870803729206,1.3199999704957008,11.339999746531248,0.03130201355747754,1.031798810824926,1.0631008243824036,0.5815210649048725,0.005493633158953499,8.0
2026-09-23 20:50:00,-0.08861105,-0.38916024364745094,1.3199999704957008,11.339999746531248,0.03130201355747754,1.031798810824926,1.0631008243824036,0.5853295292947137,0.005493633158953499,8.0
2026-09-23 21:00:00,-0.08861105,-0.3826924144573164,1.2999999709427357,11.159999750554562,0.030570893056661868,1.0076991067619225,1.0382699998185845,0.5669665339210291,0.005493633158953499,8.0
2026-09-23 21:10:00,-0.08861105,-0.37360141950908465,1.2999999709427357,11.159999750554562,0.030570893056661868,1.0076991067619225,1.0382699998185845,0.5760575288692609,0.005493633158953499,8.0
2026-09-23 21:20:00,-0.08861105,-0.36194659224870473,1.2999999709427357,11.159999750554562,0.030570893056661868,1.0076991067619225,1.0382699998185845,0.5877123561296408,0.005493633158953499,8.0
2026-09-23 21:30:00,-0.08861105,-0.34780870418697524,1.2999999709427357,11.159999750554562,0.030570893056661868,1.0076991067619225,1.0382699998185845,0.6018502441913702,0.005493633158953499,8.0
2026-09-23 21:40:00,-0.08861105,-0.331287943529631,1.2999999709427357,11.159999750554562,0.030570893056661868,1.0076991067619225,1.0382699998185845,0.6183710048487145,0.005493633158953499,8.0
2026-09-23 21:50:00,-0.08861105,-0.31250173889950394,1.2999999709427357,11.159999750554562,0.030570893056661868,1.0076991067619225,1.0382699998185845,0.6371572094788416,0.005493633158953499,8.0
2026-09-23 22:00:00,-0.08861105,-0.2915825952787573,1.2999999709427357,11.159999750554562,0.030570893056661868,1.0076991067619225,1.0382699998185845,0.6580763530995882,0.005493633158953499,8.0
2026-09-23 22:10:00,-0.08861105,-0.26867608861272957,1.2999999709427357,11.159999750554562,0.030570893056661868,1.0076991067619225,1.0382699998185845,0.680982859765616,0.005493633158953499,8.0
2026-09-23 22:20:00,-0.08861105,-0.2439391302349198,1.2999999709427357,11.159999750554562,0.030570893056661868,1.0076991067619225,1.0382699998185845,0.7057198181434257,0.005493633158953499,8.0
2026-09-23 22:30:00,-0.08861105,-0.2175385660844237,1.2999999709427357,11.159999750554562,0.030570893056661868,1.0076991067619225,1.0382699998185845,0.7321203822939218,0.005493633158953499,8.0
2026-09-23 22:40:00,-0.08861105,-0.18965012443794785,1.2999999709427357,11.159999750554562,0.030570893056661868,1.0076991067619225,1.0382699998185845,0.7600088239403977,0.005493633158953499,8.0
2026-09-23 22:50:00,-0.08861105,-0.16045767514509926,1.2999999709427357,11.159999750554562,0.030570893056661868,1.0076991067619225,1.0382699998185845,0.7892012732332463,0.005493633158953499,8.0
2026-09-23 23:00:00,-0.08861105,-0.13015271899926747,1.2999999709427357,11.159999750554562,0.030570893056661868,1.0076991067619225,1.0382699998185845,0.819506229379078,0.005493633158953499,8.0
2026-09-23 23:10:00,-0.08861105,-0.09893399298585792,1.2999999709427357,11.159999750554562,0.030570893056661868,1.0076991067619225,1.0382699998185845,0.8507249553924876,0.005493633158953499,8.0
2026-09-23 23:20:00,-0.08861105,-0.06700705914137241,1.2999999709427357,11.159999750554562,0.030570893056661868,1.0076991067619225,1.0382699998185845,0.8826518892369731,0.005493633158953499,8.0
2026-09-23 23:30:00,-0.08861105,-0.03458374387137389,1.2999999709427357,11.159999750554562,0.030570893056661868,1.0076991067619225,1.0382699998185845,0.9150752045069717,0.005493633158953499,8.0
2026-09-23 23:40:00,-0.08861105,-0.0018813104045085005,1.2999999709427357,11.159999750554562,0.030570893056661868,1.0076991067619225,1.0382699998185845,0.947777637973837,0.005493633158953499,8.0
2026-09-23 23:50:00,-0.08861105,0.03087872193003853,1.2999999709427357,11.159999750554562,0.030570893056661868,1.0076991067619225,1.0382699998185845,0.980537670308384,0.005493633158953499,8.0
2026-09-24 00:00:00,-0.09683039,0.06347215581545729,1.269999971613288,10.929999755695462,0.029593360010964763,0.9754769804683443,1.005070340479309,0.9717121059010324,0.005493633158953499,8.0
2026-09-24 00:10:00,-0.09683039,0.09567408702804951,1.269999971613288,10.929999755695462,0.029593360010964763,0.9754769804683443,1.005070340479309,1.0039140371136246,0.005493633158953499,8.0
2026-09-24 00:20:00,-0.09683039,0.1272612148056122,1.269999971613288,10.929999755695462,0.029593360010964763,0.9754769804683443,1.005070340479309,1.0355011648911874,0.005493633158953499,8.0
2026-09-24 00:30:00,-0.09683039,0.1580143935693412,1.269999971613288,10.929999755695462,0.029593360010964763,0.9754769804683443,1.005070340479309,1.0662543436549163,0.005493633158953499,8.0
2026-09-24 00:40:00,-0.09683039,0.18772129391673317,1.269999971613288,10.929999755695462,0.029593360010964763,0.9754769804683443,1.005070340479309,1.0959612440023083,0.005493633158953499,8.0
2026-09-24 00:50:00,-0.09683039,0.21617902087454435,1.269999971613288,10.929999755695462,0.029593360010964763,0.9754769804683443,1.005070340479309,1.1244189709601196,0.005493633158953499,8.0
2026-09-24 01:00:00,-0.09683039,0.24319653387999773,1.269999971613288,10.929999755695462,0.029593360010964763,0.9754769804683443,1.005070340479309,1.1514364839655729,0.005493633158953499,8.0
2026-09-24 01:10:00,-0.09683039,0.2685967265534694,1.269999971613288,10.929999755695462,0.029593360010964763,0.9754769804683443,1.005070340479309,1.1768366766390446,0.005493633158953499,8.0
2026-09-24 01:20:00,-0.09683039,0.29221805336632517,1.269999971613288,10.929999755695462,0.029593360010964763,0.9754769804683443,1.005070340479309,1.2004580034519003,0.005493633158953499,8.0
2026-09-24 01:30:00,-0.09683039,0.31391563178646065,1.269999971613288,10.929999755695462,0.029593360010964763,0.9754769804683443,1.005070340479309,1.2221555818720358,0.005493633158953499,8.0
2026-09-24 01:40:00,-0.09683039,0.3335617976402618,1.269999971613288,10.929999755695462,0.029593360010964763,0.9754769804683443,1.005070340479309,1.241801747725837,0.005493633158953499,8.0
2026-09-24 01:50:00,-0.09683039,0.35104614285872415,1.269999971613288,10.929999755695462,0.029593360010964763,0.9754769804683443,1.005070340479309,1.2592860929442993,0.005493633158953499,8.0
2026-09-24 02:00:00,-0.09683039,0.36627511268626917,1.269999971613288,10.929999755695462,0.029593360010964763,0.9754769804683443,1.005070340479309,1.2745150627718442,0.005493633158953499,8.0
2026-09-24 02:10:00,-0.09683039,0.379171278500608,1.269999971613288,10.929999755695462,0.029593360010964763,0.9754769804683443,1.005070340479309,1.2874112285861832,0.005493633158953499,8.0
2026-09-24 02:20:00,-0.09683039,0.38967242822100395,1.269999971613288,10.929999755695462,0.029593360010964763,0.9754769804683443,1.005070340479309,1.2979123783065791,0.005493633158953499,8.0
2026-09-24 02:30:00,-0.09683039,0.39773062610384585,1.269999971613288,10.929999755695462,0.029593360010964763,0.9754769804683443,1.005070340479309,1.305970576189421,0.005493633158953499,8.0
2026-09-24 02:40:00,-0.09683039,0.40331138634814767,1.269999971613288,10.929999755695462,0.029593360010964763,0.9754769804683443,1.005070340479309,1.3115513364337228,0.005493633158953499,8.0
2026-09-24 02:50:00,-0.09683039,0.4063930814601506,1.269999971613288,10.929999755695462,0.029593360010964763,0.9754769804683443,1.005070340479309,1.3146330315457257,0.005493633158953499,8.0
2026-09-24 03:00:00,-0.09683039,0.40696666922062863,1.2399999722838402,10.799999758601189,0.028893945755018757,0.952422399770717,0.9813163455257358,1.2914526243526305,0.005493633158953499,8.0
2026-09-24 03:10:00,-0.09683039,0.4050357758585744,1.2399999722838402,10.799999758601189,0.028893945755018757,0.952422399770717,0.9813163455257358,1.2895217309905762,0.005493633158953499,8.0
2026-09-24 03:20:00,-0.09683039,0.4006171227697666,1.2399999722838402,10.799999758601189,0.028893945755018757,0.952422399770717,0.9813163455257358,1.2851030779017685,0.005493633158953499,8.0
2026-09-24 03:30:00,-0.09683039,0.3937412355878231,1.2399999722838402,10.799999758601189,0.028893945755018757,0.952422399770717,0.9813163455257358,1.2782271907198248,0.005493633158953499,8.0
2026-09-24 03:40:00,-0.09683039,0.38445333324015885,1.2399999722838402,10.799999758601189,0.028893945755018757,0.952422399770717,0.9813163455257358,1.2689392883721606,0.005493633158953499,8.0
2026-09-24 03:50:00,-0.09683039,0.3728142652547404,1.2399999722838402,10.799999758601189,0.028893945755018757,0.952422399770717,0.9813163455257358,1.257300220386742,0.005493633158953499,8.0
2026-09-24 04:00:00,-0.09683039,0.35890135169111675,1.2399999722838402,10.799999758601189,0.028893945755018757,0.952422399770717,0.9813163455257358,1.2433873068231185,0.005493633158953499,8.0
2026-09-24 04:10:00,-0.09683039,0.34280898273911625,1.2399999722838402,10.799999758601189,0.028893945755018757,0.952422399770717,0.9813163455257358,1.227294937871118,0.005493633158953499,8.0
2026-09-24 04:20:00,-0.09683039,0.32464885453863773,1.2399999722838402,10.799999758601189,0.028893945755018757,0.952422399770717,0.9813163455257358,1.2091348096706396,0.005493633158953499,8.0
2026-09-24 04:30:00,-0.09683039,0.30454975119357236,1.2399999722838402,10.799999758601189,0.028893945755018757,0.952422399770717,0.9813163455257358,1.189035706325574,0.005493633158953499,8.0
2026-09-24 04:40:00,-0.09683039,0.2826568271455855,1.2399999722838402,10.799999758601189,0.028893945755018757,0.952422399770717,0.9813163455257358,1.1671427822775873,0.005493633158953499,8.0
2026-09-24 04:50:00,-0.09683039,0.2591303933962122,1.2399999722838402,10.799999758601189,0.028893945755018757,0.952422399770717,0.9813163455257358,1.143616348528214,0.005493633158953499,8.0
2026-09-24 05:00:00,-0.09683039,0.23414426022728435,1.2399999722838402,10.799999758601189,0.028893945755018757,0.952422399770717,0.9813163455257358,1.1186302153592862,0.005493633158953499,8.0
2026-09-24 05:10:00,-0.09683039,0.2078837324064262,1.2399999722838402,10.799999758601189,0.028893945755018757,0.952422399770717,0.9813163455257358,1.0923696875384281,0.005493633158953499,8.0
2026-09-24 05:20:00,-0.09683039,0.18054338514174312,1.2399999722838402,10.799999758601189,0.028893945755018757,0.952422399770717,0.9813163455257358,1.065029340273745,0.005493633158953499,8.0
2026-09-24 05:30:00,-0.09683039,0.15232476704837766,1.2399999722838402,10.799999758601189,0.028893945755018757,0.952422399770717,0.9813163455257358,1.0368107221803795,0.005493633158953499,8.0
2026-09-24 05:40:00,-0.09683039,0.12343417741123217,1.2399999722838402,10.799999758601189,0.028893945755018757,0.952422399770717,0.9813163455257358,1.0079201325432339,0.005493633158953499,8.0
2026-09-24 05:50:00,-0.09683039,0.0940806496376514,1.2399999722838402,10.799999758601189,0.028893945755018757,0.952422399770717,0.9813163455257358,0.9785666047696532,0.005493633158953499,8.0
2026-09-24 06:00:00,-0.09683039,0.06447424201386157,1.1999999731779099,10.749999759718776,0.028292501157184,0.932597163298837,0.960889664456021,0.9285335160761485,0.005493633158953499,8.0
2026-09-24 06:10:00,-0.09683039,0.0348246949222101,1.1999999731779099,10.749999759718776,0.028292501157184,0.932597163298837,0.960889664456021,0.8988839689844971,0.005493633158953499,8.0
2026-09-24 06:20:00,-0.09683039,0.005340464799289025,1.1999999731779099,10.749999759718776,0.028292501157184,0.932597163298837,0.960889664456021,0.8693997388615761,0.005493633158953499,8.0
2026-09-24 06:30:00,-0.09683039,-0.023771904660320198,1.1999999731779099,10.749999759718776,0.028292501157184,0.932597163298837,0.960889664456021,0.8402873694019668,0.005493633158953499,8.0
2026-09-24 06:40:00,-0.09683039,-0.05230815857545205,1.1999999731779099,10.749999759718776,0.028292501157184,0.932597163298837,0.960889664456021,0.811751115486835,0.005493633158953499,8.0
2026-09-24 06:50:00,-0.09683039,-0.08006657378677191,1.1999999731779099,10.749999759718776,0.028292501157184,0.932597163298837,0.960889664456021,0.7839927002755152,0.005493633158953499,8.0
2026-09-24 07:00:00,-0.09683039,-0.10684820881978918,1.1999999731779099,10.749999759718776,0.028292501157184,0.932597163298837,0.960889664456021,0.7572110652424978,0.005493633158953499,8.0
2026-09-24 07:10:00,-0.09683039,-0.13245730509340464,1.1999999731779099,10.749999759718776,0.028292501157184,0.932597163298837,0.960889664456021,0.7316019689688824,0.005493633158953499,8.0
2026-09-24 07:20:00,-0.09683039,-0.15670196977265433,1.1999999731779099,10.749999759718776,0.028292501157184,0.932597163298837,0.960889664456021,0.7073573042896326,0.005493633158953499,8.0
2026-09-24 07:30:00,-0.09683039,-0.17939524074976376,1.1999999731779099,10.749999759718776,0.028292501157184,0.932597163298837,0.960889664456021,0.6846640333125232,0.005493633158953499,8.0
2026-09-24 07:40:00,-0.09683039,-0.2003565909857904,1.1999999731779099,10.749999759718776,0.028292501157184,0.932597163298837,0.960889664456021,0.6637026830764966,0.005493633158953499,8.0
2026-09-24 07:50:00,-0.09683039,-0.21941387775088428,1.1999999731779099,10.749999759718776,0.028292501157184,0.932597163298837,0.960889664456021,0.6446453963114027,0.005493633158953499,8.0
2026-09-24 08:00:00,-0.09683039,-0.23640568763479639,1.1999999731779099,10.749999759718776,0.028292501157184,0.932597163298837,0.960889664456021,0.6276535864274906,0.005493633158953499,8.0
2026-09-24 08:10:00,-0.09683039,-0.25118397667697073,1.1999999731779099,10.749999759718776,0.028292501157184,0.932597163298837,0.960889664456021,0.6128752973853162,0.005493633158953499,8.0
2026-09-24 08:20:00,-0.09683039,-0.26361686226917447,1.1999999731779099,10.749999759718776,0.028292501157184,0.932597163298837,0.960889664456021,0.6004424117931125,0.005493633158953499,8.0
2026-09-24 08:30:00,-0.09683039,-0.2735913944696709,1.1999999731779099,10.749999759718776,0.028292501157184,0.932597163298837,0.960889664456021,0.5904678795926162,0.005493633158953499,8.0
2026-09-24 08:40:00,-0.09683039,-0.28101612229227796,1.1999999731779099,10.749999759718776,0.028292501157184,0.932597163298837,0.960889664456021,0.583043151770009,0.005493633158953499,8.0
2026-09-24 08:50:00,-0.09683039,-0.28582327703816485,1.1999999731779099,10.749999759718776,0.028292501157184,0.932597163298837,0.960889664456021,0.5782359970241222,0.005493633158953499,8.0
2026-09-24 09:00:00,-0.09683039,-0.28797041910839966,1.169999973848462,10.699999760836363,0.027806668767739767,0.9165828171045156,0.9443894858722554,0.5595886763701217,0.005493633158953499,8.0
2026-09-24 09:10:00,-0.09683039,-0.28744143474822664,1.169999973848462,10.699999760836363,0.027806668767739767,0.9165828171045156,0.9443894858722554,0.5601176607302947,0.005493633158953499,8.0
2026-09-24 09:20:00,-0.09683039,-0.28424682040513366,1.169999973848462,10.699999760836363,0.027806668767739767,0.9165828171045156,0.9443894858722554,0.5633122750733877,0.005493633158953499,8.0
2026-09-24 09:30:00,-0.09683039,-0.2784232496739795,1.169999973848462,10.699999760836363,0.027806668767739767,0.9165828171045156,0.9443894858722554,0.5691358458045419,0.005493633158953499,8.0
2026-09-24 09:40:00,-0.09683039,-0.2700324749550157,1.169999973848462,10.699999760836363,0.027806668767739767,0.9165828171045156,0.9443894858722554,0.5775266205235057,0.005493633158953499,8.0
2026-09-24 09:50:00,-0.09683039,-0.2591596670048085,1.169999973848462,10.699999760836363,0.027806668767739767,0.9165828171045156,0.9443894858722554,0.5883994284737128,0.005493633158953499,8.0
2026-09-24 10:00:00,-0.09683039,-0.24591133534365434,1.169999973848462,10.699999760836363,0.027806668767739767,0.9165828171045156,0.9443894858722554,0.6016477601348671,0.005493633158953499,8.0
2026-09-24 10:10:00,-0.09683039,-0.230412996598519,1.169999973848462,10.699999760836363,0.027806668767739767,0.9165828171045156,0.9443894858722554,0.6171460988800024,0.005493633158953499,8.0
2026-09-24 10:20:00,-0.09683039,-0.2128067644941367,1.169999973848462,10.699999760836363,0.027806668767739767,0.9165828171045156,0.9443894858722554,0.6347523309843847,0.005493633158953499,8.0
2026-09-24 10:30:00,-0.09683039,-0.19324902344592032,1.169999973848462,10.699999760836363,0.027806668767739767,0.9165828171045156,0.9443894858722554,0.654310072032601,0.005493633158953499,8.0
2026-09-24 10:40:00,-0.09683039,-0.17190831964036374,1.169999973848462,10.699999760836363,0.027806668767739767,0.9165828171045156,0.9443894858722554,0.6756507758381576,0.005493633158953499,8.0
2026-09-24 10:50:00,-0.09683039,-0.148963562238239,1.169999973848462,10.699999760836363,0.027806668767739767,0.9165828171045156,0.9443894858722554,0.6985955332402823,0.005493633158953499,8.0
2026-09-24 11:00:00,-0.09683039,-0.12460257792615213,1.169999973848462,10.699999760836363,0.027806668767739767,0.9165828171045156,0.9443894858722554,0.7229565175523692,0.005493633158953499,8.0
2026-09-24 11:10:00,-0.09683039,-0.09902101006906573,1.169999973848462,10.699999760836363,0.027806668767739767,0.9165828171045156,0.9443894858722554,0.7485380854094557,0.005493633158953499,8.0
2026-09-24 11:20:00,-0.09683039,-0.07242150510910139,1.169999973848462,10.699999760836363,0.027806668767739767,0.9165828171045156,0.9443894858722554,0.77513759036942,0.005493633158953499,8.0
2026-09-24 11:30:00,-0.09683039,-0.04501308927809695,1.169999973848462,10.699999760836363,0.027806668767739767,0.9165828171045156,0.9443894858722554,0.8025460062004244,0.005493633158953499,8.0
2026-09-24 11:40:00,-0.09683039,-0.017010612110178437,1.169999973848462,10.699999760836363,0.027806668767739767,0.9165828171045156,0.9443894858722554,0.830548483368343,0.005493633158953499,8.0
2026-09-24 11:50:00,-0.09683039,0.011365876789743911,1.169999973848462,10.699999760836363,0.027806668767739767,0.9165828171045156,0.9443894858722554,0.8589249722682653,0.005493633158953499,8.0
2026-09-24 12:00:00,-0.09683039,0.03989194453042587,1.149999974295497,10.64999976195395,0.027439158161215085,0.9044686760738939,0.931907834235109,0.8749693883718009,0.005493633158953499,8.0
2026-09-24 12:10:00,-0.09683039,0.06833988874567071,1.149999974295497,10.64999976195395,0.027439158161215085,0.9044686760738939,0.931907834235109,0.9034173325870458,0.005493633158953499,8.0
2026-09-24 12:20:00,-0.09683039,0.09648021546283524,1.149999974295497,10.64999976195395,0.027439158161215085,0.9044686760738939,0.931907834235109,0.9315576593042103,0.005493633158953499,8.0
2026-09-24 12:30:00,-0.09683039,0.12408350229564385,1.149999974295497,10.64999976195395,0.027439158161215085,0.9044686760738939,0.931907834235109,0.959160946137019,0.005493633158953499,8.0
2026-09-24 12:40:00,-0.09683039,0.15092261887766142,1.149999974295497,10.64999976195395,0.027439158161215085,0.9044686760738939,0.931907834235109,0.9860000627190365,0.005493633158953499,8.0
2026-09-24 12:50:00,-0.09683039,0.1767752290263028,1.149999974295497,10.64999976195395,0.027439158161215085,0.9044686760738939,0.931907834235109,1.0118526728676778,0.005493633158953499,8.0
2026-09-24 13:00:00,-0.09683039,0.2014264592728046,1.149999974295497,10.64999976195395,0.027439158161215085,0.9044686760738939,0.931907834235109,1.0365039031141796,0.005493633158953499,8.0
2026-09-24 13:10:00,-0.09683039,0.22467159079721277,1.149999974295497,10.64999976195395,0.027439158161215085,0.9044686760738939,0.931907834235109,1.0597490346385878,0.005493633158953499,8.0
2026-09-24 13:20:00,-0.09683039,0.24631861953939752,1.149999974295497,10.64999976195395,0.027439158161215085,0.9044686760738939,0.931907834235109,1.0813960633807727,0.005493633158953499,8.0
2026-09-24 13:30:00,-0.09683039,0.2661905340975914,1.149999974295497,10.64999976195395,0.027439158161215085,0.9044686760738939,0.931907834235109,1.1012679779389665,0.005493633158953499,8.0
2026-09-24 13:40:00,-0.09683039,0.28412718224304523,1.149999974295497,10.64999976195395,0.027439158161215085,0.9044686760738939,0.931907834235109,1.1192046260844202,0.005493633158953499,8.0
2026-09-24 13:50:00,-0.09683039,0.29998663240291124,1.149999974295497,10.64999976195395,0.027439158161215085,0.9044686760738939,0.931907834235109,1.1350640762442863,0.005493633158953499,8.0
2026-09-24 14:00:00,-0.09683039,0.3136459821812142,1.149999974295497,10.64999976195395,0.027439158161215085,0.9044686760738939,0.931907834235109,1.1487234260225891,0.005493633158953499,8.0
2026-09-24 14:10:00,-0.09683039,0.32500161691545815,1.149999974295497,10.64999976195395,0.027439158161215085,0.9044686760738939,0.931907834235109,1.1600790607568332,0.005493633158953499,8.0
2026-09-24 14:20:00,-0.09683039,0.33396897164037553,1.149999974295497,10.64999976195395,0.027439158161215085,0.9044686760738939,0.931907834235109,1.1690464154817506,0.005493633158953499,8.0
2026-09-24 14:30:00,-0.09683039,0.3404818940734635,1.149999974295497,10.64999976195395,0.027439158161215085,0.9044686760738939,0.931907834235109,1.1755593379148386,0.005493633158953499,8.0
2026-09-24 14:40:00,-0.09683039,0.3444917393340633,1.149999974295497,10.64999976195395,0.027439158161215085,0.9044686760738939,0.931907834235109,1.1795691831754382,0.005493633158953499,8.0
2026-09-24 14:50:00,-0.09683039,0.3459663454910384,1.149999974295497,10.64999976195395,0.027439158161215085,0.9044686760738939,0.931907834235109,1.1810437893324135,0.005493633158953499,8.0
2026-09-24 15:00:00,-0.09683039,0.3448890405138571,1.1299999747425318,10.60999976284802,0.02709735248346206,0.8932018388402065,0.9202991913236686,1.1683578414437916,0.005493633158953499,8.0
2026-09-24 15:10:00,-0.09683039,0.3412578158851938,1.1299999747425318,10.60999976284802,0.02709735248346206,0.8932018388402065,0.9202991913236686,1.1647266168151285,0.005493633158953499,8.0
2026-09-24 15:20:00,-0.09683039,0.3350847715708157,1.1299999747425318,10.60999976284802,0.02709735248346206,0.8932018388402065,0.9202991913236686,1.1585535725007503,0.005493633158953499,8.0
2026-09-24 15:30:00,-0.09683039,0.32639589497205324,1.1299999747425318,10.60999976284802,0.02709735248346206,0.8932018388402065,0.9202991913236686,1.1498646959019878,0.005493633158953499,8.0
2026-09-24 15:40:00,-0.09683039,0.31523118751367313,1.1299999747425318,10.60999976284802,0.02709735248346206,0.8932018388402065,0.9202991913236686,1.1386999884436078,0.005493633158953499,8.0
2026-09-24 15:50:00,-0.09683039,0.30164510238224046,1.1299999747425318,10.60999976284802,0.02709735248346206,0.8932018388402065,0.9202991913236686,1.125113903312175,0.005493633158953499,8.0
2026-09-24 16:00:00,-0.09683039,0.2857072112601033,1.1299999747425318,10.60999976284802,0.02709735248346206,0.8932018388402065,0.9202991913236686,1.1091760121900378,0.005493633158953499,8.0
2026-09-24 16:10:00,-0.09683039,0.26750298182129884,1.1299999747425318,10.60999976284802,0.02709735248346206,0.8932018388402065,0.9202991913236686,1.0909717827512333,0.005493633158953499,8.0
2026-09-24 16:20:00,-0.09683039,0.24713452562360175,1.1299999747425318,10.60999976284802,0.02709735248346206,0.8932018388402065,0.9202991913236686,1.0706033265535364,0.005493633158953499,8.0
2026-09-24 16:30:00,-0.09683039,0.22472116990281868,1.1299999747425318,10.60999976284802,0.02709735248346206,0.8932018388402065,0.9202991913236686,1.0481899708327533,0.005493633158953499,8.0
2026-09-24 16:40:00,-0.09683039,0.20039971791869293,1.1299999747425318,10.60999976284802,0.02709735248346206,0.8932018388402065,0.9202991913236686,1.0238685188486274,0.005493633158953499,8.0
2026-09-24 16:50:00,-0.09683039,0.17432428903797284,1.1299999747425318,10.60999976284802,0.02709735248346206,0.8932018388402065,0.9202991913236686,0.9977930899679074,0.005493633158953499,8.0
2026-09-24 17:00:00,-0.09683039,0.14666566916312082,1.1299999747425318,10.60999976284802,0.02709735248346206,0.8932018388402065,0.9202991913236686,0.9701344700930554,0.005493633158953499,8.0
2026-09-24 17:10:00,-0.09683039,0.11761014951801586,1.1299999747425318,10.60999976284802,0.02709735248346206,0.8932018388402065,0.9202991913236686,0.9410789504479504,0.005493633158953499,8.0
2026-09-24 17:20:00,-0.09683039,0.0873578820656417,1.1299999747425318,10.60999976284802,0.02709735248346206,0.8932018388402065,0.9202991913236686,0.9108266829955762,0.005493633158953499,8.0
2026-09-24 17:30:00,-0.09683039,0.05612082710480688,1.1299999747425318,10.60999976284802,0.02709735248346206,0.8932018388402065,0.9202991913236686,0.8795896280347415,0.005493633158953499,8.0
2026-09-24 17:40:00,-0.09683039,0.02412040733715831,1.1299999747425318,10.60999976284802,0.02709735248346206,0.8932018388402065,0.9202991913236686,0.8475892082670928,0.005493633158953499,8.0
2026-09-24 17:50:00,-0.09683039,-0.008414991062826055,1.1299999747425318,10.60999976284802,0.02709735248346206,0.8932018388402065,0.9202991913236686,0.8150538098671085,0.005493633158953499,8.0
2026-09-24 18:00:00,-0.09683039,-0.04125251980328073,1.1199999749660492,10.579999763518572,0.02690090768221257,0.8867264882385663,0.9136273959207788,0.7755444857237641,0.005493633158953499,8.0
2026-09-24 18:10:00,-0.09683039,-0.07415722819765515,1.1199999749660492,10.579999763518572,0.02690090768221257,0.8867264882385663,0.9136273959207788,0.7426397773293897,0.005493633158953499,8.0
2026-09-24 18:20:00,-0.09683039,-0.10689416026435847,1.1199999749660492,10.579999763518572,0.02690090768221257,0.8867264882385663,0.9136273959207788,0.7099028452626863,0.005493633158953499,8.0
2026-09-24 18:30:00,-0.09683039,-0.13923010458504184,1.1199999749660492,10.579999763518572,0.02690090768221257,0.8867264882385663,0.9136273959207788,0.677566900942003,0.005493633158953499,8.0
2026-09-24 18:40:00,-0.09683039,-0.17093495826820046,1.1199999749660492,10.579999763518572,0.02690090768221257,0.8867264882385663,0.9136273959207788,0.6458620472588443,0.005493633158953499,8.0
2026-09-24 18:50:00,-0.09683039,-0.20178271621537286,1.1199999749660492,10.579999763518572,0.02690090768221257,0.8867264882385663,0.9136273959207788,0.6150142893116719,0.005493633158953499,8.0
2026-09-24 19:00:00,-0.09683039,-0.23155214519881495,1.1199999749660492,10.579999763518572,0.02690090768221257,0.8867264882385663,0.9136273959207788,0.5852448603282299,0.005493633158953499,8.0
2026-09-24 19:10:00,-0.09683039,-0.26002724315256576,1.1199999749660492,10.579999763518572,0.02690090768221257,0.8867264882385663,0.9136273959207788,0.5567697623744791,0.005493633158953499,8.0
2026-09-24 19:20:00,-0.09683039,-0.2869976127259373,1.1199999749660492,10.579999763518572,0.02690090768221257,0.8867264882385663,0.9136273959207788,0.5297993928011075,0.005493633158953499,8.0
2026-09-24 19:30:00,-0.09683039,-0.31225889131768453,1.1199999749660492,10.579999763518572,0.02690090768221257,0.8867264882385663,0.9136273959207788,0.5045381142093603,0.005493633158953499,8.0
2026-09-24 19:40:00,-0.09683039,-0.335613375338893,1.1199999749660492,10.579999763518572,0.02690090768221257,0.8867264882385663,0.9136273959207788,0.4811836301881518,0.005493633158953499,8.0
2026-09-24 19:50:00,-0.09683039,-0.35687095503091476,1.1199999749660492,10.579999763518572,0.02690090768221257,0.8867264882385663,0.9136273959207788,0.45992605049613006,0.005493633158953499,8.0
2026-09-24 20:00:00,-0.09683039,-0.37585043958779213,1.1199999749660492,10.579999763518572,0.02690090768221257,0.8867264882385663,0.9136273959207788,0.4409465659392527,0.005493633158953499,8.0
2026-09-24 20:10:00,-0.09683039,-0.39238130475828664,1.1199999749660492,10.579999763518572,0.02690090768221257,0.8867264882385663,0.9136273959207788,0.4244157007687582,0.005493633158953499,8.0
2026-09-24 20:20:00,-0.09683039,-0.40630584154355137,1.1199999749660492,10.579999763518572,0.02690090768221257,0.8867264882385663,0.9136273959207788,0.4104911639834934,0.005493633158953499,8.0
2026-09-24 20:30:00,-0.09683039,-0.41748163105579916,1.1199999749660492,10.579999763518572,0.02690090768221257,0.8867264882385663,0.9136273959207788,0.39931537447124565,0.005493633158953499,8.0
2026-09-24 20:40:00,-0.09683039,-0.42578422298548646,1.1199999749660492,10.579999763518572,0.02690090768221257,0.8867264882385663,0.9136273959207788,0.39101278254155836,0.005493633158953499,8.0
2026-09-24 20:50:00,-0.09683039,-0.43110985879445923,1.1199999749660492,10.579999763518572,0.02690090768221257,0.8867264882385663,0.9136273959207788,0.38568714673258553,0.005493633158953499,8.0
2026-09-24 21:00:00,-0.09683039,-0.43337805988627043,1.099999975413084,10.549999764189124,0.026584044622876165,0.8762818269960133,0.9028658716188894,0.372657421338885,0.005493633158953499,8.0
2026-09-24 21:10:00,-0.09683039,-0.4325338980855707,1.099999975413084,10.549999764189124,0.026584044622876165,0.8762818269960133,0.9028658716188894,0.3735015831395848,0.005493633158953499,8.0
2026-09-24 21:20:00,-0.09683039,-0.42854978131544585,1.099999975413084,10.549999764189124,0.026584044622876165,0.8762818269960133,0.9028658716188894,0.3774856999097096,0.005493633158953499,8.0
2026-09-24 21:30:00,-0.09683039,-0.4214266199483513,1.099999975413084,10.549999764189124,0.026584044622876165,0.8762818269960133,0.9028658716188894,0.38460886127680416,0.005493633158953499,8.0
2026-09-24 21:40:00,-0.09683039,-0.4111942855608172,1.099999975413084,10.549999764189124,0.026584044622876165,0.8762818269960133,0.9028658716188894,0.3948411956643382,0.005493633158953499,8.0
2026-09-24 21:50:00,-0.09683039,-0.3979113289450571,1.099999975413084,10.549999764189124,0.026584044622876165,0.8762818269960133,0.9028658716188894,0.40812415228009835,0.005493633158953499,8.0
2026-09-24 22:00:00,-0.09683039,-0.3816639824386421,1.099999975413084,10.549999764189124,0.026584044622876165,0.8762818269960133,0.9028658716188894,0.42437149878651337,0.005493633158953499,8.0
2026-09-24 22:10:00,-0.09683039,-0.3625645267724384,1.099999975413084,10.549999764189124,0.026584044622876165,0.8762818269960133,0.9028658716188894,0.44347095445271706,0.005493633158953499,8.0
2026-09-24 22:20:00,-0.09683039,-0.34074914907406567,1.099999975413084,10.549999764189124,0.026584044622876165,0.8762818269960133,0.9028658716188894,0.4652863321510898,0.005493633158953499,8.0
2026-09-24 22:30:00,-0.09683039,-0.31637545139364803,1.099999975413084,10.549999764189124,0.026584044622876165,0.8762818269960133,0.9028658716188894,0.4896600298315074,0.005493633158953499,8.0
2026-09-24 22:40:00,-0.09683039,-0.2896197852035709,1.099999975413084,10.549999764189124,0.026584044622876165,0.8762818269960133,0.9028658716188894,0.5164156960215845,0.005493633158953499,8.0
2026-09-24 22:50:00,-0.09683039,-0.2606745849702668,1.099999975413084,10.549999764189124,0.026584044622876165,0.8762818269960133,0.9028658716188894,0.5453608962548886,0.005493633158953499,8.0
2026-09-24 23:00:00,-0.09683039,-0.22974585406971265,1.099999975413084,10.549999764189124,0.026584044622876165,0.8762818269960133,0.9028658716188894,0.5762896271554427,0.005493633158953499,8.0
2026-09-24 23:10:00,-0.09683039,-0.19705092123936335,1.099999975413084,10.549999764189124,0.026584044622876165,0.8762818269960133,0.9028658716188894,0.6089845599857922,0.005493633158953499,8.0
2026-09-24 23:20:00,-0.09683039,-0.16281653983377464,1.099999975413084,10.549999764189124,0.026584044622876165,0.8762818269960133,0.9028658716188894,0.6432189413913808,0.005493633158953499,8.0
2026-09-24 23:30:00,-0.09683039,-0.12727735055930567,1.099999975413084,10.549999764189124,0.026584044622876165,0.8762818269960133,0.9028658716188894,0.6787581306658498,0.005493633158953499,8.0
2026-09-24 23:40:00,-0.09683039,-0.09067467704100861,1.099999975413084,10.549999764189124,0.026584044622876165,0.8762818269960133,0.9028658716188894,0.7153608041841468,0.005493633158953499,8.0
2026-09-24 23:50:00,-0.09683039,-0.05325557839596351,1.099999975413084,10.549999764189124,0.026584044622876165,0.8762818269960133,0.9028658716188894,0.7527799028291919,0.005493633158953499,8.0
2026-09-25 00:00:00,-0.07713761,-0.015272048840158852,1.0799999758601189,10.489999765530229,0.026191454744169455,0.8633410054974959,0.8895324602416654,0.7971227995951139,0.005493633158953499,8.0
2026-09-25 00:10:00,-0.07713761,0.023019764801810696,1.0799999758601189,10.489999765530229,0.026191454744169455,0.8633410054974959,0.8895324602416654,0.8354146132370834,0.005493633158953499,8.0
2026-09-25 00:20:00,-0.07713761,0.061360459226559465,1.0799999758601189,10.489999765530229,0.026191454744169455,0.8633410054974959,0.8895324602416654,0.8737553076618322,0.005493633158953499,8.0
2026-09-25 00:30:00,-0.07713761,0.09948850123532614,1.0799999758601189,10.489999765530229,0.026191454744169455,0.8633410054974959,0.8895324602416654,0.9118833496705989,0.005493633158953499,8.0
2026-09-25 00:40:00,-0.07713761,0.1371416719155713,1.0799999758601189,10.489999765530229,0.026191454744169455,0.8633410054974959,0.8895324602416654,0.9495365203508441,0.005493633158953499,8.0
2026-09-25 00:50:00,-0.07713761,0.17405887422091504,1.0799999758601189,10.489999765530229,0.026191454744169455,0.8633410054974959,0.8895324602416654,0.9864537226561878,0.005493633158953499,8.0
2026-09-25 01:00:00,-0.07713761,0.2099823018144653,1.0799999758601189,10.489999765530229,0.026191454744169455,0.8633410054974959,0.8895324602416654,1.022377150249738,0.005493633158953499,8.0
2026-09-25 01:10:00,-0.07713761,0.244659918063937,1.0799999758601189,10.489999765530229,0.026191454744169455,0.8633410054974959,0.8895324602416654,1.0570547664992098,0.005493633158953499,8.0
2026-09-25 01:20:00,-0.07713761,0.2778481497571863,1.0799999758601189,10.489999765530229,0.026191454744169455,0.8633410054974959,0.8895324602416654,1.090242998192459,0.005493633158953499,8.0
2026-09-25 01:30:00,-0.07713761,0.3093146657100901,1.0799999758601189,10.489999765530229,0.026191454744169455,0.8633410054974959,0.8895324602416654,1.1217095141453628,0.005493633158953499,8.0
2026-09-25 01:40:00,-0.07713761,0.3388410899088335,1.0799999758601189,10.489999765530229,0.026191454744169455,0.8633410054974959,0.8895324602416654,1.1512359383441062,0.005493633158953499,8.0
2026-09-25 01:50:00,-0.07713761,0.36622549472289256,1.0799999758601189,10.489999765530229,0.026191454744169455,0.8633410054974959,0.8895324602416654,1.1786203431581654,0.005493633158953499,8.0
2026-09-25 02:00:00,-0.07713761,0.39128453252185585,1.0799999758601189,10.489999765530229,0.026191454744169455,0.8633410054974959,0.8895324602416654,1.2036793809571287,0.005493633158953499,8.0
2026-09-25 02:10:00,-0.07713761,0.41385509247967267,1.0799999758601189,10.489999765530229,0.026191454744169455,0.8633410054974959,0.8895324602416654,1.2262499409149454,0.005493633158953499,8.0
2026-09-25 02:20:00,-0.07713761,0.4337954102389272,1.0799999758601189,10.489999765530229,0.026191454744169455,0.8633410054974959,0.8895324602416654,1.2461902586742,0.005493633158953499,8.0
2026-09-25 02:30:00,-0.07713761,0.45098560694732903,1.0799999758601189,10.489999765530229,0.026191454744169455,0.8633410054974959,0.8895324602416654,1.2633804553826018,0.005493633158953499,8.0
2026-09-25 02:40:00,-0.07713761,0.4653276854736619,1.0799999758601189,10.489999765530229,0.026191454744169455,0.8633410054974959,0.8895324602416654,1.2777225339089346,0.005493633158953499,8.0
2026-09-25 02:50:00,-0.07713761,0.47674505965198727,1.0799999758601189,10.489999765530229,0.026191454744169455,0.8633410054974959,0.8895324602416654,1.28913990808726,0.005493633158953499,8.0
2026-09-25 03:00:00,-0.07713761,0.48518173177219953,1.0599999763071537,10.409999767318368,0.025749921961322704,0.8487868938444242,0.8745368158057469,1.2825809357715539,0.005493633158953499,8.0
2026-09-25 03:10:00,-0.07713761,0.49060125990907233,1.0599999763071537,10.409999767318368,0.025749921961322704,0.8487868938444242,0.8745368158057469,1.2880004639084266,0.005493633158953499,8.0
2026-09-25 03:20:00,-0.07713761,0.4929856670254821,1.0599999763071537,10.409999767318368,0.025749921961322704,0.8487868938444242,0.8745368158057469,1.2903848710248362,0.005493633158953499,8.0
2026-09-25 03:30:00,-0.07713761,0.49233443711125896,1.0599999763071537,10.409999767318368,0.025749921961322704,0.8487868938444242,0.8745368158057469,1.2897336411106133,0.005493633158953499,8.0
2026-09-25 03:40:00,-0.07713761,0.4886637206042754,1.0599999763071537,10.409999767318368,0.025749921961322704,0.8487868938444242,0.8745368158057469,1.2860629246036297,0.005493633158953499,8.0
2026-09-25 03:50:00,-0.07713761,0.48200583475302006,1.0599999763071537,10.409999767318368,0.025749921961322704,0.8487868938444242,0.8745368158057469,1.2794050387523743,0.005493633158953499,8.0
2026-09-25 04:00:00,-0.07713761,0.4724090985455906,1.0599999763071537,10.409999767318368,0.025749921961322704,0.8487868938444242,0.8745368158057469,1.269808302544945,0.005493633158953499,8.0
2026-09-25 04:10:00,-0.07713761,0.4599379915874413,1.0599999763071537,10.409999767318368,0.025749921961322704,0.8487868938444242,0.8745368158057469,1.2573371955867956,0.005493633158953499,8.0
2026-09-25 04:20:00,-0.07713761,0.44467357768728116,1.0599999763071537,10.409999767318368,0.025749921961322704,0.8487868938444242,0.8745368158057469,1.2420727816866355,0.005493633158953499,8.0
2026-09-25 04:30:00,-0.07713761,0.4267140922769186,1.0599999763071537,10.409999767318368,0.025749921961322704,0.8487868938444242,0.8745368158057469,1.2241132962762729,0.005493633158953499,8.0
2026-09-25 04:40:00,-0.07713761,0.40617556309561487,1.0599999763071537,10.409999767318368,0.025749921961322704,0.8487868938444242,0.8745368158057469,1.203574767094969,0.005493633158953499,8.0
2026-09-25 04:50:00,-0.07713761,0.38319231896107014,1.0599999763071537,10.409999767318368,0.025749921961322704,0.8487868938444242,0.8745368158057469,1.1805915229604245,0.005493633158953499,8.0
2026-09-25 05:00:00,-0.07713761,0.35791724384433027,1.0599999763071537,10.409999767318368,0.025749921961322704,0.8487868938444242,0.8745368158057469,1.1553164478436846,0.005493633158953499,8.0
2026-09-25 05:10:00,-0.07713761,0.33052165234649705,1.0599999763071537,10.409999767318368,0.025749921961322704,0.8487868938444242,0.8745368158057469,1.1279208563458514,0.005493633158953499,8.0
2026-09-25 05:20:00,-0.07713761,0.30119469612294125,1.0599999763071537,10.409999767318368,0.025749921961322704,0.8487868938444242,0.8745368158057469,1.0985939001222955,0.005493633158953499,8.0
2026-09-25 05:30:00,-0.07713761,0.2701422548781699,1.0599999763071537,10.409999767318368,0.025749921961322704,0.8487868938444242,0.8745368158057469,1.0675414588775243,0.005493633158953499,8.0
2026-09-25 05:40:00,-0.07713761,0.23758531527909177,1.0599999763071537,10.409999767318368,0.025749921961322704,0.8487868938444242,0.8745368158057469,1.0349845192784461,0.005493633158953499,8.0
2026-09-25 05:50:00,-0.07713761,0.203757890928081,1.0599999763071537,10.409999767318368,0.025749921961322704,0.8487868938444242,0.8745368158057469,1.0011570949274353,0.005493633158953499,8.0
2026-09-25 06:00:00,-0.07713761,0.16890458063400923,1.029999976977706,10.349999768659472,0.025236621674098264,0.8318671316386553,0.8571037533127536,0.9488707221403702,0.005493633158953499,8.0
2026-09-25 06:10:00,-0.07713761,0.133277895704643,1.029999976977706,10.349999768659472,0.025236621674098264,0.8318671316386553,0.8571037533127536,0.9132440372110039,0.005493633158953499,8.0
2026-09-25 06:20:00,-0.07713761,0.09713550592895598,1.029999976977706,10.349999768659472,0.025236621674098264,0.8318671316386553,0.8571037533127536,0.8771016474353168,0.005493633158953499,8.0
2026-09-25 06:30:00,-0.07713761,0.0607375563542558,1.029999976977706,10.349999768659472,0.025236621674098264,0.8318671316386553,0.8571037533127536,0.8407036978606167,0.005493633158953499,8.0
2026-09-25 06:40:00,-0.07713761,0.024344192382401677,1.029999976977706,10.349999768659472,0.025236621674098264,0.8318671316386553,0.8571037533127536,0.8043103338887626,0.005493633158953499,8.0
2026-09-25 06:50:00,-0.07713761,-0.011786598971472724,1.029999976977706,10.349999768659472,0.025236621674098264,0.8318671316386553,0.8571037533127536,0.7681795425348882,0.005493633158953499,8.0
2026-09-25 07:00:00,-0.07713761,-0.04740076533945009,1.029999976977706,10.349999768659472,0.025236621674098264,0.8318671316386553,0.8571037533127536,0.7325653761669109,0.005493633158953499,8.0
2026-09-25 07:10:00,-0.07713761,-0.08224956501534479,1.029999976977706,10.349999768659472,0.025236621674098264,0.8318671316386553,0.8571037533127536,0.697716576491016,0.005493633158953499,8.0
2026-09-25 07:20:00,-0.07713761,-0.11609057484446793,1.029999976977706,10.349999768659472,0.025236621674098264,0.8318671316386553,0.8571037533127536,0.663875566661893,0.005493633158953499,8.0
2026-09-25 07:30:00,-0.07713761,-0.1486884076824763,1.029999976977706,10.349999768659472,0.025236621674098264,0.8318671316386553,0.8571037533127536,0.6312777338238846,0.005493633158953499,8.0
2026-09-25 07:40:00,-0.07713761,-0.17981525287828443,1.029999976977706,10.349999768659472,0.025236621674098264,0.8318671316386553,0.8571037533127536,0.6001508886280764,0.005493633158953499,8.0
2026-09-25 07:50:00,-0.07713761,-0.20925137508661337,1.029999976977706,10.349999768659472,0.025236621674098264,0.8318671316386553,0.8571037533127536,0.5707147664197475,0.005493633158953499,8.0
2026-09-25 08:00:00,-0.07713761,-0.2367857118148897,1.029999976977706,10.349999768659472,0.025236621674098264,0.8318671316386553,0.8571037533127536,0.5431804296914712,0.005493633158953499,8.0
2026-09-25 08:10:00,-0.07713761,-0.26221669778164225,1.029999976977706,10.349999768659472,0.025236621674098264,0.8318671316386553,0.8571037533127536,0.5177494437247186,0.005493633158953499,8.0
2026-09-25 08:20:00,-0.07713761,-0.28535341545022624,1.029999976977706,10.349999768659472,0.025236621674098264,0.8318671316386553,0.8571037533127536,0.49461272605613466,0.005493633158953499,8.0
2026-09-25 08:30:00,-0.07713761,-0.3060171291302541,1.029999976977706,10.349999768659472,0.025236621674098264,0.8318671316386553,0.8571037533127536,0.4739490123761068,0.005493633158953499,8.0
2026-09-25 08:40:00,-0.07713761,-0.3240432093067809,1.029999976977706,10.349999768659472,0.025236621674098264,0.8318671316386553,0.8571037533127536,0.45592293219958,0.005493633158953499,8.0
2026-09-25 08:50:00,-0.07713761,-0.33928339999137275,1.029999976977706,10.349999768659472,0.025236621674098264,0.8318671316386553,0.8571037533127536,0.44068274151498815,0.005493633158953499,8.0
2026-09-25 09:00:00,-0.07713761,-0.3516083308726385,0.9999999776482582,10.29999976977706,0.02474625476711878,0.8157033155135274,0.8404495702806462,0.411703627601615,0.005493633158953499,8.0
2026-09-25 09:10:00,-0.07713761,-0.3609101336431352,0.9999999776482582,10.29999976977706,0.02474625476711878,0.8157033155135274,0.8404495702806462,0.4024018248311183,0.005493633158953499,8.0
2026-09-25 09:20:00,-0.07713761,-0.36710499290541476,0.9999999776482582,10.29999976977706,0.02474625476711878,0.8157033155135274,0.8404495702806462,0.3962069655688387,0.005493633158953499,8.0
2026-09-25 09:30:00,-0.07713761,-0.37013544996872405,0.9999999776482582,10.29999976977706,0.02474625476711878,0.8157033155135274,0.8404495702806462,0.39317650850552943,0.005493633158953499,8.0
2026-09-25 09:40:00,-0.07713761,-0.3699722841436573,0.9999999776482582,10.29999976977706,0.02474625476711878,0.8157033155135274,0.8404495702806462,0.3933396743305962,0.005493633158953499,8.0
2026-09-25 09:50:00,-0.07713761,-0.36661582046244556,0.9999999776482582,10.29999976977706,0.02474625476711878,0.8157033155135274,0.8404495702806462,0.3966961380118079,0.005493633158953499,8.0
2026-09-25 10:00:00,-0.07713761,-0.3600965526616063,0.9999999776482582,10.29999976977706,0.02474625476711878,0.8157033155135274,0.8404495702806462,0.4032154058126472,0.005493633158953499,8.0
2026-09-25 10:10:00,-0.07713761,-0.35047502162645855,0.9999999776482582,10.29999976977706,0.02474625476711878,0.8157033155135274,0.8404495702806462,0.41283693684779493,0.005493633158953499,8.0
2026-09-25 10:20:00,-0.07713761,-0.3378409470598067,0.9999999776482582,10.29999976977706,0.02474625476711878,0.8157033155135274,0.8404495702806462,0.42547101141444676,0.005493633158953499,8.0
2026-09-25 10:30:00,-0.07713761,-0.32231166771665015,0.9999999776482582,10.29999976977706,0.02474625476711878,0.8157033155135274,0.8404495702806462,0.44100029075760333,0.005493633158953499,8.0
2026-09-25 10:40:00,-0.07713761,-0.30402999727780844,0.9999999776482582,10.29999976977706,0.02474625476711878,0.8157033155135274,0.8404495702806462,0.45928196119644504,0.005493633158953499,8.0
2026-09-25 10:50:00,-0.07713761,-0.2831616433459617,0.9999999776482582,10.29999976977706,0.02474625476711878,0.8157033155135274,0.8404495702806462,0.48015031512829176,0.005493633158953499,8.0
2026-09-25 11:00:00,-0.07713761,-0.2598923620665262,0.9999999776482582,10.29999976977706,0.02474625476711878,0.8157033155135274,0.8404495702806462,0.5034195964077273,0.005493633158953499,8.0
2026-09-25 11:10:00,-0.07713761,-0.23442502805252974,0.9999999776482582,10.29999976977706,0.02474625476711878,0.8157033155135274,0.8404495702806462,0.5288869304217237,0.005493633158953499,8.0
2026-09-25 11:20:00,-0.07713761,-0.20697678829015953,0.9999999776482582,10.29999976977706,0.02474625476711878,0.8157033155135274,0.8404495702806462,0.556335170184094,0.005493633158953499,8.0
2026-09-25 11:30:00,-0.07713761,-0.17777644089208042,0.9999999776482582,10.29999976977706,0.02474625476711878,0.8157033155135274,0.8404495702806462,0.585535517582173,0.005493633158953499,8.0
2026-09-25 11:40:00,-0.07713761,-0.14706213842566193,0.9999999776482582,10.29999976977706,0.02474625476711878,0.8157033155135274,0.8404495702806462,0.6162498200485915,0.005493633158953499,8.0
2026-09-25 11:50:00,-0.07713761,-0.1150794659205282,0.9999999776482582,10.29999976977706,0.02474625476711878,0.8157033155135274,0.8404495702806462,0.6482324925537253,0.005493633158953499,8.0
2026-09-25 12:00:00,-0.07713761,-0.08207989105910787,0.979999978095293,10.169999772682786,0.024188350094294847,0.7973132724283953,0.8215016225226902,0.6622841196571897,0.005493633158953499,8.0
2026-09-25 12:10:00,-0.07713761,-0.04831953463522243,0.979999978095293,10.169999772682786,0.024188350094294847,0.7973132724283953,0.8215016225226902,0.6960444760810751,0.005493633158953499,8.0
2026-09-25 12:20:00,-0.07713761,-0.01405816850915695,0.979999978095293,10.169999772682786,0.024188350094294847,0.7973132724283953,0.8215016225226902,0.7303058422071406,0.005493633158953499,8.0
2026-09-25 12:30:00,-0.07713761,0.020441679464539612,0.979999978095293,10.169999772682786,0.024188350094294847,0.7973132724283953,0.8215016225226902,0.7648056901808371,0.005493633158953499,8.0
2026-09-25 12:40:00,-0.07713761,0.05491564572888973,0.979999978095293,10.169999772682786,0.024188350094294847,0.7973132724283953,0.8215016225226902,0.7992796564451873,0.005493633158953499,8.0
2026-09-25 12:50:00,-0.07713761,0.08909860318225303,0.979999978095293,10.169999772682786,0.024188350094294847,0.7973132724283953,0.8215016225226902,0.8334626138985506,0.005493633158953499,8.0
2026-09-25 13:00:00,-0.07713761,0.12272598997122426,0.979999978095293,10.169999772682786,0.024188350094294847,0.7973132724283953,0.8215016225226902,0.8670900006875218,0.005493633158953499,8.0
2026-09-25 13:10:00,-0.07713761,0.1555354642068061,0.979999978095293,10.169999772682786,0.024188350094294847,0.7973132724283953,0.8215016225226902,0.8998994749231036,0.005493633158953499,8.0
2026-09-25 13:20:00,-0.07713761,0.18726890893541803,0.979999978095293,10.169999772682786,0.024188350094294847,0.7973132724283953,0.8215016225226902,0.9316329196517156,0.005493633158953499,8.0
2026-09-25 13:30:00,-0.07713761,0.21767476277189957,0.979999978095293,10.169999772682786,0.024188350094294847,0.7973132724283953,0.8215016225226902,0.9620387734881971,0.005493633158953499,8.0
2026-09-25 13:40:00,-0.07713761,0.24651060426157795,0.979999978095293,10.169999772682786,0.024188350094294847,0.7973132724283953,0.8215016225226902,0.9908746149778755,0.005493633158953499,8.0
2026-09-25 13:50:00,-0.07713761,0.2735458779535157,0.979999978095293,10.169999772682786,0.024188350094294847,0.7973132724283953,0.8215016225226902,1.0179098886698132,0.005493633158953499,8.0
2026-09-25 14:00:00,-0.07713761,0.2985646220295243,0.979999978095293,10.169999772682786,0.024188350094294847,0.7973132724283953,0.8215016225226902,1.0429286327458218,0.005493633158953499,8.0
2026-09-25 14:10:00,-0.07713761,0.3213680444071782,0.979999978095293,10.169999772682786,0.024188350094294847,0.7973132724283953,0.8215016225226902,1.0657320551234757,0.005493633158953499,8.0
2026-09-25 14:20:00,-0.07713761,0.3417767982001505,0.979999978095293,10.169999772682786,0.024188350094294847,0.7973132724283953,0.8215016225226902,1.086140808916448,0.005493633158953499,8.0
2026-09-25 14:30:00,-0.07713761,0.3596328278679429,0.979999978095293,10.169999772682786,0.024188350094294847,0.7973132724283953,0.8215016225226902,1.1039968385842405,0.005493633158953499,8.0
2026-09-25 14:40:00,-0.07713761,0.37480069213933076,0.979999978095293,10.169999772682786,0.024188350094294847,0.7973132724283953,0.8215016225226902,1.1191647028556284,0.005493633158953499,8.0
2026-09-25 14:50:00,-0.07713761,0.3871683149512925,0.979999978095293,10.169999772682786,0.024188350094294847,0.7973132724283953,0.8215016225226902,1.13153232566759,0.005493633158953499,8.0
2026-09-25 15:00:00,-0.07713761,0.3966471662096013,0.9599999785423279,10.129999773576856,0.023846097587678992,0.7860317065099711,0.8098778040976501,1.1293873585008587,0.005493633158953499,8.0
2026-09-25 15:10:00,-0.07713761,0.40317192443795885,0.9599999785423279,10.129999773576856,0.023846097587678992,0.7860317065099711,0.8098778040976501,1.1359121167292163,0.005493633158953499,8.0
2026-09-25 15:20:00,-0.07713761,0.40669971773763236,0.9599999785423279,10.129999773576856,0.023846097587678992,0.7860317065099711,0.8098778040976501,1.13943991002889,0.005493633158953499,8.0
2026-09-25 15:30:00,-0.07713761,0.4072090729342453,0.9599999785423279,10.129999773576856,0.023846097587678992,0.7860317065099711,0.8098778040976501,1.1399492652255028,0.005493633158953499,8.0
2026-09-25 15:40:00,-0.07713761,0.40469872160666526,0.9599999785423279,10.129999773576856,0.023846097587678992,0.7860317065099711,0.8098778040976501,1.1374389138979226,0.005493633158953499,8.0
2026-09-25 15:50:00,-0.07713761,0.39918641379682107,0.9599999785423279,10.129999773576856,0.023846097587678992,0.7860317065099711,0.8098778040976501,1.1319266060880784,0.005493633158953499,8.0
2026-09-25 16:00:00,-0.07713761,0.39070787539216134,0.9599999785423279,10.129999773576856,0.023846097587678992,0.7860317065099711,0.8098778040976501,1.1234480676834186,0.005493633158953499,8.0
2026-09-25 16:10:00,-0.07713761,0.3793160151427594,0.9599999785423279,10.129999773576856,0.023846097587678992,0.7860317065099711,0.8098778040976501,1.1120562074340168,0.005493633158953499,8.0
2026-09-25 16:20:00,-0.07713761,0.3650804455410414,0.9599999785423279,10.129999773576856,0.023846097587678992,0.7860317065099711,0.8098778040976501,1.0978206378322988,0.005493633158953499,8.0
2026-09-25 16:30:00,-0.07713761,0.34808733301701095,0.9599999785423279,10.129999773576856,0.023846097587678992,0.7860317065099711,0.8098778040976501,1.0808275253082684,0.005493633158953499,8.0
2026-09-25 16:40:00,-0.07713761,0.32843954272664866,0.9599999785423279,10.129999773576856,0.023846097587678992,0.7860317065099711,0.8098778040976501,1.0611797350179062,0.005493633158953499,8.0
2026-09-25 16:50:00,-0.07713761,0.3062569973613773,0.9599999785423279,10.129999773576856,0.023846097587678992,0.7860317065099711,0.8098778040976501,1.0389971896526347,0.005493633158953499,8.0
2026-09-25 17:00:00,-0.07713761,0.2816771330113586,0.9599999785423279,10.129999773576856,0.023846097587678992,0.7860317065099711,0.8098778040976501,1.014417325302616,0.005493633158953499,8.0
2026-09-25 17:10:00,-0.07713761,0.2548553124481464,0.9599999785423279,10.129999773576856,0.023846097587678992,0.7860317065099711,0.8098778040976501,0.9875955047394038,0.005493633158953499,8.0
2026-09-25 17:20:00,-0.07713761,0.22596504978684004,0.9599999785423279,10.129999773576856,0.023846097587678992,0.7860317065099711,0.8098778040976501,0.9587052420780975,0.005493633158953499,8.0
2026-09-25 17:30:00,-0.07713761,0.19519791111242593,0.9599999785423279,10.129999773576856,0.023846097587678992,0.7860317065099711,0.8098778040976501,0.9279381034036833,0.005493633158953499,8.0
2026-09-25 17:40:00,-0.07713761,0.16276298206927498,0.9599999785423279,10.129999773576856,0.023846097587678992,0.7860317065099711,0.8098778040976501,0.8955031743605324,0.005493633158953499,8.0
2026-09-25 17:50:00,-0.07713761,0.12888583279063562,0.9599999785423279,10.129999773576856,0.023846097587678992,0.7860317065099711,0.8098778040976501,0.861626025081893,0.005493633158953499,8.0
2026-09-25 18:00:00,-0.07713761,0.09380695821973029,0.9699999783188105,10.059999775141478,0.023804337708188548,0.7846551882256342,0.8084595259338228,0.8251288723471604,0.005493633158953499,8.0
2026-09-25 18:10:00,-0.07713761,0.05777972265757614,0.9699999783188105,10.059999775141478,0.023804337708188548,0.7846551882256342,0.8084595259338228,0.7891016367850062,0.005493633158953499,8.0
2026-09-25 18:20:00,-0.07713761,0.02106788540469861,0.9699999783188105,10.059999775141478,0.023804337708188548,0.7846551882256342,0.8084595259338228,0.7523897995321287,0.005493633158953499,8.0
2026-09-25 18:30:00,-0.07713761,-0.0160571758377746,0.9699999783188105,10.059999775141478,0.023804337708188548,0.7846551882256342,0.8084595259338228,0.7152647382896555,0.005493633158953499,8.0
2026-09-25 18:40:00,-0.07713761,-0.05331939989458458,0.9699999783188105,10.059999775141478,0.023804337708188548,0.7846551882256342,0.8084595259338228,0.6780025142328455,0.005493633158953499,8.0
2026-09-25 18:50:00,-0.07713761,-0.09044098012017751,0.9699999783188105,10.059999775141478,0.023804337708188548,0.7846551882256342,0.8084595259338228,0.6408809340072525,0.005493633158953499,8.0
2026-09-25 19:00:00,-0.07713761,-0.1271451557699565,0.9699999783188105,10.059999775141478,0.023804337708188548,0.7846551882256342,0.8084595259338228,0.6041767583574735,0.005493633158953499,8.0
2026-09-25 19:10:00,-0.07713761,-0.163158729076067,0.9699999783188105,10.059999775141478,0.023804337708188548,0.7846551882256342,0.8084595259338228,0.5681631850513631,0.005493633158953499,8.0
2026-09-25 19:20:00,-0.07713761,-0.19821421613860593,0.9699999783188105,10.059999775141478,0.023804337708188548,0.7846551882256342,0.8084595259338228,0.5331076979888242,0.005493633158953499,8.0
2026-09-25 19:30:00,-0.07713761,-0.23205158528922032,0.9699999783188105,10.059999775141478,0.023804337708188548,0.7846551882256342,0.8084595259338228,0.49927032883820976,0.005493633158953499,8.0
2026-09-25 19:40:00,-0.07713761,-0.2644195865769234,0.9699999783188105,10.059999775141478,0.023804337708188548,0.7846551882256342,0.8084595259338228,0.4669023275505067,0.005493633158953499,8.0
2026-09-25 19:50:00,-0.07713761,-0.2950767246667879,0.9699999783188105,10.059999775141478,0.023804337708188548,0.7846551882256342,0.8084595259338228,0.43624518946064217,0.005493633158953499,8.0
2026-09-25 20:00:00,-0.07713761,-0.32379196917868724,0.9699999783188105,10.059999775141478,0.023804337708188548,0.7846551882256342,0.8084595259338228,0.40752994494874284,0.005493633158953499,8.0
2026-09-25 20:10:00,-0.07713761,-0.35034532625425985,0.9699999783188105,10.059999775141478,0.023804337708188548,0.7846551882256342,0.8084595259338228,0.38097658787317024,0.005493633158953499,8.0
2026-09-25 20:20:00,-0.07713761,-0.37452840958000805,0.9699999783188105,10.059999775141478,0.023804337708188548,0.7846551882256342,0.8084595259338228,0.35679350454742204,0.005493633158953499,8.0
2026-09-25 20:30:00,-0.07713761,-0.3961451461591738,0.9699999783188105,10.059999775141478,0.023804337708188548,0.7846551882256342,0.8084595259338228,0.3351767679682563,0.005493633158953499,8.0
2026-09-25 20:40:00,-0.07713761,-0.4150127321364485,0.9699999783188105,10.059999775141478,0.023804337708188548,0.7846551882256342,0.8084595259338228,0.31630918199098157,0.005493633158953499,8.0
2026-09-25 20:50:00,-0.07713761,-0.4309629188456664,0.9699999783188105,10.059999775141478,0.023804337708188548,0.7846551882256342,0.8084595259338228,0.3003589952817637,0.005493633158953499,8.0
2026-09-25 21:00:00,-0.07713761,-0.4438436629104416,0.979999978095293,9.9899997767061,0.023760237703245382,0.7832015330933795,0.8069617707966249,0.2859804960797906,0.005493633158953499,8.0
2026-09-25 21:10:00,-0.07713761,-0.4535211216912085,0.979999978095293,9.9899997767061,0.023760237703245382,0.7832015330933795,0.8069617707966249,0.2763030372990237,0.005493633158953499,8.0
2026-09-25 21:20:00,-0.07713761,-0.45988192256736765,0.979999978095293,9.9899997767061,0.023760237703245382,0.7832015330933795,0.8069617707966249,0.26994223642286463,0.005493633158953499,8.0
2026-09-25 21:30:00,-0.07713761,-0.46283558739606745,0.979999978095293,9.9899997767061,0.023760237703245382,0.7832015330933795,0.8069617707966249,0.2669885715941648,0.005493633158953499,8.0
2026-09-25 21:40:00,-0.07713761,-0.46231695737877265,0.979999978095293,9.9899997767061,0.023760237703245382,0.7832015330933795,0.8069617707966249,0.2675072016114596,0.005493633158953499,8.0
2026-09-25 21:50:00,-0.07713761,-0.4582884427138522,0.979999978095293,9.9899997767061,0.023760237703245382,0.7832015330933795,0.8069617707966249,0.27153571627637996,0.005493633158953499,8.0
2026-09-25 22:00:00,-0.07713761,-0.4507419183641853,0.979999978095293,9.9899997767061,0.023760237703245382,0.7832015330933795,0.8069617707966249,0.2790822406260469,0.005493633158953499,8.0
2026-09-25 22:10:00,-0.07713761,-0.43970010265921283,0.979999978095293,9.9899997767061,0.023760237703245382,0.7832015330933795,0.8069617707966249,0.29012405633101934,0.005493633158953499,8.0
2026-09-25 22:20:00,-0.07713761,-0.4252172878503601,0.979999978095293,9.9899997767061,0.023760237703245382,0.7832015330933795,0.8069617707966249,0.30460687113987206,0.005493633158953499,8.0
2026-09-25 22:30:00,-0.07713761,-0.4073793379381156,0.979999978095293,9.9899997767061,0.023760237703245382,0.7832015330933795,0.8069617707966249,0.32244482105211664,0.005493633158953499,8.0
2026-09-25 22:40:00,-0.07713761,-0.3863029242518876,0.979999978095293,9.9899997767061,0.023760237703245382,0.7832015330933795,0.8069617707966249,0.3435212347383446,0.005493633158953499,8.0
2026-09-25 22:50:00,-0.07713761,-0.36213402769946035,0.979999978095293,9.9899997767061,0.023760237703245382,0.7832015330933795,0.8069617707966249,0.3676901312907719,0.005493633158953499,8.0
2026-09-25 23:00:00,-0.07713761,-0.33504579211083313,0.979999978095293,9.9899997767061,0.023760237703245382,0.7832015330933795,0.8069617707966249,0.3947783668793991,0.005493633158953499,8.0
2026-09-25 23:10:00,-0.07713761,-0.3052358600188167,0.979999978095293,9.9899997767061,0.023760237703245382,0.7832015330933795,0.8069617707966249,0.42458829897141553,0.005493633158953499,8.0
2026-09-25 23:20:00,-0.07713761,-0.2729233555492133,0.979999978095293,9.9899997767061,0.023760237703245382,0.7832015330933795,0.8069617707966249,0.4569008034410189,0.005493633158953499,8.0
2026-09-25 23:30:00,-0.07713761,-0.23834569568392616,0.979999978095293,9.9899997767061,0.023760237703245382,0.7832015330933795,0.8069617707966249,0.49147846330630607,0.005493633158953499,8.0
2026-09-25 23:40:00,-0.07713761,-0.20175540931179378,0.979999978095293,9.9899997767061,0.023760237703245382,0.7832015330933795,0.8069617707966249,0.5280687496784384,0.005493633158953499,8.0
2026-09-25 23:50:00,-0.07713761,-0.1634171239303293,0.979999978095293,9.9899997767061,0.023760237703245382,0.7832015330933795,0.8069617707966249,0.5664070350599029,0.005493633158953499,8.0
2026-09-26 00:00:00,-0.038951404,-0.1236048448418722,0.9599999785423279,10.009999776259065,0.023563616668575194,0.7767203733627652,0.8002839900313404,0.637727740796749,0.005493633158953499,8.0
2026-09-26 00:10:00,-0.038951404,-0.08259960550562136,0.9599999785423279,10.009999776259065,0.023563616668575194,0.7767203733627652,0.8002839900313404,0.6787329801329998,0.005493633158953499,8.0
2026-09-26 00:20:00,-0.038951404,-0.040687515576178196,0.9599999785423279,10.009999776259065,0.023563616668575194,0.7767203733627652,0.8002839900313404,0.7206450700624429,0.005493633158953499,8.0
2026-09-26 00:30:00,-0.038951404,0.0018418190658273676,0.9599999785423279,10.009999776259065,0.023563616668575194,0.7767203733627652,0.8002839900313404,0.7631744047044485,0.005493633158953499,8.0
2026-09-26 00:40:00,-0.038951404,0.044696576270078316,0.9599999785423279,10.009999776259065,0.023563616668575194,0.7767203733627652,0.8002839900313404,0.8060291619086994,0.005493633158953499,8.0
2026-09-26 00:50:00,-0.038951404,0.08758380507925899,0.9599999785423279,10.009999776259065,0.023563616668575194,0.7767203733627652,0.8002839900313404,0.8489163907178802,0.005493633158953499,8.0
2026-09-26 01:00:00,-0.038951404,0.1302104487889468,0.9599999785423279,10.009999776259065,0.023563616668575194,0.7767203733627652,0.8002839900313404,0.891543034427568,0.005493633158953499,8.0
2026-09-26 01:10:00,-0.038951404,0.17228443560017748,0.9599999785423279,10.009999776259065,0.023563616668575194,0.7767203733627652,0.8002839900313404,0.9336170212387986,0.005493633158953499,8.0
2026-09-26 01:20:00,-0.038951404,0.21351595550717292,0.9599999785423279,10.009999776259065,0.023563616668575194,0.7767203733627652,0.8002839900313404,0.9748485411457941,0.005493633158953499,8.0
2026-09-26 01:30:00,-0.038951404,0.25361901353703753,0.9599999785423279,10.009999776259065,0.023563616668575194,0.7767203733627652,0.8002839900313404,1.0149515991756588,0.005493633158953499,8.0
2026-09-26 01:40:00,-0.038951404,0.29231330901637925,0.9599999785423279,10.009999776259065,0.023563616668575194,0.7767203733627652,0.8002839900313404,1.0536458946550005,0.005493633158953499,8.0
2026-09-26 01:50:00,-0.038951404,0.3293264431300866,0.9599999785423279,10.009999776259065,0.023563616668575194,0.7767203733627652,0.8002839900313404,1.0906590287687077,0.005493633158953499,8.0
2026-09-26 02:00:00,-0.038951404,0.3643964082535873,0.9599999785423279,10.009999776259065,0.023563616668575194,0.7767203733627652,0.8002839900313404,1.1257289938922086,0.005493633158953499,8.0
2026-09-26 02:10:00,-0.038951404,0.39727426800870497,0.9599999785423279,10.009999776259065,0.023563616668575194,0.7767203733627652,0.8002839900313404,1.1586068536473262,0.005493633158953499,8.0
2026-09-26 02:20:00,-0.038951404,0.42772690211529807,0.9599999785423279,10.009999776259065,0.023563616668575194,0.7767203733627652,0.8002839900313404,1.1890594877539193,0.005493633158953499,8.0
2026-09-26 02:30:00,-0.038951404,0.4555396688078716,0.9599999785423279,10.009999776259065,0.023563616668575194,0.7767203733627652,0.8002839900313404,1.2168722544464927,0.005493633158953499,8.0
2026-09-26 02:40:00,-0.038951404,0.48051883257157635,0.9599999785423279,10.009999776259065,0.023563616668575194,0.7767203733627652,0.8002839900313404,1.2418514182101976,0.005493633158953499,8.0
2026-09-26 02:50:00,-0.038951404,0.5024936167745547,0.9599999785423279,10.009999776259065,0.023563616668575194,0.7767203733627652,0.8002839900313404,1.263826202413176,0.005493633158953499,8.0
2026-09-26 03:00:00,-0.038951404,0.5213177682812153,0.9399999789893627,9.9899997767061,0.023270283273839506,0.7670513133418254,0.7903215966156649,1.272687960504161,0.005493633158953499,8.0
2026-09-26 03:10:00,-0.038951404,0.5368705612215332,0.9399999789893627,9.9899997767061,0.023270283273839506,0.7670513133418254,0.7903215966156649,1.2882407534444789,0.005493633158953499,8.0
2026-09-26 03:20:00,-0.038951404,0.5490572153230125,0.9399999789893627,9.9899997767061,0.023270283273839506,0.7670513133418254,0.7903215966156649,1.3004274075459583,0.005493633158953499,8.0
2026-09-26 03:30:00,-0.038951404,0.5578087551563198,0.9399999789893627,9.9899997767061,0.023270283273839506,0.7670513133418254,0.7903215966156649,1.3091789473792654,0.005493633158953499,8.0
2026-09-26 03:40:00,-0.038951404,0.5630813845840852,0.9399999789893627,9.9899997767061,0.023270283273839506,0.7670513133418254,0.7903215966156649,1.3144515768070308,0.005493633158953499,8.0
2026-09-26 03:50:00,-0.038951404,0.5648554902426114,0.9399999789893627,9.9899997767061,0.023270283273839506,0.7670513133418254,0.7903215966156649,1.3162256824655572,0.005493633158953499,8.0
2026-09-26 04:00:00,-0.038951404,0.5631344146000643,0.9399999789893627,9.9899997767061,0.023270283273839506,0.7670513133418254,0.7903215966156649,1.31450460682301,0.005493633158953499,8.0
2026-09-26 04:10:00,-0.038951404,0.5579431499972686,0.9399999789893627,9.9899997767061,0.023270283273839506,0.7670513133418254,0.7903215966156649,1.3093133422202143,0.005493633158953499,8.0
2026-09-26 04:20:00,-0.038951404,0.5493270989639712,0.9399999789893627,9.9899997767061,0.023270283273839506,0.7670513133418254,0.7903215966156649,1.3006972911869168,0.005493633158953499,8.0
2026-09-26 04:30:00,-0.038951404,0.537351023651314,0.9399999789893627,9.9899997767061,0.023270283273839506,0.7670513133418254,0.7903215966156649,1.2887212158742596,0.005493633158953499,8.0
2026-09-26 04:40:00,-0.038951404,0.5220982711052251,0.9399999789893627,9.9899997767061,0.023270283273839506,0.7670513133418254,0.7903215966156649,1.2734684633281708,0.005493633158953499,8.0
2026-09-26 04:50:00,-0.038951404,0.5036703154134995,0.9399999789893627,9.9899997767061,0.023270283273839506,0.7670513133418254,0.7903215966156649,1.255040507636445,0.005493633158953499,8.0
2026-09-26 05:00:00,-0.038951404,0.48218660767245836,0.9399999789893627,9.9899997767061,0.023270283273839506,0.7670513133418254,0.7903215966156649,1.233556799895404,0.005493633158953499,8.0
2026-09-26 05:10:00,-0.038951404,0.45778467609592555,0.9399999789893627,9.9899997767061,0.023270283273839506,0.7670513133418254,0.7903215966156649,1.2091548683188713,0.005493633158953499,8.0
2026-09-26 05:20:00,-0.038951404,0.430620376747768,0.9399999789893627,9.9899997767061,0.023270283273839506,0.7670513133418254,0.7903215966156649,1.1819905689707135,0.005493633158953499,8.0
2026-09-26 05:30:00,-0.038951404,0.4008681654570237,0.9399999789893627,9.9899997767061,0.023270283273839506,0.7670513133418254,0.7903215966156649,1.1522383576799693,0.005493633158953499,8.0
2026-09-26 05:40:00,-0.038951404,0.36872124645717796,0.9399999789893627,9.9899997767061,0.023270283273839506,0.7670513133418254,0.7903215966156649,1.1200914386801237,0.005493633158953499,8.0
2026-09-26 05:50:00,-0.038951404,0.3343914554332203,0.9399999789893627,9.9899997767061,0.023270283273839506,0.7670513133418254,0.7903215966156649,1.085761647656166,0.005493633158953499,8.0
2026-09-26 06:00:00,-0.038951404,0.2981087533054294,0.909999979659915,10.099999774247408,0.02314804537447731,0.7630220224156024,0.7861700677900797,1.04532741670279,0.005493633158953499,8.0
2026-09-26 06:10:00,-0.038951404,0.26012024050578975,0.909999979659915,10.099999774247408,0.02314804537447731,0.7630220224156024,0.7861700677900797,1.0073389039031502,0.005493633158953499,8.0
2026-09-26 06:20:00,-0.038951404,0.22068864575243083,0.909999979659915,10.099999774247408,0.02314804537447731,0.7630220224156024,0.7861700677900797,0.9679073091497913,0.005493633158953499,8.0
2026-09-26 06:30:00,-0.038951404,0.18009029350704006,0.909999979659915,10.099999774247408,0.02314804537447731,0.7630220224156024,0.7861700677900797,0.9273089569044005,0.005493633158953499,8.0
2026-09-26 06:40:00,-0.038951404,0.13861260479169205,0.909999979659915,10.099999774247408,0.02314804537447731,0.7630220224156024,0.7861700677900797,0.8858312681890524,0.005493633158953499,8.0
2026-09-26 06:50:00,-0.038951404,0.0965512309653885,0.909999979659915,10.099999774247408,0.02314804537447731,0.7630220224156024,0.7861700677900797,0.843769894362749,0.005493633158953499,8.0
2026-09-26 07:00:00,-0.038951404,0.05420695470785104,0.909999979659915,10.099999774247408,0.02314804537447731,0.7630220224156024,0.7861700677900797,0.8014256181052115,0.005493633158953499,8.0
2026-09-26 07:10:00,-0.038951404,0.011882512406922445,0.909999979659915,10.099999774247408,0.02314804537447731,0.7630220224156024,0.7861700677900797,0.7591011758042828,0.005493633158953499,8.0
2026-09-26 07:20:00,-0.038951404,-0.03012050426992717,0.909999979659915,10.099999774247408,0.02314804537447731,0.7630220224156024,0.7861700677900797,0.7170981591274332,0.005493633158953499,8.0
2026-09-26 07:30:00,-0.038951404,-0.07150452349888735,0.909999979659915,10.099999774247408,0.02314804537447731,0.7630220224156024,0.7861700677900797,0.6757141398984731,0.005493633158953499,8.0
2026-09-26 07:40:00,-0.038951404,-0.1119785299743788,0.909999979659915,10.099999774247408,0.02314804537447731,0.7630220224156024,0.7861700677900797,0.6352401334229816,0.005493633158953499,8.0
2026-09-26 07:50:00,-0.038951404,-0.15126018911900196,0.909999979659915,10.099999774247408,0.02314804537447731,0.7630220224156024,0.7861700677900797,0.5959584742783585,0.005493633158953499,8.0
2026-09-26 08:00:00,-0.038951404,-0.1890775333596428,0.909999979659915,10.099999774247408,0.02314804537447731,0.7630220224156024,0.7861700677900797,0.5581411300377176,0.005493633158953499,8.0
2026-09-26 08:10:00,-0.038951404,-0.22517023525396998,0.909999979659915,10.099999774247408,0.02314804537447731,0.7630220224156024,0.7861700677900797,0.5220484281433905,0.005493633158953499,8.0
2026-09-26 08:20:00,-0.038951404,-0.259290538631633,0.909999979659915,10.099999774247408,0.02314804537447731,0.7630220224156024,0.7861700677900797,0.48792812476572744,0.005493633158953499,8.0
2026-09-26 08:30:00,-0.038951404,-0.291203955735212,0.909999979659915,10.099999774247408,0.02314804537447731,0.7630220224156024,0.7861700677900797,0.4560147076621484,0.005493633158953499,8.0
2026-09-26 08:40:00,-0.038951404,-0.3206898616658727,0.909999979659915,10.099999774247408,0.02314804537447731,0.7630220224156024,0.7861700677900797,0.4265288017314877,0.005493633158953499,8.0
2026-09-26 08:50:00,-0.038951404,-0.34754212403342793,0.909999979659915,10.099999774247408,0.02314804537447731,0.7630220224156024,0.7861700677900797,0.3996765393639325,0.005493633158953499,8.0
2026-09-26 09:00:00,-0.038951404,-0.37156989507985544,0.8999999798834324,10.209999771788716,0.023271225356497796,0.7670823669277149,0.7903535922842128,0.37983229281163805,0.005493633158953499,8.0
2026-09-26 09:10:00,-0.038951404,-0.3925986664114143,0.8999999798834324,10.209999771788716,0.023271225356497796,0.7670823669277149,0.7903535922842128,0.3588035214800792,0.005493633158953499,8.0
2026-09-26 09:20:00,-0.038951404,-0.41047164596136465,0.8999999798834324,10.209999771788716,0.023271225356497796,0.7670823669277149,0.7903535922842128,0.34093054193012884,0.005493633158953499,8.0
2026-09-26 09:30:00,-0.038951404,-0.42505146732961396,0.8999999798834324,10.209999771788716,0.023271225356497796,0.7670823669277149,0.7903535922842128,0.3263507205618795,0.005493633158953499,8.0
2026-09-26 09:40:00,-0.038951404,-0.4362221887278325,0.8999999798834324,10.209999771788716,0.023271225356497796,0.7670823669277149,0.7903535922842128,0.31517999916366096,0.005493633158953499,8.0
2026-09-26 09:50:00,-0.038951404,-0.4438914883949109,0.8999999798834324,10.209999771788716,0.023271225356497796,0.7670823669277149,0.7903535922842128,0.3075106994965826,0.005493633158953499,8.0
2026-09-26 10:00:00,-0.038951404,-0.44799292131889706,0.8999999798834324,10.209999771788716,0.023271225356497796,0.7670823669277149,0.7903535922842128,0.3034092665725964,0.005493633158953499,8.0
2026-09-26 10:10:00,-0.038951404,-0.44848807318447975,0.8999999798834324,10.209999771788716,0.023271225356497796,0.7670823669277149,0.7903535922842128,0.30291411470701374,0.005493633158953499,8.0
2026-09-26 10:20:00,-0.038951404,-0.44536843529969034,0.8999999798834324,10.209999771788716,0.023271225356497796,0.7670823669277149,0.7903535922842128,0.30603375259180315,0.005493633158953499,8.0
2026-09-26 10:30:00,-0.038951404,-0.43865683026013325,0.8999999798834324,10.209999771788716,0.023271225356497796,0.7670823669277149,0.7903535922842128,0.31274535763136024,0.005493633158953499,8.0
2026-09-26 10:40:00,-0.038951404,-0.4284082421594701,0.8999999798834324,10.209999771788716,0.023271225356497796,0.7670823669277149,0.7903535922842128,0.3229939457320234,0.005493633158953499,8.0
2026-09-26 10:50:00,-0.038951404,-0.4147099447787311,0.8999999798834324,10.209999771788716,0.023271225356497796,0.7670823669277149,0.7903535922842128,0.3366922431127624,0.005493633158953499,8.0
2026-09-26 11:00:00,-0.038951404,-0.39768087235973354,0.8999999798834324,10.209999771788716,0.023271225356497796,0.7670823669277149,0.7903535922842128,0.35372131553175995,0.005493633158953499,8.0
2026-09-26 11:10:00,-0.038951404,-0.37747023509494443,0.8999999798834324,10.209999771788716,0.023271225356497796,0.7670823669277149,0.7903535922842128,0.37393195279654906,0.005493633158953499,8.0
2026-09-26 11:20:00,-0.038951404,-0.3542554390825906,0.8999999798834324,10.209999771788716,0.023271225356497796,0.7670823669277149,0.7903535922842128,0.3971467488089029,0.005493633158953499,8.0
2026-09-26 11:30:00,-0.038951404,-0.32823942256337135,0.8999999798834324,10.209999771788716,0.023271225356497796,0.7670823669277149,0.7903535922842128,0.42316276532812214,0.005493633158953499,8.0
2026-09-26 11:40:00,-0.038951404,-0.29964756080757093,0.8999999798834324,10.209999771788716,0.023271225356497796,0.7670823669277149,0.7903535922842128,0.45175462708392256,0.005493633158953499,8.0
2026-09-26 11:50:00,-0.038951404,-0.2687243175751956,0.8999999798834324,10.209999771788716,0.023271225356497796,0.7670823669277149,0.7903535922842128,0.4826778703162979,0.005493633158953499,8.0
2026-09-26 12:00:00,-0.038951404,-0.23572982844102597,0.8899999801069498,10.349999768659472,0.02345889806618802,0.7732685657269422,0.7967274637931303,0.5220462309593851,0.005493633158953499,8.0
2026-09-26 12:10:00,-0.038951404,-0.20093659049177112,0.8899999801069498,10.349999768659472,0.02345889806618802,0.7732685657269422,0.7967274637931303,0.5568394689086399,0.005493633158953499,8.0
2026-09-26 12:20:00,-0.038951404,-0.1646264051204014,0.8899999801069498,10.349999768659472,0.02345889806618802,0.7732685657269422,0.7967274637931303,0.5931496542800097,0.005493633158953499,8.0
2026-09-26 12:30:00,-0.038951404,-0.12708767921505626,0.8899999801069498,10.349999768659472,0.02345889806618802,0.7732685657269422,0.7967274637931303,0.6306883801853548,0.005493633158953499,8.0
2026-09-26 12:40:00,-0.038951404,-0.08861313992168299,0.8899999801069498,10.349999768659472,0.02345889806618802,0.7732685657269422,0.7967274637931303,0.6691629194787281,0.005493633158953499,8.0
2026-09-26 12:50:00,-0.038951404,-0.04949796465529856,0.8899999801069498,10.349999768659472,0.02345889806618802,0.7732685657269422,0.7967274637931303,0.7082780947451125,0.005493633158953499,8.0
2026-09-26 13:00:00,-0.038951404,-0.010038277677049958,0.8899999801069498,10.349999768659472,0.02345889806618802,0.7732685657269422,0.7967274637931303,0.747737781723361,0.005493633158953499,8.0
2026-09-26 13:10:00,-0.038951404,0.0294700778421527,0.8899999801069498,10.349999768659472,0.02345889806618802,0.7732685657269422,0.7967274637931303,0.7872461372425638,0.005493633158953499,8.0
2026-09-26 13:20:00,-0.038951404,0.0687326122590523,0.8899999801069498,10.349999768659472,0.02345889806618802,0.7732685657269422,0.7967274637931303,0.8265086716594634,0.005493633158953499,8.0
2026-09-26 13:30:00,-0.038951404,0.10745723977486359,0.8899999801069498,10.349999768659472,0.02345889806618802,0.7732685657269422,0.7967274637931303,0.8652332991752746,0.005493633158953499,8.0
2026-09-26 13:40:00,-0.038951404,0.14535543565198009,0.8899999801069498,10.349999768659472,0.02345889806618802,0.7732685657269422,0.7967274637931303,0.9031314950523911,0.005493633158953499,8.0
2026-09-26 13:50:00,-0.038951404,0.1821436088227173,0.8899999801069498,10.349999768659472,0.02345889806618802,0.7732685657269422,0.7967274637931303,0.9399196682231283,0.005493633158953499,8.0
2026-09-26 14:00:00,-0.038951404,0.21754476376725085,0.8899999801069498,10.349999768659472,0.02345889806618802,0.7732685657269422,0.7967274637931303,0.9753208231676619,0.005493633158953499,8.0
2026-09-26 14:10:00,-0.038951404,0.2512904812005466,0.8899999801069498,10.349999768659472,0.02345889806618802,0.7732685657269422,0.7967274637931303,1.0090665406009576,0.005493633158953499,8.0
2026-09-26 14:20:00,-0.038951404,0.28312319843973965,0.8899999801069498,10.349999768659472,0.02345889806618802,0.7732685657269422,0.7967274637931303,1.0408992578401506,0.005493633158953499,8.0
2026-09-26 14:30:00,-0.038951404,0.31279872274350184,0.8899999801069498,10.349999768659472,0.02345889806618802,0.7732685657269422,0.7967274637931303,1.0705747821439129,0.005493633158953499,8.0
2026-09-26 14:40:00,-0.038951404,0.34008887044474817,0.8899999801069498,10.349999768659472,0.02345889806618802,0.7732685657269422,0.7967274637931303,1.0978649298451593,0.005493633158953499,8.0
2026-09-26 14:50:00,-0.038951404,0.36478409559599395,0.8899999801069498,10.349999768659472,0.02345889806618802,0.7732685657269422,0.7967274637931303,1.122560154996405,0.005493633158953499,8.0
2026-09-26 15:00:00,-0.038951404,0.38669595805057433,0.8799999803304672,10.479999765753746,0.023619727005320775,0.7785699214317023,0.8021896484370231,1.1499342020948782,0.005493633158953499,8.0
2026-09-26 15:10:00,-0.038951404,0.40565928364584664,0.8799999803304672,10.479999765753746,0.023619727005320775,0.7785699214317023,0.8021896484370231,1.1688975276901505,0.005493633158953499,8.0
2026-09-26 15:20:00,-0.038951404,0.42153388851549395,0.8799999803304672,10.479999765753746,0.023619727005320775,0.7785699214317023,0.8021896484370231,1.1847721325597977,0.005493633158953499,8.0
2026-09-26 15:30:00,-0.038951404,0.43420577328292326,0.8799999803304672,10.479999765753746,0.023619727005320775,0.7785699214317023,0.8021896484370231,1.1974440173272272,0.005493633158953499,8.0
2026-09-26 15:40:00,-0.038951404,0.4435877371938545,0.8799999803304672,10.479999765753746,0.023619727005320775,0.7785699214317023,0.8021896484370231,1.2068259812381583,0.005493633158953499,8.0
2026-09-26 15:50:00,-0.038951404,0.4496194122307253,0.8799999803304672,10.479999765753746,0.023619727005320775,0.7785699214317023,0.8021896484370231,1.212857656275029,0.005493633158953499,8.0
2026-09-26 16:00:00,-0.038951404,0.45226676719653536,0.8799999803304672,10.479999765753746,0.023619727005320775,0.7785699214317023,0.8021896484370231,1.2155050112408392,0.005493633158953499,8.0
2026-09-26 16:10:00,-0.038951404,0.45152117608649944,0.8799999803304672,10.479999765753746,0.023619727005320775,0.7785699214317023,0.8021896484370231,1.2147594201308034,0.005493633158953499,8.0
2026-09-26 16:20:00,-0.038951404,0.4473981787671657,0.8799999803304672,10.479999765753746,0.023619727005320775,0.7785699214317023,0.8021896484370231,1.2106364228114694,0.005493633158953499,8.0
2026-09-26 16:30:00,-0.038951404,0.43993608121620953,0.8799999803304672,10.479999765753746,0.023619727005320775,0.7785699214317023,0.8021896484370231,1.2031743252605134,0.005493633158953499,8.0
2026-09-26 16:40:00,-0.038951404,0.42919454528446227,0.8799999803304672,10.479999765753746,0.023619727005320775,0.7785699214317023,0.8021896484370231,1.192432789328766,0.005493633158953499,8.0
2026-09-26 16:50:00,-0.038951404,0.4152533037304231,0.8799999803304672,10.479999765753746,0.023619727005320775,0.7785699214317023,0.8021896484370231,1.1784915477747269,0.005493633158953499,8.0
2026-09-26 17:00:00,-0.038951404,0.39821110686942784,0.8799999803304672,10.479999765753746,0.023619727005320775,0.7785699214317023,0.8021896484370231,1.1614493509137316,0.005493633158953499,8.0
2026-09-26 17:10:00,-0.038951404,0.3781849659551805,0.8799999803304672,10.479999765753746,0.023619727005320775,0.7785699214317023,0.8021896484370231,1.1414232099994843,0.005493633158953499,8.0
2026-09-26 17:20:00,-0.038951404,0.3553097099642879,0.8799999803304672,10.479999765753746,0.023619727005320775,0.7785699214317023,0.8021896484370231,1.1185479540085916,0.005493633158953499,8.0
2026-09-26 17:30:00,-0.038951404,0.32973782256710016,0.8799999803304672,10.479999765753746,0.023619727005320775,0.7785699214317023,0.8021896484370231,1.0929760666114041,0.005493633158953499,8.0
2026-09-26 17:40:00,-0.038951404,0.301639480097013,0.8799999803304672,10.479999765753746,0.023619727005320775,0.7785699214317023,0.8021896484370231,1.0648777241413168,0.005493633158953499,8.0
2026-09-26 17:50:00,-0.038951404,0.2712026750112355,0.8799999803304672,10.479999765753746,0.023619727005320775,0.7785699214317023,0.8021896484370231,1.0344409190555393,0.005493633158953499,8.0
2026-09-26 18:00:00,-0.038951404,0.23863328628811217,0.8799999803304672,10.549999764189124,0.02377749235745555,0.7837702930443186,0.8075477854017741,1.007229667297167,0.005493633158953499,8.0
2026-09-26 18:10:00,-0.038951404,0.20415495173624432,0.8799999803304672,10.549999764189124,0.02377749235745555,0.7837702930443186,0.8075477854017741,0.9727513327452991,0.005493633158953499,8.0
2026-09-26 18:20:00,-0.038951404,0.16800860752638172,0.8799999803304672,10.549999764189124,0.02377749235745555,0.7837702930443186,0.8075477854017741,0.9366049885354365,0.005493633158953499,8.0
2026-09-26 18:30:00,-0.038951404,0.13045158669192503,0.8799999803304672,10.549999764189124,0.02377749235745555,0.7837702930443186,0.8075477854017741,0.8990479677009798,0.005493633158953499,8.0
2026-09-26 18:40:00,-0.038951404,0.09175620783527336,0.8799999803304672,10.549999764189124,0.02377749235745555,0.7837702930443186,0.8075477854017741,0.8603525888443282,0.005493633158953499,8.0
2026-09-26 18:50:00,-0.038951404,0.05220783324308803,0.8799999803304672,10.549999764189124,0.02377749235745555,0.7837702930443186,0.8075477854017741,0.8208042142521428,0.005493633158953499,8.0
2026-09-26 19:00:00,-0.038951404,0.012102427104675413,0.8799999803304672,10.549999764189124,0.02377749235745555,0.7837702930443186,0.8075477854017741,0.7806988081137303,0.005493633158953499,8.0
2026-09-26 19:10:00,-0.038951404,-0.02825630690083374,0.8799999803304672,10.549999764189124,0.02377749235745555,0.7837702930443186,0.8075477854017741,0.7403400741082211,0.005493633158953499,8.0
2026-09-26 19:20:00,-0.038951404,-0.0685600883418897,0.8799999803304672,10.549999764189124,0.02377749235745555,0.7837702930443186,0.8075477854017741,0.700036292667165,0.005493633158953499,8.0
2026-09-26 19:30:00,-0.038951404,-0.10849937485564609,0.8799999803304672,10.549999764189124,0.02377749235745555,0.7837702930443186,0.8075477854017741,0.6600970061534087,0.005493633158953499,8.0
2026-09-26 19:40:00,-0.038951404,-0.1477666681584536,0.8799999803304672,10.549999764189124,0.02377749235745555,0.7837702930443186,0.8075477854017741,0.6208297128506012,0.005493633158953499,8.0
2026-09-26 19:50:00,-0.038951404,-0.18605965522625398,0.8799999803304672,10.549999764189124,0.02377749235745555,0.7837702930443186,0.8075477854017741,0.5825367257828008,0.005493633158953499,8.0
2026-09-26 20:00:00,-0.038951404,-0.2230840498239101,0.8799999803304672,10.549999764189124,0.02377749235745555,0.7837702930443186,0.8075477854017741,0.5455123311851446,0.005493633158953499,8.0
2026-09-26 20:10:00,-0.038951404,-0.2585560349857469,0.8799999803304672,10.549999764189124,0.02377749235745555,0.7837702930443186,0.8075477854017741,0.5100403460233078,0.005493633158953499,8.0
2026-09-26 20:20:00,-0.038951404,-0.2922042526028285,0.8799999803304672,10.549999764189124,0.02377749235745555,0.7837702930443186,0.8075477854017741,0.4763921284062263,0.005493633158953499,8.0
2026-09-26 20:30:00,-0.038951404,-0.32377133648519296,0.8799999803304672,10.549999764189124,0.02377749235745555,0.7837702930443186,0.8075477854017741,0.44482504452386185,0.005493633158953499,8.0
2026-09-26 20:40:00,-0.038951404,-0.3530150348675142,0.8799999803304672,10.549999764189124,0.02377749235745555,0.7837702930443186,0.8075477854017741,0.41558134614154063,0.005493633158953499,8.0
2026-09-26 20:50:00,-0.038951404,-0.37970901095545884,0.8799999803304672,10.549999764189124,0.02377749235745555,0.7837702930443186,0.8075477854017741,0.38888737005359597,0.005493633158953499,8.0
2026-09-26 21:00:00,-0.038951404,-0.40364344154521875,0.8799999803304672,10.559999763965607,0.023800030264903373,0.7845132032746922,0.8083132335395956,0.3657183876016576,0.005493633158953499,8.0
2026-09-26 21:10:00,-0.038951404,-0.42462554963054205,0.8799999803304672,10.559999763965607,0.023800030264903373,0.7845132032746922,0.8083132335395956,0.3447362795163343,0.005493633158953499,8.0
2026-09-26 21:20:00,-0.038951404,-0.4424802059012536,0.8799999803304672,10.559999763965607,0.023800030264903373,0.7845132032746922,0.8083132335395956,0.32688162324562275,0.005493633158953499,8.0
2026-09-26 21:30:00,-0.038951404,-0.4570507156949168,0.8799999803304672,10.559999763965607,0.023800030264903373,0.7845132032746922,0.8083132335395956,0.31231111345195955,0.005493633158953499,8.0
2026-09-26 21:40:00,-0.038951404,-0.4681998745372038,0.8799999803304672,10.559999763965607,0.023800030264903373,0.7845132032746922,0.8083132335395956,0.30116195460967254,0.005493633158953499,8.0
2026-09-26 21:50:00,-0.038951404,-0.475811330467658,0.8799999803304672,10.559999763965607,0.023800030264903373,0.7845132032746922,0.8083132335395956,0.29355049867921834,0.005493633158953499,8.0
2026-09-26 22:00:00,-0.038951404,-0.4797912399439186,0.8799999803304672,10.559999763965607,0.023800030264903373,0.7845132032746922,0.8083132335395956,0.28957058920295775,0.005493633158953499,8.0
2026-09-26 22:10:00,-0.038951404,-0.4800701521547701,0.8799999803304672,10.559999763965607,0.023800030264903373,0.7845132032746922,0.8083132335395956,0.28929167699210623,0.005493633158953499,8.0
2026-09-26 22:20:00,-0.038951404,-0.47660500985902815,0.8799999803304672,10.559999763965607,0.023800030264903373,0.7845132032746922,0.8083132335395956,0.29275681928784814,0.005493633158953499,8.0
2026-09-26 22:30:00,-0.038951404,-0.46938111892352147,0.8799999803304672,10.559999763965607,0.023800030264903373,0.7845132032746922,0.8083132335395956,0.2999807102233548,0.005493633158953499,8.0
2026-09-26 22:40:00,-0.038951404,-0.4584139177517348,0.8799999803304672,10.559999763965607,0.023800030264903373,0.7845132032746922,0.8083132335395956,0.31094791139514155,0.005493633158953499,8.0
2026-09-26 22:50:00,-0.038951404,-0.44375037439931453,0.8799999803304672,10.559999763965607,0.023800030264903373,0.7845132032746922,0.8083132335395956,0.3256114547475618,0.005493633158953499,8.0
2026-09-26 23:00:00,-0.038951404,-0.42546985412566635,0.8799999803304672,10.559999763965607,0.023800030264903373,0.7845132032746922,0.8083132335395956,0.34389197502121,0.005493633158953499,8.0
2026-09-26 23:10:00,-0.038951404,-0.40368433203954923,0.8799999803304672,10.559999763965607,0.023800030264903373,0.7845132032746922,0.8083132335395956,0.3656774971073271,0.005493633158953499,8.0
2026-09-26 23:20:00,-0.038951404,-0.37853787120148574,0.8799999803304672,10.559999763965607,0.023800030264903373,0.7845132032746922,0.8083132335395956,0.3908239579453906,0.005493633158953499,8.0
2026-09-26 23:30:00,-0.038951404,-0.35020534143819637,0.8799999803304672,10.559999763965607,0.023800030264903373,0.7845132032746922,0.8083132335395956,0.41915648770867997,0.005493633158953499,8.0
2026-09-26 23:40:00,-0.038951404,-0.3188904121961019,0.8799999803304672,10.559999763965607,0.023800030264903373,0.7845132032746922,0.8083132335395956,0.4504714169507744,0.005493633158953499,8.0
2026-09-26 23:50:00,-0.038951404,-0.2848229083566973,0.8799999803304672,10.559999763965607,0.023800030264903373,0.7845132032746922,0.8083132335395956,0.484538920790179,0.005493633158953499,8.0
2026-09-27 00:00:00,-0.030878542,-0.24825566469014199,0.8699999805539846,10.489999765530229,0.023507550055992896,0.7748722665602052,0.7983798166161982,0.5192456099349416,0.005493633158953499,8.0
2026-09-27 00:10:00,-0.030878542,-0.20946104825729284,0.8699999805539846,10.489999765530229,0.023507550055992896,0.7748722665602052,0.7983798166161982,0.5580402263677907,0.005493633158953499,8.0
2026-09-27 00:20:00,-0.030878542,-0.16872733460970177,0.8699999805539846,10.489999765530229,0.023507550055992896,0.7748722665602052,0.7983798166161982,0.5987739400153818,0.005493633158953499,8.0
2026-09-27 00:30:00,-0.030878542,-0.1263551220047391,0.8699999805539846,10.489999765530229,0.023507550055992896,0.7748722665602052,0.7983798166161982,0.6411461526203445,0.005493633158953499,8.0
2026-09-27 00:40:00,-0.030878542,-0.08265394810329907,0.8699999805539846,10.489999765530229,0.023507550055992896,0.7748722665602052,0.7983798166161982,0.6848473265217845,0.005493633158953499,8.0
2026-09-27 00:50:00,-0.030878542,-0.03793923842951385,0.8699999805539846,10.489999765530229,0.023507550055992896,0.7748722665602052,0.7983798166161982,0.7295620361955697,0.005493633158953499,8.0
2026-09-27 01:00:00,-0.030878542,0.007470330807862661,0.8699999805539846,10.489999765530229,0.023507550055992896,0.7748722665602052,0.7983798166161982,0.7749716054329462,0.005493633158953499,8.0
2026-09-27 01:10:00,-0.030878542,0.05325502593844728,0.8699999805539846,10.489999765530229,0.023507550055992896,0.7748722665602052,0.7983798166161982,0.8207563005635309,0.005493633158953499,8.0
2026-09-27 01:20:00,-0.030878542,0.09909582852111838,0.8699999805539846,10.489999765530229,0.023507550055992896,0.7748722665602052,0.7983798166161982,0.866597103146202,0.005493633158953499,8.0
2026-09-27 01:30:00,-0.030878542,0.14467585864574464,0.8699999805539846,10.489999765530229,0.023507550055992896,0.7748722665602052,0.7983798166161982,0.9121771332708282,0.005493633158953499,8.0
2026-09-27 01:40:00,-0.030878542,0.18968155667571104,0.8699999805539846,10.489999765530229,0.023507550055992896,0.7748722665602052,0.7983798166161982,0.9571828313007946,0.005493633158953499,8.0
2026-09-27 01:50:00,-0.030878542,0.2338037533954256,0.8699999805539846,10.489999765530229,0.023507550055992896,0.7748722665602052,0.7983798166161982,1.0013050280205091,0.005493633158953499,8.0
2026-09-27 02:00:00,-0.030878542,0.27673876364084243,0.8699999805539846,10.489999765530229,0.023507550055992896,0.7748722665602052,0.7983798166161982,1.044240038265926,0.005493633158953499,8.0
2026-09-27 02:10:00,-0.030878542,0.31818962642254883,0.8699999805539846,10.489999765530229,0.023507550055992896,0.7748722665602052,0.7983798166161982,1.0856909010476323,0.005493633158953499,8.0
2026-09-27 02:20:00,-0.030878542,0.3578675869466074,0.8699999805539846,10.489999765530229,0.023507550055992896,0.7748722665602052,0.7983798166161982,1.125368861571691,0.005493633158953499,8.0
2026-09-27 02:30:00,-0.030878542,0.3954938760379477,0.8699999805539846,10.489999765530229,0.023507550055992896,0.7748722665602052,0.7983798166161982,1.1629951506630314,0.005493633158953499,8.0
2026-09-27 02:40:00,-0.030878542,0.4308017954598311,0.8699999805539846,10.489999765530229,0.023507550055992896,0.7748722665602052,0.7983798166161982,1.1983030700849147,0.005493633158953499,8.0
2026-09-27 02:50:00,-0.030878542,0.463539068474182,0.8699999805539846,10.489999765530229,0.023507550055992896,0.7748722665602052,0.7983798166161982,1.2310403430992656,0.005493633158953499,8.0
2026-09-27 03:00:00,-0.030878542,0.49347037014371525,0.8599999807775021,10.319999769330025,0.02299329323606647,0.7579209744561246,0.7809142676921911,1.2435060958447917,0.005493633158953499,8.0
2026-09-27 03:10:00,-0.030878542,0.5203799159454858,0.8599999807775021,10.319999769330025,0.02299329323606647,0.7579209744561246,0.7809142676921911,1.2704156416465624,0.005493633158953499,8.0
2026-09-27 03:20:00,-0.030878542,0.5440739650080145,0.8599999807775021,10.319999769330025,0.02299329323606647,0.7579209744561246,0.7809142676921911,1.294109690709091,0.005493633158953499,8.0
2026-09-27 03:30:00,-0.030878542,0.5643830879058076,0.8599999807775021,10.319999769330025,0.02299329323606647,0.7579209744561246,0.7809142676921911,1.314418813606884,0.005493633158953499,8.0
2026-09-27 03:40:00,-0.030878542,0.5811640595444695,0.8599999807775021,10.319999769330025,0.02299329323606647,0.7579209744561246,0.7809142676921911,1.331199785245546,0.005493633158953499,8.0
2026-09-27 03:50:00,-0.030878542,0.5943012639106658,0.8599999807775021,10.319999769330025,0.02299329323606647,0.7579209744561246,0.7809142676921911,1.3443369896117423,0.005493633158953499,8.0
2026-09-27 04:00:00,-0.030878542,0.603707536510251,0.8599999807775021,10.319999769330025,0.02299329323606647,0.7579209744561246,0.7809142676921911,1.3537432622113275,0.005493633158953499,8.0
2026-09-27 04:10:00,-0.030878542,0.6093244177512728,0.8599999807775021,10.319999769330025,0.02299329323606647,0.7579209744561246,0.7809142676921911,1.3593601434523492,0.005493633158953499,8.0
2026-09-27 04:20:00,-0.030878542,0.6111218409472192,0.8599999807775021,10.319999769330025,0.02299329323606647,0.7579209744561246,0.7809142676921911,1.3611575666482958,0.005493633158953499,8.0
2026-09-27 04:30:00,-0.030878542,0.6090973263750131,0.8599999807775021,10.319999769330025,0.02299329323606647,0.7579209744561246,0.7809142676921911,1.3591330520760896,0.005493633158953499,8.0
2026-09-27 04:40:00,-0.030878542,0.6032747924835374,0.8599999807775021,10.319999769330025,0.02299329323606647,0.7579209744561246,0.7809142676921911,1.353310518184614,0.005493633158953499,8.0
2026-09-27 04:50:00,-0.030878542,0.5937031224220533,0.8599999807775021,10.319999769330025,0.02299329323606647,0.7579209744561246,0.7809142676921911,1.3437388481231296,0.005493633158953499,8.0
2026-09-27 05:00:00,-0.030878542,0.5804546355379685,0.8599999807775021,10.319999769330025,0.02299329323606647,0.7579209744561246,0.7809142676921911,1.330490361239045,0.005493633158953499,8.0
2026-09-27 05:10:00,-0.030878542,0.5636236080354396,0.8599999807775021,10.319999769330025,0.02299329323606647,0.7579209744561246,0.7809142676921911,1.313659333736516,0.005493633158953499,8.0
2026-09-27 05:20:00,-0.030878542,0.5433249653044497,0.8599999807775021,10.319999769330025,0.02299329323606647,0.7579209744561246,0.7809142676921911,1.2933606910055262,0.005493633158953499,8.0
2026-09-27 05:30:00,-0.030878542,0.5196932330206824,0.8599999807775021,10.319999769330025,0.02299329323606647,0.7579209744561246,0.7809142676921911,1.2697289587217588,0.005493633158953499,8.0
2026-09-27 05:40:00,-0.030878542,0.492881788919008,0.8599999807775021,10.319999769330025,0.02299329323606647,0.7579209744561246,0.7809142676921911,1.2429175146200846,0.005493633158953499,8.0
2026-09-27 05:50:00,-0.030878542,0.4630624076500345,0.8599999807775021,10.319999769330025,0.02299329323606647,0.7579209744561246,0.7809142676921911,1.213098133351111,0.005493633158953499,8.0
2026-09-27 06:00:00,-0.030878542,0.4304250425538551,0.8399999812245369,10.139999773353338,0.022328001521534246,0.7359911647764517,0.7583191662979859,1.1578656668607263,0.005493633158953499,8.0
2026-09-27 06:10:00,-0.030878542,0.39517774667613387,0.8399999812245369,10.139999773353338,0.022328001521534246,0.7359911647764517,0.7583191662979859,1.122618370983005,0.005493633158953499,8.0
2026-09-27 06:20:00,-0.030878542,0.357546605155452,0.8399999812245369,10.139999773353338,0.022328001521534246,0.7359911647764517,0.7583191662979859,1.0849872294623233,0.005493633158953499,8.0
2026-09-27 06:30:00,-0.030878542,0.3177755362178401,0.8399999812245369,10.139999773353338,0.022328001521534246,0.7359911647764517,0.7583191662979859,1.0452161605247114,0.005493633158953499,8.0
2026-09-27 06:40:00,-0.030878542,0.2761258198495346,0.8399999812245369,10.139999773353338,0.022328001521534246,0.7359911647764517,0.7583191662979859,1.0035664441564058,0.005493633158953499,8.0
2026-09-27 06:50:00,-0.030878542,0.23287523193971613,0.8399999812245369,10.139999773353338,0.022328001521534246,0.7359911647764517,0.7583191662979859,0.9603158562465874,0.005493633158953499,8.0
2026-09-27 07:00:00,-0.030878542,0.18831669513673546,0.8399999812245369,10.139999773353338,0.022328001521534246,0.7359911647764517,0.7583191662979859,0.9157573194436067,0.005493633158953499,8.0
2026-09-27 07:10:00,-0.030878542,0.14275640209034823,0.8399999812245369,10.139999773353338,0.022328001521534246,0.7359911647764517,0.7583191662979859,0.8701970263972195,0.005493633158953499,8.0
2026-09-27 07:20:00,-0.030878542,0.09651141752234223,0.8399999812245369,10.139999773353338,0.022328001521534246,0.7359911647764517,0.7583191662979859,0.8239520418292136,0.005493633158953499,8.0
2026-09-27 07:30:00,-0.030878542,0.0499068164321824,0.8399999812245369,10.139999773353338,0.022328001521534246,0.7359911647764517,0.7583191662979859,0.7773474407390537,0.005493633158953499,8.0
2026-09-27 07:40:00,-0.030878542,0.0032724617443755434,0.8399999812245369,10.139999773353338,0.022328001521534246,0.7359911647764517,0.7583191662979859,0.7307130860512469,0.005493633158953499,8.0
2026-09-27 07:50:00,-0.030878542,-0.04306044008832997,0.8399999812245369,10.139999773353338,0.022328001521534246,0.7359911647764517,0.7583191662979859,0.6843801842185413,0.005493633158953499,8.0
2026-09-27 08:00:00,-0.030878542,-0.08876284589172795,0.8399999812245369,10.139999773353338,0.022328001521534246,0.7359911647764517,0.7583191662979859,0.6386777784151434,0.005493633158953499,8.0
2026-09-27 08:10:00,-0.030878542,-0.13351128117468716,0.8399999812245369,10.139999773353338,0.022328001521534246,0.7359911647764517,0.7583191662979859,0.5939293431321842,0.005493633158953499,8.0
2026-09-27 08:20:00,-0.030878542,-0.17699099320199568,0.8399999812245369,10.139999773353338,0.022328001521534246,0.7359911647764517,0.7583191662979859,0.5504496311048757,0.005493633158953499,8.0
2026-09-27 08:30:00,-0.030878542,-0.21889872946072444,0.8399999812245369,10.139999773353338,0.022328001521534246,0.7359911647764517,0.7583191662979859,0.5085418948461469,0.005493633158953499,8.0
2026-09-27 08:40:00,-0.030878542,-0.2589450603707104,0.8399999812245369,10.139999773353338,0.022328001521534246,0.7359911647764517,0.7583191662979859,0.4684955639361609,0.005493633158953499,8.0
2026-09-27 08:50:00,-0.030878542,-0.2968562138764263,0.8399999812245369,10.139999773353338,0.022328001521534246,0.7359911647764517,0.7583191662979859,0.430584410430445,0.005493633158953499,8.0
2026-09-27 09:00:00,-0.030878542,-0.332375440724305,0.8299999814480543,9.94999977760017,0.021778821828784125,0.7178887205720783,0.7396675424008624,0.37641355968544277,0.005493633158953499,8.0
2026-09-27 09:10:00,-0.030878542,-0.3652639765397608,0.8299999814480543,9.94999977760017,0.021778821828784125,0.7178887205720783,0.7396675424008624,0.343525023869987,0.005493633158953499,8.0
2026-09-27 09:20:00,-0.030878542,-0.395301705304049,0.8299999814480543,9.94999977760017,0.021778821828784125,0.7178887205720783,0.7396675424008624,0.3134872951056988,0.005493633158953499,8.0
2026-09-27 09:30:00,-0.030878542,-0.42228765365605336,0.8299999814480543,9.94999977760017,0.021778821828784125,0.7178887205720783,0.7396675424008624,0.28650134675369443,0.005493633158953499,8.0
2026-09-27 09:40:00,-0.030878542,-0.4460404540602644,0.8299999814480543,9.94999977760017,0.021778821828784125,0.7178887205720783,0.7396675424008624,0.2627485463494834,0.005493633158953499,8.0
2026-09-27 09:50:00,-0.030878542,-0.4663989059744968,0.8299999814480543,9.94999977760017,0.021778821828784125,0.7178887205720783,0.7396675424008624,0.242390094435251,0.005493633158953499,8.0
2026-09-27 10:00:00,-0.030878542,-0.48322273888855266,0.8299999814480543,9.94999977760017,0.021778821828784125,0.7178887205720783,0.7396675424008624,0.2255662615211952,0.005493633158953499,8.0
2026-09-27 10:10:00,-0.030878542,-0.49639364212435655,0.8299999814480543,9.94999977760017,0.021778821828784125,0.7178887205720783,0.7396675424008624,0.21239535828539124,0.005493633158953499,8.0
2026-09-27 10:20:00,-0.030878542,-0.5058165780988227,0.8299999814480543,9.94999977760017,0.021778821828784125,0.7178887205720783,0.7396675424008624,0.20297242231092505,0.005493633158953499,8.0
2026-09-27 10:30:00,-0.030878542,-0.5114213437718267,0.8299999814480543,9.94999977760017,0.021778821828784125,0.7178887205720783,0.7396675424008624,0.1973676566379211,0.005493633158953499,8.0
2026-09-27 10:40:00,-0.030878542,-0.5131642952002847,0.8299999814480543,9.94999977760017,0.021778821828784125,0.7178887205720783,0.7396675424008624,0.19562470520946307,0.005493633158953499,8.0
2026-09-27 10:50:00,-0.030878542,-0.5110301082379359,0.8299999814480543,9.94999977760017,0.021778821828784125,0.7178887205720783,0.7396675424008624,0.19775889217181186,0.005493633158953499,8.0
2026-09-27 11:00:00,-0.030878542,-0.5050334194082025,0.8299999814480543,9.94999977760017,0.021778821828784125,0.7178887205720783,0.7396675424008624,0.20375558100154534,0.005493633158953499,8.0
2026-09-27 11:10:00,-0.030878542,-0.49522017830506465,0.8299999814480543,9.94999977760017,0.021778821828784125,0.7178887205720783,0.7396675424008624,0.2135688221046831,0.005493633158953499,8.0
2026-09-27 11:20:00,-0.030878542,-0.4816685483334924,0.8299999814480543,9.94999977760017,0.021778821828784125,0.7178887205720783,0.7396675424008624,0.22712045207625542,0.005493633158953499,8.0
2026-09-27 11:30:00,-0.030878542,-0.4644892158963351,0.8299999814480543,9.94999977760017,0.021778821828784125,0.7178887205720783,0.7396675424008624,0.24429978451341272,0.005493633158953499,8.0
2026-09-27 11:40:00,-0.030878542,-0.4438250069941242,0.8299999814480543,9.94999977760017,0.021778821828784125,0.7178887205720783,0.7396675424008624,0.2649639934156236,0.005493633158953499,8.0
2026-09-27 11:50:00,-0.030878542,-0.41984976077866065,0.8299999814480543,9.94999977760017,0.021778821828784125,0.7178887205720783,0.7396675424008624,0.28893923963108714,0.005493633158953499,8.0
2026-09-27 12:00:00,-0.030878542,-0.3927664664440576,0.8199999816715717,9.889999778941274,0.021516690495015492,0.7092481646549393,0.7307648551499548,0.3071198467147826,0.005493633158953499,8.0
2026-09-27 12:10:00,-0.030878542,-0.36280472719811074,0.8199999816715717,9.889999778941274,0.021516690495015492,0.7092481646549393,0.7307648551499548,0.33708158596072946,0.005493633158953499,8.0
2026-09-27 12:20:00,-0.030878542,-0.3302176666436442,0.8199999816715717,9.889999778941274,0.021516690495015492,0.7092481646549393,0.7307648551499548,0.369668646515196,0.005493633158953499,8.0
2026-09-27 12:30:00,-0.030878542,-0.2952784335273368,0.8199999816715717,9.889999778941274,0.021516690495015492,0.7092481646549393,0.7307648551499548,0.4046078796315034,0.005493633158953499,8.0
2026-09-27 12:40:00,-0.030878542,-0.25827648607407705,0.8199999816715717,9.889999778941274,0.021516690495015492,0.7092481646549393,0.7307648551499548,0.44160982708476315,0.005493633158953499,8.0
2026-09-27 12:50:00,-0.030878542,-0.21951384456831494,0.8199999816715717,9.889999778941274,0.021516690495015492,0.7092481646549393,0.7307648551499548,0.4803724685905253,0.005493633158953499,8.0
2026-09-27 13:00:00,-0.030878542,-0.1793014898717724,0.8199999816715717,9.889999778941274,0.021516690495015492,0.7092481646549393,0.7307648551499548,0.5205848232870678,0.005493633158953499,8.0
2026-09-27 13:10:00,-0.030878542,-0.13795605747643847,0.8199999816715717,9.889999778941274,0.021516690495015492,0.7092481646549393,0.7307648551499548,0.5619302556824017,0.005493633158953499,8.0
2026-09-27 13:20:00,-0.030878542,-0.09579693495560063,0.8199999816715717,9.889999778941274,0.021516690495015492,0.7092481646549393,0.7307648551499548,0.6040893782032396,0.005493633158953499,8.0
2026-09-27 13:30:00,-0.030878542,-0.053143819725184026,0.8199999816715717,9.889999778941274,0.021516690495015492,0.7092481646549393,0.7307648551499548,0.6467424934336562,0.005493633158953499,8.0
2026-09-27 13:40:00,-0.030878542,-0.010314739892832266,0.8199999816715717,9.889999778941274,0.021516690495015492,0.7092481646549393,0.7307648551499548,0.6895715732660079,0.005493633158953499,8.0
2026-09-27 13:50:00,-0.030878542,0.03237551073616986,0.8199999816715717,9.889999778941274,0.021516690495015492,0.7092481646549393,0.7307648551499548,0.73226182389501,0.005493633158953499,8.0
2026-09-27 14:00:00,-0.030878542,0.07461661566984773,0.8199999816715717,9.889999778941274,0.021516690495015492,0.7092481646549393,0.7307648551499548,0.774502928828688,0.005493633158953499,8.0
2026-09-27 14:10:00,-0.030878542,0.1161037794633018,0.8199999816715717,9.889999778941274,0.021516690495015492,0.7092481646549393,0.7307648551499548,0.815990092622142,0.005493633158953499,8.0
2026-09-27 14:20:00,-0.030878542,0.15653870918168875,0.8199999816715717,9.889999778941274,0.021516690495015492,0.7092481646549393,0.7307648551499548,0.856425022340529,0.005493633158953499,8.0
2026-09-27 14:30:00,-0.030878542,0.19563066757013262,0.8199999816715717,9.889999778941274,0.021516690495015492,0.7092481646549393,0.7307648551499548,0.8955169807289728,0.005493633158953499,8.0
2026-09-27 14:40:00,-0.030878542,0.23309771217258063,0.8199999816715717,9.889999778941274,0.021516690495015492,0.7092481646549393,0.7307648551499548,0.9329840253314208,0.005493633158953499,8.0
2026-09-27 14:50:00,-0.030878542,0.26866820057306273,0.8199999816715717,9.889999778941274,0.021516690495015492,0.7092481646549393,0.7307648551499548,0.9685545137319029,0.005493633158953499,8.0
2026-09-27 15:00:00,-0.030878542,0.3020825979326956,0.8299999814480543,9.879999779164791,0.02162560398677258,0.7128382471610186,0.7344638511477912,1.0056679070893721,0.005493633158953499,8.0
2026-09-27 15:10:00,-0.030878542,0.33309557398229894,0.8299999814480543,9.879999779164791,0.02162560398677258,0.7128382471610186,0.7344638511477912,1.0366808831389756,0.005493633158953499,8.0
2026-09-27 15:20:00,-0.030878542,0.3614783287058749,0.8299999814480543,9.879999779164791,0.02162560398677258,0.7128382471610186,0.7344638511477912,1.0650636378625515,0.005493633158953499,8.0
2026-09-27 15:30:00,-0.030878542,0.3870210443326856,0.8299999814480543,9.879999779164791,0.02162560398677258,0.7128382471610186,0.7344638511477912,1.0906063534893622,0.005493633158953499,8.0
2026-09-27 15:40:00,-0.030878542,0.40953533121333396,0.8299999814480543,9.879999779164791,0.02162560398677258,0.7128382471610186,0.7344638511477912,1.1131206403700107,0.005493633158953499,8.0
2026-09-27 15:50:00,-0.030878542,0.4288565198071909,0.8299999814480543,9.879999779164791,0.02162560398677258,0.7128382471610186,0.7344638511477912,1.1324418289638676,0.005493633158953499,8.0
2026-09-27 16:00:00,-0.030878542,0.444845652421782,0.8299999814480543,9.879999779164791,0.02162560398677258,0.7128382471610186,0.7344638511477912,1.1484309615784585,0.005493633158953499,8.0
2026-09-27 16:10:00,-0.030878542,0.4573910463025635,0.8299999814480543,9.879999779164791,0.02162560398677258,0.7128382471610186,0.7344638511477912,1.16097635545924,0.005493633158953499,8.0
2026-09-27 16:20:00,-0.030878542,0.46640933211697055,0.8299999814480543,9.879999779164791,0.02162560398677258,0.7128382471610186,0.7344638511477912,1.169994641273647,0.005493633158953499,8.0
2026-09-27 16:30:00,-0.030878542,0.47184591524651026,0.8299999814480543,9.879999779164791,0.02162560398677258,0.7128382471610186,0.7344638511477912,1.1754312244031868,0.005493633158953499,8.0
2026-09-27 16:40:00,-0.030878542,0.47367485655227615,0.8299999814480543,9.879999779164791,0.02162560398677258,0.7128382471610186,0.7344638511477912,1.1772601657089528,0.005493633158953499,8.0
2026-09-27 16:50:00,-0.030878542,0.47189821892233375,0.8299999814480543,9.879999779164791,0.02162560398677258,0.7128382471610186,0.7344638511477912,1.1754835280790104,0.005493633158953499,8.0
2026-09-27 17:00:00,-0.030878542,0.4665449702355522,0.8299999814480543,9.879999779164791,0.02162560398677258,0.7128382471610186,0.7344638511477912,1.1701302793922288,0.005493633158953499,8.0
2026-09-27 17:10:00,-0.030878542,0.4576695674039718,0.8299999814480543,9.879999779164791,0.02162560398677258,0.7128382471610186,0.7344638511477912,1.1612548765606485,0.005493633158953499,8.0
2026-09-27 17:20:00,-0.030878542,0.4453503660054522,0.8299999814480543,9.879999779164791,0.02162560398677258,0.7128382471610186,0.7344638511477912,1.1489356751621287,0.005493633158953499,8.0
2026-09-27 17:30:00,-0.030878542,0.4296880034781955,0.8299999814480543,9.879999779164791,0.02162560398677258,0.7128382471610186,0.7344638511477912,1.1332733126348722,0.005493633158953499,8.0
2026-09-27 17:40:00,-0.030878542,0.41080389052535715,0.8299999814480543,9.879999779164791,0.02162560398677258,0.7128382471610186,0.7344638511477912,1.1143891996820336,0.005493633158953499,8.0
2026-09-27 17:50:00,-0.030878542,0.3888389168583964,0.8299999814480543,9.879999779164791,0.02162560398677258,0.7128382471610186,0.7344638511477912,1.092424226015073,0.005493633158953499,8.0
2026-09-27 18:00:00,-0.030878542,0.36395243697070206,0.8599999807775021,9.79999978095293,0.021834716445101883,0.7197311579137619,0.7415658743588638,1.0746397693384513,0.005493633158953499,8.0
2026-09-27 18:10:00,-0.030878542,0.3363215539036483,0.8599999807775021,9.79999978095293,0.021834716445101883,0.7197311579137619,0.7415658743588638,1.0470088862713975,0.005493633158953499,8.0
2026-09-27 18:20:00,-0.030878542,0.30614066950543,0.8599999807775021,9.79999978095293,0.021834716445101883,0.7197311579137619,0.7415658743588638,1.0168280018731792,0.005493633158953499,8.0
2026-09-27 18:30:00,-0.030878542,0.27362122416284773,0.8599999807775021,9.79999978095293,0.021834716445101883,0.7197311579137619,0.7415658743588638,0.9843085565305969,0.005493633158953499,8.0
2026-09-27 18:40:00,-0.030878542,0.2389915126395912,0.8599999807775021,9.79999978095293,0.021834716445101883,0.7197311579137619,0.7415658743588638,0.9496788450073403,0.005493633158953499,8.0
2026-09-27 18:50:00,-0.030878542,0.20249643982841822,0.8599999807775021,9.79999978095293,0.021834716445101883,0.7197311579137619,0.7415658743588638,0.9131837721961674,0.005493633158953499,8.0
2026-09-27 19:00:00,-0.030878542,0.16439707355293148,0.8599999807775021,9.79999978095293,0.021834716445101883,0.7197311579137619,0.7415658743588638,0.8750844059206806,0.005493633158953499,8.0
2026-09-27 19:10:00,-0.030878542,0.12496986190473294,0.8599999807775021,9.79999978095293,0.021834716445101883,0.7197311579137619,0.7415658743588638,0.8356571942724821,0.005493633158953499,8.0
2026-09-27 19:20:00,-0.030878542,0.08450540907876229,0.8599999807775021,9.79999978095293,0.021834716445101883,0.7197311579137619,0.7415658743588638,0.7951927414465114,0.005493633158953499,8.0
2026-09-27 19:30:00,-0.030878542,0.043306743160406905,0.8599999807775021,9.79999978095293,0.021834716445101883,0.7197311579137619,0.7415658743588638,0.7539940755281561,0.005493633158953499,8.0
2026-09-27 19:40:00,-0.030878542,0.0016870577434610968,0.8599999807775021,9.79999978095293,0.021834716445101883,0.7197311579137619,0.7415658743588638,0.7123743901112103,0.005493633158953499,8.0
2026-09-27 19:50:00,-0.030878542,-0.040033039078709025,0.8599999807775021,9.79999978095293,0.021834716445101883,0.7197311579137619,0.7415658743588638,0.6706542932890401,0.005493633158953499,8.0
2026-09-27 20:00:00,-0.030878542,-0.0815286853404903,0.8599999807775021,9.79999978095293,0.021834716445101883,0.7197311579137619,0.7415658743588638,0.6291586470272589,0.005493633158953499,8.0
2026-09-27 20:10:00,-0.030878542,-0.12247421106336515,0.8599999807775021,9.79999978095293,0.021834716445101883,0.7197311579137619,0.7415658743588638,0.588213121304384,0.005493633158953499,8.0
2026-09-27 20:20:00,-0.030878542,-0.16254671599390225,0.8599999807775021,9.79999978095293,0.021834716445101883,0.7197311579137619,0.7415658743588638,0.5481406163738469,0.005493633158953499,8.0
2026-09-27 20:30:00,-0.030878542,-0.2014296127767657,0.8599999807775021,9.79999978095293,0.021834716445101883,0.7197311579137619,0.7415658743588638,0.5092577195909835,0.005493633158953499,8.0
2026-09-27 20:40:00,-0.030878542,-0.2388159733272301,0.8599999807775021,9.79999978095293,0.021834716445101883,0.7197311579137619,0.7415658743588638,0.4718713590405191,0.005493633158953499,8.0
2026-09-27 20:50:00,-0.030878542,-0.2744115371006874,0.8599999807775021,9.79999978095293,0.021834716445101883,0.7197311579137619,0.7415658743588638,0.4362757952670618,0.005493633158953499,8.0
2026-09-27 21:00:00,-0.030878542,-0.3079372754008493,0.8699999805539846,9.63999978452921,0.021602743807413876,0.7120847139790638,0.7336874577864777,0.3948716403945138,0.005493633158953499,8.0
2026-09-27 21:10:00,-0.030878542,-0.33913145167355047,0.8699999805539846,9.63999978452921,0.021602743807413876,0.7120847139790638,0.7336874577864777,0.3636774641218126,0.005493633158953499,8.0
2026-09-27 21:20:00,-0.030878542,-0.3677511688619635,0.8699999805539846,9.63999978452921,0.021602743807413876,0.7120847139790638,0.7336874577864777,0.33505774693339957,0.005493633158953499,8.0
2026-09-27 21:30:00,-0.030878542,-0.3935734453742461,0.8699999805539846,9.63999978452921,0.021602743807413876,0.7120847139790638,0.7336874577864777,0.309235470421117,0.005493633158953499,8.0
2026-09-27 21:40:00,-0.030878542,-0.4163959055458502,0.8699999805539846,9.63999978452921,0.021602743807413876,0.7120847139790638,0.7336874577864777,0.2864130102495129,0.005493633158953499,8.0
2026-09-27 21:50:00,-0.030878542,-0.43603720339833724,0.8699999805539846,9.63999978452921,0.021602743807413876,0.7120847139790638,0.7336874577864777,0.26677171239702585,0.005493633158953499,8.0
2026-09-27 22:00:00,-0.030878542,-0.4523373164197526,0.8699999805539846,9.63999978452921,0.021602743807413876,0.7120847139790638,0.7336874577864777,0.2504715993756105,0.005493633158953499,8.0
2026-09-27 22:10:00,-0.030878542,-0.46515784690996936,0.8699999805539846,9.63999978452921,0.021602743807413876,0.7120847139790638,0.7336874577864777,0.23765106888539372,0.005493633158953499,8.0
2026-09-27 22:20:00,-0.030878542,-0.4743824519792401,0.8699999805539846,9.63999978452921,0.021602743807413876,0.7120847139790638,0.7336874577864777,0.22842646381612297,0.005493633158953499,8.0
2026-09-27 22:30:00,-0.030878542,-0.47991749152629803,0.8699999805539846,9.63999978452921,0.021602743807413876,0.7120847139790638,0.7336874577864777,0.22289142426906505,0.005493633158953499,8.0
2026-09-27 22:40:00,-0.030878542,-0.48169293993377255,0.8699999805539846,9.63999978452921,0.021602743807413876,0.7120847139790638,0.7336874577864777,0.22111597586159049,0.005493633158953499,8.0
2026-09-27 22:50:00,-0.030878542,-0.47966355686065726,0.8699999805539846,9.63999978452921,0.021602743807413876,0.7120847139790638,0.7336874577864777,0.22314535893470577,0.005493633158953499,8.0
2026-09-27 23:00:00,-0.030878542,-0.4738102611163087,0.8699999805539846,9.63999978452921,0.021602743807413876,0.7120847139790638,0.7336874577864777,0.22899865467905445,0.005493633158953499,8.0
2026-09-27 23:10:00,-0.030878542,-0.4641416051016408,0.8699999805539846,9.63999978452921,0.021602743807413876,0.7120847139790638,0.7336874577864777,0.23866731069372227,0.005493633158953499,8.0
2026-09-27 23:20:00,-0.030878542,-0.45069521114022626,0.8699999805539846,9.63999978452921,0.021602743807413876,0.7120847139790638,0.7336874577864777,0.2521137046551368,0.005493633158953499,8.0
2026-09-27 23:30:00,-0.030878542,-0.4335390095006316,0.8699999805539846,9.63999978452921,0.021602743807413876,0.7120847139790638,0.7336874577864777,0.26926990629473146,0.005493633158953499,8.0
2026-09-27 23:40:00,-0.030878542,-0.41277211373439926,0.8699999805539846,9.63999978452921,0.021602743807413876,0.7120847139790638,0.7336874577864777,0.2900368020609638,0.005493633158953499,8.0
2026-09-27 23:50:00,-0.030878542,-0.38852518293041594,0.8699999805539846,9.63999978452921,0.021602743807413876,0.7120847139790638,0.7336874577864777,0.31428373286494715,0.005493633158953499,8.0
2026-09-28 00:00:00,-0.026819916,-0.36096015137007803,0.8899999801069498,17.099999617785215,0.038758179413701944,1.2775741520706,1.316332331484302,0.9285522636721875,0.005493633158953499,8.0
2026-09-28 00:10:00,-0.026819916,-0.3302692507988995,0.8899999801069498,17.099999617785215,0.038758179413701944,1.2775741520706,1.316332331484302,0.9592431642433659,0.005493633158953499,8.0
2026-09-28 00:20:00,-0.026819916,-0.2966733044464235,0.8899999801069498,17.099999617785215,0.038758179413701944,1.2775741520706,1.316332331484302,0.992839110595842,0.005493633158953499,8.0
2026-09-28 00:30:00,-0.026819916,-0.26041932934680273,0.8899999801069498,17.099999617785215,0.038758179413701944,1.2775741520706,1.316332331484302,1.0290930856954628,0.005493633158953499,8.0
2026-09-28 00:40:00,-0.026819916,-0.2217775383667233,0.8899999801069498,17.099999617785215,0.038758179413701944,1.2775741520706,1.316332331484302,1.0677348766755421,0.005493633158953499,8.0
2026-09-28 00:50:00,-0.026819916,-0.18103787983535707,0.8899999801069498,17.099999617785215,0.038758179413701944,1.2775741520706,1.316332331484302,1.1084745352069083,0.005493633158953499,8.0
2026-09-28 01:00:00,-0.026819916,-0.138506285872614,0.8899999801069498,17.099999617785215,0.038758179413701944,1.2775741520706,1.316332331484302,1.1510061291696514,0.005493633158953499,8.0
2026-09-28 01:10:00,-0.026819916,-0.09450081691281557,0.8899999801069498,17.099999617785215,0.038758179413701944,1.2775741520706,1.316332331484302,1.1950115981294498,0.005493633158953499,8.0
2026-09-28 01:20:00,-0.026819916,-0.04934788805771744,0.8899999801069498,17.099999617785215,0.038758179413701944,1.2775741520706,1.316332331484302,1.240164526984548,0.005493633158953499,8.0
2026-09-28 01:30:00,-0.026819916,-0.0033787429024755684,0.8899999801069498,17.099999617785215,0.038758179413701944,1.2775741520706,1.316332331484302,1.2861336721397898,0.005493633158953499,8.0
2026-09-28 01:40:00,-0.026819916,0.04307369507303209,0.8899999801069498,17.099999617785215,0.038758179413701944,1.2775741520706,1.316332331484302,1.3325861101152976,0.005493633158953499,8.0
2026-09-28 01:50:00,-0.026819916,0.0896775106630664,0.8899999801069498,17.099999617785215,0.038758179413701944,1.2775741520706,1.316332331484302,1.3791899257053317,0.005493633158953499,8.0
2026-09-28 02:00:00,-0.026819916,0.13610399539384493,0.8899999801069498,17.099999617785215,0.038758179413701944,1.2775741520706,1.316332331484302,1.4256164104361104,0.005493633158953499,8.0
2026-09-28 02:10:00,-0.026819916,0.1820293810125874,0.8899999801069498,17.099999617785215,0.038758179413701944,1.2775741520706,1.316332331484302,1.471541796054853,0.005493633158953499,8.0
2026-09-28 02:20:00,-0.026819916,0.22713618129997573,0.8899999801069498,17.099999617785215,0.038758179413701944,1.2775741520706,1.316332331484302,1.5166485963422411,0.005493633158953499,8.0
2026-09-28 02:30:00,-0.026819916,0.2711142533919357,0.8899999801069498,17.099999617785215,0.038758179413701944,1.2775741520706,1.316332331484302,1.5606266684342012,0.005493633158953499,8.0
2026-09-28 02:40:00,-0.026819916,0.3136617128828009,0.8899999801069498,17.099999617785215,0.038758179413701944,1.2775741520706,1.316332331484302,1.6031741279250664,0.005493633158953499,8.0
2026-09-28 02:50:00,-0.026819916,0.3544858431018729,0.8899999801069498,17.099999617785215,0.038758179413701944,1.2775741520706,1.316332331484302,1.6439982581441384,0.005493633158953499,8.0
2026-09-28 03:00:00,-0.026819916,0.3933041276802828,0.8999999798834324,18.829999579116702,0.04291843030977997,1.4147072447844145,1.4576256750941945,1.8241098863324408,0.005493633158953499,8.0
2026-09-28 03:10:00,-0.026819916,0.42984550835031987,0.8999999798834324,18.829999579116702,0.04291843030977997,1.4147072447844145,1.4576256750941945,1.8606512670024777,0.005493633158953499,8.0
2026-09-28 03:20:00,-0.026819916,0.46385193030334054,0.8999999798834324,18.829999579116702,0.04291843030977997,1.4147072447844145,1.4576256750941945,1.8946576889554985,0.005493633158953499,8.0
2026-09-28 03:30:00,-0.026819916,0.49508019006863335,0.8999999798834324,18.829999579116702,0.04291843030977997,1.4147072447844145,1.4576256750941945,1.9258859487207913,0.005493633158953499,8.0
2026-09-28 03:40:00,-0.026819916,0.5233040513167139,0.8999999798834324,18.829999579116702,0.04291843030977997,1.4147072447844145,1.4576256750941945,1.9541098099688718,0.005493633158953499,8.0
2026-09-28 03:50:00,-0.026819916,0.5483165480317093,0.8999999798834324,18.829999579116702,0.04291843030977997,1.4147072447844145,1.4576256750941945,1.979122306683867,0.005493633158953499,8.0
2026-09-28 04:00:00,-0.026819916,0.5699323574836866,0.8999999798834324,18.829999579116702,0.04291843030977997,1.4147072447844145,1.4576256750941945,2.0007381161358446,0.005493633158953499,8.0
2026-09-28 04:10:00,-0.026819916,0.5879901016563299,0.8999999798834324,18.829999579116702,0.04291843030977997,1.4147072447844145,1.4576256750941945,2.018795860308488,0.005493633158953499,8.0
2026-09-28 04:20:00,-0.026819916,0.6023544279147331,0.8999999798834324,18.829999579116702,0.04291843030977997,1.4147072447844145,1.4576256750941945,2.033160186566891,0.005493633158953499,8.0
2026-09-28 04:30:00,-0.026819916,0.6129177287766201,0.8999999798834324,18.829999579116702,0.04291843030977997,1.4147072447844145,1.4576256750941945,2.043723487428778,0.005493633158953499,8.0
2026-09-28 04:40:00,-0.026819916,0.6196013855179976,0.8999999798834324,18.829999579116702,0.04291843030977997,1.4147072447844145,1.4576256750941945,2.0504071441701557,0.005493633158953499,8.0
2026-09-28 04:50:00,-0.026819916,0.6223564582537136,0.8999999798834324,18.829999579116702,0.04291843030977997,1.4147072447844145,1.4576256750941945,2.0531622169058714,0.005493633158953499,8.0
2026-09-28 05:00:00,-0.026819916,0.6211637917382021,0.8999999798834324,18.829999579116702,0.04291843030977997,1.4147072447844145,1.4576256750941945,2.05196955039036,0.005493633158953499,8.0
2026-09-28 05:10:00,-0.026819916,0.6160335560976699,0.8999999798834324,18.829999579116702,0.04291843030977997,1.4147072447844145,1.4576256750941945,2.046839314749828,0.005493633158953499,8.0
2026-09-28 05:20:00,-0.026819916,0.6070042893855423,0.8999999798834324,18.829999579116702,0.04291843030977997,1.4147072447844145,1.4576256750941945,2.0378100480377004,0.005493633158953499,8.0
2026-09-28 05:30:00,-0.026819916,0.5941415488021247,0.8999999798834324,18.829999579116702,0.04291843030977997,1.4147072447844145,1.4576256750941945,2.0249473074542825,0.005493633158953499,8.0
2026-09-28 05:40:00,-0.026819916,0.5775363051092034,0.8999999798834324,18.829999579116702,0.04291843030977997,1.4147072447844145,1.4576256750941945,2.0083420637613614,0.005493633158953499,8.0
2026-09-28 05:50:00,-0.026819916,0.5573032270924977,0.8999999798834324,18.829999579116702,0.04291843030977997,1.4147072447844145,1.4576256750941945,1.9881089857446557,0.005493633158953499,8.0
2026-09-28 06:00:00,-0.026819916,0.5335789984840201,0.9299999792128801,18.27999959141016,0.04235356001856672,1.396087596125904,1.4384411561444708,1.9452002381864544,0.005493633158953499,8.0
2026-09-28 06:10:00,-0.026819916,0.5065207891356039,0.9299999792128801,18.27999959141016,0.04235356001856672,1.396087596125904,1.4384411561444708,1.9181420288380382,0.005493633158953499,8.0
2026-09-28 06:20:00,-0.026819916,0.47630496784061677,0.9299999792128801,18.27999959141016,0.04235356001856672,1.396087596125904,1.4384411561444708,1.887926207543051,0.005493633158953499,8.0
2026-09-28 06:30:00,-0.026819916,0.44312609997018726,0.9299999792128801,18.27999959141016,0.04235356001856672,1.396087596125904,1.4384411561444708,1.8547473396726213,0.005493633158953499,8.0
2026-09-28 06:40:00,-0.026819916,0.4071962242610478,0.9299999792128801,18.27999959141016,0.04235356001856672,1.396087596125904,1.4384411561444708,1.818817463963482,0.005493633158953499,8.0
2026-09-28 06:50:00,-0.026819916,0.3687443551649285,0.9299999792128801,18.27999959141016,0.04235356001856672,1.396087596125904,1.4384411561444708,1.7803655948673627,0.005493633158953499,8.0
2026-09-28 07:00:00,-0.026819916,0.3280161159089037,0.9299999792128801,18.27999959141016,0.04235356001856672,1.396087596125904,1.4384411561444708,1.7396373556113378,0.005493633158953499,8.0
2026-09-28 07:10:00,-0.026819916,0.2852733774445683,0.9299999792128801,18.27999959141016,0.04235356001856672,1.396087596125904,1.4384411561444708,1.6968946171470025,0.005493633158953499,8.0
2026-09-28 07:20:00,-0.026819916,0.2407937635672511,0.9299999792128801,18.27999959141016,0.04235356001856672,1.396087596125904,1.4384411561444708,1.6524150032696852,0.005493633158953499,8.0
2026-09-28 07:30:00,-0.026819916,0.19486988427955973,0.9299999792128801,18.27999959141016,0.04235356001856672,1.396087596125904,1.4384411561444708,1.606491123981994,0.005493633158953499,8.0
2026-09-28 07:40:00,-0.026819916,0.14780817813940123,0.9299999792128801,18.27999959141016,0.04235356001856672,1.396087596125904,1.4384411561444708,1.5594294178418353,0.005493633158953499,8.0
2026-09-28 07:50:00,-0.026819916,0.09992727774420171,0.9299999792128801,18.27999959141016,0.04235356001856672,1.396087596125904,1.4384411561444708,1.5115485174466359,0.005493633158953499,8.0
2026-09-28 08:00:00,-0.026819916,0.05155585709053786,0.9299999792128801,18.27999959141016,0.04235356001856672,1.396087596125904,1.4384411561444708,1.463177096792972,0.005493633158953499,8.0
2026-09-28 08:10:00,-0.026819916,0.00302997041757378,0.9299999792128801,18.27999959141016,0.04235356001856672,1.396087596125904,1.4384411561444708,1.414651210120008,0.005493633158953499,8.0
2026-09-28 08:20:00,-0.026819916,-0.04531005651197976,0.9299999792128801,18.27999959141016,0.04235356001856672,1.396087596125904,1.4384411561444708,1.3663111831904544,0.005493633158953499,8.0
2026-09-28 08:30:00,-0.026819916,-0.09312307542436347,0.9299999792128801,18.27999959141016,0.04235356001856672,1.396087596125904,1.4384411561444708,1.3184981642780707,0.005493633158953499,8.0
2026-09-28 08:40:00,-0.026819916,-0.14007076176773334,0.9299999792128801,18.27999959141016,0.04235356001856672,1.396087596125904,1.4384411561444708,1.2715504779347009,0.005493633158953499,8.0
2026-09-28 08:50:00,-0.026819916,-0.18582129353385035,0.9299999792128801,18.27999959141016,0.04235356001856672,1.396087596125904,1.4384411561444708,1.2257999461685838,0.005493633158953499,8.0
2026-09-28 09:00:00,-0.026819916,-0.23005289344955102,0.979999978095293,17.869999600574374,0.042502046822522024,1.4009821217596288,1.443484168582151,1.1866113586905631,0.005493633158953499,8.0
2026-09-28 09:10:00,-0.026819916,-0.27245707799591684,0.979999978095293,17.869999600574374,0.042502046822522024,1.4009821217596288,1.443484168582151,1.1442071741441975,0.005493633158953499,8.0
2026-09-28 09:20:00,-0.026819916,-0.31274148540596075,0.979999978095293,17.869999600574374,0.042502046822522024,1.4009821217596288,1.443484168582151,1.1039227667341536,0.005493633158953499,8.0
2026-09-28 09:30:00,-0.026819916,-0.35063219628925846,0.979999978095293,17.869999600574374,0.042502046822522024,1.4009821217596288,1.443484168582151,1.0660320558508558,0.005493633158953499,8.0
2026-09-28 09:40:00,-0.026819916,-0.38587551004402165,0.979999978095293,17.869999600574374,0.042502046822522024,1.4009821217596288,1.443484168582151,1.0307887420960926,0.005493633158953499,8.0
2026-09-28 09:50:00,-0.026819916,-0.4182391924263352,0.979999978095293,17.869999600574374,0.042502046822522024,1.4009821217596288,1.443484168582151,0.998425059713779,0.005493633158953499,8.0
2026-09-28 10:00:00,-0.026819916,-0.44751325841603107,0.979999978095293,17.869999600574374,0.042502046822522024,1.4009821217596288,1.443484168582151,0.9691509937240832,0.005493633158953499,8.0
2026-09-28 10:10:00,-0.026819916,-0.4735103946239184,0.979999978095293,17.869999600574374,0.042502046822522024,1.4009821217596288,1.443484168582151,0.9431538575161958,0.005493633158953499,8.0
2026-09-28 10:20:00,-0.026819916,-0.4960661522105661,0.979999978095293,17.869999600574374,0.042502046822522024,1.4009821217596288,1.443484168582151,0.9205980999295482,0.005493633158953499,8.0
2026-09-28 10:30:00,-0.026819916,-0.5150390517682576,0.979999978095293,17.869999600574374,0.042502046822522024,1.4009821217596288,1.443484168582151,0.9016252003718567,0.005493633158953499,8.0
2026-09-28 10:40:00,-0.026819916,-0.5303107346382684,0.979999978095293,17.869999600574374,0.042502046822522024,1.4009821217596288,1.443484168582151,0.8863535175018459,0.005493633158953499,8.0
2026-09-28 10:50:00,-0.026819916,-0.5417862715070235,0.979999978095293,17.869999600574374,0.042502046822522024,1.4009821217596288,1.443484168582151,0.8748779806330907,0.005493633158953499,8.0
2026-09-28 11:00:00,-0.026819916,-0.549394701601761,0.979999978095293,17.869999600574374,0.042502046822522024,1.4009821217596288,1.443484168582151,0.8672695505383533,0.005493633158953499,8.0
2026-09-28 11:10:00,-0.026819916,-0.5530898286315585,0.979999978095293,17.869999600574374,0.042502046822522024,1.4009821217596288,1.443484168582151,0.8635744235085557,0.005493633158953499,8.0
2026-09-28 11:20:00,-0.026819916,-0.5528512482725779,0.979999978095293,17.869999600574374,0.042502046822522024,1.4009821217596288,1.443484168582151,0.8638130038675363,0.005493633158953499,8.0
2026-09-28 11:30:00,-0.026819916,-0.5486855323585815,0.979999978095293,17.869999600574374,0.042502046822522024,1.4009821217596288,1.443484168582151,0.8679787197815327,0.005493633158953499,8.0
2026-09-28 11:40:00,-0.026819916,-0.5406274527949184,0.979999978095293,17.869999600574374,0.042502046822522024,1.4009821217596288,1.443484168582151,0.8760367993451958,0.005493633158953499,8.0
2026-09-28 11:50:00,-0.026819916,-0.5287410985448218,0.979999978095293,17.869999600574374,0.042502046822522024,1.4009821217596288,1.443484168582151,0.8879231535952925,0.005493633158953499,8.0
2026-09-28 12:00:00,-0.026819916,-0.5131207254014738,1.0099999774247408,17.599999606609344,0.042495760892881554,1.4007749205610203,1.4432706814539018,0.9033300396103914,0.005493633158953499,8.0
2026-09-28 12:10:00,-0.026819916,-0.49389118252740866,1.0099999774247408,17.599999606609344,0.042495760892881554,1.4007749205610203,1.4432706814539018,0.9225595824844566,0.005493633158953499,8.0
2026-09-28 12:20:00,-0.026819916,-0.4712077817386479,1.0099999774247408,17.599999606609344,0.042495760892881554,1.4007749205610203,1.4432706814539018,0.9452429832732172,0.005493633158953499,8.0
2026-09-28 12:30:00,-0.026819916,-0.4452555130530249,1.0099999774247408,17.599999606609344,0.042495760892881554,1.4007749205610203,1.4432706814539018,0.9711952519588403,0.005493633158953499,8.0
2026-09-28 12:40:00,-0.026819916,-0.41624755936818697,1.0099999774247408,17.599999606609344,0.042495760892881554,1.4007749205610203,1.4432706814539018,1.0002032056436783,0.005493633158953499,8.0
2026-09-28 12:50:00,-0.026819916,-0.38442311886334424,1.0099999774247408,17.599999606609344,0.042495760892881554,1.4007749205610203,1.4432706814539018,1.032027646148521,0.005493633158953499,8.0
2026-09-28 13:00:00,-0.026819916,-0.3500446002059859,1.0099999774247408,17.599999606609344,0.042495760892881554,1.4007749205610203,1.4432706814539018,1.0664061648058794,0.005493633158953499,8.0
2026-09-28 13:10:00,-0.026819916,-0.3133943065284774,1.0099999774247408,17.599999606609344,0.042495760892881554,1.4007749205610203,1.4432706814539018,1.1030564584833877,0.005493633158953499,8.0
2026-09-28 13:20:00,-0.026819916,-0.27477076423656377,1.0099999774247408,17.599999606609344,0.042495760892881554,1.4007749205610203,1.4432706814539018,1.1416800007753014,0.005493633158953499,8.0
2026-09-28 13:30:00,-0.026819916,-0.234484877661369,1.0099999774247408,17.599999606609344,0.042495760892881554,1.4007749205610203,1.4432706814539018,1.1819658873504961,0.005493633158953499,8.0
2026-09-28 13:40:00,-0.026819916,-0.19285609772432094,1.0099999774247408,17.599999606609344,0.042495760892881554,1.4007749205610203,1.4432706814539018,1.2235946672875442,0.005493633158953499,8.0
2026-09-28 13:50:00,-0.026819916,-0.15020878160542459,1.0099999774247408,17.599999606609344,0.042495760892881554,1.4007749205610203,1.4432706814539018,1.2662419834064407,0.005493633158953499,8.0
2026-09-28 14:00:00,-0.026819916,-0.10686889203997486,1.0099999774247408,17.599999606609344,0.042495760892881554,1.4007749205610203,1.4432706814539018,1.3095818729718904,0.005493633158953499,8.0
2026-09-28 14:10:00,-0.026819916,-0.06316114280613538,1.0099999774247408,17.599999606609344,0.042495760892881554,1.4007749205610203,1.4432706814539018,1.3532896222057298,0.005493633158953499,8.0
2026-09-28 14:20:00,-0.026819916,-0.01940664552607501,1.0099999774247408,17.599999606609344,0.042495760892881554,1.4007749205610203,1.4432706814539018,1.39704411948579,0.005493633158953499,8.0
2026-09-28 14:30:00,-0.026819916,0.02407894182881428,1.0099999774247408,17.599999606609344,0.042495760892881554,1.4007749205610203,1.4432706814539018,1.4405297068406795,0.005493633158953499,8.0
2026-09-28 14:40:00,-0.026819916,0.06698681677425956,1.0099999774247408,17.599999606609344,0.042495760892881554,1.4007749205610203,1.4432706814539018,1.4834375817861247,0.005493633158953499,8.0
2026-09-28 14:50:00,-0.026819916,0.10901608060044483,1.0099999774247408,17.599999606609344,0.042495760892881554,1.4007749205610203,1.4432706814539018,1.52546684561231,0.005493633158953499,8.0
2026-09-28 15:00:00,-0.026819916,0.1498745605674184,1.029999976977706,17.329999612644315,0.042256101798272744,1.3928751102703283,1.435131212068601,1.5581858561939828,0.005493633158953499,8.0
2026-09-28 15:10:00,-0.026819916,0.18927954854585974,1.029999976977706,17.329999612644315,0.042256101798272744,1.3928751102703283,1.435131212068601,1.5975908441724243,0.005493633158953499,8.0
2026-09-28 15:20:00,-0.026819916,0.22695859622388068,1.029999976977706,17.329999612644315,0.042256101798272744,1.3928751102703283,1.435131212068601,1.6352698918504451,0.005493633158953499,8.0
2026-09-28 15:30:00,-0.026819916,0.26265048767172605,1.029999976977706,17.329999612644315,0.042256101798272744,1.3928751102703283,1.435131212068601,1.6709617832982904,0.005493633158953499,8.0
2026-09-28 15:40:00,-0.026819916,0.29610647606221147,1.029999976977706,17.329999612644315,0.042256101798272744,1.3928751102703283,1.435131212068601,1.7044177716887758,0.005493633158953499,8.0
2026-09-28 15:50:00,-0.026819916,0.3270918271475498,1.029999976977706,17.329999612644315,0.042256101798272744,1.3928751102703283,1.435131212068601,1.7354031227741142,0.005493633158953499,8.0
2026-09-28 16:00:00,-0.026819916,0.35538766241656006,1.029999976977706,17.329999612644315,0.042256101798272744,1.3928751102703283,1.435131212068601,1.7636989580431246,0.005493633158953499,8.0
2026-09-28 16:10:00,-0.026819916,0.3807930460285004,1.029999976977706,17.329999612644315,0.042256101798272744,1.3928751102703283,1.435131212068601,1.7891043416550647,0.005493633158953499,8.0
2026-09-28 16:20:00,-0.026819916,0.4031272167618461,1.029999976977706,17.329999612644315,0.042256101798272744,1.3928751102703283,1.435131212068601,1.8114385123884105,0.005493633158953499,8.0
2026-09-28 16:30:00,-0.026819916,0.4222318346861774,1.029999976977706,17.329999612644315,0.042256101798272744,1.3928751102703283,1.435131212068601,1.830543130312742,0.005493633158953499,8.0
2026-09-28 16:40:00,-0.026819916,0.4379730953724507,1.029999976977706,17.329999612644315,0.042256101798272744,1.3928751102703283,1.435131212068601,1.8462843909990152,0.005493633158953499,8.0
2026-09-28 16:50:00,-0.026819916,0.45024356427060414,1.029999976977706,17.329999612644315,0.042256101798272744,1.3928751102703283,1.435131212068601,1.8585548598971686,0.005493633158953499,8.0
2026-09-28 17:00:00,-0.026819916,0.4589636003942526,1.029999976977706,17.329999612644315,0.042256101798272744,1.3928751102703283,1.435131212068601,1.867274896020817,0.005493633158953499,8.0
2026-09-28 17:10:00,-0.026819916,0.4640822696381283,1.029999976977706,17.329999612644315,0.042256101798272744,1.3928751102703283,1.435131212068601,1.8723935652646928,0.005493633158953499,8.0
2026-09-28 17:20:00,-0.026819916,0.4655776905211394,1.029999976977706,17.329999612644315,0.042256101798272744,1.3928751102703283,1.435131212068601,1.873888986147704,0.005493633158953499,8.0
2026-09-28 17:30:00,-0.026819916,0.4634568038107881,1.029999976977706,17.329999612644315,0.042256101798272744,1.3928751102703283,1.435131212068601,1.8717680994373525,0.005493633158953499,8.0
2026-09-28 17:40:00,-0.026819916,0.45775460702519843,1.029999976977706,17.329999612644315,0.042256101798272744,1.3928751102703283,1.435131212068601,1.866065902651763,0.005493633158953499,8.0
2026-09-28 17:50:00,-0.026819916,0.44853293935727034,1.029999976977706,17.329999612644315,0.042256101798272744,1.3928751102703283,1.435131212068601,1.8568442349838348,0.005493633158953499,8.0
2026-09-28 18:00:00,-0.026819916,0.43587893723429744,1.0499999765306711,16.909999622032046,0.041630393137940334,1.3722500648409548,1.413880457978895,1.822939478771156,0.005493633158953499,8.0
2026-09-28 18:10:00,-0.026819916,0.4199033014834296,1.0499999765306711,16.909999622032046,0.041630393137940334,1.3722500648409548,1.413880457978895,1.806963843020288,0.005493633158953499,8.0
2026-09-28 18:20:00,-0.026819916,0.4007385216593788,1.0499999765306711,16.909999622032046,0.041630393137940334,1.3722500648409548,1.413880457978895,1.7877990631962373,0.005493633158953499,8.0
2026-09-28 18:30:00,-0.026819916,0.3785371909948664,1.0499999765306711,16.909999622032046,0.041630393137940334,1.3722500648409548,1.413880457978895,1.7655977325317247,0.005493633158953499,8.0
2026-09-28 18:40:00,-0.026819916,0.35347051815812364,1.0499999765306711,16.909999622032046,0.041630393137940334,1.3722500648409548,1.413880457978895,1.7405310596949821,0.005493633158953499,8.0
2026-09-28 18:50:00,-0.026819916,0.3257271026674181,1.0499999765306711,16.909999622032046,0.041630393137940334,1.3722500648409548,1.413880457978895,1.7127876442042766,0.005493633158953499,8.0
2026-09-28 19:00:00,-0.026819916,0.29551199413694057,1.0499999765306711,16.909999622032046,0.041630393137940334,1.3722500648409548,1.413880457978895,1.682572535673799,0.005493633158953499,8.0
2026-09-28 19:10:00,-0.026819916,0.26304600673657286,1.0499999765306711,16.909999622032046,0.041630393137940334,1.3722500648409548,1.413880457978895,1.6501065482734312,0.005493633158953499,8.0
2026-09-28 19:20:00,-0.026819916,0.22856521531878848,1.0499999765306711,16.909999622032046,0.041630393137940334,1.3722500648409548,1.413880457978895,1.615625756855647,0.005493633158953499,8.0
2026-09-28 19:30:00,-0.026819916,0.19232052358684879,1.0499999765306711,16.909999622032046,0.041630393137940334,1.3722500648409548,1.413880457978895,1.5793810651237072,0.005493633158953499,8.0
2026-09-28 19:40:00,-0.026819916,0.1545771719474489,1.0499999765306711,16.909999622032046,0.041630393137940334,1.3722500648409548,1.413880457978895,1.5416377134843073,0.005493633158953499,8.0
2026-09-28 19:50:00,-0.026819916,0.11561404597406498,1.0499999765306711,16.909999622032046,0.041630393137940334,1.3722500648409548,1.413880457978895,1.5026745875109233,0.005493633158953499,8.0
2026-09-28 20:00:00,-0.026819916,0.07572265661806714,1.0499999765306711,16.909999622032046,0.041630393137940334,1.3722500648409548,1.413880457978895,1.4627831981549255,0.005493633158953499,8.0
2026-09-28 20:10:00,-0.026819916,0.0352056896503475,1.0499999765306711,16.909999622032046,0.041630393137940334,1.3722500648409548,1.413880457978895,1.4222662311872059,0.005493633158953499,8.0
2026-09-28 20:20:00,-0.026819916,-0.005624938851553233,1.0499999765306711,16.909999622032046,0.041630393137940334,1.3722500648409548,1.413880457978895,1.3814356026853052,0.005493633158953499,8.0
2026-09-28 20:30:00,-0.026819916,-0.04645053565225169,1.0499999765306711,16.909999622032046,0.041630393137940334,1.3722500648409548,1.413880457978895,1.3406100058846067,0.005493633158953499,8.0
2026-09-28 20:40:00,-0.026819916,-0.0869485552211209,1.0499999765306711,16.909999622032046,0.041630393137940334,1.3722500648409548,1.413880457978895,1.3001119863157375,0.005493633158953499,8.0
2026-09-28 20:50:00,-0.026819916,-0.12679590958014822,1.0499999765306711,16.909999622032046,0.041630393137940334,1.3722500648409548,1.413880457978895,1.2602646319567101,0.005493633158953499,8.0
2026-09-28 21:00:00,-0.026819916,-0.16567253490342862,1.0699999760836363,16.359999634325504,0.040658134033411335,1.3402017818758774,1.3808599159092887,1.1883674645638234,0.005493633158953499,8.0
2026-09-28 21:10:00,-0.026819916,-0.20326505731839692,1.0699999760836363,16.359999634325504,0.040658134033411335,1.3402017818758774,1.3808599159092887,1.1507749421488551,0.005493633158953499,8.0
2026-09-28 21:20:00,-0.026819916,-0.2392703870576634,1.0699999760836363,16.359999634325504,0.040658134033411335,1.3402017818758774,1.3808599159092887,1.1147696124095887,0.005493633158953499,8.0
2026-09-28 21:30:00,-0.026819916,-0.2733990742655754,1.0699999760836363,16.359999634325504,0.040658134033411335,1.3402017818758774,1.3808599159092887,1.0806409252016766,0.005493633158953499,8.0
2026-09-28 21:40:00,-0.026819916,-0.3053782807069812,1.0699999760836363,16.359999634325504,0.040658134033411335,1.3402017818758774,1.3808599159092887,1.048661718760271,0.005493633158953499,8.0
2026-09-28 21:50:00,-0.026819916,-0.3349542575840267,1.0699999760836363,16.359999634325504,0.040658134033411335,1.3402017818758774,1.3808599159092887,1.0190857418832253,0.005493633158953499,8.0
2026-09-28 22:00:00,-0.026819916,-0.36189426599062485,1.0699999760836363,16.359999634325504,0.040658134033411335,1.3402017818758774,1.3808599159092887,0.9921457334766273,0.005493633158953499,8.0
2026-09-28 22:10:00,-0.026819916,-0.3859879288433679,1.0699999760836363,16.359999634325504,0.040658134033411335,1.3402017818758774,1.3808599159092887,0.9680520706238842,0.005493633158953499,8.0
2026-09-28 22:20:00,-0.026819916,-0.40704805476660744,1.0699999760836363,16.359999634325504,0.040658134033411335,1.3402017818758774,1.3808599159092887,0.9469919447006446,0.005493633158953499,8.0
2026-09-28 22:30:00,-0.026819916,-0.4249110204453437,1.0699999760836363,16.359999634325504,0.040658134033411335,1.3402017818758774,1.3808599159092887,0.9291289790219084,0.005493633158953499,8.0
2026-09-28 22:40:00,-0.026819916,-0.4394368325727493,1.0699999760836363,16.359999634325504,0.040658134033411335,1.3402017818758774,1.3808599159092887,0.9146031668945027,0.005493633158953499,8.0
2026-09-28 22:50:00,-0.026819916,-0.45050901031442364,1.0699999760836363,16.359999634325504,0.040658134033411335,1.3402017818758774,1.3808599159092887,0.9035309891528285,0.005493633158953499,8.0
2026-09-28 23:00:00,-0.026819916,-0.4580344318475331,1.0699999760836363,16.359999634325504,0.040658134033411335,1.3402017818758774,1.3808599159092887,0.896005567619719,0.005493633158953499,8.0
2026-09-28 23:10:00,-0.026819916,-0.46194327372174754,1.0699999760836363,16.359999634325504,0.040658134033411335,1.3402017818758774,1.3808599159092887,0.8920967257455046,0.005493633158953499,8.0
2026-09-28 23:20:00,-0.026819916,-0.4621891414434607,1.0699999760836363,16.359999634325504,0.040658134033411335,1.3402017818758774,1.3808599159092887,0.8918508580237914,0.005493633158953499,8.0
2026-09-28 23:30:00,-0.026819916,-0.4587494470819419,1.0699999760836363,16.359999634325504,0.040658134033411335,1.3402017818758774,1.3808599159092887,0.8952905523853102,0.005493633158953499,8.0
2026-09-28 23:40:00,-0.026819916,-0.451626039993817,1.0699999760836363,16.359999634325504,0.040658134033411335,1.3402017818758774,1.3808599159092887,0.9024139594734351,0.005493633158953499,8.0
2026-09-28 23:50:00,-0.026819916,-0.44084604543484823,1.0699999760836363,16.359999634325504,0.040658134033411335,1.3402017818758774,1.3808599159092887,0.9131939540324039,0.005493633158953499,8.0
2026-09-29 00:00:00,-0.06747579,-0.4264628190410628,1.099999975413084,16.089999640360475,0.040543817818206394,1.3364336110299389,1.3769774288481453,0.8830388215118135,0.005493633158953499,8.0
2026-09-29 00:10:00,-0.06747579,-0.4085568882057121,1.099999975413084,16.089999640360475,0.040543817818206394,1.3364336110299389,1.3769774288481453,0.9009447523471642,0.005493633158953499,8.0
2026-09-29 00:20:00,-0.06747579,-0.3872367287504668,1.099999975413084,16.089999640360475,0.040543817818206394,1.3364336110299389,1.3769774288481453,0.9222649118024095,0.005493633158953499,8.0
2026-09-29 00:30:00,-0.06747579,-0.36263921970643564,1.099999975413084,16.089999640360475,0.040543817818206394,1.3364336110299389,1.3769774288481453,0.9468624208464407,0.005493633158953499,8.0
2026-09-29 00:40:00,-0.06747579,-0.33492963146829396,1.099999975413084,16.089999640360475,0.040543817818206394,1.3364336110299389,1.3769774288481453,0.9745720090845824,0.005493633158953499,8.0
2026-09-29 00:50:00,-0.06747579,-0.304301031832517,1.099999975413084,16.089999640360475,0.040543817818206394,1.3364336110299389,1.3769774288481453,1.0052006087203593,0.005493633158953499,8.0
2026-09-29 01:00:00,-0.06747579,-0.2709730376997894,1.099999975413084,16.089999640360475,0.040543817818206394,1.3364336110299389,1.3769774288481453,1.038528602853087,0.005493633158953499,8.0
2026-09-29 01:10:00,-0.06747579,-0.23518989262058193,1.099999975413084,16.089999640360475,0.040543817818206394,1.3364336110299389,1.3769774288481453,1.0743117479322943,0.005493633158953499,8.0
2026-09-29 01:20:00,-0.06747579,-0.19721790675169118,1.099999975413084,16.089999640360475,0.040543817818206394,1.3364336110299389,1.3769774288481453,1.1122837338011853,0.005493633158953499,8.0
2026-09-29 01:30:00,-0.06747579,-0.15734234954836948,1.099999975413084,16.089999640360475,0.040543817818206394,1.3364336110299389,1.3769774288481453,1.1521592910045069,0.005493633158953499,8.0
2026-09-29 01:40:00,-0.06747579,-0.11586393144828358,1.099999975413084,16.089999640360475,0.040543817818206394,1.3364336110299389,1.3769774288481453,1.1936377091045927,0.005493633158953499,8.0
2026-09-29 01:50:00,-0.06747579,-0.07309504342357535,1.099999975413084,16.089999640360475,0.040543817818206394,1.3364336110299389,1.3769774288481453,1.236406597129301,0.005493633158953499,8.0
2026-09-29 02:00:00,-0.06747579,-0.02935593944836107,1.099999975413084,16.089999640360475,0.040543817818206394,1.3364336110299389,1.3769774288481453,1.2801457011045152,0.005493633158953499,8.0
2026-09-29 02:10:00,-0.06747579,0.015028955132662922,1.099999975413084,16.089999640360475,0.040543817818206394,1.3364336110299389,1.3769774288481453,1.3245305956855393,0.005493633158953499,8.0
2026-09-29 02:20:00,-0.06747579,0.05973444653280702,1.099999975413084,16.089999640360475,0.040543817818206394,1.3364336110299389,1.3769774288481453,1.3692360870856835,0.005493633158953499,8.0
2026-09-29 02:30:00,-0.06747579,0.10443755950802919,1.099999975413084,16.089999640360475,0.040543817818206394,1.3364336110299389,1.3769774288481453,1.4139392000609055,0.005493633158953499,8.0
2026-09-29 02:40:00,-0.06747579,0.14882002884053497,1.099999975413084,16.089999640360475,0.040543817818206394,1.3364336110299389,1.3769774288481453,1.4583216693934113,0.005493633158953499,8.0
2026-09-29 02:50:00,-0.06747579,0.19257026943775596,1.099999975413084,16.089999640360475,0.040543817818206394,1.3364336110299389,1.3769774288481453,1.5020719099906323,0.005493633158953499,8.0
2026-09-29 03:00:00,-0.06747579,0.23538485381405644,1.1199999749660492,15.87999964505434,0.040376787712054406,1.3309278481312317,1.371304635843286,1.5392137013620735,0.005493633158953499,8.0
2026-09-29 03:10:00,-0.06747579,0.2769695747072806,1.1199999749660492,15.87999964505434,0.040376787712054406,1.3309278481312317,1.371304635843286,1.5807984222552978,0.005493633158953499,8.0
2026-09-29 03:20:00,-0.06747579,0.3170402089978393,1.1199999749660492,15.87999964505434,0.040376787712054406,1.3309278481312317,1.371304635843286,1.6208690565458563,0.005493633158953499,8.0
2026-09-29 03:30:00,-0.06747579,0.35532312283846895,1.1199999749660492,15.87999964505434,0.040376787712054406,1.3309278481312317,1.371304635843286,1.659151970386486,0.005493633158953499,8.0
2026-09-29 03:40:00,-0.06747579,0.39155586434547696,1.1199999749660492,15.87999964505434,0.040376787712054406,1.3309278481312317,1.371304635843286,1.6953847118934942,0.005493633158953499,8.0
2026-09-29 03:50:00,-0.06747579,0.425487879307138,1.1199999749660492,15.87999964505434,0.040376787712054406,1.3309278481312317,1.371304635843286,1.729316726855155,0.005493633158953499,8.0
2026-09-29 04:00:00,-0.06747579,0.4568814580524048,1.1199999749660492,15.87999964505434,0.040376787712054406,1.3309278481312317,1.371304635843286,1.7607103056004219,0.005493633158953499,8.0
2026-09-29 04:10:00,-0.06747579,0.4855129819607584,1.1199999749660492,15.87999964505434,0.040376787712054406,1.3309278481312317,1.371304635843286,1.7893418295087755,0.005493633158953499,8.0
2026-09-29 04:20:00,-0.06747579,0.5111744898498493,1.1199999749660492,15.87999964505434,0.040376787712054406,1.3309278481312317,1.371304635843286,1.8150033373978665,0.005493633158953499,8.0
2026-09-29 04:30:00,-0.06747579,0.5336755342561329,1.1199999749660492,15.87999964505434,0.040376787712054406,1.3309278481312317,1.371304635843286,1.83750438180415,0.005493633158953499,8.0
2026-09-29 04:40:00,-0.06747579,0.5528452502434837,1.1199999749660492,15.87999964505434,0.040376787712054406,1.3309278481312317,1.371304635843286,1.8566740977915008,0.005493633158953499,8.0
2026-09-29 04:50:00,-0.06747579,0.5685345210646408,1.1199999749660492,15.87999964505434,0.040376787712054406,1.3309278481312317,1.371304635843286,1.8723633686126577,0.005493633158953499,8.0
2026-09-29 05:00:00,-0.06747579,0.5806180995898389,1.1199999749660492,15.87999964505434,0.040376787712054406,1.3309278481312317,1.371304635843286,1.884446947137856,0.005493633158953499,8.0
2026-09-29 05:10:00,-0.06747579,0.5889965349637829,1.1199999749660492,15.87999964505434,0.040376787712054406,1.3309278481312317,1.371304635843286,1.8928253825118,0.005493633158953499,8.0
2026-09-29 05:20:00,-0.06747579,0.5935977615674031,1.1199999749660492,15.87999964505434,0.040376787712054406,1.3309278481312317,1.371304635843286,1.8974266091154202,0.005493633158953499,8.0
2026-09-29 05:30:00,-0.06747579,0.5943782308728831,1.1199999749660492,15.87999964505434,0.040376787712054406,1.3309278481312317,1.371304635843286,1.8982070784209002,0.005493633158953499,8.0
2026-09-29 05:40:00,-0.06747579,0.5913235037695475,1.1199999749660492,15.87999964505434,0.040376787712054406,1.3309278481312317,1.371304635843286,1.8951523513175645,0.005493633158953499,8.0
2026-09-29 05:50:00,-0.06747579,0.5844482668561543,1.1199999749660492,15.87999964505434,0.040376787712054406,1.3309278481312317,1.371304635843286,1.8882771144041715,0.005493633158953499,8.0
2026-09-29 06:00:00,-0.06747579,0.5737957860178813,1.1399999745190144,15.589999651536345,0.039991785641441326,1.3182371412572387,1.35822892689868,1.8645489246212923,0.005493633158953499,8.0
2026-09-29 06:10:00,-0.06747579,0.5594368584685975,1.1399999745190144,15.589999651536345,0.039991785641441326,1.3182371412572387,1.35822892689868,1.8501899970720084,0.005493633158953499,8.0
2026-09-29 06:20:00,-0.06747579,0.5414683650388259,1.1399999745190144,15.589999651536345,0.039991785641441326,1.3182371412572387,1.35822892689868,1.832221503642237,0.005493633158953499,8.0
2026-09-29 06:30:00,-0.06747579,0.5200115531256768,1.1399999745190144,15.589999651536345,0.039991785641441326,1.3182371412572387,1.35822892689868,1.8107646917290878,0.005493633158953499,8.0
2026-09-29 06:40:00,-0.06747579,0.4952101942601138,1.1399999745190144,15.589999651536345,0.039991785641441326,1.3182371412572387,1.35822892689868,1.785963332863525,0.005493633158953499,8.0
2026-09-29 06:50:00,-0.06747579,0.46722875715113804,1.1399999745190144,15.589999651536345,0.039991785641441326,1.3182371412572387,1.35822892689868,1.757981895754549,0.005493633158953499,8.0
2026-09-29 07:00:00,-0.06747579,0.43625071788673475,1.1399999745190144,15.589999651536345,0.039991785641441326,1.3182371412572387,1.35822892689868,1.7270038564901458,0.005493633158953499,8.0
2026-09-29 07:10:00,-0.06747579,0.40247709582501373,1.1399999745190144,15.589999651536345,0.039991785641441326,1.3182371412572387,1.35822892689868,1.6932302344284247,0.005493633158953499,8.0
2026-09-29 07:20:00,-0.06747579,0.3661252607795637,1.1399999745190144,15.589999651536345,0.039991785641441326,1.3182371412572387,1.35822892689868,1.6568783993829748,0.005493633158953499,8.0
2026-09-29 07:30:00,-0.06747579,0.3274280090710389,1.1399999745190144,15.589999651536345,0.039991785641441326,1.3182371412572387,1.35822892689868,1.6181811476744499,0.005493633158953499,8.0
2026-09-29 07:40:00,-0.06747579,0.28663285893544543,1.1399999745190144,15.589999651536345,0.039991785641441326,1.3182371412572387,1.35822892689868,1.5773859975388564,0.005493633158953499,8.0
2026-09-29 07:50:00,-0.06747579,0.24400147477962303,1.1399999745190144,15.589999651536345,0.039991785641441326,1.3182371412572387,1.35822892689868,1.534754613383034,0.005493633158953499,8.0
2026-09-29 08:00:00,-0.06747579,0.199809100086257,1.1399999745190144,15.589999651536345,0.039991785641441326,1.3182371412572387,1.35822892689868,1.490562238689668,0.005493633158953499,8.0
2026-09-29 08:10:00,-0.06747579,0.15434386372198158,1.1399999745190144,15.589999651536345,0.039991785641441326,1.3182371412572387,1.35822892689868,1.4450970023253926,0.005493633158953499,8.0
2026-09-29 08:20:00,-0.06747579,0.10790582601467648,1.1399999745190144,15.589999651536345,0.039991785641441326,1.3182371412572387,1.35822892689868,1.3986589646180876,0.005493633158953499,8.0
2026-09-29 08:30:00,-0.06747579,0.060805649392818725,1.1399999745190144,15.589999651536345,0.039991785641441326,1.3182371412572387,1.35822892689868,1.3515587879962296,0.005493633158953499,8.0
2026-09-29 08:40:00,-0.06747579,0.013362811342258692,1.1399999745190144,15.589999651536345,0.039991785641441326,1.3182371412572387,1.35822892689868,1.3041159499456696,0.005493633158953499,8.0
2026-09-29 08:50:00,-0.06747579,-0.034096678032858874,1.1399999745190144,15.589999651536345,0.039991785641441326,1.3182371412572387,1.35822892689868,1.2566564605705521,0.005493633158953499,8.0
2026-09-29 09:00:00,-0.06747579,-0.08124304114764608,1.149999974295497,15.089999662712216,0.03887858184532729,1.281542941028644,1.3204215228739713,1.1717026934310562,0.005493633158953499,8.0
2026-09-29 09:10:00,-0.06747579,-0.12774591653034592,1.149999974295497,15.089999662712216,0.03887858184532729,1.281542941028644,1.3204215228739713,1.1251998180483564,0.005493633158953499,8.0
2026-09-29 09:20:00,-0.06747579,-0.17327785058603154,1.149999974295497,15.089999662712216,0.03887858184532729,1.281542941028644,1.3204215228739713,1.0796678839926708,0.005493633158953499,8.0
2026-09-29 09:30:00,-0.06747579,-0.21751795119190567,1.149999974295497,15.089999662712216,0.03887858184532729,1.281542941028644,1.3204215228739713,1.0354277833867966,0.005493633158953499,8.0
2026-09-29 09:40:00,-0.06747579,-0.26015553531128705,1.149999974295497,15.089999662712216,0.03887858184532729,1.281542941028644,1.3204215228739713,0.9927901992674153,0.005493633158953499,8.0
2026-09-29 09:50:00,-0.06747579,-0.3008935982276185,1.149999974295497,15.089999662712216,0.03887858184532729,1.281542941028644,1.3204215228739713,0.9520521363510838,0.005493633158953499,8.0
2026-09-29 10:00:00,-0.06747579,-0.33945194474743695,1.149999974295497,15.089999662712216,0.03887858184532729,1.281542941028644,1.3204215228739713,0.9134937898312654,0.005493633158953499,8.0
2026-09-29 10:10:00,-0.06747579,-0.3755698520012145,1.149999974295497,15.089999662712216,0.03887858184532729,1.281542941028644,1.3204215228739713,0.8773758825774878,0.005493633158953499,8.0
2026-09-29 10:20:00,-0.06747579,-0.4090081753111117,1.149999974295497,15.089999662712216,0.03887858184532729,1.281542941028644,1.3204215228739713,0.8439375592675906,0.005493633158953499,8.0
2026-09-29 10:30:00,-0.06747579,-0.43955085932448507,1.149999974295497,15.089999662712216,0.03887858184532729,1.281542941028644,1.3204215228739713,0.8133948752542173,0.005493633158953499,8.0
2026-09-29 10:40:00,-0.06747579,-0.4670058697302125,1.149999974295497,15.089999662712216,0.03887858184532729,1.281542941028644,1.3204215228739713,0.7859398648484898,0.005493633158953499,8.0
2026-09-29 10:50:00,-0.06747579,-0.4912056113121056,1.149999974295497,15.089999662712216,0.03887858184532729,1.281542941028644,1.3204215228739713,0.7617401232665967,0.005493633158953499,8.0
2026-09-29 11:00:00,-0.06747579,-0.5120069396497824,1.149999974295497,15.089999662712216,0.03887858184532729,1.281542941028644,1.3204215228739713,0.7409387949289199,0.005493633158953499,8.0
2026-09-29 11:10:00,-0.06747579,-0.5292909023198492,1.149999974295497,15.089999662712216,0.03887858184532729,1.281542941028644,1.3204215228739713,0.7236548322588531,0.005493633158953499,8.0
2026-09-29 11:20:00,-0.06747579,-0.5429623575962842,1.149999974295497,15.089999662712216,0.03887858184532729,1.281542941028644,1.3204215228739713,0.7099833769824181,0.005493633158953499,8.0
2026-09-29 11:30:00,-0.06747579,-0.5529496131910048,1.149999974295497,15.089999662712216,0.03887858184532729,1.281542941028644,1.3204215228739713,0.6999961213876975,0.005493633158953499,8.0
2026-09-29 11:40:00,-0.06747579,-0.5592042053668984,1.149999974295497,15.089999662712216,0.03887858184532729,1.281542941028644,1.3204215228739713,0.6937415292118039,0.005493633158953499,8.0
2026-09-29 11:50:00,-0.06747579,-0.5617009020841611,1.149999974295497,15.089999662712216,0.03887858184532729,1.281542941028644,1.3204215228739713,0.6912448324945412,0.005493633158953499,8.0
2026-09-29 12:00:00,-0.06747579,-0.5604379673229364,1.1399999745190144,14.779999669641256,0.03791395713794117,1.249746308388838,1.2876602655267793,0.6597465099085739,0.005493633158953499,8.0
2026-09-29 12:10:00,-0.06747579,-0.5554376723779231,1.1399999745190144,14.779999669641256,0.03791395713794117,1.249746308388838,1.2876602655267793,0.6647468048535872,0.005493633158953499,8.0
2026-09-29 12:20:00,-0.06747579,-0.5467469899247203,1.1399999745190144,14.779999669641256,0.03791395713794117,1.249746308388838,1.2876602655267793,0.67343748730679,0.005493633158953499,8.0
2026-09-29 12:30:00,-0.06747579,-0.5344383636434621,1.1399999745190144,14.779999669641256,0.03791395713794117,1.249746308388838,1.2876602655267793,0.6857461135880482,0.005493633158953499,8.0
2026-09-29 12:40:00,-0.06747579,-0.5186104152611543,1.1399999745190144,14.779999669641256,0.03791395713794117,1.249746308388838,1.2876602655267793,0.701574061970356,0.005493633158953499,8.0
2026-09-29 12:50:00,-0.06747579,-0.49938843568884994,1.1399999745190144,14.779999669641256,0.03791395713794117,1.249746308388838,1.2876602655267793,0.7207960415426603,0.005493633158953499,8.0
2026-09-29 13:00:00,-0.06747579,-0.47692450946885456,1.1399999745190144,14.779999669641256,0.03791395713794117,1.249746308388838,1.2876602655267793,0.7432599677626557,0.005493633158953499,8.0
2026-09-29 13:10:00,-0.06747579,-0.4513971418427142,1.1399999745190144,14.779999669641256,0.03791395713794117,1.249746308388838,1.2876602655267793,0.7687873353887961,0.005493633158953499,8.0
2026-09-29 13:20:00,-0.06747579,-0.4230102936327262,1.1399999745190144,14.779999669641256,0.03791395713794117,1.249746308388838,1.2876602655267793,0.797174183598784,0.005493633158953499,8.0
2026-09-29 13:30:00,-0.06747579,-0.39199177664755214,1.1399999745190144,14.779999669641256,0.03791395713794117,1.249746308388838,1.2876602655267793,0.8281927005839581,0.005493633158953499,8.0
2026-09-29 13:40:00,-0.06747579,-0.35859101683798084,1.1399999745190144,14.779999669641256,0.03791395713794117,1.249746308388838,1.2876602655267793,0.8615934603935294,0.005493633158953499,8.0
2026-09-29 13:50:00,-0.06747579,-0.3230762475376926,1.1399999745190144,14.779999669641256,0.03791395713794117,1.249746308388838,1.2876602655267793,0.8971082296938176,0.005493633158953499,8.0
2026-09-29 14:00:00,-0.06747579,-0.2857312453510727,1.1399999745190144,14.779999669641256,0.03791395713794117,1.249746308388838,1.2876602655267793,0.9344532318804375,0.005493633158953499,8.0
2026-09-29 14:10:00,-0.06747579,-0.24685176064978362,1.1399999745190144,14.779999669641256,0.03791395713794117,1.249746308388838,1.2876602655267793,0.9733327165817266,0.005493633158953499,8.0
2026-09-29 14:20:00,-0.06747579,-0.2067418193058042,1.1399999745190144,14.779999669641256,0.03791395713794117,1.249746308388838,1.2876602655267793,1.013442657925706,0.005493633158953499,8.0
2026-09-29 14:30:00,-0.06747579,-0.16571007939063367,1.1399999745190144,14.779999669641256,0.03791395713794117,1.249746308388838,1.2876602655267793,1.0544743978408766,0.005493633158953499,8.0
2026-09-29 14:40:00,-0.06747579,-0.12406641519067824,1.1399999745190144,14.779999669641256,0.03791395713794117,1.249746308388838,1.2876602655267793,1.096118062040832,0.005493633158953499,8.0
2026-09-29 14:50:00,-0.06747579,-0.08211887288008791,1.1399999745190144,14.779999669641256,0.03791395713794117,1.249746308388838,1.2876602655267793,1.1380656043514223,0.005493633158953499,8.0
2026-09-29 15:00:00,-0.06747579,-0.04017109978122946,1.1299999747425318,14.589999673888087,0.03726205209554302,1.228257759536156,1.265519811631699,1.1578729235552006,0.005493633158953499,8.0
2026-09-29 15:10:00,-0.06747579,0.0014797019531748229,1.1299999747425318,14.589999673888087,0.03726205209554302,1.228257759536156,1.265519811631699,1.199523725289605,0.005493633158953499,8.0
2026-09-29 15:20:00,-0.06747579,0.04254430157946629,1.1299999747425318,14.589999673888087,0.03726205209554302,1.228257759536156,1.265519811631699,1.2405883249158962,0.005493633158953499,8.0
2026-09-29 15:30:00,-0.06747579,0.08274250265387861,1.1299999747425318,14.589999673888087,0.03726205209554302,1.228257759536156,1.265519811631699,1.2807865259903086,0.005493633158953499,8.0
2026-09-29 15:40:00,-0.06747579,0.12180384384922857,1.1299999747425318,14.589999673888087,0.03726205209554302,1.228257759536156,1.265519811631699,1.3198478671856586,0.005493633158953499,8.0
2026-09-29 15:50:00,-0.06747579,0.15946807047975448,1.1299999747425318,14.589999673888087,0.03726205209554302,1.228257759536156,1.265519811631699,1.3575120938161844,0.005493633158953499,8.0
2026-09-29 16:00:00,-0.06747579,0.19548552484122247,1.1299999747425318,14.589999673888087,0.03726205209554302,1.228257759536156,1.265519811631699,1.3935295481776524,0.005493633158953499,8.0
2026-09-29 16:10:00,-0.06747579,0.22961760136286086,1.1299999747425318,14.589999673888087,0.03726205209554302,1.228257759536156,1.265519811631699,1.4276616246992908,0.005493633158953499,8.0
2026-09-29 16:20:00,-0.06747579,0.2616373928583197,1.1299999747425318,14.589999673888087,0.03726205209554302,1.228257759536156,1.265519811631699,1.4596814161947498,0.005493633158953499,8.0
2026-09-29 16:30:00,-0.06747579,0.29133062025381895,1.1299999747425318,14.589999673888087,0.03726205209554302,1.228257759536156,1.265519811631699,1.4893746435902488,0.005493633158953499,8.0
2026-09-29 16:40:00,-0.06747579,0.3184968930281117,1.1299999747425318,14.589999673888087,0.03726205209554302,1.228257759536156,1.265519811631699,1.5165409163645416,0.005493633158953499,8.0
2026-09-29 16:50:00,-0.06747579,0.34295129735664215,1.1299999747425318,14.589999673888087,0.03726205209554302,1.228257759536156,1.265519811631699,1.5409953206930722,0.005493633158953499,8.0
2026-09-29 17:00:00,-0.06747579,0.3645262587452748,1.1299999747425318,14.589999673888087,0.03726205209554302,1.228257759536156,1.265519811631699,1.5625702820817047,0.005493633158953499,8.0
2026-09-29 17:10:00,-0.06747579,0.3830735819068555,1.1299999747425318,14.589999673888087,0.03726205209554302,1.228257759536156,1.265519811631699,1.5811176052432856,0.005493633158953499,8.0
2026-09-29 17:20:00,-0.06747579,0.3984665374817024,1.1299999747425318,14.589999673888087,0.03726205209554302,1.228257759536156,1.265519811631699,1.5965105608181325,0.005493633158953499,8.0
2026-09-29 17:30:00,-0.06747579,0.41060184678623396,1.1299999747425318,14.589999673888087,0.03726205209554302,1.228257759536156,1.265519811631699,1.608645870122664,0.005493633158953499,8.0
2026-09-29 17:40:00,-0.06747579,0.41940141421317284,1.1299999747425318,14.589999673888087,0.03726205209554302,1.228257759536156,1.265519811631699,1.6174454375496028,0.005493633158953499,8.0
2026-09-29 17:50:00,-0.06747579,0.42481367192216335,1.1299999747425318,14.589999673888087,0.03726205209554302,1.228257759536156,1.265519811631699,1.6228576952585934,0.005493633158953499,8.0
2026-09-29 18:00:00,-0.06747579,0.4268144318531162,1.1299999747425318,14.429999677464366,0.036853420955358866,1.2147881747845597,1.2516415957399185,1.6109802392977657,0.005493633158953499,8.0
2026-09-29 18:10:00,-0.06747579,0.4254071816941963,1.1299999747425318,14.429999677464366,0.036853420955358866,1.2147881747845597,1.2516415957399185,1.6095729891388457,0.005493633158953499,8.0
2026-09-29 18:20:00,-0.06747579,0.420622810024784,1.1299999747425318,14.429999677464366,0.036853420955358866,1.2147881747845597,1.2516415957399185,1.6047886174694335,0.005493633158953499,8.0
2026-09-29 18:30:00,-0.06747579,0.41251879545678044,1.1299999747425318,14.429999677464366,0.036853420955358866,1.2147881747845597,1.2516415957399185,1.5966846029014299,0.005493633158953499,8.0
2026-09-29 18:40:00,-0.06747579,0.4011779398373163,1.1299999747425318,14.429999677464366,0.036853420955358866,1.2147881747845597,1.2516415957399185,1.5853437472819658,0.005493633158953499,8.0
2026-09-29 18:50:00,-0.06747579,0.3867067611687275,1.1299999747425318,14.429999677464366,0.036853420955358866,1.2147881747845597,1.2516415957399185,1.5708725686133769,0.005493633158953499,8.0
2026-09-29 19:00:00,-0.06747579,0.36923368394432343,1.1299999747425318,14.429999677464366,0.036853420955358866,1.2147881747845597,1.2516415957399185,1.5533994913889728,0.005493633158953499,8.0
2026-09-29 19:10:00,-0.06747579,0.34890717061235327,1.1299999747425318,14.429999677464366,0.036853420955358866,1.2147881747845597,1.2516415957399185,1.5330729780570027,0.005493633158953499,8.0
2026-09-29 19:20:00,-0.06747579,0.3258939273236823,1.1299999747425318,14.429999677464366,0.036853420955358866,1.2147881747845597,1.2516415957399185,1.5100597347683318,0.005493633158953499,8.0
2026-09-29 19:30:00,-0.06747579,0.3003772912799899,1.1299999747425318,14.429999677464366,0.036853420955358866,1.2147881747845597,1.2516415957399185,1.4845430987246395,0.005493633158953499,8.0
2026-09-29 19:40:00,-0.06747579,0.27255586906175633,1.1299999747425318,14.429999677464366,0.036853420955358866,1.2147881747845597,1.2516415957399185,1.456721676506406,0.005493633158953499,8.0
2026-09-29 19:50:00,-0.06747579,0.24264244964381337,1.1299999747425318,14.429999677464366,0.036853420955358866,1.2147881747845597,1.2516415957399185,1.4268082570884628,0.005493633158953499,8.0
2026-09-29 20:00:00,-0.06747579,0.21086316795374355,1.1299999747425318,14.429999677464366,0.036853420955358866,1.2147881747845597,1.2516415957399185,1.395028975398393,0.005493633158953499,8.0
2026-09-29 20:10:00,-0.06747579,0.1774568502888517,1.1299999747425318,14.429999677464366,0.036853420955358866,1.2147881747845597,1.2516415957399185,1.361622657733501,0.005493633158953499,8.0
2026-09-29 20:20:00,-0.06747579,0.14267443711184596,1.1299999747425318,14.429999677464366,0.036853420955358866,1.2147881747845597,1.2516415957399185,1.3268402445564955,0.005493633158953499,8.0
2026-09-29 20:30:00,-0.06747579,0.10677835591968297,1.1299999747425318,14.429999677464366,0.036853420955358866,1.2147881747845597,1.2516415957399185,1.2909441633643324,0.005493633158953499,8.0
2026-09-29 20:40:00,-0.06747579,0.07004170981974057,1.1299999747425318,14.429999677464366,0.036853420955358866,1.2147881747845597,1.2516415957399185,1.25420751726439,0.005493633158953499,8.0
2026-09-29 20:50:00,-0.06747579,0.0327471573626122,1.1299999747425318,14.429999677464366,0.036853420955358866,1.2147881747845597,1.2516415957399185,1.2169129648072616,0.005493633158953499,8.0
2026-09-29 21:00:00,-0.06747579,-0.004814615203087178,1.1199999749660492,14.239999681711197,0.036206892759424104,1.19347686129652,1.2296837540559442,1.157393350557588,0.005493633158953499,8.0
2026-09-29 21:10:00,-0.06747579,-0.042346888975654806,1.1199999749660492,14.239999681711197,0.036206892759424104,1.19347686129652,1.2296837540559442,1.1198610767850203,0.005493633158953499,8.0
2026-09-29 21:20:00,-0.06747579,-0.07954938675596412,1.1199999749660492,14.239999681711197,0.036206892759424104,1.19347686129652,1.2296837540559442,1.0826585790047112,0.005493633158953499,8.0
2026-09-29 21:30:00,-0.06747579,-0.11612118713255608,1.1199999749660492,14.239999681711197,0.036206892759424104,1.19347686129652,1.2296837540559442,1.0460867786281192,0.005493633158953499,8.0
2026-09-29 21:40:00,-0.06747579,-0.15176398952167128,1.1199999749660492,14.239999681711197,0.036206892759424104,1.19347686129652,1.2296837540559442,1.0104439762390038,0.005493633158953499,8.0
2026-09-29 21:50:00,-0.06747579,-0.18618559978444157,1.1199999749660492,14.239999681711197,0.036206892759424104,1.19347686129652,1.2296837540559442,0.9760223659762336,0.005493633158953499,8.0
2026-09-29 22:00:00,-0.06747579,-0.21910347702981423,1.1199999749660492,14.239999681711197,0.036206892759424104,1.19347686129652,1.2296837540559442,0.943104488730861,0.005493633158953499,8.0
2026-09-29 22:10:00,-0.06747579,-0.25024816904076497,1.1199999749660492,14.239999681711197,0.036206892759424104,1.19347686129652,1.2296837540559442,0.9119597967199102,0.005493633158953499,8.0
2026-09-29 22:20:00,-0.06747579,-0.27936646799026255,1.1199999749660492,14.239999681711197,0.036206892759424104,1.19347686129652,1.2296837540559442,0.8828414977704127,0.005493633158953499,8.0
2026-09-29 22:30:00,-0.06747579,-0.30622413968928835,1.1199999749660492,14.239999681711197,0.036206892759424104,1.19347686129652,1.2296837540559442,0.8559838260713868,0.005493633158953499,8.0
2026-09-29 22:40:00,-0.06747579,-0.33060811575855686,1.1199999749660492,14.239999681711197,0.036206892759424104,1.19347686129652,1.2296837540559442,0.8315998500021183,0.005493633158953499,8.0
2026-09-29 22:50:00,-0.06747579,-0.35232808557891204,1.1199999749660492,14.239999681711197,0.036206892759424104,1.19347686129652,1.2296837540559442,0.8098798801817632,0.005493633158953499,8.0
2026-09-29 23:00:00,-0.06747579,-0.37121747785411524,1.1199999749660492,14.239999681711197,0.036206892759424104,1.19347686129652,1.2296837540559442,0.7909904879065599,0.005493633158953499,8.0
2026-09-29 23:10:00,-0.06747579,-0.38713387480509354,1.1199999749660492,14.239999681711197,0.036206892759424104,1.19347686129652,1.2296837540559442,0.7750740909555817,0.005493633158953499,8.0
2026-09-29 23:20:00,-0.06747579,-0.3999589492215783,1.1199999749660492,14.239999681711197,0.036206892759424104,1.19347686129652,1.2296837540559442,0.7622490165390969,0.005493633158953499,8.0
2026-09-29 23:30:00,-0.06747579,-0.40959805085326956,1.1199999749660492,14.239999681711197,0.036206892759424104,1.19347686129652,1.2296837540559442,0.7526099149074057,0.005493633158953499,8.0
2026-09-29 23:40:00,-0.06747579,-0.4159795899264848,1.1199999749660492,14.239999681711197,0.036206892759424104,1.19347686129652,1.2296837540559442,0.7462283758341903,0.005493633158953499,8.0
2026-09-29 23:50:00,-0.06747579,-0.41905436954962955,1.1199999749660492,14.239999681711197,0.036206892759424104,1.19347686129652,1.2296837540559442,0.7431535962110456,0.005493633158953499,8.0
2026-09-30 00:00:00,-0.06747579,-0.41879500526132407,1.1199999749660492,14.239999681711197,0.036206892759424104,1.19347686129652,1.2296837540559442,0.7434129604993511,0.005493633158953499,8.0
2026-09-30 00:10:00,,-0.41519554040074086,,,,,,,0.005493633158953499,8.0
2026-09-30 00:20:00,,-0.40827132396449706,,,,,,,0.005493633158953499,8.0
2026-09-30 00:30:00,,-0.39805916782908923,,,,,,,0.005493633158953499,8.0
2026-09-30 00:40:00,,-0.3846177485189848,,,,,,,0.005493633158953499,8.0
2026-09-30 00:50:00,,-0.36802817093002366,,,,,,,0.005493633158953499,8.0
2026-09-30 01:00:00,,-0.34839457316176037,,,,,,,0.005493633158953499,8.0
2026-09-30 01:10:00,,-0.3258446272950816,,,,,,,0.005493633158953499,8.0
2026-09-30 01:20:00,,-0.3005297835002531,,,,,,,0.005493633158953499,8.0
2026-09-30 01:30:00,,-0.27262511527137173,,,,,,,0.005493633158953499,8.0
2026-09-30 01:40:00,,-0.242328650924789,,,,,,,0.005493633158953499,8.0
2026-09-30 01:50:00,,-0.20986011780742955,,,,,,,0.005493633158953499,8.0
2026-09-30 02:00:00,,-0.17545907660505858,,,,,,,0.005493633158953499,8.0
2026-09-30 02:10:00,,-0.13938247802205486,,,,,,,0.005493633158953499,8.0
2026-09-30 02:20:00,,-0.10190172706826438,,,,,,,0.005493633158953499,8.0
2026-09-30 02:30:00,,-0.06329938533990606,,,,,,,0.005493633158953499,8.0
2026-09-30 02:40:00,,-0.023865674035205023,,,,,,,0.005493633158953499,8.0
2026-09-30 02:50:00,,0.016105043403961357,,,,,,,0.005493633158953499,8.0
2026-09-30 03:00:00,,0.056317622184204295,,,,,,,0.005493633158953499,8.0
2026-09-30 03:10:00,,0.09647918348396907,,,,,,,0.005493633158953499,8.0
2026-09-30 03:20:00,,0.13630172663578247,,,,,,,0.005493633158953499,8.0
2026-09-30 03:30:00,,0.17550423171706617,,,,,,,0.005493633158953499,8.0
2026-09-30 03:40:00,,0.21381423185261753,,,,,,,0.005493633158953499,8.0
2026-09-30 03:50:00,,0.2509688888842226,,,,,,,0.005493633158953499,8.0
2026-09-30 04:00:00,,0.286715655102963,,,,,,,0.005493633158953499,8.0
2026-09-30 04:10:00,,0.32081264225592343,,,,,,,0.005493633158953499,8.0
2026-09-30 04:20:00,,0.3530288426746649,,,,,,,0.005493633158953499,8.0
2026-09-30 04:30:00,,0.38314435402098995,,,,,,,0.005493633158953499,8.0
2026-09-30 04:40:00,,0.41095074788242897,,,,,,,0.005493633158953499,8.0
2026-09-30 04:50:00,,0.43625169512895345,,,,,,,0.005493633158953499,8.0
2026-09-30 05:00:00,,0.4588639204130982,,,,,,,0.005493633158953499,8.0
2026-09-30 05:10:00,,0.47861850952771995,,,,,,,0.005493633158953499,8.0
2026-09-30 05:20:00,,0.4953625417764757,,,,,,,0.005493633158953499,8.0
2026-09-30 05:30:00,,0.5089609711271411,,,,,,,0.005493633158953499,8.0
2026-09-30 05:40:00,,0.5192986401253367,,,,,,,0.005493633158953499,8.0
2026-09-30 05:50:00,,0.5262822836740263,,,,,,,0.005493633158953499,8.0
2026-09-30 06:00:00,,0.5298423690276143,,,,,,,0.005493633158953499,8.0
2026-09-30 06:10:00,,0.5299346245570428,,,,,,,0.005493633158953499,8.0
2026-09-30 06:20:00,,0.5265411325076048,,,,,,,0.005493633158953499,8.0
2026-09-30 06:30:00,,0.5196708971150104,,,,,,,0.005493633158953499,8.0
2026-09-30 06:40:00,,0.5093598452149825,,,,,,,0.005493633158953499,8.0
2026-09-30 06:50:00,,0.495670266353301,,,,,,,0.005493633158953499,8.0
2026-09-30 07:00:00,,0.4786897478826918,,,,,,,0.005493633158953499,8.0
2026-09-30 07:10:00,,0.45852970205653054,,,,,,,0.005493633158953499,8.0
2026-09-30 07:20:00,,0.4353236120306216,,,,,,,0.005493633158953499,8.0
2026-09-30 07:30:00,,0.4092251386904252,,,,,,,0.005493633158953499,8.0
2026-09-30 07:40:00,,0.3804062287253477,,,,,,,0.005493633158953499,8.0
2026-09-30 07:50:00,,0.3490553466954173,,,,,,,0.005493633158953499,8.0
2026-09-30 08:00:00,,0.31537592221373806,,,,,,,0.005493633158953499,8.0
2026-09-30 08:10:00,,0.2795850615261717,,,,,,,0.005493633158953499,8.0
2026-09-30 08:20:00,,0.2419125257786128,,,,,,,0.005493633158953499,8.0
2026-09-30 08:30:00,,0.20259993164868534,,,,,,,0.005493633158953499,8.0
2026-09-30 08:40:00,,0.16190008932515187,,,,,,,0.005493633158953499,8.0
2026-09-30 08:50:00,,0.12007636298628209,,,,,,,0.005493633158953499,8.0
2026-09-30 09:00:00,,0.07740192355627637,,,,,,,0.005493633158953499,8.0
2026-09-30 09:10:00,,0.03415876455840488,,,,,,,0.005493633158953499,8.0
2026-09-30 09:20:00,,-0.009363630449787549,,,,,,,0.005493633158953499,8.0
2026-09-30 09:30:00,,-0.05287004798018182,,,,,,,0.005493633158953499,8.0
2026-09-30 09:40:00,,-0.09606176780307747,,,,,,,0.005493633158953499,8.0
2026-09-30 09:50:00,,-0.1386392347047282,,,,,,,0.005493633158953499,8.0
2026-09-30 10:00:00,,-0.18030511350406742,,,,,,,0.005493633158953499,8.0
2026-09-30 10:10:00,,-0.22076761622650096,,,,,,,0.005493633158953499,8.0
2026-09-30 10:20:00,,-0.259743954636053,,,,,,,0.005493633158953499,8.0
2026-09-30 10:30:00,,-0.29696375012398035,,,,,,,0.005493633158953499,8.0
2026-09-30 10:40:00,,-0.3321722285209167,,,,,,,0.005493633158953499,8.0
2026-09-30 10:50:00,,-0.36513304060816404,,,,,,,0.005493633158953499,8.0
2026-09-30 11:00:00,,-0.3956305786157757,,,,,,,0.005493633158953499,8.0
2026-09-30 11:10:00,,-0.4234717016771284,,,,,,,0.005493633158953499,8.0
2026-09-30 11:20:00,,-0.4484868344821923,,,,,,,0.005493633158953499,8.0
2026-09-30 11:30:00,,-0.470530457686492,,,,,,,0.005493633158953499,8.0
2026-09-30 11:40:00,,-0.4894810600872196,,,,,,,0.005493633158953499,8.0
2026-09-30 11:50:00,,-0.5052406654746657,,,,,,,0.005493633158953499,8.0
2026-09-30 12:00:00,,-0.5177340768423104,,,,,,,0.005493633158953499,8.0
2026-09-30 12:10:00,,-0.5269079940249928,,,,,,,0.005493633158953499,8.0
2026-09-30 12:20:00,,-0.5327301564403338,,,,,,,0.005493633158953499,8.0
2026-09-30 12:30:00,,-0.5351886410895347,,,,,,,0.005493633158953499,8.0
2026-09-30 12:40:00,,-0.5342914098015951,,,,,,,0.005493633158953499,8.0
2026-09-30 12:50:00,,-0.5300661530577058,,,,,,,0.005493633158953499,8.0
2026-09-30 13:00:00,,-0.5225604259652545,,,,,,,0.005493633158953499,8.0
2026-09-30 13:10:00,,-0.5118420209724294,,,,,,,0.005493633158953499,8.0
2026-09-30 13:20:00,,-0.4979994775392923,,,,,,,0.005493633158953499,8.0
2026-09-30 13:30:00,,-0.48114259634608153,,,,,,,0.005493633158953499,8.0
2026-09-30 13:40:00,,-0.4614028084762009,,,,,,,0.005493633158953499,8.0
2026-09-30 13:50:00,,-0.43893325044461295,,,,,,,0.005493633158953499,8.0
2026-09-30 14:00:00,,-0.41390841399408296,,,,,,,0.005493633158953499,8.0
2026-09-30 14:10:00,,-0.38652327342303305,,,,,,,0.005493633158953499,8.0
2026-09-30 14:20:00,,-0.3569918390825681,,,,,,,0.005493633158953499,8.0
2026-09-30 14:30:00,,-0.3255451386579967,,,,,,,0.005493633158953499,8.0
2026-09-30 14:40:00,,-0.2924286820103536,,,,,,,0.005493633158953499,8.0
2026-09-30 14:50:00,,-0.2578995148003632,,,,,,,0.005493633158953499,8.0
2026-09-30 15:00:00,,-0.22222300527745828,,,,,,,0.005493633158953499,8.0
2026-09-30 15:10:00,,-0.18566953327212563,,,,,,,0.005493633158953499,8.0
2026-09-30 15:20:00,,-0.14851125776568766,,,,,,,0.005493633158953499,8.0
2026-09-30 15:30:00,,-0.11101912861457697,,,,,,,0.005493633158953499,8.0
2026-09-30 15:40:00,,-0.073460280298622,,,,,,,0.005493633158953499,8.0
2026-09-30 15:50:00,,-0.03609590399495125,,,,,,,0.005493633158953499,8.0
2026-09-30 16:00:00,,0.000820356576201134,,,,,,,0.005493633158953499,8.0
2026-09-30 16:10:00,,0.03704349469429355,,,,,,,0.005493633158953499,8.0
2026-09-30 16:20:00,,0.07233777689917552,,,,,,,0.005493633158953499,8.0
2026-09-30 16:30:00,,0.10647703162034185,,,,,,,0.005493633158953499,8.0
2026-09-30 16:40:00,,0.13924472720012127,,,,,,,0.005493633158953499,8.0
2026-09-30 16:50:00,,0.1704339915891628,,,,,,,0.005493633158953499,8.0
2026-09-30 17:00:00,,0.19984772359334455,,,,,,,0.005493633158953499,8.0
2026-09-30 17:10:00,,0.2272989257760995,,,,,,,0.005493633158953499,8.0
2026-09-30 17:20:00,,0.2526113544854428,,,,,,,0.005493633158953499,8.0
2026-09-30 17:30:00,,0.2756205369686828,,,,,,,0.005493633158953499,8.0
2026-09-30 17:40:00,,0.2961751542307584,,,,,,,0.005493633158953499,8.0
2026-09-30 17:50:00,,0.3141387371365721,,,,,,,0.005493633158953499,8.0
2026-09-30 18:00:00,,0.3293915779773758,,,,,,,0.005493633158953499,8.0
2026-09-30 18:10:00,,0.34183272528574454,,,,,,,0.005493633158953499,8.0
2026-09-30 18:20:00,,0.3513819099993935,,,,,,,0.005493633158953499,8.0
2026-09-30 18:30:00,,0.35798124826952943,,,,,,,0.005493633158953499,8.0
2026-09-30 18:40:00,,0.36159658034227987,,,,,,,0.005493633158953499,8.0
2026-09-30 18:50:00,,0.3622183345405723,,,,,,,0.005493633158953499,8.0
2026-09-30 19:00:00,,0.35986184673769983,,,,,,,0.005493633158953499,8.0
2026-09-30 19:10:00,,0.35456711432916493,,,,,,,0.005493633158953499,8.0
2026-09-30 19:20:00,,0.3463980138235593,,,,,,,0.005493633158953499,8.0
2026-09-30 19:30:00,,0.33544105728868856,,,,,,,0.005493633158953499,8.0
2026-09-30 19:40:00,,0.3218037996836086,,,,,,,0.005493633158953499,8.0
2026-09-30 19:50:00,,0.3056130325875505,,,,,,,0.005493633158953499,8.0
2026-09-30 20:00:00,,0.28701290742625046,,,,,,,0.005493633158953499,8.0
2026-09-30 20:10:00,,0.26616312230779116,,,,,,,0.005493633158953499,8.0
2026-09-30 20:20:00,,0.2432372822334419,,,,,,,0.005493633158953499,8.0
2026-09-30 20:30:00,,0.21842150574952943,,,,,,,0.005493633158953499,8.0
2026-09-30 20:40:00,,0.1919133064265401,,,,,,,0.005493633158953499,8.0
2026-09-30 20:50:00,,0.163920730301198,,,,,,,0.005493633158953499,8.0
2026-09-30 21:00:00,,0.1346616861362474,,,,,,,0.005493633158953499,8.0
2026-09-30 21:10:00,,0.10436336943956914,,,,,,,0.005493633158953499,8.0
2026-09-30 21:20:00,,0.07326165793567699,,,,,,,0.005493633158953499,8.0
2026-09-30 21:30:00,,0.041600348446444106,,,,,,,0.005493633158953499,8.0
2026-09-30 21:40:00,,0.009630114178414443,,,,,,,0.005493633158953499,8.0
2026-09-30 21:50:00,,-0.022392913834365875,,,,,,,0.005493633158953499,8.0
2026-09-30 22:00:00,,-0.05420899928198891,,,,,,,0.005493633158953499,8.0
2026-09-30 22:10:00,,-0.08555709834080728,,,,,,,0.005493633158953499,8.0
2026-09-30 22:20:00,,-0.11617756304605548,,,,,,,0.005493633158953499,8.0
2026-09-30 22:30:00,,-0.1458151620410631,,,,,,,0.005493633158953499,8.0
2026-09-30 22:40:00,,-0.17422228931727915,,,,,,,0.005493633158953499,8.0
2026-09-30 22:50:00,,-0.20116220286112452,,,,,,,0.005493633158953499,8.0
2026-09-30 23:00:00,,-0.22641212219725573,,,,,,,0.005493633158953499,8.0
2026-09-30 23:10:00,,-0.24976601831914816,,,,,,,0.005493633158953499,8.0
2026-09-30 23:20:00,,-0.27103695128957994,,,,,,,0.005493633158953499,8.0
2026-09-30 23:30:00,,-0.2900588474274763,,,,,,,0.005493633158953499,8.0
2026-09-30 23:40:00,,-0.3066876559224938,,,,,,,0.005493633158953499,8.0
2026-09-30 23:50:00,,-0.3208018784310993,,,,,,,0.005493633158953499,8.0
