,SSH_10min,Tide_10min,Significant_Wave_Height,Peak_Wave_Period,Wave_Setup,Wave_Swash,Wave_Runup,Total_Water_Level,beach_slope,water_depth
2026-08-12 00:00:00,-0.052683223,-0.19824100993205576,0.7999999821186066,10.389999767765403,0.022719101297303607,0.7360173893383173,0.7587364906356209,0.5078122576646533,0.005590079799583065,5.0
2026-08-12 00:10:00,-0.052683223,-0.14129748673739337,0.7999999821186066,10.389999767765403,0.022719101297303607,0.7360173893383173,0.7587364906356209,0.5647557808593157,0.005590079799583065,5.0
2026-08-12 00:20:00,-0.052683223,-0.08384617786866412,0.7999999821186066,10.389999767765403,0.022719101297303607,0.7360173893383173,0.7587364906356209,0.622207089728045,0.005590079799583065,5.0
2026-08-12 00:30:00,-0.052683223,-0.0262206824131812,0.7999999821186066,10.389999767765403,0.022719101297303607,0.7360173893383173,0.7587364906356209,0.6798325851835278,0.005590079799583065,5.0
2026-08-12 00:40:00,-0.052683223,0.031243780896639737,0.7999999821186066,10.389999767765403,0.022719101297303607,0.7360173893383173,0.7587364906356209,0.7372970484933488,0.005590079799583065,5.0
2026-08-12 00:50:00,-0.052683223,0.08821077081346929,0.7999999821186066,10.389999767765403,0.022719101297303607,0.7360173893383173,0.7587364906356209,0.7942640384101783,0.005590079799583065,5.0
2026-08-12 01:00:00,-0.052683223,0.14434295975252448,0.7999999821186066,10.389999767765403,0.022719101297303607,0.7360173893383173,0.7587364906356209,0.8503962273492336,0.005590079799583065,5.0
2026-08-12 01:10:00,-0.052683223,0.19930253213629986,0.7999999821186066,10.389999767765403,0.022719101297303607,0.7360173893383173,0.7587364906356209,0.905355799733009,0.005590079799583065,5.0
2026-08-12 01:20:00,-0.052683223,0.25275177172502244,0.7999999821186066,10.389999767765403,0.022719101297303607,0.7360173893383173,0.7587364906356209,0.9588050393217316,0.005590079799583065,5.0
2026-08-12 01:30:00,-0.052683223,0.30435395634628615,0.7999999821186066,10.389999767765403,0.022719101297303607,0.7360173893383173,0.7587364906356209,1.010407223942995,0.005590079799583065,5.0
2026-08-12 01:40:00,-0.052683223,0.3537746585105496,0.7999999821186066,10.389999767765403,0.022719101297303607,0.7360173893383173,0.7587364906356209,1.0598279261072587,0.005590079799583065,5.0
2026-08-12 01:50:00,-0.052683223,0.4006835207408156,0.7999999821186066,10.389999767765403,0.022719101297303607,0.7360173893383173,0.7587364906356209,1.1067367883375248,0.005590079799583065,5.0
2026-08-12 02:00:00,-0.052683223,0.44475653788731245,0.7999999821186066,10.389999767765403,0.022719101297303607,0.7360173893383173,0.7587364906356209,1.1508098054840215,0.005590079799583065,5.0
2026-08-12 02:10:00,-0.052683223,0.48567883854560706,0.7999999821186066,10.389999767765403,0.022719101297303607,0.7360173893383173,0.7587364906356209,1.191732106142316,0.005590079799583065,5.0
2026-08-12 02:20:00,-0.052683223,0.5231479176343539,0.7999999821186066,10.389999767765403,0.022719101297303607,0.7360173893383173,0.7587364906356209,1.229201185231063,0.005590079799583065,5.0
2026-08-12 02:30:00,-0.052683223,0.5568772358093756,0.7999999821186066,10.389999767765403,0.022719101297303607,0.7360173893383173,0.7587364906356209,1.2629305034060847,0.005590079799583065,5.0
2026-08-12 02:40:00,-0.052683223,0.5866000717958659,0.7999999821186066,10.389999767765403,0.022719101297303607,0.7360173893383173,0.7587364906356209,1.292653339392575,0.005590079799583065,5.0
2026-08-12 02:50:00,-0.052683223,0.6120734931691381,0.7999999821186066,10.389999767765403,0.022719101297303607,0.7360173893383173,0.7587364906356209,1.3181267607658471,0.005590079799583065,5.0
2026-08-12 03:00:00,-0.052683223,0.6330823010732151,0.7799999825656414,10.289999770000577,0.022217402501078388,0.7197641479182576,0.741981550419336,1.3223806284536392,0.005590079799583065,5.0
2026-08-12 03:10:00,-0.052683223,0.6494428049862195,0.7799999825656414,10.289999770000577,0.022217402501078388,0.7197641479182576,0.741981550419336,1.3387411323666436,0.005590079799583065,5.0
2026-08-12 03:20:00,-0.052683223,0.661006294193617,0.7799999825656414,10.289999770000577,0.022217402501078388,0.7197641479182576,0.741981550419336,1.350304621574041,0.005590079799583065,5.0
2026-08-12 03:30:00,-0.052683223,0.6676620913285471,0.7799999825656414,10.289999770000577,0.022217402501078388,0.7197641479182576,0.741981550419336,1.3569604187089714,0.005590079799583065,5.0
2026-08-12 03:40:00,-0.052683223,0.6693400977845291,0.7799999825656414,10.289999770000577,0.022217402501078388,0.7197641479182576,0.741981550419336,1.3586384251649533,0.005590079799583065,5.0
2026-08-12 03:50:00,-0.052683223,0.6660127681117557,0.7799999825656414,10.289999770000577,0.022217402501078388,0.7197641479182576,0.741981550419336,1.3553110954921799,0.005590079799583065,5.0
2026-08-12 04:00:00,-0.052683223,0.6576964778500506,0.7799999825656414,10.289999770000577,0.022217402501078388,0.7197641479182576,0.741981550419336,1.3469948052304748,0.005590079799583065,5.0
2026-08-12 04:10:00,-0.052683223,0.6444522739336968,0.7799999825656414,10.289999770000577,0.022217402501078388,0.7197641479182576,0.741981550419336,1.333750601314121,0.005590079799583065,5.0
2026-08-12 04:20:00,-0.052683223,0.6263860168567975,0.7799999825656414,10.289999770000577,0.022217402501078388,0.7197641479182576,0.741981550419336,1.3156843442372217,0.005590079799583065,5.0
2026-08-12 04:30:00,-0.052683223,0.6036479378037796,0.7799999825656414,10.289999770000577,0.022217402501078388,0.7197641479182576,0.741981550419336,1.2929462651842036,0.005590079799583065,5.0
2026-08-12 04:40:00,-0.052683223,0.5764316416835513,0.7799999825656414,10.289999770000577,0.022217402501078388,0.7197641479182576,0.741981550419336,1.2657299690639756,0.005590079799583065,5.0
2026-08-12 04:50:00,-0.052683223,0.5449725888549218,0.7799999825656414,10.289999770000577,0.022217402501078388,0.7197641479182576,0.741981550419336,1.234270916235346,0.005590079799583065,5.0
2026-08-12 05:00:00,-0.052683223,0.5095460855794334,0.7799999825656414,10.289999770000577,0.022217402501078388,0.7197641479182576,0.741981550419336,1.1988444129598577,0.005590079799583065,5.0
2026-08-12 05:10:00,-0.052683223,0.47046480779741456,0.7799999825656414,10.289999770000577,0.022217402501078388,0.7197641479182576,0.741981550419336,1.1597631351778388,0.005590079799583065,5.0
2026-08-12 05:20:00,-0.052683223,0.42807587687393883,0.7799999825656414,10.289999770000577,0.022217402501078388,0.7197641479182576,0.741981550419336,1.117374204254363,0.005590079799583065,5.0
2026-08-12 05:30:00,-0.052683223,0.38275750167686673,0.7799999825656414,10.289999770000577,0.022217402501078388,0.7197641479182576,0.741981550419336,1.072055829057291,0.005590079799583065,5.0
2026-08-12 05:40:00,-0.052683223,0.33491520052216084,0.7799999825656414,10.289999770000577,0.022217402501078388,0.7197641479182576,0.741981550419336,1.024213527902585,0.005590079799583065,5.0
2026-08-12 05:50:00,-0.052683223,0.28497762078174904,0.7799999825656414,10.289999770000577,0.022217402501078388,0.7197641479182576,0.741981550419336,0.9742759481621732,0.005590079799583065,5.0
2026-08-12 06:00:00,-0.052683223,0.23339198340519476,0.7699999827891588,10.209999771788716,0.021902904599664434,0.709575544006423,0.7314784486060875,0.9121872089723704,0.005590079799583065,5.0
2026-08-12 06:10:00,-0.052683223,0.1806191944343594,0.7699999827891588,10.209999771788716,0.021902904599664434,0.709575544006423,0.7314784486060875,0.859414420001535,0.005590079799583065,5.0
2026-08-12 06:20:00,-0.052683223,0.12712868435090863,0.7699999827891588,10.209999771788716,0.021902904599664434,0.709575544006423,0.7314784486060875,0.8059239099180843,0.005590079799583065,5.0
2026-08-12 06:30:00,-0.052683223,0.07339305692055077,0.7699999827891588,10.209999771788716,0.021902904599664434,0.709575544006423,0.7314784486060875,0.7521882824877264,0.005590079799583065,5.0
2026-08-12 06:40:00,-0.052683223,0.0198826499068397,0.7699999827891588,10.209999771788716,0.021902904599664434,0.709575544006423,0.7314784486060875,0.6986778754740154,0.005590079799583065,5.0
2026-08-12 06:50:00,-0.052683223,-0.03293987225163149,0.7699999827891588,10.209999771788716,0.021902904599664434,0.709575544006423,0.7314784486060875,0.6458553533155441,0.005590079799583065,5.0
2026-08-12 07:00:00,-0.052683223,-0.08462476150892304,0.7699999827891588,10.209999771788716,0.021902904599664434,0.709575544006423,0.7314784486060875,0.5941704640582526,0.005590079799583065,5.0
2026-08-12 07:10:00,-0.052683223,-0.13474012802293753,0.7699999827891588,10.209999771788716,0.021902904599664434,0.709575544006423,0.7314784486060875,0.5440550975442381,0.005590079799583065,5.0
2026-08-12 07:20:00,-0.052683223,-0.18287644817928114,0.7699999827891588,10.209999771788716,0.021902904599664434,0.709575544006423,0.7314784486060875,0.49591877738789447,0.005590079799583065,5.0
2026-08-12 07:30:00,-0.052683223,-0.22865052046815734,0.7699999827891588,10.209999771788716,0.021902904599664434,0.709575544006423,0.7314784486060875,0.45014470509901827,0.005590079799583065,5.0
2026-08-12 07:40:00,-0.052683223,-0.27170877415128925,0.7699999827891588,10.209999771788716,0.021902904599664434,0.709575544006423,0.7314784486060875,0.4070864514158864,0.005590079799583065,5.0
2026-08-12 07:50:00,-0.052683223,-0.3117298667797124,0.7699999827891588,10.209999771788716,0.021902904599664434,0.709575544006423,0.7314784486060875,0.36706535878746327,0.005590079799583065,5.0
2026-08-12 08:00:00,-0.052683223,-0.3484265432325654,0.7699999827891588,10.209999771788716,0.021902904599664434,0.709575544006423,0.7314784486060875,0.33036868233461025,0.005590079799583065,5.0
2026-08-12 08:10:00,-0.052683223,-0.3815467678064963,0.7699999827891588,10.209999771788716,0.021902904599664434,0.709575544006423,0.7314784486060875,0.2972484577606793,0.005590079799583065,5.0
2026-08-12 08:20:00,-0.052683223,-0.4108741789507987,0.7699999827891588,10.209999771788716,0.021902904599664434,0.709575544006423,0.7314784486060875,0.26792104661637695,0.005590079799583065,5.0
2026-08-12 08:30:00,-0.052683223,-0.43622794974057216,0.7699999827891588,10.209999771788716,0.021902904599664434,0.709575544006423,0.7314784486060875,0.24256727582660348,0.005590079799583065,5.0
2026-08-12 08:40:00,-0.052683223,-0.4574621633967388,0.7699999827891588,10.209999771788716,0.021902904599664434,0.709575544006423,0.7314784486060875,0.2213330621704368,0.005590079799583065,5.0
2026-08-12 08:50:00,-0.052683223,-0.4744648294358453,0.7699999827891588,10.209999771788716,0.021902904599664434,0.709575544006423,0.7314784486060875,0.2043303961313303,0.005590079799583065,5.0
2026-08-12 09:00:00,-0.052683223,-0.4871566711898839,0.7499999832361937,10.139999773353338,0.02146837602954037,0.6954983769745747,0.716966753004115,0.1771268587753193,0.005590079799583065,5.0
2026-08-12 09:10:00,-0.052683223,-0.49548980898650014,0.7499999832361937,10.139999773353338,0.02146837602954037,0.6954983769745747,0.716966753004115,0.16879372097870315,0.005590079799583065,5.0
2026-08-12 09:20:00,-0.052683223,-0.49944644621092277,0.7499999832361937,10.139999773353338,0.02146837602954037,0.6954983769745747,0.716966753004115,0.16483708375428052,0.005590079799583065,5.0
2026-08-12 09:30:00,-0.052683223,-0.49903763966396325,0.7499999832361937,10.139999773353338,0.02146837602954037,0.6954983769745747,0.716966753004115,0.16524589030123993,0.005590079799583065,5.0
2026-08-12 09:40:00,-0.052683223,-0.49430220395721175,0.7499999832361937,10.139999773353338,0.02146837602954037,0.6954983769745747,0.716966753004115,0.16998132600799143,0.005590079799583065,5.0
2026-08-12 09:50:00,-0.052683223,-0.48530576554206356,0.7499999832361937,10.139999773353338,0.02146837602954037,0.6954983769745747,0.716966753004115,0.17897776442313962,0.005590079799583065,5.0
2026-08-12 10:00:00,-0.052683223,-0.47213994907390805,0.7499999832361937,10.139999773353338,0.02146837602954037,0.6954983769745747,0.716966753004115,0.19214358089129524,0.005590079799583065,5.0
2026-08-12 10:10:00,-0.052683223,-0.45492165056997985,0.7499999832361937,10.139999773353338,0.02146837602954037,0.6954983769745747,0.716966753004115,0.20936187939522344,0.005590079799583065,5.0
2026-08-12 10:20:00,-0.052683223,-0.4337923313247996,0.7499999832361937,10.139999773353338,0.02146837602954037,0.6954983769745747,0.716966753004115,0.23049119864040363,0.005590079799583065,5.0
2026-08-12 10:30:00,-0.052683223,-0.4089172557394265,0.7499999832361937,10.139999773353338,0.02146837602954037,0.6954983769745747,0.716966753004115,0.25536627422577673,0.005590079799583065,5.0
2026-08-12 10:40:00,-0.052683223,-0.38048459627717307,0.7499999832361937,10.139999773353338,0.02146837602954037,0.6954983769745747,0.716966753004115,0.28379893368803016,0.005590079799583065,5.0
2026-08-12 10:50:00,-0.052683223,-0.34870433941329176,0.7499999832361937,10.139999773353338,0.02146837602954037,0.6954983769745747,0.716966753004115,0.31557919055191147,0.005590079799583065,5.0
2026-08-12 11:00:00,-0.052683223,-0.31380694627441075,0.7499999832361937,10.139999773353338,0.02146837602954037,0.6954983769745747,0.716966753004115,0.3504765836907925,0.005590079799583065,5.0
2026-08-12 11:10:00,-0.052683223,-0.2760417485010197,0.7499999832361937,10.139999773353338,0.02146837602954037,0.6954983769745747,0.716966753004115,0.38824178146418353,0.005590079799583065,5.0
2026-08-12 11:20:00,-0.052683223,-0.23567509018849303,0.7499999832361937,10.139999773353338,0.02146837602954037,0.6954983769745747,0.716966753004115,0.4286084397767102,0.005590079799583065,5.0
2026-08-12 11:30:00,-0.052683223,-0.19298825739051995,0.7499999832361937,10.139999773353338,0.02146837602954037,0.6954983769745747,0.716966753004115,0.4712952725746833,0.005590079799583065,5.0
2026-08-12 11:40:00,-0.052683223,-0.1482752635366229,0.7499999832361937,10.139999773353338,0.02146837602954037,0.6954983769745747,0.716966753004115,0.5160082664285803,0.005590079799583065,5.0
2026-08-12 11:50:00,-0.052683223,-0.10184057939291628,0.7499999832361937,10.139999773353338,0.02146837602954037,0.6954983769745747,0.716966753004115,0.562442950572287,0.005590079799583065,5.0
2026-08-12 12:00:00,-0.052683223,-0.05399690691312243,0.7299999836832285,10.059999775141478,0.021013094694885187,0.6807488948114249,0.7017619895063101,0.5950818595542758,0.005590079799583065,5.0
2026-08-12 12:10:00,-0.052683223,-0.005063096330482762,0.7299999836832285,10.059999775141478,0.021013094694885187,0.6807488948114249,0.7017619895063101,0.6440156701369155,0.005590079799583065,5.0
2026-08-12 12:20:00,-0.052683223,0.044637705504768664,0.7299999836832285,10.059999775141478,0.021013094694885187,0.6807488948114249,0.7017619895063101,0.6937164719721669,0.005590079799583065,5.0
2026-08-12 12:30:00,-0.052683223,0.09477960922161117,0.7299999836832285,10.059999775141478,0.021013094694885187,0.6807488948114249,0.7017619895063101,0.7438583756890095,0.005590079799583065,5.0
2026-08-12 12:40:00,-0.052683223,0.14503520311779466,0.7299999836832285,10.059999775141478,0.021013094694885187,0.6807488948114249,0.7017619895063101,0.7941139695851929,0.005590079799583065,5.0
2026-08-12 12:50:00,-0.052683223,0.1950764386273566,0.7299999836832285,10.059999775141478,0.021013094694885187,0.6807488948114249,0.7017619895063101,0.8441552050947548,0.005590079799583065,5.0
2026-08-12 13:00:00,-0.052683223,0.2445752173803681,0.7299999836832285,10.059999775141478,0.021013094694885187,0.6807488948114249,0.7017619895063101,0.8936539838477664,0.005590079799583065,5.0
2026-08-12 13:10:00,-0.052683223,0.2932037515607031,0.7299999836832285,10.059999775141478,0.021013094694885187,0.6807488948114249,0.7017619895063101,0.9422825180281014,0.005590079799583065,5.0
2026-08-12 13:20:00,-0.052683223,0.34063479873394387,0.7299999836832285,10.059999775141478,0.021013094694885187,0.6807488948114249,0.7017619895063101,0.9897135652013421,0.005590079799583065,5.0
2026-08-12 13:30:00,-0.052683223,0.3865418932214265,0.7299999836832285,10.059999775141478,0.021013094694885187,0.6807488948114249,0.7017619895063101,1.0356206596888247,0.005590079799583065,5.0
2026-08-12 13:40:00,-0.052683223,0.430599705776391,0.7299999836832285,10.059999775141478,0.021013094694885187,0.6807488948114249,0.7017619895063101,1.0796784722437893,0.005590079799583065,5.0
2026-08-12 13:50:00,-0.052683223,0.47248466083233576,0.7299999836832285,10.059999775141478,0.021013094694885187,0.6807488948114249,0.7017619895063101,1.121563427299734,0.005590079799583065,5.0
2026-08-12 14:00:00,-0.052683223,0.511875926016246,0.7299999836832285,10.059999775141478,0.021013094694885187,0.6807488948114249,0.7017619895063101,1.1609546924836442,0.005590079799583065,5.0
2026-08-12 14:10:00,-0.052683223,0.5484568629363898,0.7299999836832285,10.059999775141478,0.021013094694885187,0.6807488948114249,0.7017619895063101,1.197535629403788,0.005590079799583065,5.0
2026-08-12 14:20:00,-0.052683223,0.5819169942219858,0.7299999836832285,10.059999775141478,0.021013094694885187,0.6807488948114249,0.7017619895063101,1.230995760689384,0.005590079799583065,5.0
2026-08-12 14:30:00,-0.052683223,0.6119545019455876,0.7299999836832285,10.059999775141478,0.021013094694885187,0.6807488948114249,0.7017619895063101,1.261033268412986,0.005590079799583065,5.0
2026-08-12 14:40:00,-0.052683223,0.6382792311743579,0.7299999836832285,10.059999775141478,0.021013094694885187,0.6807488948114249,0.7017619895063101,1.2873579976417562,0.005590079799583065,5.0
2026-08-12 14:50:00,-0.052683223,0.6606161324974648,0.7299999836832285,10.059999775141478,0.021013094694885187,0.6807488948114249,0.7017619895063101,1.309694898964863,0.005590079799583065,5.0
2026-08-12 15:00:00,-0.052683223,0.6787090429002806,0.7499999832361937,10.009999776259065,0.02119314043941806,0.6865817311159262,0.7077748715553444,1.333800691416713,0.005590079799583065,5.0
2026-08-12 15:10:00,-0.052683223,0.6923246778202254,0.7499999832361937,10.009999776259065,0.02119314043941806,0.6865817311159262,0.7077748715553444,1.347416326336658,0.005590079799583065,5.0
2026-08-12 15:20:00,-0.052683223,0.7012566906224074,0.7499999832361937,10.009999776259065,0.02119314043941806,0.6865817311159262,0.7077748715553444,1.3563483391388398,0.005590079799583065,5.0
2026-08-12 15:30:00,-0.052683223,0.7053296499705131,0.7499999832361937,10.009999776259065,0.02119314043941806,0.6865817311159262,0.7077748715553444,1.3604212984869455,0.005590079799583065,5.0
2026-08-12 15:40:00,-0.052683223,0.704402790336484,0.7499999832361937,10.009999776259065,0.02119314043941806,0.6865817311159262,0.7077748715553444,1.3594944388529164,0.005590079799583065,5.0
2026-08-12 15:50:00,-0.052683223,0.6983734050127179,0.7499999832361937,10.009999776259065,0.02119314043941806,0.6865817311159262,0.7077748715553444,1.3534650535291504,0.005590079799583065,5.0
2026-08-12 16:00:00,-0.052683223,0.6871797723463419,0.7499999832361937,10.009999776259065,0.02119314043941806,0.6865817311159262,0.7077748715553444,1.3422714208627744,0.005590079799583065,5.0
2026-08-12 16:10:00,-0.052683223,0.6708035318202751,0.7499999832361937,10.009999776259065,0.02119314043941806,0.6865817311159262,0.7077748715553444,1.3258951803367076,0.005590079799583065,5.0
2026-08-12 16:20:00,-0.052683223,0.6492714542544534,0.7499999832361937,10.009999776259065,0.02119314043941806,0.6865817311159262,0.7077748715553444,1.304363102770886,0.005590079799583065,5.0
2026-08-12 16:30:00,-0.052683223,0.622656576874402,0.7499999832361937,10.009999776259065,0.02119314043941806,0.6865817311159262,0.7077748715553444,1.2777482253908345,0.005590079799583065,5.0
2026-08-12 16:40:00,-0.052683223,0.5910786970146633,0.7499999832361937,10.009999776259065,0.02119314043941806,0.6865817311159262,0.7077748715553444,1.246170345531096,0.005590079799583065,5.0
2026-08-12 16:50:00,-0.052683223,0.5547042360364648,0.7499999832361937,10.009999776259065,0.02119314043941806,0.6865817311159262,0.7077748715553444,1.2097958845528973,0.005590079799583065,5.0
2026-08-12 17:00:00,-0.052683223,0.5137454966791303,0.7499999832361937,10.009999776259065,0.02119314043941806,0.6865817311159262,0.7077748715553444,1.1688371451955628,0.005590079799583065,5.0
2026-08-12 17:10:00,-0.052683223,0.46845934279372736,0.7499999832361937,10.009999776259065,0.02119314043941806,0.6865817311159262,0.7077748715553444,1.12355099131016,0.005590079799583065,5.0
2026-08-12 17:20:00,-0.052683223,0.4191453306658363,0.7499999832361937,10.009999776259065,0.02119314043941806,0.6865817311159262,0.7077748715553444,1.0742369791822688,0.005590079799583065,5.0
2026-08-12 17:30:00,-0.052683223,0.3661433181477214,0.7499999832361937,10.009999776259065,0.02119314043941806,0.6865817311159262,0.7077748715553444,1.0212349666641538,0.005590079799583065,5.0
2026-08-12 17:40:00,-0.052683223,0.30983057273929404,0.7499999832361937,10.009999776259065,0.02119314043941806,0.6865817311159262,0.7077748715553444,0.9649222212557266,0.005590079799583065,5.0
2026-08-12 17:50:00,-0.052683223,0.2506183956972958,0.7499999832361937,10.009999776259065,0.02119314043941806,0.6865817311159262,0.7077748715553444,0.9057100442137284,0.005590079799583065,5.0
2026-08-12 18:00:00,-0.052683223,0.18894827754558616,0.7599999830126762,9.939999777823687,0.021184771664623542,0.6863106128311132,0.7074953844957367,0.843760439002411,0.005590079799583065,5.0
2026-08-12 18:10:00,-0.052683223,0.1252876029878809,0.7599999830126762,9.939999777823687,0.021184771664623542,0.6863106128311132,0.7074953844957367,0.7800997644447057,0.005590079799583065,5.0
2026-08-12 18:20:00,-0.052683223,0.060124931115416745,0.7599999830126762,9.939999777823687,0.021184771664623542,0.6863106128311132,0.7074953844957367,0.7149370925722416,0.005590079799583065,5.0
2026-08-12 18:30:00,-0.052683223,-0.006035110152115548,0.7599999830126762,9.939999777823687,0.021184771664623542,0.6863106128311132,0.7074953844957367,0.6487770513047093,0.005590079799583065,5.0
2026-08-12 18:40:00,-0.052683223,-0.07267725852359389,0.7599999830126762,9.939999777823687,0.021184771664623542,0.6863106128311132,0.7074953844957367,0.582134902933231,0.005590079799583065,5.0
2026-08-12 18:50:00,-0.052683223,-0.13928130324769497,0.7599999830126762,9.939999777823687,0.021184771664623542,0.6863106128311132,0.7074953844957367,0.5155308582091299,0.005590079799583065,5.0
2026-08-12 19:00:00,-0.052683223,-0.2053279230219184,0.7599999830126762,9.939999777823687,0.021184771664623542,0.6863106128311132,0.7074953844957367,0.4494842384349065,0.005590079799583065,5.0
2026-08-12 19:10:00,-0.052683223,-0.2703045568099254,0.7599999830126762,9.939999777823687,0.021184771664623542,0.6863106128311132,0.7074953844957367,0.3845076046468995,0.005590079799583065,5.0
2026-08-12 19:20:00,-0.052683223,-0.33371117252004334,0.7599999830126762,9.939999777823687,0.021184771664623542,0.6863106128311132,0.7074953844957367,0.3211009889367815,0.005590079799583065,5.0
2026-08-12 19:30:00,-0.052683223,-0.39506578984826024,0.7599999830126762,9.939999777823687,0.021184771664623542,0.6863106128311132,0.7074953844957367,0.2597463716085646,0.005590079799583065,5.0
2026-08-12 19:40:00,-0.052683223,-0.4539096132479286,0.7599999830126762,9.939999777823687,0.021184771664623542,0.6863106128311132,0.7074953844957367,0.2009025482088963,0.005590079799583065,5.0
2026-08-12 19:50:00,-0.052683223,-0.5098116404426614,0.7599999830126762,9.939999777823687,0.021184771664623542,0.6863106128311132,0.7074953844957367,0.1450005210141635,0.005590079799583065,5.0
2026-08-12 20:00:00,-0.052683223,-0.5623726312320327,0.7599999830126762,9.939999777823687,0.021184771664623542,0.6863106128311132,0.7074953844957367,0.09243953022479212,0.005590079799583065,5.0
2026-08-12 20:10:00,-0.052683223,-0.6112283492640762,0.7599999830126762,9.939999777823687,0.021184771664623542,0.6863106128311132,0.7074953844957367,0.04358381219274865,0.005590079799583065,5.0
2026-08-12 20:20:00,-0.052683223,-0.6560520246199009,0.7599999830126762,9.939999777823687,0.021184771664623542,0.6863106128311132,0.7074953844957367,-0.0012398631630760049,0.005590079799583065,5.0
2026-08-12 20:30:00,-0.052683223,-0.6965560240367635,0.7599999830126762,9.939999777823687,0.021184771664623542,0.6863106128311132,0.7074953844957367,-0.04174386257993867,0.005590079799583065,5.0
2026-08-12 20:40:00,-0.052683223,-0.7324927558773209,0.7599999830126762,9.939999777823687,0.021184771664623542,0.6863106128311132,0.7074953844957367,-0.07768059442049602,0.005590079799583065,5.0
2026-08-12 20:50:00,-0.052683223,-0.7636548743623744,0.7599999830126762,9.939999777823687,0.021184771664623542,0.6863106128311132,0.7074953844957367,-0.10884271290554959,0.005590079799583065,5.0
2026-08-12 21:00:00,-0.052683223,-0.789874879364894,0.7799999825656414,9.909999778494239,0.02139693477023195,0.6931839364305085,0.7145808712007404,-0.12797723120306537,0.005590079799583065,5.0
2026-08-12 21:10:00,-0.052683223,-0.8110242310307105,0.7799999825656414,9.909999778494239,0.02139693477023195,0.6931839364305085,0.7145808712007404,-0.14912658286888192,0.005590079799583065,5.0
2026-08-12 21:20:00,-0.052683223,-0.8270121108859687,0.7799999825656414,9.909999778494239,0.02139693477023195,0.6931839364305085,0.7145808712007404,-0.1651144627241401,0.005590079799583065,5.0
2026-08-12 21:30:00,-0.052683223,-0.8377839619175989,0.7799999825656414,9.909999778494239,0.02139693477023195,0.6931839364305085,0.7145808712007404,-0.17588631375577024,0.005590079799583065,5.0
2026-08-12 21:40:00,-0.052683223,-0.8433199295307341,0.7799999825656414,9.909999778494239,0.02139693477023195,0.6931839364305085,0.7145808712007404,-0.18142228136890548,0.005590079799583065,5.0
2026-08-12 21:50:00,-0.052683223,-0.8436333047881146,0.7799999825656414,9.909999778494239,0.02139693477023195,0.6931839364305085,0.7145808712007404,-0.181735656626286,0.005590079799583065,5.0
2026-08-12 22:00:00,-0.052683223,-0.8387690431775017,0.7799999825656414,9.909999778494239,0.02139693477023195,0.6931839364305085,0.7145808712007404,-0.17687139501567306,0.005590079799583065,5.0
2026-08-12 22:10:00,-0.052683223,-0.8288023995493912,0.7799999825656414,9.909999778494239,0.02139693477023195,0.6931839364305085,0.7145808712007404,-0.16690475138756256,0.005590079799583065,5.0
2026-08-12 22:20:00,-0.052683223,-0.8138376863830338,0.7799999825656414,9.909999778494239,0.02139693477023195,0.6931839364305085,0.7145808712007404,-0.15194003822120516,0.005590079799583065,5.0
2026-08-12 22:30:00,-0.052683223,-0.7940071317294526,0.7799999825656414,9.909999778494239,0.02139693477023195,0.6931839364305085,0.7145808712007404,-0.13210948356762398,0.005590079799583065,5.0
2026-08-12 22:40:00,-0.052683223,-0.7694697884261283,0.7799999825656414,9.909999778494239,0.02139693477023195,0.6931839364305085,0.7145808712007404,-0.10757214026429973,0.005590079799583065,5.0
2026-08-12 22:50:00,-0.052683223,-0.740410430000762,0.7799999825656414,9.909999778494239,0.02139693477023195,0.6931839364305085,0.7145808712007404,-0.0785127818389334,0.005590079799583065,5.0
2026-08-12 23:00:00,-0.052683223,-0.7070383626722639,0.7799999825656414,9.909999778494239,0.02139693477023195,0.6931839364305085,0.7145808712007404,-0.04514071451043533,0.005590079799583065,5.0
2026-08-12 23:10:00,-0.052683223,-0.6695860875915252,0.7799999825656414,9.909999778494239,0.02139693477023195,0.6931839364305085,0.7145808712007404,-0.0076884394296965475,0.005590079799583065,5.0
2026-08-12 23:20:00,-0.052683223,-0.6283077620044769,0.7799999825656414,9.909999778494239,0.02139693477023195,0.6931839364305085,0.7145808712007404,0.0335898861573517,0.005590079799583065,5.0
2026-08-12 23:30:00,-0.052683223,-0.583477430845107,0.7799999825656414,9.909999778494239,0.02139693477023195,0.6931839364305085,0.7145808712007404,0.07842021731672166,0.005590079799583065,5.0
2026-08-12 23:40:00,-0.052683223,-0.5353870280208594,0.7799999825656414,9.909999778494239,0.02139693477023195,0.6931839364305085,0.7145808712007404,0.12651062014096925,0.005590079799583065,5.0
2026-08-12 23:50:00,-0.052683223,-0.4843441767966922,0.7799999825656414,9.909999778494239,0.02139693477023195,0.6931839364305085,0.7145808712007404,0.17755347136513633,0.005590079799583065,5.0
2026-08-13 00:00:00,-0.06926565,-0.4306698465778774,0.789999982342124,9.909999778494239,0.021533657789300664,0.6976132718272106,0.7191469296165112,0.21921143431598517,0.005590079799583065,5.0
2026-08-13 00:10:00,-0.06926565,-0.37469594648366183,0.789999982342124,9.909999778494239,0.021533657789300664,0.6976132718272106,0.7191469296165112,0.2751853344102007,0.005590079799583065,5.0
2026-08-13 00:20:00,-0.06926565,-0.3167629508719401,0.789999982342124,9.909999778494239,0.021533657789300664,0.6976132718272106,0.7191469296165112,0.3331183300219224,0.005590079799583065,5.0
2026-08-13 00:30:00,-0.06926565,-0.25721765650863787,0.789999982342124,9.909999778494239,0.021533657789300664,0.6976132718272106,0.7191469296165112,0.3926636243852247,0.005590079799583065,5.0
2026-08-13 00:40:00,-0.06926565,-0.1964111646634843,0.789999982342124,9.909999778494239,0.021533657789300664,0.6976132718272106,0.7191469296165112,0.45347011623037825,0.005590079799583065,5.0
2026-08-13 00:50:00,-0.06926565,-0.13469716379296676,0.789999982342124,9.909999778494239,0.021533657789300664,0.6976132718272106,0.7191469296165112,0.5151841171008957,0.005590079799583065,5.0
2026-08-13 01:00:00,-0.06926565,-0.07243056187894373,0.789999982342124,9.909999778494239,0.021533657789300664,0.6976132718272106,0.7191469296165112,0.5774507190149188,0.005590079799583065,5.0
2026-08-13 01:10:00,-0.06926565,-0.00996648339834036,0.789999982342124,9.909999778494239,0.021533657789300664,0.6976132718272106,0.7191469296165112,0.6399147974955222,0.005590079799583065,5.0
2026-08-13 01:20:00,-0.06926565,0.05234039107028965,0.789999982342124,9.909999778494239,0.021533657789300664,0.6976132718272106,0.7191469296165112,0.7022216719641522,0.005590079799583065,5.0
2026-08-13 01:30:00,-0.06926565,0.11413620216601274,0.789999982342124,9.909999778494239,0.021533657789300664,0.6976132718272106,0.7191469296165112,0.7640174830598753,0.005590079799583065,5.0
2026-08-13 01:40:00,-0.06926565,0.17506809843488064,0.789999982342124,9.909999778494239,0.021533657789300664,0.6976132718272106,0.7191469296165112,0.8249493793287432,0.005590079799583065,5.0
2026-08-13 01:50:00,-0.06926565,0.23478435081057358,0.789999982342124,9.909999778494239,0.021533657789300664,0.6976132718272106,0.7191469296165112,0.8846656317044361,0.005590079799583065,5.0
2026-08-13 02:00:00,-0.06926565,0.2929345288770018,0.789999982342124,9.909999778494239,0.021533657789300664,0.6976132718272106,0.7191469296165112,0.9428158097708643,0.005590079799583065,5.0
2026-08-13 02:10:00,-0.06926565,0.3491698764185597,0.789999982342124,9.909999778494239,0.021533657789300664,0.6976132718272106,0.7191469296165112,0.9990511573124222,0.005590079799583065,5.0
2026-08-13 02:20:00,-0.06926565,0.4031440151273351,0.789999982342124,9.909999778494239,0.021533657789300664,0.6976132718272106,0.7191469296165112,1.0530252960211977,0.005590079799583065,5.0
2026-08-13 02:30:00,-0.06926565,0.4545140843320043,0.789999982342124,9.909999778494239,0.021533657789300664,0.6976132718272106,0.7191469296165112,1.104395365225867,0.005590079799583065,5.0
2026-08-13 02:40:00,-0.06926565,0.5029423941001521,0.789999982342124,9.909999778494239,0.021533657789300664,0.6976132718272106,0.7191469296165112,1.1528236749940146,0.005590079799583065,5.0
2026-08-13 02:50:00,-0.06926565,0.5480986306583168,0.789999982342124,9.909999778494239,0.021533657789300664,0.6976132718272106,0.7191469296165112,1.1979799115521792,0.005590079799583065,5.0
2026-08-13 03:00:00,-0.06926565,0.5896626113460146,0.7999999821186066,9.94999977760017,0.02175698343678257,0.7048482217436244,0.7266052051804069,1.2470021678037728,0.005590079799583065,5.0
2026-08-13 03:10:00,-0.06926565,0.627327543921537,0.7999999821186066,9.94999977760017,0.02175698343678257,0.7048482217436244,0.7266052051804069,1.2846671003792953,0.005590079799583065,5.0
2026-08-13 03:20:00,-0.06926565,0.6608037064845693,0.7999999821186066,9.94999977760017,0.02175698343678257,0.7048482217436244,0.7266052051804069,1.3181432629423275,0.005590079799583065,5.0
2026-08-13 03:30:00,-0.06926565,0.6898224321950903,0.7999999821186066,9.94999977760017,0.02175698343678257,0.7048482217436244,0.7266052051804069,1.3471619886528488,0.005590079799583065,5.0
2026-08-13 03:40:00,-0.06926565,0.7141402600264531,0.7999999821186066,9.94999977760017,0.02175698343678257,0.7048482217436244,0.7266052051804069,1.3714798164842115,0.005590079799583065,5.0
2026-08-13 03:50:00,-0.06926565,0.7335431004825957,0.7999999821186066,9.94999977760017,0.02175698343678257,0.7048482217436244,0.7266052051804069,1.390882656940354,0.005590079799583065,5.0
2026-08-13 04:00:00,-0.06926565,0.7478502637113786,0.7999999821186066,9.94999977760017,0.02175698343678257,0.7048482217436244,0.7266052051804069,1.405189820169137,0.005590079799583065,5.0
2026-08-13 04:10:00,-0.06926565,0.7569182063059343,0.7999999821186066,9.94999977760017,0.02175698343678257,0.7048482217436244,0.7266052051804069,1.4142577627636927,0.005590079799583065,5.0
2026-08-13 04:20:00,-0.06926565,0.7606438704012104,0.7999999821186066,9.94999977760017,0.02175698343678257,0.7048482217436244,0.7266052051804069,1.4179834268589686,0.005590079799583065,5.0
2026-08-13 04:30:00,-0.06926565,0.7589675122426955,0.7999999821186066,9.94999977760017,0.02175698343678257,0.7048482217436244,0.7266052051804069,1.416307068700454,0.005590079799583065,5.0
2026-08-13 04:40:00,-0.06926565,0.7518749443346485,0.7999999821186066,9.94999977760017,0.02175698343678257,0.7048482217436244,0.7266052051804069,1.4092145007924068,0.005590079799583065,5.0
2026-08-13 04:50:00,-0.06926565,0.7393991427240911,0.7999999821186066,9.94999977760017,0.02175698343678257,0.7048482217436244,0.7266052051804069,1.3967386991818493,0.005590079799583065,5.0
2026-08-13 05:00:00,-0.06926565,0.7216211962481507,0.7999999821186066,9.94999977760017,0.02175698343678257,0.7048482217436244,0.7266052051804069,1.378960752705909,0.005590079799583065,5.0
2026-08-13 05:10:00,-0.06926565,0.698670595694788,0.7999999821186066,9.94999977760017,0.02175698343678257,0.7048482217436244,0.7266052051804069,1.3560101521525463,0.005590079799583065,5.0
2026-08-13 05:20:00,-0.06926565,0.6707248762123911,0.7999999821186066,9.94999977760017,0.02175698343678257,0.7048482217436244,0.7266052051804069,1.3280644326701494,0.005590079799583065,5.0
2026-08-13 05:30:00,-0.06926565,0.6380086359092073,0.7999999821186066,9.94999977760017,0.02175698343678257,0.7048482217436244,0.7266052051804069,1.2953481923669656,0.005590079799583065,5.0
2026-08-13 05:40:00,-0.06926565,0.600791957162483,0.7999999821186066,9.94999977760017,0.02175698343678257,0.7048482217436244,0.7266052051804069,1.2581315136202413,0.005590079799583065,5.0
2026-08-13 05:50:00,-0.06926565,0.5593882568342998,0.7999999821186066,9.94999977760017,0.02175698343678257,0.7048482217436244,0.7266052051804069,1.2167278132920583,0.005590079799583065,5.0
2026-08-13 06:00:00,-0.06926565,0.5141515880315427,0.8099999818950891,10.039999775588512,0.022090565272967076,0.7156550766885575,0.7377456419615246,1.1826315812704187,0.005590079799583065,5.0
2026-08-13 06:10:00,-0.06926565,0.46547341256592517,0.8099999818950891,10.039999775588512,0.022090565272967076,0.7156550766885575,0.7377456419615246,1.133953405804801,0.005590079799583065,5.0
2026-08-13 06:20:00,-0.06926565,0.413778860932978,0.8099999818950891,10.039999775588512,0.022090565272967076,0.7156550766885575,0.7377456419615246,1.082258854171854,0.005590079799583065,5.0
2026-08-13 06:30:00,-0.06926565,0.35952249797621344,0.8099999818950891,10.039999775588512,0.022090565272967076,0.7156550766885575,0.7377456419615246,1.0280024912150894,0.005590079799583065,5.0
2026-08-13 06:40:00,-0.06926565,0.30318361856247056,0.8099999818950891,10.039999775588512,0.022090565272967076,0.7156550766885575,0.7377456419615246,0.9716636118013465,0.005590079799583065,5.0
2026-08-13 06:50:00,-0.06926565,0.24526110873987886,0.8099999818950891,10.039999775588512,0.022090565272967076,0.7156550766885575,0.7377456419615246,0.9137411019787548,0.005590079799583065,5.0
2026-08-13 07:00:00,-0.06926565,0.18626792451288246,0.8099999818950891,10.039999775588512,0.022090565272967076,0.7156550766885575,0.7377456419615246,0.8547479177517584,0.005590079799583065,5.0
2026-08-13 07:10:00,-0.06926565,0.12672526015413896,0.8099999818950891,10.039999775588512,0.022090565272967076,0.7156550766885575,0.7377456419615246,0.795205253393015,0.005590079799583065,5.0
2026-08-13 07:20:00,-0.06926565,0.06715650049356321,0.8099999818950891,10.039999775588512,0.022090565272967076,0.7156550766885575,0.7377456419615246,0.7356364937324392,0.005590079799583065,5.0
2026-08-13 07:30:00,-0.06926565,0.008081072871839875,0.8099999818950891,10.039999775588512,0.022090565272967076,0.7156550766885575,0.7377456419615246,0.6765610661107159,0.005590079799583065,5.0
2026-08-13 07:40:00,-0.06926565,-0.049991666766088405,0.8099999818950891,10.039999775588512,0.022090565272967076,0.7156550766885575,0.7377456419615246,0.6184883264727876,0.005590079799583065,5.0
2026-08-13 07:50:00,-0.06926565,-0.10656836664336712,0.8099999818950891,10.039999775588512,0.022090565272967076,0.7156550766885575,0.7377456419615246,0.5619116265955089,0.005590079799583065,5.0
2026-08-13 08:00:00,-0.06926565,-0.16117727893245637,0.8099999818950891,10.039999775588512,0.022090565272967076,0.7156550766885575,0.7377456419615246,0.5073027143064196,0.005590079799583065,5.0
2026-08-13 08:10:00,-0.06926565,-0.2133733792529362,0.8099999818950891,10.039999775588512,0.022090565272967076,0.7156550766885575,0.7377456419615246,0.45510661398593977,0.005590079799583065,5.0
2026-08-13 08:20:00,-0.06926565,-0.26274287346724795,0.8099999818950891,10.039999775588512,0.022090565272967076,0.7156550766885575,0.7377456419615246,0.405737119771628,0.005590079799583065,5.0
2026-08-13 08:30:00,-0.06926565,-0.3089069833825746,0.8099999818950891,10.039999775588512,0.022090565272967076,0.7156550766885575,0.7377456419615246,0.35957300985630136,0.005590079799583065,5.0
2026-08-13 08:40:00,-0.06926565,-0.3515249357949516,0.8099999818950891,10.039999775588512,0.022090565272967076,0.7156550766885575,0.7377456419615246,0.3169550574439244,0.005590079799583065,5.0
2026-08-13 08:50:00,-0.06926565,-0.39029611726717706,0.8099999818950891,10.039999775588512,0.022090565272967076,0.7156550766885575,0.7377456419615246,0.2781838759716989,0.005590079799583065,5.0
2026-08-13 09:00:00,-0.06926565,-0.4249613984571689,0.8399999812245369,10.189999772235751,0.02283202513731328,0.7396757167004053,0.7625077418377186,0.2682806946579011,0.005590079799583065,5.0
2026-08-13 09:10:00,-0.06926565,-0.45530367197261173,0.8399999812245369,10.189999772235751,0.02283202513731328,0.7396757167004053,0.7625077418377186,0.23793842114245822,0.005590079799583065,5.0
2026-08-13 09:20:00,-0.06926565,-0.48114768422953064,0.8399999812245369,10.189999772235751,0.02283202513731328,0.7396757167004053,0.7625077418377186,0.21209440888553943,0.005590079799583065,5.0
2026-08-13 09:30:00,-0.06926565,-0.5023592706963959,0.8399999812245369,10.189999772235751,0.02283202513731328,0.7396757167004053,0.7625077418377186,0.19088282241867416,0.005590079799583065,5.0
2026-08-13 09:40:00,-0.06926565,-0.5188441232471306,0.8399999812245369,10.189999772235751,0.02283202513731328,0.7396757167004053,0.7625077418377186,0.17439796986793943,0.005590079799583065,5.0
2026-08-13 09:50:00,-0.06926565,-0.5305462263388862,0.8399999812245369,10.189999772235751,0.02283202513731328,0.7396757167004053,0.7625077418377186,0.16269586677618386,0.005590079799583065,5.0
2026-08-13 10:00:00,-0.06926565,-0.5374460949969952,0.8399999812245369,10.189999772235751,0.02283202513731328,0.7396757167004053,0.7625077418377186,0.15579599811807476,0.005590079799583065,5.0
2026-08-13 10:10:00,-0.06926565,-0.5395589329880762,0.8399999812245369,10.189999772235751,0.02283202513731328,0.7396757167004053,0.7625077418377186,0.1536831601269938,0.005590079799583065,5.0
2026-08-13 10:20:00,-0.06926565,-0.536932805779826,0.8399999812245369,10.189999772235751,0.02283202513731328,0.7396757167004053,0.7625077418377186,0.15630928733524396,0.005590079799583065,5.0
2026-08-13 10:30:00,-0.06926565,-0.5296468928068964,0.8399999812245369,10.189999772235751,0.02283202513731328,0.7396757167004053,0.7625077418377186,0.16359520030817365,0.005590079799583065,5.0
2026-08-13 10:40:00,-0.06926565,-0.5178098505125005,0.8399999812245369,10.189999772235751,0.02283202513731328,0.7396757167004053,0.7625077418377186,0.1754322426025695,0.005590079799583065,5.0
2026-08-13 10:50:00,-0.06926565,-0.5015582852242015,0.8399999812245369,10.189999772235751,0.02283202513731328,0.7396757167004053,0.7625077418377186,0.19168380789086847,0.005590079799583065,5.0
2026-08-13 11:00:00,-0.06926565,-0.48105530671682223,0.8399999812245369,10.189999772235751,0.02283202513731328,0.7396757167004053,0.7625077418377186,0.21218678639824784,0.005590079799583065,5.0
2026-08-13 11:10:00,-0.06926565,-0.45648911224351424,0.8399999812245369,10.189999772235751,0.02283202513731328,0.7396757167004053,0.7625077418377186,0.23675298087155583,0.005590079799583065,5.0
2026-08-13 11:20:00,-0.06926565,-0.428071539012244,0.8399999812245369,10.189999772235751,0.02283202513731328,0.7396757167004053,0.7625077418377186,0.26517055410282603,0.005590079799583065,5.0
2026-08-13 11:30:00,-0.06926565,-0.3960365218460133,0.8399999812245369,10.189999772235751,0.02283202513731328,0.7396757167004053,0.7625077418377186,0.2972055712690567,0.005590079799583065,5.0
2026-08-13 11:40:00,-0.06926565,-0.36063840153183774,0.8399999812245369,10.189999772235751,0.02283202513731328,0.7396757167004053,0.7625077418377186,0.3326036915832323,0.005590079799583065,5.0
2026-08-13 11:50:00,-0.06926565,-0.32215004757691446,0.8399999812245369,10.189999772235751,0.02283202513731328,0.7396757167004053,0.7625077418377186,0.37109204553815556,0.005590079799583065,5.0
2026-08-13 12:00:00,-0.06926565,-0.28086078354658706,0.8799999803304672,12.349999723955989,0.028322977056699908,0.9175628630185046,0.9458858400752046,0.5957594078059689,0.005590079799583065,5.0
2026-08-13 12:10:00,-0.06926565,-0.23707413175242237,0.8799999803304672,12.349999723955989,0.028322977056699908,0.9175628630185046,0.9458858400752046,0.6395460596001337,0.005590079799583065,5.0
2026-08-13 12:20:00,-0.06926565,-0.19110542231191718,0.8799999803304672,12.349999723955989,0.028322977056699908,0.9175628630185046,0.9458858400752046,0.6855147690406388,0.005590079799583065,5.0
2026-08-13 12:30:00,-0.06926565,-0.14327933675916457,0.8799999803304672,12.349999723955989,0.028322977056699908,0.9175628630185046,0.9458858400752046,0.7333408545933914,0.005590079799583065,5.0
2026-08-13 12:40:00,-0.06926565,-0.09392747456644696,0.8799999803304672,12.349999723955989,0.028322977056699908,0.9175628630185046,0.9458858400752046,0.7826927167861091,0.005590079799583065,5.0
2026-08-13 12:50:00,-0.06926565,-0.04338604009059238,0.8799999803304672,12.349999723955989,0.028322977056699908,0.9175628630185046,0.9458858400752046,0.8332341512619637,0.005590079799583065,5.0
2026-08-13 13:00:00,-0.06926565,0.008006254174033337,0.8799999803304672,12.349999723955989,0.028322977056699908,0.9175628630185046,0.9458858400752046,0.8846264455265893,0.005590079799583065,5.0
2026-08-13 13:10:00,-0.06926565,0.05990998503956004,0.8799999803304672,12.349999723955989,0.028322977056699908,0.9175628630185046,0.9458858400752046,0.936530176392116,0.005590079799583065,5.0
2026-08-13 13:20:00,-0.06926565,0.11198645648549052,0.8799999803304672,12.349999723955989,0.028322977056699908,0.9175628630185046,0.9458858400752046,0.9886066478380465,0.005590079799583065,5.0
2026-08-13 13:30:00,-0.06926565,0.16389874916291955,0.8799999803304672,12.349999723955989,0.028322977056699908,0.9175628630185046,0.9458858400752046,1.0405189405154756,0.005590079799583065,5.0
2026-08-13 13:40:00,-0.06926565,0.21531238887118803,0.8799999803304672,12.349999723955989,0.028322977056699908,0.9175628630185046,0.9458858400752046,1.091932580223744,0.005590079799583065,5.0
2026-08-13 13:50:00,-0.06926565,0.2658956797218296,0.8799999803304672,12.349999723955989,0.028322977056699908,0.9175628630185046,0.9458858400752046,1.1425158710743855,0.005590079799583065,5.0
2026-08-13 14:00:00,-0.06926565,0.3153197834367865,0.8799999803304672,12.349999723955989,0.028322977056699908,0.9175628630185046,0.9458858400752046,1.1919399747893424,0.005590079799583065,5.0
2026-08-13 14:10:00,-0.06926565,0.36325865645346717,0.8799999803304672,12.349999723955989,0.028322977056699908,0.9175628630185046,0.9458858400752046,1.2398788478060232,0.005590079799583065,5.0
2026-08-13 14:20:00,-0.06926565,0.4093889774871161,0.8799999803304672,12.349999723955989,0.028322977056699908,0.9175628630185046,0.9458858400752046,1.286009168839672,0.005590079799583065,5.0
2026-08-13 14:30:00,-0.06926565,0.45339020788803835,0.8799999803304672,12.349999723955989,0.028322977056699908,0.9175628630185046,0.9458858400752046,1.3300103992405943,0.005590079799583065,5.0
2026-08-13 14:40:00,-0.06926565,0.4949449245323502,0.8799999803304672,12.349999723955989,0.028322977056699908,0.9175628630185046,0.9458858400752046,1.371565115884906,0.005590079799583065,5.0
2026-08-13 14:50:00,-0.06926565,0.5337395494012869,0.8799999803304672,12.349999723955989,0.028322977056699908,0.9175628630185046,0.9458858400752046,1.4103597407538428,0.005590079799583065,5.0
2026-08-13 15:00:00,-0.06926565,0.5694655737951987,0.9599999785423279,12.519999720156193,0.029989591649674966,0.9715551977373181,1.001544789386993,1.501744714459543,0.005590079799583065,5.0
2026-08-13 15:10:00,-0.06926565,0.6018213393363057,0.9599999785423279,12.519999720156193,0.029989591649674966,0.9715551977373181,1.001544789386993,1.5341004800006501,0.005590079799583065,5.0
2026-08-13 15:20:00,-0.06926565,0.6305143968424332,0.9599999785423279,12.519999720156193,0.029989591649674966,0.9715551977373181,1.001544789386993,1.5627935375067776,0.005590079799583065,5.0
2026-08-13 15:30:00,-0.06926565,0.6552644205224303,0.9599999785423279,12.519999720156193,0.029989591649674966,0.9715551977373181,1.001544789386993,1.5875435611867748,0.005590079799583065,5.0
2026-08-13 15:40:00,-0.06926565,0.6758066131954644,0.9599999785423279,12.519999720156193,0.029989591649674966,0.9715551977373181,1.001544789386993,1.6080857538598088,0.005590079799583065,5.0
2026-08-13 15:50:00,-0.06926565,0.6918955013528434,0.9599999785423279,12.519999720156193,0.029989591649674966,0.9715551977373181,1.001544789386993,1.6241746420171879,0.005590079799583065,5.0
2026-08-13 16:00:00,-0.06926565,0.7033089901236818,0.9599999785423279,12.519999720156193,0.029989591649674966,0.9715551977373181,1.001544789386993,1.6355881307880262,0.005590079799583065,5.0
2026-08-13 16:10:00,-0.06926565,0.7098525294648573,0.9599999785423279,12.519999720156193,0.029989591649674966,0.9715551977373181,1.001544789386993,1.642131670129202,0.005590079799583065,5.0
2026-08-13 16:20:00,-0.06926565,0.7113632349763296,0.9599999785423279,12.519999720156193,0.029989591649674966,0.9715551977373181,1.001544789386993,1.643642375640674,0.005590079799583065,5.0
2026-08-13 16:30:00,-0.06926565,0.7077138098941379,0.9599999785423279,12.519999720156193,0.029989591649674966,0.9715551977373181,1.001544789386993,1.6399929505584825,0.005590079799583065,5.0
2026-08-13 16:40:00,-0.06926565,0.6988161274332159,0.9599999785423279,12.519999720156193,0.029989591649674966,0.9715551977373181,1.001544789386993,1.6310952680975603,0.005590079799583065,5.0
2026-08-13 16:50:00,-0.06926565,0.6846243530779859,0.9599999785423279,12.519999720156193,0.029989591649674966,0.9715551977373181,1.001544789386993,1.6169034937423303,0.005590079799583065,5.0
2026-08-13 17:00:00,-0.06926565,0.6651375118106557,0.9599999785423279,12.519999720156193,0.029989591649674966,0.9715551977373181,1.001544789386993,1.5974166524750002,0.005590079799583065,5.0
2026-08-13 17:10:00,-0.06926565,0.6404014328531612,0.9599999785423279,12.519999720156193,0.029989591649674966,0.9715551977373181,1.001544789386993,1.5726805735175056,0.005590079799583065,5.0
2026-08-13 17:20:00,-0.06926565,0.610510031427947,0.9599999785423279,12.519999720156193,0.029989591649674966,0.9715551977373181,1.001544789386993,1.5427891720922915,0.005590079799583065,5.0
2026-08-13 17:30:00,-0.06926565,0.5756059109601332,0.9599999785423279,12.519999720156193,0.029989591649674966,0.9715551977373181,1.001544789386993,1.5078850516244777,0.005590079799583065,5.0
2026-08-13 17:40:00,-0.06926565,0.5358802880884432,0.9599999785423279,12.519999720156193,0.029989591649674966,0.9715551977373181,1.001544789386993,1.4681594287527877,0.005590079799583065,5.0
2026-08-13 17:50:00,-0.06926565,0.49157225626748186,0.9599999785423279,12.519999720156193,0.029989591649674966,0.9715551977373181,1.001544789386993,1.4238513969318263,0.005590079799583065,5.0
2026-08-13 18:00:00,-0.06926565,0.44296741096577097,1.0199999772012234,12.599999718368053,0.031110087877665057,1.0078552563398375,1.0389653442175026,1.412667106460625,0.005590079799583065,5.0
2026-08-13 18:10:00,-0.06926565,0.3903958620465822,1.0199999772012234,12.599999718368053,0.031110087877665057,1.0078552563398375,1.0389653442175026,1.3600955575414362,0.005590079799583065,5.0
2026-08-13 18:20:00,-0.06926565,0.33422965750023687,1.0199999772012234,12.599999718368053,0.031110087877665057,1.0078552563398375,1.0389653442175026,1.3039293529950908,0.005590079799583065,5.0
2026-08-13 18:30:00,-0.06926565,0.27487964010147165,1.0199999772012234,12.599999718368053,0.031110087877665057,1.0078552563398375,1.0389653442175026,1.2445793355963257,0.005590079799583065,5.0
2026-08-13 18:40:00,-0.06926565,0.21279175610163076,1.0199999772012234,12.599999718368053,0.031110087877665057,1.0078552563398375,1.0389653442175026,1.1824914515964848,0.005590079799583065,5.0
2026-08-13 18:50:00,-0.06926565,0.14844283539308092,1.0199999772012234,12.599999718368053,0.031110087877665057,1.0078552563398375,1.0389653442175026,1.118142530887935,0.005590079799583065,5.0
2026-08-13 19:00:00,-0.06926565,0.08233586700272684,1.0199999772012234,12.599999718368053,0.031110087877665057,1.0078552563398375,1.0389653442175026,1.0520355624975808,0.005590079799583065,5.0
2026-08-13 19:10:00,-0.06926565,0.014994802928054714,1.0199999772012234,12.599999718368053,0.031110087877665057,1.0078552563398375,1.0389653442175026,0.9846944984229087,0.005590079799583065,5.0
2026-08-13 19:20:00,-0.06926565,-0.05304106174703208,1.0199999772012234,12.599999718368053,0.031110087877665057,1.0078552563398375,1.0389653442175026,0.916658633747822,0.005590079799583065,5.0
2026-08-13 19:30:00,-0.06926565,-0.12122306597494026,1.0199999772012234,12.599999718368053,0.031110087877665057,1.0078552563398375,1.0389653442175026,0.8484766295199138,0.005590079799583065,5.0
2026-08-13 19:40:00,-0.06926565,-0.1889994283918503,1.0199999772012234,12.599999718368053,0.031110087877665057,1.0078552563398375,1.0389653442175026,0.7807002671030037,0.005590079799583065,5.0
2026-08-13 19:50:00,-0.06926565,-0.2558216505853743,1.0199999772012234,12.599999718368053,0.031110087877665057,1.0078552563398375,1.0389653442175026,0.7138780449094797,0.005590079799583065,5.0
2026-08-13 20:00:00,-0.06926565,-0.3211509462451558,1.0199999772012234,12.599999718368053,0.031110087877665057,1.0078552563398375,1.0389653442175026,0.6485487492496982,0.005590079799583065,5.0
2026-08-13 20:10:00,-0.06926565,-0.38446454862280294,1.0199999772012234,12.599999718368053,0.031110087877665057,1.0078552563398375,1.0389653442175026,0.5852351468720511,0.005590079799583065,5.0
2026-08-13 20:20:00,-0.06926565,-0.44526173964016097,1.0199999772012234,12.599999718368053,0.031110087877665057,1.0078552563398375,1.0389653442175026,0.524437955854693,0.005590079799583065,5.0
2026-08-13 20:30:00,-0.06926565,-0.5030694439472804,1.0199999772012234,12.599999718368053,0.031110087877665057,1.0078552563398375,1.0389653442175026,0.46663025154757365,0.005590079799583065,5.0
2026-08-13 20:40:00,-0.06926565,-0.5574472412627054,1.0199999772012234,12.599999718368053,0.031110087877665057,1.0078552563398375,1.0389653442175026,0.4122524542321486,0.005590079799583065,5.0
2026-08-13 20:50:00,-0.06926565,-0.6079916702243642,1.0199999772012234,12.599999718368053,0.031110087877665057,1.0078552563398375,1.0389653442175026,0.36170802527048984,0.005590079799583065,5.0
2026-08-13 21:00:00,-0.06926565,-0.654339726483708,1.0499999765306711,12.459999721497297,0.03121355961613666,1.0112073695164803,1.042420929132617,0.3188155539262604,0.005590079799583065,5.0
2026-08-13 21:10:00,-0.06926565,-0.696171494054599,1.0499999765306711,12.459999721497297,0.03121355961613666,1.0112073695164803,1.042420929132617,0.27698378635536935,0.005590079799583065,5.0
2026-08-13 21:20:00,-0.06926565,-0.7332118901754032,1.0499999765306711,12.459999721497297,0.03121355961613666,1.0112073695164803,1.042420929132617,0.23994339023456512,0.005590079799583065,5.0
2026-08-13 21:30:00,-0.06926565,-0.7652315461105026,1.0499999765306711,12.459999721497297,0.03121355961613666,1.0112073695164803,1.042420929132617,0.20792373429946576,0.005590079799583065,5.0
2026-08-13 21:40:00,-0.06926565,-0.7920468863772512,1.0499999765306711,12.459999721497297,0.03121355961613666,1.0112073695164803,1.042420929132617,0.18110839403271717,0.005590079799583065,5.0
2026-08-13 21:50:00,-0.06926565,-0.8135195031177949,1.0499999765306711,12.459999721497297,0.03121355961613666,1.0112073695164803,1.042420929132617,0.1596357772921735,0.005590079799583065,5.0
2026-08-13 22:00:00,-0.06926565,-0.8295549480542317,1.0499999765306711,12.459999721497297,0.03121355961613666,1.0112073695164803,1.042420929132617,0.14360033235573666,0.005590079799583065,5.0
2026-08-13 22:10:00,-0.06926565,-0.840101079533485,1.0499999765306711,12.459999721497297,0.03121355961613666,1.0112073695164803,1.042420929132617,0.13305420087648334,0.005590079799583065,5.0
2026-08-13 22:20:00,-0.06926565,-0.8451461054305601,1.0499999765306711,12.459999721497297,0.03121355961613666,1.0112073695164803,1.042420929132617,0.12800917497940822,0.005590079799583065,5.0
2026-08-13 22:30:00,-0.06926565,-0.8447164544938522,1.0499999765306711,12.459999721497297,0.03121355961613666,1.0112073695164803,1.042420929132617,0.1284388259161161,0.005590079799583065,5.0
2026-08-13 22:40:00,-0.06926565,-0.8388745900390623,1.0499999765306711,12.459999721497297,0.03121355961613666,1.0112073695164803,1.042420929132617,0.13428069037090606,0.005590079799583065,5.0
2026-08-13 22:50:00,-0.06926565,-0.8277168533375965,1.0499999765306711,12.459999721497297,0.03121355961613666,1.0112073695164803,1.042420929132617,0.14543842707237187,0.005590079799583065,5.0
2026-08-13 23:00:00,-0.06926565,-0.8113713924359601,1.0499999765306711,12.459999721497297,0.03121355961613666,1.0112073695164803,1.042420929132617,0.16178388797400822,0.005590079799583065,5.0
2026-08-13 23:10:00,-0.06926565,-0.7899961991661759,1.0499999765306711,12.459999721497297,0.03121355961613666,1.0112073695164803,1.042420929132617,0.18315908124379243,0.005590079799583065,5.0
2026-08-13 23:20:00,-0.06926565,-0.7637772463109282,1.0499999765306711,12.459999721497297,0.03121355961613666,1.0112073695164803,1.042420929132617,0.2093780340990401,0.005590079799583065,5.0
2026-08-13 23:30:00,-0.06926565,-0.7329266916127535,1.0499999765306711,12.459999721497297,0.03121355961613666,1.0112073695164803,1.042420929132617,0.24022858879721487,0.005590079799583065,5.0
2026-08-13 23:40:00,-0.06926565,-0.6976810981410035,1.0499999765306711,12.459999721497297,0.03121355961613666,1.0112073695164803,1.042420929132617,0.2754741822689648,0.005590079799583065,5.0
2026-08-13 23:50:00,-0.06926565,-0.6582996132388133,1.0499999765306711,12.459999721497297,0.03121355961613666,1.0112073695164803,1.042420929132617,0.3148556671711551,0.005590079799583065,5.0
2026-08-14 00:00:00,-0.086480714,-0.6150620512318116,1.0699999760836363,12.369999723508954,0.0312818331556896,1.0134191873029788,1.0447010204586684,0.34315825484611573,0.005590079799583065,5.0
2026-08-14 00:10:00,-0.086480714,-0.5682668379155967,1.0699999760836363,12.369999723508954,0.0312818331556896,1.0134191873029788,1.0447010204586684,0.38995346816233056,0.005590079799583065,5.0
2026-08-14 00:20:00,-0.086480714,-0.5182287954166511,1.0699999760836363,12.369999723508954,0.0312818331556896,1.0134191873029788,1.0447010204586684,0.4399915106612762,0.005590079799583065,5.0
2026-08-14 00:30:00,-0.086480714,-0.4652767720637084,1.0699999760836363,12.369999723508954,0.0312818331556896,1.0134191873029788,1.0447010204586684,0.492943534014219,0.005590079799583065,5.0
2026-08-14 00:40:00,-0.086480714,-0.4097511496876747,1.0699999760836363,12.369999723508954,0.0312818331556896,1.0134191873029788,1.0447010204586684,0.5484691563902526,0.005590079799583065,5.0
2026-08-14 00:50:00,-0.086480714,-0.3520012870596721,1.0699999760836363,12.369999723508954,0.0312818331556896,1.0134191873029788,1.0447010204586684,0.6062190190182553,0.005590079799583065,5.0
2026-08-14 01:00:00,-0.086480714,-0.2923829793326917,1.0699999760836363,12.369999723508954,0.0312818331556896,1.0134191873029788,1.0447010204586684,0.6658373267452355,0.005590079799583065,5.0
2026-08-14 01:10:00,-0.086480714,-0.23125602648354984,1.0699999760836363,12.369999723508954,0.0312818331556896,1.0134191873029788,1.0447010204586684,0.7269642795943775,0.005590079799583065,5.0
2026-08-14 01:20:00,-0.086480714,-0.16898200700115204,1.0699999760836363,12.369999723508954,0.0312818331556896,1.0134191873029788,1.0447010204586684,0.7892382990767752,0.005590079799583065,5.0
2026-08-14 01:30:00,-0.086480714,-0.10592234513474083,1.0699999760836363,12.369999723508954,0.0312818331556896,1.0134191873029788,1.0447010204586684,0.8522979609431864,0.005590079799583065,5.0
2026-08-14 01:40:00,-0.086480714,-0.042436741570591865,1.0699999760836363,12.369999723508954,0.0312818331556896,1.0134191873029788,1.0447010204586684,0.9157835645073354,0.005590079799583065,5.0
2026-08-14 01:50:00,-0.086480714,0.021117990540751076,1.0699999760836363,12.369999723508954,0.0312818331556896,1.0134191873029788,1.0447010204586684,0.9793382966186783,0.005590079799583065,5.0
2026-08-14 02:00:00,-0.086480714,0.08438867676903883,1.0699999760836363,12.369999723508954,0.0312818331556896,1.0134191873029788,1.0447010204586684,1.042608982846966,0.005590079799583065,5.0
2026-08-14 02:10:00,-0.086480714,0.14702615053379856,1.0699999760836363,12.369999723508954,0.0312818331556896,1.0134191873029788,1.0447010204586684,1.105246456611726,0.005590079799583065,5.0
2026-08-14 02:20:00,-0.086480714,0.20868530858445136,1.0699999760836363,12.369999723508954,0.0312818331556896,1.0134191873029788,1.0447010204586684,1.1669056146623786,0.005590079799583065,5.0
2026-08-14 02:30:00,-0.086480714,0.26902495491968853,1.0699999760836363,12.369999723508954,0.0312818331556896,1.0134191873029788,1.0447010204586684,1.2272452609976159,0.005590079799583065,5.0
2026-08-14 02:40:00,-0.086480714,0.32770756124034095,1.0699999760836363,12.369999723508954,0.0312818331556896,1.0134191873029788,1.0447010204586684,1.2859278673182684,0.005590079799583065,5.0
2026-08-14 02:50:00,-0.086480714,0.38439908763588415,1.0699999760836363,12.369999723508954,0.0312818331556896,1.0134191873029788,1.0447010204586684,1.3426193937138113,0.005590079799583065,5.0
2026-08-14 03:00:00,-0.086480714,0.43876901072750957,1.0799999758601189,12.259999725967646,0.031148200014457388,1.0090899528648858,1.0402381528793432,1.3925264492261116,0.005590079799583065,5.0
2026-08-14 03:10:00,-0.086480714,0.49049069705704545,1.0799999758601189,12.259999725967646,0.031148200014457388,1.0090899528648858,1.0402381528793432,1.4442481355556476,0.005590079799583065,5.0
2026-08-14 03:20:00,-0.086480714,0.5392422381409725,1.0799999758601189,12.259999725967646,0.031148200014457388,1.0090899528648858,1.0402381528793432,1.4929996766395746,0.005590079799583065,5.0
2026-08-14 03:30:00,-0.086480714,0.5847078316443625,1.0799999758601189,12.259999725967646,0.031148200014457388,1.0090899528648858,1.0402381528793432,1.5384652701429644,0.005590079799583065,5.0
2026-08-14 03:40:00,-0.086480714,0.6265797537824098,1.0799999758601189,12.259999725967646,0.031148200014457388,1.0090899528648858,1.0402381528793432,1.5803371922810119,0.005590079799583065,5.0
2026-08-14 03:50:00,-0.086480714,0.6645609243962356,1.0799999758601189,12.259999725967646,0.031148200014457388,1.0090899528648858,1.0402381528793432,1.6183183628948377,0.005590079799583065,5.0
2026-08-14 04:00:00,-0.086480714,0.6983680221909656,1.0799999758601189,12.259999725967646,0.031148200014457388,1.0090899528648858,1.0402381528793432,1.6521254606895677,0.005590079799583065,5.0
2026-08-14 04:10:00,-0.086480714,0.7277350670092154,1.0799999758601189,12.259999725967646,0.031148200014457388,1.0090899528648858,1.0402381528793432,1.6814925055078174,0.005590079799583065,5.0
2026-08-14 04:20:00,-0.086480714,0.7524173519194531,1.0799999758601189,12.259999725967646,0.031148200014457388,1.0090899528648858,1.0402381528793432,1.7061747904180553,0.005590079799583065,5.0
2026-08-14 04:30:00,-0.086480714,0.7721955830522724,1.0799999758601189,12.259999725967646,0.031148200014457388,1.0090899528648858,1.0402381528793432,1.7259530215508745,0.005590079799583065,5.0
2026-08-14 04:40:00,-0.086480714,0.7868800708462024,1.0799999758601189,12.259999725967646,0.031148200014457388,1.0090899528648858,1.0402381528793432,1.7406375093448045,0.005590079799583065,5.0
2026-08-14 04:50:00,-0.086480714,0.7963148133489145,1.0799999758601189,12.259999725967646,0.031148200014457388,1.0090899528648858,1.0402381528793432,1.7500722518475165,0.005590079799583065,5.0
2026-08-14 05:00:00,-0.086480714,0.8003813196326734,1.0799999758601189,12.259999725967646,0.031148200014457388,1.0090899528648858,1.0402381528793432,1.7541387581312755,0.005590079799583065,5.0
2026-08-14 05:10:00,-0.086480714,0.7990020378114178,1.0799999758601189,12.259999725967646,0.031148200014457388,1.0090899528648858,1.0402381528793432,1.7527594763100198,0.005590079799583065,5.0
2026-08-14 05:20:00,-0.086480714,0.7921432751141444,1.0799999758601189,12.259999725967646,0.031148200014457388,1.0090899528648858,1.0402381528793432,1.7459007136127465,0.005590079799583065,5.0
2026-08-14 05:30:00,-0.086480714,0.7798175242977265,1.0799999758601189,12.259999725967646,0.031148200014457388,1.0090899528648858,1.0402381528793432,1.7335749627963286,0.005590079799583065,5.0
2026-08-14 05:40:00,-0.086480714,0.7620851384198951,1.0799999758601189,12.259999725967646,0.031148200014457388,1.0090899528648858,1.0402381528793432,1.7158425769184973,0.005590079799583065,5.0
2026-08-14 05:50:00,-0.086480714,0.7390553220215001,1.0799999758601189,12.259999725967646,0.031148200014457388,1.0090899528648858,1.0402381528793432,1.6928127605201022,0.005590079799583065,5.0
2026-08-14 06:00:00,-0.086480714,0.7108864288752663,1.0799999758601189,12.15999972820282,0.030894136392806026,1.000859202841518,1.0317533392343239,1.656159053728849,0.005590079799583065,5.0
2026-08-14 06:10:00,-0.086480714,0.6777855733431626,1.0799999758601189,12.15999972820282,0.030894136392806026,1.000859202841518,1.0317533392343239,1.6230581981967453,0.005590079799583065,5.0
2026-08-14 06:20:00,-0.086480714,0.640007573348749,1.0799999758601189,12.15999972820282,0.030894136392806026,1.000859202841518,1.0317533392343239,1.585280198202332,0.005590079799583065,5.0
2026-08-14 06:30:00,-0.086480714,0.5978532485603678,1.0799999758601189,12.15999972820282,0.030894136392806026,1.000859202841518,1.0317533392343239,1.5431258734139506,0.005590079799583065,5.0
2026-08-14 06:40:00,-0.086480714,0.5516670984708989,1.0799999758601189,12.15999972820282,0.030894136392806026,1.000859202841518,1.0317533392343239,1.4969397233244817,0.005590079799583065,5.0
2026-08-14 06:50:00,-0.086480714,0.5018343836189675,1.0799999758601189,12.15999972820282,0.030894136392806026,1.000859202841518,1.0317533392343239,1.4471070084725501,0.005590079799583065,5.0
2026-08-14 07:00:00,-0.086480714,0.44877763111731056,1.0799999758601189,12.15999972820282,0.030894136392806026,1.000859202841518,1.0317533392343239,1.3940502559708934,0.005590079799583065,5.0
2026-08-14 07:10:00,-0.086480714,0.3929525850146031,1.0799999758601189,12.15999972820282,0.030894136392806026,1.000859202841518,1.0317533392343239,1.338225209868186,0.005590079799583065,5.0
2026-08-14 07:20:00,-0.086480714,0.3348436248359204,1.0799999758601189,12.15999972820282,0.030894136392806026,1.000859202841518,1.0317533392343239,1.280116249689503,0.005590079799583065,5.0
2026-08-14 07:30:00,-0.086480714,0.27495868284223657,1.0799999758601189,12.15999972820282,0.030894136392806026,1.000859202841518,1.0317533392343239,1.2202313076958193,0.005590079799583065,5.0
2026-08-14 07:40:00,-0.086480714,0.21382370310929907,1.0799999758601189,12.15999972820282,0.030894136392806026,1.000859202841518,1.0317533392343239,1.1590963279628819,0.005590079799583065,5.0
2026-08-14 07:50:00,-0.086480714,0.15197670264506508,1.0799999758601189,12.15999972820282,0.030894136392806026,1.000859202841518,1.0317533392343239,1.097249327498648,0.005590079799583065,5.0
2026-08-14 08:00:00,-0.086480714,0.08996151575849495,1.0799999758601189,12.15999972820282,0.030894136392806026,1.000859202841518,1.0317533392343239,1.0352341406120777,0.005590079799583065,5.0
2026-08-14 08:10:00,-0.086480714,0.028321325503999937,1.0799999758601189,12.15999972820282,0.030894136392806026,1.000859202841518,1.0317533392343239,0.9735939503575827,0.005590079799583065,5.0
2026-08-14 08:20:00,-0.086480714,-0.03240789196753556,1.0799999758601189,12.15999972820282,0.030894136392806026,1.000859202841518,1.0317533392343239,0.9128647328860472,0.005590079799583065,5.0
2026-08-14 08:30:00,-0.086480714,-0.09170386561456648,1.0799999758601189,12.15999972820282,0.030894136392806026,1.000859202841518,1.0317533392343239,0.8535687592390163,0.005590079799583065,5.0
2026-08-14 08:40:00,-0.086480714,-0.14906431307909146,1.0799999758601189,12.15999972820282,0.030894136392806026,1.000859202841518,1.0317533392343239,0.7962083117744914,0.005590079799583065,5.0
2026-08-14 08:50:00,-0.086480714,-0.2040128477489211,1.0799999758601189,12.15999972820282,0.030894136392806026,1.000859202841518,1.0317533392343239,0.7412597771046616,0.005590079799583065,5.0
2026-08-14 09:00:00,-0.086480714,-0.2561043526414774,1.0699999760836363,12.059999730437994,0.030497890691804093,0.9880222634497919,1.018520154141596,0.6759350871193774,0.005590079799583065,5.0
2026-08-14 09:10:00,-0.086480714,-0.30492967971095136,1.0699999760836363,12.059999730437994,0.030497890691804093,0.9880222634497919,1.018520154141596,0.6271097600499036,0.005590079799583065,5.0
2026-08-14 09:20:00,-0.086480714,-0.3501195586064129,1.0699999760836363,12.059999730437994,0.030497890691804093,0.9880222634497919,1.018520154141596,0.5819198811544419,0.005590079799583065,5.0
2026-08-14 09:30:00,-0.086480714,-0.3913476325390272,1.0699999760836363,12.059999730437994,0.030497890691804093,0.9880222634497919,1.018520154141596,0.5406918072218276,0.005590079799583065,5.0
2026-08-14 09:40:00,-0.086480714,-0.4283325789058951,1.0699999760836363,12.059999730437994,0.030497890691804093,0.9880222634497919,1.018520154141596,0.5037068608549597,0.005590079799583065,5.0
2026-08-14 09:50:00,-0.086480714,-0.4608393151515425,1.0699999760836363,12.059999730437994,0.030497890691804093,0.9880222634497919,1.018520154141596,0.4712001246093125,0.005590079799583065,5.0
2026-08-14 10:00:00,-0.086480714,-0.4886793328374222,1.0699999760836363,12.059999730437994,0.030497890691804093,0.9880222634497919,1.018520154141596,0.44336010692343275,0.005590079799583065,5.0
2026-08-14 10:10:00,-0.086480714,-0.5117102414284811,1.0699999760836363,12.059999730437994,0.030497890691804093,0.9880222634497919,1.018520154141596,0.4203291983323738,0.005590079799583065,5.0
2026-08-14 10:20:00,-0.086480714,-0.5298346345590593,1.0699999760836363,12.059999730437994,0.030497890691804093,0.9880222634497919,1.018520154141596,0.4022048052017956,0.005590079799583065,5.0
2026-08-14 10:30:00,-0.086480714,-0.5429984131571801,1.0699999760836363,12.059999730437994,0.030497890691804093,0.9880222634497919,1.018520154141596,0.3890410266036748,0.005590079799583065,5.0
2026-08-14 10:40:00,-0.086480714,-0.5511887099500047,1.0699999760836363,12.059999730437994,0.030497890691804093,0.9880222634497919,1.018520154141596,0.3808507298108502,0.005590079799583065,5.0
2026-08-14 10:50:00,-0.086480714,-0.554431558171134,1.0699999760836363,12.059999730437994,0.030497890691804093,0.9880222634497919,1.018520154141596,0.3776078815897209,0.005590079799583065,5.0
2026-08-14 11:00:00,-0.086480714,-0.5527894343238722,1.0699999760836363,12.059999730437994,0.030497890691804093,0.9880222634497919,1.018520154141596,0.37925000543698273,0.005590079799583065,5.0
2026-08-14 11:10:00,-0.086480714,-0.5463587824327231,1.0699999760836363,12.059999730437994,0.030497890691804093,0.9880222634497919,1.018520154141596,0.38568065732813184,0.005590079799583065,5.0
2026-08-14 11:20:00,-0.086480714,-0.5352675979967161,1.0699999760836363,12.059999730437994,0.030497890691804093,0.9880222634497919,1.018520154141596,0.3967718417641388,0.005590079799583065,5.0
2026-08-14 11:30:00,-0.086480714,-0.5196731172305326,1.0699999760836363,12.059999730437994,0.030497890691804093,0.9880222634497919,1.018520154141596,0.41236632253032235,0.005590079799583065,5.0
2026-08-14 11:40:00,-0.086480714,-0.499759624702556,1.0699999760836363,12.059999730437994,0.030497890691804093,0.9880222634497919,1.018520154141596,0.43227981505829893,0.005590079799583065,5.0
2026-08-14 11:50:00,-0.086480714,-0.47573636374253914,1.0699999760836363,12.059999730437994,0.030497890691804093,0.9880222634497919,1.018520154141596,0.45630307601831577,0.005590079799583065,5.0
2026-08-14 12:00:00,-0.086480714,-0.44783551193992666,1.0899999756366014,11.959999732673168,0.030526360977891364,0.9889445985970081,1.0194709595748994,0.48515473325423164,0.005590079799583065,5.0
2026-08-14 12:10:00,-0.086480714,-0.4163101709901031,1.0899999756366014,11.959999732673168,0.030526360977891364,0.9889445985970081,1.0194709595748994,0.5166800742040552,0.005590079799583065,5.0
2026-08-14 12:20:00,-0.086480714,-0.3814323171938394,1.0899999756366014,11.959999732673168,0.030526360977891364,0.9889445985970081,1.0194709595748994,0.5515579280003189,0.005590079799583065,5.0
2026-08-14 12:30:00,-0.086480714,-0.3434906660556575,1.0899999756366014,11.959999732673168,0.030526360977891364,0.9889445985970081,1.0194709595748994,0.5894995791385008,0.005590079799583065,5.0
2026-08-14 12:40:00,-0.086480714,-0.3027884205065476,1.0899999756366014,11.959999732673168,0.030526360977891364,0.9889445985970081,1.0194709595748994,0.6302018246876107,0.005590079799583065,5.0
2026-08-14 12:50:00,-0.086480714,-0.2596408950775449,1.0899999756366014,11.959999732673168,0.030526360977891364,0.9889445985970081,1.0194709595748994,0.6733493501166135,0.005590079799583065,5.0
2026-08-14 13:00:00,-0.086480714,-0.2143730348506453,1.0899999756366014,11.959999732673168,0.030526360977891364,0.9889445985970081,1.0194709595748994,0.718617210343513,0.005590079799583065,5.0
2026-08-14 13:10:00,-0.086480714,-0.16731687469665846,1.0899999756366014,11.959999732673168,0.030526360977891364,0.9889445985970081,1.0194709595748994,0.7656733704974998,0.005590079799583065,5.0
2026-08-14 13:20:00,-0.086480714,-0.1188090077577954,1.0899999756366014,11.959999732673168,0.030526360977891364,0.9889445985970081,1.0194709595748994,0.8141812374363628,0.005590079799583065,5.0
2026-08-14 13:30:00,-0.086480714,-0.06918814907078075,1.0899999756366014,11.959999732673168,0.030526360977891364,0.9889445985970081,1.0194709595748994,0.8638020961233775,0.005590079799583065,5.0
2026-08-14 13:40:00,-0.086480714,-0.018792888007582848,1.0899999756366014,11.959999732673168,0.030526360977891364,0.9889445985970081,1.0194709595748994,0.9141973571865755,0.005590079799583065,5.0
2026-08-14 13:50:00,-0.086480714,0.032040279299700984,1.0899999756366014,11.959999732673168,0.030526360977891364,0.9889445985970081,1.0194709595748994,0.9650305244938593,0.005590079799583065,5.0
2026-08-14 14:00:00,-0.086480714,0.08297856010332068,1.0899999756366014,11.959999732673168,0.030526360977891364,0.9889445985970081,1.0194709595748994,1.015968805297479,0.005590079799583065,5.0
2026-08-14 14:10:00,-0.086480714,0.1336940639296065,1.0899999756366014,11.959999732673168,0.030526360977891364,0.9889445985970081,1.0194709595748994,1.0666843091237648,0.005590079799583065,5.0
2026-08-14 14:20:00,-0.086480714,0.18386456814298743,1.0899999756366014,11.959999732673168,0.030526360977891364,0.9889445985970081,1.0194709595748994,1.1168548133371456,0.005590079799583065,5.0
2026-08-14 14:30:00,-0.086480714,0.2331738650069619,1.0899999756366014,11.959999732673168,0.030526360977891364,0.9889445985970081,1.0194709595748994,1.1661641102011202,0.005590079799583065,5.0
2026-08-14 14:40:00,-0.086480714,0.2813117436223347,1.0899999756366014,11.959999732673168,0.030526360977891364,0.9889445985970081,1.0194709595748994,1.214301988816493,0.005590079799583065,5.0
2026-08-14 14:50:00,-0.086480714,0.32797369623969697,1.0899999756366014,11.959999732673168,0.030526360977891364,0.9889445985970081,1.0194709595748994,1.2609639414338552,0.005590079799583065,5.0
2026-08-14 15:00:00,-0.086480714,0.37286046879731866,1.1199999749660492,11.88999973423779,0.03076248910020737,0.9965943027759764,1.0273567918761837,1.3137365462927613,0.005590079799583065,5.0
2026-08-14 15:10:00,-0.086480714,0.4156775965717159,1.1199999749660492,11.88999973423779,0.03076248910020737,0.9965943027759764,1.0273567918761837,1.3565536740671584,0.005590079799583065,5.0
2026-08-14 15:20:00,-0.086480714,0.456135075441174,1.1199999749660492,11.88999973423779,0.03076248910020737,0.9965943027759764,1.0273567918761837,1.3970111529366165,0.005590079799583065,5.0
2026-08-14 15:30:00,-0.086480714,0.49394731624675503,1.1199999749660492,11.88999973423779,0.03076248910020737,0.9965943027759764,1.0273567918761837,1.4348233937421977,0.005590079799583065,5.0
2026-08-14 15:40:00,-0.086480714,0.5288335138311954,1.1199999749660492,11.88999973423779,0.03076248910020737,0.9965943027759764,1.0273567918761837,1.4697095913266378,0.005590079799583065,5.0
2026-08-14 15:50:00,-0.086480714,0.5605185351678152,1.1199999749660492,11.88999973423779,0.03076248910020737,0.9965943027759764,1.0273567918761837,1.5013946126632578,0.005590079799583065,5.0
2026-08-14 16:00:00,-0.086480714,0.5887343944110005,1.1199999749660492,11.88999973423779,0.03076248910020737,0.9965943027759764,1.0273567918761837,1.5296104719064432,0.005590079799583065,5.0
2026-08-14 16:10:00,-0.086480714,0.6132223402974907,1.1199999749660492,11.88999973423779,0.03076248910020737,0.9965943027759764,1.0273567918761837,1.5540984177929333,0.005590079799583065,5.0
2026-08-14 16:20:00,-0.086480714,0.6337355363942002,1.1199999749660492,11.88999973423779,0.03076248910020737,0.9965943027759764,1.0273567918761837,1.5746116138896427,0.005590079799583065,5.0
2026-08-14 16:30:00,-0.086480714,0.6500422713054316,1.1199999749660492,11.88999973423779,0.03076248910020737,0.9965943027759764,1.0273567918761837,1.5909183488008742,0.005590079799583065,5.0
2026-08-14 16:40:00,-0.086480714,0.6619295975442343,1.1199999749660492,11.88999973423779,0.03076248910020737,0.9965943027759764,1.0273567918761837,1.6028056750396769,0.005590079799583065,5.0
2026-08-14 16:50:00,-0.086480714,0.6692072673256914,1.1199999749660492,11.88999973423779,0.03076248910020737,0.9965943027759764,1.0273567918761837,1.6100833448211338,0.005590079799583065,5.0
2026-08-14 17:00:00,-0.086480714,0.671711813221783,1.1199999749660492,11.88999973423779,0.03076248910020737,0.9965943027759764,1.0273567918761837,1.6125878907172255,0.005590079799583065,5.0
2026-08-14 17:10:00,-0.086480714,0.6693106123979463,1.1199999749660492,11.88999973423779,0.03076248910020737,0.9965943027759764,1.0273567918761837,1.6101866898933888,0.005590079799583065,5.0
2026-08-14 17:20:00,-0.086480714,0.6619057750158792,1.1199999749660492,11.88999973423779,0.03076248910020737,0.9965943027759764,1.0273567918761837,1.6027818525113218,0.005590079799583065,5.0
2026-08-14 17:30:00,-0.086480714,0.6494377092404701,1.1199999749660492,11.88999973423779,0.03076248910020737,0.9965943027759764,1.0273567918761837,1.5903137867359125,0.005590079799583065,5.0
2026-08-14 17:40:00,-0.086480714,0.6318882351480121,1.1199999749660492,11.88999973423779,0.03076248910020737,0.9965943027759764,1.0273567918761837,1.5727643126434545,0.005590079799583065,5.0
2026-08-14 17:50:00,-0.086480714,0.6092831450856516,1.1199999749660492,11.88999973423779,0.03076248910020737,0.9965943027759764,1.0273567918761837,1.5501592225810943,0.005590079799583065,5.0
2026-08-14 18:00:00,-0.086480714,0.5816941358502699,1.1099999751895666,11.789999736472964,0.0303672805245233,0.9837909625244132,1.0141582430489364,1.5093716645184652,0.005590079799583065,5.0
2026-08-14 18:10:00,-0.086480714,0.5492400655583826,1.1099999751895666,11.789999736472964,0.0303672805245233,0.9837909625244132,1.0141582430489364,1.476917594226578,0.005590079799583065,5.0
2026-08-14 18:20:00,-0.086480714,0.5120875128569883,1.1099999751895666,11.789999736472964,0.0303672805245233,0.9837909625244132,1.0141582430489364,1.4397650415251837,0.005590079799583065,5.0
2026-08-14 18:30:00,-0.086480714,0.47045063627317363,1.1099999751895666,11.789999736472964,0.0303672805245233,0.9837909625244132,1.0141582430489364,1.3981281649413688,0.005590079799583065,5.0
2026-08-14 18:40:00,-0.086480714,0.42459034612038005,1.1099999751895666,11.789999736472964,0.0303672805245233,0.9837909625244132,1.0141582430489364,1.3522678747885752,0.005590079799583065,5.0
2026-08-14 18:50:00,-0.086480714,0.37481281017134577,1.1099999751895666,11.789999736472964,0.0303672805245233,0.9837909625244132,1.0141582430489364,1.302490338839541,0.005590079799583065,5.0
2026-08-14 19:00:00,-0.086480714,0.3214673181656786,1.1099999751895666,11.789999736472964,0.0303672805245233,0.9837909625244132,1.0141582430489364,1.249144846833874,0.005590079799583065,5.0
2026-08-14 19:10:00,-0.086480714,0.26494353040542934,1.1099999751895666,11.789999736472964,0.0303672805245233,0.9837909625244132,1.0141582430489364,1.1926210590736246,0.005590079799583065,5.0
2026-08-14 19:20:00,-0.086480714,0.20566813423499775,1.1099999751895666,11.789999736472964,0.0303672805245233,0.9837909625244132,1.0141582430489364,1.133345662903193,0.005590079799583065,5.0
2026-08-14 19:30:00,-0.086480714,0.14410093104882132,1.1099999751895666,11.789999736472964,0.0303672805245233,0.9837909625244132,1.0141582430489364,1.0717784597170166,0.005590079799583065,5.0
2026-08-14 19:40:00,-0.086480714,0.08073037775543317,1.1099999751895666,11.789999736472964,0.0303672805245233,0.9837909625244132,1.0141582430489364,1.0084079064236284,0.005590079799583065,5.0
2026-08-14 19:50:00,-0.086480714,0.01606861183299046,1.1099999751895666,11.789999736472964,0.0303672805245233,0.9837909625244132,1.0141582430489364,0.9437461405011858,0.005590079799583065,5.0
2026-08-14 20:00:00,-0.086480714,-0.04935400092091487,1.1099999751895666,11.789999736472964,0.0303672805245233,0.9837909625244132,1.0141582430489364,0.8783235277472805,0.005590079799583065,5.0
2026-08-14 20:10:00,-0.086480714,-0.11499474168008732,1.1099999751895666,11.789999736472964,0.0303672805245233,0.9837909625244132,1.0141582430489364,0.8126827869881079,0.005590079799583065,5.0
2026-08-14 20:20:00,-0.086480714,-0.18030476349861654,1.1099999751895666,11.789999736472964,0.0303672805245233,0.9837909625244132,1.0141582430489364,0.7473727651695787,0.005590079799583065,5.0
2026-08-14 20:30:00,-0.086480714,-0.24473557023698564,1.1099999751895666,11.789999736472964,0.0303672805245233,0.9837909625244132,1.0141582430489364,0.6829419584312096,0.005590079799583065,5.0
2026-08-14 20:40:00,-0.086480714,-0.3077456314754613,1.1099999751895666,11.789999736472964,0.0303672805245233,0.9837909625244132,1.0141582430489364,0.619931897192734,0.005590079799583065,5.0
2026-08-14 20:50:00,-0.086480714,-0.36880699468700884,1.1099999751895666,11.789999736472964,0.0303672805245233,0.9837909625244132,1.0141582430489364,0.5588705339811865,0.005590079799583065,5.0
2026-08-14 21:00:00,-0.086480714,-0.42741174022685746,1.0599999763071537,11.729999737814069,0.029524432023711165,0.956485694368886,0.9860101263925971,0.4721176717849985,0.005590079799583065,5.0
2026-08-14 21:10:00,-0.086480714,-0.4830781159342607,1.0599999763071537,11.729999737814069,0.029524432023711165,0.956485694368886,0.9860101263925971,0.41645129607759523,0.005590079799583065,5.0
2026-08-14 21:20:00,-0.086480714,-0.5353561885093034,1.0599999763071537,11.729999737814069,0.029524432023711165,0.956485694368886,0.9860101263925971,0.36417322350255255,0.005590079799583065,5.0
2026-08-14 21:30:00,-0.086480714,-0.583832859450431,1.0599999763071537,11.729999737814069,0.029524432023711165,0.956485694368886,0.9860101263925971,0.31569655256142504,0.005590079799583065,5.0
2026-08-14 21:40:00,-0.086480714,-0.6281361141154828,1.0599999763071537,11.729999737814069,0.029524432023711165,0.956485694368886,0.9860101263925971,0.27139329789637323,0.005590079799583065,5.0
2026-08-14 21:50:00,-0.086480714,-0.6679384027127852,1.0599999763071537,11.729999737814069,0.029524432023711165,0.956485694368886,0.9860101263925971,0.23159100929907084,0.005590079799583065,5.0
2026-08-14 22:00:00,-0.086480714,-0.7029590897984893,1.0599999763071537,11.729999737814069,0.029524432023711165,0.956485694368886,0.9860101263925971,0.19657032221336668,0.005590079799583065,5.0
2026-08-14 22:10:00,-0.086480714,-0.7329659512238241,1.0599999763071537,11.729999737814069,0.029524432023711165,0.956485694368886,0.9860101263925971,0.16656346078803186,0.005590079799583065,5.0
2026-08-14 22:20:00,-0.086480714,-0.7577757413319683,1.0599999763071537,11.729999737814069,0.029524432023711165,0.956485694368886,0.9860101263925971,0.14175367067988764,0.005590079799583065,5.0
2026-08-14 22:30:00,-0.086480714,-0.7772538949078863,1.0599999763071537,11.729999737814069,0.029524432023711165,0.956485694368886,0.9860101263925971,0.12227551710396967,0.005590079799583065,5.0
2026-08-14 22:40:00,-0.086480714,-0.7913134643961904,1.0599999763071537,11.729999737814069,0.029524432023711165,0.956485694368886,0.9860101263925971,0.10821594761566555,0.005590079799583065,5.0
2026-08-14 22:50:00,-0.086480714,-0.7999134203915966,1.0599999763071537,11.729999737814069,0.029524432023711165,0.956485694368886,0.9860101263925971,0.09961599162025936,0.005590079799583065,5.0
2026-08-14 23:00:00,-0.086480714,-0.8030564601881358,1.0599999763071537,11.729999737814069,0.029524432023711165,0.956485694368886,0.9860101263925971,0.09647295182372018,0.005590079799583065,5.0
2026-08-14 23:10:00,-0.086480714,-0.8007864739927384,1.0599999763071537,11.729999737814069,0.029524432023711165,0.956485694368886,0.9860101263925971,0.0987429380191176,0.005590079799583065,5.0
2026-08-14 23:20:00,-0.086480714,-0.7931858115181543,1.0599999763071537,11.729999737814069,0.029524432023711165,0.956485694368886,0.9860101263925971,0.10634360049370173,0.005590079799583065,5.0
2026-08-14 23:30:00,-0.086480714,-0.7803724740346752,1.0599999763071537,11.729999737814069,0.029524432023711165,0.956485694368886,0.9860101263925971,0.11915693797718074,0.005590079799583065,5.0
2026-08-14 23:40:00,-0.086480714,-0.7624973310141892,1.0599999763071537,11.729999737814069,0.029524432023711165,0.956485694368886,0.9860101263925971,0.13703208099766684,0.005590079799583065,5.0
2026-08-14 23:50:00,-0.086480714,-0.7397414291340689,1.0599999763071537,11.729999737814069,0.029524432023711165,0.956485694368886,0.9860101263925971,0.15978798287778706,0.005590079799583065,5.0
2026-08-15 00:00:00,-0.10242217,-0.7123134282543143,1.029999976977706,10.039999775588512,0.024910527951881627,0.8070117523688807,0.8319222803207623,0.01718668172543314,0.005590079799583065,5.0
2026-08-15 00:10:00,-0.10242217,-0.6804471675861012,1.029999976977706,10.039999775588512,0.024910527951881627,0.8070117523688807,0.8319222803207623,0.049052942393646215,0.005590079799583065,5.0
2026-08-15 00:20:00,-0.10242217,-0.6443993390381606,1.029999976977706,10.039999775588512,0.024910527951881627,0.8070117523688807,0.8319222803207623,0.08510077094158686,0.005590079799583065,5.0
2026-08-15 00:30:00,-0.10242217,-0.6044472262666499,1.029999976977706,10.039999775588512,0.024910527951881627,0.8070117523688807,0.8319222803207623,0.12505288371309753,0.005590079799583065,5.0
2026-08-15 00:40:00,-0.10242217,-0.5608864591482479,1.029999976977706,10.039999775588512,0.024910527951881627,0.8070117523688807,0.8319222803207623,0.1686136508314996,0.005590079799583065,5.0
2026-08-15 00:50:00,-0.10242217,-0.51402873469135,1.029999976977706,10.039999775588512,0.024910527951881627,0.8070117523688807,0.8319222803207623,0.21547137528839744,0.005590079799583065,5.0
2026-08-15 01:00:00,-0.10242217,-0.46419946645494387,1.029999976977706,10.039999775588512,0.024910527951881627,0.8070117523688807,0.8319222803207623,0.26530064352480365,0.005590079799583065,5.0
2026-08-15 01:10:00,-0.10242217,-0.41173534344782853,1.029999976977706,10.039999775588512,0.024910527951881627,0.8070117523688807,0.8319222803207623,0.3177647665319189,0.005590079799583065,5.0
2026-08-15 01:20:00,-0.10242217,-0.35698180383913086,1.029999976977706,10.039999775588512,0.024910527951881627,0.8070117523688807,0.8319222803207623,0.3725183061406166,0.005590079799583065,5.0
2026-08-15 01:30:00,-0.10242217,-0.30029045515503955,1.029999976977706,10.039999775588512,0.024910527951881627,0.8070117523688807,0.8319222803207623,0.4292096548247079,0.005590079799583065,5.0
2026-08-15 01:40:00,-0.10242217,-0.242016497604179,1.029999976977706,10.039999775588512,0.024910527951881627,0.8070117523688807,0.8319222803207623,0.4874836123755685,0.005590079799583065,5.0
2026-08-15 01:50:00,-0.10242217,-0.18251622728860298,1.029999976977706,10.039999775588512,0.024910527951881627,0.8070117523688807,0.8319222803207623,0.5469838826911445,0.005590079799583065,5.0
2026-08-15 02:00:00,-0.10242217,-0.1221447083200859,1.029999976977706,10.039999775588512,0.024910527951881627,0.8070117523688807,0.8319222803207623,0.6073554016596616,0.005590079799583065,5.0
2026-08-15 02:10:00,-0.10242217,-0.06125370547999968,1.029999976977706,10.039999775588512,0.024910527951881627,0.8070117523688807,0.8319222803207623,0.6682464044997478,0.005590079799583065,5.0
2026-08-15 02:20:00,-0.10242217,-0.00018996061145269805,1.029999976977706,10.039999775588512,0.024910527951881627,0.8070117523688807,0.8319222803207623,0.7293101493682947,0.005590079799583065,5.0
2026-08-15 02:30:00,-0.10242217,0.060706122749535275,1.029999976977706,10.039999775588512,0.024910527951881627,0.8070117523688807,0.8319222803207623,0.7902062327292827,0.005590079799583065,5.0
2026-08-15 02:40:00,-0.10242217,0.12110135029010438,1.029999976977706,10.039999775588512,0.024910527951881627,0.8070117523688807,0.8319222803207623,0.8506014602698518,0.005590079799583065,5.0
2026-08-15 02:50:00,-0.10242217,0.1806701617178286,1.029999976977706,10.039999775588512,0.024910527951881627,0.8070117523688807,0.8319222803207623,0.910170271697576,0.005590079799583065,5.0
2026-08-15 03:00:00,-0.10242217,0.23909464609866493,0.9999999776482582,10.039999775588512,0.024545072525518973,0.7951723074317305,0.8197173799572495,0.9563898557148995,0.005590079799583065,5.0
2026-08-15 03:10:00,-0.10242217,0.29606422214774897,0.9999999776482582,10.039999775588512,0.024545072525518973,0.7951723074317305,0.8197173799572495,1.0133594317639836,0.005590079799583065,5.0
2026-08-15 03:20:00,-0.10242217,0.3512750916060162,0.9999999776482582,10.039999775588512,0.024545072525518973,0.7951723074317305,0.8197173799572495,1.068570301222251,0.005590079799583065,5.0
2026-08-15 03:30:00,-0.10242217,0.40442959988296523,0.9999999776482582,10.039999775588512,0.024545072525518973,0.7951723074317305,0.8197173799572495,1.1217248094991998,0.005590079799583065,5.0
2026-08-15 03:40:00,-0.10242217,0.4552356536630422,0.9999999776482582,10.039999775588512,0.024545072525518973,0.7951723074317305,0.8197173799572495,1.1725308632792768,0.005590079799583065,5.0
2026-08-15 03:50:00,-0.10242217,0.5034063486307416,0.9999999776482582,10.039999775588512,0.024545072525518973,0.7951723074317305,0.8197173799572495,1.2207015582469762,0.005590079799583065,5.0
2026-08-15 04:00:00,-0.10242217,0.5486599506739179,0.9999999776482582,10.039999775588512,0.024545072525518973,0.7951723074317305,0.8197173799572495,1.2659551602901526,0.005590079799583065,5.0
2026-08-15 04:10:00,-0.10242217,0.5907203522728812,0.9999999776482582,10.039999775588512,0.024545072525518973,0.7951723074317305,0.8197173799572495,1.3080155618891158,0.005590079799583065,5.0
2026-08-15 04:20:00,-0.10242217,0.629318093163337,0.9999999776482582,10.039999775588512,0.024545072525518973,0.7951723074317305,0.8197173799572495,1.3466133027795717,0.005590079799583065,5.0
2026-08-15 04:30:00,-0.10242217,0.6641919943175583,0.9999999776482582,10.039999775588512,0.024545072525518973,0.7951723074317305,0.8197173799572495,1.3814872039337929,0.005590079799583065,5.0
2026-08-15 04:40:00,-0.10242217,0.6950914097224811,0.9999999776482582,10.039999775588512,0.024545072525518973,0.7951723074317305,0.8197173799572495,1.4123866193387156,0.005590079799583065,5.0
2026-08-15 04:50:00,-0.10242217,0.7217790554318891,0.9999999776482582,10.039999775588512,0.024545072525518973,0.7951723074317305,0.8197173799572495,1.4390742650481236,0.005590079799583065,5.0
2026-08-15 05:00:00,-0.10242217,0.7440343336444579,0.9999999776482582,10.039999775588512,0.024545072525518973,0.7951723074317305,0.8197173799572495,1.4613295432606925,0.005590079799583065,5.0
2026-08-15 05:10:00,-0.10242217,0.7616570342707012,0.9999999776482582,10.039999775588512,0.024545072525518973,0.7951723074317305,0.8197173799572495,1.4789522438869358,0.005590079799583065,5.0
2026-08-15 05:20:00,-0.10242217,0.7744712705182076,0.9999999776482582,10.039999775588512,0.024545072525518973,0.7951723074317305,0.8197173799572495,1.4917664801344421,0.005590079799583065,5.0
2026-08-15 05:30:00,-0.10242217,0.7823294896300624,0.9999999776482582,10.039999775588512,0.024545072525518973,0.7951723074317305,0.8197173799572495,1.4996246992462972,0.005590079799583065,5.0
2026-08-15 05:40:00,-0.10242217,0.7851163960960446,0.9999999776482582,10.039999775588512,0.024545072525518973,0.7951723074317305,0.8197173799572495,1.5024116057122792,0.005590079799583065,5.0
2026-08-15 05:50:00,-0.10242217,0.7827526313512777,0.9999999776482582,10.039999775588512,0.024545072525518973,0.7951723074317305,0.8197173799572495,1.5000478409675124,0.005590079799583065,5.0
2026-08-15 06:00:00,-0.10242217,0.7751980700153371,0.979999978095293,10.06999977491796,0.02437098684595988,0.7895325558538158,0.8139035426997756,1.4866794423740979,0.005590079799583065,5.0
2026-08-15 06:10:00,-0.10242217,0.7624546155945409,0.979999978095293,10.06999977491796,0.02437098684595988,0.7895325558538158,0.8139035426997756,1.4739359879533016,0.005590079799583065,5.0
2026-08-15 06:20:00,-0.10242217,0.7445684055659326,0.979999978095293,10.06999977491796,0.02437098684595988,0.7895325558538158,0.8139035426997756,1.4560497779246933,0.005590079799583065,5.0
2026-08-15 06:30:00,-0.10242217,0.7216313639735814,0.979999978095293,10.06999977491796,0.02437098684595988,0.7895325558538158,0.8139035426997756,1.4331127363323422,0.005590079799583065,5.0
2026-08-15 06:40:00,-0.10242217,0.6937820663945494,0.979999978095293,10.06999977491796,0.02437098684595988,0.7895325558538158,0.8139035426997756,1.4052634387533103,0.005590079799583065,5.0
2026-08-15 06:50:00,-0.10242217,0.6612059051397108,0.979999978095293,10.06999977491796,0.02437098684595988,0.7895325558538158,0.8139035426997756,1.3726872774984715,0.005590079799583065,5.0
2026-08-15 07:00:00,-0.10242217,0.6241345604798043,0.979999978095293,10.06999977491796,0.02437098684595988,0.7895325558538158,0.8139035426997756,1.335615932838565,0.005590079799583065,5.0
2026-08-15 07:10:00,-0.10242217,0.582844795719622,0.979999978095293,10.06999977491796,0.02437098684595988,0.7895325558538158,0.8139035426997756,1.2943261680783826,0.005590079799583065,5.0
2026-08-15 07:20:00,-0.10242217,0.5376566006172411,0.979999978095293,10.06999977491796,0.02437098684595988,0.7895325558538158,0.8139035426997756,1.2491379729760017,0.005590079799583065,5.0
2026-08-15 07:30:00,-0.10242217,0.4889307097491179,0.979999978095293,10.06999977491796,0.02437098684595988,0.7895325558538158,0.8139035426997756,1.2004120821078788,0.005590079799583065,5.0
2026-08-15 07:40:00,-0.10242217,0.4370655218347944,0.979999978095293,10.06999977491796,0.02437098684595988,0.7895325558538158,0.8139035426997756,1.1485468941935553,0.005590079799583065,5.0
2026-08-15 07:50:00,-0.10242217,0.3824934446904032,0.979999978095293,10.06999977491796,0.02437098684595988,0.7895325558538158,0.8139035426997756,1.0939748170491639,0.005590079799583065,5.0
2026-08-15 08:00:00,-0.10242217,0.3256766903515237,0.979999978095293,10.06999977491796,0.02437098684595988,0.7895325558538158,0.8139035426997756,1.0371580627102843,0.005590079799583065,5.0
2026-08-15 08:10:00,-0.10242217,0.2671025480835329,0.979999978095293,10.06999977491796,0.02437098684595988,0.7895325558538158,0.8139035426997756,0.9785839204422937,0.005590079799583065,5.0
2026-08-15 08:20:00,-0.10242217,0.20727817029837947,0.979999978095293,10.06999977491796,0.02437098684595988,0.7895325558538158,0.8139035426997756,0.9187595426571402,0.005590079799583065,5.0
2026-08-15 08:30:00,-0.10242217,0.14672491906130242,0.979999978095293,10.06999977491796,0.02437098684595988,0.7895325558538158,0.8139035426997756,0.8582062914200632,0.005590079799583065,5.0
2026-08-15 08:40:00,-0.10242217,0.08597233769384767,0.979999978095293,10.06999977491796,0.02437098684595988,0.7895325558538158,0.8139035426997756,0.7974537100526085,0.005590079799583065,5.0
2026-08-15 08:50:00,-0.10242217,0.02555183294183491,0.979999978095293,10.06999977491796,0.02437098684595988,0.7895325558538158,0.8139035426997756,0.7370332053005957,0.005590079799583065,5.0
2026-08-15 09:00:00,-0.10242217,-0.034009824692470436,0.9699999783188105,10.139999773353338,0.02441487072162842,0.790954236015409,0.8153691067370374,0.6789371117035521,0.005590079799583065,5.0
2026-08-15 09:10:00,-0.10242217,-0.09219705306925492,0.9699999783188105,10.139999773353338,0.02441487072162842,0.790954236015409,0.8153691067370374,0.6207498833267677,0.005590079799583065,5.0
2026-08-15 09:20:00,-0.10242217,-0.14851191531622301,0.9699999783188105,10.139999773353338,0.02441487072162842,0.790954236015409,0.8153691067370374,0.5644350210797996,0.005590079799583065,5.0
2026-08-15 09:30:00,-0.10242217,-0.2024803216085567,0.9699999783188105,10.139999773353338,0.02441487072162842,0.790954236015409,0.8153691067370374,0.5104666147874659,0.005590079799583065,5.0
2026-08-15 09:40:00,-0.10242217,-0.25365781162692025,0.9699999783188105,10.139999773353338,0.02441487072162842,0.790954236015409,0.8153691067370374,0.45928912476910233,0.005590079799583065,5.0
2026-08-15 09:50:00,-0.10242217,-0.30163475927320554,0.9699999783188105,10.139999773353338,0.02441487072162842,0.790954236015409,0.8153691067370374,0.41131217712281704,0.005590079799583065,5.0
2026-08-15 10:00:00,-0.10242217,-0.34604085692651254,0.9699999783188105,10.139999773353338,0.02441487072162842,0.790954236015409,0.8153691067370374,0.36690607946951004,0.005590079799583065,5.0
2026-08-15 10:10:00,-0.10242217,-0.386548762771876,0.9699999783188105,10.139999773353338,0.02441487072162842,0.790954236015409,0.8153691067370374,0.3263981736241466,0.005590079799583065,5.0
2026-08-15 10:20:00,-0.10242217,-0.4228768289464595,0.9699999783188105,10.139999773353338,0.02441487072162842,0.790954236015409,0.8153691067370374,0.2900701074495631,0.005590079799583065,5.0
2026-08-15 10:30:00,-0.10242217,-0.45479086926364665,0.9699999783188105,10.139999773353338,0.02441487072162842,0.790954236015409,0.8153691067370374,0.25815606713237593,0.005590079799583065,5.0
2026-08-15 10:40:00,-0.10242217,-0.482104969012585,0.9699999783188105,10.139999773353338,0.02441487072162842,0.790954236015409,0.8153691067370374,0.23084196738343765,0.005590079799583065,5.0
2026-08-15 10:50:00,-0.10242217,-0.5046813829485172,0.9699999783188105,10.139999773353338,0.02441487072162842,0.790954236015409,0.8153691067370374,0.2082655534475054,0.005590079799583065,5.0
2026-08-15 11:00:00,-0.10242217,-0.5224296072724723,0.9699999783188105,10.139999773353338,0.02441487072162842,0.790954236015409,0.8153691067370374,0.19051732912355024,0.005590079799583065,5.0
2026-08-15 11:10:00,-0.10242217,-0.5353047438154386,0.9699999783188105,10.139999773353338,0.02441487072162842,0.790954236015409,0.8153691067370374,0.177642192580584,0.005590079799583065,5.0
2026-08-15 11:20:00,-0.10242217,-0.5433052974101819,0.9699999783188105,10.139999773353338,0.02441487072162842,0.790954236015409,0.8153691067370374,0.16964163898584073,0.005590079799583065,5.0
2026-08-15 11:30:00,-0.10242217,-0.5464705585465036,0.9699999783188105,10.139999773353338,0.02441487072162842,0.790954236015409,0.8153691067370374,0.16647637784951896,0.005590079799583065,5.0
2026-08-15 11:40:00,-0.10242217,-0.5448777226143539,0.9699999783188105,10.139999773353338,0.02441487072162842,0.790954236015409,0.8153691067370374,0.16806921378166872,0.005590079799583065,5.0
2026-08-15 11:50:00,-0.10242217,-0.5386388846119377,0.9699999783188105,10.139999773353338,0.02441487072162842,0.790954236015409,0.8153691067370374,0.17430805178408493,0.005590079799583065,5.0
2026-08-15 12:00:00,-0.10242217,-0.5278980261383486,0.9999999776482582,10.219999771565199,0.024985123626574096,0.8094283846566023,0.8344135082831764,0.20409331180381296,0.005590079799583065,5.0
2026-08-15 12:10:00,-0.10242217,-0.5128280822407123,0.9999999776482582,10.219999771565199,0.024985123626574096,0.8094283846566023,0.8344135082831764,0.21916325570144923,0.005590079799583065,5.0
2026-08-15 12:20:00,-0.10242217,-0.49362814271922256,0.9999999776482582,10.219999771565199,0.024985123626574096,0.8094283846566023,0.8344135082831764,0.23836319522293892,0.005590079799583065,5.0
2026-08-15 12:30:00,-0.10242217,-0.4705208093413494,0.9999999776482582,10.219999771565199,0.024985123626574096,0.8094283846566023,0.8344135082831764,0.2614705286008122,0.005590079799583065,5.0
2026-08-15 12:40:00,-0.10242217,-0.4437497007065602,0.9999999776482582,10.219999771565199,0.024985123626574096,0.8094283846566023,0.8344135082831764,0.28824163723560126,0.005590079799583065,5.0
2026-08-15 12:50:00,-0.10242217,-0.4135770731985312,0.9999999776482582,10.219999771565199,0.024985123626574096,0.8094283846566023,0.8344135082831764,0.3184142647436303,0.005590079799583065,5.0
2026-08-15 13:00:00,-0.10242217,-0.3802815120658867,0.9999999776482582,10.219999771565199,0.024985123626574096,0.8094283846566023,0.8344135082831764,0.35170982587627486,0.005590079799583065,5.0
2026-08-15 13:10:00,-0.10242217,-0.3441556420732841,0.9999999776482582,10.219999771565199,0.024985123626574096,0.8094283846566023,0.8344135082831764,0.38783569586887745,0.005590079799583065,5.0
2026-08-15 13:20:00,-0.10242217,-0.30550381295410656,0.9999999776482582,10.219999771565199,0.024985123626574096,0.8094283846566023,0.8344135082831764,0.426487524988055,0.005590079799583065,5.0
2026-08-15 13:30:00,-0.10242217,-0.2646397293233089,0.9999999776482582,10.219999771565199,0.024985123626574096,0.8094283846566023,0.8344135082831764,0.4673516086188526,0.005590079799583065,5.0
2026-08-15 13:40:00,-0.10242217,-0.2218840163394705,0.9999999776482582,10.219999771565199,0.024985123626574096,0.8094283846566023,0.8344135082831764,0.510107321602691,0.005590079799583065,5.0
2026-08-15 13:50:00,-0.10242217,-0.17756173763708397,0.9999999776482582,10.219999771565199,0.024985123626574096,0.8094283846566023,0.8344135082831764,0.5544296003050776,0.005590079799583065,5.0
2026-08-15 14:00:00,-0.10242217,-0.1319999078914457,0.9999999776482582,10.219999771565199,0.024985123626574096,0.8094283846566023,0.8344135082831764,0.5999914300507159,0.005590079799583065,5.0
2026-08-15 14:10:00,-0.10242217,-0.08552506516510086,0.9999999776482582,10.219999771565199,0.024985123626574096,0.8094283846566023,0.8344135082831764,0.6464662727770607,0.005590079799583065,5.0
2026-08-15 14:20:00,-0.10242217,-0.038460984582529216,0.9999999776482582,10.219999771565199,0.024985123626574096,0.8094283846566023,0.8344135082831764,0.6935303533596323,0.005590079799583065,5.0
2026-08-15 14:30:00,-0.10242217,0.008873377268306686,0.9999999776482582,10.219999771565199,0.024985123626574096,0.8094283846566023,0.8344135082831764,0.7408647152104683,0.005590079799583065,5.0
2026-08-15 14:40:00,-0.10242217,0.056165620748827236,0.9999999776482582,10.219999771565199,0.024985123626574096,0.8094283846566023,0.8344135082831764,0.7881569586909888,0.005590079799583065,5.0
2026-08-15 14:50:00,-0.10242217,0.10311125109960745,0.9999999776482582,10.219999771565199,0.024985123626574096,0.8094283846566023,0.8344135082831764,0.8351025890417689,0.005590079799583065,5.0
2026-08-15 15:00:00,-0.10242217,0.14941458639750793,1.099999975413084,10.829999757930636,0.02776869088742331,0.8996059793408164,0.9273746702282397,0.9743670862847328,0.005590079799583065,5.0
2026-08-15 15:10:00,-0.10242217,0.19478920729063945,1.099999975413084,10.829999757930636,0.02776869088742331,0.8996059793408164,0.9273746702282397,1.0197417071778643,0.005590079799583065,5.0
2026-08-15 15:20:00,-0.10242217,0.23895796714682216,1.099999975413084,10.829999757930636,0.02776869088742331,0.8996059793408164,0.9273746702282397,1.063910467034047,0.005590079799583065,5.0
2026-08-15 15:30:00,-0.10242217,0.28165261951273846,1.099999975413084,10.829999757930636,0.02776869088742331,0.8996059793408164,0.9273746702282397,1.1066051193999633,0.005590079799583065,5.0
2026-08-15 15:40:00,-0.10242217,0.3226131558206341,1.099999975413084,10.829999757930636,0.02776869088742331,0.8996059793408164,0.9273746702282397,1.1475656557078588,0.005590079799583065,5.0
2026-08-15 15:50:00,-0.10242217,0.3615869766510055,1.099999975413084,10.829999757930636,0.02776869088742331,0.8996059793408164,0.9273746702282397,1.1865394765382304,0.005590079799583065,5.0
2026-08-15 16:00:00,-0.10242217,0.39832804069230954,1.099999975413084,10.829999757930636,0.02776869088742331,0.8996059793408164,0.9273746702282397,1.2232805405795344,0.005590079799583065,5.0
2026-08-15 16:10:00,-0.10242217,0.432596145499995,1.099999975413084,10.829999757930636,0.02776869088742331,0.8996059793408164,0.9273746702282397,1.2575486453872198,0.005590079799583065,5.0
2026-08-15 16:20:00,-0.10242217,0.46415649071285414,1.099999975413084,10.829999757930636,0.02776869088742331,0.8996059793408164,0.9273746702282397,1.289108990600079,0.005590079799583065,5.0
2026-08-15 16:30:00,-0.10242217,0.49277965889526115,1.099999975413084,10.829999757930636,0.02776869088742331,0.8996059793408164,0.9273746702282397,1.317732158782486,0.005590079799583065,5.0
2026-08-15 16:40:00,-0.10242217,0.5182421214598456,1.099999975413084,10.829999757930636,0.02776869088742331,0.8996059793408164,0.9273746702282397,1.3431946213470705,0.005590079799583065,5.0
2026-08-15 16:50:00,-0.10242217,0.540327340650972,1.099999975413084,10.829999757930636,0.02776869088742331,0.8996059793408164,0.9273746702282397,1.365279840538197,0.005590079799583065,5.0
2026-08-15 17:00:00,-0.10242217,0.558827495605714,1.099999975413084,10.829999757930636,0.02776869088742331,0.8996059793408164,0.9273746702282397,1.3837799954929388,0.005590079799583065,5.0
2026-08-15 17:10:00,-0.10242217,0.5735458152026043,1.099999975413084,10.829999757930636,0.02776869088742331,0.8996059793408164,0.9273746702282397,1.3984983150898291,0.005590079799583065,5.0
2026-08-15 17:20:00,-0.10242217,0.5842994565238097,1.099999975413084,10.829999757930636,0.02776869088742331,0.8996059793408164,0.9273746702282397,1.4092519564110346,0.005590079799583065,5.0
2026-08-15 17:30:00,-0.10242217,0.5909228285665679,1.099999975413084,10.829999757930636,0.02776869088742331,0.8996059793408164,0.9273746702282397,1.4158753284537928,0.005590079799583065,5.0
2026-08-15 17:40:00,-0.10242217,0.5932712299968338,1.099999975413084,10.829999757930636,0.02776869088742331,0.8996059793408164,0.9273746702282397,1.4182237298840588,0.005590079799583065,5.0
2026-08-15 17:50:00,-0.10242217,0.59122464855674,1.099999975413084,10.829999757930636,0.02776869088742331,0.8996059793408164,0.9273746702282397,1.416177148443965,0.005590079799583065,5.0
2026-08-15 18:00:00,-0.10242217,0.5846915602196114,1.1099999751895666,12.719999715685844,0.032762663975567125,1.0613927941739218,1.094155458149489,1.5764248480280856,0.005590079799583065,5.0
2026-08-15 18:10:00,-0.10242217,0.573612567496711,1.1099999751895666,12.719999715685844,0.032762663975567125,1.0613927941739218,1.094155458149489,1.565345855305185,0.005590079799583065,5.0
2026-08-15 18:20:00,-0.10242217,0.5579637280324149,1.1099999751895666,12.719999715685844,0.032762663975567125,1.0613927941739218,1.094155458149489,1.5496970158408891,0.005590079799583065,5.0
2026-08-15 18:30:00,-0.10242217,0.5377594444069392,1.1099999751895666,12.719999715685844,0.032762663975567125,1.0613927941739218,1.094155458149489,1.5294927322154135,0.005590079799583065,5.0
2026-08-15 18:40:00,-0.10242217,0.5130548115084461,1.1099999751895666,12.719999715685844,0.032762663975567125,1.0613927941739218,1.094155458149489,1.5047880993169203,0.005590079799583065,5.0
2026-08-15 18:50:00,-0.10242217,0.4839473460227936,1.1099999751895666,12.719999715685844,0.032762663975567125,1.0613927941739218,1.094155458149489,1.4756806338312678,0.005590079799583065,5.0
2026-08-15 19:00:00,-0.10242217,0.450578050630082,1.1099999751895666,12.719999715685844,0.032762663975567125,1.0613927941739218,1.094155458149489,1.4423113384385562,0.005590079799583065,5.0
2026-08-15 19:10:00,-0.10242217,0.41313179089310587,1.1099999751895666,12.719999715685844,0.032762663975567125,1.0613927941739218,1.094155458149489,1.40486507870158,0.005590079799583065,5.0
2026-08-15 19:20:00,-0.10242217,0.3718369837584165,1.1099999751895666,12.719999715685844,0.032762663975567125,1.0613927941739218,1.094155458149489,1.3635702715668907,0.005590079799583065,5.0
2026-08-15 19:30:00,-0.10242217,0.3269646118223659,1.1099999751895666,12.719999715685844,0.032762663975567125,1.0613927941739218,1.094155458149489,1.31869789963084,0.005590079799583065,5.0
2026-08-15 19:40:00,-0.10242217,0.2788265870722279,1.1099999751895666,12.719999715685844,0.032762663975567125,1.0613927941739218,1.094155458149489,1.270559874880702,0.005590079799583065,5.0
2026-08-15 19:50:00,-0.10242217,0.227773492154683,1.1099999751895666,12.719999715685844,0.032762663975567125,1.0613927941739218,1.094155458149489,1.2195067799631572,0.005590079799583065,5.0
2026-08-15 20:00:00,-0.10242217,0.17419172779045475,1.1099999751895666,12.719999715685844,0.032762663975567125,1.0613927941739218,1.094155458149489,1.165925015598929,0.005590079799583065,5.0
2026-08-15 20:10:00,-0.10242217,0.11850009373937413,1.1099999751895666,12.719999715685844,0.032762663975567125,1.0613927941739218,1.094155458149489,1.1102333815478482,0.005590079799583065,5.0
2026-08-15 20:20:00,-0.10242217,0.06114582946165088,1.1099999751895666,12.719999715685844,0.032762663975567125,1.0613927941739218,1.094155458149489,1.052879117270125,0.005590079799583065,5.0
2026-08-15 20:30:00,-0.10242217,0.002600141873508871,1.1099999751895666,12.719999715685844,0.032762663975567125,1.0613927941739218,1.094155458149489,0.994333429681983,0.005590079799583065,5.0
2026-08-15 20:40:00,-0.10242217,-0.056646747888051685,1.1099999751895666,12.719999715685844,0.032762663975567125,1.0613927941739218,1.094155458149489,0.9350865399204225,0.005590079799583065,5.0
2026-08-15 20:50:00,-0.10242217,-0.11609099693910668,1.1099999751895666,12.719999715685844,0.032762663975567125,1.0613927941739218,1.094155458149489,0.8756422908693675,0.005590079799583065,5.0
2026-08-15 21:00:00,-0.10242217,-0.1752209165478612,1.1299999747425318,11.329999746754766,0.029444198607685143,0.9538864194843565,0.9833306180920416,0.7056875312031655,0.005590079799583065,5.0
2026-08-15 21:10:00,-0.10242217,-0.23352305672382317,1.1299999747425318,11.329999746754766,0.029444198607685143,0.9538864194843565,0.9833306180920416,0.6473853910272036,0.005590079799583065,5.0
2026-08-15 21:20:00,-0.10242217,-0.29048850369627754,1.1299999747425318,11.329999746754766,0.029444198607685143,0.9538864194843565,0.9833306180920416,0.5904199440547492,0.005590079799583065,5.0
2026-08-15 21:30:00,-0.10242217,-0.34561927239190754,1.1299999747425318,11.329999746754766,0.029444198607685143,0.9538864194843565,0.9833306180920416,0.5352891753591191,0.005590079799583065,5.0
2026-08-15 21:40:00,-0.10242217,-0.3984346561699234,1.1299999747425318,11.329999746754766,0.029444198607685143,0.9538864194843565,0.9833306180920416,0.48247379158110326,0.005590079799583065,5.0
2026-08-15 21:50:00,-0.10242217,-0.44847738082306376,1.1299999747425318,11.329999746754766,0.029444198607685143,0.9538864194843565,0.9833306180920416,0.43243106692796296,0.005590079799583065,5.0
2026-08-15 22:00:00,-0.10242217,-0.49531940141120745,1.1299999747425318,11.329999746754766,0.029444198607685143,0.9538864194843565,0.9833306180920416,0.3855890463398193,0.005590079799583065,5.0
2026-08-15 22:10:00,-0.10242217,-0.5385671815892166,1.1299999747425318,11.329999746754766,0.029444198607685143,0.9538864194843565,0.9833306180920416,0.34234126616181015,0.005590079799583065,5.0
2026-08-15 22:20:00,-0.10242217,-0.577866305619783,1.1299999747425318,11.329999746754766,0.029444198607685143,0.9538864194843565,0.9833306180920416,0.3030421421312437,0.005590079799583065,5.0
2026-08-15 22:30:00,-0.10242217,-0.6129052947511936,1.1299999747425318,11.329999746754766,0.029444198607685143,0.9538864194843565,0.9833306180920416,0.2680031529998331,0.005590079799583065,5.0
2026-08-15 22:40:00,-0.10242217,-0.6434185299219494,1.1299999747425318,11.329999746754766,0.029444198607685143,0.9538864194843565,0.9833306180920416,0.23748991782907736,0.005590079799583065,5.0
2026-08-15 22:50:00,-0.10242217,-0.669188221024821,1.1299999747425318,11.329999746754766,0.029444198607685143,0.9538864194843565,0.9833306180920416,0.21172022672620572,0.005590079799583065,5.0
2026-08-15 23:00:00,-0.10242217,-0.6900454056306596,1.1299999747425318,11.329999746754766,0.029444198607685143,0.9538864194843565,0.9833306180920416,0.1908630421203671,0.005590079799583065,5.0
2026-08-15 23:10:00,-0.10242217,-0.7058700044175233,1.1299999747425318,11.329999746754766,0.029444198607685143,0.9538864194843565,0.9833306180920416,0.17503844333350338,0.005590079799583065,5.0
2026-08-15 23:20:00,-0.10242217,-0.7165900027161941,1.1299999747425318,11.329999746754766,0.029444198607685143,0.9538864194843565,0.9833306180920416,0.16431844503483262,0.005590079799583065,5.0
2026-08-15 23:30:00,-0.10242217,-0.7221798639968985,1.1299999747425318,11.329999746754766,0.029444198607685143,0.9538864194843565,0.9833306180920416,0.15872858375412824,0.005590079799583065,5.0
2026-08-15 23:40:00,-0.10242217,-0.7226583092749677,1.1299999747425318,11.329999746754766,0.029444198607685143,0.9538864194843565,0.9833306180920416,0.15825013847605907,0.005590079799583065,5.0
2026-08-15 23:50:00,-0.10242217,-0.7180856133409538,1.1299999747425318,11.329999746754766,0.029444198607685143,0.9538864194843565,0.9833306180920416,0.16282283441007295,0.005590079799583065,5.0
2026-08-16 00:00:00,-0.10946041,-0.7085605741002908,1.1399999745190144,11.389999745413661,0.029730811036318538,0.9631716341024057,0.9929024451387243,0.1748814575824703,0.005590079799583065,5.0
2026-08-16 00:10:00,-0.10946041,-0.6942173043277149,1.1399999745190144,11.389999745413661,0.029730811036318538,0.9631716341024057,0.9929024451387243,0.18922472735504625,0.005590079799583065,5.0
2026-08-16 00:20:00,-0.10946041,-0.675221977605249,1.1399999745190144,11.389999745413661,0.029730811036318538,0.9631716341024057,0.9929024451387243,0.2082200540775121,0.005590079799583065,5.0
2026-08-16 00:30:00,-0.10946041,-0.6517696338643775,1.1399999745190144,11.389999745413661,0.029730811036318538,0.9631716341024057,0.9929024451387243,0.23167239781838367,0.005590079799583065,5.0
2026-08-16 00:40:00,-0.10946041,-0.6240811181110074,1.1399999745190144,11.389999745413661,0.029730811036318538,0.9631716341024057,0.9929024451387243,0.2593609135717537,0.005590079799583065,5.0
2026-08-16 00:50:00,-0.10946041,-0.5924001919393806,1.1399999745190144,11.389999745413661,0.029730811036318538,0.9631716341024057,0.9929024451387243,0.2910418397433805,0.005590079799583065,5.0
2026-08-16 01:00:00,-0.10946041,-0.5569908250782171,1.1399999745190144,11.389999745413661,0.029730811036318538,0.9631716341024057,0.9929024451387243,0.3264512066045441,0.005590079799583065,5.0
2026-08-16 01:10:00,-0.10946041,-0.5181346467903718,1.1399999745190144,11.389999745413661,0.029730811036318538,0.9631716341024057,0.9929024451387243,0.36530738489238934,0.005590079799583065,5.0
2026-08-16 01:20:00,-0.10946041,-0.4761285172613677,1.1399999745190144,11.389999745413661,0.029730811036318538,0.9631716341024057,0.9929024451387243,0.4073135144213935,0.005590079799583065,5.0
2026-08-16 01:30:00,-0.10946041,-0.43128216891646093,1.1399999745190144,11.389999745413661,0.029730811036318538,0.9631716341024057,0.9929024451387243,0.45215986276630016,0.005590079799583065,5.0
2026-08-16 01:40:00,-0.10946041,-0.3839158677345615,1.1399999745190144,11.389999745413661,0.029730811036318538,0.9631716341024057,0.9929024451387243,0.49952616394819965,0.005590079799583065,5.0
2026-08-16 01:50:00,-0.10946041,-0.33435805440338884,1.1399999745190144,11.389999745413661,0.029730811036318538,0.9631716341024057,0.9929024451387243,0.5490839772793723,0.005590079799583065,5.0
2026-08-16 02:00:00,-0.10946041,-0.2829429432016395,1.1399999745190144,11.389999745413661,0.029730811036318538,0.9631716341024057,0.9929024451387243,0.6004990884811217,0.005590079799583065,5.0
2026-08-16 02:10:00,-0.10946041,-0.23000807999260098,1.1399999745190144,11.389999745413661,0.029730811036318538,0.9631716341024057,0.9929024451387243,0.6534339516901602,0.005590079799583065,5.0
2026-08-16 02:20:00,-0.10946041,-0.17589188664182973,1.1399999745190144,11.389999745413661,0.029730811036318538,0.9631716341024057,0.9929024451387243,0.7075501450409314,0.005590079799583065,5.0
2026-08-16 02:30:00,-0.10946041,-0.12093124395431322,1.1399999745190144,11.389999745413661,0.029730811036318538,0.9631716341024057,0.9929024451387243,0.7625107877284479,0.005590079799583065,5.0
2026-08-16 02:40:00,-0.10946041,-0.06545918523792983,1.1399999745190144,11.389999745413661,0.029730811036318538,0.9631716341024057,0.9929024451387243,0.8179828464448313,0.005590079799583065,5.0
2026-08-16 02:50:00,-0.10946041,-0.009802785435221803,1.1399999745190144,11.389999745413661,0.029730811036318538,0.9631716341024057,0.9929024451387243,0.8736392462475393,0.005590079799583065,5.0
2026-08-16 03:00:00,-0.10946041,0.04571866649558342,1.1299999747425318,11.3099997472018,0.029392222970248807,0.9522025952663787,0.9815948182366275,0.9178530712762478,0.005590079799583065,5.0
2026-08-16 03:10:00,-0.10946041,0.10079513173460662,1.1299999747425318,11.3099997472018,0.029392222970248807,0.9522025952663787,0.9815948182366275,0.972929536515271,0.005590079799583065,5.0
2026-08-16 03:20:00,-0.10946041,0.15512686049370053,1.1299999747425318,11.3099997472018,0.029392222970248807,0.9522025952663787,0.9815948182366275,1.027261265274365,0.005590079799583065,5.0
2026-08-16 03:30:00,-0.10946041,0.2084249711255784,1.1299999747425318,11.3099997472018,0.029392222970248807,0.9522025952663787,0.9815948182366275,1.0805593759062428,0.005590079799583065,5.0
2026-08-16 03:40:00,-0.10946041,0.260411569217681,1.1299999747425318,11.3099997472018,0.029392222970248807,0.9522025952663787,0.9815948182366275,1.1325459739983454,0.005590079799583065,5.0
2026-08-16 03:50:00,-0.10946041,0.31081944409056333,1.1299999747425318,11.3099997472018,0.029392222970248807,0.9522025952663787,0.9815948182366275,1.1829538488712277,0.005590079799583065,5.0
2026-08-16 04:00:00,-0.10946041,0.3593914176497082,1.1299999747425318,11.3099997472018,0.029392222970248807,0.9522025952663787,0.9815948182366275,1.2315258224303727,0.005590079799583065,5.0
2026-08-16 04:10:00,-0.10946041,0.40587945419377064,1.1299999747425318,11.3099997472018,0.029392222970248807,0.9522025952663787,0.9815948182366275,1.278013858974435,0.005590079799583065,5.0
2026-08-16 04:20:00,-0.10946041,0.4500436656200755,1.1299999747425318,11.3099997472018,0.029392222970248807,0.9522025952663787,0.9815948182366275,1.32217807040074,0.005590079799583065,5.0
2026-08-16 04:30:00,-0.10946041,0.49165136248552394,1.1299999747425318,11.3099997472018,0.029392222970248807,0.9522025952663787,0.9815948182366275,1.3637857672661884,0.005590079799583065,5.0
2026-08-16 04:40:00,-0.10946041,0.5304763046728181,1.1299999747425318,11.3099997472018,0.029392222970248807,0.9522025952663787,0.9815948182366275,1.4026107094534825,0.005590079799583065,5.0
2026-08-16 04:50:00,-0.10946041,0.566298296373562,1.1299999747425318,11.3099997472018,0.029392222970248807,0.9522025952663787,0.9815948182366275,1.4384327011542264,0.005590079799583065,5.0
2026-08-16 05:00:00,-0.10946041,0.598903248378443,1.1299999747425318,11.3099997472018,0.029392222970248807,0.9522025952663787,0.9815948182366275,1.4710376531591074,0.005590079799583065,5.0
2026-08-16 05:10:00,-0.10946041,0.6280837986666662,1.1299999747425318,11.3099997472018,0.029392222970248807,0.9522025952663787,0.9815948182366275,1.5002182034473306,0.005590079799583065,5.0
2026-08-16 05:20:00,-0.10946041,0.6536405422835053,1.1299999747425318,11.3099997472018,0.029392222970248807,0.9522025952663787,0.9815948182366275,1.5257749470641697,0.005590079799583065,5.0
2026-08-16 05:30:00,-0.10946041,0.6753838771744946,1.1299999747425318,11.3099997472018,0.029392222970248807,0.9522025952663787,0.9815948182366275,1.547518281955159,0.005590079799583065,5.0
2026-08-16 05:40:00,-0.10946041,0.6931364277598704,1.1299999747425318,11.3099997472018,0.029392222970248807,0.9522025952663787,0.9815948182366275,1.5652708325405347,0.005590079799583065,5.0
2026-08-16 05:50:00,-0.10946041,0.7067359661464001,1.1299999747425318,11.3099997472018,0.029392222970248807,0.9522025952663787,0.9815948182366275,1.5788703709270644,0.005590079799583065,5.0
2026-08-16 06:00:00,-0.10946041,0.7160387157478733,1.1099999751895666,11.22999974898994,0.028924899091636695,0.9370629778752468,0.9659878769668835,1.5725661792587937,0.005590079799583065,5.0
2026-08-16 06:10:00,-0.10946041,0.7209228957668314,1.1099999751895666,11.22999974898994,0.028924899091636695,0.9370629778752468,0.9659878769668835,1.5774503592777518,0.005590079799583065,5.0
2026-08-16 06:20:00,-0.10946041,0.7212923497765749,1.1099999751895666,11.22999974898994,0.028924899091636695,0.9370629778752468,0.9659878769668835,1.5778198132874952,0.005590079799583065,5.0
2026-08-16 06:30:00,-0.10946041,0.7170800975147372,1.1099999751895666,11.22999974898994,0.028924899091636695,0.9370629778752468,0.9659878769668835,1.5736075610256575,0.005590079799583065,5.0
2026-08-16 06:40:00,-0.10946041,0.7082516558842247,1.1099999751895666,11.22999974898994,0.028924899091636695,0.9370629778752468,0.9659878769668835,1.564779119395145,0.005590079799583065,5.0
2026-08-16 06:50:00,-0.10946041,0.6948079911794421,1.1099999751895666,11.22999974898994,0.028924899091636695,0.9370629778752468,0.9659878769668835,1.5513354546903626,0.005590079799583065,5.0
2026-08-16 07:00:00,-0.10946041,0.6767879876611888,1.1099999751895666,11.22999974898994,0.028924899091636695,0.9370629778752468,0.9659878769668835,1.533315451172109,0.005590079799583065,5.0
2026-08-16 07:10:00,-0.10946041,0.6542703449056723,1.1099999751895666,11.22999974898994,0.028924899091636695,0.9370629778752468,0.9659878769668835,1.5107978084165925,0.005590079799583065,5.0
2026-08-16 07:20:00,-0.10946041,0.627374844885485,1.1099999751895666,11.22999974898994,0.028924899091636695,0.9370629778752468,0.9659878769668835,1.4839023083964054,0.005590079799583065,5.0
2026-08-16 07:30:00,-0.10946041,0.5962629568984492,1.1099999751895666,11.22999974898994,0.028924899091636695,0.9370629778752468,0.9659878769668835,1.4527904204093696,0.005590079799583065,5.0
2026-08-16 07:40:00,-0.10946041,0.5611377718678914,1.1099999751895666,11.22999974898994,0.028924899091636695,0.9370629778752468,0.9659878769668835,1.4176652353788117,0.005590079799583065,5.0
2026-08-16 07:50:00,-0.10946041,0.5222432757435793,1.1099999751895666,11.22999974898994,0.028924899091636695,0.9370629778752468,0.9659878769668835,1.3787707392544997,0.005590079799583065,5.0
2026-08-16 08:00:00,-0.10946041,0.47986298407489464,1.1099999751895666,11.22999974898994,0.028924899091636695,0.9370629778752468,0.9659878769668835,1.336390447585815,0.005590079799583065,5.0
2026-08-16 08:10:00,-0.10946041,0.43431796646737647,1.1099999751895666,11.22999974898994,0.028924899091636695,0.9370629778752468,0.9659878769668835,1.2908454299782968,0.005590079799583065,5.0
2026-08-16 08:20:00,-0.10946041,0.3859642916823996,1.1099999751895666,11.22999974898994,0.028924899091636695,0.9370629778752468,0.9659878769668835,1.24249175519332,0.005590079799583065,5.0
2026-08-16 08:30:00,-0.10946041,0.33518992318602914,1.1099999751895666,11.22999974898994,0.028924899091636695,0.9370629778752468,0.9659878769668835,1.1917173866969495,0.005590079799583065,5.0
2026-08-16 08:40:00,-0.10946041,0.28241109296917083,1.1099999751895666,11.22999974898994,0.028924899091636695,0.9370629778752468,0.9659878769668835,1.1389385564800911,0.005590079799583065,5.0
2026-08-16 08:50:00,-0.10946041,0.2280681807252104,1.1099999751895666,11.22999974898994,0.028924899091636695,0.9370629778752468,0.9659878769668835,1.0845956442361309,0.005590079799583065,5.0
2026-08-16 09:00:00,-0.10946041,0.17262112742488783,1.1199999749660492,11.089999752119184,0.028692683273448254,0.9295400183167012,0.9582327015901494,1.021393415559074,0.005590079799583065,5.0
2026-08-16 09:10:00,-0.10946041,0.11654441890261565,1.1199999749660492,11.089999752119184,0.028692683273448254,0.9295400183167012,0.9582327015901494,0.965316707036802,0.005590079799583065,5.0
2026-08-16 09:20:00,-0.10946041,0.06032168614014341,1.1199999749660492,11.089999752119184,0.028692683273448254,0.9295400183167012,0.9582327015901494,0.9090939742743297,0.005590079799583065,5.0
2026-08-16 09:30:00,-0.10946041,0.004439985063775431,1.1199999749660492,11.089999752119184,0.028692683273448254,0.9295400183167012,0.9582327015901494,0.8532122731979617,0.005590079799583065,5.0
2026-08-16 09:40:00,-0.10946041,-0.050616161933975196,1.1199999749660492,11.089999752119184,0.028692683273448254,0.9295400183167012,0.9582327015901494,0.798156126200211,0.005590079799583065,5.0
2026-08-16 09:50:00,-0.10946041,-0.10437085909438201,1.1199999749660492,11.089999752119184,0.028692683273448254,0.9295400183167012,0.9582327015901494,0.7444014290398042,0.005590079799583065,5.0
2026-08-16 10:00:00,-0.10946041,-0.15636294058179626,1.1199999749660492,11.089999752119184,0.028692683273448254,0.9295400183167012,0.9582327015901494,0.69240934755239,0.005590079799583065,5.0
2026-08-16 10:10:00,-0.10946041,-0.2061519419817999,1.1199999749660492,11.089999752119184,0.028692683273448254,0.9295400183167012,0.9582327015901494,0.6426203461523864,0.005590079799583065,5.0
2026-08-16 10:20:00,-0.10946041,-0.2533237860521397,1.1199999749660492,11.089999752119184,0.028692683273448254,0.9295400183167012,0.9582327015901494,0.5954485020820466,0.005590079799583065,5.0
2026-08-16 10:30:00,-0.10946041,-0.2974960251319952,1.1199999749660492,11.089999752119184,0.028692683273448254,0.9295400183167012,0.9582327015901494,0.551276263002191,0.005590079799583065,5.0
2026-08-16 10:40:00,-0.10946041,-0.3383224880772473,1.1199999749660492,11.089999752119184,0.028692683273448254,0.9295400183167012,0.9582327015901494,0.510449800056939,0.005590079799583065,5.0
2026-08-16 10:50:00,-0.10946041,-0.3754971957455483,1.1199999749660492,11.089999752119184,0.028692683273448254,0.9295400183167012,0.9582327015901494,0.47327509238863796,0.005590079799583065,5.0
2026-08-16 11:00:00,-0.10946041,-0.40875743470155307,1.1199999749660492,11.089999752119184,0.028692683273448254,0.9295400183167012,0.9582327015901494,0.44001485343263325,0.005590079799583065,5.0
2026-08-16 11:10:00,-0.10946041,-0.4378859132545035,1.1199999749660492,11.089999752119184,0.028692683273448254,0.9295400183167012,0.9582327015901494,0.4108863748796828,0.005590079799583065,5.0
2026-08-16 11:20:00,-0.10946041,-0.4627119643843575,1.1199999749660492,11.089999752119184,0.028692683273448254,0.9295400183167012,0.9582327015901494,0.3860603237498287,0.005590079799583065,5.0
2026-08-16 11:30:00,-0.10946041,-0.4831118037845337,1.1199999749660492,11.089999752119184,0.028692683273448254,0.9295400183167012,0.9582327015901494,0.3656604843496526,0.005590079799583065,5.0
2026-08-16 11:40:00,-0.10946041,-0.4990078946085905,1.1199999749660492,11.089999752119184,0.028692683273448254,0.9295400183167012,0.9582327015901494,0.34976439352559574,0.005590079799583065,5.0
2026-08-16 11:50:00,-0.10946041,-0.5103675098817234,1.1199999749660492,11.089999752119184,0.028692683273448254,0.9295400183167012,0.9582327015901494,0.33840477825246285,0.005590079799583065,5.0
2026-08-16 12:00:00,-0.10946041,-0.517200615848771,1.149999974295497,10.91999975591898,0.028628735453266208,0.9274683383216016,0.9560970737748677,0.32943604447013364,0.005590079799583065,5.0
2026-08-16 12:10:00,-0.10946041,-0.5195572219394804,1.149999974295497,10.91999975591898,0.028628735453266208,0.9274683383216016,0.9560970737748677,0.3270794383794242,0.005590079799583065,5.0
2026-08-16 12:20:00,-0.10946041,-0.5175243539651246,1.149999974295497,10.91999975591898,0.028628735453266208,0.9274683383216016,0.9560970737748677,0.32911230635377997,0.005590079799583065,5.0
2026-08-16 12:30:00,-0.10946041,-0.5112228059006076,1.149999974295497,10.91999975591898,0.028628735453266208,0.9274683383216016,0.9560970737748677,0.33541385441829696,0.005590079799583065,5.0
2026-08-16 12:40:00,-0.10946041,-0.5008038127993448,1.149999974295497,10.91999975591898,0.028628735453266208,0.9274683383216016,0.9560970737748677,0.3458328475195598,0.005590079799583065,5.0
2026-08-16 12:50:00,-0.10946041,-0.48644576465017836,1.149999974295497,10.91999975591898,0.028628735453266208,0.9274683383216016,0.9560970737748677,0.3601908956687263,0.005590079799583065,5.0
2026-08-16 13:00:00,-0.10946041,-0.46835105104290026,1.149999974295497,10.91999975591898,0.028628735453266208,0.9274683383216016,0.9560970737748677,0.3782856092760043,0.005590079799583065,5.0
2026-08-16 13:10:00,-0.10946041,-0.446743092626576,1.149999974295497,10.91999975591898,0.028628735453266208,0.9274683383216016,0.9560970737748677,0.39989356769232853,0.005590079799583065,5.0
2026-08-16 13:20:00,-0.10946041,-0.42186358121962564,1.149999974295497,10.91999975591898,0.028628735453266208,0.9274683383216016,0.9560970737748677,0.42477307909927897,0.005590079799583065,5.0
2026-08-16 13:30:00,-0.10946041,-0.3939699195946738,1.149999974295497,10.91999975591898,0.028628735453266208,0.9274683383216016,0.9560970737748677,0.45266674072423085,0.005590079799583065,5.0
2026-08-16 13:40:00,-0.10946041,-0.36333282762079194,1.149999974295497,10.91999975591898,0.028628735453266208,0.9274683383216016,0.9560970737748677,0.48330383269811267,0.005590079799583065,5.0
2026-08-16 13:50:00,-0.10946041,-0.3302340658455175,1.149999974295497,10.91999975591898,0.028628735453266208,0.9274683383216016,0.9560970737748677,0.5164025944733871,0.005590079799583065,5.0
2026-08-16 14:00:00,-0.10946041,-0.2949642221925866,1.149999974295497,10.91999975591898,0.028628735453266208,0.9274683383216016,0.9560970737748677,0.551672438126318,0.005590079799583065,5.0
2026-08-16 14:10:00,-0.10946041,-0.25782051221083213,1.149999974295497,10.91999975591898,0.028628735453266208,0.9274683383216016,0.9560970737748677,0.5888161481080725,0.005590079799583065,5.0
2026-08-16 14:20:00,-0.10946041,-0.21910455736236953,1.149999974295497,10.91999975591898,0.028628735453266208,0.9274683383216016,0.9560970737748677,0.627532102956535,0.005590079799583065,5.0
2026-08-16 14:30:00,-0.10946041,-0.17912012697090177,1.149999974295497,10.91999975591898,0.028628735453266208,0.9274683383216016,0.9560970737748677,0.6675165333480029,0.005590079799583065,5.0
2026-08-16 14:40:00,-0.10946041,-0.13817085474097524,1.149999974295497,10.91999975591898,0.028628735453266208,0.9274683383216016,0.9560970737748677,0.7084658055779294,0.005590079799583065,5.0
2026-08-16 14:50:00,-0.10946041,-0.09655796687540903,1.149999974295497,10.91999975591898,0.028628735453266208,0.9274683383216016,0.9560970737748677,0.7500786934434955,0.005590079799583065,5.0
2026-08-16 15:00:00,-0.10946041,-0.05457808209505208,1.169999973848462,10.769999759271741,0.028479951215781313,0.9226482627114223,0.9511282139272036,0.7870897183761884,0.005590079799583065,5.0
2026-08-16 15:10:00,-0.10946041,-0.012521161195566538,1.169999973848462,10.769999759271741,0.028479951215781313,0.9226482627114223,0.9511282139272036,0.8291466392756739,0.005590079799583065,5.0
2026-08-16 15:20:00,-0.10946041,0.029331307623086948,1.169999973848462,10.769999759271741,0.028479951215781313,0.9226482627114223,0.9511282139272036,0.8709991080943273,0.005590079799583065,5.0
2026-08-16 15:30:00,-0.10946041,0.07070780291498652,1.169999973848462,10.769999759271741,0.028479951215781313,0.9226482627114223,0.9511282139272036,0.9123756033862269,0.005590079799583065,5.0
2026-08-16 15:40:00,-0.10946041,0.11134787133869141,1.169999973848462,10.769999759271741,0.028479951215781313,0.9226482627114223,0.9511282139272036,0.9530156718099319,0.005590079799583065,5.0
2026-08-16 15:50:00,-0.10946041,0.1510027862427691,1.169999973848462,10.769999759271741,0.028479951215781313,0.9226482627114223,0.9511282139272036,0.9926705867140095,0.005590079799583065,5.0
2026-08-16 16:00:00,-0.10946041,0.18943574411726005,1.169999973848462,10.769999759271741,0.028479951215781313,0.9226482627114223,0.9511282139272036,1.0311035445885004,0.005590079799583065,5.0
2026-08-16 16:10:00,-0.10946041,0.22642161553316786,1.169999973848462,10.769999759271741,0.028479951215781313,0.9226482627114223,0.9511282139272036,1.0680894160044083,0.005590079799583065,5.0
2026-08-16 16:20:00,-0.10946041,0.261746304903584,1.169999973848462,10.769999759271741,0.028479951215781313,0.9226482627114223,0.9511282139272036,1.1034141053748245,0.005590079799583065,5.0
2026-08-16 16:30:00,-0.10946041,0.2952058093586776,1.169999973848462,10.769999759271741,0.028479951215781313,0.9226482627114223,0.9511282139272036,1.1368736098299181,0.005590079799583065,5.0
2026-08-16 16:40:00,-0.10946041,0.32660509713540287,1.169999973848462,10.769999759271741,0.028479951215781313,0.9226482627114223,0.9511282139272036,1.1682728976066432,0.005590079799583065,5.0
2026-08-16 16:50:00,-0.10946041,0.3557569473603501,1.169999973848462,10.769999759271741,0.028479951215781313,0.9226482627114223,0.9511282139272036,1.1974247478315905,0.005590079799583065,5.0
2026-08-16 17:00:00,-0.10946041,0.382480903104392,1.169999973848462,10.769999759271741,0.028479951215781313,0.9226482627114223,0.9511282139272036,1.2241487035756324,0.005590079799583065,5.0
2026-08-16 17:10:00,-0.10946041,0.40660248727390313,1.169999973848462,10.769999759271741,0.028479951215781313,0.9226482627114223,0.9511282139272036,1.2482702877451435,0.005590079799583065,5.0
2026-08-16 17:20:00,-0.10946041,0.4279528157515009,1.169999973848462,10.769999759271741,0.028479951215781313,0.9226482627114223,0.9511282139272036,1.2696206162227415,0.005590079799583065,5.0
2026-08-16 17:30:00,-0.10946041,0.4463687156720602,1.169999973848462,10.769999759271741,0.028479951215781313,0.9226482627114223,0.9511282139272036,1.2880365161433007,0.005590079799583065,5.0
2026-08-16 17:40:00,-0.10946041,0.4616934208063004,1.169999973848462,10.769999759271741,0.028479951215781313,0.9226482627114223,0.9511282139272036,1.303361221277541,0.005590079799583065,5.0
2026-08-16 17:50:00,-0.10946041,0.4737778740244232,1.169999973848462,10.769999759271741,0.028479951215781313,0.9226482627114223,0.9511282139272036,1.3154456744956637,0.005590079799583065,5.0
2026-08-16 18:00:00,-0.10946041,0.48248262215262566,1.1599999740719795,10.659999761730433,0.028068345012487266,0.9093136981430652,0.9373820431555524,1.310404251852215,0.005590079799583065,5.0
2026-08-16 18:10:00,-0.10946041,0.487680245185682,1.1599999740719795,10.659999761730433,0.028068345012487266,0.9093136981430652,0.9373820431555524,1.3156018748852714,0.005590079799583065,5.0
2026-08-16 18:20:00,-0.10946041,0.4892582233489945,1.1599999740719795,10.659999761730433,0.028068345012487266,0.9093136981430652,0.9373820431555524,1.3171798530485836,0.005590079799583065,5.0
2026-08-16 18:30:00,-0.10946041,0.48712211478837114,1.1599999740719795,10.659999761730433,0.028068345012487266,0.9093136981430652,0.9373820431555524,1.3150437444879604,0.005590079799583065,5.0
2026-08-16 18:40:00,-0.10946041,0.4811988961293714,1.1599999740719795,10.659999761730433,0.028068345012487266,0.9093136981430652,0.9373820431555524,1.3091205258289607,0.005590079799583065,5.0
2026-08-16 18:50:00,-0.10946041,0.4714403086502592,1.1599999740719795,10.659999761730433,0.028068345012487266,0.9093136981430652,0.9373820431555524,1.2993619383498485,0.005590079799583065,5.0
2026-08-16 19:00:00,-0.10946041,0.4578260545589972,1.1599999740719795,10.659999761730433,0.028068345012487266,0.9093136981430652,0.9373820431555524,1.2857476842585864,0.005590079799583065,5.0
2026-08-16 19:10:00,-0.10946041,0.44036669974444026,1.1599999740719795,10.659999761730433,0.028068345012487266,0.9093136981430652,0.9373820431555524,1.2682883294440295,0.005590079799583065,5.0
2026-08-16 19:20:00,-0.10946041,0.4191061593931473,1.1599999740719795,10.659999761730433,0.028068345012487266,0.9093136981430652,0.9373820431555524,1.2470277890927366,0.005590079799583065,5.0
2026-08-16 19:30:00,-0.10946041,0.3941236685606518,1.1599999740719795,10.659999761730433,0.028068345012487266,0.9093136981430652,0.9373820431555524,1.222045298260241,0.005590079799583065,5.0
2026-08-16 19:40:00,-0.10946041,0.3655351681354928,1.1599999740719795,10.659999761730433,0.028068345012487266,0.9093136981430652,0.9373820431555524,1.193456797835082,0.005590079799583065,5.0
2026-08-16 19:50:00,-0.10946041,0.3334940648472963,1.1599999740719795,10.659999761730433,0.028068345012487266,0.9093136981430652,0.9373820431555524,1.1614156945468856,0.005590079799583065,5.0
2026-08-16 20:00:00,-0.10946041,0.29819134944887876,1.1599999740719795,10.659999761730433,0.028068345012487266,0.9093136981430652,0.9373820431555524,1.126112979148468,0.005590079799583065,5.0
2026-08-16 20:10:00,-0.10946041,0.2598550780420615,1.1599999740719795,10.659999761730433,0.028068345012487266,0.9093136981430652,0.9373820431555524,1.0877767077416507,0.005590079799583065,5.0
2026-08-16 20:20:00,-0.10946041,0.2187492366040962,1.1599999740719795,10.659999761730433,0.028068345012487266,0.9093136981430652,0.9373820431555524,1.0466708663036854,0.005590079799583065,5.0
2026-08-16 20:30:00,-0.10946041,0.17517201785245617,1.1599999740719795,10.659999761730433,0.028068345012487266,0.9093136981430652,0.9373820431555524,1.0030936475520456,0.005590079799583065,5.0
2026-08-16 20:40:00,-0.10946041,0.1294535433089108,1.1599999740719795,10.659999761730433,0.028068345012487266,0.9093136981430652,0.9373820431555524,0.9573751730085001,0.005590079799583065,5.0
2026-08-16 20:50:00,-0.10946041,0.08195306315900909,1.1599999740719795,10.659999761730433,0.028068345012487266,0.9093136981430652,0.9373820431555524,0.9098746928585983,0.005590079799583065,5.0
2026-08-16 21:00:00,-0.10946041,0.033055664054695434,1.1199999749660492,10.539999764412642,0.027269691767551365,0.8834401977509497,0.9107098895185011,0.8343051401172333,0.005590079799583065,5.0
2026-08-16 21:10:00,-0.10946041,-0.016831487375016645,1.1199999749660492,10.539999764412642,0.027269691767551365,0.8834401977509497,0.9107098895185011,0.7844179886875213,0.005590079799583065,5.0
2026-08-16 21:20:00,-0.10946041,-0.06728333807326173,1.1199999749660492,10.539999764412642,0.027269691767551365,0.8834401977509497,0.9107098895185011,0.7339661379892762,0.005590079799583065,5.0
2026-08-16 21:30:00,-0.10946041,-0.11786154865093794,1.1199999749660492,10.539999764412642,0.027269691767551365,0.8834401977509497,0.9107098895185011,0.6833879274115999,0.005590079799583065,5.0
2026-08-16 21:40:00,-0.10946041,-0.16811946174686374,1.1199999749660492,10.539999764412642,0.027269691767551365,0.8834401977509497,0.9107098895185011,0.6331300143156742,0.005590079799583065,5.0
2026-08-16 21:50:00,-0.10946041,-0.21760738753426187,1.1199999749660492,10.539999764412642,0.027269691767551365,0.8834401977509497,0.9107098895185011,0.583642088528276,0.005590079799583065,5.0
2026-08-16 22:00:00,-0.10946041,-0.265878138160899,1.1199999749660492,10.539999764412642,0.027269691767551365,0.8834401977509497,0.9107098895185011,0.5353713379016389,0.005590079799583065,5.0
2026-08-16 22:10:00,-0.10946041,-0.3124927229853037,1.1199999749660492,10.539999764412642,0.027269691767551365,0.8834401977509497,0.9107098895185011,0.48875675307723426,0.005590079799583065,5.0
2026-08-16 22:20:00,-0.10946041,-0.3570260955707527,1.1199999749660492,10.539999764412642,0.027269691767551365,0.8834401977509497,0.9107098895185011,0.4442233804917852,0.005590079799583065,5.0
2026-08-16 22:30:00,-0.10946041,-0.3990728243762671,1.1199999749660492,10.539999764412642,0.027269691767551365,0.8834401977509497,0.9107098895185011,0.4021766516862708,0.005590079799583065,5.0
2026-08-16 22:40:00,-0.10946041,-0.43825254424503796,1.1199999749660492,10.539999764412642,0.027269691767551365,0.8834401977509497,0.9107098895185011,0.3629969318174999,0.005590079799583065,5.0
2026-08-16 22:50:00,-0.10946041,-0.4742150377591557,1.1199999749660492,10.539999764412642,0.027269691767551365,0.8834401977509497,0.9107098895185011,0.3270344383033823,0.005590079799583065,5.0
2026-08-16 23:00:00,-0.10946041,-0.5066447962771796,1.1199999749660492,10.539999764412642,0.027269691767551365,0.8834401977509497,0.9107098895185011,0.2946046797853583,0.005590079799583065,5.0
2026-08-16 23:10:00,-0.10946041,-0.5352649209428855,1.1199999749660492,10.539999764412642,0.027269691767551365,0.8834401977509497,0.9107098895185011,0.26598455511965247,0.005590079799583065,5.0
2026-08-16 23:20:00,-0.10946041,-0.5598402446007933,1.1199999749660492,10.539999764412642,0.027269691767551365,0.8834401977509497,0.9107098895185011,0.24140923146174464,0.005590079799583065,5.0
2026-08-16 23:30:00,-0.10946041,-0.5801795853335671,1.1199999749660492,10.539999764412642,0.027269691767551365,0.8834401977509497,0.9107098895185011,0.22106989072897087,0.005590079799583065,5.0
2026-08-16 23:40:00,-0.10946041,-0.5961370796112346,1.1199999749660492,10.539999764412642,0.027269691767551365,0.8834401977509497,0.9107098895185011,0.2051123964513033,0.005590079799583065,5.0
2026-08-16 23:50:00,-0.10946041,-0.6076125848597086,1.1199999749660492,10.539999764412642,0.027269691767551365,0.8834401977509497,0.9107098895185011,0.19363689120282934,0.005590079799583065,5.0
2026-08-17 00:00:00,-0.10898618,-0.6145511846760945,1.0599999763071537,14.239999681711197,0.03584210673637229,1.1611556937606937,1.196997800497066,0.47346043927058323,0.005590079799583065,5.0
2026-08-17 00:10:00,-0.10898618,-0.6169418710678174,1.0599999763071537,14.239999681711197,0.03584210673637229,1.1611556937606937,1.196997800497066,0.4710697528788603,0.005590079799583065,5.0
2026-08-17 00:20:00,-0.10898618,-0.6148155137343259,1.0599999763071537,14.239999681711197,0.03584210673637229,1.1611556937606937,1.196997800497066,0.47319611021235186,0.005590079799583065,5.0
2026-08-17 00:30:00,-0.10898618,-0.6082422534855522,1.0599999763071537,14.239999681711197,0.03584210673637229,1.1611556937606937,1.196997800497066,0.47976937046112555,0.005590079799583065,5.0
2026-08-17 00:40:00,-0.10898618,-0.5973284731625386,1.0599999763071537,14.239999681711197,0.03584210673637229,1.1611556937606937,1.196997800497066,0.49068315078413915,0.005590079799583065,5.0
2026-08-17 00:50:00,-0.10898618,-0.5822135037263765,1.0599999763071537,14.239999681711197,0.03584210673637229,1.1611556937606937,1.196997800497066,0.5057981202203012,0.005590079799583065,5.0
2026-08-17 01:00:00,-0.10898618,-0.563066215486584,1.0599999763071537,14.239999681711197,0.03584210673637229,1.1611556937606937,1.196997800497066,0.5249454084600937,0.005590079799583065,5.0
2026-08-17 01:10:00,-0.10898618,-0.5400816258985717,1.0599999763071537,14.239999681711197,0.03584210673637229,1.1611556937606937,1.196997800497066,0.547929998048106,0.005590079799583065,5.0
2026-08-17 01:20:00,-0.10898618,-0.513477628106573,1.0599999763071537,14.239999681711197,0.03584210673637229,1.1611556937606937,1.196997800497066,0.5745339958401047,0.005590079799583065,5.0
2026-08-17 01:30:00,-0.10898618,-0.48349191157780175,1.0599999763071537,14.239999681711197,0.03584210673637229,1.1611556937606937,1.196997800497066,0.6045197123688759,0.005590079799583065,5.0
2026-08-17 01:40:00,-0.10898618,-0.45037911120572083,1.0599999763071537,14.239999681711197,0.03584210673637229,1.1611556937606937,1.196997800497066,0.6376325127409569,0.005590079799583065,5.0
2026-08-17 01:50:00,-0.10898618,-0.4144081879075301,1.0599999763071537,14.239999681711197,0.03584210673637229,1.1611556937606937,1.196997800497066,0.6736034360391476,0.005590079799583065,5.0
2026-08-17 02:00:00,-0.10898618,-0.3758600153908399,1.0599999763071537,14.239999681711197,0.03584210673637229,1.1611556937606937,1.196997800497066,0.7121516085558378,0.005590079799583065,5.0
2026-08-17 02:10:00,-0.10898618,-0.33502512722335653,1.0599999763071537,14.239999681711197,0.03584210673637229,1.1611556937606937,1.196997800497066,0.7529864967233212,0.005590079799583065,5.0
2026-08-17 02:20:00,-0.10898618,-0.2922015675018191,1.0599999763071537,14.239999681711197,0.03584210673637229,1.1611556937606937,1.196997800497066,0.7958100564448587,0.005590079799583065,5.0
2026-08-17 02:30:00,-0.10898618,-0.24769278803750613,1.0599999763071537,14.239999681711197,0.03584210673637229,1.1611556937606937,1.196997800497066,0.8403188359091716,0.005590079799583065,5.0
2026-08-17 02:40:00,-0.10898618,-0.20180554459654232,1.0599999763071537,14.239999681711197,0.03584210673637229,1.1611556937606937,1.196997800497066,0.8862060793501354,0.005590079799583065,5.0
2026-08-17 02:50:00,-0.10898618,-0.15484776283845,1.0599999763071537,14.239999681711197,0.03584210673637229,1.1611556937606937,1.196997800497066,0.9331638611082277,0.005590079799583065,5.0
2026-08-17 03:00:00,-0.10898618,-0.10712636854490669,1.0099999774247408,14.05999968573451,0.03454431732529456,1.1191119719711478,1.1536562892964424,0.9375437442011474,0.005590079799583065,5.0
2026-08-17 03:10:00,-0.10898618,-0.05894510339140467,1.0099999774247408,14.05999968573451,0.03454431732529456,1.1191119719711478,1.1536562892964424,0.9857250093546494,0.005590079799583065,5.0
2026-08-17 03:20:00,-0.10898618,-0.010602373302996335,1.0099999774247408,14.05999968573451,0.03454431732529456,1.1191119719711478,1.1536562892964424,1.0340677394430577,0.005590079799583065,5.0
2026-08-17 03:30:00,-0.10898618,0.03761080217700525,1.0099999774247408,14.05999968573451,0.03454431732529456,1.1191119719711478,1.1536562892964424,1.0822809149230592,0.005590079799583065,5.0
2026-08-17 03:40:00,-0.10898618,0.08541265692068142,1.0099999774247408,14.05999968573451,0.03454431732529456,1.1191119719711478,1.1536562892964424,1.1300827696667355,0.005590079799583065,5.0
2026-08-17 03:50:00,-0.10898618,0.1325322745892185,1.0099999774247408,14.05999968573451,0.03454431732529456,1.1191119719711478,1.1536562892964424,1.1772023873352726,0.005590079799583065,5.0
2026-08-17 04:00:00,-0.10898618,0.17871083333434457,1.0099999774247408,14.05999968573451,0.03454431732529456,1.1191119719711478,1.1536562892964424,1.2233809460803986,0.005590079799583065,5.0
2026-08-17 04:10:00,-0.10898618,0.2237024346318415,1.0099999774247408,14.05999968573451,0.03454431732529456,1.1191119719711478,1.1536562892964424,1.2683725473778955,0.005590079799583065,5.0
2026-08-17 04:20:00,-0.10898618,0.2672744781210299,1.0099999774247408,14.05999968573451,0.03454431732529456,1.1191119719711478,1.1536562892964424,1.311944590867084,0.005590079799583065,5.0
2026-08-17 04:30:00,-0.10898618,0.3092075774419807,1.0099999774247408,14.05999968573451,0.03454431732529456,1.1191119719711478,1.1536562892964424,1.3538776901880347,0.005590079799583065,5.0
2026-08-17 04:40:00,-0.10898618,0.349295049148396,1.0099999774247408,14.05999968573451,0.03454431732529456,1.1191119719711478,1.1536562892964424,1.39396516189445,0.005590079799583065,5.0
2026-08-17 04:50:00,-0.10898618,0.3873420437864371,1.0099999774247408,14.05999968573451,0.03454431732529456,1.1191119719711478,1.1536562892964424,1.4320121565324913,0.005590079799583065,5.0
2026-08-17 05:00:00,-0.10898618,0.42316442193892195,1.0099999774247408,14.05999968573451,0.03454431732529456,1.1191119719711478,1.1536562892964424,1.467834534684976,0.005590079799583065,5.0
2026-08-17 05:10:00,-0.10898618,0.45658750430863976,1.0099999774247408,14.05999968573451,0.03454431732529456,1.1191119719711478,1.1536562892964424,1.5012576170546938,0.005590079799583065,5.0
2026-08-17 05:20:00,-0.10898618,0.48744484145403555,1.0099999774247408,14.05999968573451,0.03454431732529456,1.1191119719711478,1.1536562892964424,1.5321149542000896,0.005590079799583065,5.0
2026-08-17 05:30:00,-0.10898618,0.5155771532358118,1.0099999774247408,14.05999968573451,0.03454431732529456,1.1191119719711478,1.1536562892964424,1.5602472659818658,0.005590079799583065,5.0
2026-08-17 05:40:00,-0.10898618,0.5408315800305213,1.0099999774247408,14.05999968573451,0.03454431732529456,1.1191119719711478,1.1536562892964424,1.5855016927765755,0.005590079799583065,5.0
2026-08-17 05:50:00,-0.10898618,0.5630613674396922,1.0099999774247408,14.05999968573451,0.03454431732529456,1.1191119719711478,1.1536562892964424,1.607731480185746,0.005590079799583065,5.0
2026-08-17 06:00:00,-0.10898618,0.5821260755729045,0.979999978095293,13.839999690651894,0.0334949809283103,1.085117236645165,1.1186122175734752,1.5917521165959914,0.005590079799583065,5.0
2026-08-17 06:10:00,-0.10898618,0.5978923653729873,0.979999978095293,13.839999690651894,0.0334949809283103,1.085117236645165,1.1186122175734752,1.6075184063960741,0.005590079799583065,5.0
2026-08-17 06:20:00,-0.10898618,0.6102353714387422,0.979999978095293,13.839999690651894,0.0334949809283103,1.085117236645165,1.1186122175734752,1.619861412461829,0.005590079799583065,5.0
2026-08-17 06:30:00,-0.10898618,0.6190406271308012,0.979999978095293,13.839999690651894,0.0334949809283103,1.085117236645165,1.1186122175734752,1.6286666681538882,0.005590079799583065,5.0
2026-08-17 06:40:00,-0.10898618,0.6242064669608397,0.979999978095293,13.839999690651894,0.0334949809283103,1.085117236645165,1.1186122175734752,1.6338325079839264,0.005590079799583065,5.0
2026-08-17 06:50:00,-0.10898618,0.6256467970025742,0.979999978095293,13.839999690651894,0.0334949809283103,1.085117236645165,1.1186122175734752,1.635272838025661,0.005590079799583065,5.0
2026-08-17 07:00:00,-0.10898618,0.6232940986122779,0.979999978095293,13.839999690651894,0.0334949809283103,1.085117236645165,1.1186122175734752,1.6329201396353648,0.005590079799583065,5.0
2026-08-17 07:10:00,-0.10898618,0.6171025160777885,0.979999978095293,13.839999690651894,0.0334949809283103,1.085117236645165,1.1186122175734752,1.6267285571008754,0.005590079799583065,5.0
2026-08-17 07:20:00,-0.10898618,0.6070508752574247,0.979999978095293,13.839999690651894,0.0334949809283103,1.085117236645165,1.1186122175734752,1.6166769162805115,0.005590079799583065,5.0
2026-08-17 07:30:00,-0.10898618,0.59314548746797,0.979999978095293,13.839999690651894,0.0334949809283103,1.085117236645165,1.1186122175734752,1.6027715284910569,0.005590079799583065,5.0
2026-08-17 07:40:00,-0.10898618,0.5754226092355114,0.979999978095293,13.839999690651894,0.0334949809283103,1.085117236645165,1.1186122175734752,1.585048650258598,0.005590079799583065,5.0
2026-08-17 07:50:00,-0.10898618,0.553950451750253,0.979999978095293,13.839999690651894,0.0334949809283103,1.085117236645165,1.1186122175734752,1.5635764927733398,0.005590079799583065,5.0
2026-08-17 08:00:00,-0.10898618,0.5288306612204308,0.979999978095293,13.839999690651894,0.0334949809283103,1.085117236645165,1.1186122175734752,1.5384567022435176,0.005590079799583065,5.0
2026-08-17 08:10:00,-0.10898618,0.5001992197901494,0.979999978095293,13.839999690651894,0.0334949809283103,1.085117236645165,1.1186122175734752,1.509825260813236,0.005590079799583065,5.0
2026-08-17 08:20:00,-0.10898618,0.4682267435895834,0.979999978095293,13.839999690651894,0.0334949809283103,1.085117236645165,1.1186122175734752,1.4778527846126703,0.005590079799583065,5.0
2026-08-17 08:30:00,-0.10898618,0.4331181774888684,0.979999978095293,13.839999690651894,0.0334949809283103,1.085117236645165,1.1186122175734752,1.4427442185119552,0.005590079799583065,5.0
2026-08-17 08:40:00,-0.10898618,0.3951119037112565,0.979999978095293,13.839999690651894,0.0334949809283103,1.085117236645165,1.1186122175734752,1.4047379447343433,0.005590079799583065,5.0
2026-08-17 08:50:00,-0.10898618,0.35447829293305816,0.979999978095293,13.839999690651894,0.0334949809283103,1.085117236645165,1.1186122175734752,1.364104333956145,0.005590079799583065,5.0
2026-08-17 09:00:00,-0.10898618,0.3115177320474045,0.979999978095293,13.739999692887068,0.03325296517015777,1.077276794183856,1.1105297593540138,1.31306131485103,0.005590079799583065,5.0
2026-08-17 09:10:00,-0.10898618,0.26655816343212535,0.979999978095293,13.739999692887068,0.03325296517015777,1.077276794183856,1.1105297593540138,1.2681017462357507,0.005590079799583065,5.0
2026-08-17 09:20:00,-0.10898618,0.21995216801895204,0.979999978095293,13.739999692887068,0.03325296517015777,1.077276794183856,1.1105297593540138,1.2214957508225774,0.005590079799583065,5.0
2026-08-17 09:30:00,-0.10898618,0.17207362066508766,0.979999978095293,13.739999692887068,0.03325296517015777,1.077276794183856,1.1105297593540138,1.1736172034687131,0.005590079799583065,5.0
2026-08-17 09:40:00,-0.10898618,0.12331394357215829,0.979999978095293,13.739999692887068,0.03325296517015777,1.077276794183856,1.1105297593540138,1.1248575263757836,0.005590079799583065,5.0
2026-08-17 09:50:00,-0.10898618,0.07407798347980968,0.979999978095293,13.739999692887068,0.03325296517015777,1.077276794183856,1.1105297593540138,1.0756215662834352,0.005590079799583065,5.0
2026-08-17 10:00:00,-0.10898618,0.02477954269575985,0.979999978095293,13.739999692887068,0.03325296517015777,1.077276794183856,1.1105297593540138,1.0263231254993852,0.005590079799583065,5.0
2026-08-17 10:10:00,-0.10898618,-0.024163396750342635,0.979999978095293,13.739999692887068,0.03325296517015777,1.077276794183856,1.1105297593540138,0.9773801860532828,0.005590079799583065,5.0
2026-08-17 10:20:00,-0.10898618,-0.0723337024277183,0.979999978095293,13.739999692887068,0.03325296517015777,1.077276794183856,1.1105297593540138,0.9292098803759071,0.005590079799583065,5.0
2026-08-17 10:30:00,-0.10898618,-0.11932030301472306,0.979999978095293,13.739999692887068,0.03325296517015777,1.077276794183856,1.1105297593540138,0.8822232797889024,0.005590079799583065,5.0
2026-08-17 10:40:00,-0.10898618,-0.16472349064520905,0.979999978095293,13.739999692887068,0.03325296517015777,1.077276794183856,1.1105297593540138,0.8368200921584164,0.005590079799583065,5.0
2026-08-17 10:50:00,-0.10898618,-0.20816020286764508,0.979999978095293,13.739999692887068,0.03325296517015777,1.077276794183856,1.1105297593540138,0.7933833799359804,0.005590079799583065,5.0
2026-08-17 11:00:00,-0.10898618,-0.24926915600091856,0.979999978095293,13.739999692887068,0.03325296517015777,1.077276794183856,1.1105297593540138,0.7522744268027068,0.005590079799583065,5.0
2026-08-17 11:10:00,-0.10898618,-0.2877156898603756,0.979999978095293,13.739999692887068,0.03325296517015777,1.077276794183856,1.1105297593540138,0.7138278929432498,0.005590079799583065,5.0
2026-08-17 11:20:00,-0.10898618,-0.32319617982040433,0.979999978095293,13.739999692887068,0.03325296517015777,1.077276794183856,1.1105297593540138,0.678347402983221,0.005590079799583065,5.0
2026-08-17 11:30:00,-0.10898618,-0.35544187715002756,0.979999978095293,13.739999692887068,0.03325296517015777,1.077276794183856,1.1105297593540138,0.6461017056535978,0.005590079799583065,5.0
2026-08-17 11:40:00,-0.10898618,-0.38422205361984146,0.979999978095293,13.739999692887068,0.03325296517015777,1.077276794183856,1.1105297593540138,0.6173215291837839,0.005590079799583065,5.0
2026-08-17 11:50:00,-0.10898618,-0.4093463509042219,0.979999978095293,13.739999692887068,0.03325296517015777,1.077276794183856,1.1105297593540138,0.5921972318994035,0.005590079799583065,5.0
2026-08-17 12:00:00,-0.10898618,-0.43066626828437043,0.9999999776482582,13.779999691992998,0.03368835651410871,1.0913819119929529,1.1250702685070615,0.5854178236723027,0.005590079799583065,5.0
2026-08-17 12:10:00,-0.10898618,-0.4480757611054035,0.9999999776482582,13.779999691992998,0.03368835651410871,1.0913819119929529,1.1250702685070615,0.5680083308512697,0.005590079799583065,5.0
2026-08-17 12:20:00,-0.10898618,-0.46151096451288914,0.9999999776482582,13.779999691992998,0.03368835651410871,1.0913819119929529,1.1250702685070615,0.554573127443784,0.005590079799583065,5.0
2026-08-17 12:30:00,-0.10898618,-0.47094909876065866,0.9999999776482582,13.779999691992998,0.03368835651410871,1.0913819119929529,1.1250702685070615,0.5451349931960146,0.005590079799583065,5.0
2026-08-17 12:40:00,-0.10898618,-0.47640665021442824,0.9999999776482582,13.779999691992998,0.03368835651410871,1.0913819119929529,1.1250702685070615,0.539677441742245,0.005590079799583065,5.0
2026-08-17 12:50:00,-0.10898618,-0.4779369529754772,0.9999999776482582,13.779999691992998,0.03368835651410871,1.0913819119929529,1.1250702685070615,0.5381471389811959,0.005590079799583065,5.0
2026-08-17 13:00:00,-0.10898618,-0.47562731705426237,0.9999999776482582,13.779999691992998,0.03368835651410871,1.0913819119929529,1.1250702685070615,0.5404567749024107,0.005590079799583065,5.0
2026-08-17 13:10:00,-0.10898618,-0.4695958586323165,0.9999999776482582,13.779999691992998,0.03368835651410871,1.0913819119929529,1.1250702685070615,0.5464882333243566,0.005590079799583065,5.0
2026-08-17 13:20:00,-0.10898618,-0.45998818542557984,0.9999999776482582,13.779999691992998,0.03368835651410871,1.0913819119929529,1.1250702685070615,0.5560959065310933,0.005590079799583065,5.0
2026-08-17 13:30:00,-0.10898618,-0.4469740761770528,0.9999999776482582,13.779999691992998,0.03368835651410871,1.0913819119929529,1.1250702685070615,0.5691100157796203,0.005590079799583065,5.0
2026-08-17 13:40:00,-0.10898618,-0.43074426945963523,0.9999999776482582,13.779999691992998,0.03368835651410871,1.0913819119929529,1.1250702685070615,0.5853398224970379,0.005590079799583065,5.0
2026-08-17 13:50:00,-0.10898618,-0.4115074459734728,0.9999999776482582,13.779999691992998,0.03368835651410871,1.0913819119929529,1.1250702685070615,0.6045766459832004,0.005590079799583065,5.0
2026-08-17 14:00:00,-0.10898618,-0.3894874536724217,0.9999999776482582,13.779999691992998,0.03368835651410871,1.0913819119929529,1.1250702685070615,0.6265966382842514,0.005590079799583065,5.0
2026-08-17 14:10:00,-0.10898618,-0.3649207900582789,0.9999999776482582,13.779999691992998,0.03368835651410871,1.0913819119929529,1.1250702685070615,0.6511633018983942,0.005590079799583065,5.0
2026-08-17 14:20:00,-0.10898618,-0.338054324384863,0.9999999776482582,13.779999691992998,0.03368835651410871,1.0913819119929529,1.1250702685070615,0.6780297675718101,0.005590079799583065,5.0
2026-08-17 14:30:00,-0.10898618,-0.30914321762221836,0.9999999776482582,13.779999691992998,0.03368835651410871,1.0913819119929529,1.1250702685070615,0.7069408743344547,0.005590079799583065,5.0
2026-08-17 14:40:00,-0.10898618,-0.27844898202522544,0.9999999776482582,13.779999691992998,0.03368835651410871,1.0913819119929529,1.1250702685070615,0.7376351099314478,0.005590079799583065,5.0
2026-08-17 14:50:00,-0.10898618,-0.2462376166548776,0.9999999776482582,13.779999691992998,0.03368835651410871,1.0913819119929529,1.1250702685070615,0.7698464753017955,0.005590079799583065,5.0
2026-08-17 15:00:00,-0.10898618,-0.2127777601323372,1.0199999772012234,14.049999685958028,0.03469021703819,1.123838599331327,1.1585288163695169,0.8367648796867914,0.005590079799583065,5.0
2026-08-17 15:10:00,-0.10898618,-0.17833881645185745,1.0199999772012234,14.049999685958028,0.03469021703819,1.123838599331327,1.1585288163695169,0.8712038233672711,0.005590079799583065,5.0
2026-08-17 15:20:00,-0.10898618,-0.1431890316738573,1.0199999772012234,14.049999685958028,0.03469021703819,1.123838599331327,1.1585288163695169,0.9063536081452712,0.005590079799583065,5.0
2026-08-17 15:30:00,-0.10898618,-0.10759352572646051,1.0199999772012234,14.049999685958028,0.03469021703819,1.123838599331327,1.1585288163695169,0.941949114092668,0.005590079799583065,5.0
2026-08-17 15:40:00,-0.10898618,-0.07181231122356264,1.0199999772012234,14.049999685958028,0.03469021703819,1.123838599331327,1.1585288163695169,0.9777303285955659,0.005590079799583065,5.0
2026-08-17 15:50:00,-0.10898618,-0.03609835606482756,1.0199999772012234,14.049999685958028,0.03469021703819,1.123838599331327,1.1585288163695169,1.013444283754301,0.005590079799583065,5.0
2026-08-17 16:00:00,-0.10898618,-0.0006957659561982255,1.0199999772012234,14.049999685958028,0.03469021703819,1.123838599331327,1.1585288163695169,1.0488468738629304,0.005590079799583065,5.0
2026-08-17 16:10:00,-0.10898618,0.03416182655496341,1.0199999772012234,14.049999685958028,0.03469021703819,1.123838599331327,1.1585288163695169,1.083704466374092,0.005590079799583065,5.0
2026-08-17 16:20:00,-0.10898618,0.06825257939304889,1.0199999772012234,14.049999685958028,0.03469021703819,1.123838599331327,1.1585288163695169,1.1177952192121774,0.005590079799583065,5.0
2026-08-17 16:30:00,-0.10898618,0.1013673881030347,1.0199999772012234,14.049999685958028,0.03469021703819,1.123838599331327,1.1585288163695169,1.1509100279221633,0.005590079799583065,5.0
2026-08-17 16:40:00,-0.10898618,0.13331040703726987,1.0199999772012234,14.049999685958028,0.03469021703819,1.123838599331327,1.1585288163695169,1.1828530468563985,0.005590079799583065,5.0
2026-08-17 16:50:00,-0.10898618,0.16389911804778057,1.0199999772012234,14.049999685958028,0.03469021703819,1.123838599331327,1.1585288163695169,1.2134417578669092,0.005590079799583065,5.0
2026-08-17 17:00:00,-0.10898618,0.19296395523062665,1.0199999772012234,14.049999685958028,0.03469021703819,1.123838599331327,1.1585288163695169,1.2425065950497551,0.005590079799583065,5.0
2026-08-17 17:10:00,-0.10898618,0.22034753145816904,1.0199999772012234,14.049999685958028,0.03469021703819,1.123838599331327,1.1585288163695169,1.2698901712772976,0.005590079799583065,5.0
2026-08-17 17:20:00,-0.10898618,0.24590354842375128,1.0199999772012234,14.049999685958028,0.03469021703819,1.123838599331327,1.1585288163695169,1.2954461882428798,0.005590079799583065,5.0
2026-08-17 17:30:00,-0.10898618,0.26949550235031156,1.0199999772012234,14.049999685958028,0.03469021703819,1.123838599331327,1.1585288163695169,1.3190381421694402,0.005590079799583065,5.0
2026-08-17 17:40:00,-0.10898618,0.2909953199530242,1.0199999772012234,14.049999685958028,0.03469021703819,1.123838599331327,1.1585288163695169,1.3405379597721527,0.005590079799583065,5.0
2026-08-17 17:50:00,-0.10898618,0.31028207038910544,1.0199999772012234,14.049999685958028,0.03469021703819,1.123838599331327,1.1585288163695169,1.359824710208234,0.005590079799583065,5.0
2026-08-17 18:00:00,-0.10898618,0.32724089815277213,1.0199999772012234,14.239999681711197,0.03515933741094845,1.1390364166888323,1.1741957540997807,1.3924504757021645,0.005590079799583065,5.0
2026-08-17 18:10:00,-0.10898618,0.34176230846652755,1.0199999772012234,14.239999681711197,0.03515933741094845,1.1390364166888323,1.1741957540997807,1.40697188601592,0.005590079799583065,5.0
2026-08-17 18:20:00,-0.10898618,0.3537419120284952,1.0199999772012234,14.239999681711197,0.03515933741094845,1.1390364166888323,1.1741957540997807,1.4189514895778876,0.005590079799583065,5.0
2026-08-17 18:30:00,-0.10898618,0.36308070201184267,1.0199999772012234,14.239999681711197,0.03515933741094845,1.1390364166888323,1.1741957540997807,1.428290279561235,0.005590079799583065,5.0
2026-08-17 18:40:00,-0.10898618,0.3696858959712803,1.0199999772012234,14.239999681711197,0.03515933741094845,1.1390364166888323,1.1741957540997807,1.4348954735206727,0.005590079799583065,5.0
2026-08-17 18:50:00,-0.10898618,0.3734723325495962,1.0199999772012234,14.239999681711197,0.03515933741094845,1.1390364166888323,1.1741957540997807,1.4386819100989885,0.005590079799583065,5.0
2026-08-17 19:00:00,-0.10898618,0.37436437095325675,1.0199999772012234,14.239999681711197,0.03515933741094845,1.1390364166888323,1.1741957540997807,1.439573948502649,0.005590079799583065,5.0
2026-08-17 19:10:00,-0.10898618,0.3722982042235347,1.0199999772012234,14.239999681711197,0.03515933741094845,1.1390364166888323,1.1741957540997807,1.4375077817729272,0.005590079799583065,5.0
2026-08-17 19:20:00,-0.10898618,0.36722446770599554,1.0199999772012234,14.239999681711197,0.03515933741094845,1.1390364166888323,1.1741957540997807,1.4324340452553879,0.005590079799583065,5.0
2026-08-17 19:30:00,-0.10898618,0.3591110045617583,1.0199999772012234,14.239999681711197,0.03515933741094845,1.1390364166888323,1.1741957540997807,1.4243205821111506,0.005590079799583065,5.0
2026-08-17 19:40:00,-0.10898618,0.3479456413920186,1.0199999772012234,14.239999681711197,0.03515933741094845,1.1390364166888323,1.1741957540997807,1.413155218941411,0.005590079799583065,5.0
2026-08-17 19:50:00,-0.10898618,0.33373882929410137,1.0199999772012234,14.239999681711197,0.03515933741094845,1.1390364166888323,1.1741957540997807,1.3989484068434939,0.005590079799583065,5.0
2026-08-17 20:00:00,-0.10898618,0.3165260178572344,1.0199999772012234,14.239999681711197,0.03515933741094845,1.1390364166888323,1.1741957540997807,1.3817355954066268,0.005590079799583065,5.0
2026-08-17 20:10:00,-0.10898618,0.2963696497263445,1.0199999772012234,14.239999681711197,0.03515933741094845,1.1390364166888323,1.1741957540997807,1.3615792272757368,0.005590079799583065,5.0
2026-08-17 20:20:00,-0.10898618,0.2733606889727074,1.0199999772012234,14.239999681711197,0.03515933741094845,1.1390364166888323,1.1741957540997807,1.3385702665220998,0.005590079799583065,5.0
2026-08-17 20:30:00,-0.10898618,0.2476196245497582,1.0199999772012234,14.239999681711197,0.03515933741094845,1.1390364166888323,1.1741957540997807,1.3128292020991505,0.005590079799583065,5.0
2026-08-17 20:40:00,-0.10898618,0.21929691783123517,1.0199999772012234,14.239999681711197,0.03515933741094845,1.1390364166888323,1.1741957540997807,1.2845064953806276,0.005590079799583065,5.0
2026-08-17 20:50:00,-0.10898618,0.1885728879505574,1.0199999772012234,14.239999681711197,0.03515933741094845,1.1390364166888323,1.1741957540997807,1.2537824654999499,0.005590079799583065,5.0
2026-08-17 21:00:00,-0.10898618,0.1556570485338842,0.9999999776482582,14.269999681040645,0.03488627340031432,1.1301901222162147,1.165076395616529,1.211747267600025,0.005590079799583065,5.0
2026-08-17 21:10:00,-0.10898618,0.12078692322992013,0.9999999776482582,14.269999681040645,0.03488627340031432,1.1301901222162147,1.165076395616529,1.1768771422960609,0.005590079799583065,5.0
2026-08-17 21:20:00,-0.10898618,0.08422637505549792,0.9999999776482582,14.269999681040645,0.03488627340031432,1.1301901222162147,1.165076395616529,1.1403165941216387,0.005590079799583065,5.0
2026-08-17 21:30:00,-0.10898618,0.046263486472869195,0.9999999776482582,14.269999681040645,0.03488627340031432,1.1301901222162147,1.165076395616529,1.10235370553901,0.005590079799583065,5.0
2026-08-17 21:40:00,-0.10898618,0.00720802488921775,0.9999999776482582,14.269999681040645,0.03488627340031432,1.1301901222162147,1.165076395616529,1.0632982439553584,0.005590079799583065,5.0
2026-08-17 21:50:00,-0.10898618,-0.03261147645263249,0.9999999776482582,14.269999681040645,0.03488627340031432,1.1301901222162147,1.165076395616529,1.0234787426135084,0.005590079799583065,5.0
2026-08-17 22:00:00,-0.10898618,-0.07285099689187084,0.9999999776482582,14.269999681040645,0.03488627340031432,1.1301901222162147,1.165076395616529,0.9832392221742698,0.005590079799583065,5.0
2026-08-17 22:10:00,-0.10898618,-0.11315464385558258,0.9999999776482582,14.269999681040645,0.03488627340031432,1.1301901222162147,1.165076395616529,0.9429355752105582,0.005590079799583065,5.0
2026-08-17 22:20:00,-0.10898618,-0.15315858226496976,0.9999999776482582,14.269999681040645,0.03488627340031432,1.1301901222162147,1.165076395616529,0.9029316368011711,0.005590079799583065,5.0
2026-08-17 22:30:00,-0.10898618,-0.19249524931954853,0.9999999776482582,14.269999681040645,0.03488627340031432,1.1301901222162147,1.165076395616529,0.8635949697465922,0.005590079799583065,5.0
2026-08-17 22:40:00,-0.10898618,-0.23079781536645755,0.9999999776482582,14.269999681040645,0.03488627340031432,1.1301901222162147,1.165076395616529,0.8252924036996832,0.005590079799583065,5.0
2026-08-17 22:50:00,-0.10898618,-0.2677048363416561,0.9999999776482582,14.269999681040645,0.03488627340031432,1.1301901222162147,1.165076395616529,0.7883853827244847,0.005590079799583065,5.0
2026-08-17 23:00:00,-0.10898618,-0.3028650248081409,0.9999999776482582,14.269999681040645,0.03488627340031432,1.1301901222162147,1.165076395616529,0.7532251942579998,0.005590079799583065,5.0
2026-08-17 23:10:00,-0.10898618,-0.33594204673671924,0.9999999776482582,14.269999681040645,0.03488627340031432,1.1301901222162147,1.165076395616529,0.7201481723294215,0.005590079799583065,5.0
2026-08-17 23:20:00,-0.10898618,-0.3666192327844556,0.9999999776482582,14.269999681040645,0.03488627340031432,1.1301901222162147,1.165076395616529,0.6894709862816852,0.005590079799583065,5.0
2026-08-17 23:30:00,-0.10898618,-0.394604077866749,0.9999999776482582,14.269999681040645,0.03488627340031432,1.1301901222162147,1.165076395616529,0.6614861411993918,0.005590079799583065,5.0
2026-08-17 23:40:00,-0.10898618,-0.41963239465722124,0.9999999776482582,14.269999681040645,0.03488627340031432,1.1301901222162147,1.165076395616529,0.6364578244089195,0.005590079799583065,5.0
2026-08-17 23:50:00,-0.10898618,-0.4414719861615807,0.9999999776482582,14.269999681040645,0.03488627340031432,1.1301901222162147,1.165076395616529,0.6146182329045601,0.005590079799583065,5.0
2026-08-18 00:00:00,-0.123018496,-0.4599257119764571,0.9599999785423279,14.20999968238175,0.034037707455421826,1.1026996293807738,1.1367373368361957,0.5537931291212324,0.005590079799583065,5.0
2026-08-18 00:10:00,-0.123018496,-0.47483384169971227,0.9599999785423279,14.20999968238175,0.034037707455421826,1.1026996293807738,1.1367373368361957,0.5388849993979772,0.005590079799583065,5.0
2026-08-18 00:20:00,-0.123018496,-0.48607561690653295,0.9599999785423279,14.20999968238175,0.034037707455421826,1.1026996293807738,1.1367373368361957,0.5276432241911564,0.005590079799583065,5.0
2026-08-18 00:30:00,-0.123018496,-0.49356997831304955,0.9599999785423279,14.20999968238175,0.034037707455421826,1.1026996293807738,1.1367373368361957,0.5201488627846398,0.005590079799583065,5.0
2026-08-18 00:40:00,-0.123018496,-0.4972754544090767,0.9599999785423279,14.20999968238175,0.034037707455421826,1.1026996293807738,1.1367373368361957,0.5164433866886127,0.005590079799583065,5.0
2026-08-18 00:50:00,-0.123018496,-0.4971892491386398,0.9599999785423279,14.20999968238175,0.034037707455421826,1.1026996293807738,1.1367373368361957,0.5165295919590496,0.005590079799583065,5.0
2026-08-18 01:00:00,-0.123018496,-0.4933456051319213,0.9599999785423279,14.20999968238175,0.034037707455421826,1.1026996293807738,1.1367373368361957,0.520373235965768,0.005590079799583065,5.0
2026-08-18 01:10:00,-0.123018496,-0.48581355280476246,0.9599999785423279,14.20999968238175,0.034037707455421826,1.1026996293807738,1.1367373368361957,0.5279052882929269,0.005590079799583065,5.0
2026-08-18 01:20:00,-0.123018496,-0.47469418060942103,0.9599999785423279,14.20999968238175,0.034037707455421826,1.1026996293807738,1.1367373368361957,0.5390246604882684,0.005590079799583065,5.0
2026-08-18 01:30:00,-0.123018496,-0.4601175764596755,0.9599999785423279,14.20999968238175,0.034037707455421826,1.1026996293807738,1.1367373368361957,0.553601264638014,0.005590079799583065,5.0
2026-08-18 01:40:00,-0.123018496,-0.4422395929389545,0.9599999785423279,14.20999968238175,0.034037707455421826,1.1026996293807738,1.1367373368361957,0.571479248158735,0.005590079799583065,5.0
2026-08-18 01:50:00,-0.123018496,-0.42123857989363006,0.9599999785423279,14.20999968238175,0.034037707455421826,1.1026996293807738,1.1367373368361957,0.5924802612040594,0.005590079799583065,5.0
2026-08-18 02:00:00,-0.123018496,-0.39731220817053536,0.9599999785423279,14.20999968238175,0.034037707455421826,1.1026996293807738,1.1367373368361957,0.616406632927154,0.005590079799583065,5.0
2026-08-18 02:10:00,-0.123018496,-0.37067447994703584,0.9599999785423279,14.20999968238175,0.034037707455421826,1.1026996293807738,1.1367373368361957,0.6430443611506536,0.005590079799583065,5.0
2026-08-18 02:20:00,-0.123018496,-0.34155298734079464,0.9599999785423279,14.20999968238175,0.034037707455421826,1.1026996293807738,1.1367373368361957,0.6721658537568947,0.005590079799583065,5.0
2026-08-18 02:30:00,-0.123018496,-0.31018644527283706,0.9599999785423279,14.20999968238175,0.034037707455421826,1.1026996293807738,1.1367373368361957,0.7035323958248523,0.005590079799583065,5.0
2026-08-18 02:40:00,-0.123018496,-0.2768224906498142,0.9599999785423279,14.20999968238175,0.034037707455421826,1.1026996293807738,1.1367373368361957,0.7368963504478752,0.005590079799583065,5.0
2026-08-18 02:50:00,-0.123018496,-0.24171571125903665,0.9599999785423279,14.20999968238175,0.034037707455421826,1.1026996293807738,1.1367373368361957,0.7720031298386527,0.005590079799583065,5.0
2026-08-18 03:00:00,-0.123018496,-0.2051258471205441,0.9299999792128801,14.109999684616923,0.03326588600157575,1.0776953827751867,1.1109612687767625,0.782816925917712,0.005590079799583065,5.0
2026-08-18 03:10:00,-0.123018496,-0.1673160964411879,0.9299999792128801,14.109999684616923,0.03326588600157575,1.0776953827751867,1.1109612687767625,0.8206266765970682,0.005590079799583065,5.0
2026-08-18 03:20:00,-0.123018496,-0.1285514584176107,0.9299999792128801,14.109999684616923,0.03326588600157575,1.0776953827751867,1.1109612687767625,0.8593913146206454,0.005590079799583065,5.0
2026-08-18 03:30:00,-0.123018496,-0.08909705562335889,0.9299999792128801,14.109999684616923,0.03326588600157575,1.0776953827751867,1.1109612687767625,0.8988457174148973,0.005590079799583065,5.0
2026-08-18 03:40:00,-0.123018496,-0.049216398018612155,0.9299999792128801,14.109999684616923,0.03326588600157575,1.0776953827751867,1.1109612687767625,0.938726375019644,0.005590079799583065,5.0
2026-08-18 03:50:00,-0.123018496,-0.009169576040280885,0.9299999792128801,14.109999684616923,0.03326588600157575,1.0776953827751867,1.1109612687767625,0.9787731969979753,0.005590079799583065,5.0
2026-08-18 04:00:00,-0.123018496,0.03078860118429497,0.9299999792128801,14.109999684616923,0.03326588600157575,1.0776953827751867,1.1109612687767625,1.0187313742225512,0.005590079799583065,5.0
2026-08-18 04:10:00,-0.123018496,0.07041047878750473,0.9299999792128801,14.109999684616923,0.03326588600157575,1.0776953827751867,1.1109612687767625,1.058353251825761,0.005590079799583065,5.0
2026-08-18 04:20:00,-0.123018496,0.10945737271096917,0.9299999792128801,14.109999684616923,0.03326588600157575,1.0776953827751867,1.1109612687767625,1.0974001457492253,0.005590079799583065,5.0
2026-08-18 04:30:00,-0.123018496,0.14770124609504026,0.9299999792128801,14.109999684616923,0.03326588600157575,1.0776953827751867,1.1109612687767625,1.1356440191332964,0.005590079799583065,5.0
2026-08-18 04:40:00,-0.123018496,0.1849261547396597,0.9299999792128801,14.109999684616923,0.03326588600157575,1.0776953827751867,1.1109612687767625,1.1728689277779158,0.005590079799583065,5.0
2026-08-18 04:50:00,-0.123018496,0.22092937501143045,0.9299999792128801,14.109999684616923,0.03326588600157575,1.0776953827751867,1.1109612687767625,1.2088721480496867,0.005590079799583065,5.0
2026-08-18 05:00:00,-0.123018496,0.25552214232037634,0.9299999792128801,14.109999684616923,0.03326588600157575,1.0776953827751867,1.1109612687767625,1.2434649153586326,0.005590079799583065,5.0
2026-08-18 05:10:00,-0.123018496,0.28852995295259903,0.9299999792128801,14.109999684616923,0.03326588600157575,1.0776953827751867,1.1109612687767625,1.2764727259908553,0.005590079799583065,5.0
2026-08-18 05:20:00,-0.123018496,0.31979241403301456,0.9299999792128801,14.109999684616923,0.03326588600157575,1.0776953827751867,1.1109612687767625,1.3077351870712708,0.005590079799583065,5.0
2026-08-18 05:30:00,-0.123018496,0.3491626627603312,0.9299999792128801,14.109999684616923,0.03326588600157575,1.0776953827751867,1.1109612687767625,1.3371054357985874,0.005590079799583065,5.0
2026-08-18 05:40:00,-0.123018496,0.37650641323913336,0.9299999792128801,14.109999684616923,0.03326588600157575,1.0776953827751867,1.1109612687767625,1.3644491862773895,0.005590079799583065,5.0
2026-08-18 05:50:00,-0.123018496,0.40170072304544696,0.9299999792128801,14.109999684616923,0.03326588600157575,1.0776953827751867,1.1109612687767625,1.3896434960837032,0.005590079799583065,5.0
2026-08-18 06:00:00,-0.123018496,0.4246325992585956,0.909999979659915,13.969999687746167,0.03257974712803713,1.0554669444308689,1.088046691558906,1.3896607950789952,0.005590079799583065,5.0
2026-08-18 06:10:00,-0.123018496,0.4451975813036277,0.909999979659915,13.969999687746167,0.03257974712803713,1.0554669444308689,1.088046691558906,1.4102257771240274,0.005590079799583065,5.0
2026-08-18 06:20:00,-0.123018496,0.46329844440897605,0.909999979659915,13.969999687746167,0.03257974712803713,1.0554669444308689,1.088046691558906,1.4283266402293757,0.005590079799583065,5.0
2026-08-18 06:30:00,-0.123018496,0.47884416141651814,0.909999979659915,13.969999687746167,0.03257974712803713,1.0554669444308689,1.088046691558906,1.4438723572369179,0.005590079799583065,5.0
2026-08-18 06:40:00,-0.123018496,0.4917492426279781,0.909999979659915,13.969999687746167,0.03257974712803713,1.0554669444308689,1.088046691558906,1.4567774384483778,0.005590079799583065,5.0
2026-08-18 06:50:00,-0.123018496,0.5019335450867021,0.909999979659915,13.969999687746167,0.03257974712803713,1.0554669444308689,1.088046691558906,1.4669617409071019,0.005590079799583065,5.0
2026-08-18 07:00:00,-0.123018496,0.5093226062627813,0.909999979659915,13.969999687746167,0.03257974712803713,1.0554669444308689,1.088046691558906,1.474350802083181,0.005590079799583065,5.0
2026-08-18 07:10:00,-0.123018496,0.5138485165063886,0.909999979659915,13.969999687746167,0.03257974712803713,1.0554669444308689,1.088046691558906,1.4788767123267883,0.005590079799583065,5.0
2026-08-18 07:20:00,-0.123018496,0.5154513026951238,0.909999979659915,13.969999687746167,0.03257974712803713,1.0554669444308689,1.088046691558906,1.4804794985155234,0.005590079799583065,5.0
2026-08-18 07:30:00,-0.123018496,0.5140807568031993,0.909999979659915,13.969999687746167,0.03257974712803713,1.0554669444308689,1.088046691558906,1.479108952623599,0.005590079799583065,5.0
2026-08-18 07:40:00,-0.123018496,0.5096986100834632,0.909999979659915,13.969999687746167,0.03257974712803713,1.0554669444308689,1.088046691558906,1.4747268059038627,0.005590079799583065,5.0
2026-08-18 07:50:00,-0.123018496,0.5022809295354983,0.909999979659915,13.969999687746167,0.03257974712803713,1.0554669444308689,1.088046691558906,1.4673091253558979,0.005590079799583065,5.0
2026-08-18 08:00:00,-0.123018496,0.49182059943479356,0.909999979659915,13.969999687746167,0.03257974712803713,1.0554669444308689,1.088046691558906,1.4568487952551932,0.005590079799583065,5.0
2026-08-18 08:10:00,-0.123018496,0.4783297478117821,0.909999979659915,13.969999687746167,0.03257974712803713,1.0554669444308689,1.088046691558906,1.4433579436321817,0.005590079799583065,5.0
2026-08-18 08:20:00,-0.123018496,0.46184198530912346,0.909999979659915,13.969999687746167,0.03257974712803713,1.0554669444308689,1.088046691558906,1.426870181129523,0.005590079799583065,5.0
2026-08-18 08:30:00,-0.123018496,0.4424143401755554,0.909999979659915,13.969999687746167,0.03257974712803713,1.0554669444308689,1.088046691558906,1.407442535995955,0.005590079799583065,5.0
2026-08-18 08:40:00,-0.123018496,0.42012879625933663,0.909999979659915,13.969999687746167,0.03257974712803713,1.0554669444308689,1.088046691558906,1.3851569920797364,0.005590079799583065,5.0
2026-08-18 08:50:00,-0.123018496,0.3950933676296508,0.909999979659915,13.969999687746167,0.03257974712803713,1.0554669444308689,1.088046691558906,1.3601215634500505,0.005590079799583065,5.0
2026-08-18 09:00:00,-0.123018496,0.3674426712637968,0.8899999801069498,13.839999690651894,0.031919913098559606,1.0340906886794907,1.0660106017780504,1.310434777303341,0.005590079799583065,5.0
2026-08-18 09:10:00,-0.123018496,0.3373379850700307,0.8899999801069498,13.839999690651894,0.031919913098559606,1.0340906886794907,1.0660106017780504,1.2803300911095747,0.005590079799583065,5.0
2026-08-18 09:20:00,-0.123018496,0.3049668002641552,0.8899999801069498,13.839999690651894,0.031919913098559606,1.0340906886794907,1.0660106017780504,1.2479589063036993,0.005590079799583065,5.0
2026-08-18 09:30:00,-0.123018496,0.27054189314393684,0.8899999801069498,13.839999690651894,0.031919913098559606,1.0340906886794907,1.0660106017780504,1.2135339991834808,0.005590079799583065,5.0
2026-08-18 09:40:00,-0.123018496,0.23429995095136996,0.8899999801069498,13.839999690651894,0.031919913098559606,1.0340906886794907,1.0660106017780504,1.177292056990914,0.005590079799583065,5.0
2026-08-18 09:50:00,-0.123018496,0.19649978996280404,0.8899999801069498,13.839999690651894,0.031919913098559606,1.0340906886794907,1.0660106017780504,1.1394918960023481,0.005590079799583065,5.0
2026-08-18 10:00:00,-0.123018496,0.15742020236307253,0.8899999801069498,13.839999690651894,0.031919913098559606,1.0340906886794907,1.0660106017780504,1.1004123084026167,0.005590079799583065,5.0
2026-08-18 10:10:00,-0.123018496,0.11735746328689235,0.8899999801069498,13.839999690651894,0.031919913098559606,1.0340906886794907,1.0660106017780504,1.0603495693264364,0.005590079799583065,5.0
2026-08-18 10:20:00,-0.123018496,0.0766225231608467,0.8899999801069498,13.839999690651894,0.031919913098559606,1.0340906886794907,1.0660106017780504,1.0196146292003907,0.005590079799583065,5.0
2026-08-18 10:30:00,-0.123018496,0.035537904816478026,0.8899999801069498,13.839999690651894,0.031919913098559606,1.0340906886794907,1.0660106017780504,0.9785300108560221,0.005590079799583065,5.0
2026-08-18 10:40:00,-0.123018496,-0.005565677624921699,0.8899999801069498,13.839999690651894,0.031919913098559606,1.0340906886794907,1.0660106017780504,0.9374264284146224,0.005590079799583065,5.0
2026-08-18 10:50:00,-0.123018496,-0.046352959490484985,0.8899999801069498,13.839999690651894,0.031919913098559606,1.0340906886794907,1.0660106017780504,0.8966391465490591,0.005590079799583065,5.0
2026-08-18 11:00:00,-0.123018496,-0.08648800024095568,0.8899999801069498,13.839999690651894,0.031919913098559606,1.0340906886794907,1.0660106017780504,0.8565041057985884,0.005590079799583065,5.0
2026-08-18 11:10:00,-0.123018496,-0.12563825441585302,0.8899999801069498,13.839999690651894,0.031919913098559606,1.0340906886794907,1.0660106017780504,0.8173538516236911,0.005590079799583065,5.0
2026-08-18 11:20:00,-0.123018496,-0.16347878481751107,0.8899999801069498,13.839999690651894,0.031919913098559606,1.0340906886794907,1.0660106017780504,0.779513321222033,0.005590079799583065,5.0
2026-08-18 11:30:00,-0.123018496,-0.1996965448420363,0.8899999801069498,13.839999690651894,0.031919913098559606,1.0340906886794907,1.0660106017780504,0.7432955611975078,0.005590079799583065,5.0
2026-08-18 11:40:00,-0.123018496,-0.23399463779093235,0.8899999801069498,13.839999690651894,0.031919913098559606,1.0340906886794907,1.0660106017780504,0.7089974682486118,0.005590079799583065,5.0
2026-08-18 11:50:00,-0.123018496,-0.26609644367646806,0.8899999801069498,13.839999690651894,0.031919913098559606,1.0340906886794907,1.0660106017780504,0.676895662363076,0.005590079799583065,5.0
2026-08-18 12:00:00,-0.123018496,-0.2957494920409323,0.8999999798834324,13.759999692440033,0.031913195704832864,1.033873069217822,1.0657862649226548,0.6470182771432162,0.005590079799583065,5.0
2026-08-18 12:10:00,-0.123018496,-0.3227289538719612,0.8999999798834324,13.759999692440033,0.031913195704832864,1.033873069217822,1.0657862649226548,0.6200388153121873,0.005590079799583065,5.0
2026-08-18 12:20:00,-0.123018496,-0.3468406294032303,0.8999999798834324,13.759999692440033,0.031913195704832864,1.033873069217822,1.0657862649226548,0.5959271397809183,0.005590079799583065,5.0
2026-08-18 12:30:00,-0.123018496,-0.36792332147653434,0.8999999798834324,13.759999692440033,0.031913195704832864,1.033873069217822,1.0657862649226548,0.5748444477076142,0.005590079799583065,5.0
2026-08-18 12:40:00,-0.123018496,-0.38585050656987274,0.8999999798834324,13.759999692440033,0.031913195704832864,1.033873069217822,1.0657862649226548,0.5569172626142758,0.005590079799583065,5.0
2026-08-18 12:50:00,-0.123018496,-0.40053124599089457,0.8999999798834324,13.759999692440033,0.031913195704832864,1.033873069217822,1.0657862649226548,0.542236523193254,0.005590079799583065,5.0
2026-08-18 13:00:00,-0.123018496,-0.411910316107181,0.8999999798834324,13.759999692440033,0.031913195704832864,1.033873069217822,1.0657862649226548,0.5308574530769675,0.005590079799583065,5.0
2026-08-18 13:10:00,-0.123018496,-0.4199675760298816,0.8999999798834324,13.759999692440033,0.031913195704832864,1.033873069217822,1.0657862649226548,0.522800193154267,0.005590079799583065,5.0
2026-08-18 13:20:00,-0.123018496,-0.42471663020961037,0.8999999798834324,13.759999692440033,0.031913195704832864,1.033873069217822,1.0657862649226548,0.5180511389745381,0.005590079799583065,5.0
2026-08-18 13:30:00,-0.123018496,-0.4262028789788309,0.8999999798834324,13.759999692440033,0.031913195704832864,1.033873069217822,1.0657862649226548,0.5165648902053176,0.005590079799583065,5.0
2026-08-18 13:40:00,-0.123018496,-0.42450107847685553,0.8999999798834324,13.759999692440033,0.031913195704832864,1.033873069217822,1.0657862649226548,0.518266690707293,0.005590079799583065,5.0
2026-08-18 13:50:00,-0.123018496,-0.4197125504728185,0.8999999798834324,13.759999692440033,0.031913195704832864,1.033873069217822,1.0657862649226548,0.52305521871133,0.005590079799583065,5.0
2026-08-18 14:00:00,-0.123018496,-0.4119621903126292,0.8999999798834324,13.759999692440033,0.031913195704832864,1.033873069217822,1.0657862649226548,0.5308055788715194,0.005590079799583065,5.0
2026-08-18 14:10:00,-0.123018496,-0.40139541719809096,0.8999999798834324,13.759999692440033,0.031913195704832864,1.033873069217822,1.0657862649226548,0.5413723519860576,0.005590079799583065,5.0
2026-08-18 14:20:00,-0.123018496,-0.3881751956520348,0.8999999798834324,13.759999692440033,0.031913195704832864,1.033873069217822,1.0657862649226548,0.5545925735321138,0.005590079799583065,5.0
2026-08-18 14:30:00,-0.123018496,-0.3724792321214169,0.8999999798834324,13.759999692440033,0.031913195704832864,1.033873069217822,1.0657862649226548,0.5702885370627315,0.005590079799583065,5.0
2026-08-18 14:40:00,-0.123018496,-0.35449741881447927,0.8999999798834324,13.759999692440033,0.031913195704832864,1.033873069217822,1.0657862649226548,0.5882703503696692,0.005590079799583065,5.0
2026-08-18 14:50:00,-0.123018496,-0.33442956143119257,0.8999999798834324,13.759999692440033,0.031913195704832864,1.033873069217822,1.0657862649226548,0.608338207752956,0.005590079799583065,5.0
2026-08-18 15:00:00,-0.123018496,-0.31248339205160724,0.9199999794363976,14.029999686405063,0.032898961689544384,1.0658083512112169,1.0987073129007612,0.6632054251106476,0.005590079799583065,5.0
2026-08-18 15:10:00,-0.123018496,-0.28887283681578424,0.9199999794363976,14.029999686405063,0.032898961689544384,1.0658083512112169,1.0987073129007612,0.6868159803464706,0.005590079799583065,5.0
2026-08-18 15:20:00,-0.123018496,-0.26381648321980644,0.9199999794363976,14.029999686405063,0.032898961689544384,1.0658083512112169,1.0987073129007612,0.7118723339424484,0.005590079799583065,5.0
2026-08-18 15:30:00,-0.123018496,-0.2375361764320469,0.9199999794363976,14.029999686405063,0.032898961689544384,1.0658083512112169,1.0987073129007612,0.7381526407302079,0.005590079799583065,5.0
2026-08-18 15:40:00,-0.123018496,-0.21025566922483346,0.9199999794363976,14.029999686405063,0.032898961689544384,1.0658083512112169,1.0987073129007612,0.7654331479374215,0.005590079799583065,5.0
2026-08-18 15:50:00,-0.123018496,-0.18219925625099856,0.9199999794363976,14.029999686405063,0.032898961689544384,1.0658083512112169,1.0987073129007612,0.7934895609112563,0.005590079799583065,5.0
2026-08-18 16:00:00,-0.123018496,-0.15359033937619557,0.9199999794363976,14.029999686405063,0.032898961689544384,1.0658083512112169,1.0987073129007612,0.8220984777860593,0.005590079799583065,5.0
2026-08-18 16:10:00,-0.123018496,-0.12464989449427108,0.9199999794363976,14.029999686405063,0.032898961689544384,1.0658083512112169,1.0987073129007612,0.8510389226679838,0.005590079799583065,5.0
2026-08-18 16:20:00,-0.123018496,-0.09559483886371498,0.9199999794363976,14.029999686405063,0.032898961689544384,1.0658083512112169,1.0987073129007612,0.8800939782985399,0.005590079799583065,5.0
2026-08-18 16:30:00,-0.123018496,-0.06663632775479016,0.9199999794363976,14.029999686405063,0.032898961689544384,1.0658083512112169,1.0987073129007612,0.9090524894074647,0.005590079799583065,5.0
2026-08-18 16:40:00,-0.123018496,-0.03797803679399914,0.9199999794363976,14.029999686405063,0.032898961689544384,1.0658083512112169,1.0987073129007612,0.9377107803682557,0.005590079799583065,5.0
2026-08-18 16:50:00,-0.123018496,-0.00981450797276399,0.9199999794363976,14.029999686405063,0.032898961689544384,1.0658083512112169,1.0987073129007612,0.9658743091894909,0.005590079799583065,5.0
2026-08-18 17:00:00,-0.123018496,0.017670349471502853,0.9199999794363976,14.029999686405063,0.032898961689544384,1.0658083512112169,1.0987073129007612,0.9933591666337577,0.005590079799583065,5.0
2026-08-18 17:10:00,-0.123018496,0.04430450946867845,0.9199999794363976,14.029999686405063,0.032898961689544384,1.0658083512112169,1.0987073129007612,1.0199933266309333,0.005590079799583065,5.0
2026-08-18 17:20:00,-0.123018496,0.06992874537548821,0.9199999794363976,14.029999686405063,0.032898961689544384,1.0658083512112169,1.0987073129007612,1.045617562537743,0.005590079799583065,5.0
2026-08-18 17:30:00,-0.123018496,0.09439714570959468,0.9199999794363976,14.029999686405063,0.032898961689544384,1.0658083512112169,1.0987073129007612,1.0700859628718495,0.005590079799583065,5.0
2026-08-18 17:40:00,-0.123018496,0.1175771910703893,0.9199999794363976,14.029999686405063,0.032898961689544384,1.0658083512112169,1.0987073129007612,1.0932660082326442,0.005590079799583065,5.0
2026-08-18 17:50:00,-0.123018496,0.13934938813944872,0.9199999794363976,14.029999686405063,0.032898961689544384,1.0658083512112169,1.0987073129007612,1.1150382053017036,0.005590079799583065,5.0
2026-08-18 18:00:00,-0.123018496,0.15960649398682572,0.9699999783188105,15.559999652206898,0.037465028444629005,1.2137325357396216,1.2511975641842505,1.28778556243257,0.005590079799583065,5.0
2026-08-18 18:10:00,-0.123018496,0.17825239996653092,0.9699999783188105,15.559999652206898,0.037465028444629005,1.2137325357396216,1.2511975641842505,1.306431468412275,0.005590079799583065,5.0
2026-08-18 18:20:00,-0.123018496,0.1952007763029407,0.9699999783188105,15.559999652206898,0.037465028444629005,1.2137325357396216,1.2511975641842505,1.3233798447486849,0.005590079799583065,5.0
2026-08-18 18:30:00,-0.123018496,0.2103736020362008,0.9699999783188105,15.559999652206898,0.037465028444629005,1.2137325357396216,1.2511975641842505,1.338552670481945,0.005590079799583065,5.0
2026-08-18 18:40:00,-0.123018496,0.22369971837765942,0.9699999783188105,15.559999652206898,0.037465028444629005,1.2137325357396216,1.2511975641842505,1.3518787868234037,0.005590079799583065,5.0
2026-08-18 18:50:00,-0.123018496,0.23511354483586855,0.9699999783188105,15.559999652206898,0.037465028444629005,1.2137325357396216,1.2511975641842505,1.3632926132816128,0.005590079799583065,5.0
2026-08-18 19:00:00,-0.123018496,0.24455408663933395,0.9699999783188105,15.559999652206898,0.037465028444629005,1.2137325357396216,1.2511975641842505,1.372733155085078,0.005590079799583065,5.0
2026-08-18 19:10:00,-0.123018496,0.2519643399706832,0.9699999783188105,15.559999652206898,0.037465028444629005,1.2137325357396216,1.2511975641842505,1.3801434084164275,0.005590079799583065,5.0
2026-08-18 19:20:00,-0.123018496,0.2572911700241775,0.9699999783188105,15.559999652206898,0.037465028444629005,1.2137325357396216,1.2511975641842505,1.3854702384699218,0.005590079799583065,5.0
2026-08-18 19:30:00,-0.123018496,0.2604856994261203,0.9699999783188105,15.559999652206898,0.037465028444629005,1.2137325357396216,1.2511975641842505,1.3886647678718647,0.005590079799583065,5.0
2026-08-18 19:40:00,-0.123018496,0.26150420383062106,0.9699999783188105,15.559999652206898,0.037465028444629005,1.2137325357396216,1.2511975641842505,1.3896832722763652,0.005590079799583065,5.0
2026-08-18 19:50:00,-0.123018496,0.26030947196647913,0.9699999783188105,15.559999652206898,0.037465028444629005,1.2137325357396216,1.2511975641842505,1.3884885404122234,0.005590079799583065,5.0
2026-08-18 20:00:00,-0.123018496,0.2568725519329604,0.9699999783188105,15.559999652206898,0.037465028444629005,1.2137325357396216,1.2511975641842505,1.3850516203787047,0.005590079799583065,5.0
2026-08-18 20:10:00,-0.123018496,0.25117477755840156,0.9699999783188105,15.559999652206898,0.037465028444629005,1.2137325357396216,1.2511975641842505,1.379353846004146,0.005590079799583065,5.0
2026-08-18 20:20:00,-0.123018496,0.24320994997459788,0.9699999783188105,15.559999652206898,0.037465028444629005,1.2137325357396216,1.2511975641842505,1.371389018420342,0.005590079799583065,5.0
2026-08-18 20:30:00,-0.123018496,0.23298654153402992,0.9699999783188105,15.559999652206898,0.037465028444629005,1.2137325357396216,1.2511975641842505,1.3611656099797742,0.005590079799583065,5.0
2026-08-18 20:40:00,-0.123018496,0.22052979178754378,0.9699999783188105,15.559999652206898,0.037465028444629005,1.2137325357396216,1.2511975641842505,1.348708860233288,0.005590079799583065,5.0
2026-08-18 20:50:00,-0.123018496,0.20588357735085197,0.9699999783188105,15.559999652206898,0.037465028444629005,1.2137325357396216,1.2511975641842505,1.3340626457965963,0.005590079799583065,5.0
2026-08-18 21:00:00,-0.123018496,0.18911195737158312,0.9599999785423279,15.56999965198338,0.03729536277838971,1.2082359767388213,1.245531339517211,1.3116248011502878,0.005590079799583065,5.0
2026-08-18 21:10:00,-0.123018496,0.17030032118211583,0.9599999785423279,15.56999965198338,0.03729536277838971,1.2082359767388213,1.245531339517211,1.2928131649608205,0.005590079799583065,5.0
2026-08-18 21:20:00,-0.123018496,0.14955609190945712,0.9599999785423279,15.56999965198338,0.03729536277838971,1.2082359767388213,1.245531339517211,1.2720689356881618,0.005590079799583065,5.0
2026-08-18 21:30:00,-0.123018496,0.12700896625985444,0.9599999785423279,15.56999965198338,0.03729536277838971,1.2082359767388213,1.245531339517211,1.249521810038559,0.005590079799583065,5.0
2026-08-18 21:40:00,-0.123018496,0.10281069394582071,0.9599999785423279,15.56999965198338,0.03729536277838971,1.2082359767388213,1.245531339517211,1.2253235377245253,0.005590079799583065,5.0
2026-08-18 21:50:00,-0.123018496,0.07713441831321106,0.9599999785423279,15.56999965198338,0.03729536277838971,1.2082359767388213,1.245531339517211,1.1996472620919156,0.005590079799583065,5.0
2026-08-18 22:00:00,-0.123018496,0.050173611536091206,0.9599999785423279,15.56999965198338,0.03729536277838971,1.2082359767388213,1.245531339517211,1.1726864553147958,0.005590079799583065,5.0
2026-08-18 22:10:00,-0.123018496,0.022140643030060563,0.9599999785423279,15.56999965198338,0.03729536277838971,1.2082359767388213,1.245531339517211,1.1446534868087652,0.005590079799583065,5.0
2026-08-18 22:20:00,-0.123018496,-0.006734980750318048,0.9599999785423279,15.56999965198338,0.03729536277838971,1.2082359767388213,1.245531339517211,1.1157778630283866,0.005590079799583065,5.0
2026-08-18 22:30:00,-0.123018496,-0.03620867199784163,0.9599999785423279,15.56999965198338,0.03729536277838971,1.2082359767388213,1.245531339517211,1.086304171780863,0.005590079799583065,5.0
2026-08-18 22:40:00,-0.123018496,-0.06602308688276545,0.9599999785423279,15.56999965198338,0.03729536277838971,1.2082359767388213,1.245531339517211,1.0564897568959393,0.005590079799583065,5.0
2026-08-18 22:50:00,-0.123018496,-0.09591070241186817,0.9599999785423279,15.56999965198338,0.03729536277838971,1.2082359767388213,1.245531339517211,1.0266021413668365,0.005590079799583065,5.0
2026-08-18 23:00:00,-0.123018496,-0.12559663227643303,0.9599999785423279,15.56999965198338,0.03729536277838971,1.2082359767388213,1.245531339517211,0.9969162115022716,0.005590079799583065,5.0
2026-08-18 23:10:00,-0.123018496,-0.1548016710914967,0.9599999785423279,15.56999965198338,0.03729536277838971,1.2082359767388213,1.245531339517211,0.967711172687208,0.005590079799583065,5.0
2026-08-18 23:20:00,-0.123018496,-0.1832455532482154,0.9599999785423279,15.56999965198338,0.03729536277838971,1.2082359767388213,1.245531339517211,0.9392672905304893,0.005590079799583065,5.0
2026-08-18 23:30:00,-0.123018496,-0.2106504040049826,0.9599999785423279,15.56999965198338,0.03729536277838971,1.2082359767388213,1.245531339517211,0.911862439773722,0.005590079799583065,5.0
2026-08-18 23:40:00,-0.123018496,-0.23674434685660287,0.9599999785423279,15.56999965198338,0.03729536277838971,1.2082359767388213,1.245531339517211,0.8857684969221018,0.005590079799583065,5.0
2026-08-18 23:50:00,-0.123018496,-0.26126521374772727,0.9599999785423279,15.56999965198338,0.03729536277838971,1.2082359767388213,1.245531339517211,0.8612476300309774,0.005590079799583065,5.0
2026-08-19 00:00:00,-0.123018496,-0.28396428556071285,0.9599999785423279,15.56999965198338,0.03729536277838971,1.2082359767388213,1.245531339517211,0.8385485582179918,0.005590079799583065,5.0
2026-08-19 00:10:00,,-0.30460997162053827,,,,,,,0.005590079799583065,5.0
2026-08-19 00:20:00,,-0.32299132168096145,,,,,,,0.005590079799583065,5.0
2026-08-19 00:30:00,,-0.33892125412758317,,,,,,,0.005590079799583065,5.0
2026-08-19 00:40:00,,-0.35223938223965057,,,,,,,0.005590079799583065,5.0
2026-08-19 00:50:00,,-0.36281432742037006,,,,,,,0.005590079799583065,5.0
2026-08-19 01:00:00,,-0.3705454247255004,,,,,,,0.005590079799583065,5.0
2026-08-19 01:10:00,,-0.37536375124386595,,,,,,,0.005590079799583065,5.0
2026-08-19 01:20:00,,-0.37723244004770456,,,,,,,0.005590079799583065,5.0
2026-08-19 01:30:00,,-0.3761462793347598,,,,,,,0.005590079799583065,5.0
2026-08-19 01:40:00,,-0.37213063460265006,,,,,,,0.005590079799583065,5.0
2026-08-19 01:50:00,,-0.3652397681367432,,,,,,,0.005590079799583065,5.0
2026-08-19 02:00:00,,-0.3555546611314113,,,,,,,0.005590079799583065,5.0
2026-08-19 02:10:00,,-0.3431804667521481,,,,,,,0.005590079799583065,5.0
2026-08-19 02:20:00,,-0.328243735000916,,,,,,,0.005590079799583065,5.0
2026-08-19 02:30:00,,-0.3108895513471609,,,,,,,0.005590079799583065,5.0
2026-08-19 02:40:00,,-0.2912787206564062,,,,,,,0.005590079799583065,5.0
2026-08-19 02:50:00,,-0.26958510708094097,,,,,,,0.005590079799583065,5.0
2026-08-19 03:00:00,,-0.24599321154514245,,,,,,,0.005590079799583065,5.0
2026-08-19 03:10:00,,-0.22069603420528008,,,,,,,0.005590079799583065,5.0
2026-08-19 03:20:00,,-0.19389323339417114,,,,,,,0.005590079799583065,5.0
2026-08-19 03:30:00,,-0.16578955875360296,,,,,,,0.005590079799583065,5.0
2026-08-19 03:40:00,,-0.13659350795929723,,,,,,,0.005590079799583065,5.0
2026-08-19 03:50:00,,-0.10651613651941501,,,,,,,0.005590079799583065,5.0
2026-08-19 04:00:00,,-0.07576994049104051,,,,,,,0.005590079799583065,5.0
2026-08-19 04:10:00,,-0.04456773338740729,,,,,,,0.005590079799583065,5.0
2026-08-19 04:20:00,,-0.013121450685738079,,,,,,,0.005590079799583065,5.0
2026-08-19 04:30:00,,0.01835916349600453,,,,,,,0.005590079799583065,5.0
2026-08-19 04:40:00,,0.04966800525702369,,,,,,,0.005590079799583065,5.0
2026-08-19 04:50:00,,0.08060418219293781,,,,,,,0.005590079799583065,5.0
2026-08-19 05:00:00,,0.11097366352838056,,,,,,,0.005590079799583065,5.0
2026-08-19 05:10:00,,0.14059093931731445,,,,,,,0.005590079799583065,5.0
2026-08-19 05:20:00,,0.16928059991052594,,,,,,,0.005590079799583065,5.0
2026-08-19 05:30:00,,0.19687873763176217,,,,,,,0.005590079799583065,5.0
2026-08-19 05:40:00,,0.22323407445518648,,,,,,,0.005590079799583065,5.0
2026-08-19 05:50:00,,0.24820873249981332,,,,,,,0.005590079799583065,5.0
2026-08-19 06:00:00,,0.2716785874149705,,,,,,,0.005590079799583065,5.0
2026-08-19 06:10:00,,0.29353317593282746,,,,,,,0.005590079799583065,5.0
2026-08-19 06:20:00,,0.3136751650754881,,,,,,,0.005590079799583065,5.0
2026-08-19 06:30:00,,0.33201942789678235,,,,,,,0.005590079799583065,5.0
2026-08-19 06:40:00,,0.348491805682758,,,,,,,0.005590079799583065,5.0
2026-08-19 06:50:00,,0.3630276653658679,,,,,,,0.005590079799583065,5.0
2026-08-19 07:00:00,,0.3755703807417877,,,,,,,0.005590079799583065,5.0
2026-08-19 07:10:00,,0.3860698748084645,,,,,,,0.005590079799583065,5.0
2026-08-19 07:20:00,,0.39448135708980114,,,,,,,0.005590079799583065,5.0
2026-08-19 07:30:00,,0.40076437467312775,,,,,,,0.005590079799583065,5.0
2026-08-19 07:40:00,,0.4048822700209847,,,,,,,0.005590079799583065,5.0
2026-08-19 07:50:00,,0.4068021051564356,,,,,,,0.005590079799583065,5.0
2026-08-19 08:00:00,,0.40649507346529073,,,,,,,0.005590079799583065,5.0
2026-08-19 08:10:00,,0.40393738096813747,,,,,,,0.005590079799583065,5.0
2026-08-19 08:20:00,,0.39911154185831516,,,,,,,0.005590079799583065,5.0
2026-08-19 08:30:00,,0.39200800182101236,,,,,,,0.005590079799583065,5.0
2026-08-19 08:40:00,,0.38262697958856573,,,,,,,0.005590079799583065,5.0
2026-08-19 08:50:00,,0.37098040411186445,,,,,,,0.005590079799583065,5.0
2026-08-19 09:00:00,,0.35709382211675095,,,,,,,0.005590079799583065,5.0
2026-08-19 09:10:00,,0.3410081582595819,,,,,,,0.005590079799583065,5.0
2026-08-19 09:20:00,,0.322781226086305,,,,,,,0.005590079799583065,5.0
2026-08-19 09:30:00,,0.30248891024053853,,,,,,,0.005590079799583065,5.0
2026-08-19 09:40:00,,0.2802259661672537,,,,,,,0.005590079799583065,5.0
2026-08-19 09:50:00,,0.2561064099345178,,,,,,,0.005590079799583065,5.0
2026-08-19 10:00:00,,0.23026349505177354,,,,,,,0.005590079799583065,5.0
2026-08-19 10:10:00,,0.20284929300183357,,,,,,,0.005590079799583065,5.0
2026-08-19 10:20:00,,0.17403390811804278,,,,,,,0.005590079799583065,5.0
2026-08-19 10:30:00,,0.14400436473366382,,,,,,,0.005590079799583065,5.0
2026-08-19 10:40:00,,0.11296320547891792,,,,,,,0.005590079799583065,5.0
2026-08-19 10:50:00,,0.08112683528444321,,,,,,,0.005590079799583065,5.0
2026-08-19 11:00:00,,0.04872363780734327,,,,,,,0.005590079799583065,5.0
2026-08-19 11:10:00,,0.01599188179968635,,,,,,,0.005590079799583065,5.0
2026-08-19 11:20:00,,-0.01682257328741377,,,,,,,0.005590079799583065,5.0
2026-08-19 11:30:00,,-0.04946876842129659,,,,,,,0.005590079799583065,5.0
2026-08-19 11:40:00,,-0.0816933293870072,,,,,,,0.005590079799583065,5.0
2026-08-19 11:50:00,,-0.11324333609201309,,,,,,,0.005590079799583065,5.0
2026-08-19 12:00:00,,-0.14386935794443248,,,,,,,0.005590079799583065,5.0
2026-08-19 12:10:00,,-0.17332862118911466,,,,,,,0.005590079799583065,5.0
2026-08-19 12:20:00,,-0.20138825566579643,,,,,,,0.005590079799583065,5.0
2026-08-19 12:30:00,,-0.22782854911050684,,,,,,,0.005590079799583065,5.0
2026-08-19 12:40:00,,-0.25244611937709627,,,,,,,0.005590079799583065,5.0
2026-08-19 12:50:00,,-0.275056901406504,,,,,,,0.005590079799583065,5.0
2026-08-19 13:00:00,,-0.2954988387682097,,,,,,,0.005590079799583065,5.0
2026-08-19 13:10:00,,-0.31363417086639794,,,,,,,0.005590079799583065,5.0
2026-08-19 13:20:00,,-0.3293512172133536,,,,,,,0.005590079799583065,5.0
2026-08-19 13:30:00,,-0.34256557965412227,,,,,,,0.005590079799583065,5.0
2026-08-19 13:40:00,,-0.35322071075246053,,,,,,,0.005590079799583065,5.0
2026-08-19 13:50:00,,-0.36128782983398217,,,,,,,0.005590079799583065,5.0
2026-08-19 14:00:00,,-0.3667652046295737,,,,,,,0.005590079799583065,5.0
2026-08-19 14:10:00,,-0.3696768527176655,,,,,,,0.005590079799583065,5.0
2026-08-19 14:20:00,,-0.37007074980030363,,,,,,,0.005590079799583065,5.0
2026-08-19 14:30:00,,-0.3680166579987724,,,,,,,0.005590079799583065,5.0
2026-08-19 14:40:00,,-0.36360370436216466,,,,,,,0.005590079799583065,5.0
2026-08-19 14:50:00,,-0.35693784587342825,,,,,,,0.005590079799583065,5.0
2026-08-19 15:00:00,,-0.3481393518998972,,,,,,,0.005590079799583065,5.0
2026-08-19 15:10:00,,-0.3373404187346402,,,,,,,0.005590079799583065,5.0
2026-08-19 15:20:00,,-0.32468300534537425,,,,,,,0.005590079799583065,5.0
2026-08-19 15:30:00,,-0.3103169472860329,,,,,,,0.005590079799583065,5.0
2026-08-19 15:40:00,,-0.2943983702727687,,,,,,,0.005590079799583065,5.0
2026-08-19 15:50:00,,-0.2770883898242056,,,,,,,0.005590079799583065,5.0
2026-08-19 16:00:00,,-0.2585520522786075,,,,,,,0.005590079799583065,5.0
2026-08-19 16:10:00,,-0.23895744854951162,,,,,,,0.005590079799583065,5.0
2026-08-19 16:20:00,,-0.2184749176780003,,,,,,,0.005590079799583065,5.0
2026-08-19 16:30:00,,-0.19727625384883232,,,,,,,0.005590079799583065,5.0
2026-08-19 16:40:00,,-0.17553383836005979,,,,,,,0.005590079799583065,5.0
2026-08-19 16:50:00,,-0.15341963596897654,,,,,,,0.005590079799583065,5.0
2026-08-19 17:00:00,,-0.1311040209762695,,,,,,,0.005590079799583065,5.0
2026-08-19 17:10:00,,-0.10875442938541408,,,,,,,0.005590079799583065,5.0
2026-08-19 17:20:00,,-0.08653386580987406,,,,,,,0.005590079799583065,5.0
2026-08-19 17:30:00,,-0.06459932393896484,,,,,,,0.005590079799583065,5.0
2026-08-19 17:40:00,,-0.04310020357668971,,,,,,,0.005590079799583065,5.0
2026-08-19 17:50:00,,-0.022176822905475957,,,,,,,0.005590079799583065,5.0
2026-08-19 18:00:00,,-0.0019591294627322882,,,,,,,0.005590079799583065,5.0
2026-08-19 18:10:00,,0.017434293231067485,,,,,,,0.005590079799583065,5.0
2026-08-19 18:20:00,,0.03589684411862276,,,,,,,0.005590079799583065,5.0
2026-08-19 18:30:00,,0.053334096053162514,,,,,,,0.005590079799583065,5.0
2026-08-19 18:40:00,,0.06966354207619953,,,,,,,0.005590079799583065,5.0
2026-08-19 18:50:00,,0.08481391590296697,,,,,,,0.005590079799583065,5.0
2026-08-19 19:00:00,,0.0987241430528943,,,,,,,0.005590079799583065,5.0
2026-08-19 19:10:00,,0.11134201222815662,,,,,,,0.005590079799583065,5.0
2026-08-19 19:20:00,,0.12262268212768768,,,,,,,0.005590079799583065,5.0
2026-08-19 19:30:00,,0.1325271545698162,,,,,,,0.005590079799583065,5.0
2026-08-19 19:40:00,,0.14102084879852758,,,,,,,0.005590079799583065,5.0
2026-08-19 19:50:00,,0.1480724037914314,,,,,,,0.005590079799583065,5.0
2026-08-19 20:00:00,,0.1536528162436764,,,,,,,0.005590079799583065,5.0
2026-08-19 20:10:00,,0.15773499325454726,,,,,,,0.005590079799583065,5.0
2026-08-19 20:20:00,,0.16029376375883306,,,,,,,0.005590079799583065,5.0
2026-08-19 20:30:00,,0.161306354471206,,,,,,,0.005590079799583065,5.0
2026-08-19 20:40:00,,0.1607532984575704,,,,,,,0.005590079799583065,5.0
2026-08-19 20:50:00,,0.15861971060090896,,,,,,,0.005590079799583065,5.0
2026-08-19 21:00:00,,0.15489683736224538,,,,,,,0.005590079799583065,5.0
2026-08-19 21:10:00,,0.14958377030762454,,,,,,,0.005590079799583065,5.0
2026-08-19 21:20:00,,0.1426892051227394,,,,,,,0.005590079799583065,5.0
2026-08-19 21:30:00,,0.1342331303093739,,,,,,,0.005590079799583065,5.0
2026-08-19 21:40:00,,0.12424834139415064,,,,,,,0.005590079799583065,5.0
2026-08-19 21:50:00,,0.1127816955012149,,,,,,,0.005590079799583065,5.0
2026-08-19 22:00:00,,0.09989504491292778,,,,,,,0.005590079799583065,5.0
2026-08-19 22:10:00,,0.08566581398187059,,,,,,,0.005590079799583065,5.0
2026-08-19 22:20:00,,0.0701872085492924,,,,,,,0.005590079799583065,5.0
2026-08-19 22:30:00,,0.05356806837873505,,,,,,,0.005590079799583065,5.0
2026-08-19 22:40:00,,0.03593238909104733,,,,,,,0.005590079799583065,5.0
2026-08-19 22:50:00,,0.017418549619957938,,,,,,,0.005590079799583065,5.0
2026-08-19 23:00:00,,-0.0018217159577967835,,,,,,,0.005590079799583065,5.0
2026-08-19 23:10:00,,-0.021624566425459825,,,,,,,0.005590079799583065,5.0
2026-08-19 23:20:00,,-0.041815493098280455,,,,,,,0.005590079799583065,5.0
2026-08-19 23:30:00,,-0.06221093300397212,,,,,,,0.005590079799583065,5.0
2026-08-19 23:40:00,,-0.08262004767512583,,,,,,,0.005590079799583065,5.0
2026-08-19 23:50:00,,-0.1028466677241227,,,,,,,0.005590079799583065,5.0
