,SSH_10min,Tide_10min,Significant_Wave_Height,Peak_Wave_Period,Wave_Setup,Wave_Swash,Wave_Runup,Total_Water_Level,beach_slope,water_depth
2026-10-06 00:00:00,0.026763901,0.44606856406715983,0.7599999830126762,12.259999725967646,0.055012034040615505,0.8528341181953375,0.907846152235953,1.3806786174175767,0.01176922423603593,6.0
2026-10-06 00:10:00,0.026763901,0.45610386289435,0.7599999830126762,12.259999725967646,0.055012034040615505,0.8528341181953375,0.907846152235953,1.3907139162447668,0.01176922423603593,6.0
2026-10-06 00:20:00,0.026763901,0.4629667233327116,0.7599999830126762,12.259999725967646,0.055012034040615505,0.8528341181953375,0.907846152235953,1.3975767766831284,0.01176922423603593,6.0
2026-10-06 00:30:00,0.026763901,0.4666015675742621,0.7599999830126762,12.259999725967646,0.055012034040615505,0.8528341181953375,0.907846152235953,1.4012116209246788,0.01176922423603593,6.0
2026-10-06 00:40:00,0.026763901,0.46698489166813334,0.7599999830126762,12.259999725967646,0.055012034040615505,0.8528341181953375,0.907846152235953,1.40159494501855,0.01176922423603593,6.0
2026-10-06 00:50:00,0.026763901,0.46412562263312884,0.7599999830126762,12.259999725967646,0.055012034040615505,0.8528341181953375,0.907846152235953,1.3987356759835456,0.01176922423603593,6.0
2026-10-06 01:00:00,0.026763901,0.4580648960320087,0.7599999830126762,12.259999725967646,0.055012034040615505,0.8528341181953375,0.907846152235953,1.3926749493824255,0.01176922423603593,6.0
2026-10-06 01:10:00,0.026763901,0.448875305373284,0.7599999830126762,12.259999725967646,0.055012034040615505,0.8528341181953375,0.907846152235953,1.3834853587237008,0.01176922423603593,6.0
2026-10-06 01:20:00,0.026763901,0.4366596856291134,0.7599999830126762,12.259999725967646,0.055012034040615505,0.8528341181953375,0.907846152235953,1.3712697389795303,0.01176922423603593,6.0
2026-10-06 01:30:00,0.026763901,0.4215494963425416,0.7599999830126762,12.259999725967646,0.055012034040615505,0.8528341181953375,0.907846152235953,1.3561595496929584,0.01176922423603593,6.0
2026-10-06 01:40:00,0.026763901,0.40370286667775807,0.7599999830126762,12.259999725967646,0.055012034040615505,0.8528341181953375,0.907846152235953,1.338312920028175,0.01176922423603593,6.0
2026-10-06 01:50:00,0.026763901,0.38330235691847525,0.7599999830126762,12.259999725967646,0.055012034040615505,0.8528341181953375,0.907846152235953,1.317912410268892,0.01176922423603593,6.0
2026-10-06 02:00:00,0.026763901,0.36055248044703675,0.7599999830126762,12.259999725967646,0.055012034040615505,0.8528341181953375,0.907846152235953,1.2951625337974535,0.01176922423603593,6.0
2026-10-06 02:10:00,0.026763901,0.33567701999835003,0.7599999830126762,12.259999725967646,0.055012034040615505,0.8528341181953375,0.907846152235953,1.2702870733487668,0.01176922423603593,6.0
2026-10-06 02:20:00,0.026763901,0.3089161634074729,0.7599999830126762,12.259999725967646,0.055012034040615505,0.8528341181953375,0.907846152235953,1.2435262167578898,0.01176922423603593,6.0
2026-10-06 02:30:00,0.026763901,0.28052347996570187,0.7599999830126762,12.259999725967646,0.055012034040615505,0.8528341181953375,0.907846152235953,1.2151335333161186,0.01176922423603593,6.0
2026-10-06 02:40:00,0.026763901,0.25076275877405424,0.7599999830126762,12.259999725967646,0.055012034040615505,0.8528341181953375,0.907846152235953,1.185372812124471,0.01176922423603593,6.0
2026-10-06 02:50:00,0.026763901,0.21990473655289655,0.7599999830126762,12.259999725967646,0.055012034040615505,0.8528341181953375,0.907846152235953,1.1545147899033132,0.01176922423603593,6.0
2026-10-06 03:00:00,0.026763901,0.18822375260171254,0.7599999830126762,12.039999730885029,0.05402486866631408,0.837530406449581,0.891555275115895,1.1065429288320714,0.01176922423603593,6.0
2026-10-06 03:10:00,0.026763901,0.15599438229941462,0.7599999830126762,12.039999730885029,0.05402486866631408,0.837530406449581,0.891555275115895,1.0743135585297734,0.01176922423603593,6.0
2026-10-06 03:20:00,0.026763901,0.12348811527624357,0.7599999830126762,12.039999730885029,0.05402486866631408,0.837530406449581,0.891555275115895,1.0418072915066023,0.01176922423603593,6.0
2026-10-06 03:30:00,0.026763901,0.09097015778783143,0.7599999830126762,12.039999730885029,0.05402486866631408,0.837530406449581,0.891555275115895,1.0092893340181903,0.01176922423603593,6.0
2026-10-06 03:40:00,0.026763901,0.05869644871266025,0.7599999830126762,12.039999730885029,0.05402486866631408,0.837530406449581,0.891555275115895,0.9770156249430191,0.01176922423603593,6.0
2026-10-06 03:50:00,0.026763901,0.026910982240298306,0.7599999830126762,12.039999730885029,0.05402486866631408,0.837530406449581,0.891555275115895,0.9452301584706572,0.01176922423603593,6.0
2026-10-06 04:00:00,0.026763901,-0.00415647313278285,0.7599999830126762,12.039999730885029,0.05402486866631408,0.837530406449581,0.891555275115895,0.914162703097576,0.01176922423603593,6.0
2026-10-06 04:10:00,0.026763901,-0.0342921819875916,0.7599999830126762,12.039999730885029,0.05402486866631408,0.837530406449581,0.891555275115895,0.8840269942427672,0.01176922423603593,6.0
2026-10-06 04:20:00,0.026763901,-0.06329971845496261,0.7599999830126762,12.039999730885029,0.05402486866631408,0.837530406449581,0.891555275115895,0.8550194577753962,0.01176922423603593,6.0
2026-10-06 04:30:00,0.026763901,-0.09100068194302133,0.7599999830126762,12.039999730885029,0.05402486866631408,0.837530406449581,0.891555275115895,0.8273184942873375,0.01176922423603593,6.0
2026-10-06 04:40:00,0.026763901,-0.11723485454543525,0.7599999830126762,12.039999730885029,0.05402486866631408,0.837530406449581,0.891555275115895,0.8010843216849236,0.01176922423603593,6.0
2026-10-06 04:50:00,0.026763901,-0.14185983719146442,0.7599999830126762,12.039999730885029,0.05402486866631408,0.837530406449581,0.891555275115895,0.7764593390388944,0.01176922423603593,6.0
2026-10-06 05:00:00,0.026763901,-0.1647502352658183,0.7599999830126762,12.039999730885029,0.05402486866631408,0.837530406449581,0.891555275115895,0.7535689409645405,0.01176922423603593,6.0
2026-10-06 05:10:00,0.026763901,-0.1857964938489803,0.7599999830126762,12.039999730885029,0.05402486866631408,0.837530406449581,0.891555275115895,0.7325226823813785,0.01176922423603593,6.0
2026-10-06 05:20:00,0.026763901,-0.204903504974996,0.7599999830126762,12.039999730885029,0.05402486866631408,0.837530406449581,0.891555275115895,0.7134156712553629,0.01176922423603593,6.0
2026-10-06 05:30:00,0.026763901,-0.22198912176170787,0.7599999830126762,12.039999730885029,0.05402486866631408,0.837530406449581,0.891555275115895,0.696330054468651,0.01176922423603593,6.0
2026-10-06 05:40:00,0.026763901,-0.23698271571195367,0.7599999830126762,12.039999730885029,0.05402486866631408,0.837530406449581,0.891555275115895,0.6813364605184051,0.01176922423603593,6.0
2026-10-06 05:50:00,0.026763901,-0.24982390318484643,0.7599999830126762,12.039999730885029,0.05402486866631408,0.837530406449581,0.891555275115895,0.6684952730455125,0.01176922423603593,6.0
2026-10-06 06:00:00,0.026763901,-0.2604615459900236,0.7599999830126762,11.839999735355377,0.053127445598767344,0.8236179412261662,0.8767453868249335,0.6430477419493738,0.01176922423603593,6.0
2026-10-06 06:10:00,0.026763901,-0.2688531009714946,0.7599999830126762,11.839999735355377,0.053127445598767344,0.8236179412261662,0.8767453868249335,0.6346561869679027,0.01176922423603593,6.0
2026-10-06 06:20:00,0.026763901,-0.27496435722079254,0.7599999830126762,11.839999735355377,0.053127445598767344,0.8236179412261662,0.8767453868249335,0.6285449307186048,0.01176922423603593,6.0
2026-10-06 06:30:00,0.026763901,-0.27876956060573416,0.7599999830126762,11.839999735355377,0.053127445598767344,0.8236179412261662,0.8767453868249335,0.6247397273336632,0.01176922423603593,6.0
2026-10-06 06:40:00,0.026763901,-0.2802518874876852,0.7599999830126762,11.839999735355377,0.053127445598767344,0.8236179412261662,0.8767453868249335,0.6232574004517122,0.01176922423603593,6.0
2026-10-06 06:50:00,0.026763901,-0.27940419638975617,0.7599999830126762,11.839999735355377,0.053127445598767344,0.8236179412261662,0.8767453868249335,0.6241050915496411,0.01176922423603593,6.0
2026-10-06 07:00:00,0.026763901,-0.276229961433222,0.7599999830126762,11.839999735355377,0.053127445598767344,0.8236179412261662,0.8767453868249335,0.6272793265061753,0.01176922423603593,6.0
2026-10-06 07:10:00,0.026763901,-0.27074427660336614,0.7599999830126762,11.839999735355377,0.053127445598767344,0.8236179412261662,0.8767453868249335,0.6327650113360312,0.01176922423603593,6.0
2026-10-06 07:20:00,0.026763901,-0.2629748171331535,0.7599999830126762,11.839999735355377,0.053127445598767344,0.8236179412261662,0.8767453868249335,0.6405344708062438,0.01176922423603593,6.0
2026-10-06 07:30:00,0.026763901,-0.2529626531262117,0.7599999830126762,11.839999735355377,0.053127445598767344,0.8236179412261662,0.8767453868249335,0.6505466348131856,0.01176922423603593,6.0
2026-10-06 07:40:00,0.026763901,-0.24076283009878524,0.7599999830126762,11.839999735355377,0.053127445598767344,0.8236179412261662,0.8767453868249335,0.6627464578406121,0.01176922423603593,6.0
2026-10-06 07:50:00,0.026763901,-0.22644465915607281,0.7599999830126762,11.839999735355377,0.053127445598767344,0.8236179412261662,0.8767453868249335,0.6770646287833245,0.01176922423603593,6.0
2026-10-06 08:00:00,0.026763901,-0.21009169254288904,0.7599999830126762,11.839999735355377,0.053127445598767344,0.8236179412261662,0.8767453868249335,0.6934175953965083,0.01176922423603593,6.0
2026-10-06 08:10:00,0.026763901,-0.19180139510824099,0.7599999830126762,11.839999735355377,0.053127445598767344,0.8236179412261662,0.8767453868249335,0.7117078928311563,0.01176922423603593,6.0
2026-10-06 08:20:00,0.026763901,-0.17168455436509264,0.7599999830126762,11.839999735355377,0.053127445598767344,0.8236179412261662,0.8767453868249335,0.7318247335743047,0.01176922423603593,6.0
2026-10-06 08:30:00,0.026763901,-0.14986449840968624,0.7599999830126762,11.839999735355377,0.053127445598767344,0.8236179412261662,0.8767453868249335,0.7536447895297111,0.01176922423603593,6.0
2026-10-06 08:40:00,0.026763901,-0.12647620817145153,0.7599999830126762,11.839999735355377,0.053127445598767344,0.8236179412261662,0.8767453868249335,0.7770330797679458,0.01176922423603593,6.0
2026-10-06 08:50:00,0.026763901,-0.10166541741631706,0.7599999830126762,11.839999735355377,0.053127445598767344,0.8236179412261662,0.8767453868249335,0.8018438705230803,0.01176922423603593,6.0
2026-10-06 09:00:00,0.026763901,-0.07558778868345428,0.7499999832361937,11.65999973937869,0.051974416081449135,0.8057428902704196,0.8577173063518687,0.8088934187828782,0.01176922423603593,6.0
2026-10-06 09:10:00,0.026763901,-0.04840823741355489,0.7499999832361937,11.65999973937869,0.051974416081449135,0.8057428902704196,0.8577173063518687,0.8360729700527776,0.01176922423603593,6.0
2026-10-06 09:20:00,0.026763901,-0.020300450973860292,0.7499999832361937,11.65999973937869,0.051974416081449135,0.8057428902704196,0.8577173063518687,0.8641807564924723,0.01176922423603593,6.0
2026-10-06 09:30:00,0.026763901,0.0085533829314361,0.7499999832361937,11.65999973937869,0.051974416081449135,0.8057428902704196,0.8577173063518687,0.8930345903977687,0.01176922423603593,6.0
2026-10-06 09:40:00,0.026763901,0.03796265918205574,0.7499999832361937,11.65999973937869,0.051974416081449135,0.8057428902704196,0.8577173063518687,0.9224438666483883,0.01176922423603593,6.0
2026-10-06 09:50:00,0.026763901,0.06772830499046446,0.7499999832361937,11.65999973937869,0.051974416081449135,0.8057428902704196,0.8577173063518687,0.952209512456797,0.01176922423603593,6.0
2026-10-06 10:00:00,0.026763901,0.09764268182260975,0.7499999832361937,11.65999973937869,0.051974416081449135,0.8057428902704196,0.8577173063518687,0.9821238892889422,0.01176922423603593,6.0
2026-10-06 10:10:00,0.026763901,0.12748954727302153,0.7499999832361937,11.65999973937869,0.051974416081449135,0.8057428902704196,0.8577173063518687,1.011970754739354,0.01176922423603593,6.0
2026-10-06 10:20:00,0.026763901,0.15704419607447323,0.7499999832361937,11.65999973937869,0.051974416081449135,0.8057428902704196,0.8577173063518687,1.0415254035408057,0.01176922423603593,6.0
2026-10-06 10:30:00,0.026763901,0.18607389931878376,0.7499999832361937,11.65999973937869,0.051974416081449135,0.8057428902704196,0.8577173063518687,1.0705551067851162,0.01176922423603593,6.0
2026-10-06 10:40:00,0.026763901,0.2143387482900452,0.7499999832361937,11.65999973937869,0.051974416081449135,0.8057428902704196,0.8577173063518687,1.0988199557563778,0.01176922423603593,6.0
2026-10-06 10:50:00,0.026763901,0.24159298550073774,0.7499999832361937,11.65999973937869,0.051974416081449135,0.8057428902704196,0.8577173063518687,1.1260741929670703,0.01176922423603593,6.0
2026-10-06 11:00:00,0.026763901,0.26758687260856956,0.7499999832361937,11.65999973937869,0.051974416081449135,0.8057428902704196,0.8577173063518687,1.1520680800749021,0.01176922423603593,6.0
2026-10-06 11:10:00,0.026763901,0.29206910575464085,0.7499999832361937,11.65999973937869,0.051974416081449135,0.8057428902704196,0.8577173063518687,1.1765503132209734,0.01176922423603593,6.0
2026-10-06 11:20:00,0.026763901,0.31478974744858146,0.7499999832361937,11.65999973937869,0.051974416081449135,0.8057428902704196,0.8577173063518687,1.199270954914914,0.01176922423603593,6.0
2026-10-06 11:30:00,0.026763901,0.3355036038480272,0.7499999832361937,11.65999973937869,0.051974416081449135,0.8057428902704196,0.8577173063518687,1.2199848113143597,0.01176922423603593,6.0
2026-10-06 11:40:00,0.026763901,0.3539739412818101,0.7499999832361937,11.65999973937869,0.051974416081449135,0.8057428902704196,0.8577173063518687,1.2384551487481426,0.01176922423603593,6.0
2026-10-06 11:50:00,0.026763901,0.36997640866480447,0.7499999832361937,11.65999973937869,0.051974416081449135,0.8057428902704196,0.8577173063518687,1.254457616131137,0.01176922423603593,6.0
2026-10-06 12:00:00,0.026763901,0.38330301580990717,0.7399999834597111,11.479999743402004,0.05082977469250915,0.7879978778088589,0.838827652501368,1.248894569425739,0.01176922423603593,6.0
2026-10-06 12:10:00,0.026763901,0.39376601222396596,0.7399999834597111,11.479999743402004,0.05082977469250915,0.7879978778088589,0.838827652501368,1.2593575658397977,0.01176922423603593,6.0
2026-10-06 12:20:00,0.026763901,0.4012015171223885,0.7399999834597111,11.479999743402004,0.05082977469250915,0.7879978778088589,0.838827652501368,1.2667930707382205,0.01176922423603593,6.0
2026-10-06 12:30:00,0.026763901,0.4054727677520144,0.7399999834597111,11.479999743402004,0.05082977469250915,0.7879978778088589,0.838827652501368,1.2710643213678463,0.01176922423603593,6.0
2026-10-06 12:40:00,0.026763901,0.4064728777357253,0.7399999834597111,11.479999743402004,0.05082977469250915,0.7879978778088589,0.838827652501368,1.2720644313515572,0.01176922423603593,6.0
2026-10-06 12:50:00,0.026763901,0.40412702716907595,0.7399999834597111,11.479999743402004,0.05082977469250915,0.7879978778088589,0.838827652501368,1.2697185807849078,0.01176922423603593,6.0
2026-10-06 13:00:00,0.026763901,0.39839403861565076,0.7399999834597111,11.479999743402004,0.05082977469250915,0.7879978778088589,0.838827652501368,1.2639855922314827,0.01176922423603593,6.0
2026-10-06 13:10:00,0.026763901,0.38926732459913455,0.7399999834597111,11.479999743402004,0.05082977469250915,0.7879978778088589,0.838827652501368,1.2548588782149663,0.01176922423603593,6.0
2026-10-06 13:20:00,0.026763901,0.37677522022079757,0.7399999834597111,11.479999743402004,0.05082977469250915,0.7879978778088589,0.838827652501368,1.2423667738366295,0.01176922423603593,6.0
2026-10-06 13:30:00,0.026763901,0.3609807364835122,0.7399999834597111,11.479999743402004,0.05082977469250915,0.7879978778088589,0.838827652501368,1.226572290099344,0.01176922423603593,6.0
2026-10-06 13:40:00,0.026763901,0.34198078505385804,0.7399999834597111,11.479999743402004,0.05082977469250915,0.7879978778088589,0.838827652501368,1.20757233866969,0.01176922423603593,6.0
2026-10-06 13:50:00,0.026763901,0.31990493258475916,0.7399999834597111,11.479999743402004,0.05082977469250915,0.7879978778088589,0.838827652501368,1.185496486200591,0.01176922423603593,6.0
2026-10-06 14:00:00,0.026763901,0.2949137433232151,0.7399999834597111,11.479999743402004,0.05082977469250915,0.7879978778088589,0.838827652501368,1.160505296939047,0.01176922423603593,6.0
2026-10-06 14:10:00,0.026763901,0.2671967638597372,0.7399999834597111,11.479999743402004,0.05082977469250915,0.7879978778088589,0.838827652501368,1.132788317475569,0.01176922423603593,6.0
2026-10-06 14:20:00,0.026763901,0.2369701952447233,0.7399999834597111,11.479999743402004,0.05082977469250915,0.7879978778088589,0.838827652501368,1.102561748860555,0.01176922423603593,6.0
2026-10-06 14:30:00,0.026763901,0.20447428828865455,0.7399999834597111,11.479999743402004,0.05082977469250915,0.7879978778088589,0.838827652501368,1.0700658419044864,0.01176922423603593,6.0
2026-10-06 14:40:00,0.026763901,0.16997048897352027,0.7399999834597111,11.479999743402004,0.05082977469250915,0.7879978778088589,0.838827652501368,1.0355620425893521,0.01176922423603593,6.0
2026-10-06 14:50:00,0.026763901,0.13373835588173882,0.7399999834597111,11.479999743402004,0.05082977469250915,0.7879978778088589,0.838827652501368,0.9993299094975707,0.01176922423603593,6.0
2026-10-06 15:00:00,0.026763901,0.09607227030607073,0.7499999832361937,11.339999746531248,0.05054801701231845,0.7836298778444732,0.8341778948567917,0.9570140662773262,0.01176922423603593,6.0
2026-10-06 15:10:00,0.026763901,0.05727796445219422,0.7499999832361937,11.339999746531248,0.05054801701231845,0.7836298778444732,0.8341778948567917,0.9182197604234498,0.01176922423603593,6.0
2026-10-06 15:20:00,0.026763901,0.017668902270366653,0.7499999832361937,11.339999746531248,0.05054801701231845,0.7836298778444732,0.8341778948567917,0.8786106982416222,0.01176922423603593,6.0
2026-10-06 15:30:00,0.026763901,-0.022437438949192492,0.7499999832361937,11.339999746531248,0.05054801701231845,0.7836298778444732,0.8341778948567917,0.838504357022063,0.01176922423603593,6.0
2026-10-06 15:40:00,0.026763901,-0.06272332265577654,0.7499999832361937,11.339999746531248,0.05054801701231845,0.7836298778444732,0.8341778948567917,0.798218473315479,0.01176922423603593,6.0
2026-10-06 15:50:00,0.026763901,-0.10287446365635967,0.7499999832361937,11.339999746531248,0.05054801701231845,0.7836298778444732,0.8341778948567917,0.7580673323148959,0.01176922423603593,6.0
2026-10-06 16:00:00,0.026763901,-0.1425836032240111,0.7499999832361937,11.339999746531248,0.05054801701231845,0.7836298778444732,0.8341778948567917,0.7183581927472444,0.01176922423603593,6.0
2026-10-06 16:10:00,0.026763901,-0.181553848877711,0.7499999832361937,11.339999746531248,0.05054801701231845,0.7836298778444732,0.8341778948567917,0.6793879470935446,0.01176922423603593,6.0
2026-10-06 16:20:00,0.026763901,-0.21950167779929977,0.7499999832361937,11.339999746531248,0.05054801701231845,0.7836298778444732,0.8341778948567917,0.6414401181719558,0.01176922423603593,6.0
2026-10-06 16:30:00,0.026763901,-0.2561595104552155,0.7499999832361937,11.339999746531248,0.05054801701231845,0.7836298778444732,0.8341778948567917,0.6047822855160401,0.01176922423603593,6.0
2026-10-06 16:40:00,0.026763901,-0.29127777657169895,0.7499999832361937,11.339999746531248,0.05054801701231845,0.7836298778444732,0.8341778948567917,0.5696640193995566,0.01176922423603593,6.0
2026-10-06 16:50:00,0.026763901,-0.324626419693448,0.7499999832361937,11.339999746531248,0.05054801701231845,0.7836298778444732,0.8341778948567917,0.5363153762778075,0.01176922423603593,6.0
2026-10-06 17:00:00,0.026763901,-0.35599581678577336,0.7499999832361937,11.339999746531248,0.05054801701231845,0.7836298778444732,0.8341778948567917,0.5049459791854822,0.01176922423603593,6.0
2026-10-06 17:10:00,0.026763901,-0.38519712356950847,0.7499999832361937,11.339999746531248,0.05054801701231845,0.7836298778444732,0.8341778948567917,0.47574467240174706,0.01176922423603593,6.0
2026-10-06 17:20:00,0.026763901,-0.4120620916428887,0.7499999832361937,11.339999746531248,0.05054801701231845,0.7836298778444732,0.8341778948567917,0.4488797043283668,0.01176922423603593,6.0
2026-10-06 17:30:00,0.026763901,-0.4364424361900969,0.7499999832361937,11.339999746531248,0.05054801701231845,0.7836298778444732,0.8341778948567917,0.4244993597811586,0.01176922423603593,6.0
2026-10-06 17:40:00,0.026763901,-0.4582088605938385,0.7499999832361937,11.339999746531248,0.05054801701231845,0.7836298778444732,0.8341778948567917,0.40273293537741706,0.01176922423603593,6.0
2026-10-06 17:50:00,0.026763901,-0.47724986305102085,0.7499999832361937,11.339999746531248,0.05054801701231845,0.7836298778444732,0.8341778948567917,0.3836919329202347,0.01176922423603593,6.0
2026-10-06 18:00:00,0.026763901,-0.4934704589976906,0.7599999830126762,11.199999749660492,0.050255691782617753,0.7790980525112382,0.829353744293856,0.3626471864106292,0.01176922423603593,6.0
2026-10-06 18:10:00,0.026763901,-0.5067909501201749,0.7599999830126762,11.199999749660492,0.050255691782617753,0.7790980525112382,0.829353744293856,0.34932669528814486,0.01176922423603593,6.0
2026-10-06 18:20:00,0.026763901,-0.5171458565431134,0.7599999830126762,11.199999749660492,0.050255691782617753,0.7790980525112382,0.829353744293856,0.3389717888652064,0.01176922423603593,6.0
2026-10-06 18:30:00,0.026763901,-0.5244831043770998,0.7599999830126762,11.199999749660492,0.050255691782617753,0.7790980525112382,0.829353744293856,0.33163454103122003,0.01176922423603593,6.0
2026-10-06 18:40:00,0.026763901,-0.5287635286784633,0.7599999830126762,11.199999749660492,0.050255691782617753,0.7790980525112382,0.829353744293856,0.3273541167298565,0.01176922423603593,6.0
2026-10-06 18:50:00,0.026763901,-0.52996071505055,0.7599999830126762,11.199999749660492,0.050255691782617753,0.7790980525112382,0.829353744293856,0.3261569303577698,0.01176922423603593,6.0
2026-10-06 19:00:00,0.026763901,-0.528061165337053,0.7599999830126762,11.199999749660492,0.050255691782617753,0.7790980525112382,0.829353744293856,0.32805648007126675,0.01176922423603593,6.0
2026-10-06 19:10:00,0.026763901,-0.5230647377463177,0.7599999830126762,11.199999749660492,0.050255691782617753,0.7790980525112382,0.829353744293856,0.33305290766200213,0.01176922423603593,6.0
2026-10-06 19:20:00,0.026763901,-0.5149852830298839,0.7599999830126762,11.199999749660492,0.050255691782617753,0.7790980525112382,0.829353744293856,0.3411323623784359,0.01176922423603593,6.0
2026-10-06 19:30:00,0.026763901,-0.5038513785393017,0.7599999830126762,11.199999749660492,0.050255691782617753,0.7790980525112382,0.829353744293856,0.3522662668690181,0.01176922423603593,6.0
2026-10-06 19:40:00,0.026763901,-0.48970705339709664,0.7599999830126762,11.199999749660492,0.050255691782617753,0.7790980525112382,0.829353744293856,0.36641059201122317,0.01176922423603593,6.0
2026-10-06 19:50:00,0.026763901,-0.4726124009474215,0.7599999830126762,11.199999749660492,0.050255691782617753,0.7790980525112382,0.829353744293856,0.3835052444608983,0.01176922423603593,6.0
2026-10-06 20:00:00,0.026763901,-0.4526439889717992,0.7599999830126762,11.199999749660492,0.050255691782617753,0.7790980525112382,0.829353744293856,0.4034736564365206,0.01176922423603593,6.0
2026-10-06 20:10:00,0.026763901,-0.42989500186435053,0.7599999830126762,11.199999749660492,0.050255691782617753,0.7790980525112382,0.829353744293856,0.42622264354396927,0.01176922423603593,6.0
2026-10-06 20:20:00,0.026763901,-0.40447507942856953,0.7599999830126762,11.199999749660492,0.050255691782617753,0.7790980525112382,0.829353744293856,0.4516425659797503,0.01176922423603593,6.0
2026-10-06 20:30:00,0.026763901,-0.37650985092125583,0.7599999830126762,11.199999749660492,0.050255691782617753,0.7790980525112382,0.829353744293856,0.479607794487064,0.01176922423603593,6.0
2026-10-06 20:40:00,0.026763901,-0.3461401960655938,0.7599999830126762,11.199999749660492,0.050255691782617753,0.7790980525112382,0.829353744293856,0.509977449342726,0.01176922423603593,6.0
2026-10-06 20:50:00,0.026763901,-0.3135212940939653,0.7599999830126762,11.199999749660492,0.050255691782617753,0.7790980525112382,0.829353744293856,0.5425963513143546,0.01176922423603593,6.0
2026-10-06 21:00:00,0.026763901,-0.27882154310115836,0.7699999827891588,10.979999754577875,0.04959160217431983,0.7688028819113417,0.8183944840856615,0.566336842098967,0.01176922423603593,6.0
2026-10-06 21:10:00,0.026763901,-0.24222144373865917,0.7699999827891588,10.979999754577875,0.04959160217431983,0.7688028819113417,0.8183944840856615,0.6029369414614661,0.01176922423603593,6.0
2026-10-06 21:20:00,0.026763901,-0.2039125410978319,0.7699999827891588,10.979999754577875,0.04959160217431983,0.7688028819113417,0.8183944840856615,0.6412458441022935,0.01176922423603593,6.0
2026-10-06 21:30:00,0.026763901,-0.1640965073307631,0.7699999827891588,10.979999754577875,0.04959160217431983,0.7688028819113417,0.8183944840856615,0.6810618778693622,0.01176922423603593,6.0
2026-10-06 21:40:00,0.026763901,-0.12298442550211176,0.7699999827891588,10.979999754577875,0.04959160217431983,0.7688028819113417,0.8183944840856615,0.7221739596980136,0.01176922423603593,6.0
2026-10-06 21:50:00,0.026763901,-0.0807963050574784,0.7699999827891588,10.979999754577875,0.04959160217431983,0.7688028819113417,0.8183944840856615,0.764362080142647,0.01176922423603593,6.0
2026-10-06 22:00:00,0.026763901,-0.03776082436891177,0.7699999827891588,10.979999754577875,0.04959160217431983,0.7688028819113417,0.8183944840856615,0.8073975608312135,0.01176922423603593,6.0
2026-10-06 22:10:00,0.026763901,0.005884740758540276,0.7699999827891588,10.979999754577875,0.04959160217431983,0.7688028819113417,0.8183944840856615,0.8510431259586656,0.01176922423603593,6.0
2026-10-06 22:20:00,0.026763901,0.049894477038046024,0.7699999827891588,10.979999754577875,0.04959160217431983,0.7688028819113417,0.8183944840856615,0.8950528622381714,0.01176922423603593,6.0
2026-10-06 22:30:00,0.026763901,0.094013784082531,0.7699999827891588,10.979999754577875,0.04959160217431983,0.7688028819113417,0.8183944840856615,0.9391721692826563,0.01176922423603593,6.0
2026-10-06 22:40:00,0.026763901,0.1379794347128786,0.7699999827891588,10.979999754577875,0.04959160217431983,0.7688028819113417,0.8183944840856615,0.9831378199130039,0.01176922423603593,6.0
2026-10-06 22:50:00,0.026763901,0.1815198711870728,0.7699999827891588,10.979999754577875,0.04959160217431983,0.7688028819113417,0.8183944840856615,1.0266782563871981,0.01176922423603593,6.0
2026-10-06 23:00:00,0.026763901,0.22435585701154367,0.7699999827891588,10.979999754577875,0.04959160217431983,0.7688028819113417,0.8183944840856615,1.069514242211669,0.01176922423603593,6.0
2026-10-06 23:10:00,0.026763901,0.2662015857986681,0.7699999827891588,10.979999754577875,0.04959160217431983,0.7688028819113417,0.8183944840856615,1.1113599709987934,0.01176922423603593,6.0
2026-10-06 23:20:00,0.026763901,0.3067663197237356,0.7699999827891588,10.979999754577875,0.04959160217431983,0.7688028819113417,0.8183944840856615,1.1519247049238608,0.01176922423603593,6.0
2026-10-06 23:30:00,0.026763901,0.34575659330361147,0.7699999827891588,10.979999754577875,0.04959160217431983,0.7688028819113417,0.8183944840856615,1.1909149785037367,0.01176922423603593,6.0
2026-10-06 23:40:00,0.026763901,0.38287897693469786,0.7699999827891588,10.979999754577875,0.04959160217431983,0.7688028819113417,0.8183944840856615,1.228037362134823,0.01176922423603593,6.0
2026-10-06 23:50:00,0.026763901,0.4178433523320366,0.7699999827891588,10.979999754577875,0.04959160217431983,0.7688028819113417,0.8183944840856615,1.263001737532162,0.01176922423603593,6.0
2026-10-07 00:00:00,0.04832994,0.45036661303831205,0.7699999827891588,10.819999758154154,0.04886895587669768,0.7575999255264769,0.8064688814031746,1.305165432644583,0.01176922423603593,6.0
2026-10-07 00:10:00,0.04832994,0.4801766704234413,0.7699999827891588,10.819999758154154,0.04886895587669768,0.7575999255264769,0.8064688814031746,1.3349754900297124,0.01176922423603593,6.0
2026-10-07 00:20:00,0.04832994,0.5070166222618104,0.7699999827891588,10.819999758154154,0.04886895587669768,0.7575999255264769,0.8064688814031746,1.3618154418680815,0.01176922423603593,6.0
2026-10-07 00:30:00,0.04832994,0.5306489284492959,0.7699999827891588,10.819999758154154,0.04886895587669768,0.7575999255264769,0.8064688814031746,1.385447748055567,0.01176922423603593,6.0
2026-10-07 00:40:00,0.04832994,0.5508594375854626,0.7699999827891588,10.819999758154154,0.04886895587669768,0.7575999255264769,0.8064688814031746,1.4056582571917335,0.01176922423603593,6.0
2026-10-07 00:50:00,0.04832994,0.5674611183037476,0.7699999827891588,10.819999758154154,0.04886895587669768,0.7575999255264769,0.8064688814031746,1.4222599379100185,0.01176922423603593,6.0
2026-10-07 01:00:00,0.04832994,0.5802973689233852,0.7699999827891588,10.819999758154154,0.04886895587669768,0.7575999255264769,0.8064688814031746,1.4350961885296563,0.01176922423603593,6.0
2026-10-07 01:10:00,0.04832994,0.5892448057061156,0.7699999827891588,10.819999758154154,0.04886895587669768,0.7575999255264769,0.8064688814031746,1.4440436253123865,0.01176922423603593,6.0
2026-10-07 01:20:00,0.04832994,0.5942154608989618,0.7699999827891588,10.819999758154154,0.04886895587669768,0.7575999255264769,0.8064688814031746,1.4490142805052328,0.01176922423603593,6.0
2026-10-07 01:30:00,0.04832994,0.5951583534734433,0.7699999827891588,10.819999758154154,0.04886895587669768,0.7575999255264769,0.8064688814031746,1.4499571730797143,0.01176922423603593,6.0
2026-10-07 01:40:00,0.04832994,0.5920604253072052,0.7699999827891588,10.819999758154154,0.04886895587669768,0.7575999255264769,0.8064688814031746,1.446859244913476,0.01176922423603593,6.0
2026-10-07 01:50:00,0.04832994,0.584946860653051,0.7699999827891588,10.819999758154154,0.04886895587669768,0.7575999255264769,0.8064688814031746,1.439745680259322,0.01176922423603593,6.0
2026-10-07 02:00:00,0.04832994,0.5738808256523559,0.7699999827891588,10.819999758154154,0.04886895587669768,0.7575999255264769,0.8064688814031746,1.4286796452586268,0.01176922423603593,6.0
2026-10-07 02:10:00,0.04832994,0.5589626762019325,0.7699999827891588,10.819999758154154,0.04886895587669768,0.7575999255264769,0.8064688814031746,1.4137614958082034,0.01176922423603593,6.0
2026-10-07 02:20:00,0.04832994,0.5403286870071354,0.7699999827891588,10.819999758154154,0.04886895587669768,0.7575999255264769,0.8064688814031746,1.3951275066134063,0.01176922423603593,6.0
2026-10-07 02:30:00,0.04832994,0.5181493529840394,0.7699999827891588,10.819999758154154,0.04886895587669768,0.7575999255264769,0.8064688814031746,1.3729481725903105,0.01176922423603593,6.0
2026-10-07 02:40:00,0.04832994,0.49262730798692217,0.7699999827891588,10.819999758154154,0.04886895587669768,0.7575999255264769,0.8064688814031746,1.3474261275931931,0.01176922423603593,6.0
2026-10-07 02:50:00,0.04832994,0.4639948975301735,0.7699999827891588,10.819999758154154,0.04886895587669768,0.7575999255264769,0.8064688814031746,1.3187937171364446,0.01176922423603593,6.0
2026-10-07 03:00:00,0.04832994,0.43251143366289735,0.7699999827891588,10.659999761730433,0.04814630957907553,0.7463969691416124,0.7945432787206879,1.2753846505866817,0.01176922423603593,6.0
2026-10-07 03:10:00,0.04832994,0.39846015423525954,0.7699999827891588,10.659999761730433,0.04814630957907553,0.7463969691416124,0.7945432787206879,1.2413333711590437,0.01176922423603593,6.0
2026-10-07 03:20:00,0.04832994,0.3621449064593789,0.7699999827891588,10.659999761730433,0.04814630957907553,0.7463969691416124,0.7945432787206879,1.2050181233831632,0.01176922423603593,6.0
2026-10-07 03:30:00,0.04832994,0.32388657773888585,0.7699999827891588,10.659999761730433,0.04814630957907553,0.7463969691416124,0.7945432787206879,1.1667597946626702,0.01176922423603593,6.0
2026-10-07 03:40:00,0.04832994,0.28401930475697085,0.7699999827891588,10.659999761730433,0.04814630957907553,0.7463969691416124,0.7945432787206879,1.126892521680755,0.01176922423603593,6.0
2026-10-07 03:50:00,0.04832994,0.2428865046404668,0.7699999827891588,10.659999761730433,0.04814630957907553,0.7463969691416124,0.7945432787206879,1.085759721564251,0.01176922423603593,6.0
2026-10-07 04:00:00,0.04832994,0.20083678790434195,0.7699999827891588,10.659999761730433,0.04814630957907553,0.7463969691416124,0.7945432787206879,1.0437100048281263,0.01176922423603593,6.0
2026-10-07 04:10:00,0.04832994,0.15821982975373428,0.7699999827891588,10.659999761730433,0.04814630957907553,0.7463969691416124,0.7945432787206879,1.0010930466775185,0.01176922423603593,6.0
2026-10-07 04:20:00,0.04832994,0.1153822920398363,0.7699999827891588,10.659999761730433,0.04814630957907553,0.7463969691416124,0.7945432787206879,0.9582555089636206,0.01176922423603593,6.0
2026-10-07 04:30:00,0.04832994,0.07266389957131762,0.7699999827891588,10.659999761730433,0.04814630957907553,0.7463969691416124,0.7945432787206879,0.9155371164951018,0.01176922423603593,6.0
2026-10-07 04:40:00,0.04832994,0.03039378022770095,0.7699999827891588,10.659999761730433,0.04814630957907553,0.7463969691416124,0.7945432787206879,0.8732669971514853,0.01176922423603593,6.0
2026-10-07 04:50:00,0.04832994,-0.011112824303510889,0.7699999827891588,10.659999761730433,0.04814630957907553,0.7463969691416124,0.7945432787206879,0.8317603926202733,0.01176922423603593,6.0
2026-10-07 05:00:00,0.04832994,-0.05155738127561925,0.7699999827891588,10.659999761730433,0.04814630957907553,0.7463969691416124,0.7945432787206879,0.791315835648165,0.01176922423603593,6.0
2026-10-07 05:10:00,0.04832994,-0.09066034712212596,0.7699999827891588,10.659999761730433,0.04814630957907553,0.7463969691416124,0.7945432787206879,0.7522128698016582,0.01176922423603593,6.0
2026-10-07 05:20:00,0.04832994,-0.12816285645528352,0.7699999827891588,10.659999761730433,0.04814630957907553,0.7463969691416124,0.7945432787206879,0.7147103604685008,0.01176922423603593,6.0
2026-10-07 05:30:00,0.04832994,-0.16382780398785005,0.7699999827891588,10.659999761730433,0.04814630957907553,0.7463969691416124,0.7945432787206879,0.6790454129359342,0.01176922423603593,6.0
2026-10-07 05:40:00,0.04832994,-0.1974403393103943,0.7699999827891588,10.659999761730433,0.04814630957907553,0.7463969691416124,0.7945432787206879,0.64543287761339,0.01176922423603593,6.0
2026-10-07 05:50:00,0.04832994,-0.22880782960657242,0.7699999827891588,10.659999761730433,0.04814630957907553,0.7463969691416124,0.7945432787206879,0.6140653873172118,0.01176922423603593,6.0
2026-10-07 06:00:00,0.04832994,-0.2577593770865442,0.7699999827891588,10.619999762624502,0.04796564800466999,0.7435962300453961,0.7915618780500661,0.5821324391666183,0.01176922423603593,6.0
2026-10-07 06:10:00,0.04832994,-0.2841450024652478,0.7699999827891588,10.619999762624502,0.04796564800466999,0.7435962300453961,0.7915618780500661,0.5557468137879147,0.01176922423603593,6.0
2026-10-07 06:20:00,0.04832994,-0.3078346212717842,0.7699999827891588,10.619999762624502,0.04796564800466999,0.7435962300453961,0.7915618780500661,0.5320571949813783,0.01176922423603593,6.0
2026-10-07 06:30:00,0.04832994,-0.328716944094742,0.7699999827891588,10.619999762624502,0.04796564800466999,0.7435962300453961,0.7915618780500661,0.5111748721584204,0.01176922423603593,6.0
2026-10-07 06:40:00,0.04832994,-0.34669842478111856,0.7699999827891588,10.619999762624502,0.04796564800466999,0.7435962300453961,0.7915618780500661,0.4931933914720439,0.01176922423603593,6.0
2026-10-07 06:50:00,0.04832994,-0.36170236257559313,0.7699999827891588,10.619999762624502,0.04796564800466999,0.7435962300453961,0.7915618780500661,0.4781894536775693,0.01176922423603593,6.0
2026-10-07 07:00:00,0.04832994,-0.3736682370572511,0.7699999827891588,10.619999762624502,0.04796564800466999,0.7435962300453961,0.7915618780500661,0.46622357919591134,0.01176922423603593,6.0
2026-10-07 07:10:00,0.04832994,-0.3825513211354328,0.7699999827891588,10.619999762624502,0.04796564800466999,0.7435962300453961,0.7915618780500661,0.4573404951177297,0.01176922423603593,6.0
2026-10-07 07:20:00,0.04832994,-0.3883225807801757,0.7699999827891588,10.619999762624502,0.04796564800466999,0.7435962300453961,0.7915618780500661,0.4515692354729868,0.01176922423603593,6.0
2026-10-07 07:30:00,0.04832994,-0.39096883416974965,0.7699999827891588,10.619999762624502,0.04796564800466999,0.7435962300453961,0.7915618780500661,0.4489229820834128,0.01176922423603593,6.0
2026-10-07 07:40:00,0.04832994,-0.3904931114148692,0.7699999827891588,10.619999762624502,0.04796564800466999,0.7435962300453961,0.7915618780500661,0.44939870483829325,0.01176922423603593,6.0
2026-10-07 07:50:00,0.04832994,-0.3869151319019147,0.7699999827891588,10.619999762624502,0.04796564800466999,0.7435962300453961,0.7915618780500661,0.45297668435124777,0.01176922423603593,6.0
2026-10-07 08:00:00,0.04832994,-0.3802718022907076,0.7699999827891588,10.619999762624502,0.04796564800466999,0.7435962300453961,0.7915618780500661,0.45962001396245483,0.01176922423603593,6.0
2026-10-07 08:10:00,0.04832994,-0.37061763535071474,0.7699999827891588,10.619999762624502,0.04796564800466999,0.7435962300453961,0.7915618780500661,0.4692741809024477,0.01176922423603593,6.0
2026-10-07 08:20:00,0.04832994,-0.3580249985603858,0.7699999827891588,10.619999762624502,0.04796564800466999,0.7435962300453961,0.7915618780500661,0.48186681769277667,0.01176922423603593,6.0
2026-10-07 08:30:00,0.04832994,-0.3425841203686242,0.7699999827891588,10.619999762624502,0.04796564800466999,0.7435962300453961,0.7915618780500661,0.49730769588453827,0.01176922423603593,6.0
2026-10-07 08:40:00,0.04832994,-0.3244028091034201,0.7699999827891588,10.619999762624502,0.04796564800466999,0.7435962300453961,0.7915618780500661,0.5154890071497423,0.01176922423603593,6.0
2026-10-07 08:50:00,0.04832994,-0.30360587175496107,0.7699999827891588,10.619999762624502,0.04796564800466999,0.7435962300453961,0.7915618780500661,0.5362859444982013,0.01176922423603593,6.0
2026-10-07 09:00:00,0.04832994,-0.2803342531532972,0.7599999830126762,10.549999764189124,0.04733906681309083,0.7338825405351396,0.7812216073482304,0.5492172923980296,0.01176922423603593,6.0
2026-10-07 09:10:00,0.04832994,-0.25474394727634836,0.7599999830126762,10.549999764189124,0.04733906681309083,0.7338825405351396,0.7812216073482304,0.5748075982749785,0.01176922423603593,6.0
2026-10-07 09:20:00,0.04832994,-0.22700475718930732,0.7599999830126762,10.549999764189124,0.04733906681309083,0.7338825405351396,0.7812216073482304,0.6025467883620195,0.01176922423603593,6.0
2026-10-07 09:30:00,0.04832994,-0.1972989962814006,0.7599999830126762,10.549999764189124,0.04733906681309083,0.7338825405351396,0.7812216073482304,0.6322525492699262,0.01176922423603593,6.0
2026-10-07 09:40:00,0.04832994,-0.16582022845470332,0.7599999830126762,10.549999764189124,0.04733906681309083,0.7338825405351396,0.7812216073482304,0.6637313170966235,0.01176922423603593,6.0
2026-10-07 09:50:00,0.04832994,-0.13277213840228014,0.7599999830126762,10.549999764189124,0.04733906681309083,0.7338825405351396,0.7812216073482304,0.6967794071490467,0.01176922423603593,6.0
2026-10-07 10:00:00,0.04832994,-0.0983676053517636,0.7599999830126762,10.549999764189124,0.04733906681309083,0.7338825405351396,0.7812216073482304,0.7311839401995632,0.01176922423603593,6.0
2026-10-07 10:10:00,0.04832994,-0.06282802636922417,0.7599999830126762,10.549999764189124,0.04733906681309083,0.7338825405351396,0.7812216073482304,0.7667235191821027,0.01176922423603593,6.0
2026-10-07 10:20:00,0.04832994,-0.026382901514382526,0.7599999830126762,10.549999764189124,0.04733906681309083,0.7338825405351396,0.7812216073482304,0.8031686440369443,0.01176922423603593,6.0
2026-10-07 10:30:00,0.04832994,0.01073034402638855,0.7599999830126762,10.549999764189124,0.04733906681309083,0.7338825405351396,0.7812216073482304,0.8402818895777153,0.01176922423603593,6.0
2026-10-07 10:40:00,0.04832994,0.04826636188906147,0.7599999830126762,10.549999764189124,0.04733906681309083,0.7338825405351396,0.7812216073482304,0.8778179074403882,0.01176922423603593,6.0
2026-10-07 10:50:00,0.04832994,0.08597179937804068,0.7599999830126762,10.549999764189124,0.04733906681309083,0.7338825405351396,0.7812216073482304,0.9155233449293675,0.01176922423603593,6.0
2026-10-07 11:00:00,0.04832994,0.12358525150234555,0.7599999830126762,10.549999764189124,0.04733906681309083,0.7338825405351396,0.7812216073482304,0.9531367970536724,0.01176922423603593,6.0
2026-10-07 11:10:00,0.04832994,0.1608373753663002,0.7599999830126762,10.549999764189124,0.04733906681309083,0.7338825405351396,0.7812216073482304,0.990388920917627,0.01176922423603593,6.0
2026-10-07 11:20:00,0.04832994,0.19745129658453103,0.7599999830126762,10.549999764189124,0.04733906681309083,0.7338825405351396,0.7812216073482304,1.027002842135858,0.01176922423603593,6.0
2026-10-07 11:30:00,0.04832994,0.23314342524838114,0.7599999830126762,10.549999764189124,0.04733906681309083,0.7338825405351396,0.7812216073482304,1.062694970799708,0.01176922423603593,6.0
2026-10-07 11:40:00,0.04832994,0.2676247752049315,0.7599999830126762,10.549999764189124,0.04733906681309083,0.7338825405351396,0.7812216073482304,1.0971763207562584,0.01176922423603593,6.0
2026-10-07 11:50:00,0.04832994,0.3006028469007483,0.7599999830126762,10.549999764189124,0.04733906681309083,0.7338825405351396,0.7812216073482304,1.1301543924520752,0.01176922423603593,6.0
2026-10-07 12:00:00,0.04832994,0.33178409412121385,0.7799999825656414,10.469999765977263,0.04759424257492694,0.7378384494489902,0.7854326920239172,1.1655467243482274,0.01176922423603593,6.0
2026-10-07 12:10:00,0.04832994,0.36087695194019176,0.7799999825656414,10.469999765977263,0.04759424257492694,0.7378384494489902,0.7854326920239172,1.1946395821672053,0.01176922423603593,6.0
2026-10-07 12:20:00,0.04832994,0.387595361275865,0.7799999825656414,10.469999765977263,0.04759424257492694,0.7378384494489902,0.7854326920239172,1.2213579915028787,0.01176922423603593,6.0
2026-10-07 12:30:00,0.04832994,0.4116626880469978,0.7799999825656414,10.469999765977263,0.04759424257492694,0.7378384494489902,0.7854326920239172,1.2454253182740114,0.01176922423603593,6.0
2026-10-07 12:40:00,0.04832994,0.4328159054661626,0.7799999825656414,10.469999765977263,0.04759424257492694,0.7378384494489902,0.7854326920239172,1.2665785356931762,0.01176922423603593,6.0
2026-10-07 12:50:00,0.04832994,0.4508098885970178,0.7799999825656414,10.469999765977263,0.04759424257492694,0.7378384494489902,0.7854326920239172,1.2845725188240313,0.01176922423603593,6.0
2026-10-07 13:00:00,0.04832994,0.4654216623446812,0.7799999825656414,10.469999765977263,0.04759424257492694,0.7378384494489902,0.7854326920239172,1.2991842925716948,0.01176922423603593,6.0
2026-10-07 13:10:00,0.04832994,0.47645444758453104,0.7799999825656414,10.469999765977263,0.04759424257492694,0.7378384494489902,0.7854326920239172,1.3102170778115445,0.01176922423603593,6.0
2026-10-07 13:20:00,0.04832994,0.4837413641447372,0.7799999825656414,10.469999765977263,0.04759424257492694,0.7378384494489902,0.7854326920239172,1.3175039943717508,0.01176922423603593,6.0
2026-10-07 13:30:00,0.04832994,0.4871486719004823,0.7799999825656414,10.469999765977263,0.04759424257492694,0.7378384494489902,0.7854326920239172,1.3209113021274959,0.01176922423603593,6.0
2026-10-07 13:40:00,0.04832994,0.48657845959295004,0.7799999825656414,10.469999765977263,0.04759424257492694,0.7378384494489902,0.7854326920239172,1.3203410898199637,0.01176922423603593,6.0
2026-10-07 13:50:00,0.04832994,0.4819707220881406,0.7799999825656414,10.469999765977263,0.04759424257492694,0.7378384494489902,0.7854326920239172,1.3157333523151542,0.01176922423603593,6.0
2026-10-07 14:00:00,0.04832994,0.4733047975551483,0.7799999825656414,10.469999765977263,0.04759424257492694,0.7378384494489902,0.7854326920239172,1.307067427782162,0.01176922423603593,6.0
2026-10-07 14:10:00,0.04832994,0.4606001636163471,0.7799999825656414,10.469999765977263,0.04759424257492694,0.7378384494489902,0.7854326920239172,1.2943627938433606,0.01176922423603593,6.0
2026-10-07 14:20:00,0.04832994,0.4439166138036905,0.7799999825656414,10.469999765977263,0.04759424257492694,0.7378384494489902,0.7854326920239172,1.277679244030704,0.01176922423603593,6.0
2026-10-07 14:30:00,0.04832994,0.42335385124021613,0.7799999825656414,10.469999765977263,0.04759424257492694,0.7378384494489902,0.7854326920239172,1.2571164814672298,0.01176922423603593,6.0
2026-10-07 14:40:00,0.04832994,0.39905054489715513,0.7799999825656414,10.469999765977263,0.04759424257492694,0.7378384494489902,0.7854326920239172,1.2328131751241687,0.01176922423603593,6.0
2026-10-07 14:50:00,0.04832994,0.37118289572857605,0.7799999825656414,10.469999765977263,0.04759424257492694,0.7378384494489902,0.7854326920239172,1.2049455259555897,0.01176922423603593,6.0
2026-10-07 15:00:00,0.04832994,0.3399627565444934,0.8199999816715717,10.41999976709485,0.04856630711976624,0.7529080578244034,0.8014743649441697,1.1897670596917596,0.01176922423603593,6.0
2026-10-07 15:10:00,0.04832994,0.3056353429153566,0.8199999816715717,10.41999976709485,0.04856630711976624,0.7529080578244034,0.8014743649441697,1.1554396460626226,0.01176922423603593,6.0
2026-10-07 15:20:00,0.04832994,0.26847656459661773,0.8199999816715717,10.41999976709485,0.04856630711976624,0.7529080578244034,0.8014743649441697,1.1182808677438838,0.01176922423603593,6.0
2026-10-07 15:30:00,0.04832994,0.22879000064121574,0.8199999816715717,10.41999976709485,0.04856630711976624,0.7529080578244034,0.8014743649441697,1.0785943037884818,0.01176922423603593,6.0
2026-10-07 15:40:00,0.04832994,0.18690353803260795,0.8199999816715717,10.41999976709485,0.04856630711976624,0.7529080578244034,0.8014743649441697,1.036707841179874,0.01176922423603593,6.0
2026-10-07 15:50:00,0.04832994,0.1431656951580933,0.8199999816715717,10.41999976709485,0.04856630711976624,0.7529080578244034,0.8014743649441697,0.9929699983053594,0.01176922423603593,6.0
2026-10-07 16:00:00,0.04832994,0.09794165811906545,0.8199999816715717,10.41999976709485,0.04856630711976624,0.7529080578244034,0.8014743649441697,0.9477459612663315,0.01176922423603593,6.0
2026-10-07 16:10:00,0.04832994,0.05160906952460158,0.8199999816715717,10.41999976709485,0.04856630711976624,0.7529080578244034,0.8014743649441697,0.9014133726718676,0.01176922423603593,6.0
2026-10-07 16:20:00,0.04832994,0.00455362515134589,0.8199999816715717,10.41999976709485,0.04856630711976624,0.7529080578244034,0.8014743649441697,0.854357928298612,0.01176922423603593,6.0
2026-10-07 16:30:00,0.04832994,-0.04283544841083759,0.8199999816715717,10.41999976709485,0.04856630711976624,0.7529080578244034,0.8014743649441697,0.8069688547364284,0.01176922423603593,6.0
2026-10-07 16:40:00,0.04832994,-0.09016994434935298,0.8199999816715717,10.41999976709485,0.04856630711976624,0.7529080578244034,0.8014743649441697,0.7596343587979131,0.01176922423603593,6.0
2026-10-07 16:50:00,0.04832994,-0.13706714891533334,0.8199999816715717,10.41999976709485,0.04856630711976624,0.7529080578244034,0.8014743649441697,0.7127371542319327,0.01176922423603593,6.0
2026-10-07 17:00:00,0.04832994,-0.18315412209799256,0.8199999816715717,10.41999976709485,0.04856630711976624,0.7529080578244034,0.8014743649441697,0.6666501810492735,0.01176922423603593,6.0
2026-10-07 17:10:00,0.04832994,-0.22807166810084006,0.8199999816715717,10.41999976709485,0.04856630711976624,0.7529080578244034,0.8014743649441697,0.6217326350464261,0.01176922423603593,6.0
2026-10-07 17:20:00,0.04832994,-0.27147788413041135,0.8199999816715717,10.41999976709485,0.04856630711976624,0.7529080578244034,0.8014743649441697,0.5783264190168547,0.01176922423603593,6.0
2026-10-07 17:30:00,0.04832994,-0.31305119124165887,0.8199999816715717,10.41999976709485,0.04856630711976624,0.7529080578244034,0.8014743649441697,0.5367531119056073,0.01176922423603593,6.0
2026-10-07 17:40:00,0.04832994,-0.3524927747229287,0.8199999816715717,10.41999976709485,0.04856630711976624,0.7529080578244034,0.8014743649441697,0.49731152842433735,0.01176922423603593,6.0
2026-10-07 17:50:00,0.04832994,-0.3895283920278277,0.8199999816715717,10.41999976709485,0.04856630711976624,0.7529080578244034,0.8014743649441697,0.4602759111194384,0.01176922423603593,6.0
2026-10-07 18:00:00,0.04832994,-0.4239095415043724,0.8399999812245369,10.369999768212438,0.048919142549027475,0.7583779535922988,0.8072970961413263,0.4317174928400503,0.01176922423603593,6.0
2026-10-07 18:10:00,0.04832994,-0.45541402171842316,0.8399999812245369,10.369999768212438,0.048919142549027475,0.7583779535922988,0.8072970961413263,0.4002130126259995,0.01176922423603593,6.0
2026-10-07 18:20:00,0.04832994,-0.48384594606545434,0.8399999812245369,10.369999768212438,0.048919142549027475,0.7583779535922988,0.8072970961413263,0.37178108827896833,0.01176922423603593,6.0
2026-10-07 18:30:00,0.04832994,-0.5090353069707321,0.8399999812245369,10.369999768212438,0.048919142549027475,0.7583779535922988,0.8072970961413263,0.3465917273736906,0.01176922423603593,6.0
2026-10-07 18:40:00,0.04832994,-0.5308372057237304,0.8399999812245369,10.369999768212438,0.048919142549027475,0.7583779535922988,0.8072970961413263,0.3247898286206923,0.01176922423603593,6.0
2026-10-07 18:50:00,0.04832994,-0.5491308754803605,0.8399999812245369,10.369999768212438,0.048919142549027475,0.7583779535922988,0.8072970961413263,0.3064961588640621,0.01176922423603593,6.0
2026-10-07 19:00:00,0.04832994,-0.5638186252181668,0.8399999812245369,10.369999768212438,0.048919142549027475,0.7583779535922988,0.8072970961413263,0.29180840912625583,0.01176922423603593,6.0
2026-10-07 19:10:00,0.04832994,-0.5748248213105334,0.8399999812245369,10.369999768212438,0.048919142549027475,0.7583779535922988,0.8072970961413263,0.2808022130338893,0.01176922423603593,6.0
2026-10-07 19:20:00,0.04832994,-0.5820950021017387,0.8399999812245369,10.369999768212438,0.048919142549027475,0.7583779535922988,0.8072970961413263,0.27353203224268396,0.01176922423603593,6.0
2026-10-07 19:30:00,0.04832994,-0.5855951915580494,0.8399999812245369,10.369999768212438,0.048919142549027475,0.7583779535922988,0.8072970961413263,0.27003184278637327,0.01176922423603593,6.0
2026-10-07 19:40:00,0.04832994,-0.585311443831302,0.8399999812245369,10.369999768212438,0.048919142549027475,0.7583779535922988,0.8072970961413263,0.2703155905131207,0.01176922423603593,6.0
2026-10-07 19:50:00,0.04832994,-0.5812496149142062,0.8399999812245369,10.369999768212438,0.048919142549027475,0.7583779535922988,0.8072970961413263,0.27437741943021643,0.01176922423603593,6.0
2026-10-07 20:00:00,0.04832994,-0.5734353242635103,0.8399999812245369,10.369999768212438,0.048919142549027475,0.7583779535922988,0.8072970961413263,0.2821917100809124,0.01176922423603593,6.0
2026-10-07 20:10:00,0.04832994,-0.5619140417161689,0.8399999812245369,10.369999768212438,0.048919142549027475,0.7583779535922988,0.8072970961413263,0.2937129926282538,0.01176922423603593,6.0
2026-10-07 20:20:00,0.04832994,-0.546751216144489,0.8399999812245369,10.369999768212438,0.048919142549027475,0.7583779535922988,0.8072970961413263,0.3088758181999337,0.01176922423603593,6.0
2026-10-07 20:30:00,0.04832994,-0.5280323539661995,0.8399999812245369,10.369999768212438,0.048919142549027475,0.7583779535922988,0.8072970961413263,0.32759468037822315,0.01176922423603593,6.0
2026-10-07 20:40:00,0.04832994,-0.5058629585780701,0.8399999812245369,10.369999768212438,0.048919142549027475,0.7583779535922988,0.8072970961413263,0.3497640757663526,0.01176922423603593,6.0
2026-10-07 20:50:00,0.04832994,-0.48036825566739405,0.8399999812245369,10.369999768212438,0.048919142549027475,0.7583779535922988,0.8072970961413263,0.3752587786770286,0.01176922423603593,6.0
2026-10-07 21:00:00,0.04832994,-0.4516926523530849,0.8399999812245369,10.329999769106507,0.048730447688664774,0.7554526770114219,0.8041831247000867,0.40082041055009815,0.01176922423603593,6.0
2026-10-07 21:10:00,0.04832994,-0.41999890769700793,0.8399999812245369,10.329999769106507,0.048730447688664774,0.7554526770114219,0.8041831247000867,0.43251415520617514,0.01176922423603593,6.0
2026-10-07 21:20:00,0.04832994,-0.3854670248204505,0.8399999812245369,10.329999769106507,0.048730447688664774,0.7554526770114219,0.8041831247000867,0.4670460380827326,0.01176922423603593,6.0
2026-10-07 21:30:00,0.04832994,-0.34829290688070536,0.8399999812245369,10.329999769106507,0.048730447688664774,0.7554526770114219,0.8041831247000867,0.5042201560224777,0.01176922423603593,6.0
2026-10-07 21:40:00,0.04832994,-0.30868684681988107,0.8399999812245369,10.329999769106507,0.048730447688664774,0.7554526770114219,0.8041831247000867,0.5438262160833021,0.01176922423603593,6.0
2026-10-07 21:50:00,0.04832994,-0.26687194083933413,0.8399999812245369,10.329999769106507,0.048730447688664774,0.7554526770114219,0.8041831247000867,0.5856411220638489,0.01176922423603593,6.0
2026-10-07 22:00:00,0.04832994,-0.22308252542215015,0.8399999812245369,10.329999769106507,0.048730447688664774,0.7554526770114219,0.8041831247000867,0.629430537481033,0.01176922423603593,6.0
2026-10-07 22:10:00,0.04832994,-0.17756273613665322,0.8399999812245369,10.329999769106507,0.048730447688664774,0.7554526770114219,0.8041831247000867,0.6749503267665299,0.01176922423603593,6.0
2026-10-07 22:20:00,0.04832994,-0.1305652732589432,0.8399999812245369,10.329999769106507,0.048730447688664774,0.7554526770114219,0.8041831247000867,0.7219477896442399,0.01176922423603593,6.0
2026-10-07 22:30:00,0.04832994,-0.08235043548268962,0.8399999812245369,10.329999769106507,0.048730447688664774,0.7554526770114219,0.8041831247000867,0.7701626274204935,0.01176922423603593,6.0
2026-10-07 22:40:00,0.04832994,-0.0331854510933367,0.8399999812245369,10.329999769106507,0.048730447688664774,0.7554526770114219,0.8041831247000867,0.8193276118098464,0.01176922423603593,6.0
2026-10-07 22:50:00,0.04832994,0.0166559009450112,0.8399999812245369,10.329999769106507,0.048730447688664774,0.7554526770114219,0.8041831247000867,0.8691689638481943,0.01176922423603593,6.0
2026-10-07 23:00:00,0.04832994,0.06689342570696084,0.8399999812245369,10.329999769106507,0.048730447688664774,0.7554526770114219,0.8041831247000867,0.919406488610144,0.01176922423603593,6.0
2026-10-07 23:10:00,0.04832994,0.11724048390778802,0.8399999812245369,10.329999769106507,0.048730447688664774,0.7554526770114219,0.8041831247000867,0.969753546810971,0.01176922423603593,6.0
2026-10-07 23:20:00,0.04832994,0.16740391031322763,0.8399999812245369,10.329999769106507,0.048730447688664774,0.7554526770114219,0.8041831247000867,1.0199169732164106,0.01176922423603593,6.0
2026-10-07 23:30:00,0.04832994,0.21708400809175513,0.8399999812245369,10.329999769106507,0.048730447688664774,0.7554526770114219,0.8041831247000867,1.0695970709949383,0.01176922423603593,6.0
2026-10-07 23:40:00,0.04832994,0.2659747556865517,0.8399999812245369,10.329999769106507,0.048730447688664774,0.7554526770114219,0.8041831247000867,1.1184878185897347,0.01176922423603593,6.0
2026-10-07 23:50:00,0.04832994,0.3137643573033591,0.8399999812245369,10.329999769106507,0.048730447688664774,0.7554526770114219,0.8041831247000867,1.1662774202065422,0.01176922423603593,6.0
2026-10-08 00:00:00,0.048054583,0.360136250233339,0.8299999814480543,10.269999770447612,0.0481581645718685,0.7465807533354004,0.7947389179072689,1.2029297515112936,0.01176922423603593,6.0
2026-10-08 00:10:00,0.048054583,0.40477065320684197,0.8299999814480543,10.269999770447612,0.0481581645718685,0.7465807533354004,0.7947389179072689,1.2475641544847964,0.01176922423603593,6.0
2026-10-08 00:20:00,0.048054583,0.44734670256575365,0.8299999814480543,10.269999770447612,0.0481581645718685,0.7465807533354004,0.7947389179072689,1.2901402038437082,0.01176922423603593,6.0
2026-10-08 00:30:00,0.048054583,0.48754518060276786,0.8299999814480543,10.269999770447612,0.0481581645718685,0.7465807533354004,0.7947389179072689,1.3303386818807224,0.01176922423603593,6.0
2026-10-08 00:40:00,0.048054583,0.5250517966702908,0.8299999814480543,10.269999770447612,0.0481581645718685,0.7465807533354004,0.7947389179072689,1.3678452979482452,0.01176922423603593,6.0
2026-10-08 00:50:00,0.048054583,0.5595609406260745,0.8299999814480543,10.269999770447612,0.0481581645718685,0.7465807533354004,0.7947389179072689,1.402354441904029,0.01176922423603593,6.0
2026-10-08 01:00:00,0.048054583,0.5907797932530994,0.8299999814480543,10.269999770447612,0.0481581645718685,0.7465807533354004,0.7947389179072689,1.4335732945310538,0.01176922423603593,6.0
2026-10-08 01:10:00,0.048054583,0.6184326523930433,0.8299999814480543,10.269999770447612,0.0481581645718685,0.7465807533354004,0.7947389179072689,1.4612261536709978,0.01176922423603593,6.0
2026-10-08 01:20:00,0.048054583,0.6422653184312508,0.8299999814480543,10.269999770447612,0.0481581645718685,0.7465807533354004,0.7947389179072689,1.4850588197092054,0.01176922423603593,6.0
2026-10-08 01:30:00,0.048054583,0.6620493793151775,0.8299999814480543,10.269999770447612,0.0481581645718685,0.7465807533354004,0.7947389179072689,1.504842880593132,0.01176922423603593,6.0
2026-10-08 01:40:00,0.048054583,0.6775862429764986,0.8299999814480543,10.269999770447612,0.0481581645718685,0.7465807533354004,0.7947389179072689,1.520379744254453,0.01176922423603593,6.0
2026-10-08 01:50:00,0.048054583,0.6887107824592167,0.8299999814480543,10.269999770447612,0.0481581645718685,0.7465807533354004,0.7947389179072689,1.531504283737171,0.01176922423603593,6.0
2026-10-08 02:00:00,0.048054583,0.6952944838678164,0.8299999814480543,10.269999770447612,0.0481581645718685,0.7465807533354004,0.7947389179072689,1.538087985145771,0.01176922423603593,6.0
2026-10-08 02:10:00,0.048054583,0.6972480165810242,0.8299999814480543,10.269999770447612,0.0481581645718685,0.7465807533354004,0.7947389179072689,1.5400415178589788,0.01176922423603593,6.0
2026-10-08 02:20:00,0.048054583,0.6945231758773686,0.8299999814480543,10.269999770447612,0.0481581645718685,0.7465807533354004,0.7947389179072689,1.537316677155323,0.01176922423603593,6.0
2026-10-08 02:30:00,0.048054583,0.6871141772774491,0.8299999814480543,10.269999770447612,0.0481581645718685,0.7465807533354004,0.7947389179072689,1.5299076785554035,0.01176922423603593,6.0
2026-10-08 02:40:00,0.048054583,0.6750583068985903,0.8299999814480543,10.269999770447612,0.0481581645718685,0.7465807533354004,0.7947389179072689,1.5178518081765446,0.01176922423603593,6.0
2026-10-08 02:50:00,0.048054583,0.6584359512875456,0.8299999814480543,10.269999770447612,0.0481581645718685,0.7465807533354004,0.7947389179072689,1.5012294525655,0.01176922423603593,6.0
2026-10-08 03:00:00,0.048054583,0.6373700424603329,0.8199999816715717,10.209999771788716,0.04758752357896481,0.7377342869853319,0.7853218105642967,1.470746436395315,0.01176922423603593,6.0
2026-10-08 03:10:00,0.048054583,0.6120249594444561,0.8199999816715717,10.209999771788716,0.04758752357896481,0.7377342869853319,0.7853218105642967,1.4454013533794385,0.01176922423603593,6.0
2026-10-08 03:20:00,0.048054583,0.5826049272835679,0.8199999816715717,10.209999771788716,0.04758752357896481,0.7377342869853319,0.7853218105642967,1.4159813212185504,0.01176922423603593,6.0
2026-10-08 03:30:00,0.048054583,0.5493519499214297,0.8199999816715717,10.209999771788716,0.04758752357896481,0.7377342869853319,0.7853218105642967,1.382728343856412,0.01176922423603593,6.0
2026-10-08 03:40:00,0.048054583,0.512543306804919,0.8199999816715717,10.209999771788716,0.04758752357896481,0.7377342869853319,0.7853218105642967,1.3459197007399013,0.01176922423603593,6.0
2026-10-08 03:50:00,0.048054583,0.47248863656496876,0.8199999816715717,10.209999771788716,0.04758752357896481,0.7377342869853319,0.7853218105642967,1.305865030499951,0.01176922423603593,6.0
2026-10-08 04:00:00,0.048054583,0.42952662717066276,0.8199999816715717,10.209999771788716,0.04758752357896481,0.7377342869853319,0.7853218105642967,1.2629030211056451,0.01176922423603593,6.0
2026-10-08 04:10:00,0.048054583,0.38402133185323045,0.8199999816715717,10.209999771788716,0.04758752357896481,0.7377342869853319,0.7853218105642967,1.2173977257882127,0.01176922423603593,6.0
2026-10-08 04:20:00,0.048054583,0.3363581352907248,0.8199999816715717,10.209999771788716,0.04758752357896481,0.7377342869853319,0.7853218105642967,1.169734529225707,0.01176922423603593,6.0
2026-10-08 04:30:00,0.048054583,0.28693940481244395,0.8199999816715717,10.209999771788716,0.04758752357896481,0.7377342869853319,0.7853218105642967,1.1203157987474262,0.01176922423603593,6.0
2026-10-08 04:40:00,0.048054583,0.2361798764106073,0.8199999816715717,10.209999771788716,0.04758752357896481,0.7377342869853319,0.7853218105642967,1.0695562703455896,0.01176922423603593,6.0
2026-10-08 04:50:00,0.048054583,0.18450184342990603,0.8199999816715717,10.209999771788716,0.04758752357896481,0.7377342869853319,0.7853218105642967,1.0178782373648882,0.01176922423603593,6.0
2026-10-08 05:00:00,0.048054583,0.1323302347913393,0.8199999816715717,10.209999771788716,0.04758752357896481,0.7377342869853319,0.7853218105642967,0.9657066287263216,0.01176922423603593,6.0
2026-10-08 05:10:00,0.048054583,0.08008768727524325,0.8199999816715717,10.209999771788716,0.04758752357896481,0.7377342869853319,0.7853218105642967,0.9134640812102255,0.01176922423603593,6.0
2026-10-08 05:20:00,0.048054583,0.028189729711420905,0.8199999816715717,10.209999771788716,0.04758752357896481,0.7377342869853319,0.7853218105642967,0.8615661236464032,0.01176922423603593,6.0
2026-10-08 05:30:00,0.048054583,-0.022959795912199574,0.8199999816715717,10.209999771788716,0.04758752357896481,0.7377342869853319,0.7853218105642967,0.8104165980227828,0.01176922423603593,6.0
2026-10-08 05:40:00,0.048054583,-0.07297295264547712,0.8199999816715717,10.209999771788716,0.04758752357896481,0.7377342869853319,0.7853218105642967,0.7604034412895052,0.01176922423603593,6.0
2026-10-08 05:50:00,0.048054583,-0.12148145244626886,0.8199999816715717,10.209999771788716,0.04758752357896481,0.7377342869853319,0.7853218105642967,0.7118949414887135,0.01176922423603593,6.0
2026-10-08 06:00:00,0.048054583,-0.1681398315047923,0.8199999816715717,10.079999774694443,0.046981609958468694,0.7283410002754306,0.7753226102338993,0.6552373620997926,0.01176922423603593,6.0
2026-10-08 06:10:00,0.048054583,-0.21262799018094494,0.8199999816715717,10.079999774694443,0.046981609958468694,0.7283410002754306,0.7753226102338993,0.6107492034236399,0.01176922423603593,6.0
2026-10-08 06:20:00,0.048054583,-0.2546530641509123,0.8199999816715717,10.079999774694443,0.046981609958468694,0.7283410002754306,0.7753226102338993,0.5687241294536725,0.01176922423603593,6.0
2026-10-08 06:30:00,0.048054583,-0.2939506302725554,0.8199999816715717,10.079999774694443,0.046981609958468694,0.7283410002754306,0.7753226102338993,0.5294265633320294,0.01176922423603593,6.0
2026-10-08 06:40:00,0.048054583,-0.33028528751864505,0.8199999816715717,10.079999774694443,0.046981609958468694,0.7283410002754306,0.7753226102338993,0.4930919060859398,0.01176922423603593,6.0
2026-10-08 06:50:00,0.048054583,-0.3634506870683202,0.8199999816715717,10.079999774694443,0.046981609958468694,0.7283410002754306,0.7753226102338993,0.45992650653626466,0.01176922423603593,6.0
2026-10-08 07:00:00,0.048054583,-0.3932691128245515,0.8199999816715717,10.079999774694443,0.046981609958468694,0.7283410002754306,0.7753226102338993,0.4301080807800333,0.01176922423603593,6.0
2026-10-08 07:10:00,0.048054583,-0.41959073188327495,0.8199999816715717,10.079999774694443,0.046981609958468694,0.7283410002754306,0.7753226102338993,0.4037864617213099,0.01176922423603593,6.0
2026-10-08 07:20:00,0.048054583,-0.442292641907013,0.8199999816715717,10.079999774694443,0.046981609958468694,0.7283410002754306,0.7753226102338993,0.3810845516975718,0.01176922423603593,6.0
2026-10-08 07:30:00,0.048054583,-0.4612778384209171,0.8199999816715717,10.079999774694443,0.046981609958468694,0.7283410002754306,0.7753226102338993,0.36209935518366776,0.01176922423603593,6.0
2026-10-08 07:40:00,0.048054583,-0.4764742101660744,0.8199999816715717,10.079999774694443,0.046981609958468694,0.7283410002754306,0.7753226102338993,0.34690298343851045,0.01176922423603593,6.0
2026-10-08 07:50:00,0.048054583,-0.48783364649895017,0.8199999816715717,10.079999774694443,0.046981609958468694,0.7283410002754306,0.7753226102338993,0.33554354710563467,0.01176922423603593,6.0
2026-10-08 08:00:00,0.048054583,-0.4953313099713273,0.8199999816715717,10.079999774694443,0.046981609958468694,0.7283410002754306,0.7753226102338993,0.32804588363325754,0.01176922423603593,6.0
2026-10-08 08:10:00,0.048054583,-0.49896509301354275,0.8199999816715717,10.079999774694443,0.046981609958468694,0.7283410002754306,0.7753226102338993,0.3244121005910421,0.01176922423603593,6.0
2026-10-08 08:20:00,0.048054583,-0.498755243658639,0.8199999816715717,10.079999774694443,0.046981609958468694,0.7283410002754306,0.7753226102338993,0.32462194994594584,0.01176922423603593,6.0
2026-10-08 08:30:00,0.048054583,-0.4947441152108014,0.8199999816715717,10.079999774694443,0.046981609958468694,0.7283410002754306,0.7753226102338993,0.3286330783937834,0.01176922423603593,6.0
2026-10-08 08:40:00,0.048054583,-0.4869959717427424,0.8199999816715717,10.079999774694443,0.046981609958468694,0.7283410002754306,0.7753226102338993,0.33638122186184244,0.01176922423603593,6.0
2026-10-08 08:50:00,0.048054583,-0.47559676785442273,0.8199999816715717,10.079999774694443,0.046981609958468694,0.7283410002754306,0.7753226102338993,0.3477804257501621,0.01176922423603593,6.0
2026-10-08 09:00:00,0.048054583,-0.46065381851278075,0.8199999816715717,9.909999778494239,0.04618926137781991,0.7160574715009441,0.762246732878764,0.3496474977366688,0.01176922423603593,6.0
2026-10-08 09:10:00,0.048054583,-0.4422952832365827,0.8199999816715717,9.909999778494239,0.04618926137781991,0.7160574715009441,0.762246732878764,0.3680060330128669,0.01176922423603593,6.0
2026-10-08 09:20:00,0.048054583,-0.42066940738627767,0.8199999816715717,9.909999778494239,0.04618926137781991,0.7160574715009441,0.762246732878764,0.3896319088631719,0.01176922423603593,6.0
2026-10-08 09:30:00,0.048054583,-0.3959434895497659,0.8199999816715717,9.909999778494239,0.04618926137781991,0.7160574715009441,0.762246732878764,0.4143578266996837,0.01176922423603593,6.0
2026-10-08 09:40:00,0.048054583,-0.3683025751863567,0.8199999816715717,9.909999778494239,0.04618926137781991,0.7160574715009441,0.762246732878764,0.4419987410630929,0.01176922423603593,6.0
2026-10-08 09:50:00,0.048054583,-0.33794790884174425,0.8199999816715717,9.909999778494239,0.04618926137781991,0.7160574715009441,0.762246732878764,0.4723534074077053,0.01176922423603593,6.0
2026-10-08 10:00:00,0.048054583,-0.3050952069840939,0.8199999816715717,9.909999778494239,0.04618926137781991,0.7160574715009441,0.762246732878764,0.5052061092653557,0.01176922423603593,6.0
2026-10-08 10:10:00,0.048054583,-0.2699728368995352,0.8199999816715717,9.909999778494239,0.04618926137781991,0.7160574715009441,0.762246732878764,0.5403284793499143,0.01176922423603593,6.0
2026-10-08 10:20:00,0.048054583,-0.2328200016184039,0.8199999816715717,9.909999778494239,0.04618926137781991,0.7160574715009441,0.762246732878764,0.5774813146310457,0.01176922423603593,6.0
2026-10-08 10:30:00,0.048054583,-0.193885034195898,0.8199999816715717,9.909999778494239,0.04618926137781991,0.7160574715009441,0.762246732878764,0.6164162820535516,0.01176922423603593,6.0
2026-10-08 10:40:00,0.048054583,-0.15342389639839657,0.8199999816715717,9.909999778494239,0.04618926137781991,0.7160574715009441,0.762246732878764,0.656877419851053,0.01176922423603593,6.0
2026-10-08 10:50:00,0.048054583,-0.11169895727307275,0.8199999816715717,9.909999778494239,0.04618926137781991,0.7160574715009441,0.762246732878764,0.6986023589763768,0.01176922423603593,6.0
2026-10-08 11:00:00,0.048054583,-0.06897809790553931,0.8199999816715717,9.909999778494239,0.04618926137781991,0.7160574715009441,0.762246732878764,0.7413232183439102,0.01176922423603593,6.0
2026-10-08 11:10:00,0.048054583,-0.02553415296234822,0.8199999816715717,9.909999778494239,0.04618926137781991,0.7160574715009441,0.762246732878764,0.7847671632871014,0.01176922423603593,6.0
2026-10-08 11:20:00,0.048054583,0.018355339537489548,0.8199999816715717,9.909999778494239,0.04618926137781991,0.7160574715009441,0.762246732878764,0.8286566557869391,0.01176922423603593,6.0
2026-10-08 11:30:00,0.048054583,0.06240814678278024,0.8199999816715717,9.909999778494239,0.04618926137781991,0.7160574715009441,0.762246732878764,0.8727094630322298,0.01176922423603593,6.0
2026-10-08 11:40:00,0.048054583,0.10633720826291469,0.8199999816715717,9.909999778494239,0.04618926137781991,0.7160574715009441,0.762246732878764,0.9166385245123643,0.01176922423603593,6.0
2026-10-08 11:50:00,0.048054583,0.14985048663769024,0.8199999816715717,9.909999778494239,0.04618926137781991,0.7160574715009441,0.762246732878764,0.9601518028871399,0.01176922423603593,6.0
2026-10-08 12:00:00,0.048054583,0.19265094195218307,0.8399999812245369,9.789999781176448,0.046183067073768465,0.7159614431695858,0.7621445102433543,1.0028500355662229,0.01176922423603593,6.0
2026-10-08 12:10:00,0.048054583,0.2344367703002337,0.8399999812245369,9.789999781176448,0.046183067073768465,0.7159614431695858,0.7621445102433543,1.0446358639142734,0.01176922423603593,6.0
2026-10-08 12:20:00,0.048054583,0.27490203660731805,0.8399999812245369,9.789999781176448,0.046183067073768465,0.7159614431695858,0.7621445102433543,1.085101130221358,0.01176922423603593,6.0
2026-10-08 12:30:00,0.048054583,0.31373780767932025,0.8399999812245369,9.789999781176448,0.046183067073768465,0.7159614431695858,0.7621445102433543,1.12393690129336,0.01176922423603593,6.0
2026-10-08 12:40:00,0.048054583,0.3506338579014775,0.8399999812245369,9.789999781176448,0.046183067073768465,0.7159614431695858,0.7621445102433543,1.1608329515155174,0.01176922423603593,6.0
2026-10-08 12:50:00,0.048054583,0.3852809793536641,0.8399999812245369,9.789999781176448,0.046183067073768465,0.7159614431695858,0.7621445102433543,1.195480072967704,0.01176922423603593,6.0
2026-10-08 13:00:00,0.048054583,0.41737388379558155,0.8399999812245369,9.789999781176448,0.046183067073768465,0.7159614431695858,0.7621445102433543,1.2275729774096213,0.01176922423603593,6.0
2026-10-08 13:10:00,0.048054583,0.44661464048360805,0.8399999812245369,9.789999781176448,0.046183067073768465,0.7159614431695858,0.7621445102433543,1.256813734097648,0.01176922423603593,6.0
2026-10-08 13:20:00,0.048054583,0.47271655425881187,0.8399999812245369,9.789999781176448,0.046183067073768465,0.7159614431695858,0.7621445102433543,1.2829156478728518,0.01176922423603593,6.0
2026-10-08 13:30:00,0.048054583,0.4954083565895285,0.8399999812245369,9.789999781176448,0.046183067073768465,0.7159614431695858,0.7621445102433543,1.3056074502035684,0.01176922423603593,6.0
2026-10-08 13:40:00,0.048054583,0.5144385603120213,0.8399999812245369,9.789999781176448,0.046183067073768465,0.7159614431695858,0.7621445102433543,1.3246376539260611,0.01176922423603593,6.0
2026-10-08 13:50:00,0.048054583,0.5295798182608448,0.8399999812245369,9.789999781176448,0.046183067073768465,0.7159614431695858,0.7621445102433543,1.3397789118748846,0.01176922423603593,6.0
2026-10-08 14:00:00,0.048054583,0.5406331269825929,0.8399999812245369,9.789999781176448,0.046183067073768465,0.7159614431695858,0.7621445102433543,1.3508322205966328,0.01176922423603593,6.0
2026-10-08 14:10:00,0.048054583,0.5474317283494967,0.8399999812245369,9.789999781176448,0.046183067073768465,0.7159614431695858,0.7621445102433543,1.3576308219635367,0.01176922423603593,6.0
2026-10-08 14:20:00,0.048054583,0.5498445823208793,0.8399999812245369,9.789999781176448,0.046183067073768465,0.7159614431695858,0.7621445102433543,1.3600436759349193,0.01176922423603593,6.0
2026-10-08 14:30:00,0.048054583,0.5477793106818413,0.8399999812245369,9.789999781176448,0.046183067073768465,0.7159614431695858,0.7621445102433543,1.3579784042958811,0.01176922423603593,6.0
2026-10-08 14:40:00,0.048054583,0.5411845413250651,0.8399999812245369,9.789999781176448,0.046183067073768465,0.7159614431695858,0.7621445102433543,1.351383634939105,0.01176922423603593,6.0
2026-10-08 14:50:00,0.048054583,0.5300516124793202,0.8399999812245369,9.789999781176448,0.046183067073768465,0.7159614431695858,0.7621445102433543,1.34025070609336,0.01176922423603593,6.0
2026-10-08 15:00:00,0.048054583,0.5144156233967084,0.8599999807775021,9.739999782294035,0.046490971254354085,0.7207347840379588,0.7672257552923128,1.3296959620597069,0.01176922423603593,6.0
2026-10-08 15:10:00,0.048054583,0.49435584025727286,0.8599999807775021,9.739999782294035,0.046490971254354085,0.7207347840379588,0.7672257552923128,1.3096361789202713,0.01176922423603593,6.0
2026-10-08 15:20:00,0.048054583,0.4699954820305613,0.8599999807775021,9.739999782294035,0.046490971254354085,0.7207347840379588,0.7672257552923128,1.2852758206935597,0.01176922423603593,6.0
2026-10-08 15:30:00,0.048054583,0.44150092021632104,0.8599999807775021,9.739999782294035,0.046490971254354085,0.7207347840379588,0.7672257552923128,1.2567812588793195,0.01176922423603593,6.0
2026-10-08 15:40:00,0.048054583,0.4090803294463296,0.8599999807775021,9.739999782294035,0.046490971254354085,0.7207347840379588,0.7672257552923128,1.224360668109328,0.01176922423603593,6.0
2026-10-08 15:50:00,0.048054583,0.3729818237856377,0.8599999807775021,9.739999782294035,0.046490971254354085,0.7207347840379588,0.7672257552923128,1.1882621624486362,0.01176922423603593,6.0
2026-10-08 16:00:00,0.048054583,0.33349110868806436,0.8599999807775021,9.739999782294035,0.046490971254354085,0.7207347840379588,0.7672257552923128,1.1487714473510628,0.01176922423603593,6.0
2026-10-08 16:10:00,0.048054583,0.2909286723429569,0.8599999807775021,9.739999782294035,0.046490971254354085,0.7207347840379588,0.7672257552923128,1.1062090110059553,0.01176922423603593,6.0
2026-10-08 16:20:00,0.048054583,0.2456465358835255,0.8599999807775021,9.739999782294035,0.046490971254354085,0.7207347840379588,0.7672257552923128,1.060926874546524,0.01176922423603593,6.0
2026-10-08 16:30:00,0.048054583,0.19802458041686713,0.8599999807775021,9.739999782294035,0.046490971254354085,0.7207347840379588,0.7672257552923128,1.0133049190798655,0.01176922423603593,6.0
2026-10-08 16:40:00,0.048054583,0.14846647246370148,0.8599999807775021,9.739999782294035,0.046490971254354085,0.7207347840379588,0.7672257552923128,0.9637468111266999,0.01176922423603593,6.0
2026-10-08 16:50:00,0.048054583,0.09739521814034632,0.8599999807775021,9.739999782294035,0.046490971254354085,0.7207347840379588,0.7672257552923128,0.9126755568033448,0.01176922423603593,6.0
2026-10-08 17:00:00,0.048054583,0.04524839013044374,0.8599999807775021,9.739999782294035,0.046490971254354085,0.7207347840379588,0.7672257552923128,0.8605287287934422,0.01176922423603593,6.0
2026-10-08 17:10:00,0.048054583,-0.007526910524567073,0.8599999807775021,9.739999782294035,0.046490971254354085,0.7207347840379588,0.7672257552923128,0.8077534281384313,0.01176922423603593,6.0
2026-10-08 17:20:00,0.048054583,-0.06047927620085927,0.8599999807775021,9.739999782294035,0.046490971254354085,0.7207347840379588,0.7672257552923128,0.7548010624621392,0.01176922423603593,6.0
2026-10-08 17:30:00,0.048054583,-0.11315829652241878,0.8599999807775021,9.739999782294035,0.046490971254354085,0.7207347840379588,0.7672257552923128,0.7021220421405796,0.01176922423603593,6.0
2026-10-08 17:40:00,0.048054583,-0.16511982634814398,0.8599999807775021,9.739999782294035,0.046490971254354085,0.7207347840379588,0.7672257552923128,0.6501605123148544,0.01176922423603593,6.0
2026-10-08 17:50:00,0.048054583,-0.21593108846081865,0.8599999807775021,9.739999782294035,0.046490971254354085,0.7207347840379588,0.7672257552923128,0.5993492502021798,0.01176922423603593,6.0
2026-10-08 18:00:00,0.048054583,-0.2651754778924568,0.8799999803304672,10.60999976284802,0.05122915078270774,0.7941892786841901,0.8454184294668978,0.6282975349451265,0.01176922423603593,6.0
2026-10-08 18:10:00,0.048054583,-0.3124569398697143,0.8799999803304672,10.60999976284802,0.05122915078270774,0.7941892786841901,0.8454184294668978,0.5810160729678691,0.01176922423603593,6.0
2026-10-08 18:20:00,0.048054583,-0.35740380792651905,0.8799999803304672,10.60999976284802,0.05122915078270774,0.7941892786841901,0.8454184294668978,0.5360692049110644,0.01176922423603593,6.0
2026-10-08 18:30:00,0.048054583,-0.3996720122986432,0.8799999803304672,10.60999976284802,0.05122915078270774,0.7941892786841901,0.8454184294668978,0.4938010005389402,0.01176922423603593,6.0
2026-10-08 18:40:00,0.048054583,-0.4389475995293371,0.8799999803304672,10.60999976284802,0.05122915078270774,0.7941892786841901,0.8454184294668978,0.4545254133082463,0.01176922423603593,6.0
2026-10-08 18:50:00,0.048054583,-0.47494854033760137,0.8799999803304672,10.60999976284802,0.05122915078270774,0.7941892786841901,0.8454184294668978,0.41852447249998204,0.01176922423603593,6.0
2026-10-08 19:00:00,0.048054583,-0.5074258406244441,0.8799999803304672,10.60999976284802,0.05122915078270774,0.7941892786841901,0.8454184294668978,0.38604717221313933,0.01176922423603593,6.0
2026-10-08 19:10:00,0.048054583,-0.5361640073727932,0.8799999803304672,10.60999976284802,0.05122915078270774,0.7941892786841901,0.8454184294668978,0.35730900546479016,0.01176922423603593,6.0
2026-10-08 19:20:00,0.048054583,-0.5609809529726795,0.8799999803304672,10.60999976284802,0.05122915078270774,0.7941892786841901,0.8454184294668978,0.33249205986490393,0.01176922423603593,6.0
2026-10-08 19:30:00,0.048054583,-0.5817274460344712,0.8799999803304672,10.60999976284802,0.05122915078270774,0.7941892786841901,0.8454184294668978,0.31174556680311216,0.01176922423603593,6.0
2026-10-08 19:40:00,0.048054583,-0.5982862311097519,0.8799999803304672,10.60999976284802,0.05122915078270774,0.7941892786841901,0.8454184294668978,0.2951867817278315,0.01176922423603593,6.0
2026-10-08 19:50:00,0.048054583,-0.610570943116048,0.8799999803304672,10.60999976284802,0.05122915078270774,0.7941892786841901,0.8454184294668978,0.2829020697215354,0.01176922423603593,6.0
2026-10-08 20:00:00,0.048054583,-0.6185249342720546,0.8799999803304672,10.60999976284802,0.05122915078270774,0.7941892786841901,0.8454184294668978,0.27494807856552883,0.01176922423603593,6.0
2026-10-08 20:10:00,0.048054583,-0.6221201130950759,0.8799999803304672,10.60999976284802,0.05122915078270774,0.7941892786841901,0.8454184294668978,0.27135289974250754,0.01176922423603593,6.0
2026-10-08 20:20:00,0.048054583,-0.6213558685661463,0.8799999803304672,10.60999976284802,0.05122915078270774,0.7941892786841901,0.8454184294668978,0.2721171442714371,0.01176922423603593,6.0
2026-10-08 20:30:00,0.048054583,-0.6162581208629478,0.8799999803304672,10.60999976284802,0.05122915078270774,0.7941892786841901,0.8454184294668978,0.27721489197463556,0.01176922423603593,6.0
2026-10-08 20:40:00,0.048054583,-0.6068785065711458,0.8799999803304672,10.60999976284802,0.05122915078270774,0.7941892786841901,0.8454184294668978,0.28659450626643757,0.01176922423603593,6.0
2026-10-08 20:50:00,0.048054583,-0.5932936747312215,0.8799999803304672,10.60999976284802,0.05122915078270774,0.7941892786841901,0.8454184294668978,0.3001793381063619,0.01176922423603593,6.0
2026-10-08 21:00:00,0.048054583,-0.5756046437899197,0.8899999801069498,13.0899997074157,0.06356163888430962,0.9853759308177757,1.0489375697020853,0.5213875092828512,0.01176922423603593,6.0
2026-10-08 21:10:00,0.048054583,-0.5539361514744296,0.8899999801069498,13.0899997074157,0.06356163888430962,0.9853759308177757,1.0489375697020853,0.5430560015983412,0.01176922423603593,6.0
2026-10-08 21:20:00,0.048054583,-0.5284359216452581,0.8899999801069498,13.0899997074157,0.06356163888430962,0.9853759308177757,1.0489375697020853,0.5685562314275128,0.01176922423603593,6.0
2026-10-08 21:30:00,0.048054583,-0.4992737750995509,0.8899999801069498,13.0899997074157,0.06356163888430962,0.9853759308177757,1.0489375697020853,0.59771837797322,0.01176922423603593,6.0
2026-10-08 21:40:00,0.048054583,-0.4666405248052275,0.8899999801069498,13.0899997074157,0.06356163888430962,0.9853759308177757,1.0489375697020853,0.6303516282675434,0.01176922423603593,6.0
2026-10-08 21:50:00,0.048054583,-0.43074661828819627,0.8899999801069498,13.0899997074157,0.06356163888430962,0.9853759308177757,1.0489375697020853,0.6662455347845746,0.01176922423603593,6.0
2026-10-08 22:00:00,0.048054583,-0.39182051866305856,0.8899999801069498,13.0899997074157,0.06356163888430962,0.9853759308177757,1.0489375697020853,0.7051716344097123,0.01176922423603593,6.0
2026-10-08 22:10:00,0.048054583,-0.35010684714572166,0.8899999801069498,13.0899997074157,0.06356163888430962,0.9853759308177757,1.0489375697020853,0.7468853059270493,0.01176922423603593,6.0
2026-10-08 22:20:00,0.048054583,-0.3058643408086524,0.8899999801069498,13.0899997074157,0.06356163888430962,0.9853759308177757,1.0489375697020853,0.7911278122641185,0.01176922423603593,6.0
2026-10-08 22:30:00,0.048054583,-0.25936370541518267,0.8899999801069498,13.0899997074157,0.06356163888430962,0.9853759308177757,1.0489375697020853,0.8376284476575881,0.01176922423603593,6.0
2026-10-08 22:40:00,0.048054583,-0.2108854617179943,0.8899999801069498,13.0899997074157,0.06356163888430962,0.9853759308177757,1.0489375697020853,0.8861066913547766,0.01176922423603593,6.0
2026-10-08 22:50:00,0.048054583,-0.16071789186345084,0.8899999801069498,13.0899997074157,0.06356163888430962,0.9853759308177757,1.0489375697020853,0.93627426120932,0.01176922423603593,6.0
2026-10-08 23:00:00,0.048054583,-0.10915518916098352,0.8899999801069498,13.0899997074157,0.06356163888430962,0.9853759308177757,1.0489375697020853,0.9878369639117873,0.01176922423603593,6.0
2026-10-08 23:10:00,0.048054583,-0.05649589954324134,0.8899999801069498,13.0899997074157,0.06356163888430962,0.9853759308177757,1.0489375697020853,1.0404962535295295,0.01176922423603593,6.0
2026-10-08 23:20:00,0.048054583,-0.0030417172851464674,0.8899999801069498,13.0899997074157,0.06356163888430962,0.9853759308177757,1.0489375697020853,1.0939504357876244,0.01176922423603593,6.0
2026-10-08 23:30:00,0.048054583,0.050903336126440345,0.8899999801069498,13.0899997074157,0.06356163888430962,0.9853759308177757,1.0489375697020853,1.1478954891992112,0.01176922423603593,6.0
2026-10-08 23:40:00,0.048054583,0.10503336026583689,0.8899999801069498,13.0899997074157,0.06356163888430962,0.9853759308177757,1.0489375697020853,1.2020255133386077,0.01176922423603593,6.0
2026-10-08 23:50:00,0.048054583,0.15904070130142878,0.8899999801069498,13.0899997074157,0.06356163888430962,0.9853759308177757,1.0489375697020853,1.2560328543741996,0.01176922423603593,6.0
2026-10-09 00:00:00,0.040065043,0.21261584250624066,0.909999979659915,13.019999708980322,0.06392814712106386,0.9910577917842847,1.0549859389053484,1.3076668240861307,0.01176922423603593,6.0
2026-10-09 00:10:00,0.040065043,0.26544717786608085,0.909999979659915,13.019999708980322,0.06392814712106386,0.9910577917842847,1.0549859389053484,1.3604981594459709,0.01176922423603593,6.0
2026-10-09 00:20:00,0.040065043,0.3172208078937592,0.909999979659915,13.019999708980322,0.06392814712106386,0.9910577917842847,1.0549859389053484,1.4122717894736492,0.01176922423603593,6.0
2026-10-09 00:30:00,0.040065043,0.3676205054468163,0.909999979659915,13.019999708980322,0.06392814712106386,0.9910577917842847,1.0549859389053484,1.4626714870267061,0.01176922423603593,6.0
2026-10-09 00:40:00,0.040065043,0.4163279948674158,0.909999979659915,13.019999708980322,0.06392814712106386,0.9910577917842847,1.0549859389053484,1.5113789764473058,0.01176922423603593,6.0
2026-10-09 00:50:00,0.040065043,0.4630236705110698,0.909999979659915,13.019999708980322,0.06392814712106386,0.9910577917842847,1.0549859389053484,1.5580746520909596,0.01176922423603593,6.0
2026-10-09 01:00:00,0.040065043,0.5073878516908301,0.909999979659915,13.019999708980322,0.06392814712106386,0.9910577917842847,1.0549859389053484,1.60243883327072,0.01176922423603593,6.0
2026-10-09 01:10:00,0.040065043,0.5491026334696298,0.909999979659915,13.019999708980322,0.06392814712106386,0.9910577917842847,1.0549859389053484,1.6441536150495197,0.01176922423603593,6.0
2026-10-09 01:20:00,0.040065043,0.5878543491785508,0.909999979659915,13.019999708980322,0.06392814712106386,0.9910577917842847,1.0549859389053484,1.6829053307584407,0.01176922423603593,6.0
2026-10-09 01:30:00,0.040065043,0.6233366156589404,0.909999979659915,13.019999708980322,0.06392814712106386,0.9910577917842847,1.0549859389053484,1.7183875972388303,0.01176922423603593,6.0
2026-10-09 01:40:00,0.040065043,0.6552538892438924,0.909999979659915,13.019999708980322,0.06392814712106386,0.9910577917842847,1.0549859389053484,1.7503048708237823,0.01176922423603593,6.0
2026-10-09 01:50:00,0.040065043,0.683325423557846,0.909999979659915,13.019999708980322,0.06392814712106386,0.9910577917842847,1.0549859389053484,1.778376405137736,0.01176922423603593,6.0
2026-10-09 02:00:00,0.040065043,0.7072894918810876,0.909999979659915,13.019999708980322,0.06392814712106386,0.9910577917842847,1.0549859389053484,1.8023404734609776,0.01176922423603593,6.0
2026-10-09 02:10:00,0.040065043,0.7269077192249812,0.909999979659915,13.019999708980322,0.06392814712106386,0.9910577917842847,1.0549859389053484,1.821958700804871,0.01176922423603593,6.0
2026-10-09 02:20:00,0.040065043,0.7419693632859771,0.909999979659915,13.019999708980322,0.06392814712106386,0.9910577917842847,1.0549859389053484,1.8370203448658668,0.01176922423603593,6.0
2026-10-09 02:30:00,0.040065043,0.7522953886508031,0.909999979659915,13.019999708980322,0.06392814712106386,0.9910577917842847,1.0549859389053484,1.8473463702306931,0.01176922423603593,6.0
2026-10-09 02:40:00,0.040065043,0.7577421938480852,0.909999979659915,13.019999708980322,0.06392814712106386,0.9910577917842847,1.0549859389053484,1.852793175427975,0.01176922423603593,6.0
2026-10-09 02:50:00,0.040065043,0.7582048736627682,0.909999979659915,13.019999708980322,0.06392814712106386,0.9910577917842847,1.0549859389053484,1.8532558552426581,0.01176922423603593,6.0
2026-10-09 03:00:00,0.040065043,0.7536199268654892,0.9199999794363976,12.929999710991979,0.0638341199398781,0.9896001182124669,1.053434238152345,1.8471192076923755,0.01176922423603593,6.0
2026-10-09 03:10:00,0.040065043,0.7439673490443168,0.9199999794363976,12.929999710991979,0.0638341199398781,0.9896001182124669,1.053434238152345,1.8374666298712032,0.01176922423603593,6.0
2026-10-09 03:20:00,0.040065043,0.7292720785808223,0.9199999794363976,12.929999710991979,0.0638341199398781,0.9896001182124669,1.053434238152345,1.8227713594077088,0.01176922423603593,6.0
2026-10-09 03:30:00,0.040065043,0.7096047885444409,0.9199999794363976,12.929999710991979,0.0638341199398781,0.9896001182124669,1.053434238152345,1.8031040693713272,0.01176922423603593,6.0
2026-10-09 03:40:00,0.040065043,0.6850820364916084,0.9199999794363976,12.929999710991979,0.0638341199398781,0.9896001182124669,1.053434238152345,1.7785813173184948,0.01176922423603593,6.0
2026-10-09 03:50:00,0.040065043,0.6558657969133299,0.9199999794363976,12.929999710991979,0.0638341199398781,0.9896001182124669,1.053434238152345,1.7493650777402163,0.01176922423603593,6.0
2026-10-09 04:00:00,0.040065043,0.6221624075074584,0.9199999794363976,12.929999710991979,0.0638341199398781,0.9896001182124669,1.053434238152345,1.715661688334345,0.01176922423603593,6.0
2026-10-09 04:10:00,0.040065043,0.5842209610949831,0.9199999794363976,12.929999710991979,0.0638341199398781,0.9896001182124669,1.053434238152345,1.6777202419218695,0.01176922423603593,6.0
2026-10-09 04:20:00,0.040065043,0.5423311719900279,0.9199999794363976,12.929999710991979,0.0638341199398781,0.9896001182124669,1.053434238152345,1.6358304528169143,0.01176922423603593,6.0
2026-10-09 04:30:00,0.040065043,0.4968207403241507,0.9199999794363976,12.929999710991979,0.0638341199398781,0.9896001182124669,1.053434238152345,1.590320021151037,0.01176922423603593,6.0
2026-10-09 04:40:00,0.040065043,0.4480522332919635,0.9199999794363976,12.929999710991979,0.0638341199398781,0.9896001182124669,1.053434238152345,1.5415515141188498,0.01176922423603593,6.0
2026-10-09 04:50:00,0.040065043,0.3964194998784295,0.9199999794363976,12.929999710991979,0.0638341199398781,0.9896001182124669,1.053434238152345,1.4899187807053158,0.01176922423603593,6.0
2026-10-09 05:00:00,0.040065043,0.3423436375215995,0.9199999794363976,12.929999710991979,0.0638341199398781,0.9896001182124669,1.053434238152345,1.435842918348486,0.01176922423603593,6.0
2026-10-09 05:10:00,0.040065043,0.28626853625697585,0.9199999794363976,12.929999710991979,0.0638341199398781,0.9896001182124669,1.053434238152345,1.3797678170838623,0.01176922423603593,6.0
2026-10-09 05:20:00,0.040065043,0.22865603805669032,0.9199999794363976,12.929999710991979,0.0638341199398781,0.9896001182124669,1.053434238152345,1.3221553188835768,0.01176922423603593,6.0
2026-10-09 05:30:00,0.040065043,0.169980766259116,0.9199999794363976,12.929999710991979,0.0638341199398781,0.9896001182124669,1.053434238152345,1.2634800470860024,0.01176922423603593,6.0
2026-10-09 05:40:00,0.040065043,0.11072469972195165,0.9199999794363976,12.929999710991979,0.0638341199398781,0.9896001182124669,1.053434238152345,1.204223980548838,0.01176922423603593,6.0
2026-10-09 05:50:00,0.040065043,0.05137158764961276,0.9199999794363976,12.929999710991979,0.0638341199398781,0.9896001182124669,1.053434238152345,1.1448708684764992,0.01176922423603593,6.0
2026-10-09 06:00:00,0.040065043,-0.007598679935106365,0.9299999792128801,13.929999688640237,0.06914376555413526,1.0719138703638875,1.1410576359180227,1.1735239986574577,0.01176922423603593,6.0
2026-10-09 06:10:00,0.040065043,-0.06571561567645391,0.9299999792128801,13.929999688640237,0.06914376555413526,1.0719138703638875,1.1410576359180227,1.1154070629161101,0.01176922423603593,6.0
2026-10-09 06:20:00,0.040065043,-0.12252345367965946,0.9299999792128801,13.929999688640237,0.06914376555413526,1.0719138703638875,1.1410576359180227,1.0585992249129046,0.01176922423603593,6.0
2026-10-09 06:30:00,0.040065043,-0.1775861047536264,0.9299999792128801,13.929999688640237,0.06914376555413526,1.0719138703638875,1.1410576359180227,1.0035365738389377,0.01176922423603593,6.0
2026-10-09 06:40:00,0.040065043,-0.23049161877600252,0.9299999792128801,13.929999688640237,0.06914376555413526,1.0719138703638875,1.1410576359180227,0.9506310598165616,0.01176922423603593,6.0
2026-10-09 06:50:00,0.040065043,-0.2808560437329748,0.9299999792128801,13.929999688640237,0.06914376555413526,1.0719138703638875,1.1410576359180227,0.9002666348595894,0.01176922423603593,6.0
2026-10-09 07:00:00,0.040065043,-0.32832659843491996,0.9299999792128801,13.929999688640237,0.06914376555413526,1.0719138703638875,1.1410576359180227,0.8527960801576442,0.01176922423603593,6.0
2026-10-09 07:10:00,0.040065043,-0.37258411003329905,0.9299999792128801,13.929999688640237,0.06914376555413526,1.0719138703638875,1.1410576359180227,0.8085385685592651,0.01176922423603593,6.0
2026-10-09 07:20:00,0.040065043,-0.4133447052183387,0.9299999792128801,13.929999688640237,0.06914376555413526,1.0719138703638875,1.1410576359180227,0.7677779733742254,0.01176922423603593,6.0
2026-10-09 07:30:00,0.040065043,-0.4503607826480209,0.9299999792128801,13.929999688640237,0.06914376555413526,1.0719138703638875,1.1410576359180227,0.7307618959445432,0.01176922423603593,6.0
2026-10-09 07:40:00,0.040065043,-0.48342132970280616,0.9299999792128801,13.929999688640237,0.06914376555413526,1.0719138703638875,1.1410576359180227,0.697701348889758,0.01176922423603593,6.0
2026-10-09 07:50:00,0.040065043,-0.5123516764450085,0.9299999792128801,13.929999688640237,0.06914376555413526,1.0719138703638875,1.1410576359180227,0.6687710021475557,0.01176922423603593,6.0
2026-10-09 08:00:00,0.040065043,-0.5370128005443313,0.9299999792128801,13.929999688640237,0.06914376555413526,1.0719138703638875,1.1410576359180227,0.6441098780482328,0.01176922423603593,6.0
2026-10-09 08:10:00,0.040065043,-0.5573003073799586,0.9299999792128801,13.929999688640237,0.06914376555413526,1.0719138703638875,1.1410576359180227,0.6238223712126055,0.01176922423603593,6.0
2026-10-09 08:20:00,0.040065043,-0.5731432085969757,0.9299999792128801,13.929999688640237,0.06914376555413526,1.0719138703638875,1.1410576359180227,0.6079794699955885,0.01176922423603593,6.0
2026-10-09 08:30:00,0.040065043,-0.5845026105439953,0.9299999792128801,13.929999688640237,0.06914376555413526,1.0719138703638875,1.1410576359180227,0.5966200680485688,0.01176922423603593,6.0
2026-10-09 08:40:00,0.040065043,-0.5913704027172119,0.9299999792128801,13.929999688640237,0.06914376555413526,1.0719138703638875,1.1410576359180227,0.5897522758753523,0.01176922423603593,6.0
2026-10-09 08:50:00,0.040065043,-0.5937680081401782,0.9299999792128801,13.929999688640237,0.06914376555413526,1.0719138703638875,1.1410576359180227,0.587354670452386,0.01176922423603593,6.0
2026-10-09 09:00:00,0.040065043,-0.5917452256059259,0.9499999787658453,14.509999675676227,0.07279300563048571,1.1284868820125695,1.2012798876430553,0.6495997047116708,0.01176922423603593,6.0
2026-10-09 09:10:00,0.040065043,-0.5853791616899863,0.9499999787658453,14.509999675676227,0.07279300563048571,1.1284868820125695,1.2012798876430553,0.6559657686276105,0.01176922423603593,6.0
2026-10-09 09:20:00,0.040065043,-0.5747732217511987,0.9499999787658453,14.509999675676227,0.07279300563048571,1.1284868820125695,1.2012798876430553,0.666571708566398,0.01176922423603593,6.0
2026-10-09 09:30:00,0.040065043,-0.5600561071615189,0.9499999787658453,14.509999675676227,0.07279300563048571,1.1284868820125695,1.2012798876430553,0.6812888231560779,0.01176922423603593,6.0
2026-10-09 09:40:00,0.040065043,-0.5413807530696441,0.9499999787658453,14.509999675676227,0.07279300563048571,1.1284868820125695,1.2012798876430553,0.6999641772479527,0.01176922423603593,6.0
2026-10-09 09:50:00,0.040065043,-0.5189231384337588,0.9499999787658453,14.509999675676227,0.07279300563048571,1.1284868820125695,1.2012798876430553,0.7224217918838379,0.01176922423603593,6.0
2026-10-09 10:00:00,0.040065043,-0.4928809083898695,0.9499999787658453,14.509999675676227,0.07279300563048571,1.1284868820125695,1.2012798876430553,0.7484640219277272,0.01176922423603593,6.0
2026-10-09 10:10:00,0.040065043,-0.46347176668392825,0.9499999787658453,14.509999675676227,0.07279300563048571,1.1284868820125695,1.2012798876430553,0.7778731636336684,0.01176922423603593,6.0
2026-10-09 10:20:00,0.040065043,-0.4309316215812885,0.9499999787658453,14.509999675676227,0.07279300563048571,1.1284868820125695,1.2012798876430553,0.8104133087363082,0.01176922423603593,6.0
2026-10-09 10:30:00,0.040065043,-0.39551249840941294,0.9499999787658453,14.509999675676227,0.07279300563048571,1.1284868820125695,1.2012798876430553,0.8458324319081838,0.01176922423603593,6.0
2026-10-09 10:40:00,0.040065043,-0.35748026314202996,0.9499999787658453,14.509999675676227,0.07279300563048571,1.1284868820125695,1.2012798876430553,0.8838646671755668,0.01176922423603593,6.0
2026-10-09 10:50:00,0.040065043,-0.3171122294861266,0.9499999787658453,14.509999675676227,0.07279300563048571,1.1284868820125695,1.2012798876430553,0.9242327008314701,0.01176922423603593,6.0
2026-10-09 11:00:00,0.040065043,-0.2746947440829363,0.9499999787658453,14.509999675676227,0.07279300563048571,1.1284868820125695,1.2012798876430553,0.9666501862346604,0.01176922423603593,6.0
2026-10-09 11:10:00,0.040065043,-0.23052085717777546,0.9499999787658453,14.509999675676227,0.07279300563048571,1.1284868820125695,1.2012798876430553,1.0108240731398213,0.01176922423603593,6.0
2026-10-09 11:20:00,0.040065043,-0.18488818792868564,0.9499999787658453,14.509999675676227,0.07279300563048571,1.1284868820125695,1.2012798876430553,1.056456742388911,0.01176922423603593,6.0
2026-10-09 11:30:00,0.040065043,-0.13809708349394517,0.9499999787658453,14.509999675676227,0.07279300563048571,1.1284868820125695,1.2012798876430553,1.1032478468236515,0.01176922423603593,6.0
2026-10-09 11:40:00,0.040065043,-0.0904491494410857,0.9499999787658453,14.509999675676227,0.07279300563048571,1.1284868820125695,1.2012798876430553,1.150895780876511,0.01176922423603593,6.0
2026-10-09 11:50:00,0.040065043,-0.042246198287080844,0.9499999787658453,14.509999675676227,0.07279300563048571,1.1284868820125695,1.2012798876430553,1.199098732030516,0.01176922423603593,6.0
2026-10-09 12:00:00,0.040065043,0.006210375132680059,0.979999978095293,14.36999967880547,0.07322008736033092,1.1351077946332693,1.2083278819936,1.2546032998008216,0.01176922423603593,6.0
2026-10-09 12:10:00,0.040065043,0.0546198234356046,0.979999978095293,14.36999967880547,0.07322008736033092,1.1351077946332693,1.2083278819936,1.3030127481037461,0.01176922423603593,6.0
2026-10-09 12:20:00,0.040065043,0.10268195400560405,0.979999978095293,14.36999967880547,0.07322008736033092,1.1351077946332693,1.2083278819936,1.3510748786737456,0.01176922423603593,6.0
2026-10-09 12:30:00,0.040065043,0.15009682135029956,0.979999978095293,14.36999967880547,0.07322008736033092,1.1351077946332693,1.2083278819936,1.3984897460184411,0.01176922423603593,6.0
2026-10-09 12:40:00,0.040065043,0.19656433911541185,0.979999978095293,14.36999967880547,0.07322008736033092,1.1351077946332693,1.2083278819936,1.4449572637835535,0.01176922423603593,6.0
2026-10-09 12:50:00,0.040065043,0.24178396200013402,0.979999978095293,14.36999967880547,0.07322008736033092,1.1351077946332693,1.2083278819936,1.4901768866682756,0.01176922423603593,6.0
2026-10-09 13:00:00,0.040065043,0.2854545905901922,0.979999978095293,14.36999967880547,0.07322008736033092,1.1351077946332693,1.2083278819936,1.5338475152583337,0.01176922423603593,6.0
2026-10-09 13:10:00,0.040065043,0.3272748416828278,0.979999978095293,14.36999967880547,0.07322008736033092,1.1351077946332693,1.2083278819936,1.5756677663509693,0.01176922423603593,6.0
2026-10-09 13:20:00,0.040065043,0.366943803263907,0.979999978095293,14.36999967880547,0.07322008736033092,1.1351077946332693,1.2083278819936,1.6153367279320485,0.01176922423603593,6.0
2026-10-09 13:30:00,0.040065043,0.40416235982500776,0.979999978095293,14.36999967880547,0.07322008736033092,1.1351077946332693,1.2083278819936,1.6525552844931493,0.01176922423603593,6.0
2026-10-09 13:40:00,0.040065043,0.43863513217314765,0.979999978095293,14.36999967880547,0.07322008736033092,1.1351077946332693,1.2083278819936,1.6870280568412892,0.01176922423603593,6.0
2026-10-09 13:50:00,0.040065043,0.47007303086648494,0.979999978095293,14.36999967880547,0.07322008736033092,1.1351077946332693,1.2083278819936,1.7184659555346264,0.01176922423603593,6.0
2026-10-09 14:00:00,0.040065043,0.4981963771434455,0.979999978095293,14.36999967880547,0.07322008736033092,1.1351077946332693,1.2083278819936,1.746589301811587,0.01176922423603593,6.0
2026-10-09 14:10:00,0.040065043,0.5227385040389451,0.979999978095293,14.36999967880547,0.07322008736033092,1.1351077946332693,1.2083278819936,1.7711314287070867,0.01176922423603593,6.0
2026-10-09 14:20:00,0.040065043,0.5434497163094408,0.979999978095293,14.36999967880547,0.07322008736033092,1.1351077946332693,1.2083278819936,1.7918426409775825,0.01176922423603593,6.0
2026-10-09 14:30:00,0.040065043,0.560101463533452,0.979999978095293,14.36999967880547,0.07322008736033092,1.1351077946332693,1.2083278819936,1.8084943882015936,0.01176922423603593,6.0
2026-10-09 14:40:00,0.040065043,0.572490567743669,0.979999978095293,14.36999967880547,0.07322008736033092,1.1351077946332693,1.2083278819936,1.8208834924118107,0.01176922423603593,6.0
2026-10-09 14:50:00,0.040065043,0.5804433454637951,0.979999978095293,14.36999967880547,0.07322008736033092,1.1351077946332693,1.2083278819936,1.8288362701319367,0.01176922423603593,6.0
2026-10-09 15:00:00,0.040065043,0.5838194733959219,1.0099999774247408,14.269999681040645,0.07381508033361954,1.1443317820126924,1.2181468623463119,1.8420313784167752,0.01176922423603593,6.0
2026-10-09 15:10:00,0.040065043,0.5825154653184005,1.0099999774247408,14.269999681040645,0.07381508033361954,1.1443317820126924,1.2181468623463119,1.8407273703392537,0.01176922423603593,6.0
2026-10-09 15:20:00,0.040065043,0.5764676526041904,1.0099999774247408,14.269999681040645,0.07381508033361954,1.1443317820126924,1.2181468623463119,1.8346795576250439,0.01176922423603593,6.0
2026-10-09 15:30:00,0.040065043,0.5656545891155124,1.0099999774247408,14.269999681040645,0.07381508033361954,1.1443317820126924,1.2181468623463119,1.8238664941363658,0.01176922423603593,6.0
2026-10-09 15:40:00,0.040065043,0.5500988300746377,1.0099999774247408,14.269999681040645,0.07381508033361954,1.1443317820126924,1.2181468623463119,1.808310735095491,0.01176922423603593,6.0
2026-10-09 15:50:00,0.040065043,0.529868061080428,1.0099999774247408,14.269999681040645,0.07381508033361954,1.1443317820126924,1.2181468623463119,1.7880799661012814,0.01176922423603593,6.0
2026-10-09 16:00:00,0.040065043,0.50507557553825,1.0099999774247408,14.269999681040645,0.07381508033361954,1.1443317820126924,1.2181468623463119,1.7632874805591032,0.01176922423603593,6.0
2026-10-09 16:10:00,0.040065043,0.4758801149329554,1.0099999774247408,14.269999681040645,0.07381508033361954,1.1443317820126924,1.2181468623463119,1.7340920199538088,0.01176922423603593,6.0
2026-10-09 16:20:00,0.040065043,0.44248509625647703,1.0099999774247408,14.269999681040645,0.07381508033361954,1.1443317820126924,1.2181468623463119,1.7006970012773304,0.01176922423603593,6.0
2026-10-09 16:30:00,0.040065043,0.40513725461989214,1.0099999774247408,14.269999681040645,0.07381508033361954,1.1443317820126924,1.2181468623463119,1.6633491596407455,0.01176922423603593,6.0
2026-10-09 16:40:00,0.040065043,0.36412472833611664,1.0099999774247408,14.269999681040645,0.07381508033361954,1.1443317820126924,1.2181468623463119,1.62233663335697,0.01176922423603593,6.0
2026-10-09 16:50:00,0.040065043,0.31977460982437167,1.0099999774247408,14.269999681040645,0.07381508033361954,1.1443317820126924,1.2181468623463119,1.577986514845225,0.01176922423603593,6.0
2026-10-09 17:00:00,0.040065043,0.27244998132457665,1.0099999774247408,14.269999681040645,0.07381508033361954,1.1443317820126924,1.2181468623463119,1.53066188634543,0.01176922423603593,6.0
2026-10-09 17:10:00,0.040065043,0.22254645130990824,1.0099999774247408,14.269999681040645,0.07381508033361954,1.1443317820126924,1.2181468623463119,1.4807583563307616,0.01176922423603593,6.0
2026-10-09 17:20:00,0.040065043,0.1704882079593083,1.0099999774247408,14.269999681040645,0.07381508033361954,1.1443317820126924,1.2181468623463119,1.4287001129801618,0.01176922423603593,6.0
2026-10-09 17:30:00,0.040065043,0.11672361123260755,1.0099999774247408,14.269999681040645,0.07381508033361954,1.1443317820126924,1.2181468623463119,1.3749355162534609,0.01176922423603593,6.0
2026-10-09 17:40:00,0.040065043,0.061720355556405065,1.0099999774247408,14.269999681040645,0.07381508033361954,1.1443317820126924,1.2181468623463119,1.3199322605772583,0.01176922423603593,6.0
2026-10-09 17:50:00,0.040065043,0.005960250860955256,1.0099999774247408,14.269999681040645,0.07381508033361954,1.1443317820126924,1.2181468623463119,1.2641721558818086,0.01176922423603593,6.0
2026-10-09 18:00:00,0.040065043,-0.050066310894517255,1.0199999772012234,14.159999683499336,0.07360778954133501,1.1411182185964137,1.2147260081377487,1.204724739917773,0.01176922423603593,6.0
2026-10-09 18:10:00,0.040065043,-0.1058661147426109,1.0199999772012234,14.159999683499336,0.07360778954133501,1.1411182185964137,1.2147260081377487,1.1489249360696792,0.01176922423603593,6.0
2026-10-09 18:20:00,0.040065043,-0.16094899722985084,1.0199999772012234,14.159999683499336,0.07360778954133501,1.1411182185964137,1.2147260081377487,1.0938420535824394,0.01176922423603593,6.0
2026-10-09 18:30:00,0.040065043,-0.21483370791897574,1.0199999772012234,14.159999683499336,0.07360778954133501,1.1411182185964137,1.2147260081377487,1.0399573428933144,0.01176922423603593,6.0
2026-10-09 18:40:00,0.040065043,-0.26705361676749684,1.0199999772012234,14.159999683499336,0.07360778954133501,1.1411182185964137,1.2147260081377487,0.9877374340447933,0.01176922423603593,6.0
2026-10-09 18:50:00,0.040065043,-0.31716212120018805,1.0199999772012234,14.159999683499336,0.07360778954133501,1.1411182185964137,1.2147260081377487,0.9376289296121021,0.01176922423603593,6.0
2026-10-09 19:00:00,0.040065043,-0.36473761093399776,1.0199999772012234,14.159999683499336,0.07360778954133501,1.1411182185964137,1.2147260081377487,0.8900534398782924,0.01176922423603593,6.0
2026-10-09 19:10:00,0.040065043,-0.4093878626949398,1.0199999772012234,14.159999683499336,0.07360778954133501,1.1411182185964137,1.2147260081377487,0.8454031881173503,0.01176922423603593,6.0
2026-10-09 19:20:00,0.040065043,-0.4507537601858211,1.0199999772012234,14.159999683499336,0.07360778954133501,1.1411182185964137,1.2147260081377487,0.804037290626469,0.01176922423603593,6.0
2026-10-09 19:30:00,0.040065043,-0.48851226610800125,1.0199999772012234,14.159999683499336,0.07360778954133501,1.1411182185964137,1.2147260081377487,0.7662787847042889,0.01176922423603593,6.0
2026-10-09 19:40:00,0.040065043,-0.522378609605178,1.0199999772012234,14.159999683499336,0.07360778954133501,1.1411182185964137,1.2147260081377487,0.7324124412071121,0.01176922423603593,6.0
2026-10-09 19:50:00,0.040065043,-0.5521076919708056,1.0199999772012234,14.159999683499336,0.07360778954133501,1.1411182185964137,1.2147260081377487,0.7026833588414846,0.01176922423603593,6.0
2026-10-09 20:00:00,0.040065043,-0.577494751742823,1.0199999772012234,14.159999683499336,0.07360778954133501,1.1411182185964137,1.2147260081377487,0.6772962990694671,0.01176922423603593,6.0
2026-10-09 20:10:00,0.040065043,-0.5983753645360418,1.0199999772012234,14.159999683499336,0.07360778954133501,1.1411182185964137,1.2147260081377487,0.6564156862762484,0.01176922423603593,6.0
2026-10-09 20:20:00,0.040065043,-0.6146248797528756,1.0199999772012234,14.159999683499336,0.07360778954133501,1.1411182185964137,1.2147260081377487,0.6401661710594145,0.01176922423603593,6.0
2026-10-09 20:30:00,0.040065043,-0.6261574135446215,1.0199999772012234,14.159999683499336,0.07360778954133501,1.1411182185964137,1.2147260081377487,0.6286336372676686,0.01176922423603593,6.0
2026-10-09 20:40:00,0.040065043,-0.6329245235781865,1.0199999772012234,14.159999683499336,0.07360778954133501,1.1411182185964137,1.2147260081377487,0.6218665272341036,0.01176922423603593,6.0
2026-10-09 20:50:00,0.040065043,-0.634913686062006,1.0199999772012234,14.159999683499336,0.07360778954133501,1.1411182185964137,1.2147260081377487,0.6198773647502841,0.01176922423603593,6.0
2026-10-09 21:00:00,0.040065043,-0.632146680045196,1.0399999767541885,14.089999685063958,0.07395850087178066,1.14655518513397,1.2205136860057506,0.628432048635096,0.01176922423603593,6.0
2026-10-09 21:10:00,0.040065043,-0.6246779601074356,1.0399999767541885,14.089999685063958,0.07395850087178066,1.14655518513397,1.2205136860057506,0.6359007685728565,0.01176922423603593,6.0
2026-10-09 21:20:00,0.040065043,-0.6125930691582552,1.0399999767541885,14.089999685063958,0.07395850087178066,1.14655518513397,1.2205136860057506,0.6479856595220369,0.01176922423603593,6.0
2026-10-09 21:30:00,0.040065043,-0.5960071114988111,1.0399999767541885,14.089999685063958,0.07395850087178066,1.14655518513397,1.2205136860057506,0.664571617181481,0.01176922423603593,6.0
2026-10-09 21:40:00,0.040065043,-0.5750632762057678,1.0399999767541885,14.089999685063958,0.07395850087178066,1.14655518513397,1.2205136860057506,0.6855154524745243,0.01176922423603593,6.0
2026-10-09 21:50:00,0.040065043,-0.5499313757013902,1.0399999767541885,14.089999685063958,0.07395850087178066,1.14655518513397,1.2205136860057506,0.7106473529789019,0.01176922423603593,6.0
2026-10-09 22:00:00,0.040065043,-0.5208063469108252,1.0399999767541885,14.089999685063958,0.07395850087178066,1.14655518513397,1.2205136860057506,0.7397723817694669,0.01176922423603593,6.0
2026-10-09 22:10:00,0.040065043,-0.48790665460711036,1.0399999767541885,14.089999685063958,0.07395850087178066,1.14655518513397,1.2205136860057506,0.7726720740731817,0.01176922423603593,6.0
2026-10-09 22:20:00,0.040065043,-0.4514725393262342,1.0399999767541885,14.089999685063958,0.07395850087178066,1.14655518513397,1.2205136860057506,0.8091061893540579,0.01176922423603593,6.0
2026-10-09 22:30:00,0.040065043,-0.4117640651099581,1.0399999767541885,14.089999685063958,0.07395850087178066,1.14655518513397,1.2205136860057506,0.848814663570334,0.01176922423603593,6.0
2026-10-09 22:40:00,0.040065043,-0.3690589439218341,1.0399999767541885,14.089999685063958,0.07395850087178066,1.14655518513397,1.2205136860057506,0.891519784758458,0.01176922423603593,6.0
2026-10-09 22:50:00,0.040065043,-0.32365014110597806,1.0399999767541885,14.089999685063958,0.07395850087178066,1.14655518513397,1.2205136860057506,0.9369285875743141,0.01176922423603593,6.0
2026-10-09 23:00:00,0.040065043,-0.27584329668683644,1.0399999767541885,14.089999685063958,0.07395850087178066,1.14655518513397,1.2205136860057506,0.9847354319934556,0.01176922423603593,6.0
2026-10-09 23:10:00,0.040065043,-0.22595402660905298,1.0399999767541885,14.089999685063958,0.07395850087178066,1.14655518513397,1.2205136860057506,1.0346247020712391,0.01176922423603593,6.0
2026-10-09 23:20:00,0.040065043,-0.17430519291224464,1.0399999767541885,14.089999685063958,0.07395850087178066,1.14655518513397,1.2205136860057506,1.0862735357680475,0.01176922423603593,6.0
2026-10-09 23:30:00,0.040065043,-0.12122424875247122,1.0399999767541885,14.089999685063958,0.07395850087178066,1.14655518513397,1.2205136860057506,1.1393544799278208,0.01176922423603593,6.0
2026-10-09 23:40:00,0.040065043,-0.06704077084306541,1.0399999767541885,14.089999685063958,0.07395850087178066,1.14655518513397,1.2205136860057506,1.1935379578372267,0.01176922423603593,6.0
2026-10-09 23:50:00,0.040065043,-0.012084286978088516,1.0399999767541885,14.089999685063958,0.07395850087178066,1.14655518513397,1.2205136860057506,1.2484944417022035,0.01176922423603593,6.0
2026-10-10 00:00:00,0.05607807,0.043317510534030046,1.029999976977706,14.029999686405063,0.07328864969386098,1.1361706947473489,1.2094593444412098,1.308854923887269,0.01176922423603593,6.0
2026-10-10 00:10:00,0.05607807,0.09884010201590675,1.029999976977706,14.029999686405063,0.07328864969386098,1.1361706947473489,1.2094593444412098,1.3643775153691458,0.01176922423603593,6.0
2026-10-10 00:20:00,0.05607807,0.15416300045391582,1.029999976977706,14.029999686405063,0.07328864969386098,1.1361706947473489,1.2094593444412098,1.419700413807155,0.01176922423603593,6.0
2026-10-10 00:30:00,0.05607807,0.20897014743615872,1.029999976977706,14.029999686405063,0.07328864969386098,1.1361706947473489,1.2094593444412098,1.4745075607893978,0.01176922423603593,6.0
2026-10-10 00:40:00,0.05607807,0.26294990012332914,1.029999976977706,14.029999686405063,0.07328864969386098,1.1361706947473489,1.2094593444412098,1.5284873134765682,0.01176922423603593,6.0
2026-10-10 00:50:00,0.05607807,0.3157947034600291,1.029999976977706,14.029999686405063,0.07328864969386098,1.1361706947473489,1.2094593444412098,1.5813321168132681,0.01176922423603593,6.0
2026-10-10 01:00:00,0.05607807,0.3672005742563954,1.029999976977706,14.029999686405063,0.07328864969386098,1.1361706947473489,1.2094593444412098,1.6327379876096346,0.01176922423603593,6.0
2026-10-10 01:10:00,0.05607807,0.41686654620269314,1.029999976977706,14.029999686405063,0.07328864969386098,1.1361706947473489,1.2094593444412098,1.6824039595559324,0.01176922423603593,6.0
2026-10-10 01:20:00,0.05607807,0.46449423487409036,1.029999976977706,14.029999686405063,0.07328864969386098,1.1361706947473489,1.2094593444412098,1.7300316482273295,0.01176922423603593,6.0
2026-10-10 01:30:00,0.05607807,0.5097876784505161,1.029999976977706,14.029999686405063,0.07328864969386098,1.1361706947473489,1.2094593444412098,1.7753250918037553,0.01176922423603593,6.0
2026-10-10 01:40:00,0.05607807,0.552453593039658,1.029999976977706,14.029999686405063,0.07328864969386098,1.1361706947473489,1.2094593444412098,1.817991006392897,0.01176922423603593,6.0
2026-10-10 01:50:00,0.05607807,0.5922021528993896,1.029999976977706,14.029999686405063,0.07328864969386098,1.1361706947473489,1.2094593444412098,1.8577395662526288,0.01176922423603593,6.0
2026-10-10 02:00:00,0.05607807,0.6287483677271749,1.029999976977706,14.029999686405063,0.07328864969386098,1.1361706947473489,1.2094593444412098,1.8942857810804141,0.01176922423603593,6.0
2026-10-10 02:10:00,0.05607807,0.6618140851242882,1.029999976977706,14.029999686405063,0.07328864969386098,1.1361706947473489,1.2094593444412098,1.9273514984775273,0.01176922423603593,6.0
2026-10-10 02:20:00,0.05607807,0.6911306000903034,1.029999976977706,14.029999686405063,0.07328864969386098,1.1361706947473489,1.2094593444412098,1.9566680134435424,0.01176922423603593,6.0
2026-10-10 02:30:00,0.05607807,0.7164418089534341,1.029999976977706,14.029999686405063,0.07328864969386098,1.1361706947473489,1.2094593444412098,1.9819792223066732,0.01176922423603593,6.0
2026-10-10 02:40:00,0.05607807,0.7375078062182467,1.029999976977706,14.029999686405063,0.07328864969386098,1.1361706947473489,1.2094593444412098,2.0030452195714856,0.01176922423603593,6.0
2026-10-10 02:50:00,0.05607807,0.7541087923039159,1.029999976977706,14.029999686405063,0.07328864969386098,1.1361706947473489,1.2094593444412098,2.019646205657155,0.01176922423603593,6.0
2026-10-10 03:00:00,0.05607807,0.7660491402919327,1.0199999772012234,13.949999688193202,0.07251614859474742,1.1241948551850263,1.1967110037797737,2.0188382129837357,0.01176922423603593,6.0
2026-10-10 03:10:00,0.05607807,0.7731614614027953,1.0199999772012234,13.949999688193202,0.07251614859474742,1.1241948551850263,1.1967110037797737,2.0259505340945982,0.01176922423603593,6.0
2026-10-10 03:20:00,0.05607807,0.7753105119511331,1.0199999772012234,13.949999688193202,0.07251614859474742,1.1241948551850263,1.1967110037797737,2.028099584642936,0.01176922423603593,6.0
2026-10-10 03:30:00,0.05607807,0.7723967975914979,1.0199999772012234,13.949999688193202,0.07251614859474742,1.1241948551850263,1.1967110037797737,2.025185870283301,0.01176922423603593,6.0
2026-10-10 03:40:00,0.05607807,0.7643597517279157,1.0199999772012234,13.949999688193202,0.07251614859474742,1.1241948551850263,1.1967110037797737,2.017148824419719,0.01176922423603593,6.0
2026-10-10 03:50:00,0.05607807,0.7511803911837697,1.0199999772012234,13.949999688193202,0.07251614859474742,1.1241948551850263,1.1967110037797737,2.0039694638755727,0.01176922423603593,6.0
2026-10-10 04:00:00,0.05607807,0.7328833806570312,1.0199999772012234,13.949999688193202,0.07251614859474742,1.1241948551850263,1.1967110037797737,1.9856724533488341,0.01176922423603593,6.0
2026-10-10 04:10:00,0.05607807,0.709538465136329,1.0199999772012234,13.949999688193202,0.07251614859474742,1.1241948551850263,1.1967110037797737,1.962327537828132,0.01176922423603593,6.0
2026-10-10 04:20:00,0.05607807,0.681261253853081,1.0199999772012234,13.949999688193202,0.07251614859474742,1.1241948551850263,1.1967110037797737,1.934050326544884,0.01176922423603593,6.0
2026-10-10 04:30:00,0.05607807,0.6482133585997951,1.0199999772012234,13.949999688193202,0.07251614859474742,1.1241948551850263,1.1967110037797737,1.901002431291598,0.01176922423603593,6.0
2026-10-10 04:40:00,0.05607807,0.6106019024313254,1.0199999772012234,13.949999688193202,0.07251614859474742,1.1241948551850263,1.1967110037797737,1.8633909751231283,0.01176922423603593,6.0
2026-10-10 04:50:00,0.05607807,0.5686784217725189,1.0199999772012234,13.949999688193202,0.07251614859474742,1.1241948551850263,1.1967110037797737,1.8214674944643219,0.01176922423603593,6.0
2026-10-10 05:00:00,0.05607807,0.5227371866727838,1.0199999772012234,13.949999688193202,0.07251614859474742,1.1241948551850263,1.1967110037797737,1.7755262593645869,0.01176922423603593,6.0
2026-10-10 05:10:00,0.05607807,0.473112961810699,1.0199999772012234,13.949999688193202,0.07251614859474742,1.1241948551850263,1.1967110037797737,1.725902034502502,0.01176922423603593,6.0
2026-10-10 05:20:00,0.05607807,0.420178227037545,1.0199999772012234,13.949999688193202,0.07251614859474742,1.1241948551850263,1.1967110037797737,1.6729672997293479,0.01176922423603593,6.0
2026-10-10 05:30:00,0.05607807,0.36433987285422265,1.0199999772012234,13.949999688193202,0.07251614859474742,1.1241948551850263,1.1967110037797737,1.6171289455460256,0.01176922423603593,6.0
2026-10-10 05:40:00,0.05607807,0.3060353853174085,1.0199999772012234,13.949999688193202,0.07251614859474742,1.1241948551850263,1.1967110037797737,1.5588244580092114,0.01176922423603593,6.0
2026-10-10 05:50:00,0.05607807,0.24572853829110042,1.0199999772012234,13.949999688193202,0.07251614859474742,1.1241948551850263,1.1967110037797737,1.4985176109829035,0.01176922423603593,6.0
2026-10-10 06:00:00,0.05607807,0.18390461939108732,1.029999976977706,13.869999689981341,0.0724528561121776,1.1232136518991966,1.1956665080113742,1.4356491963144908,0.01176922423603593,6.0
2026-10-10 06:10:00,0.05607807,0.1210652299279953,1.029999976977706,13.869999689981341,0.0724528561121776,1.1232136518991966,1.1956665080113742,1.3728098068513988,0.01176922423603593,6.0
2026-10-10 06:20:00,0.05607807,0.057722717539342126,1.029999976977706,13.869999689981341,0.0724528561121776,1.1232136518991966,1.1956665080113742,1.3094672944627457,0.01176922423603593,6.0
2026-10-10 06:30:00,0.05607807,-0.005605678126694712,1.029999976977706,13.869999689981341,0.0724528561121776,1.1232136518991966,1.1956665080113742,1.2461388987967088,0.01176922423603593,6.0
2026-10-10 06:40:00,0.05607807,-0.06840386393849175,1.029999976977706,13.869999689981341,0.0724528561121776,1.1232136518991966,1.1956665080113742,1.1833407129849116,0.01176922423603593,6.0
2026-10-10 06:50:00,0.05607807,-0.13016299243473908,1.029999976977706,13.869999689981341,0.0724528561121776,1.1232136518991966,1.1956665080113742,1.1215815844886643,0.01176922423603593,6.0
2026-10-10 07:00:00,0.05607807,-0.19038748161280303,1.029999976977706,13.869999689981341,0.0724528561121776,1.1232136518991966,1.1956665080113742,1.0613570953106004,0.01176922423603593,6.0
2026-10-10 07:10:00,0.05607807,-0.24860080577071458,1.029999976977706,13.869999689981341,0.0724528561121776,1.1232136518991966,1.1956665080113742,1.003143771152689,0.01176922423603593,6.0
2026-10-10 07:20:00,0.05607807,-0.3043509068394447,1.029999976977706,13.869999689981341,0.0724528561121776,1.1232136518991966,1.1956665080113742,0.9473936700839587,0.01176922423603593,6.0
2026-10-10 07:30:00,0.05607807,-0.3572150844990621,1.029999976977706,13.869999689981341,0.0724528561121776,1.1232136518991966,1.1956665080113742,0.8945294924243414,0.01176922423603593,6.0
2026-10-10 07:40:00,0.05607807,-0.4068042420153117,1.029999976977706,13.869999689981341,0.0724528561121776,1.1232136518991966,1.1956665080113742,0.8449403349080917,0.01176922423603593,6.0
2026-10-10 07:50:00,0.05607807,-0.45276639239843386,1.029999976977706,13.869999689981341,0.0724528561121776,1.1232136518991966,1.1956665080113742,0.7989781845249696,0.01176922423603593,6.0
2026-10-10 08:00:00,0.05607807,-0.4947893640317614,1.029999976977706,13.869999689981341,0.0724528561121776,1.1232136518991966,1.1956665080113742,0.7569552128916421,0.01176922423603593,6.0
2026-10-10 08:10:00,0.05607807,-0.5326026839022855,1.029999976977706,13.869999689981341,0.0724528561121776,1.1232136518991966,1.1956665080113742,0.719141893021118,0.01176922423603593,6.0
2026-10-10 08:20:00,0.05607807,-0.5659786564802116,1.029999976977706,13.869999689981341,0.0724528561121776,1.1232136518991966,1.1956665080113742,0.6857659204431918,0.01176922423603593,6.0
2026-10-10 08:30:00,0.05607807,-0.5947326938585596,1.029999976977706,13.869999689981341,0.0724528561121776,1.1232136518991966,1.1956665080113742,0.6570118830648438,0.01176922423603593,6.0
2026-10-10 08:40:00,0.05607807,-0.6187229846396942,1.029999976977706,13.869999689981341,0.0724528561121776,1.1232136518991966,1.1956665080113742,0.6330215922837092,0.01176922423603593,6.0
2026-10-10 08:50:00,0.05607807,-0.6378496124355083,1.029999976977706,13.869999689981341,0.0724528561121776,1.1232136518991966,1.1956665080113742,0.6138949644878952,0.01176922423603593,6.0
2026-10-10 09:00:00,0.05607807,-0.6520532478912455,1.0199999772012234,13.729999693110585,0.07137252474594137,1.1064656173254774,1.1778381420714188,0.5818629630922025,0.01176922423603593,6.0
2026-10-10 09:10:00,0.05607807,-0.6613135398771669,1.0199999772012234,13.729999693110585,0.07137252474594137,1.1064656173254774,1.1778381420714188,0.5726026711062812,0.01176922423603593,6.0
2026-10-10 09:20:00,0.05607807,-0.6656473222462099,1.0199999772012234,13.729999693110585,0.07137252474594137,1.1064656173254774,1.1778381420714188,0.5682688887372381,0.01176922423603593,6.0
2026-10-10 09:30:00,0.05607807,-0.665106733707371,1.0199999772012234,13.729999693110585,0.07137252474594137,1.1064656173254774,1.1778381420714188,0.5688094772760771,0.01176922423603593,6.0
2026-10-10 09:40:00,0.05607807,-0.6597773223114587,1.0199999772012234,13.729999693110585,0.07137252474594137,1.1064656173254774,1.1778381420714188,0.5741388886719894,0.01176922423603593,6.0
2026-10-10 09:50:00,0.05607807,-0.6497761759453864,1.0199999772012234,13.729999693110585,0.07137252474594137,1.1064656173254774,1.1778381420714188,0.5841400350380617,0.01176922423603593,6.0
2026-10-10 10:00:00,0.05607807,-0.6352500895857365,1.0199999772012234,13.729999693110585,0.07137252474594137,1.1064656173254774,1.1778381420714188,0.5986661213977116,0.01176922423603593,6.0
2026-10-10 10:10:00,0.05607807,-0.6163737524709255,1.0199999772012234,13.729999693110585,0.07137252474594137,1.1064656173254774,1.1778381420714188,0.6175424585125225,0.01176922423603593,6.0
2026-10-10 10:20:00,0.05607807,-0.5933479169077217,1.0199999772012234,13.729999693110585,0.07137252474594137,1.1064656173254774,1.1778381420714188,0.6405682940757264,0.01176922423603593,6.0
2026-10-10 10:30:00,0.05607807,-0.5663974976859155,1.0199999772012234,13.729999693110585,0.07137252474594137,1.1064656173254774,1.1778381420714188,0.6675187132975325,0.01176922423603593,6.0
2026-10-10 10:40:00,0.05607807,-0.5357695483550898,1.0199999772012234,13.729999693110585,0.07137252474594137,1.1064656173254774,1.1778381420714188,0.6981466626283582,0.01176922423603593,6.0
2026-10-10 10:50:00,0.05607807,-0.5017310683033985,1.0199999772012234,13.729999693110585,0.07137252474594137,1.1064656173254774,1.1778381420714188,0.7321851426800495,0.01176922423603593,6.0
2026-10-10 11:00:00,0.05607807,-0.4645666116287023,1.0199999772012234,13.729999693110585,0.07137252474594137,1.1064656173254774,1.1778381420714188,0.7693495993547458,0.01176922423603593,6.0
2026-10-10 11:10:00,0.05607807,-0.4245756932185144,1.0199999772012234,13.729999693110585,0.07137252474594137,1.1064656173254774,1.1778381420714188,0.8093405177649337,0.01176922423603593,6.0
2026-10-10 11:20:00,0.05607807,-0.38207001631237475,1.0199999772012234,13.729999693110585,0.07137252474594137,1.1064656173254774,1.1778381420714188,0.8518461946710734,0.01176922423603593,6.0
2026-10-10 11:30:00,0.05607807,-0.3373705755565897,1.0199999772012234,13.729999693110585,0.07137252474594137,1.1064656173254774,1.1778381420714188,0.8965456354268584,0.01176922423603593,6.0
2026-10-10 11:40:00,0.05607807,-0.2908047164206121,1.0199999772012234,13.729999693110585,0.07137252474594137,1.1064656173254774,1.1778381420714188,0.9431114945628359,0.01176922423603593,6.0
2026-10-10 11:50:00,0.05607807,-0.2427032525210799,1.0199999772012234,13.729999693110585,0.07137252474594137,1.1064656173254774,1.1778381420714188,0.9912129584623681,0.01176922423603593,6.0
2026-10-10 12:00:00,0.05607807,-0.1933977537235461,1.029999976977706,13.539999697357416,0.07072903184995565,1.0964897510248826,1.1672187828748382,1.0298990980633214,0.01176922423603593,6.0
2026-10-10 12:10:00,0.05607807,-0.14321811822828995,1.029999976977706,13.539999697357416,0.07072903184995565,1.0964897510248826,1.1672187828748382,1.0800787335585775,0.01176922423603593,6.0
2026-10-10 12:20:00,0.05607807,-0.09249053024186642,1.029999976977706,13.539999697357416,0.07072903184995565,1.0964897510248826,1.1672187828748382,1.130806321545001,0.01176922423603593,6.0
2026-10-10 12:30:00,0.05607807,-0.04153588176844219,1.029999976977706,13.539999697357416,0.07072903184995565,1.0964897510248826,1.1672187828748382,1.1817609700184253,0.01176922423603593,6.0
2026-10-10 12:40:00,0.05607807,0.009331295480164451,1.029999976977706,13.539999697357416,0.07072903184995565,1.0964897510248826,1.1672187828748382,1.232628147267032,0.01176922423603593,6.0
2026-10-10 12:50:00,0.05607807,0.05980338162805776,1.029999976977706,13.539999697357416,0.07072903184995565,1.0964897510248826,1.1672187828748382,1.2831002334149253,0.01176922423603593,6.0
2026-10-10 13:00:00,0.05607807,0.10957973979510159,1.029999976977706,13.539999697357416,0.07072903184995565,1.0964897510248826,1.1672187828748382,1.332876591581969,0.01176922423603593,6.0
2026-10-10 13:10:00,0.05607807,0.15836638492752741,1.029999976977706,13.539999697357416,0.07072903184995565,1.0964897510248826,1.1672187828748382,1.3816632367143948,0.01176922423603593,6.0
2026-10-10 13:20:00,0.05607807,0.20587536527225891,1.029999976977706,13.539999697357416,0.07072903184995565,1.0964897510248826,1.1672187828748382,1.4291722170591263,0.01176922423603593,6.0
2026-10-10 13:30:00,0.05607807,0.25182399995524185,1.029999976977706,13.539999697357416,0.07072903184995565,1.0964897510248826,1.1672187828748382,1.4751208517421093,0.01176922423603593,6.0
2026-10-10 13:40:00,0.05607807,0.29593413313334316,1.029999976977706,13.539999697357416,0.07072903184995565,1.0964897510248826,1.1672187828748382,1.5192309849202106,0.01176922423603593,6.0
2026-10-10 13:50:00,0.05607807,0.33793156905635036,1.029999976977706,13.539999697357416,0.07072903184995565,1.0964897510248826,1.1672187828748382,1.561228420843218,0.01176922423603593,6.0
2026-10-10 14:00:00,0.05607807,0.37754584258561097,1.029999976977706,13.539999697357416,0.07072903184995565,1.0964897510248826,1.1672187828748382,1.6008426943724783,0.01176922423603593,6.0
2026-10-10 14:10:00,0.05607807,0.4145104568319079,1.029999976977706,13.539999697357416,0.07072903184995565,1.0964897510248826,1.1672187828748382,1.6378073086187754,0.01176922423603593,6.0
2026-10-10 14:20:00,0.05607807,0.4485636858945482,1.029999976977706,13.539999697357416,0.07072903184995565,1.0964897510248826,1.1672187828748382,1.6718605376814155,0.01176922423603593,6.0
2026-10-10 14:30:00,0.05607807,0.4794499988226235,1.029999976977706,13.539999697357416,0.07072903184995565,1.0964897510248826,1.1672187828748382,1.702746850609491,0.01176922423603593,6.0
2026-10-10 14:40:00,0.05607807,0.5069221149080524,1.029999976977706,13.539999697357416,0.07072903184995565,1.0964897510248826,1.1672187828748382,1.73021896669492,0.01176922423603593,6.0
2026-10-10 14:50:00,0.05607807,0.530743653904054,1.029999976977706,13.539999697357416,0.07072903184995565,1.0964897510248826,1.1672187828748382,1.7540405056909214,0.01176922423603593,6.0
2026-10-10 15:00:00,0.05607807,0.5506923019366178,1.0399999767541885,13.509999698027968,0.07091407713113959,1.0993584493371138,1.1702725264682534,1.7770428973169006,0.01176922423603593,6.0
2026-10-10 15:10:00,0.05607807,0.5665633779115605,1.0399999767541885,13.509999698027968,0.07091407713113959,1.0993584493371138,1.1702725264682534,1.792913973291843,0.01176922423603593,6.0
2026-10-10 15:20:00,0.05607807,0.5781736588844059,1.0399999767541885,13.509999698027968,0.07091407713113959,1.0993584493371138,1.1702725264682534,1.8045242542646887,0.01176922423603593,6.0
2026-10-10 15:30:00,0.05607807,0.5853653077079074,1.0399999767541885,13.509999698027968,0.07091407713113959,1.0993584493371138,1.1702725264682534,1.81171590308819,0.01176922423603593,6.0
2026-10-10 15:40:00,0.05607807,0.5880097426840153,1.0399999767541885,13.509999698027968,0.07091407713113959,1.0993584493371138,1.1702725264682534,1.814360338064298,0.01176922423603593,6.0
2026-10-10 15:50:00,0.05607807,0.5860112963232458,1.0399999767541885,13.509999698027968,0.07091407713113959,1.0993584493371138,1.1702725264682534,1.8123618917035285,0.01176922423603593,6.0
2026-10-10 16:00:00,0.05607807,0.5793105268914759,1.0399999767541885,13.509999698027968,0.07091407713113959,1.0993584493371138,1.1702725264682534,1.8056611222717587,0.01176922423603593,6.0
2026-10-10 16:10:00,0.05607807,0.5678870697874251,1.0399999767541885,13.509999698027968,0.07091407713113959,1.0993584493371138,1.1702725264682534,1.7942376651677079,0.01176922423603593,6.0
2026-10-10 16:20:00,0.05607807,0.5517619430138111,1.0399999767541885,13.509999698027968,0.07091407713113959,1.0993584493371138,1.1702725264682534,1.7781125383940939,0.01176922423603593,6.0
2026-10-10 16:30:00,0.05607807,0.5309992490823181,1.0399999767541885,13.509999698027968,0.07091407713113959,1.0993584493371138,1.1702725264682534,1.7573498444626008,0.01176922423603593,6.0
2026-10-10 16:40:00,0.05607807,0.5057072418562472,1.0399999767541885,13.509999698027968,0.07091407713113959,1.0993584493371138,1.1702725264682534,1.7320578372365298,0.01176922423603593,6.0
2026-10-10 16:50:00,0.05607807,0.4760387488851201,1.0399999767541885,13.509999698027968,0.07091407713113959,1.0993584493371138,1.1702725264682534,1.7023893442654028,0.01176922423603593,6.0
2026-10-10 17:00:00,0.05607807,0.4421909562132479,1.0399999767541885,13.509999698027968,0.07091407713113959,1.0993584493371138,1.1702725264682534,1.6685415515935307,0.01176922423603593,6.0
2026-10-10 17:10:00,0.05607807,0.404404573034995,1.0399999767541885,13.509999698027968,0.07091407713113959,1.0993584493371138,1.1702725264682534,1.6307551684152777,0.01176922423603593,6.0
2026-10-10 17:20:00,0.05607807,0.36296239810369085,1.0399999767541885,13.509999698027968,0.07091407713113959,1.0993584493371138,1.1702725264682534,1.5893129934839736,0.01176922423603593,6.0
2026-10-10 17:30:00,0.05607807,0.3181873098894258,1.0399999767541885,13.509999698027968,0.07091407713113959,1.0993584493371138,1.1702725264682534,1.5445379052697086,0.01176922423603593,6.0
2026-10-10 17:40:00,0.05607807,0.2704396996722841,1.0399999767541885,13.509999698027968,0.07091407713113959,1.0993584493371138,1.1702725264682534,1.4967902950525667,0.01176922423603593,6.0
2026-10-10 17:50:00,0.05607807,0.22011436345322075,1.0399999767541885,13.509999698027968,0.07091407713113959,1.0993584493371138,1.1702725264682534,1.4464649588335035,0.01176922423603593,6.0
2026-10-10 18:00:00,0.05607807,0.16763686667178604,1.0199999772012234,13.419999700039625,0.06976105477716919,1.0814835094324768,1.151244564209646,1.3749594997934613,0.01176922423603593,6.0
2026-10-10 18:10:00,0.05607807,0.11345939737741366,1.0199999772012234,13.419999700039625,0.06976105477716919,1.0814835094324768,1.151244564209646,1.320782030499089,0.01176922423603593,6.0
2026-10-10 18:20:00,0.05607807,0.05805612986578476,1.0199999772012234,13.419999700039625,0.06976105477716919,1.0814835094324768,1.151244564209646,1.26537876298746,0.01176922423603593,6.0
2026-10-10 18:30:00,0.05607807,0.0019181325320844222,1.0199999772012234,13.419999700039625,0.06976105477716919,1.0814835094324768,1.151244564209646,1.2092407656537598,0.01176922423603593,6.0
2026-10-10 18:40:00,0.05607807,-0.05445212943567894,1.0199999772012234,13.419999700039625,0.06976105477716919,1.0814835094324768,1.151244564209646,1.1528705036859963,0.01176922423603593,6.0
2026-10-10 18:50:00,0.05607807,-0.11054662521931537,1.0199999772012234,13.419999700039625,0.06976105477716919,1.0814835094324768,1.151244564209646,1.0967760079023599,0.01176922423603593,6.0
2026-10-10 19:00:00,0.05607807,-0.16585782916416367,1.0199999772012234,13.419999700039625,0.06976105477716919,1.0814835094324768,1.151244564209646,1.0414648039575116,0.01176922423603593,6.0
2026-10-10 19:10:00,0.05607807,-0.21988491467421256,1.0199999772012234,13.419999700039625,0.06976105477716919,1.0814835094324768,1.151244564209646,0.9874377184474628,0.01176922423603593,6.0
2026-10-10 19:20:00,0.05607807,-0.2721399352125587,1.0199999772012234,13.419999700039625,0.06976105477716919,1.0814835094324768,1.151244564209646,0.9351826979091167,0.01176922423603593,6.0
2026-10-10 19:30:00,0.05607807,-0.3221538428396749,1.0199999772012234,13.419999700039625,0.06976105477716919,1.0814835094324768,1.151244564209646,0.8851687902820005,0.01176922423603593,6.0
2026-10-10 19:40:00,0.05607807,-0.3694821889049576,1.0199999772012234,13.419999700039625,0.06976105477716919,1.0814835094324768,1.151244564209646,0.8378404442167178,0.01176922423603593,6.0
2026-10-10 19:50:00,0.05607807,-0.4137103551717364,1.0199999772012234,13.419999700039625,0.06976105477716919,1.0814835094324768,1.151244564209646,0.7936122779499389,0.01176922423603593,6.0
2026-10-10 20:00:00,0.05607807,-0.45445817746361905,1.0199999772012234,13.419999700039625,0.06976105477716919,1.0814835094324768,1.151244564209646,0.7528644556580563,0.01176922423603593,6.0
2026-10-10 20:10:00,0.05607807,-0.49138384722842077,1.0199999772012234,13.419999700039625,0.06976105477716919,1.0814835094324768,1.151244564209646,0.7159387858932545,0.01176922423603593,6.0
2026-10-10 20:20:00,0.05607807,-0.5241870081754625,1.0199999772012234,13.419999700039625,0.06976105477716919,1.0814835094324768,1.151244564209646,0.6831356249462128,0.01176922423603593,6.0
2026-10-10 20:30:00,0.05607807,-0.5526110026202201,1.0199999772012234,13.419999700039625,0.06976105477716919,1.0814835094324768,1.151244564209646,0.6547116305014552,0.01176922423603593,6.0
2026-10-10 20:40:00,0.05607807,-0.5764442627224665,1.0199999772012234,13.419999700039625,0.06976105477716919,1.0814835094324768,1.151244564209646,0.6308783703992088,0.01176922423603593,6.0
2026-10-10 20:50:00,0.05607807,-0.5955208816766957,1.0199999772012234,13.419999700039625,0.06976105477716919,1.0814835094324768,1.151244564209646,0.6118017514449796,0.01176922423603593,6.0
2026-10-10 21:00:00,0.05607807,-0.6097204359743493,1.0099999774247408,13.289999702945352,0.0687457896029295,1.0657441753993468,1.1344899650022764,0.5808475979399563,0.01176922423603593,6.0
2026-10-10 21:10:00,0.05607807,-0.6189671587801538,1.0099999774247408,13.289999702945352,0.0687457896029295,1.0657441753993468,1.1344899650022764,0.5716008751341518,0.01176922423603593,6.0
2026-10-10 21:20:00,0.05607807,-0.6232285839299502,1.0099999774247408,13.289999702945352,0.0687457896029295,1.0657441753993468,1.1344899650022764,0.5673394499843555,0.01176922423603593,6.0
2026-10-10 21:30:00,0.05607807,-0.6225137886337015,1.0099999774247408,13.289999702945352,0.0687457896029295,1.0657441753993468,1.1344899650022764,0.5680542452806041,0.01176922423603593,6.0
2026-10-10 21:40:00,0.05607807,-0.6168713601458743,1.0099999774247408,13.289999702945352,0.0687457896029295,1.0657441753993468,1.1344899650022764,0.5736966737684314,0.01176922423603593,6.0
2026-10-10 21:50:00,0.05607807,-0.6063871984075732,1.0099999774247408,13.289999702945352,0.0687457896029295,1.0657441753993468,1.1344899650022764,0.5841808355067325,0.01176922423603593,6.0
2026-10-10 22:00:00,0.05607807,-0.5911822447292367,1.0099999774247408,13.289999702945352,0.0687457896029295,1.0657441753993468,1.1344899650022764,0.5993857891850689,0.01176922423603593,6.0
2026-10-10 22:10:00,0.05607807,-0.571410198815524,1.0099999774247408,13.289999702945352,0.0687457896029295,1.0657441753993468,1.1344899650022764,0.6191578350987816,0.01176922423603593,6.0
2026-10-10 22:20:00,0.05607807,-0.5472552561510379,1.0099999774247408,13.289999702945352,0.0687457896029295,1.0657441753993468,1.1344899650022764,0.6433127777632678,0.01176922423603593,6.0
2026-10-10 22:30:00,0.05607807,-0.5189298685527711,1.0099999774247408,13.289999702945352,0.0687457896029295,1.0657441753993468,1.1344899650022764,0.6716381653615345,0.01176922423603593,6.0
2026-10-10 22:40:00,0.05607807,-0.4866725059685335,1.0099999774247408,13.289999702945352,0.0687457896029295,1.0657441753993468,1.1344899650022764,0.7038955279457721,0.01176922423603593,6.0
2026-10-10 22:50:00,0.05607807,-0.45074538021997357,1.0099999774247408,13.289999702945352,0.0687457896029295,1.0657441753993468,1.1344899650022764,0.7398226536943321,0.01176922423603593,6.0
2026-10-10 23:00:00,0.05607807,-0.4114320832942049,1.0099999774247408,13.289999702945352,0.0687457896029295,1.0657441753993468,1.1344899650022764,0.7791359506201008,0.01176922423603593,6.0
2026-10-10 23:10:00,0.05607807,-0.3690350949988215,1.0099999774247408,13.289999702945352,0.0687457896029295,1.0657441753993468,1.1344899650022764,0.8215329389154842,0.01176922423603593,6.0
2026-10-10 23:20:00,0.05607807,-0.3238731267795079,1.0099999774247408,13.289999702945352,0.0687457896029295,1.0657441753993468,1.1344899650022764,0.8666949071347978,0.01176922423603593,6.0
2026-10-10 23:30:00,0.05607807,-0.2762782891278122,1.0099999774247408,13.289999702945352,0.0687457896029295,1.0657441753993468,1.1344899650022764,0.9142897447864935,0.01176922423603593,6.0
2026-10-10 23:40:00,0.05607807,-0.22659309630478328,1.0099999774247408,13.289999702945352,0.0687457896029295,1.0657441753993468,1.1344899650022764,0.9639749376095224,0.01176922423603593,6.0
2026-10-10 23:50:00,0.05607807,-0.17516735131472583,1.0099999774247408,13.289999702945352,0.0687457896029295,1.0657441753993468,1.1344899650022764,1.0154006825995798,0.01176922423603593,6.0
2026-10-11 00:00:00,0.07357159,-0.12235498215832856,1.0199999772012234,13.139999706298113,0.0683055335150524,1.0589190248839602,1.1272245583990126,1.0784411688100353,0.01176922423603593,6.0
2026-10-11 00:10:00,0.07357159,-0.06851092391617462,1.0199999772012234,13.139999706298113,0.0683055335150524,1.0589190248839602,1.1272245583990126,1.1322852270521893,0.01176922423603593,6.0
2026-10-11 00:20:00,0.07357159,-0.013988156943662098,1.0199999772012234,13.139999706298113,0.0683055335150524,1.0589190248839602,1.1272245583990126,1.1868079940247016,0.01176922423603593,6.0
2026-10-11 00:30:00,0.07357159,0.04086498318985199,1.0199999772012234,13.139999706298113,0.0683055335150524,1.0589190248839602,1.1272245583990126,1.2416611341582158,0.01176922423603593,6.0
2026-10-11 00:40:00,0.07357159,0.09570711453085019,1.0199999772012234,13.139999706298113,0.0683055335150524,1.0589190248839602,1.1272245583990126,1.296503265499214,0.01176922423603593,6.0
2026-10-11 00:50:00,0.07357159,0.15020564502768255,1.0199999772012234,13.139999706298113,0.0683055335150524,1.0589190248839602,1.1272245583990126,1.3510017959960463,0.01176922423603593,6.0
2026-10-11 01:00:00,0.07357159,0.2040380734912673,1.0199999772012234,13.139999706298113,0.0683055335150524,1.0589190248839602,1.1272245583990126,1.404834224459631,0.01176922423603593,6.0
2026-10-11 01:10:00,0.07357159,0.25689272972801813,1.0199999772012234,13.139999706298113,0.0683055335150524,1.0589190248839602,1.1272245583990126,1.457688880696382,0.01176922423603593,6.0
2026-10-11 01:20:00,0.07357159,0.3084689703428573,1.0199999772012234,13.139999706298113,0.0683055335150524,1.0589190248839602,1.1272245583990126,1.5092651213112211,0.01176922423603593,6.0
2026-10-11 01:30:00,0.07357159,0.3584768902405784,1.0199999772012234,13.139999706298113,0.0683055335150524,1.0589190248839602,1.1272245583990126,1.5592730412089422,0.01176922423603593,6.0
2026-10-11 01:40:00,0.07357159,0.40663665031468943,1.0199999772012234,13.139999706298113,0.0683055335150524,1.0589190248839602,1.1272245583990126,1.6074328012830532,0.01176922423603593,6.0
2026-10-11 01:50:00,0.07357159,0.4526775555193151,1.0199999772012234,13.139999706298113,0.0683055335150524,1.0589190248839602,1.1272245583990126,1.653473706487679,0.01176922423603593,6.0
2026-10-11 02:00:00,0.07357159,0.4963370411745637,1.0199999772012234,13.139999706298113,0.0683055335150524,1.0589190248839602,1.1272245583990126,1.6971331921429273,0.01176922423603593,6.0
2026-10-11 02:10:00,0.07357159,0.5373597363319642,1.0199999772012234,13.139999706298113,0.0683055335150524,1.0589190248839602,1.1272245583990126,1.738155887300328,0.01176922423603593,6.0
2026-10-11 02:20:00,0.07357159,0.5754967705121514,1.0199999772012234,13.139999706298113,0.0683055335150524,1.0589190248839602,1.1272245583990126,1.7762929214805152,0.01176922423603593,6.0
2026-10-11 02:30:00,0.07357159,0.6105054737117973,1.0199999772012234,13.139999706298113,0.0683055335150524,1.0589190248839602,1.1272245583990126,1.8113016246801612,0.01176922423603593,6.0
2026-10-11 02:40:00,0.07357159,0.6421495911726091,1.0199999772012234,13.139999706298113,0.0683055335150524,1.0589190248839602,1.1272245583990126,1.842945742140973,0.01176922423603593,6.0
2026-10-11 02:50:00,0.07357159,0.670200095987164,1.0199999772012234,13.139999706298113,0.0683055335150524,1.0589190248839602,1.1272245583990126,1.870996246955528,0.01176922423603593,6.0
2026-10-11 03:00:00,0.07357159,0.6944366379882702,1.0199999772012234,13.04999970830977,0.06783768739508629,1.0516661548505084,1.1195038422455947,1.887512072803216,0.01176922423603593,6.0
2026-10-11 03:10:00,0.07357159,0.7146496200920207,1.0199999772012234,13.04999970830977,0.06783768739508629,1.0516661548505084,1.1195038422455947,1.9077250549069666,0.01176922423603593,6.0
2026-10-11 03:20:00,0.07357159,0.7306428475294452,1.0199999772012234,13.04999970830977,0.06783768739508629,1.0516661548505084,1.1195038422455947,1.923718282344391,0.01176922423603593,6.0
2026-10-11 03:30:00,0.07357159,0.7422366549077859,1.0199999772012234,13.04999970830977,0.06783768739508629,1.0516661548505084,1.1195038422455947,1.9353120897227318,0.01176922423603593,6.0
2026-10-11 03:40:00,0.07357159,0.7492713837640241,1.0199999772012234,13.04999970830977,0.06783768739508629,1.0516661548505084,1.1195038422455947,1.94234681857897,0.01176922423603593,6.0
2026-10-11 03:50:00,0.07357159,0.7516110615948774,1.0199999772012234,13.04999970830977,0.06783768739508629,1.0516661548505084,1.1195038422455947,1.9446864964098234,0.01176922423603593,6.0
2026-10-11 04:00:00,0.07357159,0.7491471230522412,1.0199999772012234,13.04999970830977,0.06783768739508629,1.0516661548505084,1.1195038422455947,1.9422225578671872,0.01176922423603593,6.0
2026-10-11 04:10:00,0.07357159,0.7418020153210959,1.0199999772012234,13.04999970830977,0.06783768739508629,1.0516661548505084,1.1195038422455947,1.934877450136042,0.01176922423603593,6.0
2026-10-11 04:20:00,0.07357159,0.729532541121282,1.0199999772012234,13.04999970830977,0.06783768739508629,1.0516661548505084,1.1195038422455947,1.922607975936228,0.01176922423603593,6.0
2026-10-11 04:30:00,0.07357159,0.7123328125450213,1.0199999772012234,13.04999970830977,0.06783768739508629,1.0516661548505084,1.1195038422455947,1.9054082473599672,0.01176922423603593,6.0
2026-10-11 04:40:00,0.07357159,0.6902367141004367,1.0199999772012234,13.04999970830977,0.06783768739508629,1.0516661548505084,1.1195038422455947,1.8833121489153828,0.01176922423603593,6.0
2026-10-11 04:50:00,0.07357159,0.6633198010577779,1.0199999772012234,13.04999970830977,0.06783768739508629,1.0516661548505084,1.1195038422455947,1.8563952358727238,0.01176922423603593,6.0
2026-10-11 05:00:00,0.07357159,0.6317005864609039,1.0199999772012234,13.04999970830977,0.06783768739508629,1.0516661548505084,1.1195038422455947,1.82477602127585,0.01176922423603593,6.0
2026-10-11 05:10:00,0.07357159,0.5955411945046547,1.0199999772012234,13.04999970830977,0.06783768739508629,1.0516661548505084,1.1195038422455947,1.7886166293196006,0.01176922423603593,6.0
2026-10-11 05:20:00,0.07357159,0.5550473774330591,1.0199999772012234,13.04999970830977,0.06783768739508629,1.0516661548505084,1.1195038422455947,1.748122812248005,0.01176922423603593,6.0
2026-10-11 05:30:00,0.07357159,0.5104679067931231,1.0199999772012234,13.04999970830977,0.06783768739508629,1.0516661548505084,1.1195038422455947,1.7035433416080692,0.01176922423603593,6.0
2026-10-11 05:40:00,0.07357159,0.4620933574849609,1.0199999772012234,13.04999970830977,0.06783768739508629,1.0516661548505084,1.1195038422455947,1.6551687922999068,0.01176922423603593,6.0
2026-10-11 05:50:00,0.07357159,0.4102543055670072,1.0199999772012234,13.04999970830977,0.06783768739508629,1.0516661548505084,1.1195038422455947,1.603329740381953,0.01176922423603593,6.0
2026-10-11 06:00:00,0.07357159,0.35531895949708914,1.0099999774247408,13.04999970830977,0.06750433064847478,1.0464982309226094,1.1140025615710842,1.5428931136375246,0.01176922423603593,6.0
2026-10-11 06:10:00,0.07357159,0.29769024154987056,1.0099999774247408,13.04999970830977,0.06750433064847478,1.0464982309226094,1.1140025615710842,1.485264395690306,0.01176922423603593,6.0
2026-10-11 06:20:00,0.07357159,0.2378023336836976,1.0099999774247408,13.04999970830977,0.06750433064847478,1.0464982309226094,1.1140025615710842,1.425376487824133,0.01176922423603593,6.0
2026-10-11 06:30:00,0.07357159,0.17611670210198319,1.0099999774247408,13.04999970830977,0.06750433064847478,1.0464982309226094,1.1140025615710842,1.3636908562424186,0.01176922423603593,6.0
2026-10-11 06:40:00,0.07357159,0.1131176190562453,1.0099999774247408,13.04999970830977,0.06750433064847478,1.0464982309226094,1.1140025615710842,1.3006917731966807,0.01176922423603593,6.0
2026-10-11 06:50:00,0.07357159,0.04930720966034364,1.0099999774247408,13.04999970830977,0.06750433064847478,1.0464982309226094,1.1140025615710842,1.2368813638007792,0.01176922423603593,6.0
2026-10-11 07:00:00,0.07357159,-0.014799933646758393,1.0099999774247408,13.04999970830977,0.06750433064847478,1.0464982309226094,1.1140025615710842,1.172774220493677,0.01176922423603593,6.0
2026-10-11 07:10:00,0.07357159,-0.0786825073279059,1.0099999774247408,13.04999970830977,0.06750433064847478,1.0464982309226094,1.1140025615710842,1.1088916468125296,0.01176922423603593,6.0
2026-10-11 07:20:00,0.07357159,-0.14181853938418706,1.0099999774247408,13.04999970830977,0.06750433064847478,1.0464982309226094,1.1140025615710842,1.0457556147562483,0.01176922423603593,6.0
2026-10-11 07:30:00,0.07357159,-0.20369161115489334,1.0099999774247408,13.04999970830977,0.06750433064847478,1.0464982309226094,1.1140025615710842,0.9838825429855421,0.01176922423603593,6.0
2026-10-11 07:40:00,0.07357159,-0.2637971293871151,1.0099999774247408,13.04999970830977,0.06750433064847478,1.0464982309226094,1.1140025615710842,0.9237770247533204,0.01176922423603593,6.0
2026-10-11 07:50:00,0.07357159,-0.3216485026595961,1.0099999774247408,13.04999970830977,0.06750433064847478,1.0464982309226094,1.1140025615710842,0.8659256514808393,0.01176922423603593,6.0
2026-10-11 08:00:00,0.07357159,-0.37678306616951474,1.0099999774247408,13.04999970830977,0.06750433064847478,1.0464982309226094,1.1140025615710842,0.8107910879709207,0.01176922423603593,6.0
2026-10-11 08:10:00,0.07357159,-0.42876759740155956,1.0099999774247408,13.04999970830977,0.06750433064847478,1.0464982309226094,1.1140025615710842,0.7588065567388759,0.01176922423603593,6.0
2026-10-11 08:20:00,0.07357159,-0.47720327401470813,1.0099999774247408,13.04999970830977,0.06750433064847478,1.0464982309226094,1.1140025615710842,0.7103708801257274,0.01176922423603593,6.0
2026-10-11 08:30:00,0.07357159,-0.5217299437839503,1.0099999774247408,13.04999970830977,0.06750433064847478,1.0464982309226094,1.1140025615710842,0.6658442103564851,0.01176922423603593,6.0
2026-10-11 08:40:00,0.07357159,-0.5620296045709023,1.0099999774247408,13.04999970830977,0.06750433064847478,1.0464982309226094,1.1140025615710842,0.6255445495695331,0.01176922423603593,6.0
2026-10-11 08:50:00,0.07357159,-0.5978290273094716,1.0099999774247408,13.04999970830977,0.06750433064847478,1.0464982309226094,1.1140025615710842,0.5897451268309638,0.01176922423603593,6.0
2026-10-11 09:00:00,0.07357159,-0.6289014950069773,0.9899999778717756,13.099999707192183,0.06708869276984987,1.0400547286982786,1.1071434214681286,0.5518135190305025,0.01176922423603593,6.0
2026-10-11 09:10:00,0.07357159,-0.655067671831501,0.9899999778717756,13.099999707192183,0.06708869276984987,1.0400547286982786,1.1071434214681286,0.5256473422059788,0.01176922423603593,6.0
2026-10-11 09:20:00,0.07357159,-0.6761956554435278,0.9899999778717756,13.099999707192183,0.06708869276984987,1.0400547286982786,1.1071434214681286,0.504519358593952,0.01176922423603593,6.0
2026-10-11 09:30:00,0.07357159,-0.6922002993176894,0.9899999778717756,13.099999707192183,0.06708869276984987,1.0400547286982786,1.1071434214681286,0.48851471471979035,0.01176922423603593,6.0
2026-10-11 09:40:00,0.07357159,-0.7030419170453626,0.9899999778717756,13.099999707192183,0.06708869276984987,1.0400547286982786,1.1071434214681286,0.47767309699211724,0.01176922423603593,6.0
2026-10-11 09:50:00,0.07357159,-0.7087244956018742,0.9899999778717756,13.099999707192183,0.06708869276984987,1.0400547286982786,1.1071434214681286,0.4719905184356056,0.01176922423603593,6.0
2026-10-11 10:00:00,0.07357159,-0.7092935482002659,0.9899999778717756,13.099999707192183,0.06708869276984987,1.0400547286982786,1.1071434214681286,0.4714214658372139,0.01176922423603593,6.0
2026-10-11 10:10:00,0.07357159,-0.7048337299213105,0.9899999778717756,13.099999707192183,0.06708869276984987,1.0400547286982786,1.1071434214681286,0.47588128411616926,0.01176922423603593,6.0
2026-10-11 10:20:00,0.07357159,-0.6954663220653311,0.9899999778717756,13.099999707192183,0.06708869276984987,1.0400547286982786,1.1071434214681286,0.4852486919721487,0.01176922423603593,6.0
2026-10-11 10:30:00,0.07357159,-0.6813466664266769,0.9899999778717756,13.099999707192183,0.06708869276984987,1.0400547286982786,1.1071434214681286,0.49936834761080295,0.01176922423603593,6.0
2026-10-11 10:40:00,0.07357159,-0.6626616016166436,0.9899999778717756,13.099999707192183,0.06708869276984987,1.0400547286982786,1.1071434214681286,0.5180534124208362,0.01176922423603593,6.0
2026-10-11 10:50:00,0.07357159,-0.6396269235160189,0.9899999778717756,13.099999707192183,0.06708869276984987,1.0400547286982786,1.1071434214681286,0.5410880905214609,0.01176922423603593,6.0
2026-10-11 11:00:00,0.07357159,-0.6124848645966354,0.9899999778717756,13.099999707192183,0.06708869276984987,1.0400547286982786,1.1071434214681286,0.5682301494408444,0.01176922423603593,6.0
2026-10-11 11:10:00,0.07357159,-0.5815015653404545,0.9899999778717756,13.099999707192183,0.06708869276984987,1.0400547286982786,1.1071434214681286,0.5992134486970253,0.01176922423603593,6.0
2026-10-11 11:20:00,0.07357159,-0.5469644976988396,0.9899999778717756,13.099999707192183,0.06708869276984987,1.0400547286982786,1.1071434214681286,0.6337505163386402,0.01176922423603593,6.0
2026-10-11 11:30:00,0.07357159,-0.5091797972464109,0.9899999778717756,13.099999707192183,0.06708869276984987,1.0400547286982786,1.1071434214681286,0.6715352167910689,0.01176922423603593,6.0
2026-10-11 11:40:00,0.07357159,-0.4684694672197545,0.9899999778717756,13.099999707192183,0.06708869276984987,1.0400547286982786,1.1071434214681286,0.7122455468177253,0.01176922423603593,6.0
2026-10-11 11:50:00,0.07357159,-0.4251684338320971,0.9899999778717756,13.099999707192183,0.06708869276984987,1.0400547286982786,1.1071434214681286,0.7555465802053827,0.01176922423603593,6.0
2026-10-11 12:00:00,0.07357159,-0.3796214552798196,0.9899999778717756,13.16999970562756,0.0674471819678567,1.0456122730501016,1.1130594550179582,0.8070095923074898,0.01176922423603593,6.0
2026-10-11 12:10:00,0.07357159,-0.33217991470421515,0.9899999778717756,13.16999970562756,0.0674471819678567,1.0456122730501016,1.1130594550179582,0.8544511328830943,0.01176922423603593,6.0
2026-10-11 12:20:00,0.07357159,-0.2831985557968212,0.9899999778717756,13.16999970562756,0.0674471819678567,1.0456122730501016,1.1130594550179582,0.9034324917904882,0.01176922423603593,6.0
2026-10-11 12:30:00,0.07357159,-0.23303224554754892,0.9899999778717756,13.16999970562756,0.0674471819678567,1.0456122730501016,1.1130594550179582,0.9535988020397606,0.01176922423603593,6.0
2026-10-11 12:40:00,0.07357159,-0.1820328682422588,0.9899999778717756,13.16999970562756,0.0674471819678567,1.0456122730501016,1.1130594550179582,1.0045981793450507,0.01176922423603593,6.0
2026-10-11 12:50:00,0.07357159,-0.13054646508936743,0.9899999778717756,13.16999970562756,0.0674471819678567,1.0456122730501016,1.1130594550179582,1.056084582497942,0.01176922423603593,6.0
2026-10-11 13:00:00,0.07357159,-0.07891073341202724,0.9899999778717756,13.16999970562756,0.0674471819678567,1.0456122730501016,1.1130594550179582,1.1077203141752823,0.01176922423603593,6.0
2026-10-11 13:10:00,0.07357159,-0.027452986568488595,0.9899999778717756,13.16999970562756,0.0674471819678567,1.0456122730501016,1.1130594550179582,1.159178061018821,0.01176922423603593,6.0
2026-10-11 13:20:00,0.07357159,0.02351134787420293,0.9899999778717756,13.16999970562756,0.0674471819678567,1.0456122730501016,1.1130594550179582,1.2101423954615123,0.01176922423603593,6.0
2026-10-11 13:30:00,0.07357159,0.07367964794425,0.9899999778717756,13.16999970562756,0.0674471819678567,1.0456122730501016,1.1130594550179582,1.2603106955315595,0.01176922423603593,6.0
2026-10-11 13:40:00,0.07357159,0.12276243156488381,0.9899999778717756,13.16999970562756,0.0674471819678567,1.0456122730501016,1.1130594550179582,1.3093934791521933,0.01176922423603593,6.0
2026-10-11 13:50:00,0.07357159,0.17048314552995372,0.9899999778717756,13.16999970562756,0.0674471819678567,1.0456122730501016,1.1130594550179582,1.3571141931172632,0.01176922423603593,6.0
2026-10-11 14:00:00,0.07357159,0.21657749222240683,0.9899999778717756,13.16999970562756,0.0674471819678567,1.0456122730501016,1.1130594550179582,1.4032085398097163,0.01176922423603593,6.0
2026-10-11 14:10:00,0.07357159,0.2607924149774513,0.9899999778717756,13.16999970562756,0.0674471819678567,1.0456122730501016,1.1130594550179582,1.4474234625647608,0.01176922423603593,6.0
2026-10-11 14:20:00,0.07357159,0.3028848925218808,0.9899999778717756,13.16999970562756,0.0674471819678567,1.0456122730501016,1.1130594550179582,1.4895159401091902,0.01176922423603593,6.0
2026-10-11 14:30:00,0.07357159,0.34262071060556437,0.9899999778717756,13.16999970562756,0.0674471819678567,1.0456122730501016,1.1130594550179582,1.5292517581928737,0.01176922423603593,6.0
2026-10-11 14:40:00,0.07357159,0.3797733837605793,0.9899999778717756,13.16999970562756,0.0674471819678567,1.0456122730501016,1.1130594550179582,1.5664044313478886,0.01176922423603593,6.0
2026-10-11 14:50:00,0.07357159,0.41412339049353974,0.9899999778717756,13.16999970562756,0.0674471819678567,1.0456122730501016,1.1130594550179582,1.6007544380808492,0.01176922423603593,6.0
2026-10-11 15:00:00,0.07357159,0.4454578629211951,0.9899999778717756,13.179999705404043,0.06749839471042911,1.046406207957505,1.113904602667934,1.6329340581584804,0.01176922423603593,6.0
2026-10-11 15:10:00,0.07357159,0.47357083780682624,0.9899999778717756,13.179999705404043,0.06749839471042911,1.046406207957505,1.113904602667934,1.6610470330441114,0.01176922423603593,6.0
2026-10-11 15:20:00,0.07357159,0.4982641340022873,0.9899999778717756,13.179999705404043,0.06749839471042911,1.046406207957505,1.113904602667934,1.6857403292395725,0.01176922423603593,6.0
2026-10-11 15:30:00,0.07357159,0.5193488744269812,0.9899999778717756,13.179999705404043,0.06749839471042911,1.046406207957505,1.113904602667934,1.7068250696642664,0.01176922423603593,6.0
2026-10-11 15:40:00,0.07357159,0.536647623384466,0.9899999778717756,13.179999705404043,0.06749839471042911,1.046406207957505,1.113904602667934,1.7241238186217513,0.01176922423603593,6.0
2026-10-11 15:50:00,0.07357159,0.5499970659542244,0.9899999778717756,13.179999705404043,0.06749839471042911,1.046406207957505,1.113904602667934,1.7374732611915096,0.01176922423603593,6.0
2026-10-11 16:00:00,0.07357159,0.5592511188262863,0.9899999778717756,13.179999705404043,0.06749839471042911,1.046406207957505,1.113904602667934,1.7467273140635715,0.01176922423603593,6.0
2026-10-11 16:10:00,0.07357159,0.5642843342589574,0.9899999778717756,13.179999705404043,0.06749839471042911,1.046406207957505,1.113904602667934,1.7517605294962426,0.01176922423603593,6.0
2026-10-11 16:20:00,0.07357159,0.5649954420533716,0.9899999778717756,13.179999705404043,0.06749839471042911,1.046406207957505,1.113904602667934,1.7524716372906568,0.01176922423603593,6.0
2026-10-11 16:30:00,0.07357159,0.5613108695512823,0.9899999778717756,13.179999705404043,0.06749839471042911,1.046406207957505,1.113904602667934,1.7487870647885675,0.01176922423603593,6.0
2026-10-11 16:40:00,0.07357159,0.5531880856609686,0.9899999778717756,13.179999705404043,0.06749839471042911,1.046406207957505,1.113904602667934,1.7406642808982538,0.01176922423603593,6.0
2026-10-11 16:50:00,0.07357159,0.5406186304661224,0.9899999778717756,13.179999705404043,0.06749839471042911,1.046406207957505,1.113904602667934,1.7280948257034074,0.01176922423603593,6.0
2026-10-11 17:00:00,0.07357159,0.523630714470581,0.9899999778717756,13.179999705404043,0.06749839471042911,1.046406207957505,1.113904602667934,1.7111069097078662,0.01176922423603593,6.0
2026-10-11 17:10:00,0.07357159,0.5022912982208099,0.9899999778717756,13.179999705404043,0.06749839471042911,1.046406207957505,1.113904602667934,1.689767493458095,0.01176922423603593,6.0
2026-10-11 17:20:00,0.07357159,0.47670759083917014,0.9899999778717756,13.179999705404043,0.06749839471042911,1.046406207957505,1.113904602667934,1.6641837860764555,0.01176922423603593,6.0
2026-10-11 17:30:00,0.07357159,0.44702793221119747,0.9899999778717756,13.179999705404043,0.06749839471042911,1.046406207957505,1.113904602667934,1.6345041274484826,0.01176922423603593,6.0
2026-10-11 17:40:00,0.07357159,0.41344204578842403,0.9899999778717756,13.179999705404043,0.06749839471042911,1.046406207957505,1.113904602667934,1.6009182410257092,0.01176922423603593,6.0
2026-10-11 17:50:00,0.07357159,0.3761806659605516,0.9899999778717756,13.179999705404043,0.06749839471042911,1.046406207957505,1.113904602667934,1.5636568611978368,0.01176922423603593,6.0
2026-10-11 18:00:00,0.07357159,0.3355145547564154,0.9899999778717756,13.119999706745148,0.06719111825499467,1.0416425985130853,1.10883371676808,1.5179198640938465,0.01176922423603593,6.0
2026-10-11 18:10:00,0.07357159,0.2917529280119297,0.9899999778717756,13.119999706745148,0.06719111825499467,1.0416425985130853,1.10883371676808,1.474158237349361,0.01176922423603593,6.0
2026-10-11 18:20:00,0.07357159,0.24524131175156252,0.9899999778717756,13.119999706745148,0.06719111825499467,1.0416425985130853,1.10883371676808,1.4276466210889938,0.01176922423603593,6.0
2026-10-11 18:30:00,0.07357159,0.19635884754482735,0.9899999778717756,13.119999706745148,0.06719111825499467,1.0416425985130853,1.10883371676808,1.3787641568822586,0.01176922423603593,6.0
2026-10-11 18:40:00,0.07357159,0.14551506282692828,0.9899999778717756,13.119999706745148,0.06719111825499467,1.0416425985130853,1.10883371676808,1.3279203721643595,0.01176922423603593,6.0
2026-10-11 18:50:00,0.07357159,0.09314612086064289,0.9899999778717756,13.119999706745148,0.06719111825499467,1.0416425985130853,1.10883371676808,1.2755514301980742,0.01176922423603593,6.0
2026-10-11 19:00:00,0.07357159,0.0397105672330353,0.9899999778717756,13.119999706745148,0.06719111825499467,1.0416425985130853,1.10883371676808,1.2221158765704665,0.01176922423603593,6.0
2026-10-11 19:10:00,0.07357159,-0.014315403608683675,0.9899999778717756,13.119999706745148,0.06719111825499467,1.0416425985130853,1.10883371676808,1.1680899057287475,0.01176922423603593,6.0
2026-10-11 19:20:00,0.07357159,-0.06844312594335922,0.9899999778717756,13.119999706745148,0.06719111825499467,1.0416425985130853,1.10883371676808,1.1139621833940718,0.01176922423603593,6.0
2026-10-11 19:30:00,0.07357159,-0.12217703177987493,0.9899999778717756,13.119999706745148,0.06719111825499467,1.0416425985130853,1.10883371676808,1.0602282775575562,0.01176922423603593,6.0
2026-10-11 19:40:00,0.07357159,-0.17502053726245578,0.9899999778717756,13.119999706745148,0.06719111825499467,1.0416425985130853,1.10883371676808,1.0073847720749753,0.01176922423603593,6.0
2026-10-11 19:50:00,0.07357159,-0.2264821496109131,0.9899999778717756,13.119999706745148,0.06719111825499467,1.0416425985130853,1.10883371676808,0.9559231597265181,0.01176922423603593,6.0
2026-10-11 20:00:00,0.07357159,-0.27608167489571794,0.9899999778717756,13.119999706745148,0.06719111825499467,1.0416425985130853,1.10883371676808,0.9063236344417132,0.01176922423603593,6.0
2026-10-11 20:10:00,0.07357159,-0.32335638742925427,0.9899999778717756,13.119999706745148,0.06719111825499467,1.0416425985130853,1.10883371676808,0.8590489219081769,0.01176922423603593,6.0
2026-10-11 20:20:00,0.07357159,-0.3678670077329336,0.9899999778717756,13.119999706745148,0.06719111825499467,1.0416425985130853,1.10883371676808,0.8145383016044976,0.01176922423603593,6.0
2026-10-11 20:30:00,0.07357159,-0.4092033299641931,0.9899999778717756,13.119999706745148,0.06719111825499467,1.0416425985130853,1.10883371676808,0.7732019793732381,0.01176922423603593,6.0
2026-10-11 20:40:00,0.07357159,-0.44698934358880016,0.9899999778717756,13.119999706745148,0.06719111825499467,1.0416425985130853,1.10883371676808,0.735415965748631,0.01176922423603593,6.0
2026-10-11 20:50:00,0.07357159,-0.4808877076106805,0.9899999778717756,13.119999706745148,0.06719111825499467,1.0416425985130853,1.10883371676808,0.7015176017267506,0.01176922423603593,6.0
2026-10-11 21:00:00,0.07357159,-0.5106034596369454,0.979999978095293,13.029999708756804,0.06639232695233903,1.0292591902624564,1.0956515172147954,0.6586196501472011,0.01176922423603593,6.0
2026-10-11 21:10:00,0.07357159,-0.5358868739282825,0.979999978095293,13.029999708756804,0.06639232695233903,1.0292591902624564,1.0956515172147954,0.6333362358558641,0.01176922423603593,6.0
2026-10-11 21:20:00,0.07357159,-0.5565354210284889,0.979999978095293,13.029999708756804,0.06639232695233903,1.0292591902624564,1.0956515172147954,0.6126876887556577,0.01176922423603593,6.0
2026-10-11 21:30:00,0.07357159,-0.5723948228119609,0.979999978095293,13.029999708756804,0.06639232695233903,1.0292591902624564,1.0956515172147954,0.5968282869721857,0.01176922423603593,6.0
2026-10-11 21:40:00,0.07357159,-0.5833592379316325,0.979999978095293,13.029999708756804,0.06639232695233903,1.0292591902624564,1.0956515172147954,0.5858638718525141,0.01176922423603593,6.0
2026-10-11 21:50:00,0.07357159,-0.5893706498847456,0.979999978095293,13.029999708756804,0.06639232695233903,1.0292591902624564,1.0956515172147954,0.5798524598994009,0.01176922423603593,6.0
2026-10-11 22:00:00,0.07357159,-0.5904175602741253,0.979999978095293,13.029999708756804,0.06639232695233903,1.0292591902624564,1.0956515172147954,0.5788055495100213,0.01176922423603593,6.0
2026-10-11 22:10:00,0.07357159,-0.5865331108091998,0.979999978095293,13.029999708756804,0.06639232695233903,1.0292591902624564,1.0956515172147954,0.5826899989749468,0.01176922423603593,6.0
2026-10-11 22:20:00,0.07357159,-0.5777927674961144,0.979999978095293,13.029999708756804,0.06639232695233903,1.0292591902624564,1.0956515172147954,0.5914303422880322,0.01176922423603593,6.0
2026-10-11 22:30:00,0.07357159,-0.5643116990840737,0.979999978095293,13.029999708756804,0.06639232695233903,1.0292591902624564,1.0956515172147954,0.6049114107000728,0.01176922423603593,6.0
2026-10-11 22:40:00,0.07357159,-0.5462419696411535,0.979999978095293,13.029999708756804,0.06639232695233903,1.0292591902624564,1.0956515172147954,0.6229811401429931,0.01176922423603593,6.0
2026-10-11 22:50:00,0.07357159,-0.5237696441509916,0.979999978095293,13.029999708756804,0.06639232695233903,1.0292591902624564,1.0956515172147954,0.645453465633155,0.01176922423603593,6.0
2026-10-11 23:00:00,0.07357159,-0.4971118788388873,0.979999978095293,13.029999708756804,0.06639232695233903,1.0292591902624564,1.0956515172147954,0.6721112309452593,0.01176922423603593,6.0
2026-10-11 23:10:00,0.07357159,-0.4665140379299864,0.979999978095293,13.029999708756804,0.06639232695233903,1.0292591902624564,1.0956515172147954,0.7027090718541602,0.01176922423603593,6.0
2026-10-11 23:20:00,0.07357159,-0.4322468492686752,0.979999978095293,13.029999708756804,0.06639232695233903,1.0292591902624564,1.0956515172147954,0.7369762605154714,0.01176922423603593,6.0
2026-10-11 23:30:00,0.07357159,-0.3946035861397658,0.979999978095293,13.029999708756804,0.06639232695233903,1.0292591902624564,1.0956515172147954,0.7746195236443807,0.01176922423603593,6.0
2026-10-11 23:40:00,0.07357159,-0.3538972445015493,0.979999978095293,13.029999708756804,0.06639232695233903,1.0292591902624564,1.0956515172147954,0.8153258652825972,0.01176922423603593,6.0
2026-10-11 23:50:00,0.07357159,-0.31045767597031837,0.979999978095293,13.029999708756804,0.06639232695233903,1.0292591902624564,1.0956515172147954,0.8587654338138282,0.01176922423603593,6.0
2026-10-12 00:00:00,0.08715994,-0.2646286378436528,0.9699999783188105,12.939999710768461,0.06559648680478056,1.0169215328334222,1.0825180196382027,0.9050493209048289,0.01176922423603593,6.0
2026-10-12 00:10:00,0.08715994,-0.21676473247716582,0.9699999783188105,12.939999710768461,0.06559648680478056,1.0169215328334222,1.0825180196382027,0.952913226271316,0.01176922423603593,6.0
2026-10-12 00:20:00,0.08715994,-0.16722822751765165,0.9699999783188105,12.939999710768461,0.06559648680478056,1.0169215328334222,1.0825180196382027,1.00244973123083,0.01176922423603593,6.0
2026-10-12 00:30:00,0.08715994,-0.11638577383630896,0.9699999783188105,12.939999710768461,0.06559648680478056,1.0169215328334222,1.0825180196382027,1.0532921849121728,0.01176922423603593,6.0
2026-10-12 00:40:00,0.08715994,-0.06460506600058928,0.9699999783188105,12.939999710768461,0.06559648680478056,1.0169215328334222,1.0825180196382027,1.1050728927478926,0.01176922423603593,6.0
2026-10-12 00:50:00,0.08715994,-0.012251517299637978,0.9699999783188105,12.939999710768461,0.06559648680478056,1.0169215328334222,1.0825180196382027,1.1574264414488438,0.01176922423603593,6.0
2026-10-12 01:00:00,0.08715994,0.0403149558808334,0.9699999783188105,12.939999710768461,0.06559648680478056,1.0169215328334222,1.0825180196382027,1.2099929146293151,0.01176922423603593,6.0
2026-10-12 01:10:00,0.08715994,0.0927429306672339,0.9699999783188105,12.939999710768461,0.06559648680478056,1.0169215328334222,1.0825180196382027,1.2624208894157156,0.01176922423603593,6.0
2026-10-12 01:20:00,0.08715994,0.14469214054250124,0.9699999783188105,12.939999710768461,0.06559648680478056,1.0169215328334222,1.0825180196382027,1.314370099290983,0.01176922423603593,6.0
2026-10-12 01:30:00,0.08715994,0.19583569662589434,0.9699999783188105,12.939999710768461,0.06559648680478056,1.0169215328334222,1.0825180196382027,1.365513655374376,0.01176922423603593,6.0
2026-10-12 01:40:00,0.08715994,0.24586177780164875,0.9699999783188105,12.939999710768461,0.06559648680478056,1.0169215328334222,1.0825180196382027,1.4155397365501305,0.01176922423603593,6.0
2026-10-12 01:50:00,0.08715994,0.2944747294005187,0.9699999783188105,12.939999710768461,0.06559648680478056,1.0169215328334222,1.0825180196382027,1.4641526881490006,0.01176922423603593,6.0
2026-10-12 02:00:00,0.08715994,0.3413955474755747,0.9699999783188105,12.939999710768461,0.06559648680478056,1.0169215328334222,1.0825180196382027,1.5110735062240566,0.01176922423603593,6.0
2026-10-12 02:10:00,0.08715994,0.38636176845001485,0.9699999783188105,12.939999710768461,0.06559648680478056,1.0169215328334222,1.0825180196382027,1.5560397271984967,0.01176922423603593,6.0
2026-10-12 02:20:00,0.08715994,0.4291268277538795,0.9699999783188105,12.939999710768461,0.06559648680478056,1.0169215328334222,1.0825180196382027,1.5988047865023614,0.01176922423603593,6.0
2026-10-12 02:30:00,0.08715994,0.46945899214522596,0.9699999783188105,12.939999710768461,0.06559648680478056,1.0169215328334222,1.0825180196382027,1.6391369508937077,0.01176922423603593,6.0
2026-10-12 02:40:00,0.08715994,0.5071400047564948,0.9699999783188105,12.939999710768461,0.06559648680478056,1.0169215328334222,1.0825180196382027,1.6768179635049765,0.01176922423603593,6.0
2026-10-12 02:50:00,0.08715994,0.5419636059548173,0.9699999783188105,12.939999710768461,0.06559648680478056,1.0169215328334222,1.0825180196382027,1.711641564703299,0.01176922423603593,6.0
2026-10-12 03:00:00,0.08715994,0.5737341048726751,0.9599999785423279,12.449999721720815,0.06278637429016504,0.9733572496683529,1.036143623958518,1.6970376679414723,0.01176922423603593,6.0
2026-10-12 03:10:00,0.08715994,0.6022651740602357,0.9599999785423279,12.449999721720815,0.06278637429016504,0.9733572496683529,1.036143623958518,1.725568737129033,0.01176922423603593,6.0
2026-10-12 03:20:00,0.08715994,0.6273790239063152,0.9599999785423279,12.449999721720815,0.06278637429016504,0.9733572496683529,1.036143623958518,1.7506825869751124,0.01176922423603593,6.0
2026-10-12 03:30:00,0.08715994,0.6489060848738831,0.9599999785423279,12.449999721720815,0.06278637429016504,0.9733572496683529,1.036143623958518,1.77220964794268,0.01176922423603593,6.0
2026-10-12 03:40:00,0.08715994,0.6666852872972189,0.9599999785423279,12.449999721720815,0.06278637429016504,0.9733572496683529,1.036143623958518,1.789988850366016,0.01176922423603593,6.0
2026-10-12 03:50:00,0.08715994,0.6805649833640297,0.9599999785423279,12.449999721720815,0.06278637429016504,0.9733572496683529,1.036143623958518,1.8038685464328268,0.01176922423603593,6.0
2026-10-12 04:00:00,0.08715994,0.6904045081313167,0.9599999785423279,12.449999721720815,0.06278637429016504,0.9733572496683529,1.036143623958518,1.813708071200114,0.01176922423603593,6.0
2026-10-12 04:10:00,0.08715994,0.696076329955841,0.9599999785423279,12.449999721720815,0.06278637429016504,0.9733572496683529,1.036143623958518,1.819379893024638,0.01176922423603593,6.0
2026-10-12 04:20:00,0.08715994,0.6974686992139172,0.9599999785423279,12.449999721720815,0.06278637429016504,0.9733572496683529,1.036143623958518,1.8207722622827143,0.01176922423603593,6.0
2026-10-12 04:30:00,0.08715994,0.6944886710498029,0.9599999785423279,12.449999721720815,0.06278637429016504,0.9733572496683529,1.036143623958518,1.8177922341186,0.01176922423603593,6.0
2026-10-12 04:40:00,0.08715994,0.6870653550020253,0.9599999785423279,12.449999721720815,0.06278637429016504,0.9733572496683529,1.036143623958518,1.8103689180708225,0.01176922423603593,6.0
2026-10-12 04:50:00,0.08715994,0.6751532332316255,0.9599999785423279,12.449999721720815,0.06278637429016504,0.9733572496683529,1.036143623958518,1.7984567963004225,0.01176922423603593,6.0
2026-10-12 05:00:00,0.08715994,0.6587353893609219,0.9599999785423279,12.449999721720815,0.06278637429016504,0.9733572496683529,1.036143623958518,1.782038952429719,0.01176922423603593,6.0
2026-10-12 05:10:00,0.08715994,0.6378265007417198,0.9599999785423279,12.449999721720815,0.06278637429016504,0.9733572496683529,1.036143623958518,1.761130063810517,0.01176922423603593,6.0
2026-10-12 05:20:00,0.08715994,0.6124754661286244,0.9599999785423279,12.449999721720815,0.06278637429016504,0.9733572496683529,1.036143623958518,1.7357790291974213,0.01176922423603593,6.0
2026-10-12 05:30:00,0.08715994,0.5827675656427301,0.9599999785423279,12.449999721720815,0.06278637429016504,0.9733572496683529,1.036143623958518,1.7060711287115273,0.01176922423603593,6.0
2026-10-12 05:40:00,0.08715994,0.5488260775441108,0.9599999785423279,12.449999721720815,0.06278637429016504,0.9733572496683529,1.036143623958518,1.672129640612908,0.01176922423603593,6.0
2026-10-12 05:50:00,0.08715994,0.5108133037652207,0.9599999785423279,12.449999721720815,0.06278637429016504,0.9733572496683529,1.036143623958518,1.6341168668340178,0.01176922423603593,6.0
2026-10-12 06:00:00,0.08715994,0.4689309808043407,0.9399999789893627,12.379999723285437,0.061779588070084546,0.9577493621726888,1.0195289502427733,1.5756198701573931,0.01176922423603593,6.0
2026-10-12 06:10:00,0.08715994,0.42342007254844516,0.9399999789893627,12.379999723285437,0.061779588070084546,0.9577493621726888,1.0195289502427733,1.5301089619014976,0.01176922423603593,6.0
2026-10-12 06:20:00,0.08715994,0.3745599557620109,0.9399999789893627,12.379999723285437,0.061779588070084546,0.9577493621726888,1.0195289502427733,1.4812488451150634,0.01176922423603593,6.0
2026-10-12 06:30:00,0.08715994,0.32266701724614166,0.9399999789893627,12.379999723285437,0.061779588070084546,0.9577493621726888,1.0195289502427733,1.429355906599194,0.01176922423603593,6.0
2026-10-12 06:40:00,0.08715994,0.2680926846428639,0.9399999789893627,12.379999723285437,0.061779588070084546,0.9577493621726888,1.0195289502427733,1.3747815739959164,0.01176922423603593,6.0
2026-10-12 06:50:00,0.08715994,0.21122091211801816,0.9399999789893627,12.379999723285437,0.061779588070084546,0.9577493621726888,1.0195289502427733,1.3179098014710706,0.01176922423603593,6.0
2026-10-12 07:00:00,0.08715994,0.15246513955155666,0.9399999789893627,12.379999723285437,0.061779588070084546,0.9577493621726888,1.0195289502427733,1.259154028904609,0.01176922423603593,6.0
2026-10-12 07:10:00,0.08715994,0.09226474154099062,0.9399999789893627,12.379999723285437,0.061779588070084546,0.9577493621726888,1.0195289502427733,1.1989536308940432,0.01176922423603593,6.0
2026-10-12 07:20:00,0.08715994,0.0310809827425833,0.9399999789893627,12.379999723285437,0.061779588070084546,0.9577493621726888,1.0195289502427733,1.1377698720956357,0.01176922423603593,6.0
2026-10-12 07:30:00,0.08715994,-0.03060749992864493,0.9399999789893627,12.379999723285437,0.061779588070084546,0.9577493621726888,1.0195289502427733,1.0760813894244075,0.01176922423603593,6.0
2026-10-12 07:40:00,0.08715994,-0.09230965833042325,0.9399999789893627,12.379999723285437,0.061779588070084546,0.9577493621726888,1.0195289502427733,1.0143792310226292,0.01176922423603593,6.0
2026-10-12 07:50:00,0.08715994,-0.1535273931732724,0.9399999789893627,12.379999723285437,0.061779588070084546,0.9577493621726888,1.0195289502427733,0.9531614961797801,0.01176922423603593,6.0
2026-10-12 08:00:00,0.08715994,-0.2137612498301185,0.9399999789893627,12.379999723285437,0.061779588070084546,0.9577493621726888,1.0195289502427733,0.892927639522934,0.01176922423603593,6.0
2026-10-12 08:10:00,0.08715994,-0.2725163646052136,0.9399999789893627,12.379999723285437,0.061779588070084546,0.9577493621726888,1.0195289502427733,0.8341725247478389,0.01176922423603593,6.0
2026-10-12 08:20:00,0.08715994,-0.32930855318164914,0.9399999789893627,12.379999723285437,0.061779588070084546,0.9577493621726888,1.0195289502427733,0.7773803361714033,0.01176922423603593,6.0
2026-10-12 08:30:00,0.08715994,-0.38367041174251126,0.9399999789893627,12.379999723285437,0.061779588070084546,0.9577493621726888,1.0195289502427733,0.7230184776105412,0.01176922423603593,6.0
2026-10-12 08:40:00,0.08715994,-0.4351572844566921,0.9399999789893627,12.379999723285437,0.061779588070084546,0.9577493621726888,1.0195289502427733,0.6715316048963603,0.01176922423603593,6.0
2026-10-12 08:50:00,0.08715994,-0.48335294097333487,0.9399999789893627,12.379999723285437,0.061779588070084546,0.9577493621726888,1.0195289502427733,0.6233359483797176,0.01176922423603593,6.0
2026-10-12 09:00:00,0.08715994,-0.5278748065517948,0.9299999792128801,12.329999724403024,0.06120191164985554,0.9487938278238861,1.0099957394737415,0.5692808720322259,0.01176922423603593,6.0
2026-10-12 09:10:00,0.08715994,-0.5683785961444414,0.9299999792128801,12.329999724403024,0.06120191164985554,0.9487938278238861,1.0099957394737415,0.5287770824395792,0.01176922423603593,6.0
2026-10-12 09:20:00,0.08715994,-0.6045622228864433,0.9299999792128801,12.329999724403024,0.06120191164985554,0.9487938278238861,1.0099957394737415,0.4925934556975773,0.01176922423603593,6.0
2026-10-12 09:30:00,0.08715994,-0.6361688796046262,0.9299999792128801,12.329999724403024,0.06120191164985554,0.9487938278238861,1.0099957394737415,0.46098679897939443,0.01176922423603593,6.0
2026-10-12 09:40:00,0.08715994,-0.6629892277409749,0.9299999792128801,12.329999724403024,0.06120191164985554,0.9487938278238861,1.0099957394737415,0.4341664508430457,0.01176922423603593,6.0
2026-10-12 09:50:00,0.08715994,-0.6848626684680126,0.9299999792128801,12.329999724403024,0.06120191164985554,0.9487938278238861,1.0099957394737415,0.41229301011600805,0.01176922423603593,6.0
2026-10-12 10:00:00,0.08715994,-0.7016777126869412,0.9299999792128801,12.329999724403024,0.06120191164985554,0.9487938278238861,1.0099957394737415,0.3954779658970794,0.01176922423603593,6.0
2026-10-12 10:10:00,0.08715994,-0.7133715064817543,0.9299999792128801,12.329999724403024,0.06120191164985554,0.9487938278238861,1.0099957394737415,0.38378417210226634,0.01176922423603593,6.0
2026-10-12 10:20:00,0.08715994,-0.7199286030406097,0.9299999792128801,12.329999724403024,0.06120191164985554,0.9487938278238861,1.0099957394737415,0.37722707554341095,0.01176922423603593,6.0
2026-10-12 10:30:00,0.08715994,-0.7213790982733486,0.9299999792128801,12.329999724403024,0.06120191164985554,0.9487938278238861,1.0099957394737415,0.37577658031067207,0.01176922423603593,6.0
2026-10-12 10:40:00,0.08715994,-0.7177962631668455,0.9299999792128801,12.329999724403024,0.06120191164985554,0.9487938278238861,1.0099957394737415,0.3793594154171751,0.01176922423603593,6.0
2026-10-12 10:50:00,0.08715994,-0.7092938103813887,0.9299999792128801,12.329999724403024,0.06120191164985554,0.9487938278238861,1.0099957394737415,0.3878618682026319,0.01176922423603593,6.0
2026-10-12 11:00:00,0.08715994,-0.6960229257471245,0.9299999792128801,12.329999724403024,0.06120191164985554,0.9487938278238861,1.0099957394737415,0.4011327528368961,0.01176922423603593,6.0
2026-10-12 11:10:00,0.08715994,-0.6781691784760722,0.9299999792128801,12.329999724403024,0.06120191164985554,0.9487938278238861,1.0099957394737415,0.41898650010794847,0.01176922423603593,6.0
2026-10-12 11:20:00,0.08715994,-0.6559493993218094,0.9299999792128801,12.329999724403024,0.06120191164985554,0.9487938278238861,1.0099957394737415,0.44120627926221123,0.01176922423603593,6.0
2026-10-12 11:30:00,0.08715994,-0.6296085866572326,0.9299999792128801,12.329999724403024,0.06120191164985554,0.9487938278238861,1.0099957394737415,0.467547091926788,0.01176922423603593,6.0
2026-10-12 11:40:00,0.08715994,-0.5994168699903333,0.9299999792128801,12.329999724403024,0.06120191164985554,0.9487938278238861,1.0099957394737415,0.49773880859368735,0.01176922423603593,6.0
2026-10-12 11:50:00,0.08715994,-0.5656665323784001,0.9299999792128801,12.329999724403024,0.06120191164985554,0.9487938278238861,1.0099957394737415,0.5314891462056205,0.01176922423603593,6.0
2026-10-12 12:00:00,0.08715994,-0.5286690706943735,0.9199999794363976,12.609999718144536,0.062254311867120105,0.9651088546526844,1.0273631665198044,0.58585403493571,0.01176922423603593,6.0
2026-10-12 12:10:00,0.08715994,-0.4887522583940347,0.9199999794363976,12.609999718144536,0.062254311867120105,0.9651088546526844,1.0273631665198044,0.6257708472360488,0.01176922423603593,6.0
2026-10-12 12:20:00,0.08715994,-0.446257170720026,0.9199999794363976,12.609999718144536,0.062254311867120105,0.9651088546526844,1.0273631665198044,0.6682659349100575,0.01176922423603593,6.0
2026-10-12 12:30:00,0.08715994,-0.4015351377810319,0.9199999794363976,12.609999718144536,0.062254311867120105,0.9651088546526844,1.0273631665198044,0.7129879678490516,0.01176922423603593,6.0
2026-10-12 12:40:00,0.08715994,-0.3549446056213098,0.9199999794363976,12.609999718144536,0.062254311867120105,0.9651088546526844,1.0273631665198044,0.7595785000087737,0.01176922423603593,6.0
2026-10-12 12:50:00,0.08715994,-0.3068479075637959,0.9199999794363976,12.609999718144536,0.062254311867120105,0.9651088546526844,1.0273631665198044,0.8076751980662876,0.01176922423603593,6.0
2026-10-12 13:00:00,0.08715994,-0.25760797478405306,0.9199999794363976,12.609999718144536,0.062254311867120105,0.9651088546526844,1.0273631665198044,0.8569151308460304,0.01176922423603593,6.0
2026-10-12 13:10:00,0.08715994,-0.20758504281536763,0.9199999794363976,12.609999718144536,0.062254311867120105,0.9651088546526844,1.0273631665198044,0.9069380628147159,0.01176922423603593,6.0
2026-10-12 13:20:00,0.08715994,-0.15713343600308827,0.9199999794363976,12.609999718144536,0.062254311867120105,0.9651088546526844,1.0273631665198044,0.9573896696269952,0.01176922423603593,6.0
2026-10-12 13:30:00,0.08715994,-0.10659853105000731,0.9199999794363976,12.609999718144536,0.062254311867120105,0.9651088546526844,1.0273631665198044,1.0079245745800762,0.01176922423603593,6.0
2026-10-12 13:40:00,0.08715994,-0.05631401118157282,0.9199999794363976,12.609999718144536,0.062254311867120105,0.9651088546526844,1.0273631665198044,1.0582090944485107,0.01176922423603593,6.0
2026-10-12 13:50:00,0.08715994,-0.006599521734090014,0.9199999794363976,12.609999718144536,0.062254311867120105,0.9651088546526844,1.0273631665198044,1.1079235838959935,0.01176922423603593,6.0
2026-10-12 14:00:00,0.08715994,0.0422411742927655,0.9199999794363976,12.609999718144536,0.062254311867120105,0.9651088546526844,1.0273631665198044,1.156764279922849,0.01176922423603593,6.0
2026-10-12 14:10:00,0.08715994,0.08992146601471505,0.9199999794363976,12.609999718144536,0.062254311867120105,0.9651088546526844,1.0273631665198044,1.2044445716447987,0.01176922423603593,6.0
2026-10-12 14:20:00,0.08715994,0.1361725482684014,0.9199999794363976,12.609999718144536,0.062254311867120105,0.9651088546526844,1.0273631665198044,1.2506956538984848,0.01176922423603593,6.0
2026-10-12 14:30:00,0.08715994,0.18074345794239713,0.9199999794363976,12.609999718144536,0.062254311867120105,0.9651088546526844,1.0273631665198044,1.2952665635724805,0.01176922423603593,6.0
2026-10-12 14:40:00,0.08715994,0.22340053540830965,0.9199999794363976,12.609999718144536,0.062254311867120105,0.9651088546526844,1.0273631665198044,1.337923641038393,0.01176922423603593,6.0
2026-10-12 14:50:00,0.08715994,0.26392639631422654,0.9199999794363976,12.609999718144536,0.062254311867120105,0.9651088546526844,1.0273631665198044,1.37844950194431,0.01176922423603593,6.0
2026-10-12 15:00:00,0.08715994,0.30211853712202635,0.909999979659915,13.199999704957008,0.06481194639001865,1.0047590515785374,1.0695709979685561,1.4588494742008615,0.01176922423603593,6.0
2026-10-12 15:10:00,0.08715994,0.3377877272920049,0.909999979659915,13.199999704957008,0.06481194639001865,1.0047590515785374,1.0695709979685561,1.4945186643708401,0.01176922423603593,6.0
2026-10-12 15:20:00,0.08715994,0.37075635928422124,0.909999979659915,13.199999704957008,0.06481194639001865,1.0047590515785374,1.0695709979685561,1.5274872963630566,0.01176922423603593,6.0
2026-10-12 15:30:00,0.08715994,0.4008569323190865,0.909999979659915,13.199999704957008,0.06481194639001865,1.0047590515785374,1.0695709979685561,1.5575878693979217,0.01176922423603593,6.0
2026-10-12 15:40:00,0.08715994,0.42793083684788646,0.909999979659915,13.199999704957008,0.06481194639001865,1.0047590515785374,1.0695709979685561,1.5846617739267217,0.01176922423603593,6.0
2026-10-12 15:50:00,0.08715994,0.45182758428002545,0.909999979659915,13.199999704957008,0.06481194639001865,1.0047590515785374,1.0695709979685561,1.6085585213588607,0.01176922423603593,6.0
2026-10-12 16:00:00,0.08715994,0.47240459280374203,0.909999979659915,13.199999704957008,0.06481194639001865,1.0047590515785374,1.0695709979685561,1.6291355298825771,0.01176922423603593,6.0
2026-10-12 16:10:00,0.08715994,0.4895275980221454,0.909999979659915,13.199999704957008,0.06481194639001865,1.0047590515785374,1.0695709979685561,1.6462585351009806,0.01176922423603593,6.0
2026-10-12 16:20:00,0.08715994,0.5030717101451245,0.909999979659915,13.199999704957008,0.06481194639001865,1.0047590515785374,1.0695709979685561,1.6598026472239598,0.01176922423603593,6.0
2026-10-12 16:30:00,0.08715994,0.512923091846944,0.909999979659915,13.199999704957008,0.06481194639001865,1.0047590515785374,1.0695709979685561,1.669654028925779,0.01176922423603593,6.0
2026-10-12 16:40:00,0.08715994,0.5189811863748486,0.909999979659915,13.199999704957008,0.06481194639001865,1.0047590515785374,1.0695709979685561,1.6757121234536838,0.01176922423603593,6.0
2026-10-12 16:50:00,0.08715994,0.5211613877165674,0.909999979659915,13.199999704957008,0.06481194639001865,1.0047590515785374,1.0695709979685561,1.6778923247954025,0.01176922423603593,6.0
2026-10-12 17:00:00,0.08715994,0.5193980163244936,0.909999979659915,13.199999704957008,0.06481194639001865,1.0047590515785374,1.0695709979685561,1.6761289534033288,0.01176922423603593,6.0
2026-10-12 17:10:00,0.08715994,0.5136474467061217,0.909999979659915,13.199999704957008,0.06481194639001865,1.0047590515785374,1.0695709979685561,1.670378383784957,0.01176922423603593,6.0
2026-10-12 17:20:00,0.08715994,0.5038912277935497,0.909999979659915,13.199999704957008,0.06481194639001865,1.0047590515785374,1.0695709979685561,1.660622164872385,0.01176922423603593,6.0
2026-10-12 17:30:00,0.08715994,0.49013904275849557,0.909999979659915,13.199999704957008,0.06481194639001865,1.0047590515785374,1.0695709979685561,1.6468699798373307,0.01176922423603593,6.0
2026-10-12 17:40:00,0.08715994,0.47243137029839377,0.909999979659915,13.199999704957008,0.06481194639001865,1.0047590515785374,1.0695709979685561,1.629162307377229,0.01176922423603593,6.0
2026-10-12 17:50:00,0.08715994,0.45084173195440197,0.909999979659915,13.199999704957008,0.06481194639001865,1.0047590515785374,1.0695709979685561,1.6075726690332373,0.01176922423603593,6.0
2026-10-12 18:00:00,0.08715994,0.4254784368911741,0.8999999798834324,13.229999704286456,0.06460134136120399,1.00149410860435,1.066095449965554,1.5787338259670072,0.01176922423603593,6.0
2026-10-12 18:10:00,0.08715994,0.3964857637289507,0.8999999798834324,13.229999704286456,0.06460134136120399,1.00149410860435,1.066095449965554,1.5497411528047838,0.01176922423603593,6.0
2026-10-12 18:20:00,0.08715994,0.3640445456487044,0.8999999798834324,13.229999704286456,0.06460134136120399,1.00149410860435,1.066095449965554,1.5172999347245375,0.01176922423603593,6.0
2026-10-12 18:30:00,0.08715994,0.32837214783123925,0.8999999798834324,13.229999704286456,0.06460134136120399,1.00149410860435,1.066095449965554,1.4816275369070722,0.01176922423603593,6.0
2026-10-12 18:40:00,0.08715994,0.28972184372529997,0.8999999798834324,13.229999704286456,0.06460134136120399,1.00149410860435,1.066095449965554,1.442977232801133,0.01176922423603593,6.0
2026-10-12 18:50:00,0.08715994,0.24838160808681167,0.8999999798834324,13.229999704286456,0.06460134136120399,1.00149410860435,1.066095449965554,1.4016369971626448,0.01176922423603593,6.0
2026-10-12 19:00:00,0.08715994,0.2046723504025898,0.8999999798834324,13.229999704286456,0.06460134136120399,1.00149410860435,1.066095449965554,1.3579277394784228,0.01176922423603593,6.0
2026-10-12 19:10:00,0.08715994,0.1589456132604072,0.8999999798834324,13.229999704286456,0.06460134136120399,1.00149410860435,1.066095449965554,1.3122010023362403,0.01176922423603593,6.0
2026-10-12 19:20:00,0.08715994,0.11158075828569083,0.8999999798834324,13.229999704286456,0.06460134136120399,1.00149410860435,1.066095449965554,1.264836147361524,0.01176922423603593,6.0
2026-10-12 19:30:00,0.08715994,0.06298165933935346,0.8999999798834324,13.229999704286456,0.06460134136120399,1.00149410860435,1.066095449965554,1.2162370484151865,0.01176922423603593,6.0
2026-10-12 19:40:00,0.08715994,0.013572921114082375,0.8999999798834324,13.229999704286456,0.06460134136120399,1.00149410860435,1.066095449965554,1.1668283101899153,0.01176922423603593,6.0
2026-10-12 19:50:00,0.08715994,-0.03620435719478747,0.8999999798834324,13.229999704286456,0.06460134136120399,1.00149410860435,1.066095449965554,1.1170510318810456,0.01176922423603593,6.0
2026-10-12 20:00:00,0.08715994,-0.08589724731181164,0.8999999798834324,13.229999704286456,0.06460134136120399,1.00149410860435,1.066095449965554,1.0673581417640214,0.01176922423603593,6.0
2026-10-12 20:10:00,0.08715994,-0.135046049307991,0.8999999798834324,13.229999704286456,0.06460134136120399,1.00149410860435,1.066095449965554,1.018209339767842,0.01176922423603593,6.0
2026-10-12 20:20:00,0.08715994,-0.18318968762091786,0.8999999798834324,13.229999704286456,0.06460134136120399,1.00149410860435,1.066095449965554,0.9700657014549152,0.01176922423603593,6.0
2026-10-12 20:30:00,0.08715994,-0.2298713720845082,0.8999999798834324,13.229999704286456,0.06460134136120399,1.00149410860435,1.066095449965554,0.9233840169913248,0.01176922423603593,6.0
2026-10-12 20:40:00,0.08715994,-0.27464442819608764,0.8999999798834324,13.229999704286456,0.06460134136120399,1.00149410860435,1.066095449965554,0.8786109608797454,0.01176922423603593,6.0
2026-10-12 20:50:00,0.08715994,-0.31707817886267164,0.8999999798834324,13.229999704286456,0.06460134136120399,1.00149410860435,1.066095449965554,0.8361772102131614,0.01176922423603593,6.0
2026-10-12 21:00:00,0.08715994,-0.3567637410334383,0.8999999798834324,12.909999711439013,0.0630387994688695,0.9772705171641844,1.040309316633054,0.7707055147098947,0.01176922423603593,6.0
2026-10-12 21:10:00,0.08715994,-0.3933195872794514,0.8999999798834324,12.909999711439013,0.0630387994688695,0.9772705171641844,1.040309316633054,0.7341496684638816,0.01176922423603593,6.0
2026-10-12 21:20:00,0.08715994,-0.4263967169593937,0.8999999798834324,12.909999711439013,0.0630387994688695,0.9772705171641844,1.040309316633054,0.7010725387839394,0.01176922423603593,6.0
2026-10-12 21:30:00,0.08715994,-0.45568328563883875,0.8999999798834324,12.909999711439013,0.0630387994688695,0.9772705171641844,1.040309316633054,0.6717859701044943,0.01176922423603593,6.0
2026-10-12 21:40:00,0.08715994,-0.4809085555853171,0.8999999798834324,12.909999711439013,0.0630387994688695,0.9772705171641844,1.040309316633054,0.6465607001580159,0.01176922423603593,6.0
2026-10-12 21:50:00,0.08715994,-0.5018460541021321,0.8999999798834324,12.909999711439013,0.0630387994688695,0.9772705171641844,1.040309316633054,0.6256232016412009,0.01176922423603593,6.0
2026-10-12 22:00:00,0.08715994,-0.5183158588654682,0.8999999798834324,12.909999711439013,0.0630387994688695,0.9772705171641844,1.040309316633054,0.6091533968778649,0.01176922423603593,6.0
2026-10-12 22:10:00,0.08715994,-0.5301859680054781,0.8999999798834324,12.909999711439013,0.0630387994688695,0.9772705171641844,1.040309316633054,0.5972832877378549,0.01176922423603593,6.0
2026-10-12 22:20:00,0.08715994,-0.5373727543189952,0.8999999798834324,12.909999711439013,0.0630387994688695,0.9772705171641844,1.040309316633054,0.5900965014243378,0.01176922423603593,6.0
2026-10-12 22:30:00,0.08715994,-0.5398405444268307,0.8999999798834324,12.909999711439013,0.0630387994688695,0.9772705171641844,1.040309316633054,0.5876287113165023,0.01176922423603593,6.0
2026-10-12 22:40:00,0.08715994,-0.5376004013149503,0.8999999798834324,12.909999711439013,0.0630387994688695,0.9772705171641844,1.040309316633054,0.5898688544283827,0.01176922423603593,6.0
2026-10-12 22:50:00,0.08715994,-0.5307082193729586,0.8999999798834324,12.909999711439013,0.0630387994688695,0.9772705171641844,1.040309316633054,0.5967610363703744,0.01176922423603593,6.0
2026-10-12 23:00:00,0.08715994,-0.5192622622665618,0.8999999798834324,12.909999711439013,0.0630387994688695,0.9772705171641844,1.040309316633054,0.6082069934767712,0.01176922423603593,6.0
2026-10-12 23:10:00,0.08715994,-0.5034002841132188,0.8999999798834324,12.909999711439013,0.0630387994688695,0.9772705171641844,1.040309316633054,0.6240689716301142,0.01176922423603593,6.0
2026-10-12 23:20:00,0.08715994,-0.4832963730092215,0.8999999798834324,12.909999711439013,0.0630387994688695,0.9772705171641844,1.040309316633054,0.6441728827341116,0.01176922423603593,6.0
2026-10-12 23:30:00,0.08715994,-0.45915764366115663,0.8999999798834324,12.909999711439013,0.0630387994688695,0.9772705171641844,1.040309316633054,0.6683116120821764,0.01176922423603593,6.0
2026-10-12 23:40:00,0.08715994,-0.43122088448082635,0.8999999798834324,12.909999711439013,0.0630387994688695,0.9772705171641844,1.040309316633054,0.6962483712625067,0.01176922423603593,6.0
2026-10-12 23:50:00,0.08715994,-0.39974923671556395,0.8999999798834324,12.909999711439013,0.0630387994688695,0.9772705171641844,1.040309316633054,0.7277200190277691,0.01176922423603593,6.0
2026-10-13 00:00:00,0.08715994,-0.36502895232254934,0.8999999798834324,12.909999711439013,0.0630387994688695,0.9772705171641844,1.040309316633054,0.7624403034207836,0.01176922423603593,6.0
2026-10-13 00:10:00,,-0.3273662469568609,,,,,,,0.01176922423603593,6.0
2026-10-13 00:20:00,,-0.28708423809522154,,,,,,,0.01176922423603593,6.0
2026-10-13 00:30:00,,-0.24451993885610018,,,,,,,0.01176922423603593,6.0
2026-10-13 00:40:00,,-0.20002126773840037,,,,,,,0.01176922423603593,6.0
2026-10-13 00:50:00,,-0.15394403414450183,,,,,,,0.01176922423603593,6.0
2026-10-13 01:00:00,,-0.10664886923112497,,,,,,,0.01176922423603593,6.0
2026-10-13 01:10:00,,-0.058498089797663834,,,,,,,0.01176922423603593,6.0
2026-10-13 01:20:00,,-0.009852507370552707,,,,,,,0.01176922423603593,6.0
2026-10-13 01:30:00,,0.03893177789722272,,,,,,,0.01176922423603593,6.0
2026-10-13 01:40:00,,0.08750653198144744,,,,,,,0.01176922423603593,6.0
2026-10-13 01:50:00,,0.1355344010764314,,,,,,,0.01176922423603593,6.0
2026-10-13 02:00:00,,0.18269168042418327,,,,,,,0.01176922423603593,6.0
2026-10-13 02:10:00,,0.2286707278010291,,,,,,,0.01176922423603593,6.0
2026-10-13 02:20:00,,0.2731819176602061,,,,,,,0.01176922423603593,6.0
2026-10-13 02:30:00,,0.31595504947839226,,,,,,,0.01176922423603593,6.0
2026-10-13 02:40:00,,0.35674015221497934,,,,,,,0.01176922423603593,6.0
2026-10-13 02:50:00,,0.3953076634114002,,,,,,,0.01176922423603593,6.0
2026-10-13 03:00:00,,0.43144800347969403,,,,,,,0.01176922423603593,6.0
2026-10-13 03:10:00,,0.4649706090711606,,,,,,,0.01176922423603593,6.0
2026-10-13 03:20:00,,0.4957025301204596,,,,,,,0.01176922423603593,6.0
2026-10-13 03:30:00,,0.5234867293351841,,,,,,,0.01176922423603593,6.0
2026-10-13 03:40:00,,0.5481802469801828,,,,,,,0.01176922423603593,6.0
2026-10-13 03:50:00,,0.5696524056165566,,,,,,,0.01176922423603593,6.0
2026-10-13 04:00:00,,0.5877832274241919,,,,,,,0.01176922423603593,6.0
2026-10-13 04:10:00,,0.6024622210725972,,,,,,,0.01176922423603593,6.0
2026-10-13 04:20:00,,0.6135876669425631,,,,,,,0.01176922423603593,6.0
2026-10-13 04:30:00,,0.6210664913990676,,,,,,,0.01176922423603593,6.0
2026-10-13 04:40:00,,0.6248147759693162,,,,,,,0.01176922423603593,6.0
2026-10-13 04:50:00,,0.6247588996584317,,,,,,,0.01176922423603593,6.0
2026-10-13 05:00:00,,0.6208372662713323,,,,,,,0.01176922423603593,6.0
2026-10-13 05:10:00,,0.6130025271798476,,,,,,,0.01176922423603593,6.0
2026-10-13 05:20:00,,0.6012241768239273,,,,,,,0.01176922423603593,6.0
2026-10-13 05:30:00,,0.5854913754461373,,,,,,,0.01176922423603593,6.0
2026-10-13 05:40:00,,0.5658158424677234,,,,,,,0.01176922423603593,6.0
2026-10-13 05:50:00,,0.5422346643882545,,,,,,,0.01176922423603593,6.0
2026-10-13 06:00:00,,0.5148128721511042,,,,,,,0.01176922423603593,6.0
2026-10-13 06:10:00,,0.4836456624492058,,,,,,,0.01176922423603593,6.0
2026-10-13 06:20:00,,0.4488601628363586,,,,,,,0.01176922423603593,6.0
2026-10-13 06:30:00,,0.41061666870714375,,,,,,,0.01176922423603593,6.0
2026-10-13 06:40:00,,0.3691093082626686,,,,,,,0.01176922423603593,6.0
2026-10-13 06:50:00,,0.3245661168473847,,,,,,,0.01176922423603593,6.0
2026-10-13 07:00:00,,0.2772485225852683,,,,,,,0.01176922423603593,6.0
2026-10-13 07:10:00,,0.22745025985407719,,,,,,,0.01176922423603593,6.0
2026-10-13 07:20:00,,0.17549573568951343,,,,,,,0.01176922423603593,6.0
2026-10-13 07:30:00,,0.12173787724977184,,,,,,,0.01176922423603593,6.0
2026-10-13 07:40:00,,0.06655548751681555,,,,,,,0.01176922423603593,6.0
2026-10-13 07:50:00,,0.010350133352595449,,,,,,,0.01176922423603593,6.0
2026-10-13 08:00:00,,-0.04645741303253792,,,,,,,0.01176922423603593,6.0
2026-10-13 08:10:00,,-0.1034311589470237,,,,,,,0.01176922423603593,6.0
2026-10-13 08:20:00,,-0.1601242792848159,,,,,,,0.01176922423603593,6.0
2026-10-13 08:30:00,,-0.2160838767177427,,,,,,,0.01176922423603593,6.0
2026-10-13 08:40:00,,-0.27085607001631135,,,,,,,0.01176922423603593,6.0
2026-10-13 08:50:00,,-0.32399134886703507,,,,,,,0.01176922423603593,6.0
2026-10-13 09:00:00,,-0.37505011298428625,,,,,,,0.01176922423603593,6.0
2026-10-13 09:10:00,,-0.4236082916323753,,,,,,,0.01176922423603593,6.0
2026-10-13 09:20:00,,-0.46926291955927857,,,,,,,0.01176922423603593,6.0
2026-10-13 09:30:00,,-0.5116375295631259,,,,,,,0.01176922423603593,6.0
2026-10-13 09:40:00,,-0.5503872125753088,,,,,,,0.01176922423603593,6.0
2026-10-13 09:50:00,,-0.5852031957211211,,,,,,,0.01176922423603593,6.0
2026-10-13 10:00:00,,-0.6158167979305923,,,,,,,0.01176922423603593,6.0
2026-10-13 10:10:00,,-0.6420026419771904,,,,,,,0.01176922423603593,6.0
2026-10-13 10:20:00,,-0.6635810301263676,,,,,,,0.01176922423603593,6.0
2026-10-13 10:30:00,,-0.6804194263340159,,,,,,,0.01176922423603593,6.0
2026-10-13 10:40:00,,-0.692433028245365,,,,,,,0.01176922423603593,6.0
2026-10-13 10:50:00,,-0.6995844540085492,,,,,,,0.01176922423603593,6.0
2026-10-13 11:00:00,,-0.7018826086123751,,,,,,,0.01176922423603593,6.0
2026-10-13 11:10:00,,-0.6993808286194936,,,,,,,0.01176922423603593,6.0
2026-10-13 11:20:00,,-0.6921744300649623,,,,,,,0.01176922423603593,6.0
2026-10-13 11:30:00,,-0.68039779963323,,,,,,,0.01176922423603593,6.0
2026-10-13 11:40:00,,-0.6642211731413826,,,,,,,0.01176922423603593,6.0
2026-10-13 11:50:00,,-0.6438472377623288,,,,,,,0.01176922423603593,6.0
2026-10-13 12:00:00,,-0.6195076766831619,,,,,,,0.01176922423603593,6.0
2026-10-13 12:10:00,,-0.5914597492066622,,,,,,,0.01176922423603593,6.0
2026-10-13 12:20:00,,-0.5599829687957455,,,,,,,0.01176922423603593,6.0
2026-10-13 12:30:00,,-0.5253759096612871,,,,,,,0.01176922423603593,6.0
2026-10-13 12:40:00,,-0.48795314293484787,,,,,,,0.01176922423603593,6.0
2026-10-13 12:50:00,,-0.4480422793402994,,,,,,,0.01176922423603593,6.0
2026-10-13 13:00:00,,-0.40598107946959483,,,,,,,0.01176922423603593,6.0
2026-10-13 13:10:00,,-0.36211458653051837,,,,,,,0.01176922423603593,6.0
2026-10-13 13:20:00,,-0.31679224070228584,,,,,,,0.01176922423603593,6.0
2026-10-13 13:30:00,,-0.27036494786999216,,,,,,,0.01176922423603593,6.0
2026-10-13 13:40:00,,-0.22318209696031935,,,,,,,0.01176922423603593,6.0
2026-10-13 13:50:00,,-0.17558854643883082,,,,,,,0.01176922423603593,6.0
2026-10-13 14:00:00,,-0.12792162829149217,,,,,,,0.01176922423603593,6.0
2026-10-13 14:10:00,,-0.08050824355362154,,,,,,,0.01176922423603593,6.0
2026-10-13 14:20:00,,-0.03366214328701119,,,,,,,0.01176922423603593,6.0
2026-10-13 14:30:00,,0.012318499573100992,,,,,,,0.01176922423603593,6.0
2026-10-13 14:40:00,,0.057153121659258774,,,,,,,0.01176922423603593,6.0
2026-10-13 14:50:00,,0.10058030879971545,,,,,,,0.01176922423603593,6.0
2026-10-13 15:00:00,,0.14235877115890247,,,,,,,0.01176922423603593,6.0
2026-10-13 15:10:00,,0.18226771306687314,,,,,,,0.01176922423603593,6.0
2026-10-13 15:20:00,,0.22010659569586943,,,,,,,0.01176922423603593,6.0
2026-10-13 15:30:00,,0.2556943332809141,,,,,,,0.01176922423603593,6.0
2026-10-13 15:40:00,,0.28886800549328295,,,,,,,0.01176922423603593,6.0
2026-10-13 15:50:00,,0.3194812062095086,,,,,,,0.01176922423603593,6.0
2026-10-13 16:00:00,,0.34740217802220386,,,,,,,0.01176922423603593,6.0
2026-10-13 16:10:00,,0.3725119001810343,,,,,,,0.01176922423603593,6.0
2026-10-13 16:20:00,,0.3947023024584172,,,,,,,0.01176922423603593,6.0
2026-10-13 16:30:00,,0.4138747689121932,,,,,,,0.01176922423603593,6.0
2026-10-13 16:40:00,,0.42993907353134525,,,,,,,0.01176922423603593,6.0
2026-10-13 16:50:00,,0.44281285664973125,,,,,,,0.01176922423603593,6.0
2026-10-13 17:00:00,,0.4524217095105166,,,,,,,0.01176922423603593,6.0
2026-10-13 17:10:00,,0.45869988801039085,,,,,,,0.01176922423603593,6.0
2026-10-13 17:20:00,,0.46159162967077905,,,,,,,0.01176922423603593,6.0
2026-10-13 17:30:00,,0.46105300390860027,,,,,,,0.01176922423603593,6.0
2026-10-13 17:40:00,,0.457054188574274,,,,,,,0.01176922423603593,6.0
2026-10-13 17:50:00,,0.44958203791649404,,,,,,,0.01176922423603593,6.0
2026-10-13 18:00:00,,0.4386427906196142,,,,,,,0.01176922423603593,6.0
2026-10-13 18:10:00,,0.4242647617565565,,,,,,,0.01176922423603593,6.0
2026-10-13 18:20:00,,0.40650086895326404,,,,,,,0.01176922423603593,6.0
2026-10-13 18:30:00,,0.3854308591427044,,,,,,,0.01176922423603593,6.0
2026-10-13 18:40:00,,0.3611631255951745,,,,,,,0.01176922423603593,6.0
2026-10-13 18:50:00,,0.3338360325570223,,,,,,,0.01176922423603593,6.0
2026-10-13 19:00:00,,0.30361869377578354,,,,,,,0.01176922423603593,6.0
2026-10-13 19:10:00,,0.2707111784878186,,,,,,,0.01176922423603593,6.0
2026-10-13 19:20:00,,0.23534414190202532,,,,,,,0.01176922423603593,6.0
2026-10-13 19:30:00,,0.19777789500040455,,,,,,,0.01176922423603593,6.0
2026-10-13 19:40:00,,0.15830094010603238,,,,,,,0.01176922423603593,6.0
2026-10-13 19:50:00,,0.11722800420131718,,,,,,,0.01176922423603593,6.0
2026-10-13 20:00:00,,0.07489760247062256,,,,,,,0.01176922423603593,6.0
2026-10-13 20:10:00,,0.031669161834677335,,,,,,,0.01176922423603593,6.0
2026-10-13 20:20:00,,-0.012080269841068142,,,,,,,0.01176922423603593,6.0
2026-10-13 20:30:00,,-0.055959706070932445,,,,,,,0.01176922423603593,6.0
2026-10-13 20:40:00,,-0.09956827307275377,,,,,,,0.01176922423603593,6.0
2026-10-13 20:50:00,,-0.1424996031116565,,,,,,,0.01176922423603593,6.0
2026-10-13 21:00:00,,-0.1843465337295997,,,,,,,0.01176922423603593,6.0
2026-10-13 21:10:00,,-0.22470606231483847,,,,,,,0.01176922423603593,6.0
2026-10-13 21:20:00,,-0.26318448726483334,,,,,,,0.01176922423603593,6.0
2026-10-13 21:30:00,,-0.2994026466034286,,,,,,,0.01176922423603593,6.0
2026-10-13 21:40:00,,-0.33300114450305857,,,,,,,0.01176922423603593,6.0
2026-10-13 21:50:00,,-0.36364543873229743,,,,,,,0.01176922423603593,6.0
2026-10-13 22:00:00,,-0.39103064960889705,,,,,,,0.01176922423603593,6.0
2026-10-13 22:10:00,,-0.41488594660256517,,,,,,,0.01176922423603593,6.0
2026-10-13 22:20:00,,-0.4349783729381488,,,,,,,0.01176922423603593,6.0
2026-10-13 22:30:00,,-0.45111598313087087,,,,,,,0.01176922423603593,6.0
2026-10-13 22:40:00,,-0.4631501920620009,,,,,,,0.01176922423603593,6.0
2026-10-13 22:50:00,,-0.4709772664518444,,,,,,,0.01176922423603593,6.0
2026-10-13 23:00:00,,-0.4745389276173231,,,,,,,0.01176922423603593,6.0
2026-10-13 23:10:00,,-0.47382207547149136,,,,,,,0.01176922423603593,6.0
2026-10-13 23:20:00,,-0.4688576844273068,,,,,,,0.01176922423603593,6.0
2026-10-13 23:30:00,,-0.45971895859925954,,,,,,,0.01176922423603593,6.0
2026-10-13 23:40:00,,-0.44651886352276654,,,,,,,0.01176922423603593,6.0
2026-10-13 23:50:00,,-0.42940717168546455,,,,,,,0.01176922423603593,6.0
