,SSH_10min,Tide_10min,Significant_Wave_Height,Peak_Wave_Period,Wave_Setup,Wave_Swash,Wave_Runup,Total_Water_Level,beach_slope,water_depth
2026-10-04 00:00:00,0.04244712,0.11752343615968762,0.8099999818950891,11.129999751225114,0.028556655880980587,0.7939754609386206,0.8225321168196011,0.982502672930537,0.006518641168156775,8.0
2026-10-04 00:10:00,0.04244712,0.09707654508685779,0.8099999818950891,11.129999751225114,0.028556655880980587,0.7939754609386206,0.8225321168196011,0.9620557818577071,0.006518641168156775,8.0
2026-10-04 00:20:00,0.04244712,0.07620760135790394,0.8099999818950891,11.129999751225114,0.028556655880980587,0.7939754609386206,0.8225321168196011,0.9411868381287533,0.006518641168156775,8.0
2026-10-04 00:30:00,0.04244712,0.055143308989017294,0.8099999818950891,11.129999751225114,0.028556655880980587,0.7939754609386206,0.8225321168196011,0.9201225457598666,0.006518641168156775,8.0
2026-10-04 00:40:00,0.04244712,0.03410840246981963,0.8099999818950891,11.129999751225114,0.028556655880980587,0.7939754609386206,0.8225321168196011,0.8990876392406689,0.006518641168156775,8.0
2026-10-04 00:50:00,0.04244712,0.01332245094327746,0.8099999818950891,11.129999751225114,0.028556655880980587,0.7939754609386206,0.8225321168196011,0.8783016877141268,0.006518641168156775,8.0
2026-10-04 01:00:00,0.04244712,-0.007003121890884851,0.8099999818950891,11.129999751225114,0.028556655880980587,0.7939754609386206,0.8225321168196011,0.8579761148799645,0.006518641168156775,8.0
2026-10-04 01:10:00,0.04244712,-0.026667776356273782,0.8099999818950891,11.129999751225114,0.028556655880980587,0.7939754609386206,0.8225321168196011,0.8383114604145755,0.006518641168156775,8.0
2026-10-04 01:20:00,0.04244712,-0.04548433570554841,0.8099999818950891,11.129999751225114,0.028556655880980587,0.7939754609386206,0.8225321168196011,0.8194949010653009,0.006518641168156775,8.0
2026-10-04 01:30:00,0.04244712,-0.0632811902534813,0.8099999818950891,11.129999751225114,0.028556655880980587,0.7939754609386206,0.8225321168196011,0.801698046517368,0.006518641168156775,8.0
2026-10-04 01:40:00,0.04244712,-0.0799042094589809,0.8099999818950891,11.129999751225114,0.028556655880980587,0.7939754609386206,0.8225321168196011,0.7850750273118684,0.006518641168156775,8.0
2026-10-04 01:50:00,0.04244712,-0.09521833985146401,0.8099999818950891,11.129999751225114,0.028556655880980587,0.7939754609386206,0.8225321168196011,0.7697608969193853,0.006518641168156775,8.0
2026-10-04 02:00:00,0.04244712,-0.10910886028430128,0.8099999818950891,11.129999751225114,0.028556655880980587,0.7939754609386206,0.8225321168196011,0.755870376486548,0.006518641168156775,8.0
2026-10-04 02:10:00,0.04244712,-0.12148226047391666,0.8099999818950891,11.129999751225114,0.028556655880980587,0.7939754609386206,0.8225321168196011,0.7434969762969327,0.006518641168156775,8.0
2026-10-04 02:20:00,0.04244712,-0.13226670649202768,0.8099999818950891,11.129999751225114,0.028556655880980587,0.7939754609386206,0.8225321168196011,0.7327125302788217,0.006518641168156775,8.0
2026-10-04 02:30:00,0.04244712,-0.1414120589955856,0.8099999818950891,11.129999751225114,0.028556655880980587,0.7939754609386206,0.8225321168196011,0.7235671777752637,0.006518641168156775,8.0
2026-10-04 02:40:00,0.04244712,-0.14888941857439686,0.8099999818950891,11.129999751225114,0.028556655880980587,0.7939754609386206,0.8225321168196011,0.7160898181964525,0.006518641168156775,8.0
2026-10-04 02:50:00,0.04244712,-0.15469018695804465,0.8099999818950891,11.129999751225114,0.028556655880980587,0.7939754609386206,0.8225321168196011,0.7102890498128047,0.006518641168156775,8.0
2026-10-04 03:00:00,0.04244712,-0.15882465355999506,0.7799999825656414,10.869999757036567,0.027368217953942495,0.7609327070934316,0.7883009250473741,0.6719233914386272,0.006518641168156775,8.0
2026-10-04 03:10:00,0.04244712,-0.16132014148582813,0.7799999825656414,10.869999757036567,0.027368217953942495,0.7609327070934316,0.7883009250473741,0.6694279035127941,0.006518641168156775,8.0
2026-10-04 03:20:00,0.04244712,-0.16221877440750998,0.7799999825656414,10.869999757036567,0.027368217953942495,0.7609327070934316,0.7883009250473741,0.6685292705911123,0.006518641168156775,8.0
2026-10-04 03:30:00,0.04244712,-0.1615749523118047,0.7799999825656414,10.869999757036567,0.027368217953942495,0.7609327070934316,0.7883009250473741,0.6691730926868176,0.006518641168156775,8.0
2026-10-04 03:40:00,0.04244712,-0.15945264750552499,0.7799999825656414,10.869999757036567,0.027368217953942495,0.7609327070934316,0.7883009250473741,0.6712953974930973,0.006518641168156775,8.0
2026-10-04 03:50:00,0.04244712,-0.15592264950333076,0.7799999825656414,10.869999757036567,0.027368217953942495,0.7609327070934316,0.7883009250473741,0.6748253954952915,0.006518641168156775,8.0
2026-10-04 04:00:00,0.04244712,-0.1510598961286148,0.7799999825656414,10.869999757036567,0.027368217953942495,0.7609327070934316,0.7883009250473741,0.6796881488700075,0.006518641168156775,8.0
2026-10-04 04:10:00,0.04244712,-0.1449410268726011,0.7799999825656414,10.869999757036567,0.027368217953942495,0.7609327070934316,0.7883009250473741,0.6858070181260212,0.006518641168156775,8.0
2026-10-04 04:20:00,0.04244712,-0.13764228249160718,0.7799999825656414,10.869999757036567,0.027368217953942495,0.7609327070934316,0.7883009250473741,0.6931057625070152,0.006518641168156775,8.0
2026-10-04 04:30:00,0.04244712,-0.12923785252990636,0.7799999825656414,10.869999757036567,0.027368217953942495,0.7609327070934316,0.7883009250473741,0.7015101924687159,0.006518641168156775,8.0
2026-10-04 04:40:00,0.04244712,-0.11979874144539357,0.7799999825656414,10.869999757036567,0.027368217953942495,0.7609327070934316,0.7883009250473741,0.7109493035532287,0.006518641168156775,8.0
2026-10-04 04:50:00,0.04244712,-0.10939218675146649,0.7799999825656414,10.869999757036567,0.027368217953942495,0.7609327070934316,0.7883009250473741,0.7213558582471559,0.006518641168156775,8.0
2026-10-04 05:00:00,0.04244712,-0.0980816223116202,0.7799999825656414,10.869999757036567,0.027368217953942495,0.7609327070934316,0.7883009250473741,0.7326664226870021,0.006518641168156775,8.0
2026-10-04 05:10:00,0.04244712,-0.08592714030626944,0.7799999825656414,10.869999757036567,0.027368217953942495,0.7609327070934316,0.7883009250473741,0.7448209046923528,0.006518641168156775,8.0
2026-10-04 05:20:00,0.04244712,-0.0729863699232105,0.7799999825656414,10.869999757036567,0.027368217953942495,0.7609327070934316,0.7883009250473741,0.7577616750754118,0.006518641168156775,8.0
2026-10-04 05:30:00,0.04244712,-0.059315663125013095,0.7799999825656414,10.869999757036567,0.027368217953942495,0.7609327070934316,0.7883009250473741,0.7714323818736092,0.006518641168156775,8.0
2026-10-04 05:40:00,0.04244712,-0.04497146000916127,0.7799999825656414,10.869999757036567,0.027368217953942495,0.7609327070934316,0.7883009250473741,0.785776584989461,0.006518641168156775,8.0
2026-10-04 05:50:00,0.04244712,-0.03001170057576082,0.7799999825656414,10.869999757036567,0.027368217953942495,0.7609327070934316,0.7883009250473741,0.8007363444228615,0.006518641168156775,8.0
2026-10-04 06:00:00,0.04244712,-0.014497155771036425,0.7599999830126762,10.699999760836363,0.026592566147790177,0.7393668590864236,0.7659594252342138,0.7939093894144256,0.006518641168156775,8.0
2026-10-04 06:10:00,0.04244712,0.0015074315267890343,0.7599999830126762,10.699999760836363,0.026592566147790177,0.7393668590864236,0.7659594252342138,0.809913976712251,0.006518641168156775,8.0
2026-10-04 06:20:00,0.04244712,0.01793247797909214,0.7599999830126762,10.699999760836363,0.026592566147790177,0.7393668590864236,0.7659594252342138,0.8263390231645541,0.006518641168156775,8.0
2026-10-04 06:30:00,0.04244712,0.03470301267301796,0.7599999830126762,10.699999760836363,0.026592566147790177,0.7393668590864236,0.7659594252342138,0.84310955785848,0.006518641168156775,8.0
2026-10-04 06:40:00,0.04244712,0.051738463962619025,0.7599999830126762,10.699999760836363,0.026592566147790177,0.7393668590864236,0.7659594252342138,0.860145009148081,0.006518641168156775,8.0
2026-10-04 06:50:00,0.04244712,0.06895275765861011,0.7599999830126762,10.699999760836363,0.026592566147790177,0.7393668590864236,0.7659594252342138,0.877359302844072,0.006518641168156775,8.0
2026-10-04 07:00:00,0.04244712,0.08625467316535901,0.7599999830126762,10.699999760836363,0.026592566147790177,0.7393668590864236,0.7659594252342138,0.8946612183508209,0.006518641168156775,8.0
2026-10-04 07:10:00,0.04244712,0.10354838185369798,0.7599999830126762,10.699999760836363,0.026592566147790177,0.7393668590864236,0.7659594252342138,0.9119549270391599,0.006518641168156775,8.0
2026-10-04 07:20:00,0.04244712,0.12073407928200769,0.7599999830126762,10.699999760836363,0.026592566147790177,0.7393668590864236,0.7659594252342138,0.9291406244674696,0.006518641168156775,8.0
2026-10-04 07:30:00,0.04244712,0.13770862235476908,0.7599999830126762,10.699999760836363,0.026592566147790177,0.7393668590864236,0.7659594252342138,0.9461151675402311,0.006518641168156775,8.0
2026-10-04 07:40:00,0.04244712,0.15436609275066582,0.7599999830126762,10.699999760836363,0.026592566147790177,0.7393668590864236,0.7659594252342138,0.9627726379361278,0.006518641168156775,8.0
2026-10-04 07:50:00,0.04244712,0.17059822883188988,0.7599999830126762,10.699999760836363,0.026592566147790177,0.7393668590864236,0.7659594252342138,0.9790047740173519,0.006518641168156775,8.0
2026-10-04 08:00:00,0.04244712,0.1862946963940161,0.7599999830126762,10.699999760836363,0.026592566147790177,0.7393668590864236,0.7659594252342138,0.994701241579478,0.006518641168156775,8.0
2026-10-04 08:10:00,0.04244712,0.20134320137179929,0.7599999830126762,10.699999760836363,0.026592566147790177,0.7393668590864236,0.7659594252342138,1.0097497465572611,0.006518641168156775,8.0
2026-10-04 08:20:00,0.04244712,0.21562948093537512,0.7599999830126762,10.699999760836363,0.026592566147790177,0.7393668590864236,0.7659594252342138,1.0240360261208372,0.006518641168156775,8.0
2026-10-04 08:30:00,0.04244712,0.2290372392367485,0.7599999830126762,10.699999760836363,0.026592566147790177,0.7393668590864236,0.7659594252342138,1.0374437844222104,0.006518641168156775,8.0
2026-10-04 08:40:00,0.04244712,0.24144811745789443,0.7599999830126762,10.699999760836363,0.026592566147790177,0.7393668590864236,0.7659594252342138,1.0498546626433565,0.006518641168156775,8.0
2026-10-04 08:50:00,0.04244712,0.2527418009927016,0.7599999830126762,10.699999760836363,0.026592566147790177,0.7393668590864236,0.7659594252342138,1.0611483461781637,0.006518641168156775,8.0
2026-10-04 09:00:00,0.04244712,0.2627963687457862,0.7399999834597111,10.529999764636159,0.02582342871876234,0.7179821336731007,0.743805562391863,1.0490490510888975,0.006518641168156775,8.0
2026-10-04 09:10:00,0.04244712,0.2714889791081845,0.7399999834597111,10.529999764636159,0.02582342871876234,0.7179821336731007,0.743805562391863,1.0577416614512956,0.006518641168156775,8.0
2026-10-04 09:20:00,0.04244712,0.27869696559888746,0.7399999834597111,10.529999764636159,0.02582342871876234,0.7179821336731007,0.743805562391863,1.0649496479419986,0.006518641168156775,8.0
2026-10-04 09:30:00,0.04244712,0.2842993837404569,0.7399999834597111,10.529999764636159,0.02582342871876234,0.7179821336731007,0.743805562391863,1.0705520660835681,0.006518641168156775,8.0
2026-10-04 09:40:00,0.04244712,0.28817901276622976,0.7399999834597111,10.529999764636159,0.02582342871876234,0.7179821336731007,0.743805562391863,1.074431695109341,0.006518641168156775,8.0
2026-10-04 09:50:00,0.04244712,0.2902247746581776,0.7399999834597111,10.529999764636159,0.02582342871876234,0.7179821336731007,0.743805562391863,1.0764774570012887,0.006518641168156775,8.0
2026-10-04 10:00:00,0.04244712,0.290334492728713,0.7399999834597111,10.529999764636159,0.02582342871876234,0.7179821336731007,0.743805562391863,1.076587175071824,0.006518641168156775,8.0
2026-10-04 10:10:00,0.04244712,0.28841787656643636,0.7399999834597111,10.529999764636159,0.02582342871876234,0.7179821336731007,0.743805562391863,1.0746705589095475,0.006518641168156775,8.0
2026-10-04 10:20:00,0.04244712,0.2843995927836593,0.7399999834597111,10.529999764636159,0.02582342871876234,0.7179821336731007,0.743805562391863,1.0706522751267704,0.006518641168156775,8.0
2026-10-04 10:30:00,0.04244712,0.2782222645090022,0.7399999834597111,10.529999764636159,0.02582342871876234,0.7179821336731007,0.743805562391863,1.0644749468521133,0.006518641168156775,8.0
2026-10-04 10:40:00,0.04244712,0.26984923828332025,0.7399999834597111,10.529999764636159,0.02582342871876234,0.7179821336731007,0.743805562391863,1.0561019206264315,0.006518641168156775,8.0
2026-10-04 10:50:00,0.04244712,0.25926696535080274,0.7399999834597111,10.529999764636159,0.02582342871876234,0.7179821336731007,0.743805562391863,1.045519647693914,0.006518641168156775,8.0
2026-10-04 11:00:00,0.04244712,0.2464868643766775,0.7399999834597111,10.529999764636159,0.02582342871876234,0.7179821336731007,0.743805562391863,1.0327395467197886,0.006518641168156775,8.0
2026-10-04 11:10:00,0.04244712,0.23154656231098866,0.7399999834597111,10.529999764636159,0.02582342871876234,0.7179821336731007,0.743805562391863,1.0177992446540998,0.006518641168156775,8.0
2026-10-04 11:20:00,0.04244712,0.21451044666190672,0.7399999834597111,10.529999764636159,0.02582342871876234,0.7179821336731007,0.743805562391863,1.0007631290050178,0.006518641168156775,8.0
2026-10-04 11:30:00,0.04244712,0.195469502402729,0.7399999834597111,10.529999764636159,0.02582342871876234,0.7179821336731007,0.743805562391863,0.9817221847458402,0.006518641168156775,8.0
2026-10-04 11:40:00,0.04244712,0.17454044645703942,0.7399999834597111,10.529999764636159,0.02582342871876234,0.7179821336731007,0.743805562391863,0.9607931288001506,0.006518641168156775,8.0
2026-10-04 11:50:00,0.04244712,0.1518642090154079,0.7399999834597111,10.529999764636159,0.02582342871876234,0.7179821336731007,0.743805562391863,0.9381168913585191,0.006518641168156775,8.0
2026-10-04 12:00:00,0.04244712,0.12760384064301028,0.7199999839067459,10.309999769553542,0.02493989311424629,0.6934167366681058,0.718356629782352,0.8884075903766104,0.006518641168156775,8.0
2026-10-04 12:10:00,0.04244712,0.10194194573076065,0.7199999839067459,10.309999769553542,0.02493989311424629,0.6934167366681058,0.718356629782352,0.8627456954643609,0.006518641168156775,8.0
2026-10-04 12:20:00,0.04244712,0.07507775466868838,0.7199999839067459,10.309999769553542,0.02493989311424629,0.6934167366681058,0.718356629782352,0.8358815044022886,0.006518641168156775,8.0
2026-10-04 12:30:00,0.04244712,0.047223949879144245,0.7199999839067459,10.309999769553542,0.02493989311424629,0.6934167366681058,0.718356629782352,0.8080276996127445,0.006518641168156775,8.0
2026-10-04 12:40:00,0.04244712,0.018603354915421554,0.7199999839067459,10.309999769553542,0.02493989311424629,0.6934167366681058,0.718356629782352,0.7794071046490217,0.006518641168156775,8.0
2026-10-04 12:50:00,0.04244712,-0.01055441648053512,0.7199999839067459,10.309999769553542,0.02493989311424629,0.6934167366681058,0.718356629782352,0.7502493332530651,0.006518641168156775,8.0
2026-10-04 13:00:00,0.04244712,-0.040016270976595374,0.7199999839067459,10.309999769553542,0.02493989311424629,0.6934167366681058,0.718356629782352,0.7207874787570049,0.006518641168156775,8.0
2026-10-04 13:10:00,0.04244712,-0.06954884391770308,0.7199999839067459,10.309999769553542,0.02493989311424629,0.6934167366681058,0.718356629782352,0.6912549058158971,0.006518641168156775,8.0
2026-10-04 13:20:00,0.04244712,-0.09892156012571306,0.7199999839067459,10.309999769553542,0.02493989311424629,0.6934167366681058,0.718356629782352,0.6618821896078871,0.006518641168156775,8.0
2026-10-04 13:30:00,0.04244712,-0.12790951668669057,0.7199999839067459,10.309999769553542,0.02493989311424629,0.6934167366681058,0.718356629782352,0.6328942330469096,0.006518641168156775,8.0
2026-10-04 13:40:00,0.04244712,-0.15629616641363187,0.7199999839067459,10.309999769553542,0.02493989311424629,0.6934167366681058,0.718356629782352,0.6045075833199683,0.006518641168156775,8.0
2026-10-04 13:50:00,0.04244712,-0.18387578541920635,0.7199999839067459,10.309999769553542,0.02493989311424629,0.6934167366681058,0.718356629782352,0.5769279643143939,0.006518641168156775,8.0
2026-10-04 14:00:00,0.04244712,-0.21045570745457742,0.7199999839067459,10.309999769553542,0.02493989311424629,0.6934167366681058,0.718356629782352,0.5503480422790228,0.006518641168156775,8.0
2026-10-04 14:10:00,0.04244712,-0.23585830331204385,0.7199999839067459,10.309999769553542,0.02493989311424629,0.6934167366681058,0.718356629782352,0.5249454464215564,0.006518641168156775,8.0
2026-10-04 14:20:00,0.04244712,-0.2599226766859544,0.7199999839067459,10.309999769553542,0.02493989311424629,0.6934167366681058,0.718356629782352,0.5008810730476458,0.006518641168156775,8.0
2026-10-04 14:30:00,0.04244712,-0.28250604088779285,0.7199999839067459,10.309999769553542,0.02493989311424629,0.6934167366681058,0.718356629782352,0.47829770884580736,0.006518641168156775,8.0
2026-10-04 14:40:00,0.04244712,-0.30348473594766445,0.7199999839067459,10.309999769553542,0.02493989311424629,0.6934167366681058,0.718356629782352,0.45731901378593576,0.006518641168156775,8.0
2026-10-04 14:50:00,0.04244712,-0.3227548444590292,0.7199999839067459,10.309999769553542,0.02493989311424629,0.6934167366681058,0.718356629782352,0.438048905274571,0.006518641168156775,8.0
2026-10-04 15:00:00,0.04244712,-0.34023236945380597,0.7199999839067459,10.189999772235751,0.024649613077999,0.6853459308096991,0.709995543887698,0.41221029438514023,0.006518641168156775,8.0
2026-10-04 15:10:00,0.04244712,-0.3558529483279363,0.7199999839067459,10.189999772235751,0.024649613077999,0.6853459308096991,0.709995543887698,0.3965897155110099,0.006518641168156775,8.0
2026-10-04 15:20:00,0.04244712,-0.3695710944446791,0.7199999839067459,10.189999772235751,0.024649613077999,0.6853459308096991,0.709995543887698,0.3828715693942671,0.006518641168156775,8.0
2026-10-04 15:30:00,0.04244712,-0.38135898066039586,0.7199999839067459,10.189999772235751,0.024649613077999,0.6853459308096991,0.709995543887698,0.37108368317855034,0.006518641168156775,8.0
2026-10-04 15:40:00,0.04244712,-0.3912048054988629,0.7199999839067459,10.189999772235751,0.024649613077999,0.6853459308096991,0.709995543887698,0.3612378583400833,0.006518641168156775,8.0
2026-10-04 15:50:00,0.04244712,-0.3991108101929377,0.7199999839067459,10.189999772235751,0.024649613077999,0.6853459308096991,0.709995543887698,0.3533318536460085,0.006518641168156775,8.0
2026-10-04 16:00:00,0.04244712,-0.4050910407065837,0.7199999839067459,10.189999772235751,0.024649613077999,0.6853459308096991,0.709995543887698,0.3473516231323625,0.006518641168156775,8.0
2026-10-04 16:10:00,0.04244712,-0.4091689701671238,0.7199999839067459,10.189999772235751,0.024649613077999,0.6853459308096991,0.709995543887698,0.3432736936718224,0.006518641168156775,8.0
2026-10-04 16:20:00,0.04244712,-0.411375111178798,0.7199999839067459,10.189999772235751,0.024649613077999,0.6853459308096991,0.709995543887698,0.3410675526601482,0.006518641168156775,8.0
2026-10-04 16:30:00,0.04244712,-0.4117447523617382,0.7199999839067459,10.189999772235751,0.024649613077999,0.6853459308096991,0.709995543887698,0.340697911477208,0.006518641168156775,8.0
2026-10-04 16:40:00,0.04244712,-0.41031594779546615,0.7199999839067459,10.189999772235751,0.024649613077999,0.6853459308096991,0.709995543887698,0.34212671604348005,0.006518641168156775,8.0
2026-10-04 16:50:00,0.04244712,-0.4071278718700134,0.7199999839067459,10.189999772235751,0.024649613077999,0.6853459308096991,0.709995543887698,0.3453147919689328,0.006518641168156775,8.0
2026-10-04 17:00:00,0.04244712,-0.4022196261918448,0.7199999839067459,10.189999772235751,0.024649613077999,0.6853459308096991,0.709995543887698,0.3502230376471014,0.006518641168156775,8.0
2026-10-04 17:10:00,0.04244712,-0.39562955168531644,0.7199999839067459,10.189999772235751,0.024649613077999,0.6853459308096991,0.709995543887698,0.35681311215362976,0.006518641168156775,8.0
2026-10-04 17:20:00,0.04244712,-0.38739506074143426,0.7199999839067459,10.189999772235751,0.024649613077999,0.6853459308096991,0.709995543887698,0.36504760309751194,0.006518641168156775,8.0
2026-10-04 17:30:00,0.04244712,-0.3775529646227366,0.7199999839067459,10.189999772235751,0.024649613077999,0.6853459308096991,0.709995543887698,0.3748896992162096,0.006518641168156775,8.0
2026-10-04 17:40:00,0.04244712,-0.36614023389211175,0.7199999839067459,10.189999772235751,0.024649613077999,0.6853459308096991,0.709995543887698,0.38630242994683445,0.006518641168156775,8.0
2026-10-04 17:50:00,0.04244712,-0.35319509820589273,0.7199999839067459,10.189999772235751,0.024649613077999,0.6853459308096991,0.709995543887698,0.39924756563305347,0.006518641168156775,8.0
2026-10-04 18:00:00,0.04244712,-0.33875836890213484,0.7299999836832285,10.199999772012234,0.024844558080948275,0.690766087470179,0.7156106455511273,0.4192993966002406,0.006518641168156775,8.0
2026-10-04 18:10:00,0.04244712,-0.3228748561558652,0.7299999836832285,10.199999772012234,0.024844558080948275,0.690766087470179,0.7156106455511273,0.43518290934651027,0.006518641168156775,8.0
2026-10-04 18:20:00,0.04244712,-0.3055947524960059,0.7299999836832285,10.199999772012234,0.024844558080948275,0.690766087470179,0.7156106455511273,0.4524630130063696,0.006518641168156775,8.0
2026-10-04 18:30:00,0.04244712,-0.28697486655311016,0.7299999836832285,10.199999772012234,0.024844558080948275,0.690766087470179,0.7156106455511273,0.4710828989492653,0.006518641168156775,8.0
2026-10-04 18:40:00,0.04244712,-0.2670796132003565,0.7299999836832285,10.199999772012234,0.024844558080948275,0.690766087470179,0.7156106455511273,0.49097815230201897,0.006518641168156775,8.0
2026-10-04 18:50:00,0.04244712,-0.24598169664092848,0.7299999836832285,10.199999772012234,0.024844558080948275,0.690766087470179,0.7156106455511273,0.512076068861447,0.006518641168156775,8.0
2026-10-04 19:00:00,0.04244712,-0.22376245800239933,0.7299999836832285,10.199999772012234,0.024844558080948275,0.690766087470179,0.7156106455511273,0.5342953074999761,0.006518641168156775,8.0
2026-10-04 19:10:00,0.04244712,-0.20051189484023282,0.7299999836832285,10.199999772012234,0.024844558080948275,0.690766087470179,0.7156106455511273,0.5575458706621427,0.006518641168156775,8.0
2026-10-04 19:20:00,0.04244712,-0.17632839308068315,0.7299999836832285,10.199999772012234,0.024844558080948275,0.690766087470179,0.7156106455511273,0.5817293724216923,0.006518641168156775,8.0
2026-10-04 19:30:00,0.04244712,-0.15131823824441354,0.7299999836832285,10.199999772012234,0.024844558080948275,0.690766087470179,0.7156106455511273,0.6067395272579619,0.006518641168156775,8.0
2026-10-04 19:40:00,0.04244712,-0.12559499034510982,0.7299999836832285,10.199999772012234,0.024844558080948275,0.690766087470179,0.7156106455511273,0.6324627751572657,0.006518641168156775,8.0
2026-10-04 19:50:00,0.04244712,-0.09927881283421146,0.7299999836832285,10.199999772012234,0.024844558080948275,0.690766087470179,0.7156106455511273,0.658778952668164,0.006518641168156775,8.0
2026-10-04 20:00:00,0.04244712,-0.07249584083552024,0.7299999836832285,10.199999772012234,0.024844558080948275,0.690766087470179,0.7156106455511273,0.6855619246668552,0.006518641168156775,8.0
2026-10-04 20:10:00,0.04244712,-0.04537765742417417,0.7299999836832285,10.199999772012234,0.024844558080948275,0.690766087470179,0.7156106455511273,0.7126801080782013,0.006518641168156775,8.0
2026-10-04 20:20:00,0.04244712,-0.018060921491440392,0.7299999836832285,10.199999772012234,0.024844558080948275,0.690766087470179,0.7156106455511273,0.7399968440109351,0.006518641168156775,8.0
2026-10-04 20:30:00,0.04244712,0.009312840739228796,0.7299999836832285,10.199999772012234,0.024844558080948275,0.690766087470179,0.7156106455511273,0.7673706062416042,0.006518641168156775,8.0
2026-10-04 20:40:00,0.04244712,0.036597302534840656,0.7299999836832285,10.199999772012234,0.024844558080948275,0.690766087470179,0.7156106455511273,0.7946550680372161,0.006518641168156775,8.0
2026-10-04 20:50:00,0.04244712,0.0636413162837997,0.7299999836832285,10.199999772012234,0.024844558080948275,0.690766087470179,0.7156106455511273,0.8216990817861751,0.006518641168156775,8.0
2026-10-04 21:00:00,0.04244712,0.09028888806442426,0.7199999839067459,10.269999770447612,0.02484313310216386,0.6907264680486368,0.7155696011508007,0.8483056091664731,0.006518641168156775,8.0
2026-10-04 21:10:00,0.04244712,0.11637924806102168,0.7199999839067459,10.269999770447612,0.02484313310216386,0.6907264680486368,0.7155696011508007,0.8743959691630705,0.006518641168156775,8.0
2026-10-04 21:20:00,0.04244712,0.1417471261112114,0.7199999839067459,10.269999770447612,0.02484313310216386,0.6907264680486368,0.7155696011508007,0.8997638472132603,0.006518641168156775,8.0
2026-10-04 21:30:00,0.04244712,0.16622333754576843,0.7199999839067459,10.269999770447612,0.02484313310216386,0.6907264680486368,0.7155696011508007,0.9242400586478173,0.006518641168156775,8.0
2026-10-04 21:40:00,0.04244712,0.1896357684922212,0.7199999839067459,10.269999770447612,0.02484313310216386,0.6907264680486368,0.7155696011508007,0.9476524895942701,0.006518641168156775,8.0
2026-10-04 21:50:00,0.04244712,0.21181082277885444,0.7199999839067459,10.269999770447612,0.02484313310216386,0.6907264680486368,0.7155696011508007,0.9698275438809033,0.006518641168156775,8.0
2026-10-04 22:00:00,0.04244712,0.2325753571558998,0.7199999839067459,10.269999770447612,0.02484313310216386,0.6907264680486368,0.7155696011508007,0.9905920782579487,0.006518641168156775,8.0
2026-10-04 22:10:00,0.04244712,0.2517590909813709,0.7199999839067459,10.269999770447612,0.02484313310216386,0.6907264680486368,0.7155696011508007,1.0097758120834197,0.006518641168156775,8.0
2026-10-04 22:20:00,0.04244712,0.26919743455419065,0.7199999839067459,10.269999770447612,0.02484313310216386,0.6907264680486368,0.7155696011508007,1.0272141556562395,0.006518641168156775,8.0
2026-10-04 22:30:00,0.04244712,0.2847346410763635,0.7199999839067459,10.269999770447612,0.02484313310216386,0.6907264680486368,0.7155696011508007,1.0427513621784124,0.006518641168156775,8.0
2026-10-04 22:40:00,0.04244712,0.29822715435187624,0.7199999839067459,10.269999770447612,0.02484313310216386,0.6907264680486368,0.7155696011508007,1.0562438754539252,0.006518641168156775,8.0
2026-10-04 22:50:00,0.04244712,0.30954700098886706,0.7199999839067459,10.269999770447612,0.02484313310216386,0.6907264680486368,0.7155696011508007,1.067563722090916,0.006518641168156775,8.0
2026-10-04 23:00:00,0.04244712,0.31858506412278015,0.7199999839067459,10.269999770447612,0.02484313310216386,0.6907264680486368,0.7155696011508007,1.076601785224829,0.006518641168156775,8.0
2026-10-04 23:10:00,0.04244712,0.3252540765493577,0.7199999839067459,10.269999770447612,0.02484313310216386,0.6907264680486368,0.7155696011508007,1.0832707976514064,0.006518641168156775,8.0
2026-10-04 23:20:00,0.04244712,0.32949118435881836,0.7199999839067459,10.269999770447612,0.02484313310216386,0.6907264680486368,0.7155696011508007,1.0875079054608672,0.006518641168156775,8.0
2026-10-04 23:30:00,0.04244712,0.33125995632286864,0.7199999839067459,10.269999770447612,0.02484313310216386,0.6907264680486368,0.7155696011508007,1.0892766774249174,0.006518641168156775,8.0
2026-10-04 23:40:00,0.04244712,0.33055174690485517,0.7199999839067459,10.269999770447612,0.02484313310216386,0.6907264680486368,0.7155696011508007,1.088568468006904,0.006518641168156775,8.0
2026-10-04 23:50:00,0.04244712,0.3273863588021533,0.7199999839067459,10.269999770447612,0.02484313310216386,0.6907264680486368,0.7155696011508007,1.0854030799042023,0.006518641168156775,8.0
2026-10-05 00:00:00,0.048685648,0.3218119907197415,0.7099999841302633,12.729999715462327,0.030579279775447388,0.8502115183260097,0.8807907981014571,1.2512884363684436,0.006518641168156775,8.0
2026-10-05 00:10:00,0.048685648,0.3139044942904129,0.7099999841302633,12.729999715462327,0.030579279775447388,0.8502115183260097,0.8807907981014571,1.2433809399391151,0.006518641168156775,8.0
2026-10-05 00:20:00,0.048685648,0.30376599731483633,0.7099999841302633,12.729999715462327,0.030579279775447388,0.8502115183260097,0.8807907981014571,1.2332424429635385,0.006518641168156775,8.0
2026-10-05 00:30:00,0.048685648,0.2915229766089688,0.7099999841302633,12.729999715462327,0.030579279775447388,0.8502115183260097,0.8807907981014571,1.220999422257671,0.006518641168156775,8.0
2026-10-05 00:40:00,0.048685648,0.27732388085284454,0.7099999841302633,12.729999715462327,0.030579279775447388,0.8502115183260097,0.8807907981014571,1.2068003265015466,0.006518641168156775,8.0
2026-10-05 00:50:00,0.048685648,0.2613364116919434,0.7099999841302633,12.729999715462327,0.030579279775447388,0.8502115183260097,0.8807907981014571,1.1908128573406456,0.006518641168156775,8.0
2026-10-05 01:00:00,0.048685648,0.24374457027919047,0.7099999841302633,12.729999715462327,0.030579279775447388,0.8502115183260097,0.8807907981014571,1.1732210159278926,0.006518641168156775,8.0
2026-10-05 01:10:00,0.048685648,0.22474556786433136,0.7099999841302633,12.729999715462327,0.030579279775447388,0.8502115183260097,0.8807907981014571,1.1542220135130334,0.006518641168156775,8.0
2026-10-05 01:20:00,0.048685648,0.20454668521327202,0.7099999841302633,12.729999715462327,0.030579279775447388,0.8502115183260097,0.8807907981014571,1.1340231308619741,0.006518641168156775,8.0
2026-10-05 01:30:00,0.048685648,0.18336214885783608,0.7099999841302633,12.729999715462327,0.030579279775447388,0.8502115183260097,0.8807907981014571,1.1128385945065382,0.006518641168156775,8.0
2026-10-05 01:40:00,0.048685648,0.161410075252555,0.7099999841302633,12.729999715462327,0.030579279775447388,0.8502115183260097,0.8807907981014571,1.090886520901257,0.006518641168156775,8.0
2026-10-05 01:50:00,0.048685648,0.13890951891919606,0.7099999841302633,12.729999715462327,0.030579279775447388,0.8502115183260097,0.8807907981014571,1.0683859645678981,0.006518641168156775,8.0
2026-10-05 02:00:00,0.048685648,0.11607764979017753,0.7099999841302633,12.729999715462327,0.030579279775447388,0.8502115183260097,0.8807907981014571,1.0455540954388796,0.006518641168156775,8.0
2026-10-05 02:10:00,0.048685648,0.0931270788100652,0.7099999841302633,12.729999715462327,0.030579279775447388,0.8502115183260097,0.8807907981014571,1.0226035244587672,0.006518641168156775,8.0
2026-10-05 02:20:00,0.048685648,0.07026335010124347,0.7099999841302633,12.729999715462327,0.030579279775447388,0.8502115183260097,0.8807907981014571,0.9997397957499456,0.006518641168156775,8.0
2026-10-05 02:30:00,0.048685648,0.04768262170768984,0.7099999841302633,12.729999715462327,0.030579279775447388,0.8502115183260097,0.8807907981014571,0.9771590673563919,0.006518641168156775,8.0
2026-10-05 02:40:00,0.048685648,0.025569563744977857,0.7099999841302633,12.729999715462327,0.030579279775447388,0.8502115183260097,0.8807907981014571,0.95504600939368,0.006518641168156775,8.0
2026-10-05 02:50:00,0.048685648,0.004095510999376399,0.7099999841302633,12.729999715462327,0.030579279775447388,0.8502115183260097,0.8807907981014571,0.9335719566480786,0.006518641168156775,8.0
2026-10-05 03:00:00,0.048685648,-0.016583085978861437,0.6999999843537807,13.649999694898725,0.03255752222980858,0.9052136155987469,0.9377711378285555,0.969873699396939,0.006518641168156775,8.0
2026-10-05 03:10:00,0.048685648,-0.03632586316551271,0.6999999843537807,13.649999694898725,0.03255752222980858,0.9052136155987469,0.9377711378285555,0.9501309222102878,0.006518641168156775,8.0
2026-10-05 03:20:00,0.048685648,-0.055009351780667765,0.6999999843537807,13.649999694898725,0.03255752222980858,0.9052136155987469,0.9377711378285555,0.9314474335951327,0.006518641168156775,8.0
2026-10-05 03:30:00,0.048685648,-0.07252735364668766,0.6999999843537807,13.649999694898725,0.03255752222980858,0.9052136155987469,0.9377711378285555,0.9139294317291129,0.006518641168156775,8.0
2026-10-05 03:40:00,0.048685648,-0.08879085744824876,0.6999999843537807,13.649999694898725,0.03255752222980858,0.9052136155987469,0.9377711378285555,0.8976659279275517,0.006518641168156775,8.0
2026-10-05 03:50:00,0.048685648,-0.10372749021066213,0.6999999843537807,13.649999694898725,0.03255752222980858,0.9052136155987469,0.9377711378285555,0.8827292951651384,0.006518641168156775,8.0
2026-10-05 04:00:00,0.048685648,-0.11728052331198568,0.6999999843537807,13.649999694898725,0.03255752222980858,0.9052136155987469,0.9377711378285555,0.8691762620638148,0.006518641168156775,8.0
2026-10-05 04:10:00,0.048685648,-0.12940747994121676,0.6999999843537807,13.649999694898725,0.03255752222980858,0.9052136155987469,0.9377711378285555,0.8570493054345838,0.006518641168156775,8.0
2026-10-05 04:20:00,0.048685648,-0.14007841858704917,0.6999999843537807,13.649999694898725,0.03255752222980858,0.9052136155987469,0.9377711378285555,0.8463783667887513,0.006518641168156775,8.0
2026-10-05 04:30:00,0.048685648,-0.14927399181496173,0.6999999843537807,13.649999694898725,0.03255752222980858,0.9052136155987469,0.9377711378285555,0.8371827935608388,0.006518641168156775,8.0
2026-10-05 04:40:00,0.048685648,-0.15698339854073973,0.6999999843537807,13.649999694898725,0.03255752222980858,0.9052136155987469,0.9377711378285555,0.8294733868350608,0.006518641168156775,8.0
2026-10-05 04:50:00,0.048685648,-0.1632023587723182,0.6999999843537807,13.649999694898725,0.03255752222980858,0.9052136155987469,0.9377711378285555,0.8232544266034822,0.006518641168156775,8.0
2026-10-05 05:00:00,0.048685648,-0.16793124065648024,0.6999999843537807,13.649999694898725,0.03255752222980858,0.9052136155987469,0.9377711378285555,0.8185255447193203,0.006518641168156775,8.0
2026-10-05 05:10:00,0.048685648,-0.17117345996598826,0.6999999843537807,13.649999694898725,0.03255752222980858,0.9052136155987469,0.9377711378285555,0.8152833254098122,0.006518641168156775,8.0
2026-10-05 05:20:00,0.048685648,-0.17293425217509614,0.6999999843537807,13.649999694898725,0.03255752222980858,0.9052136155987469,0.9377711378285555,0.8135225332007043,0.006518641168156775,8.0
2026-10-05 05:30:00,0.048685648,-0.17321988848449824,0.6999999843537807,13.649999694898725,0.03255752222980858,0.9052136155987469,0.9377711378285555,0.8132368968913023,0.006518641168156775,8.0
2026-10-05 05:40:00,0.048685648,-0.1720373719168265,0.6999999843537807,13.649999694898725,0.03255752222980858,0.9052136155987469,0.9377711378285555,0.814419413458974,0.006518641168156775,8.0
2026-10-05 05:50:00,0.048685648,-0.1693946111197572,0.6999999843537807,13.649999694898725,0.03255752222980858,0.9052136155987469,0.9377711378285555,0.8170621742560433,0.006518641168156775,8.0
2026-10-05 06:00:00,0.048685648,-0.16530103125714246,0.6999999843537807,13.47999969869852,0.0321520439309758,0.8939398929136342,0.92609193684461,0.8094765531347126,0.006518641168156775,8.0
2026-10-05 06:10:00,0.048685648,-0.15976854708982796,0.6999999843537807,13.47999969869852,0.0321520439309758,0.8939398929136342,0.92609193684461,0.8150090373020271,0.006518641168156775,8.0
2026-10-05 06:20:00,0.048685648,-0.152812796169382,0.6999999843537807,13.47999969869852,0.0321520439309758,0.8939398929136342,0.92609193684461,0.821964788222473,0.006518641168156775,8.0
2026-10-05 06:30:00,0.048685648,-0.1444545127964577,0.6999999843537807,13.47999969869852,0.0321520439309758,0.8939398929136342,0.92609193684461,0.8303230715953973,0.006518641168156775,8.0
2026-10-05 06:40:00,0.048685648,-0.1347209174327167,0.6999999843537807,13.47999969869852,0.0321520439309758,0.8939398929136342,0.92609193684461,0.8400566669591383,0.006518641168156775,8.0
2026-10-05 06:50:00,0.048685648,-0.12364700228688062,0.6999999843537807,13.47999969869852,0.0321520439309758,0.8939398929136342,0.92609193684461,0.8511305821049744,0.006518641168156775,8.0
2026-10-05 07:00:00,0.048685648,-0.11127661088547079,0.6999999843537807,13.47999969869852,0.0321520439309758,0.8939398929136342,0.92609193684461,0.8635009735063842,0.006518641168156775,8.0
2026-10-05 07:10:00,0.048685648,-0.09766323576779015,0.6999999843537807,13.47999969869852,0.0321520439309758,0.8939398929136342,0.92609193684461,0.8771143486240649,0.006518641168156775,8.0
2026-10-05 07:20:00,0.048685648,-0.08287049112607983,0.6999999843537807,13.47999969869852,0.0321520439309758,0.8939398929136342,0.92609193684461,0.8919070932657752,0.006518641168156775,8.0
2026-10-05 07:30:00,0.048685648,-0.06697225258867373,0.6999999843537807,13.47999969869852,0.0321520439309758,0.8939398929136342,0.92609193684461,0.9078053318031813,0.006518641168156775,8.0
2026-10-05 07:40:00,0.048685648,-0.050052490815941424,0.6999999843537807,13.47999969869852,0.0321520439309758,0.8939398929136342,0.92609193684461,0.9247250935759136,0.006518641168156775,8.0
2026-10-05 07:50:00,0.048685648,-0.03220485509201423,0.6999999843537807,13.47999969869852,0.0321520439309758,0.8939398929136342,0.92609193684461,0.9425727292998408,0.006518641168156775,8.0
2026-10-05 08:00:00,0.048685648,-0.013532084867113048,0.6999999843537807,13.47999969869852,0.0321520439309758,0.8939398929136342,0.92609193684461,0.9612454995247419,0.006518641168156775,8.0
2026-10-05 08:10:00,0.048685648,0.0058546615230279445,0.6999999843537807,13.47999969869852,0.0321520439309758,0.8939398929136342,0.92609193684461,0.980632245914883,0.006518641168156775,8.0
2026-10-05 08:20:00,0.048685648,0.02583647178007372,0.6999999843537807,13.47999969869852,0.0321520439309758,0.8939398929136342,0.92609193684461,1.0006140561719288,0.006518641168156775,8.0
2026-10-05 08:30:00,0.048685648,0.046287260575758986,0.6999999843537807,13.47999969869852,0.0321520439309758,0.8939398929136342,0.92609193684461,1.021064844967614,0.006518641168156775,8.0
2026-10-05 08:40:00,0.048685648,0.06707421059068307,0.6999999843537807,13.47999969869852,0.0321520439309758,0.8939398929136342,0.92609193684461,1.041851794982538,0.006518641168156775,8.0
2026-10-05 08:50:00,0.048685648,0.08805804701903905,0.6999999843537807,13.47999969869852,0.0321520439309758,0.8939398929136342,0.92609193684461,1.062835631410894,0.006518641168156775,8.0
2026-10-05 09:00:00,0.048685648,0.10909315273640764,0.6999999843537807,13.279999703168869,0.03167501063823135,0.8806766897546784,0.9123517003929097,1.0701305006765622,0.006518641168156775,8.0
2026-10-05 09:10:00,0.048685648,0.13002756559238543,0.6999999843537807,13.279999703168869,0.03167501063823135,0.8806766897546784,0.9123517003929097,1.09106491353254,0.006518641168156775,8.0
2026-10-05 09:20:00,0.048685648,0.1507029302706296,0.6999999843537807,13.279999703168869,0.03167501063823135,0.8806766897546784,0.9123517003929097,1.1117402782107844,0.006518641168156775,8.0
2026-10-05 09:30:00,0.048685648,0.17095450117889452,0.6999999843537807,13.279999703168869,0.03167501063823135,0.8806766897546784,0.9123517003929097,1.1319918491190493,0.006518641168156775,8.0
2026-10-05 09:40:00,0.048685648,0.1906113070007018,0.6999999843537807,13.279999703168869,0.03167501063823135,0.8806766897546784,0.9123517003929097,1.1516486549408564,0.006518641168156775,8.0
2026-10-05 09:50:00,0.048685648,0.20949658984209674,0.6999999843537807,13.279999703168869,0.03167501063823135,0.8806766897546784,0.9123517003929097,1.1705339377822515,0.006518641168156775,8.0
2026-10-05 10:00:00,0.048685648,0.22742862187501992,0.6999999843537807,13.279999703168869,0.03167501063823135,0.8806766897546784,0.9123517003929097,1.1884659698151747,0.006518641168156775,8.0
2026-10-05 10:10:00,0.048685648,0.2442219804597345,0.6999999843537807,13.279999703168869,0.03167501063823135,0.8806766897546784,0.9123517003929097,1.2052593283998894,0.006518641168156775,8.0
2026-10-05 10:20:00,0.048685648,0.25968933075177814,0.6999999843537807,13.279999703168869,0.03167501063823135,0.8806766897546784,0.9123517003929097,1.2207266786919329,0.006518641168156775,8.0
2026-10-05 10:30:00,0.048685648,0.27364372582173707,0.6999999843537807,13.279999703168869,0.03167501063823135,0.8806766897546784,0.9123517003929097,1.2346810737618918,0.006518641168156775,8.0
2026-10-05 10:40:00,0.048685648,0.28590139174855855,0.6999999843537807,13.279999703168869,0.03167501063823135,0.8806766897546784,0.9123517003929097,1.2469387396887133,0.006518641168156775,8.0
2026-10-05 10:50:00,0.048685648,0.2962849231324664,0.6999999843537807,13.279999703168869,0.03167501063823135,0.8806766897546784,0.9123517003929097,1.257322271072621,0.006518641168156775,8.0
2026-10-05 11:00:00,0.048685648,0.3046267768975266,0.6999999843537807,13.279999703168869,0.03167501063823135,0.8806766897546784,0.9123517003929097,1.2656641248376812,0.006518641168156775,8.0
2026-10-05 11:10:00,0.048685648,0.31077292259840994,0.6999999843537807,13.279999703168869,0.03167501063823135,0.8806766897546784,0.9123517003929097,1.2718102705385648,0.006518641168156775,8.0
2026-10-05 11:20:00,0.048685648,0.3145864884233528,0.6999999843537807,13.279999703168869,0.03167501063823135,0.8806766897546784,0.9123517003929097,1.2756238363635075,0.006518641168156775,8.0
2026-10-05 11:30:00,0.048685648,0.3159512353342548,0.6999999843537807,13.279999703168869,0.03167501063823135,0.8806766897546784,0.9123517003929097,1.2769885832744095,0.006518641168156775,8.0
2026-10-05 11:40:00,0.048685648,0.3147746977057324,0.6999999843537807,13.279999703168869,0.03167501063823135,0.8806766897546784,0.9123517003929097,1.2758120456458872,0.006518641168156775,8.0
2026-10-05 11:50:00,0.048685648,0.310990846657199,0.6999999843537807,13.279999703168869,0.03167501063823135,0.8806766897546784,0.9123517003929097,1.2720281945973537,0.006518641168156775,8.0
2026-10-05 12:00:00,0.048685648,0.304562160069034,0.6999999843537807,13.0899997074157,0.031221829010124127,0.8680766467536701,0.8992984757637943,1.2525462833800733,0.006518641168156775,8.0
2026-10-05 12:10:00,0.048685648,0.2954810183019986,0.6999999843537807,13.0899997074157,0.031221829010124127,0.8680766467536701,0.8992984757637943,1.2434651416130378,0.006518641168156775,8.0
2026-10-05 12:20:00,0.048685648,0.28377038349463274,0.6999999843537807,13.0899997074157,0.031221829010124127,0.8680766467536701,0.8992984757637943,1.2317545068056721,0.006518641168156775,8.0
2026-10-05 12:30:00,0.048685648,0.269483759512307,0.6999999843537807,13.0899997074157,0.031221829010124127,0.8680766467536701,0.8992984757637943,1.2174678828233463,0.006518641168156775,8.0
2026-10-05 12:40:00,0.048685648,0.25270446568956223,0.6999999843537807,13.0899997074157,0.031221829010124127,0.8680766467536701,0.8992984757637943,1.2006885890006016,0.006518641168156775,8.0
2026-10-05 12:50:00,0.048685648,0.23354428772315422,0.6999999843537807,13.0899997074157,0.031221829010124127,0.8680766467536701,0.8992984757637943,1.1815284110341935,0.006518641168156775,8.0
2026-10-05 13:00:00,0.048685648,0.21214159130423177,0.6999999843537807,13.0899997074157,0.031221829010124127,0.8680766467536701,0.8992984757637943,1.160125714615271,0.006518641168156775,8.0
2026-10-05 13:10:00,0.048685648,0.1886589971876005,0.6999999843537807,13.0899997074157,0.031221829010124127,0.8680766467536701,0.8992984757637943,1.1366431204986398,0.006518641168156775,8.0
2026-10-05 13:20:00,0.048685648,0.16328072057435744,0.6999999843537807,13.0899997074157,0.031221829010124127,0.8680766467536701,0.8992984757637943,1.1112648438853967,0.006518641168156775,8.0
2026-10-05 13:30:00,0.048685648,0.13620967353989527,0.6999999843537807,13.0899997074157,0.031221829010124127,0.8680766467536701,0.8992984757637943,1.0841937968509345,0.006518641168156775,8.0
2026-10-05 13:40:00,0.048685648,0.10766441885447135,0.6999999843537807,13.0899997074157,0.031221829010124127,0.8680766467536701,0.8992984757637943,1.0556485421655106,0.006518641168156775,8.0
2026-10-05 13:50:00,0.048685648,0.07787604905330017,0.6999999843537807,13.0899997074157,0.031221829010124127,0.8680766467536701,0.8992984757637943,1.0258601723643395,0.006518641168156775,8.0
2026-10-05 14:00:00,0.048685648,0.04708504852054949,0.6999999843537807,13.0899997074157,0.031221829010124127,0.8680766467536701,0.8992984757637943,0.9950691718315888,0.006518641168156775,8.0
2026-10-05 14:10:00,0.048685648,0.015538181449052614,0.6999999843537807,13.0899997074157,0.031221829010124127,0.8680766467536701,0.8992984757637943,0.9635223047600919,0.006518641168156775,8.0
2026-10-05 14:20:00,0.048685648,-0.016514563564614552,0.6999999843537807,13.0899997074157,0.031221829010124127,0.8680766467536701,0.8992984757637943,0.9314695597464248,0.006518641168156775,8.0
2026-10-05 14:30:00,0.048685648,-0.048822948832066136,0.6999999843537807,13.0899997074157,0.031221829010124127,0.8680766467536701,0.8992984757637943,0.8991611744789731,0.006518641168156775,8.0
2026-10-05 14:40:00,0.048685648,-0.0811393617473271,0.6999999843537807,13.0899997074157,0.031221829010124127,0.8680766467536701,0.8992984757637943,0.8668447615637123,0.006518641168156775,8.0
2026-10-05 14:50:00,0.048685648,-0.1132215640606402,0.6999999843537807,13.0899997074157,0.031221829010124127,0.8680766467536701,0.8992984757637943,0.8347625592503991,0.006518641168156775,8.0
2026-10-05 15:00:00,0.048685648,-0.14483528594840814,0.7499999832361937,12.919999711215496,0.03189795343571613,0.8868752835653007,0.9187732370010168,0.8226235985998537,0.006518641168156775,8.0
2026-10-05 15:10:00,0.048685648,-0.17575662600936134,0.7499999832361937,12.919999711215496,0.03189795343571613,0.8868752835653007,0.9187732370010168,0.7917022585389004,0.006518641168156775,8.0
2026-10-05 15:20:00,0.048685648,-0.2057742093649036,0.7499999832361937,12.919999711215496,0.03189795343571613,0.8868752835653007,0.9187732370010168,0.7616846751833581,0.006518641168156775,8.0
2026-10-05 15:30:00,0.048685648,-0.23469104973664498,0.7499999832361937,12.919999711215496,0.03189795343571613,0.8868752835653007,0.9187732370010168,0.7327678348116168,0.006518641168156775,8.0
2026-10-05 15:40:00,0.048685648,-0.2623260589473964,0.7499999832361937,12.919999711215496,0.03189795343571613,0.8868752835653007,0.9187732370010168,0.7051328256008653,0.006518641168156775,8.0
2026-10-05 15:50:00,0.048685648,-0.2885151510673681,0.7499999832361937,12.919999711215496,0.03189795343571613,0.8868752835653007,0.9187732370010168,0.6789437334808937,0.006518641168156775,8.0
2026-10-05 16:00:00,0.048685648,-0.31311189869875117,0.7499999832361937,12.919999711215496,0.03189795343571613,0.8868752835653007,0.9187732370010168,0.6543469858495106,0.006518641168156775,8.0
2026-10-05 16:10:00,0.048685648,-0.33598771613061085,0.7499999832361937,12.919999711215496,0.03189795343571613,0.8868752835653007,0.9187732370010168,0.6314711684176509,0.006518641168156775,8.0
2026-10-05 16:20:00,0.048685648,-0.3570315669839609,0.7499999832361937,12.919999711215496,0.03189795343571613,0.8868752835653007,0.9187732370010168,0.6104273175643009,0.006518641168156775,8.0
2026-10-05 16:30:00,0.048685648,-0.3761492210958359,0.7499999832361937,12.919999711215496,0.03189795343571613,0.8868752835653007,0.9187732370010168,0.591309663452426,0.006518641168156775,8.0
2026-10-05 16:40:00,0.048685648,-0.3932621140230975,0.7499999832361937,12.919999711215496,0.03189795343571613,0.8868752835653007,0.9187732370010168,0.5741967705251643,0.006518641168156775,8.0
2026-10-05 16:50:00,0.048685648,-0.40830589001133627,0.7499999832361937,12.919999711215496,0.03189795343571613,0.8868752835653007,0.9187732370010168,0.5591529945369256,0.006518641168156775,8.0
2026-10-05 17:00:00,0.048685648,-0.42122873257124505,0.7499999832361937,12.919999711215496,0.03189795343571613,0.8868752835653007,0.9187732370010168,0.5462301519770167,0.006518641168156775,8.0
2026-10-05 17:10:00,0.048685648,-0.43198960314302626,0.7499999832361937,12.919999711215496,0.03189795343571613,0.8868752835653007,0.9187732370010168,0.5354692814052355,0.006518641168156775,8.0
2026-10-05 17:20:00,0.048685648,-0.4405565157326321,0.7499999832361937,12.919999711215496,0.03189795343571613,0.8868752835653007,0.9187732370010168,0.5269023688156297,0.006518641168156775,8.0
2026-10-05 17:30:00,0.048685648,-0.44690497242734545,0.7499999832361937,12.919999711215496,0.03189795343571613,0.8868752835653007,0.9187732370010168,0.5205539121209164,0.006518641168156775,8.0
2026-10-05 17:40:00,0.048685648,-0.45101667120730016,0.7499999832361937,12.919999711215496,0.03189795343571613,0.8868752835653007,0.9187732370010168,0.5164422133409616,0.006518641168156775,8.0
2026-10-05 17:50:00,0.048685648,-0.4528785742175878,0.7499999832361937,12.919999711215496,0.03189795343571613,0.8868752835653007,0.9187732370010168,0.514580310330674,0.006518641168156775,8.0
2026-10-05 18:00:00,0.048685648,-0.4524823935862387,0.7799999825656414,12.73999971523881,0.032076457841143276,0.8918383337967176,0.9239147916378609,0.5201180455988672,0.006518641168156775,8.0
2026-10-05 18:10:00,0.048685648,-0.4498245156923034,0.7799999825656414,12.73999971523881,0.032076457841143276,0.8918383337967176,0.9239147916378609,0.5227759234928026,0.006518641168156775,8.0
2026-10-05 18:20:00,0.048685648,-0.4449063469001113,0.7799999825656414,12.73999971523881,0.032076457841143276,0.8918383337967176,0.9239147916378609,0.5276940922849946,0.006518641168156775,8.0
2026-10-05 18:30:00,0.048685648,-0.437735027733941,0.7799999825656414,12.73999971523881,0.032076457841143276,0.8918383337967176,0.9239147916378609,0.534865411451165,0.006518641168156775,8.0
2026-10-05 18:40:00,0.048685648,-0.4283244318711533,0.7799999825656414,12.73999971523881,0.032076457841143276,0.8918383337967176,0.9239147916378609,0.5442760073139526,0.006518641168156775,8.0
2026-10-05 18:50:00,0.048685648,-0.416696344012029,0.7799999825656414,12.73999971523881,0.032076457841143276,0.8918383337967176,0.9239147916378609,0.5559040951730769,0.006518641168156775,8.0
2026-10-05 19:00:00,0.048685648,-0.4028816989998702,0.7799999825656414,12.73999971523881,0.032076457841143276,0.8918383337967176,0.9239147916378609,0.5697187401852357,0.006518641168156775,8.0
2026-10-05 19:10:00,0.048685648,-0.38692176436644404,0.7799999825656414,12.73999971523881,0.032076457841143276,0.8918383337967176,0.9239147916378609,0.585678674818662,0.006518641168156775,8.0
2026-10-05 19:20:00,0.048685648,-0.3688691599075227,0.7799999825656414,12.73999971523881,0.032076457841143276,0.8918383337967176,0.9239147916378609,0.6037312792775833,0.006518641168156775,8.0
2026-10-05 19:30:00,0.048685648,-0.34878862935779387,0.7799999825656414,12.73999971523881,0.032076457841143276,0.8918383337967176,0.9239147916378609,0.6238118098273121,0.006518641168156775,8.0
2026-10-05 19:40:00,0.048685648,-0.3267575085689555,0.7799999825656414,12.73999971523881,0.032076457841143276,0.8918383337967176,0.9239147916378609,0.6458429306161504,0.006518641168156775,8.0
2026-10-05 19:50:00,0.048685648,-0.3028658684540182,0.7799999825656414,12.73999971523881,0.032076457841143276,0.8918383337967176,0.9239147916378609,0.6697345707310878,0.006518641168156775,8.0
2026-10-05 20:00:00,0.048685648,-0.2772163455707058,0.7799999825656414,12.73999971523881,0.032076457841143276,0.8918383337967176,0.9239147916378609,0.6953840936144002,0.006518641168156775,8.0
2026-10-05 20:10:00,0.048685648,-0.24992370501326477,0.7799999825656414,12.73999971523881,0.032076457841143276,0.8918383337967176,0.9239147916378609,0.7226767341718412,0.006518641168156775,8.0
2026-10-05 20:20:00,0.048685648,-0.22111420543702845,0.7799999825656414,12.73999971523881,0.032076457841143276,0.8918383337967176,0.9239147916378609,0.7514862337480775,0.006518641168156775,8.0
2026-10-05 20:30:00,0.048685648,-0.19092485210816393,0.7799999825656414,12.73999971523881,0.032076457841143276,0.8918383337967176,0.9239147916378609,0.7816755870769421,0.006518641168156775,8.0
2026-10-05 20:40:00,0.048685648,-0.15950262879748414,0.7799999825656414,12.73999971523881,0.032076457841143276,0.8918383337967176,0.9239147916378609,0.8130978103876219,0.006518641168156775,8.0
2026-10-05 20:50:00,0.048685648,-0.12700379274425488,0.7799999825656414,12.73999971523881,0.032076457841143276,0.8918383337967176,0.9239147916378609,0.8455966464408511,0.006518641168156775,8.0
2026-10-05 21:00:00,0.048685648,-0.09359329929775671,0.7799999825656414,12.489999720826745,0.03144701400595601,0.8743375815636579,0.905784595569614,0.8608769438191023,0.006518641168156775,8.0
2026-10-05 21:10:00,0.048685648,-0.05944439631996322,0.7799999825656414,12.489999720826745,0.03144701400595601,0.8743375815636579,0.905784595569614,0.8950258467968958,0.006518641168156775,8.0
2026-10-05 21:20:00,0.048685648,-0.024738395761248286,0.7799999825656414,12.489999720826745,0.03144701400595601,0.8743375815636579,0.905784595569614,0.9297318473556108,0.006518641168156775,8.0
2026-10-05 21:30:00,0.048685648,0.010335405407960086,0.7799999825656414,12.489999720826745,0.03144701400595601,0.8743375815636579,0.905784595569614,0.9648056485248191,0.006518641168156775,8.0
2026-10-05 21:40:00,0.048685648,0.04557971632540445,0.7799999825656414,12.489999720826745,0.03144701400595601,0.8743375815636579,0.905784595569614,1.0000499594422634,0.006518641168156775,8.0
2026-10-05 21:50:00,0.048685648,0.08078924536133616,0.7799999825656414,12.489999720826745,0.03144701400595601,0.8743375815636579,0.905784595569614,1.0352594884781952,0.006518641168156775,8.0
2026-10-05 22:00:00,0.048685648,0.11575080484432224,0.7799999825656414,12.489999720826745,0.03144701400595601,0.8743375815636579,0.905784595569614,1.0702210479611813,0.006518641168156775,8.0
2026-10-05 22:10:00,0.048685648,0.15024364575805538,0.7799999825656414,12.489999720826745,0.03144701400595601,0.8743375815636579,0.905784595569614,1.1047138888749144,0.006518641168156775,8.0
2026-10-05 22:20:00,0.048685648,0.18404013692713203,0.7799999825656414,12.489999720826745,0.03144701400595601,0.8743375815636579,0.905784595569614,1.138510380043991,0.006518641168156775,8.0
2026-10-05 22:30:00,0.048685648,0.216906887005874,0.7799999825656414,12.489999720826745,0.03144701400595601,0.8743375815636579,0.905784595569614,1.1713771301227331,0.006518641168156775,8.0
2026-10-05 22:40:00,0.048685648,0.24860637999181706,0.7799999825656414,12.489999720826745,0.03144701400595601,0.8743375815636579,0.905784595569614,1.203076623108676,0.006518641168156775,8.0
2026-10-05 22:50:00,0.048685648,0.2788991585436372,0.7799999825656414,12.489999720826745,0.03144701400595601,0.8743375815636579,0.905784595569614,1.2333694016604961,0.006518641168156775,8.0
2026-10-05 23:00:00,0.048685648,0.30754654738441745,0.7799999825656414,12.489999720826745,0.03144701400595601,0.8743375815636579,0.905784595569614,1.2620167905012765,0.006518641168156775,8.0
2026-10-05 23:10:00,0.048685648,0.3343138652569481,0.7799999825656414,12.489999720826745,0.03144701400595601,0.8743375815636579,0.905784595569614,1.2887841083738072,0.006518641168156775,8.0
2026-10-05 23:20:00,0.048685648,0.35897403254094007,0.7799999825656414,12.489999720826745,0.03144701400595601,0.8743375815636579,0.905784595569614,1.313444275657799,0.006518641168156775,8.0
2026-10-05 23:30:00,0.048685648,0.38131144627396063,0.7799999825656414,12.489999720826745,0.03144701400595601,0.8743375815636579,0.905784595569614,1.3357816893908196,0.006518641168156775,8.0
2026-10-05 23:40:00,0.048685648,0.4011259684031306,0.7799999825656414,12.489999720826745,0.03144701400595601,0.8743375815636579,0.905784595569614,1.3555962115199895,0.006518641168156775,8.0
2026-10-05 23:50:00,0.048685648,0.4182368586384414,0.7799999825656414,12.489999720826745,0.03144701400595601,0.8743375815636579,0.905784595569614,1.3727071017553003,0.006518641168156775,8.0
2026-10-06 00:00:00,0.058550235,0.43248648154662783,0.7599999830126762,12.269999725744128,0.030494466040503317,0.8478533982234036,0.8783478642639069,1.3693845806945584,0.006518641168156775,8.0
2026-10-06 00:10:00,0.058550235,0.44374362829942315,0.7599999830126762,12.269999725744128,0.030494466040503317,0.8478533982234036,0.8783478642639069,1.3806417274473537,0.006518641168156775,8.0
2026-10-06 00:20:00,0.058550235,0.4519063155034801,0.7599999830126762,12.269999725744128,0.030494466040503317,0.8478533982234036,0.8783478642639069,1.3888044146514107,0.006518641168156775,8.0
2026-10-06 00:30:00,0.058550235,0.4569039544122488,0.7599999830126762,12.269999725744128,0.030494466040503317,0.8478533982234036,0.8783478642639069,1.3938020535601794,0.006518641168156775,8.0
2026-10-06 00:40:00,0.058550235,0.45869882056555206,0.7599999830126762,12.269999725744128,0.030494466040503317,0.8478533982234036,0.8783478642639069,1.3955969197134825,0.006518641168156775,8.0
2026-10-06 00:50:00,0.058550235,0.45728679288188134,0.7599999830126762,12.269999725744128,0.030494466040503317,0.8478533982234036,0.8783478642639069,1.3941848920298119,0.006518641168156775,8.0
2026-10-06 01:00:00,0.058550235,0.45269736923486953,0.7599999830126762,12.269999725744128,0.030494466040503317,0.8478533982234036,0.8783478642639069,1.3895954683828,0.006518641168156775,8.0
2026-10-06 01:10:00,0.058550235,0.44499299899552003,0.7599999830126762,12.269999725744128,0.030494466040503317,0.8478533982234036,0.8783478642639069,1.3818910981434507,0.006518641168156775,8.0
2026-10-06 01:20:00,0.058550235,0.43426779993696224,0.7599999830126762,12.269999725744128,0.030494466040503317,0.8478533982234036,0.8783478642639069,1.3711658990848927,0.006518641168156775,8.0
2026-10-06 01:30:00,0.058550235,0.4206457451740272,0.7599999830126762,12.269999725744128,0.030494466040503317,0.8478533982234036,0.8783478642639069,1.3575438443219578,0.006518641168156775,8.0
2026-10-06 01:40:00,0.058550235,0.40427841523797753,0.7599999830126762,12.269999725744128,0.030494466040503317,0.8478533982234036,0.8783478642639069,1.341176514385908,0.006518641168156775,8.0
2026-10-06 01:50:00,0.058550235,0.3853424112244192,0.7599999830126762,12.269999725744128,0.030494466040503317,0.8478533982234036,0.8783478642639069,1.3222405103723498,0.006518641168156775,8.0
2026-10-06 02:00:00,0.058550235,0.36403651842123813,0.7599999830126762,12.269999725744128,0.030494466040503317,0.8478533982234036,0.8783478642639069,1.3009346175691687,0.006518641168156775,8.0
2026-10-06 02:10:00,0.058550235,0.3405786984183579,0.7599999830126762,12.269999725744128,0.030494466040503317,0.8478533982234036,0.8783478642639069,1.2774767975662884,0.006518641168156775,8.0
2026-10-06 02:20:00,0.058550235,0.31520297309794376,0.7599999830126762,12.269999725744128,0.030494466040503317,0.8478533982234036,0.8783478642639069,1.2521010722458743,0.006518641168156775,8.0
2026-10-06 02:30:00,0.058550235,0.28815624964571,0.7599999830126762,12.269999725744128,0.030494466040503317,0.8478533982234036,0.8783478642639069,1.2250543487936405,0.006518641168156775,8.0
2026-10-06 02:40:00,0.058550235,0.2596951229680918,0.7599999830126762,12.269999725744128,0.030494466040503317,0.8478533982234036,0.8783478642639069,1.1965932221160223,0.006518641168156775,8.0
2026-10-06 02:50:00,0.058550235,0.23008268356222977,0.7599999830126762,12.269999725744128,0.030494466040503317,0.8478533982234036,0.8783478642639069,1.1669807827101604,0.006518641168156775,8.0
2026-10-06 03:00:00,0.058550235,0.19958535502815516,0.7499999832361937,12.069999730214477,0.02979940386757691,0.8285282254360046,0.8583276293035815,1.1164632192157604,0.006518641168156775,8.0
2026-10-06 03:10:00,0.058550235,0.16846978692688935,0.7499999832361937,12.069999730214477,0.02979940386757691,0.8285282254360046,0.8583276293035815,1.0853476511144946,0.006518641168156775,8.0
2026-10-06 03:20:00,0.058550235,0.1369998345459671,0.7499999832361937,12.069999730214477,0.02979940386757691,0.8285282254360046,0.8583276293035815,1.0538776987335723,0.006518641168156775,8.0
2026-10-06 03:30:00,0.058550235,0.10543366593785176,0.7499999832361937,12.069999730214477,0.02979940386757691,0.8285282254360046,0.8583276293035815,1.022311530125457,0.006518641168156775,8.0
2026-10-06 03:40:00,0.058550235,0.0740210466610961,0.7499999832361937,12.069999730214477,0.02979940386757691,0.8285282254360046,0.8583276293035815,0.9908989108487013,0.006518641168156775,8.0
2026-10-06 03:50:00,0.058550235,0.04300086119064162,0.7499999832361937,12.069999730214477,0.02979940386757691,0.8285282254360046,0.8583276293035815,0.9598787253782468,0.006518641168156775,8.0
2026-10-06 04:00:00,0.058550235,0.012598935494727239,0.7499999832361937,12.069999730214477,0.02979940386757691,0.8285282254360046,0.8583276293035815,0.9294767996823324,0.006518641168156775,8.0
2026-10-06 04:10:00,0.058550235,-0.016973775014810354,0.7499999832361937,12.069999730214477,0.02979940386757691,0.8285282254360046,0.8583276293035815,0.8999040891727949,0.006518641168156775,8.0
2026-10-06 04:20:00,0.058550235,-0.045522574373750485,0.7499999832361937,12.069999730214477,0.02979940386757691,0.8285282254360046,0.8583276293035815,0.8713552898138547,0.006518641168156775,8.0
2026-10-06 04:30:00,0.058550235,-0.07286994787925163,0.7499999832361937,12.069999730214477,0.02979940386757691,0.8285282254360046,0.8583276293035815,0.8440079163083536,0.006518641168156775,8.0
2026-10-06 04:40:00,0.058550235,-0.09885599319496842,0.7499999832361937,12.069999730214477,0.02979940386757691,0.8285282254360046,0.8583276293035815,0.8180218709926368,0.006518641168156775,8.0
2026-10-06 04:50:00,0.058550235,-0.12333836281385807,0.7499999832361937,12.069999730214477,0.02979940386757691,0.8285282254360046,0.8583276293035815,0.7935395013737472,0.006518641168156775,8.0
2026-10-06 05:00:00,0.058550235,-0.14619174877750463,0.7499999832361937,12.069999730214477,0.02979940386757691,0.8285282254360046,0.8583276293035815,0.7706861154101006,0.006518641168156775,8.0
2026-10-06 05:10:00,0.058550235,-0.16730696983645943,0.7499999832361937,12.069999730214477,0.02979940386757691,0.8285282254360046,0.8583276293035815,0.7495708943511458,0.006518641168156775,8.0
2026-10-06 05:20:00,0.058550235,-0.18658974809467133,0.7499999832361937,12.069999730214477,0.02979940386757691,0.8285282254360046,0.8583276293035815,0.7302881160929339,0.006518641168156775,8.0
2026-10-06 05:30:00,0.058550235,-0.20395928350848677,0.7499999832361937,12.069999730214477,0.02979940386757691,0.8285282254360046,0.8583276293035815,0.7129185806791184,0.006518641168156775,8.0
2026-10-06 05:40:00,0.058550235,-0.21934674818861488,0.7499999832361937,12.069999730214477,0.02979940386757691,0.8285282254360046,0.8583276293035815,0.6975311159989903,0.006518641168156775,8.0
2026-10-06 05:50:00,0.058550235,-0.232693826188837,0.7499999832361937,12.069999730214477,0.02979940386757691,0.8285282254360046,0.8583276293035815,0.6841840379987683,0.006518641168156775,8.0
2026-10-06 06:00:00,0.058550235,-0.24395141775690132,0.7399999834597111,11.979999732226133,0.02937936144831651,0.8168495689842115,0.846228930432528,0.6608277475596503,0.006518641168156775,8.0
2026-10-06 06:10:00,0.058550235,-0.2530786099414026,0.7399999834597111,11.979999732226133,0.02937936144831651,0.8168495689842115,0.846228930432528,0.6517005553751491,0.006518641168156775,8.0
2026-10-06 06:20:00,0.058550235,-0.26004198939609513,0.7399999834597111,11.979999732226133,0.02937936144831651,0.8168495689842115,0.846228930432528,0.6447371759204565,0.006518641168156775,8.0
2026-10-06 06:30:00,0.058550235,-0.26481534043475474,0.7399999834597111,11.979999732226133,0.02937936144831651,0.8168495689842115,0.846228930432528,0.6399638248817969,0.006518641168156775,8.0
2026-10-06 06:40:00,0.058550235,-0.26737973499534085,0.7399999834597111,11.979999732226133,0.02937936144831651,0.8168495689842115,0.846228930432528,0.6373994303212108,0.006518641168156775,8.0
2026-10-06 06:50:00,0.058550235,-0.2677239845436975,0.7399999834597111,11.979999732226133,0.02937936144831651,0.8168495689842115,0.846228930432528,0.6370551807728542,0.006518641168156775,8.0
2026-10-06 07:00:00,0.058550235,-0.26584539089568066,0.7399999834597111,11.979999732226133,0.02937936144831651,0.8168495689842115,0.846228930432528,0.638933774420871,0.006518641168156775,8.0
2026-10-06 07:10:00,0.058550235,-0.2617507063834539,0.7399999834597111,11.979999732226133,0.02937936144831651,0.8168495689842115,0.846228930432528,0.6430284589330978,0.006518641168156775,8.0
2026-10-06 07:20:00,0.058550235,-0.2554571968116143,0.7399999834597111,11.979999732226133,0.02937936144831651,0.8168495689842115,0.846228930432528,0.6493219685049374,0.006518641168156775,8.0
2026-10-06 07:30:00,0.058550235,-0.24699369446265337,0.7399999834597111,11.979999732226133,0.02937936144831651,0.8168495689842115,0.846228930432528,0.6577854708538983,0.006518641168156775,8.0
2026-10-06 07:40:00,0.058550235,-0.23640153380171053,0.7399999834597111,11.979999732226133,0.02937936144831651,0.8168495689842115,0.846228930432528,0.6683776315148411,0.006518641168156775,8.0
2026-10-06 07:50:00,0.058550235,-0.2237352788335506,0.7399999834597111,11.979999732226133,0.02937936144831651,0.8168495689842115,0.846228930432528,0.6810438864830011,0.006518641168156775,8.0
2026-10-06 08:00:00,0.058550235,-0.20906317611927883,0.7399999834597111,11.979999732226133,0.02937936144831651,0.8168495689842115,0.846228930432528,0.6957159891972728,0.006518641168156775,8.0
2026-10-06 08:10:00,0.058550235,-0.1924672989253089,0.7399999834597111,11.979999732226133,0.02937936144831651,0.8168495689842115,0.846228930432528,0.7123118663912428,0.006518641168156775,8.0
2026-10-06 08:20:00,0.058550235,-0.17404338181595955,0.7399999834597111,11.979999732226133,0.02937936144831651,0.8168495689842115,0.846228930432528,0.7307357835005921,0.006518641168156775,8.0
2026-10-06 08:30:00,0.058550235,-0.153900378089829,0.7399999834597111,11.979999732226133,0.02937936144831651,0.8168495689842115,0.846228930432528,0.7508787872267226,0.006518641168156775,8.0
2026-10-06 08:40:00,0.058550235,-0.13215980027780225,0.7399999834597111,11.979999732226133,0.02937936144831651,0.8168495689842115,0.846228930432528,0.7726193650387494,0.006518641168156775,8.0
2026-10-06 08:50:00,0.058550235,-0.10895492434156406,0.7399999834597111,11.979999732226133,0.02937936144831651,0.8168495689842115,0.846228930432528,0.7958242409749876,0.006518641168156775,8.0
2026-10-06 09:00:00,0.058550235,-0.08442994781035151,0.7399999834597111,11.829999735578895,0.02901150633836263,0.8066219032623724,0.835633409600735,0.8097536966744071,0.006518641168156775,8.0
2026-10-06 09:10:00,0.058550235,-0.05873919065630614,0.7399999834597111,11.829999735578895,0.02901150633836263,0.8066219032623724,0.835633409600735,0.8354444538284524,0.006518641168156775,8.0
2026-10-06 09:20:00,0.058550235,-0.03204641465383339,0.7399999834597111,11.829999735578895,0.02901150633836263,0.8066219032623724,0.835633409600735,0.8621372298309252,0.006518641168156775,8.0
2026-10-06 09:30:00,0.058550235,-0.004524313818771019,0.7399999834597111,11.829999735578895,0.02901150633836263,0.8066219032623724,0.835633409600735,0.8896593306659876,0.006518641168156775,8.0
2026-10-06 09:40:00,0.058550235,0.02364580210375768,0.7399999834597111,11.829999735578895,0.02901150633836263,0.8066219032623724,0.835633409600735,0.9178294465885163,0.006518641168156775,8.0
2026-10-06 09:50:00,0.058550235,0.05227414435778965,0.7399999834597111,11.829999735578895,0.02901150633836263,0.8066219032623724,0.835633409600735,0.9464577888425483,0.006518641168156775,8.0
2026-10-06 10:00:00,0.058550235,0.08116245067298618,0.7399999834597111,11.829999735578895,0.02901150633836263,0.8066219032623724,0.835633409600735,0.9753460951577448,0.006518641168156775,8.0
2026-10-06 10:10:00,0.058550235,0.11010394042983615,0.7399999834597111,11.829999735578895,0.02901150633836263,0.8066219032623724,0.835633409600735,1.0042875849145947,0.006518641168156775,8.0
2026-10-06 10:20:00,0.058550235,0.1388833250160258,0.7399999834597111,11.829999735578895,0.02901150633836263,0.8066219032623724,0.835633409600735,1.0330669695007844,0.006518641168156775,8.0
2026-10-06 10:30:00,0.058550235,0.16727699387510125,0.7399999834597111,11.829999735578895,0.02901150633836263,0.8066219032623724,0.835633409600735,1.06146063835986,0.006518641168156775,8.0
2026-10-06 10:40:00,0.058550235,0.19505349933419427,0.7399999834597111,11.829999735578895,0.02901150633836263,0.8066219032623724,0.835633409600735,1.089237143818953,0.006518641168156775,8.0
2026-10-06 10:50:00,0.058550235,0.22197445318817544,0.7399999834597111,11.829999735578895,0.02901150633836263,0.8066219032623724,0.835633409600735,1.1161580976729342,0.006518641168156775,8.0
2026-10-06 11:00:00,0.058550235,0.24779592568816378,0.7399999834597111,11.829999735578895,0.02901150633836263,0.8066219032623724,0.835633409600735,1.1419795701729223,0.006518641168156775,8.0
2026-10-06 11:10:00,0.058550235,0.2722704046871921,0.7399999834597111,11.829999735578895,0.02901150633836263,0.8066219032623724,0.835633409600735,1.1664540491719508,0.006518641168156775,8.0
2026-10-06 11:20:00,0.058550235,0.2951493324272779,0.7399999834597111,11.829999735578895,0.02901150633836263,0.8066219032623724,0.835633409600735,1.1893329769120364,0.006518641168156775,8.0
2026-10-06 11:30:00,0.058550235,0.3161861930405473,0.7399999834597111,11.829999735578895,0.02901150633836263,0.8066219032623724,0.835633409600735,1.210369837525306,0.006518641168156775,8.0
2026-10-06 11:40:00,0.058550235,0.3351400798174883,0.7399999834597111,11.829999735578895,0.02901150633836263,0.8066219032623724,0.835633409600735,1.229323724302247,0.006518641168156775,8.0
2026-10-06 11:50:00,0.058550235,0.35177963112168165,0.7399999834597111,11.829999735578895,0.02901150633836263,0.8066219032623724,0.835633409600735,1.2459632756064403,0.006518641168156775,8.0
2026-10-06 12:00:00,0.058550235,0.3658871916432651,0.7299999836832285,11.689999738708138,0.028473812153557387,0.7916721139731758,0.8201459261267332,1.244583352654022,0.006518641168156775,8.0
2026-10-06 12:10:00,0.058550235,0.3772630338055333,0.7299999836832285,11.689999738708138,0.028473812153557387,0.7916721139731758,0.8201459261267332,1.25595919481629,0.006518641168156775,8.0
2026-10-06 12:20:00,0.058550235,0.3857294646882449,0.7299999836832285,11.689999738708138,0.028473812153557387,0.7916721139731758,0.8201459261267332,1.2644256256990019,0.006518641168156775,8.0
2026-10-06 12:30:00,0.058550235,0.39113464711998247,0.7299999836832285,11.689999738708138,0.028473812153557387,0.7916721139731758,0.8201459261267332,1.2698308081307395,0.006518641168156775,8.0
2026-10-06 12:40:00,0.058550235,0.39335597908260445,0.7299999836832285,11.689999738708138,0.028473812153557387,0.7916721139731758,0.8201459261267332,1.2720521400933613,0.006518641168156775,8.0
2026-10-06 12:50:00,0.058550235,0.39230290136564167,0.7299999836832285,11.689999738708138,0.028473812153557387,0.7916721139731758,0.8201459261267332,1.2709990623763985,0.006518641168156775,8.0
2026-10-06 13:00:00,0.058550235,0.38791903693421165,0.7299999836832285,11.689999738708138,0.028473812153557387,0.7916721139731758,0.8201459261267332,1.2666151979449685,0.006518641168156775,8.0
2026-10-06 13:10:00,0.058550235,0.3801836032368003,0.7299999836832285,11.689999738708138,0.028473812153557387,0.7916721139731758,0.8201459261267332,1.258879764247557,0.006518641168156775,8.0
2026-10-06 13:20:00,0.058550235,0.36911207748479175,0.7299999836832285,11.689999738708138,0.028473812153557387,0.7916721139731758,0.8201459261267332,1.2478082384955487,0.006518641168156775,8.0
2026-10-06 13:30:00,0.058550235,0.35475613095839387,0.7299999836832285,11.689999738708138,0.028473812153557387,0.7916721139731758,0.8201459261267332,1.2334522919691508,0.006518641168156775,8.0
2026-10-06 13:40:00,0.058550235,0.3372028793301552,0.7299999836832285,11.689999738708138,0.028473812153557387,0.7916721139731758,0.8201459261267332,1.215899040340912,0.006518641168156775,8.0
2026-10-06 13:50:00,0.058550235,0.31657351919647175,0.7299999836832285,11.689999738708138,0.028473812153557387,0.7916721139731758,0.8201459261267332,1.1952696802072287,0.006518641168156775,8.0
2026-10-06 14:00:00,0.058550235,0.29302143571118605,0.7299999836832285,11.689999738708138,0.028473812153557387,0.7916721139731758,0.8201459261267332,1.1717175967219429,0.006518641168156775,8.0
2026-10-06 14:10:00,0.058550235,0.2667298722450663,0.7299999836832285,11.689999738708138,0.028473812153557387,0.7916721139731758,0.8201459261267332,1.145426033255823,0.006518641168156775,8.0
2026-10-06 14:20:00,0.058550235,0.2379092509311251,0.7299999836832285,11.689999738708138,0.028473812153557387,0.7916721139731758,0.8201459261267332,1.116605411941882,0.006518641168156775,8.0
2026-10-06 14:30:00,0.058550235,0.20679422512526,0.7299999836832285,11.689999738708138,0.028473812153557387,0.7916721139731758,0.8201459261267332,1.085490386136017,0.006518641168156775,8.0
2026-10-06 14:40:00,0.058550235,0.1736405324611779,0.7299999836832285,11.689999738708138,0.028473812153557387,0.7916721139731758,0.8201459261267332,1.0523366934719347,0.006518641168156775,8.0
2026-10-06 14:50:00,0.058550235,0.13872170410717136,0.7299999836832285,11.689999738708138,0.028473812153557387,0.7916721139731758,0.8201459261267332,1.0174178651179282,0.006518641168156775,8.0
2026-10-06 15:00:00,0.058550235,0.1023256729839932,0.7299999836832285,11.549999741837382,0.028132808415191432,0.7821910108118204,0.8103238192270118,0.9711997270950287,0.006518641168156775,8.0
2026-10-06 15:10:00,0.058550235,0.06475131463455026,0.7299999836832285,11.549999741837382,0.028132808415191432,0.7821910108118204,0.8103238192270118,0.9336253687455858,0.006518641168156775,8.0
2026-10-06 15:20:00,0.058550235,0.02630494918374664,0.7299999836832285,11.549999741837382,0.028132808415191432,0.7821910108118204,0.8103238192270118,0.8951790032947821,0.006518641168156775,8.0
2026-10-06 15:30:00,0.058550235,-0.012703166877281917,0.7299999836832285,11.549999741837382,0.028132808415191432,0.7821910108118204,0.8103238192270118,0.8561708872337536,0.006518641168156775,8.0
2026-10-06 15:40:00,0.058550235,-0.0519623256072932,0.7299999836832285,11.549999741837382,0.028132808415191432,0.7821910108118204,0.8103238192270118,0.8169117285037423,0.006518641168156775,8.0
2026-10-06 15:50:00,0.058550235,-0.09116478705625411,0.7299999836832285,11.549999741837382,0.028132808415191432,0.7821910108118204,0.8103238192270118,0.7777092670547814,0.006518641168156775,8.0
2026-10-06 16:00:00,0.058550235,-0.13000908044197107,0.7299999836832285,11.549999741837382,0.028132808415191432,0.7821910108118204,0.8103238192270118,0.7388649736690645,0.006518641168156775,8.0
2026-10-06 16:10:00,0.058550235,-0.16820312399494028,0.7299999836832285,11.549999741837382,0.028132808415191432,0.7821910108118204,0.8103238192270118,0.7006709301160952,0.006518641168156775,8.0
2026-10-06 16:20:00,0.058550235,-0.20546709221843532,0.7299999836832285,11.549999741837382,0.028132808415191432,0.7821910108118204,0.8103238192270118,0.6634069618926002,0.006518641168156775,8.0
2026-10-06 16:30:00,0.058550235,-0.24153595630621982,0.7299999836832285,11.549999741837382,0.028132808415191432,0.7821910108118204,0.8103238192270118,0.6273380978048156,0.006518641168156775,8.0
2026-10-06 16:40:00,0.058550235,-0.2761616260854131,0.7299999836832285,11.549999741837382,0.028132808415191432,0.7821910108118204,0.8103238192270118,0.5927124280256224,0.006518641168156775,8.0
2026-10-06 16:50:00,0.058550235,-0.30911463214193075,0.7299999836832285,11.549999741837382,0.028132808415191432,0.7821910108118204,0.8103238192270118,0.5597594219691047,0.006518641168156775,8.0
2026-10-06 17:00:00,0.058550235,-0.34018530403306735,0.7299999836832285,11.549999741837382,0.028132808415191432,0.7821910108118204,0.8103238192270118,0.5286887500779681,0.006518641168156775,8.0
2026-10-06 17:10:00,0.058550235,-0.3691844240779741,0.7299999836832285,11.549999741837382,0.028132808415191432,0.7821910108118204,0.8103238192270118,0.4996896300330614,0.006518641168156775,8.0
2026-10-06 17:20:00,0.058550235,-0.3959433645444834,0.7299999836832285,11.549999741837382,0.028132808415191432,0.7821910108118204,0.8103238192270118,0.47293068956655204,0.006518641168156775,8.0
2026-10-06 17:30:00,0.058550235,-0.42031374622400786,0.7299999836832285,11.549999741837382,0.028132808415191432,0.7821910108118204,0.8103238192270118,0.4485603078870276,0.006518641168156775,8.0
2026-10-06 17:40:00,0.058550235,-0.44216668612789173,0.7299999836832285,11.549999741837382,0.028132808415191432,0.7821910108118204,0.8103238192270118,0.42670736798314374,0.006518641168156775,8.0
2026-10-06 17:50:00,0.058550235,-0.4613917276363026,0.7299999836832285,11.549999741837382,0.028132808415191432,0.7821910108118204,0.8103238192270118,0.40748232647473287,0.006518641168156775,8.0
2026-10-06 18:00:00,0.058550235,-0.4778955657949061,0.7599999830126762,11.469999743625522,0.028506236795808725,0.7925736330580635,0.8210798698538723,0.4017345389429898,0.006518641168156775,8.0
2026-10-06 18:10:00,0.058550235,-0.49160069074069385,0.7599999830126762,11.469999743625522,0.028506236795808725,0.7925736330580635,0.8210798698538723,0.3880294139972021,0.006518641168156775,8.0
2026-10-06 18:20:00,0.058550235,-0.5024440725219511,0.7599999830126762,11.469999743625522,0.028506236795808725,0.7925736330580635,0.8210798698538723,0.3771860322159448,0.006518641168156775,8.0
2026-10-06 18:30:00,0.058550235,-0.5103760001545509,0.7599999830126762,11.469999743625522,0.028506236795808725,0.7925736330580635,0.8210798698538723,0.36925410458334507,0.006518641168156775,8.0
2026-10-06 18:40:00,0.058550235,-0.515359167530412,0.7599999830126762,11.469999743625522,0.028506236795808725,0.7925736330580635,0.8210798698538723,0.36427093720748394,0.006518641168156775,8.0
2026-10-06 18:50:00,0.058550235,-0.5173680704284518,0.7599999830126762,11.469999743625522,0.028506236795808725,0.7925736330580635,0.8210798698538723,0.36226203430944415,0.006518641168156775,8.0
2026-10-06 19:00:00,0.058550235,-0.5163887451209563,0.7599999830126762,11.469999743625522,0.028506236795808725,0.7925736330580635,0.8210798698538723,0.3632413596169396,0.006518641168156775,8.0
2026-10-06 19:10:00,0.058550235,-0.5124188430667951,0.7599999830126762,11.469999743625522,0.028506236795808725,0.7925736330580635,0.8210798698538723,0.36721126167110085,0.006518641168156775,8.0
2026-10-06 19:20:00,0.058550235,-0.5054680017167028,0.7599999830126762,11.469999743625522,0.028506236795808725,0.7925736330580635,0.8210798698538723,0.3741621030211931,0.006518641168156775,8.0
2026-10-06 19:30:00,0.058550235,-0.4955584416826828,0.7599999830126762,11.469999743625522,0.028506236795808725,0.7925736330580635,0.8210798698538723,0.3840716630552131,0.006518641168156775,8.0
2026-10-06 19:40:00,0.058550235,-0.4827256988100967,0.7599999830126762,11.469999743625522,0.028506236795808725,0.7925736330580635,0.8210798698538723,0.39690440592779924,0.006518641168156775,8.0
2026-10-06 19:50:00,0.058550235,-0.46701938782171076,0.7599999830126762,11.469999743625522,0.028506236795808725,0.7925736330580635,0.8210798698538723,0.41261071691618517,0.006518641168156775,8.0
2026-10-06 20:00:00,0.058550235,-0.44850389367727367,0.7599999830126762,11.469999743625522,0.028506236795808725,0.7925736330580635,0.8210798698538723,0.43112621106062227,0.006518641168156775,8.0
2026-10-06 20:10:00,0.058550235,-0.4272588972805669,0.7599999830126762,11.469999743625522,0.028506236795808725,0.7925736330580635,0.8210798698538723,0.45237120745732906,0.006518641168156775,8.0
2026-10-06 20:20:00,0.058550235,-0.4033796625100037,0.7599999830126762,11.469999743625522,0.028506236795808725,0.7925736330580635,0.8210798698538723,0.47625044222789226,0.006518641168156775,8.0
2026-10-06 20:30:00,0.058550235,-0.37697703960809087,0.7599999830126762,11.469999743625522,0.028506236795808725,0.7925736330580635,0.8210798698538723,0.5026530651298051,0.006518641168156775,8.0
2026-10-06 20:40:00,0.058550235,-0.34817717205834164,0.7599999830126762,11.469999743625522,0.028506236795808725,0.7925736330580635,0.8210798698538723,0.5314529326795543,0.006518641168156775,8.0
2026-10-06 20:50:00,0.058550235,-0.31712092737959446,0.7599999830126762,11.469999743625522,0.028506236795808725,0.7925736330580635,0.8210798698538723,0.5625091773583015,0.006518641168156775,8.0
2026-10-06 21:00:00,0.058550235,-0.2839631020073499,0.7799999825656414,11.389999745413661,0.028677461131132016,0.7973342717381957,0.8260117328693277,0.6005988657460015,0.006518641168156775,8.0
2026-10-06 21:10:00,0.058550235,-0.248871474234531,0.7799999825656414,11.389999745413661,0.028677461131132016,0.7973342717381957,0.8260117328693277,0.6356904935188203,0.006518641168156775,8.0
2026-10-06 21:20:00,0.058550235,-0.21202579325850526,0.7799999825656414,11.389999745413661,0.028677461131132016,0.7973342717381957,0.8260117328693277,0.6725361744948462,0.006518641168156775,8.0
2026-10-06 21:30:00,0.058550235,-0.17361679587387385,0.7799999825656414,11.389999745413661,0.028677461131132016,0.7973342717381957,0.8260117328693277,0.7109451718794775,0.006518641168156775,8.0
2026-10-06 21:40:00,0.058550235,-0.1338453339594985,0.7799999825656414,11.389999745413661,0.028677461131132016,0.7973342717381957,0.8260117328693277,0.7507166337938529,0.006518641168156775,8.0
2026-10-06 21:50:00,0.058550235,-0.09292167674741085,0.7799999825656414,11.389999745413661,0.028677461131132016,0.7973342717381957,0.8260117328693277,0.7916402910059406,0.006518641168156775,8.0
2026-10-06 22:00:00,0.058550235,-0.05106502389667402,0.7799999825656414,11.389999745413661,0.028677461131132016,0.7973342717381957,0.8260117328693277,0.8334969438566774,0.006518641168156775,8.0
2026-10-06 22:10:00,0.058550235,-0.00850323099138265,0.7799999825656414,11.389999745413661,0.028677461131132016,0.7973342717381957,0.8260117328693277,0.8760587367619688,0.006518641168156775,8.0
2026-10-06 22:20:00,0.058550235,0.034527287152930713,0.7799999825656414,11.389999745413661,0.028677461131132016,0.7973342717381957,0.8260117328693277,0.9190892549062821,0.006518641168156775,8.0
2026-10-06 22:30:00,0.058550235,0.0777815452435056,0.7799999825656414,11.389999745413661,0.028677461131132016,0.7973342717381957,0.8260117328693277,0.9623435129968569,0.006518641168156775,8.0
2026-10-06 22:40:00,0.058550235,0.12100596738865121,0.7799999825656414,11.389999745413661,0.028677461131132016,0.7973342717381957,0.8260117328693277,1.0055679351420026,0.006518641168156775,8.0
2026-10-06 22:50:00,0.058550235,0.163938477974744,0.7799999825656414,11.389999745413661,0.028677461131132016,0.7973342717381957,0.8260117328693277,1.0485004457280953,0.006518641168156775,8.0
2026-10-06 23:00:00,0.058550235,0.206308832466302,0.7799999825656414,11.389999745413661,0.028677461131132016,0.7973342717381957,0.8260117328693277,1.0908708002196534,0.006518641168156775,8.0
2026-10-06 23:10:00,0.058550235,0.24783931355665498,0.7799999825656414,11.389999745413661,0.028677461131132016,0.7973342717381957,0.8260117328693277,1.1324012813100064,0.006518641168156775,8.0
2026-10-06 23:20:00,0.058550235,0.2882459015460159,0.7799999825656414,11.389999745413661,0.028677461131132016,0.7973342717381957,0.8260117328693277,1.1728078692993673,0.006518641168156775,8.0
2026-10-06 23:30:00,0.058550235,0.32723999958504474,0.7799999825656414,11.389999745413661,0.028677461131132016,0.7973342717381957,0.8260117328693277,1.2118019673383962,0.006518641168156775,8.0
2026-10-06 23:40:00,0.058550235,0.36453075695130943,0.7799999825656414,11.389999745413661,0.028677461131132016,0.7973342717381957,0.8260117328693277,1.2490927247046608,0.006518641168156775,8.0
2026-10-06 23:50:00,0.058550235,0.3998279897819366,0.7799999825656414,11.389999745413661,0.028677461131132016,0.7973342717381957,0.8260117328693277,1.284389957535288,0.006518641168156775,8.0
2026-10-07 00:00:00,0.06407993,0.4328456530887096,0.7799999825656414,11.369999745860696,0.02862710562431704,0.795934211559551,0.824561317183868,1.3214869031410583,0.006518641168156775,8.0
2026-10-07 00:10:00,0.06407993,0.4633057740030826,0.7799999825656414,11.369999745860696,0.02862710562431704,0.795934211559551,0.824561317183868,1.3519470240554314,0.006518641168156775,8.0
2026-10-07 00:20:00,0.06407993,0.4909427183903939,0.7799999825656414,11.369999745860696,0.02862710562431704,0.795934211559551,0.824561317183868,1.3795839684427427,0.006518641168156775,8.0
2026-10-07 00:30:00,0.06407993,0.5155076341645477,0.7799999825656414,11.369999745860696,0.02862710562431704,0.795934211559551,0.824561317183868,1.4041488842168963,0.006518641168156775,8.0
2026-10-07 00:40:00,0.06407993,0.5367728974492538,0.7799999825656414,11.369999745860696,0.02862710562431704,0.795934211559551,0.824561317183868,1.4254141475016024,0.006518641168156775,8.0
2026-10-07 00:50:00,0.06407993,0.5545363832234426,0.7799999825656414,11.369999745860696,0.02862710562431704,0.795934211559551,0.824561317183868,1.4431776332757913,0.006518641168156775,8.0
2026-10-07 01:00:00,0.06407993,0.568625390365177,0.7799999825656414,11.369999745860696,0.02862710562431704,0.795934211559551,0.824561317183868,1.4572666404175258,0.006518641168156775,8.0
2026-10-07 01:10:00,0.06407993,0.5789000707777501,0.7799999825656414,11.369999745860696,0.02862710562431704,0.795934211559551,0.824561317183868,1.4675413208300987,0.006518641168156775,8.0
2026-10-07 01:20:00,0.06407993,0.5852562414224375,0.7799999825656414,11.369999745860696,0.02862710562431704,0.795934211559551,0.824561317183868,1.4738974914747862,0.006518641168156775,8.0
2026-10-07 01:30:00,0.06407993,0.5876274934238357,0.7799999825656414,11.369999745860696,0.02862710562431704,0.795934211559551,0.824561317183868,1.4762687434761843,0.006518641168156775,8.0
2026-10-07 01:40:00,0.06407993,0.5859865507756863,0.7799999825656414,11.369999745860696,0.02862710562431704,0.795934211559551,0.824561317183868,1.474627800828035,0.006518641168156775,8.0
2026-10-07 01:50:00,0.06407993,0.5803458687888832,0.7799999825656414,11.369999745860696,0.02862710562431704,0.795934211559551,0.824561317183868,1.4689871188412318,0.006518641168156775,8.0
2026-10-07 02:00:00,0.06407993,0.5707574964280725,0.7799999825656414,11.369999745860696,0.02862710562431704,0.795934211559551,0.824561317183868,1.4593987464804212,0.006518641168156775,8.0
2026-10-07 02:10:00,0.06407993,0.5573122542726054,0.7799999825656414,11.369999745860696,0.02862710562431704,0.795934211559551,0.824561317183868,1.445953504324954,0.006518641168156775,8.0
2026-10-07 02:20:00,0.06407993,0.5401382995863486,0.7799999825656414,11.369999745860696,0.02862710562431704,0.795934211559551,0.824561317183868,1.4287795496386972,0.006518641168156775,8.0
2026-10-07 02:30:00,0.06407993,0.5193991610987837,0.7799999825656414,11.369999745860696,0.02862710562431704,0.795934211559551,0.824561317183868,1.4080404111511324,0.006518641168156775,8.0
2026-10-07 02:40:00,0.06407993,0.4952913289151046,0.7799999825656414,11.369999745860696,0.02862710562431704,0.795934211559551,0.824561317183868,1.3839325789674533,0.006518641168156775,8.0
2026-10-07 02:50:00,0.06407993,0.46804148096320825,0.7799999825656414,11.369999745860696,0.02862710562431704,0.795934211559551,0.824561317183868,1.3566827310155571,0.006518641168156775,8.0
2026-10-07 03:00:00,0.06407993,0.4379034181019917,0.7699999827891588,11.359999746084213,0.028417990735560377,0.790120082241269,0.8185380729768293,1.3205214239473015,0.006518641168156775,8.0
2026-10-07 03:10:00,0.06407993,0.40515476842610954,0.7699999827891588,11.359999746084213,0.028417990735560377,0.790120082241269,0.8185380729768293,1.2877727742714196,0.006518641168156775,8.0
2026-10-07 03:20:00,0.06407993,0.37009350915909817,0.7699999827891588,11.359999746084213,0.028417990735560377,0.790120082241269,0.8185380729768293,1.2527115150044081,0.006518641168156775,8.0
2026-10-07 03:30:00,0.06407993,0.333034344825173,0.7699999827891588,11.359999746084213,0.028417990735560377,0.790120082241269,0.8185380729768293,1.215652350670483,0.006518641168156775,8.0
2026-10-07 03:40:00,0.06407993,0.2943049742010971,0.7699999827891588,11.359999746084213,0.028417990735560377,0.790120082241269,0.8185380729768293,1.1769229800464072,0.006518641168156775,8.0
2026-10-07 03:50:00,0.06407993,0.25424227738569,0.7699999827891588,11.359999746084213,0.028417990735560377,0.790120082241269,0.8185380729768293,1.136860283231,0.006518641168156775,8.0
2026-10-07 04:00:00,0.06407993,0.21318845805779862,0.7699999827891588,11.359999746084213,0.028417990735560377,0.790120082241269,0.8185380729768293,1.0958064639031087,0.006518641168156775,8.0
2026-10-07 04:10:00,0.06407993,0.1714871839393396,0.7699999827891588,11.359999746084213,0.028417990735560377,0.790120082241269,0.8185380729768293,1.0541051897846496,0.006518641168156775,8.0
2026-10-07 04:20:00,0.06407993,0.12947977949816253,0.7699999827891588,11.359999746084213,0.028417990735560377,0.790120082241269,0.8185380729768293,1.0120977853434725,0.006518641168156775,8.0
2026-10-07 04:30:00,0.06407993,0.08750153638083831,0.7699999827891588,11.359999746084213,0.028417990735560377,0.790120082241269,0.8185380729768293,0.9701195422261484,0.006518641168156775,8.0
2026-10-07 04:40:00,0.06407993,0.04587821754908555,0.7699999827891588,11.359999746084213,0.028417990735560377,0.790120082241269,0.8185380729768293,0.9284962233943956,0.006518641168156775,8.0
2026-10-07 04:50:00,0.06407993,0.004922837333832495,0.7699999827891588,11.359999746084213,0.028417990735560377,0.790120082241269,0.8185380729768293,0.8875408431791425,0.006518641168156775,8.0
2026-10-07 05:00:00,0.06407993,-0.03506719940223616,0.7699999827891588,11.359999746084213,0.028417990735560377,0.790120082241269,0.8185380729768293,0.8475508064430739,0.006518641168156775,8.0
2026-10-07 05:10:00,0.06407993,-0.07381252214371437,0.7699999827891588,11.359999746084213,0.028417990735560377,0.790120082241269,0.8185380729768293,0.8088054837015957,0.006518641168156775,8.0
2026-10-07 05:20:00,0.06407993,-0.11105372047133046,0.7699999827891588,11.359999746084213,0.028417990735560377,0.790120082241269,0.8185380729768293,0.7715642853739796,0.006518641168156775,8.0
2026-10-07 05:30:00,0.06407993,-0.14655272838933395,0.7699999827891588,11.359999746084213,0.028417990735560377,0.790120082241269,0.8185380729768293,0.736065277455976,0.006518641168156775,8.0
2026-10-07 05:40:00,0.06407993,-0.1800936516927974,0.7699999827891588,11.359999746084213,0.028417990735560377,0.790120082241269,0.8185380729768293,0.7025243541525126,0.006518641168156775,8.0
2026-10-07 05:50:00,0.06407993,-0.21148305305953174,0.7699999827891588,11.359999746084213,0.028417990735560377,0.790120082241269,0.8185380729768293,0.6711349527857783,0.006518641168156775,8.0
2026-10-07 06:00:00,0.06407993,-0.24054974101740328,0.7599999830126762,11.3099997472018,0.028108590946869804,0.7815176800249954,0.8096262709718652,0.6331564628229427,0.006518641168156775,8.0
2026-10-07 06:10:00,0.06407993,-0.2671441380344167,0.7599999830126762,11.3099997472018,0.028108590946869804,0.7815176800249954,0.8096262709718652,0.6065620658059292,0.006518641168156775,8.0
2026-10-07 06:20:00,0.06407993,-0.2911373272854307,0.7599999830126762,11.3099997472018,0.028108590946869804,0.7815176800249954,0.8096262709718652,0.5825688765549153,0.006518641168156775,8.0
2026-10-07 06:30:00,0.06407993,-0.31241989414782934,0.7599999830126762,11.3099997472018,0.028108590946869804,0.7815176800249954,0.8096262709718652,0.5612863096925166,0.006518641168156775,8.0
2026-10-07 06:40:00,0.06407993,-0.3309006855406464,0.7599999830126762,11.3099997472018,0.028108590946869804,0.7815176800249954,0.8096262709718652,0.5428055182996996,0.006518641168156775,8.0
2026-10-07 06:50:00,0.06407993,-0.346505606719433,0.7599999830126762,11.3099997472018,0.028108590946869804,0.7815176800249954,0.8096262709718652,0.5272005971209129,0.006518641168156775,8.0
2026-10-07 07:00:00,0.06407993,-0.3591765612710642,0.7599999830126762,11.3099997472018,0.028108590946869804,0.7815176800249954,0.8096262709718652,0.5145296425692818,0.006518641168156775,8.0
2026-10-07 07:10:00,0.06407993,-0.36887061694262974,0.7599999830126762,11.3099997472018,0.028108590946869804,0.7815176800249954,0.8096262709718652,0.5048355868977161,0.006518641168156775,8.0
2026-10-07 07:20:00,0.06407993,-0.37555944985440703,0.7599999830126762,11.3099997472018,0.028108590946869804,0.7815176800249954,0.8096262709718652,0.4981467539859389,0.006518641168156775,8.0
2026-10-07 07:30:00,0.06407993,-0.3792290854192219,0.7599999830126762,11.3099997472018,0.028108590946869804,0.7815176800249954,0.8096262709718652,0.494477118421124,0.006518641168156775,8.0
2026-10-07 07:40:00,0.06407993,-0.3798799195593705,0.7599999830126762,11.3099997472018,0.028108590946869804,0.7815176800249954,0.8096262709718652,0.4938262842809754,0.006518641168156775,8.0
2026-10-07 07:50:00,0.06407993,-0.37752697185724676,0.7599999830126762,11.3099997472018,0.028108590946869804,0.7815176800249954,0.8096262709718652,0.49617923198309916,0.006518641168156775,8.0
2026-10-07 08:00:00,0.06407993,-0.3722002966453287,0.7599999830126762,11.3099997472018,0.028108590946869804,0.7815176800249954,0.8096262709718652,0.5015059071950172,0.006518641168156775,8.0
2026-10-07 08:10:00,0.06407993,-0.36394546107659886,0.7599999830126762,11.3099997472018,0.028108590946869804,0.7815176800249954,0.8096262709718652,0.509760742763747,0.006518641168156775,8.0
2026-10-07 08:20:00,0.06407993,-0.3528239929112656,0.7599999830126762,11.3099997472018,0.028108590946869804,0.7815176800249954,0.8096262709718652,0.5208822109290803,0.006518641168156775,8.0
2026-10-07 08:30:00,0.06407993,-0.33891370543756066,0.7599999830126762,11.3099997472018,0.028108590946869804,0.7815176800249954,0.8096262709718652,0.5347924984027852,0.006518641168156775,8.0
2026-10-07 08:40:00,0.06407993,-0.3223088220818618,0.7599999830126762,11.3099997472018,0.028108590946869804,0.7815176800249954,0.8096262709718652,0.5513973817584841,0.006518641168156775,8.0
2026-10-07 08:50:00,0.06407993,-0.30311984722747093,0.7599999830126762,11.3099997472018,0.028108590946869804,0.7815176800249954,0.8096262709718652,0.570586356612875,0.006518641168156775,8.0
2026-10-07 09:00:00,0.06407993,-0.28147315938354484,0.7699999827891588,11.199999749660492,0.02801773734491868,0.778991630378716,0.8070093677236346,0.5896161412085705,0.006518641168156775,8.0
2026-10-07 09:10:00,0.06407993,-0.25751033537091716,0.7699999827891588,11.199999749660492,0.02801773734491868,0.778991630378716,0.8070093677236346,0.6135789652211981,0.006518641168156775,8.0
2026-10-07 09:20:00,0.06407993,-0.23138724511643766,0.7699999827891588,11.199999749660492,0.02801773734491868,0.778991630378716,0.8070093677236346,0.6397020554756776,0.006518641168156775,8.0
2026-10-07 09:30:00,0.06407993,-0.20327298307892963,0.7699999827891588,11.199999749660492,0.02801773734491868,0.778991630378716,0.8070093677236346,0.6678163175131857,0.006518641168156775,8.0
2026-10-07 09:40:00,0.06407993,-0.1733487205381378,0.7699999827891588,11.199999749660492,0.02801773734491868,0.778991630378716,0.8070093677236346,0.6977405800539775,0.006518641168156775,8.0
2026-10-07 09:50:00,0.06407993,-0.14180657109920092,0.7699999827891588,11.199999749660492,0.02801773734491868,0.778991630378716,0.8070093677236346,0.7292827294929144,0.006518641168156775,8.0
2026-10-07 10:00:00,0.06407993,-0.1088485583900545,0.7699999827891588,11.199999749660492,0.02801773734491868,0.778991630378716,0.8070093677236346,0.7622407422020608,0.006518641168156775,8.0
2026-10-07 10:10:00,0.06407993,-0.07468576012367746,0.7699999827891588,11.199999749660492,0.02801773734491868,0.778991630378716,0.8070093677236346,0.7964035404684379,0.006518641168156775,8.0
2026-10-07 10:20:00,0.06407993,-0.039537678005479644,0.7699999827891588,11.199999749660492,0.02801773734491868,0.778991630378716,0.8070093677236346,0.8315516225866356,0.006518641168156775,8.0
2026-10-07 10:30:00,0.06407993,-0.0036318504938407967,0.7699999827891588,11.199999749660492,0.02801773734491868,0.778991630378716,0.8070093677236346,0.8674574500982746,0.006518641168156775,8.0
2026-10-07 10:40:00,0.06407993,0.032796311077536305,0.7699999827891588,11.199999749660492,0.02801773734491868,0.778991630378716,0.8070093677236346,0.9038856116696516,0.006518641168156775,8.0
2026-10-07 10:50:00,0.06407993,0.0695035195715984,0.7699999827891588,11.199999749660492,0.02801773734491868,0.778991630378716,0.8070093677236346,0.9405928201637137,0.006518641168156775,8.0
2026-10-07 11:00:00,0.06407993,0.10623853210496542,0.7699999827891588,11.199999749660492,0.02801773734491868,0.778991630378716,0.8070093677236346,0.9773278326970807,0.006518641168156775,8.0
2026-10-07 11:10:00,0.06407993,0.14274210887487282,0.7699999827891588,11.199999749660492,0.02801773734491868,0.778991630378716,0.8070093677236346,1.013831409466988,0.006518641168156775,8.0
2026-10-07 11:20:00,0.06407993,0.1787471420818601,0.7699999827891588,11.199999749660492,0.02801773734491868,0.778991630378716,0.8070093677236346,1.0498364426739755,0.006518641168156775,8.0
2026-10-07 11:30:00,0.06407993,0.2139790893897764,0.7699999827891588,11.199999749660492,0.02801773734491868,0.778991630378716,0.8070093677236346,1.0850683899818918,0.006518641168156775,8.0
2026-10-07 11:40:00,0.06407993,0.24815683635197894,0.7699999827891588,11.199999749660492,0.02801773734491868,0.778991630378716,0.8070093677236346,1.1192461369440942,0.006518641168156775,8.0
2026-10-07 11:50:00,0.06407993,0.2809940894031665,0.7699999827891588,11.199999749660492,0.02801773734491868,0.778991630378716,0.8070093677236346,1.1520833899952818,0.006518641168156775,8.0
2026-10-07 12:00:00,0.06407993,0.3122013674528911,0.8099999818950891,11.03999975323677,0.02832573952614786,0.7875551741924862,0.815880913718634,1.1921622140400059,0.006518641168156775,8.0
2026-10-07 12:10:00,0.06407993,0.3414886183713698,0.8099999818950891,11.03999975323677,0.02832573952614786,0.7875551741924862,0.815880913718634,1.2214494649584844,0.006518641168156775,8.0
2026-10-07 12:20:00,0.06407993,0.3685684407055139,0.8099999818950891,11.03999975323677,0.02832573952614786,0.7875551741924862,0.815880913718634,1.2485292872926286,0.006518641168156775,8.0
2026-10-07 12:30:00,0.06407993,0.3931598445983409,0.8099999818950891,11.03999975323677,0.02832573952614786,0.7875551741924862,0.815880913718634,1.2731206911854556,0.006518641168156775,8.0
2026-10-07 12:40:00,0.06407993,0.4149924434507941,0.8099999818950891,11.03999975323677,0.02832573952614786,0.7875551741924862,0.815880913718634,1.2949532900379088,0.006518641168156775,8.0
2026-10-07 12:50:00,0.06407993,0.4338109328293301,0.8099999818950891,11.03999975323677,0.02832573952614786,0.7875551741924862,0.815880913718634,1.3137717794164447,0.006518641168156775,8.0
2026-10-07 13:00:00,0.06407993,0.44937968854696175,0.8099999818950891,11.03999975323677,0.02832573952614786,0.7875551741924862,0.815880913718634,1.3293405351340764,0.006518641168156775,8.0
2026-10-07 13:10:00,0.06407993,0.46148730354683,0.8099999818950891,11.03999975323677,0.02832573952614786,0.7875551741924862,0.815880913718634,1.3414481501339446,0.006518641168156775,8.0
2026-10-07 13:20:00,0.06407993,0.4699508838610836,0.8099999818950891,11.03999975323677,0.02832573952614786,0.7875551741924862,0.815880913718634,1.3499117304481982,0.006518641168156775,8.0
2026-10-07 13:30:00,0.06407993,0.4746199369909385,0.8099999818950891,11.03999975323677,0.02832573952614786,0.7875551741924862,0.815880913718634,1.3545807835780532,0.006518641168156775,8.0
2026-10-07 13:40:00,0.06407993,0.47537970982670175,0.8099999818950891,11.03999975323677,0.02832573952614786,0.7875551741924862,0.815880913718634,1.3553405564138163,0.006518641168156775,8.0
2026-10-07 13:50:00,0.06407993,0.4721538651040492,0.8099999818950891,11.03999975323677,0.02832573952614786,0.7875551741924862,0.815880913718634,1.352114711691164,0.006518641168156775,8.0
2026-10-07 14:00:00,0.06407993,0.46490642216606143,0.8099999818950891,11.03999975323677,0.02832573952614786,0.7875551741924862,0.815880913718634,1.3448672687531762,0.006518641168156775,8.0
2026-10-07 14:10:00,0.06407993,0.45364292593448496,0.8099999818950891,11.03999975323677,0.02832573952614786,0.7875551741924862,0.815880913718634,1.3336037725215997,0.006518641168156775,8.0
2026-10-07 14:20:00,0.06407993,0.4384108442054004,0.8099999818950891,11.03999975323677,0.02832573952614786,0.7875551741924862,0.815880913718634,1.3183716907925151,0.006518641168156775,8.0
2026-10-07 14:30:00,0.06407993,0.4192992247393046,0.8099999818950891,11.03999975323677,0.02832573952614786,0.7875551741924862,0.815880913718634,1.2992600713264193,0.006518641168156775,8.0
2026-10-07 14:40:00,0.06407993,0.3964376679365386,0.8099999818950891,11.03999975323677,0.02832573952614786,0.7875551741924862,0.815880913718634,1.2763985145236534,0.006518641168156775,8.0
2026-10-07 14:50:00,0.06407993,0.36999468712884187,0.8099999818950891,11.03999975323677,0.02832573952614786,0.7875551741924862,0.815880913718634,1.2499555337159567,0.006518641168156775,8.0
2026-10-07 15:00:00,0.06407993,0.340175536255094,0.8599999807775021,10.95999975502491,0.02897540094175053,0.8056180462618558,0.8345934472036064,1.2388489163271812,0.006518641168156775,8.0
2026-10-07 15:10:00,0.06407993,0.30721958501970564,0.8599999807775021,10.95999975502491,0.02897540094175053,0.8056180462618558,0.8345934472036064,1.2058929650917927,0.006518641168156775,8.0
2026-10-07 15:20:00,0.06407993,0.27139731579201526,0.8599999807775021,10.95999975502491,0.02897540094175053,0.8056180462618558,0.8345934472036064,1.1700706958641023,0.006518641168156775,8.0
2026-10-07 15:30:00,0.06407993,0.2330070070895491,0.8599999807775021,10.95999975502491,0.02897540094175053,0.8056180462618558,0.8345934472036064,1.1316803871616363,0.006518641168156775,8.0
2026-10-07 15:40:00,0.06407993,0.19237115747146408,0.8599999807775021,10.95999975502491,0.02897540094175053,0.8056180462618558,0.8345934472036064,1.0910445375435511,0.006518641168156775,8.0
2026-10-07 15:50:00,0.06407993,0.14983269384150327,0.8599999807775021,10.95999975502491,0.02897540094175053,0.8056180462618558,0.8345934472036064,1.0485060739135903,0.006518641168156775,8.0
2026-10-07 16:00:00,0.06407993,0.1057510012626236,0.8599999807775021,10.95999975502491,0.02897540094175053,0.8056180462618558,0.8345934472036064,1.0044243813347107,0.006518641168156775,8.0
2026-10-07 16:10:00,0.06407993,0.0604978088040378,0.8599999807775021,10.95999975502491,0.02897540094175053,0.8056180462618558,0.8345934472036064,0.9591711888761248,0.006518641168156775,8.0
2026-10-07 16:20:00,0.06407993,0.014452968445832983,0.8599999807775021,10.95999975502491,0.02897540094175053,0.8056180462618558,0.8345934472036064,0.9131263485179201,0.006518641168156775,8.0
2026-10-07 16:30:00,0.06407993,-0.031999828895903616,0.8599999807775021,10.95999975502491,0.02897540094175053,0.8056180462618558,0.8345934472036064,0.8666735511761835,0.006518641168156775,8.0
2026-10-07 16:40:00,0.06407993,-0.07847734545075508,0.8599999807775021,10.95999975502491,0.02897540094175053,0.8056180462618558,0.8345934472036064,0.820196034621332,0.006518641168156775,8.0
2026-10-07 16:50:00,0.06407993,-0.12460102966201815,0.8599999807775021,10.95999975502491,0.02897540094175053,0.8056180462618558,0.8345934472036064,0.7740723504100689,0.006518641168156775,8.0
2026-10-07 17:00:00,0.06407993,-0.1700011109906689,0.8599999807775021,10.95999975502491,0.02897540094175053,0.8056180462618558,0.8345934472036064,0.7286722690814182,0.006518641168156775,8.0
2026-10-07 17:10:00,0.06407993,-0.21432046808625077,0.8599999807775021,10.95999975502491,0.02897540094175053,0.8056180462618558,0.8345934472036064,0.6843529119858363,0.006518641168156775,8.0
2026-10-07 17:20:00,0.06407993,-0.2572181775678208,0.8599999807775021,10.95999975502491,0.02897540094175053,0.8056180462618558,0.8345934472036064,0.6414552025042664,0.006518641168156775,8.0
2026-10-07 17:30:00,0.06407993,-0.2983726530049048,0.8599999807775021,10.95999975502491,0.02897540094175053,0.8056180462618558,0.8345934472036064,0.6003007270671823,0.006518641168156775,8.0
2026-10-07 17:40:00,0.06407993,-0.33748429366658506,0.8599999807775021,10.95999975502491,0.02897540094175053,0.8056180462618558,0.8345934472036064,0.561189086405502,0.006518641168156775,8.0
2026-10-07 17:50:00,0.06407993,-0.3742775801278987,0.8599999807775021,10.95999975502491,0.02897540094175053,0.8056180462618558,0.8345934472036064,0.5243957999441884,0.006518641168156775,8.0
2026-10-07 18:00:00,0.06407993,-0.4085025783586995,0.8899999801069498,10.799999758601189,0.029046140461003143,0.8075848536723333,0.8366309941333365,0.4922083486431177,0.006518641168156775,8.0
2026-10-07 18:10:00,0.06407993,-0.43993584334340013,0.8899999801069498,10.799999758601189,0.029046140461003143,0.8075848536723333,0.8366309941333365,0.4607750836584171,0.006518641168156775,8.0
2026-10-07 18:20:00,0.06407993,-0.4683807455042287,0.8899999801069498,10.799999758601189,0.029046140461003143,0.8075848536723333,0.8366309941333365,0.4323301814975885,0.006518641168156775,8.0
2026-10-07 18:30:00,0.06407993,-0.4936672749506005,0.8899999801069498,10.799999758601189,0.029046140461003143,0.8075848536723333,0.8366309941333365,0.40704365205121673,0.006518641168156775,8.0
2026-10-07 18:40:00,0.06407993,-0.5156514070887073,0.8899999801069498,10.799999758601189,0.029046140461003143,0.8075848536723333,0.8366309941333365,0.38505951991310994,0.006518641168156775,8.0
2026-10-07 18:50:00,0.06407993,-0.5342141352795163,0.8899999801069498,10.799999758601189,0.029046140461003143,0.8075848536723333,0.8366309941333365,0.3664967917223009,0.006518641168156775,8.0
2026-10-07 19:00:00,0.06407993,-0.5492602898750276,0.8899999801069498,10.799999758601189,0.029046140461003143,0.8075848536723333,0.8366309941333365,0.3514506371267896,0.006518641168156775,8.0
2026-10-07 19:10:00,0.06407993,-0.5607172664640065,0.8899999801069498,10.799999758601189,0.029046140461003143,0.8075848536723333,0.8366309941333365,0.33999366053781066,0.006518641168156775,8.0
2026-10-07 19:20:00,0.06407993,-0.5685337790820062,0.8899999801069498,10.799999758601189,0.029046140461003143,0.8075848536723333,0.8366309941333365,0.332177147919811,0.006518641168156775,8.0
2026-10-07 19:30:00,0.06407993,-0.5726787370220311,0.8899999801069498,10.799999758601189,0.029046140461003143,0.8075848536723333,0.8366309941333365,0.3280321899797861,0.006518641168156775,8.0
2026-10-07 19:40:00,0.06407993,-0.5731403184256574,0.8899999801069498,10.799999758601189,0.029046140461003143,0.8075848536723333,0.8366309941333365,0.3275706085761598,0.006518641168156775,8.0
2026-10-07 19:50:00,0.06407993,-0.5699252825464232,0.8899999801069498,10.799999758601189,0.029046140461003143,0.8075848536723333,0.8366309941333365,0.33078564445539405,0.006518641168156775,8.0
2026-10-07 20:00:00,0.06407993,-0.5630585287117877,0.8899999801069498,10.799999758601189,0.029046140461003143,0.8075848536723333,0.8366309941333365,0.33765239829002947,0.006518641168156775,8.0
2026-10-07 20:10:00,0.06407993,-0.5525828770087651,0.8899999801069498,10.799999758601189,0.029046140461003143,0.8075848536723333,0.8366309941333365,0.34812804999305214,0.006518641168156775,8.0
2026-10-07 20:20:00,0.06407993,-0.5385590170847974,0.8899999801069498,10.799999758601189,0.029046140461003143,0.8075848536723333,0.8366309941333365,0.36215190991701984,0.006518641168156775,8.0
2026-10-07 20:30:00,0.06407993,-0.5210655501446688,0.8899999801069498,10.799999758601189,0.029046140461003143,0.8075848536723333,0.8366309941333365,0.3796453768571484,0.006518641168156775,8.0
2026-10-07 20:40:00,0.06407993,-0.500199037411188,0.8899999801069498,10.799999758601189,0.029046140461003143,0.8075848536723333,0.8366309941333365,0.4005118895906292,0.006518641168156775,8.0
2026-10-07 20:50:00,0.06407993,-0.4760739672893062,0.8899999801069498,10.799999758601189,0.029046140461003143,0.8075848536723333,0.8366309941333365,0.42463695971251103,0.006518641168156775,8.0
2026-10-07 21:00:00,0.06407993,-0.4488225630797347,0.909999979659915,10.679999761283398,0.029044347434027697,0.8075350012167365,0.8365793486507642,0.4518367184395102,0.006518641168156775,8.0
2026-10-07 21:10:00,0.06407993,-0.41859437229142926,0.909999979659915,10.679999761283398,0.029044347434027697,0.8075350012167365,0.8365793486507642,0.48206490922781564,0.006518641168156775,8.0
2026-10-07 21:20:00,0.06407993,-0.3855556050748679,0.909999979659915,10.679999761283398,0.029044347434027697,0.8075350012167365,0.8365793486507642,0.515103676444377,0.006518641168156775,8.0
2026-10-07 21:30:00,0.06407993,-0.3498882199433752,0.909999979659915,10.679999761283398,0.029044347434027697,0.8075350012167365,0.8365793486507642,0.5507710615758696,0.006518641168156775,8.0
2026-10-07 21:40:00,0.06407993,-0.31178878621323225,0.909999979659915,10.679999761283398,0.029044347434027697,0.8075350012167365,0.8365793486507642,0.5888704953060127,0.006518641168156775,8.0
2026-10-07 21:50:00,0.06407993,-0.27146718079245286,0.909999979659915,10.679999761283398,0.029044347434027697,0.8075350012167365,0.8365793486507642,0.629192100726792,0.006518641168156775,8.0
2026-10-07 22:00:00,0.06407993,-0.22914519858484605,0.909999979659915,10.679999761283398,0.029044347434027697,0.8075350012167365,0.8365793486507642,0.6715140829343988,0.006518641168156775,8.0
2026-10-07 22:10:00,0.06407993,-0.1850551682031459,0.909999979659915,10.679999761283398,0.029044347434027697,0.8075350012167365,0.8365793486507642,0.715604113316099,0.006518641168156775,8.0
2026-10-07 22:20:00,0.06407993,-0.13943866614048733,0.909999979659915,10.679999761283398,0.029044347434027697,0.8075350012167365,0.8365793486507642,0.7612206153787575,0.006518641168156775,8.0
2026-10-07 22:30:00,0.06407993,-0.0925454123770357,0.909999979659915,10.679999761283398,0.029044347434027697,0.8075350012167365,0.8365793486507642,0.8081138691422092,0.006518641168156775,8.0
2026-10-07 22:40:00,0.06407993,-0.044632409467306705,0.909999979659915,10.679999761283398,0.029044347434027697,0.8075350012167365,0.8365793486507642,0.8560268720519382,0.006518641168156775,8.0
2026-10-07 22:50:00,0.06407993,0.004036642729142543,0.909999979659915,10.679999761283398,0.029044347434027697,0.8075350012167365,0.8365793486507642,0.9046959242483874,0.006518641168156775,8.0
2026-10-07 23:00:00,0.06407993,0.05319166038733814,0.909999979659915,10.679999761283398,0.029044347434027697,0.8075350012167365,0.8365793486507642,0.953850941906583,0.006518641168156775,8.0
2026-10-07 23:10:00,0.06407993,0.10255625897856964,0.909999979659915,10.679999761283398,0.029044347434027697,0.8075350012167365,0.8365793486507642,1.0032155404978145,0.006518641168156775,8.0
2026-10-07 23:20:00,0.06407993,0.151847684715817,0.909999979659915,10.679999761283398,0.029044347434027697,0.8075350012167365,0.8365793486507642,1.052506966235062,0.006518641168156775,8.0
2026-10-07 23:30:00,0.06407993,0.20077670319797875,0.909999979659915,10.679999761283398,0.029044347434027697,0.8075350012167365,0.8365793486507642,1.1014359847172237,0.006518641168156775,8.0
2026-10-07 23:40:00,0.06407993,0.2490475759519171,0.909999979659915,10.679999761283398,0.029044347434027697,0.8075350012167365,0.8365793486507642,1.149706857471162,0.006518641168156775,8.0
2026-10-07 23:50:00,0.06407993,0.2963582654454428,0.909999979659915,10.679999761283398,0.029044347434027697,0.8075350012167365,0.8365793486507642,1.1970175469646878,0.006518641168156775,8.0
2026-10-08 00:00:00,0.05268037,0.3424010059974225,0.8999999798834324,10.579999763518572,0.028613869807771863,0.7955662093121536,0.8241800791199254,1.2192614545838911,0.006518641168156775,8.0
2026-10-08 00:10:00,0.05268037,0.38686336142529476,0.8999999798834324,10.579999763518572,0.028613869807771863,0.7955662093121536,0.8241800791199254,1.2637238100117634,0.006518641168156775,8.0
2026-10-08 00:20:00,0.05268037,0.42942986156599616,0.8999999798834324,10.579999763518572,0.028613869807771863,0.7955662093121536,0.8241800791199254,1.3062903101524648,0.006518641168156775,8.0
2026-10-08 00:30:00,0.05268037,0.46978427130865535,0.8999999798834324,10.579999763518572,0.028613869807771863,0.7955662093121536,0.8241800791199254,1.346644719895124,0.006518641168156775,8.0
2026-10-08 00:40:00,0.05268037,0.5076125007013311,0.8999999798834324,10.579999763518572,0.028613869807771863,0.7955662093121536,0.8241800791199254,1.3844729492877996,0.006518641168156775,8.0
2026-10-08 00:50:00,0.05268037,0.5426061171224336,0.8999999798834324,10.579999763518572,0.028613869807771863,0.7955662093121536,0.8241800791199254,1.4194665657089023,0.006518641168156775,8.0
2026-10-08 01:00:00,0.05268037,0.5744663744805621,0.8999999798834324,10.579999763518572,0.028613869807771863,0.7955662093121536,0.8241800791199254,1.4513268230670309,0.006518641168156775,8.0
2026-10-08 01:10:00,0.05268037,0.6029086339978028,0.8999999798834324,10.579999763518572,0.028613869807771863,0.7955662093121536,0.8241800791199254,1.4797690825842715,0.006518641168156775,8.0
2026-10-08 01:20:00,0.05268037,0.6276670196322501,0.8999999798834324,10.579999763518572,0.028613869807771863,0.7955662093121536,0.8241800791199254,1.5045274682187189,0.006518641168156775,8.0
2026-10-08 01:30:00,0.05268037,0.6484991311963976,0.8999999798834324,10.579999763518572,0.028613869807771863,0.7955662093121536,0.8241800791199254,1.525359579782866,0.006518641168156775,8.0
2026-10-08 01:40:00,0.05268037,0.6651906309845701,0.8999999798834324,10.579999763518572,0.028613869807771863,0.7955662093121536,0.8241800791199254,1.5420510795710387,0.006518641168156775,8.0
2026-10-08 01:50:00,0.05268037,0.6775595254218985,0.8999999798834324,10.579999763518572,0.028613869807771863,0.7955662093121536,0.8241800791199254,1.554419974008367,0.006518641168156775,8.0
2026-10-08 02:00:00,0.05268037,0.6854599807663064,0.8999999798834324,10.579999763518572,0.028613869807771863,0.7955662093121536,0.8241800791199254,1.562320429352775,0.006518641168156775,8.0
2026-10-08 02:10:00,0.05268037,0.6887855391221257,0.8999999798834324,10.579999763518572,0.028613869807771863,0.7955662093121536,0.8241800791199254,1.5656459877085944,0.006518641168156775,8.0
2026-10-08 02:20:00,0.05268037,0.6874716350087461,0.8999999798834324,10.579999763518572,0.028613869807771863,0.7955662093121536,0.8241800791199254,1.5643320835952146,0.006518641168156775,8.0
2026-10-08 02:30:00,0.05268037,0.6814973501525874,0.8999999798834324,10.579999763518572,0.028613869807771863,0.7955662093121536,0.8241800791199254,1.558357798739056,0.006518641168156775,8.0
2026-10-08 02:40:00,0.05268037,0.670886381489872,0.8999999798834324,10.579999763518572,0.028613869807771863,0.7955662093121536,0.8241800791199254,1.5477468300763406,0.006518641168156775,8.0
2026-10-08 02:50:00,0.05268037,0.6557072315485265,0.8999999798834324,10.579999763518572,0.028613869807771863,0.7955662093121536,0.8241800791199254,1.5325676801349952,0.006518641168156775,8.0
2026-10-08 03:00:00,0.05268037,0.6360726587022846,0.909999979659915,10.509999765083194,0.02858203104228756,0.7946809796617884,0.8232630107040759,1.5120160388729036,0.006518641168156775,8.0
2026-10-08 03:10:00,0.05268037,0.6121384457131381,0.909999979659915,10.509999765083194,0.02858203104228756,0.7946809796617884,0.8232630107040759,1.4880818258837571,0.006518641168156775,8.0
2026-10-08 03:20:00,0.05268037,0.5841015576591798,0.909999979659915,10.509999765083194,0.02858203104228756,0.7946809796617884,0.8232630107040759,1.460044937829799,0.006518641168156775,8.0
2026-10-08 03:30:00,0.05268037,0.5521977651066786,0.909999979659915,10.509999765083194,0.02858203104228756,0.7946809796617884,0.8232630107040759,1.4281411452772979,0.006518641168156775,8.0
2026-10-08 03:40:00,0.05268037,0.5166988064625112,0.909999979659915,10.509999765083194,0.02858203104228756,0.7946809796617884,0.8232630107040759,1.3926421866331302,0.006518641168156775,8.0
2026-10-08 03:50:00,0.05268037,0.4779091565632432,0.909999979659915,10.509999765083194,0.02858203104228756,0.7946809796617884,0.8232630107040759,1.3538525367338623,0.006518641168156775,8.0
2026-10-08 04:00:00,0.05268037,0.43616245929274305,0.909999979659915,10.509999765083194,0.02858203104228756,0.7946809796617884,0.8232630107040759,1.3121058394633622,0.006518641168156775,8.0
2026-10-08 04:10:00,0.05268037,0.3918176724405313,0.909999979659915,10.509999765083194,0.02858203104228756,0.7946809796617884,0.8232630107040759,1.2677610526111505,0.006518641168156775,8.0
2026-10-08 04:20:00,0.05268037,0.34525496570361586,0.909999979659915,10.509999765083194,0.02858203104228756,0.7946809796617884,0.8232630107040759,1.221198345874235,0.006518641168156775,8.0
2026-10-08 04:30:00,0.05268037,0.2968714089883309,0.909999979659915,10.509999765083194,0.02858203104228756,0.7946809796617884,0.8232630107040759,1.17281478915895,0.006518641168156775,8.0
2026-10-08 04:40:00,0.05268037,0.24707648931302728,0.909999979659915,10.509999765083194,0.02858203104228756,0.7946809796617884,0.8232630107040759,1.1230198694836464,0.006518641168156775,8.0
2026-10-08 04:50:00,0.05268037,0.19628750056703023,0.909999979659915,10.509999765083194,0.02858203104228756,0.7946809796617884,0.8232630107040759,1.0722308807376493,0.006518641168156775,8.0
2026-10-08 05:00:00,0.05268037,0.14492486039409044,0.909999979659915,10.509999765083194,0.02858203104228756,0.7946809796617884,0.8232630107040759,1.0208682405647096,0.006518641168156775,8.0
2026-10-08 05:10:00,0.05268037,0.09340742133650336,0.909999979659915,10.509999765083194,0.02858203104228756,0.7946809796617884,0.8232630107040759,0.9693508015071225,0.006518641168156775,8.0
2026-10-08 05:20:00,0.05268037,0.042147856614090394,0.909999979659915,10.509999765083194,0.02858203104228756,0.7946809796617884,0.8232630107040759,0.9180912367847095,0.006518641168156775,8.0
2026-10-08 05:30:00,0.05268037,-0.00845178732365295,0.909999979659915,10.509999765083194,0.02858203104228756,0.7946809796617884,0.8232630107040759,0.8674915928469662,0.006518641168156775,8.0
2026-10-08 05:40:00,0.05268037,-0.058004271834473306,0.909999979659915,10.509999765083194,0.02858203104228756,0.7946809796617884,0.8232630107040759,0.8179391083361458,0.006518641168156775,8.0
2026-10-08 05:50:00,0.05268037,-0.10614097940381562,0.909999979659915,10.509999765083194,0.02858203104228756,0.7946809796617884,0.8232630107040759,0.7698024007668035,0.006518641168156775,8.0
2026-10-08 06:00:00,0.05268037,-0.15251526385150788,0.9199999794363976,10.389999767765403,0.02841051691782008,0.7899122838243235,0.8183228007421436,0.718487906357179,0.006518641168156775,8.0
2026-10-08 06:10:00,0.05268037,-0.19680525582110972,0.9199999794363976,10.389999767765403,0.02841051691782008,0.7899122838243235,0.8183228007421436,0.674197914387577,0.006518641168156775,8.0
2026-10-08 06:20:00,0.05268037,-0.2387160633266009,0.9199999794363976,10.389999767765403,0.02841051691782008,0.7899122838243235,0.8183228007421436,0.6322871068820859,0.006518641168156775,8.0
2026-10-08 06:30:00,0.05268037,-0.2779813349471012,0.9199999794363976,10.389999767765403,0.02841051691782008,0.7899122838243235,0.8183228007421436,0.5930218352615856,0.006518641168156775,8.0
2026-10-08 06:40:00,0.05268037,-0.314364185072194,0.9199999794363976,10.389999767765403,0.02841051691782008,0.7899122838243235,0.8183228007421436,0.5566389851364928,0.006518641168156775,8.0
2026-10-08 06:50:00,0.05268037,-0.3476575140133752,0.9199999794363976,10.389999767765403,0.02841051691782008,0.7899122838243235,0.8183228007421436,0.5233456561953116,0.006518641168156775,8.0
2026-10-08 07:00:00,0.05268037,-0.37768378744905073,0.9199999794363976,10.389999767765403,0.02841051691782008,0.7899122838243235,0.8183228007421436,0.49331938275963605,0.006518641168156775,8.0
2026-10-08 07:10:00,0.05268037,-0.40429436674796515,0.9199999794363976,10.389999767765403,0.02841051691782008,0.7899122838243235,0.8183228007421436,0.46670880346072163,0.006518641168156775,8.0
2026-10-08 07:20:00,0.05268037,-0.4273685013562434,0.9199999794363976,10.389999767765403,0.02841051691782008,0.7899122838243235,0.8183228007421436,0.4436346688524434,0.006518641168156775,8.0
2026-10-08 07:30:00,0.05268037,-0.44681210475416616,0.9199999794363976,10.389999767765403,0.02841051691782008,0.7899122838243235,0.8183228007421436,0.4241910654545206,0.006518641168156775,8.0
2026-10-08 07:40:00,0.05268037,-0.46255643531583396,0.9199999794363976,10.389999767765403,0.02841051691782008,0.7899122838243235,0.8183228007421436,0.4084467348928528,0.006518641168156775,8.0
2026-10-08 07:50:00,0.05268037,-0.4745567927703524,0.9199999794363976,10.389999767765403,0.02841051691782008,0.7899122838243235,0.8183228007421436,0.3964463774383344,0.006518641168156775,8.0
2026-10-08 08:00:00,0.05268037,-0.4827913208977613,0.9199999794363976,10.389999767765403,0.02841051691782008,0.7899122838243235,0.8183228007421436,0.3882118493109255,0.006518641168156775,8.0
2026-10-08 08:10:00,0.05268037,-0.48725997971987783,0.9199999794363976,10.389999767765403,0.02841051691782008,0.7899122838243235,0.8183228007421436,0.38374319048880895,0.006518641168156775,8.0
2026-10-08 08:20:00,0.05268037,-0.4879837185659032,0.9199999794363976,10.389999767765403,0.02841051691782008,0.7899122838243235,0.8183228007421436,0.38301945164278356,0.006518641168156775,8.0
2026-10-08 08:30:00,0.05268037,-0.48500384846907474,0.9199999794363976,10.389999767765403,0.02841051691782008,0.7899122838243235,0.8183228007421436,0.38599932173961204,0.006518641168156775,8.0
2026-10-08 08:40:00,0.05268037,-0.4783815817570776,0.9199999794363976,10.389999767765403,0.02841051691782008,0.7899122838243235,0.8183228007421436,0.39262158845160916,0.006518641168156775,8.0
2026-10-08 08:50:00,0.05268037,-0.4681976818132153,0.9199999794363976,10.389999767765403,0.02841051691782008,0.7899122838243235,0.8183228007421436,0.4028054883954715,0.006518641168156775,8.0
2026-10-08 09:00:00,0.05268037,-0.45455214935007887,0.9299999792128801,10.249999770894647,0.028179612321401936,0.7834923240034664,0.8116719363248683,0.40980015644133266,0.006518641168156775,8.0
2026-10-08 09:10:00,0.05268037,-0.4375638649281849,0.9299999792128801,10.249999770894647,0.028179612321401936,0.7834923240034664,0.8116719363248683,0.42678844086322665,0.006518641168156775,8.0
2026-10-08 09:20:00,0.05268037,-0.4173701115366518,0.9299999792128801,10.249999770894647,0.028179612321401936,0.7834923240034664,0.8116719363248683,0.4469821942547597,0.006518641168156775,8.0
2026-10-08 09:30:00,0.05268037,-0.39412591512580036,0.9299999792128801,10.249999770894647,0.028179612321401936,0.7834923240034664,0.8116719363248683,0.47022639066561117,0.006518641168156775,8.0
2026-10-08 09:40:00,0.05268037,-0.3680031635873226,0.9299999792128801,10.249999770894647,0.028179612321401936,0.7834923240034664,0.8116719363248683,0.49634914220408893,0.006518641168156775,8.0
2026-10-08 09:50:00,0.05268037,-0.3391894928135257,0.9299999792128801,10.249999770894647,0.028179612321401936,0.7834923240034664,0.8116719363248683,0.5251628129778858,0.006518641168156775,8.0
2026-10-08 10:00:00,0.05268037,-0.3078869591548867,0.9299999792128801,10.249999770894647,0.028179612321401936,0.7834923240034664,0.8116719363248683,0.5564653466365248,0.006518641168156775,8.0
2026-10-08 10:10:00,0.05268037,-0.27431054678146993,0.9299999792128801,10.249999770894647,0.028179612321401936,0.7834923240034664,0.8116719363248683,0.5900417590099416,0.006518641168156775,8.0
2026-10-08 10:20:00,0.05268037,-0.23868658293424877,0.9299999792128801,10.249999770894647,0.028179612321401936,0.7834923240034664,0.8116719363248683,0.6256657228571627,0.006518641168156775,8.0
2026-10-08 10:30:00,0.05268037,-0.20125115036006883,0.9299999792128801,10.249999770894647,0.028179612321401936,0.7834923240034664,0.8116719363248683,0.6631011554313427,0.006518641168156775,8.0
2026-10-08 10:40:00,0.05268037,-0.16224859240328904,0.9299999792128801,10.249999770894647,0.028179612321401936,0.7834923240034664,0.8116719363248683,0.7021037133881225,0.006518641168156775,8.0
2026-10-08 10:50:00,0.05268037,-0.12193020093505426,0.9299999792128801,10.249999770894647,0.028179612321401936,0.7834923240034664,0.8116719363248683,0.7424221048563573,0.006518641168156775,8.0
2026-10-08 11:00:00,0.05268037,-0.08055316058252451,0.9299999792128801,10.249999770894647,0.028179612321401936,0.7834923240034664,0.8116719363248683,0.783799145208887,0.006518641168156775,8.0
2026-10-08 11:10:00,0.05268037,-0.038379796174183765,0.9299999792128801,10.249999770894647,0.028179612321401936,0.7834923240034664,0.8116719363248683,0.8259725096172278,0.006518641168156775,8.0
2026-10-08 11:20:00,0.05268037,0.004322864035132421,0.9299999792128801,10.249999770894647,0.028179612321401936,0.7834923240034664,0.8116719363248683,0.8686751698265439,0.006518641168156775,8.0
2026-10-08 11:30:00,0.05268037,0.04728323497788518,0.9299999792128801,10.249999770894647,0.028179612321401936,0.7834923240034664,0.8116719363248683,0.9116355407692968,0.006518641168156775,8.0
2026-10-08 11:40:00,0.05268037,0.09022509564281952,0.9299999792128801,10.249999770894647,0.028179612321401936,0.7834923240034664,0.8116719363248683,0.9545774014342311,0.006518641168156775,8.0
2026-10-08 11:50:00,0.05268037,0.13286738328528758,0.9299999792128801,10.249999770894647,0.028179612321401936,0.7834923240034664,0.8116719363248683,0.9972196890766991,0.006518641168156775,8.0
2026-10-08 12:00:00,0.05268037,0.17492398741041312,0.9399999789893627,15.659999649971724,0.043283797733397036,1.203441796538813,1.24672559427221,1.4743299511491663,0.006518641168156775,8.0
2026-10-08 12:10:00,0.05268037,0.2161036864827405,0.9399999789893627,15.659999649971724,0.043283797733397036,1.203441796538813,1.24672559427221,1.5155096502214938,0.006518641168156775,8.0
2026-10-08 12:20:00,0.05268037,0.25611037414603083,0.9399999789893627,15.659999649971724,0.043283797733397036,1.203441796538813,1.24672559427221,1.555516337884784,0.006518641168156775,8.0
2026-10-08 12:30:00,0.05268037,0.29464371202402695,0.9399999789893627,15.659999649971724,0.043283797733397036,1.203441796538813,1.24672559427221,1.59404967576278,0.006518641168156775,8.0
2026-10-08 12:40:00,0.05268037,0.3314003231922056,0.9399999789893627,15.659999649971724,0.043283797733397036,1.203441796538813,1.24672559427221,1.6308062869309587,0.006518641168156775,8.0
2026-10-08 12:50:00,0.05268037,0.3660756062776603,0.9399999789893627,15.659999649971724,0.043283797733397036,1.203441796538813,1.24672559427221,1.6654815700164134,0.006518641168156775,8.0
2026-10-08 13:00:00,0.05268037,0.3983662072358789,0.9399999789893627,15.659999649971724,0.043283797733397036,1.203441796538813,1.24672559427221,1.697772170974632,0.006518641168156775,8.0
2026-10-08 13:10:00,0.05268037,0.42797313843976165,0.9399999789893627,15.659999649971724,0.043283797733397036,1.203441796538813,1.24672559427221,1.7273791021785148,0.006518641168156775,8.0
2026-10-08 13:20:00,0.05268037,0.4546054863025608,0.9399999789893627,15.659999649971724,0.043283797733397036,1.203441796538813,1.24672559427221,1.754011450041314,0.006518641168156775,8.0
2026-10-08 13:30:00,0.05268037,0.4779846039321208,0.9399999789893627,15.659999649971724,0.043283797733397036,1.203441796538813,1.24672559427221,1.7773905676708739,0.006518641168156775,8.0
2026-10-08 13:40:00,0.05268037,0.49784864768125225,0.9399999789893627,15.659999649971724,0.043283797733397036,1.203441796538813,1.24672559427221,1.7972546114200054,0.006518641168156775,8.0
2026-10-08 13:50:00,0.05268037,0.5139572891415951,0.9399999789893627,15.659999649971724,0.043283797733397036,1.203441796538813,1.24672559427221,1.8133632528803483,0.006518641168156775,8.0
2026-10-08 14:00:00,0.05268037,0.5260964190708896,0.9399999789893627,15.659999649971724,0.043283797733397036,1.203441796538813,1.24672559427221,1.8255023828096428,0.006518641168156775,8.0
2026-10-08 14:10:00,0.05268037,0.534082657709456,0.9399999789893627,15.659999649971724,0.043283797733397036,1.203441796538813,1.24672559427221,1.8334886214482091,0.006518641168156775,8.0
2026-10-08 14:20:00,0.05268037,0.5377674965711067,0.9399999789893627,15.659999649971724,0.043283797733397036,1.203441796538813,1.24672559427221,1.83717346030986,0.006518641168156775,8.0
2026-10-08 14:30:00,0.05268037,0.5370409184377919,0.9399999789893627,15.659999649971724,0.043283797733397036,1.203441796538813,1.24672559427221,1.8364468821765452,0.006518641168156775,8.0
2026-10-08 14:40:00,0.05268037,0.5318343724620878,0.9399999789893627,15.659999649971724,0.043283797733397036,1.203441796538813,1.24672559427221,1.831240336200841,0.006518641168156775,8.0
2026-10-08 14:50:00,0.05268037,0.5221230168265654,0.9399999789893627,15.659999649971724,0.043283797733397036,1.203441796538813,1.24672559427221,1.8215289805653185,0.006518641168156775,8.0
2026-10-08 15:00:00,0.05268037,0.5079271788498931,0.9899999778717756,17.54999960772693,0.04978108895088724,1.3840893419222708,1.433870430873158,1.9944779791895944,0.006518641168156775,8.0
2026-10-08 15:10:00,0.05268037,0.4893130184660777,0.9899999778717756,17.54999960772693,0.04978108895088724,1.3840893419222708,1.433870430873158,1.9758638188057789,0.006518641168156775,8.0
2026-10-08 15:20:00,0.05268037,0.4663924127177558,0.9899999778717756,17.54999960772693,0.04978108895088724,1.3840893419222708,1.433870430873158,1.9529432130574569,0.006518641168156775,8.0
2026-10-08 15:30:00,0.05268037,0.4393221040491884,0.9899999778717756,17.54999960772693,0.04978108895088724,1.3840893419222708,1.433870430873158,1.9258729043888896,0.006518641168156775,8.0
2026-10-08 15:40:00,0.05268037,0.4083021727050184,0.9899999778717756,17.54999960772693,0.04978108895088724,1.3840893419222708,1.433870430873158,1.8948529730447197,0.006518641168156775,8.0
2026-10-08 15:50:00,0.05268037,0.3735739028389702,0.9899999778717756,17.54999960772693,0.04978108895088724,1.3840893419222708,1.433870430873158,1.8601247031786714,0.006518641168156775,8.0
2026-10-08 16:00:00,0.05268037,0.33541711427193627,0.9899999778717756,17.54999960772693,0.04978108895088724,1.3840893419222708,1.433870430873158,1.8219679146116374,0.006518641168156775,8.0
2026-10-08 16:10:00,0.05268037,0.29414702795297515,0.9899999778717756,17.54999960772693,0.04978108895088724,1.3840893419222708,1.433870430873158,1.7806978282926764,0.006518641168156775,8.0
2026-10-08 16:20:00,0.05268037,0.25011072617602087,0.9899999778717756,17.54999960772693,0.04978108895088724,1.3840893419222708,1.433870430873158,1.7366615265157221,0.006518641168156775,8.0
2026-10-08 16:30:00,0.05268037,0.20368325976287074,0.9899999778717756,17.54999960772693,0.04978108895088724,1.3840893419222708,1.433870430873158,1.690234060102572,0.006518641168156775,8.0
2026-10-08 16:40:00,0.05268037,0.1552634470275993,0.9899999778717756,17.54999960772693,0.04978108895088724,1.3840893419222708,1.433870430873158,1.6418142473673005,0.006518641168156775,8.0
2026-10-08 16:50:00,0.05268037,0.10526940473411887,0.9899999778717756,17.54999960772693,0.04978108895088724,1.3840893419222708,1.433870430873158,1.5918202050738202,0.006518641168156775,8.0
2026-10-08 17:00:00,0.05268037,0.054133850887854565,0.9899999778717756,17.54999960772693,0.04978108895088724,1.3840893419222708,1.433870430873158,1.5406846512275558,0.006518641168156775,8.0
2026-10-08 17:10:00,0.05268037,0.0022992240097670113,0.9899999778717756,17.54999960772693,0.04978108895088724,1.3840893419222708,1.433870430873158,1.4888500243494682,0.006518641168156775,8.0
2026-10-08 17:20:00,0.05268037,-0.04978732758224475,0.9899999778717756,17.54999960772693,0.04978108895088724,1.3840893419222708,1.433870430873158,1.4367634727574565,0.006518641168156775,8.0
2026-10-08 17:30:00,0.05268037,-0.101679020097047,0.9899999778717756,17.54999960772693,0.04978108895088724,1.3840893419222708,1.433870430873158,1.3848717802426542,0.006518641168156775,8.0
2026-10-08 17:40:00,0.05268037,-0.15293449195605333,0.9899999778717756,17.54999960772693,0.04978108895088724,1.3840893419222708,1.433870430873158,1.3336163083836479,0.006518641168156775,8.0
2026-10-08 17:50:00,0.05268037,-0.2031227508235909,0.9899999778717756,17.54999960772693,0.04978108895088724,1.3840893419222708,1.433870430873158,1.2834280495161103,0.006518641168156775,8.0
2026-10-08 18:00:00,0.05268037,-0.25182790565049856,1.0399999767541885,17.34999961219728,0.05044124799469476,1.4024440849735738,1.4528853329682685,1.253737796784313,0.006518641168156775,8.0
2026-10-08 18:10:00,0.05268037,-0.29865357407816523,1.0399999767541885,17.34999961219728,0.05044124799469476,1.4024440849735738,1.4528853329682685,1.2069121283566464,0.006518641168156775,8.0
2026-10-08 18:20:00,0.05268037,-0.3432268573010379,1.0399999767541885,17.34999961219728,0.05044124799469476,1.4024440849735738,1.4528853329682685,1.1623388451337737,0.006518641168156775,8.0
2026-10-08 18:30:00,0.05268037,-0.3852017843166403,1.0399999767541885,17.34999961219728,0.05044124799469476,1.4024440849735738,1.4528853329682685,1.1203639181181715,0.006518641168156775,8.0
2026-10-08 18:40:00,0.05268037,-0.42426214527743533,1.0399999767541885,17.34999961219728,0.05044124799469476,1.4024440849735738,1.4528853329682685,1.0813035571573764,0.006518641168156775,8.0
2026-10-08 18:50:00,0.05268037,-0.4601236590042651,1.0399999767541885,17.34999961219728,0.05044124799469476,1.4024440849735738,1.4528853329682685,1.0454420434305467,0.006518641168156775,8.0
2026-10-08 19:00:00,0.05268037,-0.4925354503234594,1.0399999767541885,17.34999961219728,0.05044124799469476,1.4024440849735738,1.4528853329682685,1.0130302521113523,0.006518641168156775,8.0
2026-10-08 19:10:00,0.05268037,-0.5212808469868162,1.0399999767541885,17.34999961219728,0.05044124799469476,1.4024440849735738,1.4528853329682685,0.9842848554479955,0.006518641168156775,8.0
2026-10-08 19:20:00,0.05268037,-0.546177539757891,1.0399999767541885,17.34999961219728,0.05044124799469476,1.4024440849735738,1.4528853329682685,0.9593881626769207,0.006518641168156775,8.0
2026-10-08 19:30:00,0.05268037,-0.5670771804813155,1.0399999767541885,17.34999961219728,0.05044124799469476,1.4024440849735738,1.4528853329682685,0.9384885219534962,0.006518641168156775,8.0
2026-10-08 19:40:00,0.05268037,-0.5838645179670785,1.0399999767541885,17.34999961219728,0.05044124799469476,1.4024440849735738,1.4528853329682685,0.9217011844677332,0.006518641168156775,8.0
2026-10-08 19:50:00,0.05268037,-0.5964561883477062,1.0399999767541885,17.34999961219728,0.05044124799469476,1.4024440849735738,1.4528853329682685,0.9091095140871055,0.006518641168156775,8.0
2026-10-08 20:00:00,0.05268037,-0.6047992833323388,1.0399999767541885,17.34999961219728,0.05044124799469476,1.4024440849735738,1.4528853329682685,0.9007664191024729,0.006518641168156775,8.0
2026-10-08 20:10:00,0.05268037,-0.608869815942276,1.0399999767541885,17.34999961219728,0.05044124799469476,1.4024440849735738,1.4528853329682685,0.8966958864925357,0.006518641168156775,8.0
2026-10-08 20:20:00,0.05268037,-0.608671189327326,1.0399999767541885,17.34999961219728,0.05044124799469476,1.4024440849735738,1.4528853329682685,0.8968945131074857,0.006518641168156775,8.0
2026-10-08 20:30:00,0.05268037,-0.6042327516542693,1.0399999767541885,17.34999961219728,0.05044124799469476,1.4024440849735738,1.4528853329682685,0.9013329507805424,0.006518641168156775,8.0
2026-10-08 20:40:00,0.05268037,-0.595608491278075,1.0399999767541885,17.34999961219728,0.05044124799469476,1.4024440849735738,1.4528853329682685,0.9099572111567367,0.006518641168156775,8.0
2026-10-08 20:50:00,0.05268037,-0.5828758946182984,1.0399999767541885,17.34999961219728,0.05044124799469476,1.4024440849735738,1.4528853329682685,0.9226898078165133,0.006518641168156775,8.0
2026-10-08 21:00:00,0.05268037,-0.5661349577206793,1.0699999760836363,17.139999616891146,0.05054432264010179,1.4053099226066363,1.4558542452467382,0.9423996569926021,0.006518641168156775,8.0
2026-10-08 21:10:00,0.05268037,-0.5455073149076314,1.0699999760836363,17.139999616891146,0.05054432264010179,1.4053099226066363,1.4558542452467382,0.96302729980565,0.006518641168156775,8.0
2026-10-08 21:20:00,0.05268037,-0.5211354271244996,1.0699999760836363,17.139999616891146,0.05054432264010179,1.4053099226066363,1.4558542452467382,0.9873991875887819,0.006518641168156775,8.0
2026-10-08 21:30:00,0.05268037,-0.49318176078477266,1.0699999760836363,17.139999616891146,0.05054432264010179,1.4053099226066363,1.4558542452467382,1.0153528539285088,0.006518641168156775,8.0
2026-10-08 21:40:00,0.05268037,-0.46182788645325124,1.0699999760836363,17.139999616891146,0.05054432264010179,1.4053099226066363,1.4558542452467382,1.0467067282600302,0.006518641168156775,8.0
2026-10-08 21:50:00,0.05268037,-0.42727343540142865,1.0699999760836363,17.139999616891146,0.05054432264010179,1.4053099226066363,1.4558542452467382,1.0812611793118527,0.006518641168156775,8.0
2026-10-08 22:00:00,0.05268037,-0.3897348702004843,1.0699999760836363,17.139999616891146,0.05054432264010179,1.4053099226066363,1.4558542452467382,1.118799744512797,0.006518641168156775,8.0
2026-10-08 22:10:00,0.05268037,-0.3494440503434136,1.0699999760836363,17.139999616891146,0.05054432264010179,1.4053099226066363,1.4558542452467382,1.159090564369868,0.006518641168156775,8.0
2026-10-08 22:20:00,0.05268037,-0.30664660307618913,1.0699999760836363,17.139999616891146,0.05054432264010179,1.4053099226066363,1.4558542452467382,1.2018880116370922,0.006518641168156775,8.0
2026-10-08 22:30:00,0.05268037,-0.26160013895077483,1.0699999760836363,17.139999616891146,0.05054432264010179,1.4053099226066363,1.4558542452467382,1.2469344757625067,0.006518641168156775,8.0
2026-10-08 22:40:00,0.05268037,-0.2145723779808463,1.0699999760836363,17.139999616891146,0.05054432264010179,1.4053099226066363,1.4558542452467382,1.293962236732435,0.006518641168156775,8.0
2026-10-08 22:50:00,0.05268037,-0.1658392720160392,1.0699999760836363,17.139999616891146,0.05054432264010179,1.4053099226066363,1.4558542452467382,1.3426953426972421,0.006518641168156775,8.0
2026-10-08 23:00:00,0.05268037,-0.11568321936694682,1.0699999760836363,17.139999616891146,0.05054432264010179,1.4053099226066363,1.4558542452467382,1.3928513953463346,0.006518641168156775,8.0
2026-10-08 23:10:00,0.05268037,-0.06439146728567897,1.0699999760836363,17.139999616891146,0.05054432264010179,1.4053099226066363,1.4558542452467382,1.4441431474276025,0.006518641168156775,8.0
2026-10-08 23:20:00,0.05268037,-0.012254785693570188,1.0699999760836363,17.139999616891146,0.05054432264010179,1.4053099226066363,1.4558542452467382,1.4962798290197112,0.006518641168156775,8.0
2026-10-08 23:30:00,0.05268037,0.04043352715627987,1.0699999760836363,17.139999616891146,0.05054432264010179,1.4053099226066363,1.4558542452467382,1.5489681418695613,0.006518641168156775,8.0
2026-10-08 23:40:00,0.05268037,0.09337827843719528,1.0699999760836363,17.139999616891146,0.05054432264010179,1.4053099226066363,1.4558542452467382,1.6019128931504767,0.006518641168156775,8.0
2026-10-08 23:50:00,0.05268037,0.14628266270372164,1.0699999760836363,17.139999616891146,0.05054432264010179,1.4053099226066363,1.4558542452467382,1.6548172774170031,0.006518641168156775,8.0
2026-10-09 00:00:00,0.048119374,0.1988482410326123,1.0899999756366014,16.95999962091446,0.05047877083884366,1.403487352000463,1.4539661228393066,1.7009337374914753,0.006518641168156775,8.0
2026-10-09 00:10:00,0.048119374,0.25077470417376196,1.0899999756366014,16.95999962091446,0.05047877083884366,1.403487352000463,1.4539661228393066,1.752860200632625,0.006518641168156775,8.0
2026-10-09 00:20:00,0.048119374,0.30175953893975566,1.0899999756366014,16.95999962091446,0.05047877083884366,1.403487352000463,1.4539661228393066,1.8038450353986186,0.006518641168156775,8.0
2026-10-09 00:30:00,0.048119374,0.35149773992148897,1.0899999756366014,16.95999962091446,0.05047877083884366,1.403487352000463,1.4539661228393066,1.853583236380352,0.006518641168156775,8.0
2026-10-09 00:40:00,0.048119374,0.39968171947173536,1.0899999756366014,16.95999962091446,0.05047877083884366,1.403487352000463,1.4539661228393066,1.9017672159305983,0.006518641168156775,8.0
2026-10-09 00:50:00,0.048119374,0.4460015664111088,1.0899999756366014,16.95999962091446,0.05047877083884366,1.403487352000463,1.4539661228393066,1.9480870628699718,0.006518641168156775,8.0
2026-10-09 01:00:00,0.048119374,0.4901457873975996,1.0899999756366014,16.95999962091446,0.05047877083884366,1.403487352000463,1.4539661228393066,1.9922312838564626,0.006518641168156775,8.0
2026-10-09 01:10:00,0.048119374,0.5318026361298096,1.0899999756366014,16.95999962091446,0.05047877083884366,1.403487352000463,1.4539661228393066,2.0338881325886726,0.006518641168156775,8.0
2026-10-09 01:20:00,0.048119374,0.5706620960864855,1.0899999756366014,16.95999962091446,0.05047877083884366,1.403487352000463,1.4539661228393066,2.0727475925453485,0.006518641168156775,8.0
2026-10-09 01:30:00,0.048119374,0.6064185364257367,1.0899999756366014,16.95999962091446,0.05047877083884366,1.403487352000463,1.4539661228393066,2.1085040328846,0.006518641168156775,8.0
2026-10-09 01:40:00,0.048119374,0.6387740112559552,1.0899999756366014,16.95999962091446,0.05047877083884366,1.403487352000463,1.4539661228393066,2.1408595077148185,0.006518641168156775,8.0
2026-10-09 01:50:00,0.048119374,0.6674421245078425,1.0899999756366014,16.95999962091446,0.05047877083884366,1.403487352000463,1.4539661228393066,2.1695276209667056,0.006518641168156775,8.0
2026-10-09 02:00:00,0.048119374,0.6921523397781006,1.0899999756366014,16.95999962091446,0.05047877083884366,1.403487352000463,1.4539661228393066,2.1942378362369634,0.006518641168156775,8.0
2026-10-09 02:10:00,0.048119374,0.7126545804196789,1.0899999756366014,16.95999962091446,0.05047877083884366,1.403487352000463,1.4539661228393066,2.2147400768785417,0.006518641168156775,8.0
2026-10-09 02:20:00,0.048119374,0.7287239424568723,1.0899999756366014,16.95999962091446,0.05047877083884366,1.403487352000463,1.4539661228393066,2.2308094389157356,0.006518641168156775,8.0
2026-10-09 02:30:00,0.048119374,0.7401653329220593,1.0899999756366014,16.95999962091446,0.05047877083884366,1.403487352000463,1.4539661228393066,2.2422508293809225,0.006518641168156775,8.0
2026-10-09 02:40:00,0.048119374,0.746817849400168,1.0899999756366014,16.95999962091446,0.05047877083884366,1.403487352000463,1.4539661228393066,2.248903345859031,0.006518641168156775,8.0
2026-10-09 02:50:00,0.048119374,0.7485587317449357,1.0899999756366014,16.95999962091446,0.05047877083884366,1.403487352000463,1.4539661228393066,2.250644228203799,0.006518641168156775,8.0
2026-10-09 03:00:00,0.048119374,0.7453067422270242,1.1099999751895666,16.559999629855156,0.04973836399016481,1.3829014377599433,1.432639801750108,2.2260659175966886,0.006518641168156775,8.0
2026-10-09 03:10:00,0.048119374,0.7370248628605134,1.1099999751895666,16.559999629855156,0.04973836399016481,1.3829014377599433,1.432639801750108,2.217784038230178,0.006518641168156775,8.0
2026-10-09 03:20:00,0.048119374,0.7237222350169582,1.1099999751895666,16.559999629855156,0.04973836399016481,1.3829014377599433,1.432639801750108,2.204481410386623,0.006518641168156775,8.0
2026-10-09 03:30:00,0.048119374,0.7054553032983423,1.1099999751895666,16.559999629855156,0.04973836399016481,1.3829014377599433,1.432639801750108,2.1862144786680067,0.006518641168156775,8.0
2026-10-09 03:40:00,0.048119374,0.682328159775775,1.1099999751895666,16.559999629855156,0.04973836399016481,1.3829014377599433,1.432639801750108,2.1630873351454394,0.006518641168156775,8.0
2026-10-09 03:50:00,0.048119374,0.6544921135288179,1.1099999751895666,16.559999629855156,0.04973836399016481,1.3829014377599433,1.432639801750108,2.1352512888984823,0.006518641168156775,8.0
2026-10-09 04:00:00,0.048119374,0.6221445323234112,1.1099999751895666,16.559999629855156,0.04973836399016481,1.3829014377599433,1.432639801750108,2.1029037076930757,0.006518641168156775,8.0
2026-10-09 04:10:00,0.048119374,0.585527017143355,1.1099999751895666,16.559999629855156,0.04973836399016481,1.3829014377599433,1.432639801750108,2.0662861925130196,0.006518641168156775,8.0
2026-10-09 04:20:00,0.048119374,0.544922976862191,1.1099999751895666,16.559999629855156,0.04973836399016481,1.3829014377599433,1.432639801750108,2.0256821522318553,0.006518641168156775,8.0
2026-10-09 04:30:00,0.048119374,0.5006546700368726,1.1099999751895666,16.559999629855156,0.04973836399016481,1.3829014377599433,1.432639801750108,1.981413845406537,0.006518641168156775,8.0
2026-10-09 04:40:00,0.048119374,0.4530797762181601,1.1099999751895666,16.559999629855156,0.04973836399016481,1.3829014377599433,1.432639801750108,1.9338389515878247,0.006518641168156775,8.0
2026-10-09 04:50:00,0.048119374,0.40258755182407846,1.1099999751895666,16.559999629855156,0.04973836399016481,1.3829014377599433,1.432639801750108,1.883346727193743,0.006518641168156775,8.0
2026-10-09 05:00:00,0.048119374,0.349594618342314,1.1099999751895666,16.559999629855156,0.04973836399016481,1.3829014377599433,1.432639801750108,1.8303537937119785,0.006518641168156775,8.0
2026-10-09 05:10:00,0.048119374,0.294540425470115,1.1099999751895666,16.559999629855156,0.04973836399016481,1.3829014377599433,1.432639801750108,1.7752996008397794,0.006518641168156775,8.0
2026-10-09 05:20:00,0.048119374,0.237882430131944,1.1099999751895666,16.559999629855156,0.04973836399016481,1.3829014377599433,1.432639801750108,1.7186416055016085,0.006518641168156775,8.0
2026-10-09 05:30:00,0.048119374,0.1800910357029936,1.1099999751895666,16.559999629855156,0.04973836399016481,1.3829014377599433,1.432639801750108,1.6608502110726582,0.006518641168156775,8.0
2026-10-09 05:40:00,0.048119374,0.12164434339844732,1.1099999751895666,16.559999629855156,0.04973836399016481,1.3829014377599433,1.432639801750108,1.6024035187681118,0.006518641168156775,8.0
2026-10-09 05:50:00,0.048119374,0.06302278006611023,1.1099999751895666,16.559999629855156,0.04973836399016481,1.3829014377599433,1.432639801750108,1.5437819554357748,0.006518641168156775,8.0
2026-10-09 06:00:00,0.048119374,0.004703680742137213,1.1199999749660492,16.179999638348818,0.04881543941460343,1.3572408888375824,1.4060563282521858,1.4588793826138795,0.006518641168156775,8.0
2026-10-09 06:10:00,0.048119374,-0.052844080477129414,1.1199999749660492,16.179999638348818,0.04881543941460343,1.3572408888375824,1.4060563282521858,1.4013316213946128,0.006518641168156775,8.0
2026-10-09 06:20:00,0.048119374,-0.1091653049813148,1.1199999749660492,16.179999638348818,0.04881543941460343,1.3572408888375824,1.4060563282521858,1.3450103968904275,0.006518641168156775,8.0
2026-10-09 06:30:00,0.048119374,-0.16382341453645188,1.1199999749660492,16.179999638348818,0.04881543941460343,1.3572408888375824,1.4060563282521858,1.2903522873352904,0.006518641168156775,8.0
2026-10-09 06:40:00,0.048119374,-0.21640500925666387,1.1199999749660492,16.179999638348818,0.04881543941460343,1.3572408888375824,1.4060563282521858,1.2377706926150784,0.006518641168156775,8.0
2026-10-09 06:50:00,0.048119374,-0.2665239268228667,1.1199999749660492,16.179999638348818,0.04881543941460343,1.3572408888375824,1.4060563282521858,1.1876517750488755,0.006518641168156775,8.0
2026-10-09 07:00:00,0.048119374,-0.31382470497382053,1.1199999749660492,16.179999638348818,0.04881543941460343,1.3572408888375824,1.4060563282521858,1.1403509968979217,0.006518641168156775,8.0
2026-10-09 07:10:00,0.048119374,-0.3579853713043323,1.1199999749660492,16.179999638348818,0.04881543941460343,1.3572408888375824,1.4060563282521858,1.0961903305674099,0.006518641168156775,8.0
2026-10-09 07:20:00,0.048119374,-0.39871951297443675,1.1199999749660492,16.179999638348818,0.04881543941460343,1.3572408888375824,1.4060563282521858,1.0554561888973055,0.006518641168156775,8.0
2026-10-09 07:30:00,0.048119374,-0.4357776124573768,1.1199999749660492,16.179999638348818,0.04881543941460343,1.3572408888375824,1.4060563282521858,1.0183980894143656,0.006518641168156775,8.0
2026-10-09 07:40:00,0.048119374,-0.46894767055867065,1.1199999749660492,16.179999638348818,0.04881543941460343,1.3572408888375824,1.4060563282521858,0.9852280313130717,0.006518641168156775,8.0
2026-10-09 07:50:00,0.048119374,-0.49805517210119077,1.1199999749660492,16.179999638348818,0.04881543941460343,1.3572408888375824,1.4060563282521858,0.9561205297705515,0.006518641168156775,8.0
2026-10-09 08:00:00,0.048119374,-0.5229624793257178,1.1199999749660492,16.179999638348818,0.04881543941460343,1.3572408888375824,1.4060563282521858,0.9312132225460245,0.006518641168156775,8.0
2026-10-09 08:10:00,0.048119374,-0.5435677607288979,1.1199999749660492,16.179999638348818,0.04881543941460343,1.3572408888375824,1.4060563282521858,0.9106079411428444,0.006518641168156775,8.0
2026-10-09 08:20:00,0.048119374,-0.5598035764686443,1.1199999749660492,16.179999638348818,0.04881543941460343,1.3572408888375824,1.4060563282521858,0.894372125403098,0.006518641168156775,8.0
2026-10-09 08:30:00,0.048119374,-0.5716352444853721,1.1199999749660492,16.179999638348818,0.04881543941460343,1.3572408888375824,1.4060563282521858,0.8825404573863702,0.006518641168156775,8.0
2026-10-09 08:40:00,0.048119374,-0.5790591039286673,1.1199999749660492,16.179999638348818,0.04881543941460343,1.3572408888375824,1.4060563282521858,0.875116597943075,0.006518641168156775,8.0
2026-10-09 08:50:00,0.048119374,-0.5821007753567249,1.1199999749660492,16.179999638348818,0.04881543941460343,1.3572408888375824,1.4060563282521858,0.8720749265150174,0.006518641168156775,8.0
2026-10-09 09:00:00,0.048119374,-0.5808134923363362,1.1299999747425318,15.929999643936753,0.04827526560753557,1.3422221573292015,1.390497422936737,0.8578033042199573,0.006518641168156775,8.0
2026-10-09 09:10:00,0.048119374,-0.5752765494854296,1.1299999747425318,15.929999643936753,0.04827526560753557,1.3422221573292015,1.390497422936737,0.8633402470708639,0.006518641168156775,8.0
2026-10-09 09:20:00,0.048119374,-0.5655938807332416,1.1299999747425318,15.929999643936753,0.04827526560753557,1.3422221573292015,1.390497422936737,0.8730229158230519,0.006518641168156775,8.0
2026-10-09 09:30:00,0.048119374,-0.5518927522833543,1.1299999747425318,15.929999643936753,0.04827526560753557,1.3422221573292015,1.390497422936737,0.8867240442729392,0.006518641168156775,8.0
2026-10-09 09:40:00,0.048119374,-0.5343225305856324,1.1299999747425318,15.929999643936753,0.04827526560753557,1.3422221573292015,1.390497422936737,0.9042942659706611,0.006518641168156775,8.0
2026-10-09 09:50:00,0.048119374,-0.5130534691328418,1.1299999747425318,15.929999643936753,0.04827526560753557,1.3422221573292015,1.390497422936737,0.9255633274234517,0.006518641168156775,8.0
2026-10-09 10:00:00,0.048119374,-0.48827545116766163,1.1299999747425318,15.929999643936753,0.04827526560753557,1.3422221573292015,1.390497422936737,0.9503413453886318,0.006518641168156775,8.0
2026-10-09 10:10:00,0.048119374,-0.46019662854195226,1.1299999747425318,15.929999643936753,0.04827526560753557,1.3422221573292015,1.390497422936737,0.9784201680143412,0.006518641168156775,8.0
2026-10-09 10:20:00,0.048119374,-0.42904191028846006,1.1299999747425318,15.929999643936753,0.04827526560753557,1.3422221573292015,1.390497422936737,1.0095748862678335,0.006518641168156775,8.0
2026-10-09 10:30:00,0.048119374,-0.39505127538332063,1.1299999747425318,15.929999643936753,0.04827526560753557,1.3422221573292015,1.390497422936737,1.0435655211729729,0.006518641168156775,8.0
2026-10-09 10:40:00,0.048119374,-0.3584779110776914,1.1299999747425318,15.929999643936753,0.04827526560753557,1.3422221573292015,1.390497422936737,1.080138885478602,0.006518641168156775,8.0
2026-10-09 10:50:00,0.048119374,-0.3195862068456199,1.1299999747425318,15.929999643936753,0.04827526560753557,1.3422221573292015,1.390497422936737,1.1190305897106736,0.006518641168156775,8.0
2026-10-09 11:00:00,0.048119374,-0.2786496615931248,1.1299999747425318,15.929999643936753,0.04827526560753557,1.3422221573292015,1.390497422936737,1.1599671349631686,0.006518641168156775,8.0
2026-10-09 11:10:00,0.048119374,-0.23594878416730994,1.1299999747425318,15.929999643936753,0.04827526560753557,1.3422221573292015,1.390497422936737,1.2026680123889835,0.006518641168156775,8.0
2026-10-09 11:20:00,0.048119374,-0.191769081722399,1.1299999747425318,15.929999643936753,0.04827526560753557,1.3422221573292015,1.390497422936737,1.2468477148338946,0.006518641168156775,8.0
2026-10-09 11:30:00,0.048119374,-0.14639923474880978,1.1299999747425318,15.929999643936753,0.04827526560753557,1.3422221573292015,1.390497422936737,1.2922175618074836,0.006518641168156775,8.0
2026-10-09 11:40:00,0.048119374,-0.1001295501723493,1.1299999747425318,15.929999643936753,0.04827526560753557,1.3422221573292015,1.390497422936737,1.3384872463839441,0.006518641168156775,8.0
2026-10-09 11:50:00,0.048119374,-0.0532507656293776,1.1299999747425318,15.929999643936753,0.04827526560753557,1.3422221573292015,1.390497422936737,1.3853660309269158,0.006518641168156775,8.0
2026-10-09 12:00:00,0.048119374,-0.006053249152061492,1.1399999745190144,15.719999648630619,0.047849195662102835,1.3303759144523402,1.378225110114443,1.4202912345819378,0.006518641168156775,8.0
2026-10-09 12:10:00,0.048119374,0.0411733972701329,1.1399999745190144,15.719999648630619,0.047849195662102835,1.3303759144523402,1.378225110114443,1.4675178810041323,0.006518641168156775,8.0
2026-10-09 12:20:00,0.048119374,0.088140362232367,1.1399999745190144,15.719999648630619,0.047849195662102835,1.3303759144523402,1.378225110114443,1.5144848459663662,0.006518641168156775,8.0
2026-10-09 12:30:00,0.048119374,0.13455934965677202,1.1399999745190144,15.719999648630619,0.047849195662102835,1.3303759144523402,1.378225110114443,1.5609038333907714,0.006518641168156775,8.0
2026-10-09 12:40:00,0.048119374,0.18014211242060413,1.1399999745190144,15.719999648630619,0.047849195662102835,1.3303759144523402,1.378225110114443,1.6064865961546035,0.006518641168156775,8.0
2026-10-09 12:50:00,0.048119374,0.22459993211380158,1.1399999745190144,15.719999648630619,0.047849195662102835,1.3303759144523402,1.378225110114443,1.650944415847801,0.006518641168156775,8.0
2026-10-09 13:00:00,0.048119374,0.2676431998781263,1.1399999745190144,15.719999648630619,0.047849195662102835,1.3303759144523402,1.378225110114443,1.6939876836121257,0.006518641168156775,8.0
2026-10-09 13:10:00,0.048119374,0.30898125810558147,1.1399999745190144,15.719999648630619,0.047849195662102835,1.3303759144523402,1.378225110114443,1.7353257418395809,0.006518641168156775,8.0
2026-10-09 13:20:00,0.048119374,0.3483226532442323,1.1399999745190144,15.719999648630619,0.047849195662102835,1.3303759144523402,1.378225110114443,1.7746671369782316,0.006518641168156775,8.0
2026-10-09 13:30:00,0.048119374,0.3853759273729465,1.1399999745190144,15.719999648630619,0.047849195662102835,1.3303759144523402,1.378225110114443,1.8117204111069458,0.006518641168156775,8.0
2026-10-09 13:40:00,0.048119374,0.4198510413064392,1.1399999745190144,15.719999648630619,0.047849195662102835,1.3303759144523402,1.378225110114443,1.8461955250404385,0.006518641168156775,8.0
2026-10-09 13:50:00,0.048119374,0.4514614785217843,1.1399999745190144,15.719999648630619,0.047849195662102835,1.3303759144523402,1.378225110114443,1.8778059622557837,0.006518641168156775,8.0
2026-10-09 14:00:00,0.048119374,0.4799270301479078,1.1399999745190144,15.719999648630619,0.047849195662102835,1.3303759144523402,1.378225110114443,1.906271513881907,0.006518641168156775,8.0
2026-10-09 14:10:00,0.048119374,0.5049772112860799,1.1399999745190144,15.719999648630619,0.047849195662102835,1.3303759144523402,1.378225110114443,1.9313216950200793,0.006518641168156775,8.0
2026-10-09 14:20:00,0.048119374,0.5263552119235209,1.1399999745190144,15.719999648630619,0.047849195662102835,1.3303759144523402,1.378225110114443,1.9526996956575202,0.006518641168156775,8.0
2026-10-09 14:30:00,0.048119374,0.543822245711739,1.1399999745190144,15.719999648630619,0.047849195662102835,1.3303759144523402,1.378225110114443,1.9701667294457383,0.006518641168156775,8.0
2026-10-09 14:40:00,0.048119374,0.5571621299837051,1.1399999745190144,15.719999648630619,0.047849195662102835,1.3303759144523402,1.378225110114443,1.9835066137177044,0.006518641168156775,8.0
2026-10-09 14:50:00,0.048119374,0.5661859126361531,1.1399999745190144,15.719999648630619,0.047849195662102835,1.3303759144523402,1.378225110114443,1.9925303963701526,0.006518641168156775,8.0
2026-10-09 15:00:00,0.048119374,0.570736356955022,1.149999974295497,15.469999654218554,0.04729431158331351,1.314948185657328,1.3622424972406415,1.9810982278152198,0.006518641168156775,8.0
2026-10-09 15:10:00,0.048119374,0.5706921036496604,1.149999974295497,15.469999654218554,0.04729431158331351,1.314948185657328,1.3622424972406415,1.9810539745098583,0.006518641168156775,8.0
2026-10-09 15:20:00,0.048119374,0.5659713489437125,1.149999974295497,15.469999654218554,0.04729431158331351,1.314948185657328,1.3622424972406415,1.9763332198039105,0.006518641168156775,8.0
2026-10-09 15:30:00,0.048119374,0.556534906014448,1.149999974295497,15.469999654218554,0.04729431158331351,1.314948185657328,1.3622424972406415,1.966896776874646,0.006518641168156775,8.0
2026-10-09 15:40:00,0.048119374,0.5423885513358462,1.149999974295497,15.469999654218554,0.04729431158331351,1.314948185657328,1.3622424972406415,1.9527504221960441,0.006518641168156775,8.0
2026-10-09 15:50:00,0.048119374,0.5235845941469109,1.149999974295497,15.469999654218554,0.04729431158331351,1.314948185657328,1.3622424972406415,1.933946465007109,0.006518641168156775,8.0
2026-10-09 16:00:00,0.048119374,0.5002226430113043,1.149999974295497,15.469999654218554,0.04729431158331351,1.314948185657328,1.3622424972406415,1.9105845138715023,0.006518641168156775,8.0
2026-10-09 16:10:00,0.048119374,0.4724495752870317,1.149999974295497,15.469999654218554,0.04729431158331351,1.314948185657328,1.3622424972406415,1.8828114461472296,0.006518641168156775,8.0
2026-10-09 16:20:00,0.048119374,0.4404587412199322,1.149999974295497,15.469999654218554,0.04729431158331351,1.314948185657328,1.3622424972406415,1.8508206120801303,0.006518641168156775,8.0
2026-10-09 16:30:00,0.048119374,0.40448845272271433,1.149999974295497,15.469999654218554,0.04729431158331351,1.314948185657328,1.3622424972406415,1.8148503235829123,0.006518641168156775,8.0
2026-10-09 16:40:00,0.048119374,0.36481981782695355,1.149999974295497,15.469999654218554,0.04729431158331351,1.314948185657328,1.3622424972406415,1.7751816886871514,0.006518641168156775,8.0
2026-10-09 16:50:00,0.048119374,0.3217739853999371,1.149999974295497,15.469999654218554,0.04729431158331351,1.314948185657328,1.3622424972406415,1.732135856260135,0.006518641168156775,8.0
2026-10-09 17:00:00,0.048119374,0.2757088630110062,1.149999974295497,15.469999654218554,0.04729431158331351,1.314948185657328,1.3622424972406415,1.6860707338712042,0.006518641168156775,8.0
2026-10-09 17:10:00,0.048119374,0.22701536535863678,1.149999974295497,15.469999654218554,0.04729431158331351,1.314948185657328,1.3622424972406415,1.6373772362188346,0.006518641168156775,8.0
2026-10-09 17:20:00,0.048119374,0.17611324412125773,1.149999974295497,15.469999654218554,0.04729431158331351,1.314948185657328,1.3622424972406415,1.5864751149814555,0.006518641168156775,8.0
2026-10-09 17:30:00,0.048119374,0.12344654453109223,1.149999974295497,15.469999654218554,0.04729431158331351,1.314948185657328,1.3622424972406415,1.53380841539129,0.006518641168156775,8.0
2026-10-09 17:40:00,0.048119374,0.06947873129254915,1.149999974295497,15.469999654218554,0.04729431158331351,1.314948185657328,1.3622424972406415,1.479840602152747,0.006518641168156775,8.0
2026-10-09 17:50:00,0.048119374,0.014687528231912493,1.149999974295497,15.469999654218554,0.04729431158331351,1.314948185657328,1.3622424972406415,1.4250493990921105,0.006518641168156775,8.0
2026-10-09 18:00:00,0.048119374,-0.04044047766038175,1.149999974295497,14.889999667182565,0.045521157044314045,1.265648253680518,1.3111694107248322,1.3188483066840069,0.006518641168156775,8.0
2026-10-09 18:10:00,0.048119374,-0.09541540605945854,1.149999974295497,14.889999667182565,0.045521157044314045,1.265648253680518,1.3111694107248322,1.26387337828493,0.006518641168156775,8.0
2026-10-09 18:20:00,0.048119374,-0.14974975130893275,1.149999974295497,14.889999667182565,0.045521157044314045,1.265648253680518,1.3111694107248322,1.2095390330354558,0.006518641168156775,8.0
2026-10-09 18:30:00,0.048119374,-0.2029640570995589,1.149999974295497,14.889999667182565,0.045521157044314045,1.265648253680518,1.3111694107248322,1.1563247272448298,0.006518641168156775,8.0
2026-10-09 18:40:00,0.048119374,-0.2545924916709375,1.149999974295497,14.889999667182565,0.045521157044314045,1.265648253680518,1.3111694107248322,1.1046962926734512,0.006518641168156775,8.0
2026-10-09 18:50:00,0.048119374,-0.3041882057544809,1.149999974295497,14.889999667182565,0.045521157044314045,1.265648253680518,1.3111694107248322,1.0551005785899077,0.006518641168156775,8.0
2026-10-09 19:00:00,0.048119374,-0.35132834946369484,1.149999974295497,14.889999667182565,0.045521157044314045,1.265648253680518,1.3111694107248322,1.0079604348806939,0.006518641168156775,8.0
2026-10-09 19:10:00,0.048119374,-0.3956186256814966,1.149999974295497,14.889999667182565,0.045521157044314045,1.265648253680518,1.3111694107248322,0.963670158662892,0.006518641168156775,8.0
2026-10-09 19:20:00,0.048119374,-0.43669726700297856,1.149999974295497,14.889999667182565,0.045521157044314045,1.265648253680518,1.3111694107248322,0.9225915173414101,0.006518641168156775,8.0
2026-10-09 19:30:00,0.048119374,-0.4742383416711888,1.149999974295497,14.889999667182565,0.045521157044314045,1.265648253680518,1.3111694107248322,0.8850504426731998,0.006518641168156775,8.0
2026-10-09 19:40:00,0.048119374,-0.5079543196565293,1.149999974295497,14.889999667182565,0.045521157044314045,1.265648253680518,1.3111694107248322,0.8513344646878593,0.006518641168156775,8.0
2026-10-09 19:50:00,0.048119374,-0.5375978621647197,1.149999974295497,14.889999667182565,0.045521157044314045,1.265648253680518,1.3111694107248322,0.8216909221796689,0.006518641168156775,8.0
2026-10-09 20:00:00,0.048119374,-0.562962833233443,1.149999974295497,14.889999667182565,0.045521157044314045,1.265648253680518,1.3111694107248322,0.7963259511109456,0.006518641168156775,8.0
2026-10-09 20:10:00,0.048119374,-0.583884568230451,1.149999974295497,14.889999667182565,0.045521157044314045,1.265648253680518,1.3111694107248322,0.7754042161139376,0.006518641168156775,8.0
2026-10-09 20:20:00,0.048119374,-0.6002394674726446,1.149999974295497,14.889999667182565,0.045521157044314045,1.265648253680518,1.3111694107248322,0.759049316871744,0.006518641168156775,8.0
2026-10-09 20:30:00,0.048119374,-0.6119440110380621,1.149999974295497,14.889999667182565,0.045521157044314045,1.265648253680518,1.3111694107248322,0.7473447733063265,0.006518641168156775,8.0
2026-10-09 20:40:00,0.048119374,-0.618953310506217,1.149999974295497,14.889999667182565,0.045521157044314045,1.265648253680518,1.3111694107248322,0.7403354738381716,0.006518641168156775,8.0
2026-10-09 20:50:00,0.048119374,-0.6212593231215651,1.149999974295497,14.889999667182565,0.045521157044314045,1.265648253680518,1.3111694107248322,0.7380294612228235,0.006518641168156775,8.0
2026-10-09 21:00:00,0.048119374,-0.6188888530320611,1.1399999745190144,14.569999674335122,0.04434877740437903,1.2330519766902415,1.2774007540946204,0.7066312746821157,0.006518641168156775,8.0
2026-10-09 21:10:00,0.048119374,-0.6119014530621988,1.1399999745190144,14.569999674335122,0.04434877740437903,1.2330519766902415,1.2774007540946204,0.713618674651978,0.006518641168156775,8.0
2026-10-09 21:20:00,0.048119374,-0.6003873204751102,1.1399999745190144,14.569999674335122,0.04434877740437903,1.2330519766902415,1.2774007540946204,0.7251328072390666,0.006518641168156775,8.0
2026-10-09 21:30:00,0.048119374,-0.5844652536349749,1.1399999745190144,14.569999674335122,0.04434877740437903,1.2330519766902415,1.2774007540946204,0.7410548740792019,0.006518641168156775,8.0
2026-10-09 21:40:00,0.048119374,-0.5642807064726431,1.1399999745190144,14.569999674335122,0.04434877740437903,1.2330519766902415,1.2774007540946204,0.7612394212415338,0.006518641168156775,8.0
2026-10-09 21:50:00,0.048119374,-0.5400039475863313,1.1399999745190144,14.569999674335122,0.04434877740437903,1.2330519766902415,1.2774007540946204,0.7855161801278455,0.006518641168156775,8.0
2026-10-09 22:00:00,0.048119374,-0.5118283040479183,1.1399999745190144,14.569999674335122,0.04434877740437903,1.2330519766902415,1.2774007540946204,0.8136918236662585,0.006518641168156775,8.0
2026-10-09 22:10:00,0.048119374,-0.47996844949650785,1.1399999745190144,14.569999674335122,0.04434877740437903,1.2330519766902415,1.2774007540946204,0.845551678217669,0.006518641168156775,8.0
2026-10-09 22:20:00,0.048119374,-0.4446586842100323,1.1399999745190144,14.569999674335122,0.04434877740437903,1.2330519766902415,1.2774007540946204,0.8808614435041445,0.006518641168156775,8.0
2026-10-09 22:30:00,0.048119374,-0.40615115270473306,1.1399999745190144,14.569999674335122,0.04434877740437903,1.2330519766902415,1.2774007540946204,0.9193689750094438,0.006518641168156775,8.0
2026-10-09 22:40:00,0.048119374,-0.36471395229914017,1.1399999745190144,14.569999674335122,0.04434877740437903,1.2330519766902415,1.2774007540946204,0.9608061754150367,0.006518641168156775,8.0
2026-10-09 22:50:00,0.048119374,-0.3206291027484611,1.1399999745190144,14.569999674335122,0.04434877740437903,1.2330519766902415,1.2774007540946204,1.0048910249657157,0.006518641168156775,8.0
2026-10-09 23:00:00,0.048119374,-0.2741903706556937,1.1399999745190144,14.569999674335122,0.04434877740437903,1.2330519766902415,1.2774007540946204,1.0513297570584832,0.006518641168156775,8.0
2026-10-09 23:10:00,0.048119374,-0.22570096961962322,1.1399999745190144,14.569999674335122,0.04434877740437903,1.2330519766902415,1.2774007540946204,1.0998191580945536,0.006518641168156775,8.0
2026-10-09 23:20:00,0.048119374,-0.175471184884724,1.1399999745190144,14.569999674335122,0.04434877740437903,1.2330519766902415,1.2774007540946204,1.150048942829453,0.006518641168156775,8.0
2026-10-09 23:30:00,0.048119374,-0.12381599568732905,1.1399999745190144,14.569999674335122,0.04434877740437903,1.2330519766902415,1.2774007540946204,1.2017041320268478,0.006518641168156775,8.0
2026-10-09 23:40:00,0.048119374,-0.07105278636659272,1.1399999745190144,14.569999674335122,0.04434877740437903,1.2330519766902415,1.2774007540946204,1.2544673413475842,0.006518641168156775,8.0
2026-10-09 23:50:00,0.048119374,-0.017499245993798252,1.1399999745190144,14.569999674335122,0.04434877740437903,1.2330519766902415,1.2774007540946204,1.3080208817203787,0.006518641168156775,8.0
2026-10-10 00:00:00,0.076801986,0.03652844616583946,1.1399999745190144,14.349999679252505,0.04367913217246665,1.2144334842487965,1.258112616421263,1.3714430480893456,0.006518641168156775,8.0
2026-10-10 00:10:00,0.076801986,0.09071706586443559,1.1399999745190144,14.349999679252505,0.04367913217246665,1.2144334842487965,1.258112616421263,1.4256316677879417,0.006518641168156775,8.0
2026-10-10 00:20:00,0.076801986,0.14475736105353534,1.1399999745190144,14.349999679252505,0.04367913217246665,1.2144334842487965,1.258112616421263,1.4796719629770414,0.006518641168156775,8.0
2026-10-10 00:30:00,0.076801986,0.19834461581581278,1.1399999745190144,14.349999679252505,0.04367913217246665,1.2144334842487965,1.258112616421263,1.5332592177393187,0.006518641168156775,8.0
2026-10-10 00:40:00,0.076801986,0.2511787753687516,1.1399999745190144,14.349999679252505,0.04367913217246665,1.2144334842487965,1.258112616421263,1.5860933772922576,0.006518641168156775,8.0
2026-10-10 00:50:00,0.076801986,0.3029641880071735,1.1399999745190144,14.349999679252505,0.04367913217246665,1.2144334842487965,1.258112616421263,1.6378787899306797,0.006518641168156775,8.0
2026-10-10 01:00:00,0.076801986,0.3534090595373875,1.1399999745190144,14.349999679252505,0.04367913217246665,1.2144334842487965,1.258112616421263,1.6883236614608936,0.006518641168156775,8.0
2026-10-10 01:10:00,0.076801986,0.40222474948226455,1.1399999745190144,14.349999679252505,0.04367913217246665,1.2144334842487965,1.258112616421263,1.7371393514057707,0.006518641168156775,8.0
2026-10-10 01:20:00,0.076801986,0.4491250624209338,1.1399999745190144,14.349999679252505,0.04367913217246665,1.2144334842487965,1.258112616421263,1.7840396643444398,0.006518641168156775,8.0
2026-10-10 01:30:00,0.076801986,0.49382569980113594,1.1399999745190144,14.349999679252505,0.04367913217246665,1.2144334842487965,1.258112616421263,1.828740301724642,0.006518641168156775,8.0
2026-10-10 01:40:00,0.076801986,0.5360440355356775,1.1399999745190144,14.349999679252505,0.04367913217246665,1.2144334842487965,1.258112616421263,1.8709586374591836,0.006518641168156775,8.0
2026-10-10 01:50:00,0.076801986,0.5754993627169981,1.1399999745190144,14.349999679252505,0.04367913217246665,1.2144334842487965,1.258112616421263,1.910413964640504,0.006518641168156775,8.0
2026-10-10 02:00:00,0.076801986,0.6119137296216834,1.1399999745190144,14.349999679252505,0.04367913217246665,1.2144334842487965,1.258112616421263,1.9468283315451895,0.006518641168156775,8.0
2026-10-10 02:10:00,0.076801986,0.6450134433580331,1.1399999745190144,14.349999679252505,0.04367913217246665,1.2144334842487965,1.258112616421263,1.979928045281539,0.006518641168156775,8.0
2026-10-10 02:20:00,0.076801986,0.6745312722190526,1.1399999745190144,14.349999679252505,0.04367913217246665,1.2144334842487965,1.258112616421263,2.0094458741425587,0.006518641168156775,8.0
2026-10-10 02:30:00,0.076801986,0.7002093270534877,1.1399999745190144,14.349999679252505,0.04367913217246665,1.2144334842487965,1.258112616421263,2.0351239289769936,0.006518641168156775,8.0
2026-10-10 02:40:00,0.076801986,0.7218025520807794,1.1399999745190144,14.349999679252505,0.04367913217246665,1.2144334842487965,1.258112616421263,2.0567171540042857,0.006518641168156775,8.0
2026-10-10 02:50:00,0.076801986,0.7390827105537352,1.1399999745190144,14.349999679252505,0.04367913217246665,1.2144334842487965,1.258112616421263,2.0739973124772413,0.006518641168156775,8.0
2026-10-10 03:00:00,0.076801986,0.7518427142614907,1.1399999745190144,14.119999684393406,0.04297904852092189,1.1949686966963768,1.2379477452172987,2.0665924449810325,0.006518641168156775,8.0
2026-10-10 03:10:00,0.076801986,0.7599011205979531,1.1399999745190144,14.119999684393406,0.04297904852092189,1.1949686966963768,1.2379477452172987,2.074650851317495,0.006518641168156775,8.0
2026-10-10 03:20:00,0.076801986,0.7631066085504743,1.1399999745190144,14.119999684393406,0.04297904852092189,1.1949686966963768,1.2379477452172987,2.0778563392700162,0.006518641168156775,8.0
2026-10-10 03:30:00,0.076801986,0.7613422457041914,1.1399999745190144,14.119999684393406,0.04297904852092189,1.1949686966963768,1.2379477452172987,2.076091976423733,0.006518641168156775,8.0
2026-10-10 03:40:00,0.076801986,0.7545293714674355,1.1399999745190144,14.119999684393406,0.04297904852092189,1.1949686966963768,1.2379477452172987,2.069279102186977,0.006518641168156775,8.0
2026-10-10 03:50:00,0.076801986,0.742630945169806,1.1399999745190144,14.119999684393406,0.04297904852092189,1.1949686966963768,1.2379477452172987,2.057380675889348,0.006518641168156775,8.0
2026-10-10 04:00:00,0.076801986,0.7256542387636927,1.1399999745190144,14.119999684393406,0.04297904852092189,1.1949686966963768,1.2379477452172987,2.0404039694832345,0.006518641168156775,8.0
2026-10-10 04:10:00,0.076801986,0.7036527892535926,1.1399999745190144,14.119999684393406,0.04297904852092189,1.1949686966963768,1.2379477452172987,2.0184025199731344,0.006518641168156775,8.0
2026-10-10 04:20:00,0.076801986,0.6767275623215963,1.1399999745190144,14.119999684393406,0.04297904852092189,1.1949686966963768,1.2379477452172987,1.991477293041138,0.006518641168156775,8.0
2026-10-10 04:30:00,0.076801986,0.6450273126990314,1.1399999745190144,14.119999684393406,0.04297904852092189,1.1949686966963768,1.2379477452172987,1.959777043418573,0.006518641168156775,8.0
2026-10-10 04:40:00,0.076801986,0.6087481560911865,1.1399999745190144,14.119999684393406,0.04297904852092189,1.1949686966963768,1.2379477452172987,1.9234978868107282,0.006518641168156775,8.0
2026-10-10 04:50:00,0.076801986,0.5681323900488496,1.1399999745190144,14.119999684393406,0.04297904852092189,1.1949686966963768,1.2379477452172987,1.8828821207683912,0.006518641168156775,8.0
2026-10-10 05:00:00,0.076801986,0.5234666163152234,1.1399999745190144,14.119999684393406,0.04297904852092189,1.1949686966963768,1.2379477452172987,1.838216347034765,0.006518641168156775,8.0
2026-10-10 05:10:00,0.076801986,0.47507922489895776,1.1399999745190144,14.119999684393406,0.04297904852092189,1.1949686966963768,1.2379477452172987,1.7898289556184994,0.006518641168156775,8.0
2026-10-10 05:20:00,0.076801986,0.42333730161418653,1.1399999745190144,14.119999684393406,0.04297904852092189,1.1949686966963768,1.2379477452172987,1.7380870323337283,0.006518641168156775,8.0
2026-10-10 05:30:00,0.076801986,0.36864301772384217,1.1399999745190144,14.119999684393406,0.04297904852092189,1.1949686966963768,1.2379477452172987,1.683392748443384,0.006518641168156775,8.0
2026-10-10 05:40:00,0.076801986,0.31142955479986373,1.1399999745190144,14.119999684393406,0.04297904852092189,1.1949686966963768,1.2379477452172987,1.6261792855194055,0.006518641168156775,8.0
2026-10-10 05:50:00,0.076801986,0.2521566124433265,1.1399999745190144,14.119999684393406,0.04297904852092189,1.1949686966963768,1.2379477452172987,1.5669063431628683,0.006518641168156775,8.0
2026-10-10 06:00:00,0.076801986,0.19130554291940038,1.1399999745190144,13.849999690428376,0.042157211190847595,1.1721187287000578,1.2142759398909055,1.482383468312549,0.006518641168156775,8.0
2026-10-10 06:10:00,0.076801986,0.12937415702539154,1.1399999745190144,13.849999690428376,0.042157211190847595,1.1721187287000578,1.2142759398909055,1.42045208241854,0.006518641168156775,8.0
2026-10-10 06:20:00,0.076801986,0.0668712501780024,1.1399999745190144,13.849999690428376,0.042157211190847595,1.1721187287000578,1.2142759398909055,1.357949175571151,0.006518641168156775,8.0
2026-10-10 06:30:00,0.076801986,0.00431090724833753,1.1399999745190144,13.849999690428376,0.042157211190847595,1.1721187287000578,1.2142759398909055,1.2953888326414862,0.006518641168156775,8.0
2026-10-10 06:40:00,0.076801986,-0.05779334206083391,1.1399999745190144,13.849999690428376,0.042157211190847595,1.1721187287000578,1.2142759398909055,1.2332845833323147,0.006518641168156775,8.0
2026-10-10 06:50:00,0.076801986,-0.11893442969353377,1.1399999745190144,13.849999690428376,0.042157211190847595,1.1721187287000578,1.2142759398909055,1.1721434956996148,0.006518641168156775,8.0
2026-10-10 07:00:00,0.076801986,-0.1786176139521544,1.1399999745190144,13.849999690428376,0.042157211190847595,1.1721187287000578,1.2142759398909055,1.112460311440994,0.006518641168156775,8.0
2026-10-10 07:10:00,0.076801986,-0.2363661849364764,1.1399999745190144,13.849999690428376,0.042157211190847595,1.1721187287000578,1.2142759398909055,1.0547117404566722,0.006518641168156775,8.0
2026-10-10 07:20:00,0.076801986,-0.2917268837669914,1.1399999745190144,13.849999690428376,0.042157211190847595,1.1721187287000578,1.2142759398909055,0.9993510416261572,0.006518641168156775,8.0
2026-10-10 07:30:00,0.076801986,-0.344274905890748,1.1399999745190144,13.849999690428376,0.042157211190847595,1.1721187287000578,1.2142759398909055,0.9468030195024006,0.006518641168156775,8.0
2026-10-10 07:40:00,0.076801986,-0.3936183640137273,1.1399999745190144,13.849999690428376,0.042157211190847595,1.1721187287000578,1.2142759398909055,0.8974595613794213,0.006518641168156775,8.0
2026-10-10 07:50:00,0.076801986,-0.4394021002738934,1.1399999745190144,13.849999690428376,0.042157211190847595,1.1721187287000578,1.2142759398909055,0.8516758251192551,0.006518641168156775,8.0
2026-10-10 08:00:00,0.076801986,-0.481310759642712,1.1399999745190144,13.849999690428376,0.042157211190847595,1.1721187287000578,1.2142759398909055,0.8097671657504366,0.006518641168156775,8.0
2026-10-10 08:10:00,0.076801986,-0.5190710662334569,1.1399999745190144,13.849999690428376,0.042157211190847595,1.1721187287000578,1.2142759398909055,0.7720068591596917,0.006518641168156775,8.0
2026-10-10 08:20:00,0.076801986,-0.5524532788333868,1.1399999745190144,13.849999690428376,0.042157211190847595,1.1721187287000578,1.2142759398909055,0.7386246465597618,0.006518641168156775,8.0
2026-10-10 08:30:00,0.076801986,-0.5812718389591852,1.1399999745190144,13.849999690428376,0.042157211190847595,1.1721187287000578,1.2142759398909055,0.7098060864339634,0.006518641168156775,8.0
2026-10-10 08:40:00,0.076801986,-0.6053852608687924,1.1399999745190144,13.849999690428376,0.042157211190847595,1.1721187287000578,1.2142759398909055,0.6856926645243562,0.006518641168156775,8.0
2026-10-10 08:50:00,0.076801986,-0.6246953450314728,1.1399999745190144,13.849999690428376,0.042157211190847595,1.1721187287000578,1.2142759398909055,0.6663825803616757,0.006518641168156775,8.0
2026-10-10 09:00:00,0.076801986,-0.6391458218011028,1.1399999745190144,13.599999696016312,0.04139625070003808,1.1509613509256886,1.1923576016257267,0.6300137653268669,0.006518641168156775,8.0
2026-10-10 09:10:00,0.076801986,-0.6487205481594113,1.1399999745190144,13.599999696016312,0.04139625070003808,1.1509613509256886,1.1923576016257267,0.6204390389685585,0.006518641168156775,8.0
2026-10-10 09:20:00,0.076801986,-0.6534413861416891,1.1399999745190144,13.599999696016312,0.04139625070003808,1.1509613509256886,1.1923576016257267,0.6157182009862806,0.006518641168156775,8.0
2026-10-10 09:30:00,0.076801986,-0.6533658866447405,1.1399999745190144,13.599999696016312,0.04139625070003808,1.1509613509256886,1.1923576016257267,0.6157937004832292,0.006518641168156775,8.0
2026-10-10 09:40:00,0.076801986,-0.6485848875913418,1.1399999745190144,13.599999696016312,0.04139625070003808,1.1509613509256886,1.1923576016257267,0.6205746995366279,0.006518641168156775,8.0
2026-10-10 09:50:00,0.076801986,-0.6392201127767996,1.1399999745190144,13.599999696016312,0.04139625070003808,1.1509613509256886,1.1923576016257267,0.6299394743511701,0.006518641168156775,8.0
2026-10-10 10:00:00,0.076801986,-0.6254218298172068,1.1399999745190144,13.599999696016312,0.04139625070003808,1.1509613509256886,1.1923576016257267,0.6437377573107629,0.006518641168156775,8.0
2026-10-10 10:10:00,0.076801986,-0.60736659573961,1.1399999745190144,13.599999696016312,0.04139625070003808,1.1509613509256886,1.1923576016257267,0.6617929913883597,0.006518641168156775,8.0
2026-10-10 10:20:00,0.076801986,-0.5852550902463564,1.1399999745190144,13.599999696016312,0.04139625070003808,1.1509613509256886,1.1923576016257267,0.6839044968816134,0.006518641168156775,8.0
2026-10-10 10:30:00,0.076801986,-0.5593100128819591,1.1399999745190144,13.599999696016312,0.04139625070003808,1.1509613509256886,1.1923576016257267,0.7098495742460106,0.006518641168156775,8.0
2026-10-10 10:40:00,0.076801986,-0.5297740037849595,1.1399999745190144,13.599999696016312,0.04139625070003808,1.1509613509256886,1.1923576016257267,0.7393855833430102,0.006518641168156775,8.0
2026-10-10 10:50:00,0.076801986,-0.49690754033760914,1.1399999745190144,13.599999696016312,0.04139625070003808,1.1509613509256886,1.1923576016257267,0.7722520467903606,0.006518641168156775,8.0
2026-10-10 11:00:00,0.076801986,-0.46098676446925757,1.1399999745190144,13.599999696016312,0.04139625070003808,1.1509613509256886,1.1923576016257267,0.8081728226587122,0.006518641168156775,8.0
2026-10-10 11:10:00,0.076801986,-0.42230120725491793,1.1399999745190144,13.599999696016312,0.04139625070003808,1.1509613509256886,1.1923576016257267,0.8468583798730518,0.006518641168156775,8.0
2026-10-10 11:20:00,0.076801986,-0.3811513972184706,1.1399999745190144,13.599999696016312,0.04139625070003808,1.1509613509256886,1.1923576016257267,0.8880081899094991,0.006518641168156775,8.0
2026-10-10 11:30:00,0.076801986,-0.3378463638413859,1.1399999745190144,13.599999696016312,0.04139625070003808,1.1509613509256886,1.1923576016257267,0.9313132232865838,0.006518641168156775,8.0
2026-10-10 11:40:00,0.076801986,-0.29270107492474073,1.1399999745190144,13.599999696016312,0.04139625070003808,1.1509613509256886,1.1923576016257267,0.976458512203229,0.006518641168156775,8.0
2026-10-10 11:50:00,0.076801986,-0.24603387226725149,1.1399999745190144,13.599999696016312,0.04139625070003808,1.1509613509256886,1.1923576016257267,1.0231257148607182,0.006518641168156775,8.0
2026-10-10 12:00:00,0.076801986,-0.19816399081910366,1.1599999740719795,13.449999699369073,0.04129723293587026,1.1482083088582309,1.1895055417941012,1.0681435364772405,0.006518641168156775,8.0
2026-10-10 12:10:00,0.076801986,-0.14940925929364762,1.1599999740719795,13.449999699369073,0.04129723293587026,1.1482083088582309,1.1895055417941012,1.1168982680026966,0.006518641168156775,8.0
2026-10-10 12:20:00,0.076801986,-0.1000840827533333,1.1599999740719795,13.449999699369073,0.04129723293587026,1.1482083088582309,1.1895055417941012,1.1662234445430109,0.006518641168156775,8.0
2026-10-10 12:30:00,0.076801986,-0.05049779875365773,1.1599999740719795,13.449999699369073,0.04129723293587026,1.1482083088582309,1.1895055417941012,1.2158097285426865,0.006518641168156775,8.0
2026-10-10 12:40:00,0.076801986,-0.0009534785530387468,1.1599999740719795,13.449999699369073,0.04129723293587026,1.1482083088582309,1.1895055417941012,1.2653540487433055,0.006518641168156775,8.0
2026-10-10 12:50:00,0.076801986,0.048252785351067466,1.1599999740719795,13.449999699369073,0.04129723293587026,1.1482083088582309,1.1895055417941012,1.3145603126474117,0.006518641168156775,8.0
2026-10-10 13:00:00,0.076801986,0.09683210163944267,1.1599999740719795,13.449999699369073,0.04129723293587026,1.1482083088582309,1.1895055417941012,1.3631396289357869,0.006518641168156775,8.0
2026-10-10 13:10:00,0.076801986,0.1445025505613353,1.1599999740719795,13.449999699369073,0.04129723293587026,1.1482083088582309,1.1895055417941012,1.4108100778576795,0.006518641168156775,8.0
2026-10-10 13:20:00,0.076801986,0.1909885820706175,1.1599999740719795,13.449999699369073,0.04129723293587026,1.1482083088582309,1.1895055417941012,1.4572961093669616,0.006518641168156775,8.0
2026-10-10 13:30:00,0.076801986,0.236020159292746,1.1599999740719795,13.449999699369073,0.04129723293587026,1.1482083088582309,1.1895055417941012,1.5023276865890902,0.006518641168156775,8.0
2026-10-10 13:40:00,0.076801986,0.279331794728449,1.1599999740719795,13.449999699369073,0.04129723293587026,1.1482083088582309,1.1895055417941012,1.5456393220247933,0.006518641168156775,8.0
2026-10-10 13:50:00,0.076801986,0.3206616453450297,1.1599999740719795,13.449999699369073,0.04129723293587026,1.1482083088582309,1.1895055417941012,1.586969172641374,0.006518641168156775,8.0
2026-10-10 14:00:00,0.076801986,0.3597508381935649,1.1599999740719795,13.449999699369073,0.04129723293587026,1.1482083088582309,1.1895055417941012,1.626058365489909,0.006518641168156775,8.0
2026-10-10 14:10:00,0.076801986,0.39634318925707285,1.1599999740719795,13.449999699369073,0.04129723293587026,1.1482083088582309,1.1895055417941012,1.662650716553417,0.006518641168156775,8.0
2026-10-10 14:20:00,0.076801986,0.4301854555671969,1.1599999740719795,13.449999699369073,0.04129723293587026,1.1482083088582309,1.1895055417941012,1.696492982863541,0.006518641168156775,8.0
2026-10-10 14:30:00,0.076801986,0.46102822555771483,1.1599999740719795,13.449999699369073,0.04129723293587026,1.1482083088582309,1.1895055417941012,1.7273357528540592,0.006518641168156775,8.0
2026-10-10 14:40:00,0.076801986,0.4886275083368457,1.1599999740719795,13.449999699369073,0.04129723293587026,1.1482083088582309,1.1895055417941012,1.7549350356331899,0.006518641168156775,8.0
2026-10-10 14:50:00,0.076801986,0.5127470324229823,1.1599999740719795,13.449999699369073,0.04129723293587026,1.1482083088582309,1.1895055417941012,1.7790545597193264,0.006518641168156775,8.0
2026-10-10 15:00:00,0.076801986,0.5331612129905696,1.1799999736249447,13.349999701604247,0.04134204389249358,1.1494542110425898,1.1907962549350835,1.8007594534278961,0.006518641168156775,8.0
2026-10-10 15:10:00,0.076801986,0.5496586978446478,1.1799999736249447,13.349999701604247,0.04134204389249358,1.1494542110425898,1.1907962549350835,1.8172569382819743,0.006518641168156775,8.0
2026-10-10 15:20:00,0.076801986,0.5620463602698702,1.1799999736249447,13.349999701604247,0.04134204389249358,1.1494542110425898,1.1907962549350835,1.8296446007071967,0.006518641168156775,8.0
2026-10-10 15:30:00,0.076801986,0.5701535747777535,1.1799999736249447,13.349999701604247,0.04134204389249358,1.1494542110425898,1.1907962549350835,1.83775181521508,0.006518641168156775,8.0
2026-10-10 15:40:00,0.076801986,0.5738365917623426,1.1799999736249447,13.349999701604247,0.04134204389249358,1.1494542110425898,1.1907962549350835,1.8414348321996692,0.006518641168156775,8.0
2026-10-10 15:50:00,0.076801986,0.5729828202963855,1.1799999736249447,13.349999701604247,0.04134204389249358,1.1494542110425898,1.1907962549350835,1.840581060733712,0.006518641168156775,8.0
2026-10-10 16:00:00,0.076801986,0.5675148344712032,1.1799999736249447,13.349999701604247,0.04134204389249358,1.1494542110425898,1.1907962549350835,1.8351130749085298,0.006518641168156775,8.0
2026-10-10 16:10:00,0.076801986,0.5573939364679372,1.1799999736249447,13.349999701604247,0.04134204389249358,1.1494542110425898,1.1907962549350835,1.8249921769052637,0.006518641168156775,8.0
2026-10-10 16:20:00,0.076801986,0.5426231365595132,1.1799999736249447,13.349999701604247,0.04134204389249358,1.1494542110425898,1.1907962549350835,1.8102213769968398,0.006518641168156775,8.0
2026-10-10 16:30:00,0.076801986,0.5232494434625267,1.1799999736249447,13.349999701604247,0.04134204389249358,1.1494542110425898,1.1907962549350835,1.790847683899853,0.006518641168156775,8.0
2026-10-10 16:40:00,0.076801986,0.49936539449929895,1.1799999736249447,13.349999701604247,0.04134204389249358,1.1494542110425898,1.1907962549350835,1.7669636349366256,0.006518641168156775,8.0
2026-10-10 16:50:00,0.076801986,0.4711097905865988,1.1799999736249447,13.349999701604247,0.04134204389249358,1.1494542110425898,1.1907962549350835,1.7387080310239253,0.006518641168156775,8.0
2026-10-10 17:00:00,0.076801986,0.4386676331382103,1.1799999736249447,13.349999701604247,0.04134204389249358,1.1494542110425898,1.1907962549350835,1.7062658735755367,0.006518641168156775,8.0
2026-10-10 17:10:00,0.076801986,0.4022692864232245,1.1799999736249447,13.349999701604247,0.04134204389249358,1.1494542110425898,1.1907962549350835,1.669867526860551,0.006518641168156775,8.0
2026-10-10 17:20:00,0.076801986,0.36218890822562977,1.1799999736249447,13.349999701604247,0.04134204389249358,1.1494542110425898,1.1907962549350835,1.6297871486629563,0.006518641168156775,8.0
2026-10-10 17:30:00,0.076801986,0.3187422036347453,1.1799999736249447,13.349999701604247,0.04134204389249358,1.1494542110425898,1.1907962549350835,1.5863404440720719,0.006518641168156775,8.0
2026-10-10 17:40:00,0.076801986,0.27228356180284713,1.1799999736249447,13.349999701604247,0.04134204389249358,1.1494542110425898,1.1907962549350835,1.5398818022401737,0.006518641168156775,8.0
2026-10-10 17:50:00,0.076801986,0.22320263517154368,1.1799999736249447,13.349999701604247,0.04134204389249358,1.1494542110425898,1.1907962549350835,1.4908008756088702,0.006518641168156775,8.0
2026-10-10 18:00:00,0.076801986,0.17192041671438582,1.1799999736249447,13.279999703168869,0.04112526913051047,1.1434271103105313,1.1845523794410417,1.4332747816576705,0.006518641168156775,8.0
2026-10-10 18:10:00,0.076801986,0.11888486566681972,1.1799999736249447,13.279999703168869,0.04112526913051047,1.1434271103105313,1.1845523794410417,1.3802392306101046,0.006518641168156775,8.0
2026-10-10 18:20:00,0.076801986,0.0645661280723411,1.1799999736249447,13.279999703168869,0.04112526913051047,1.1434271103105313,1.1845523794410417,1.3259204930156259,0.006518641168156775,8.0
2026-10-10 18:30:00,0.076801986,0.009451397236446085,1.1799999736249447,13.279999703168869,0.04112526913051047,1.1434271103105313,1.1845523794410417,1.2708057621797308,0.006518641168156775,8.0
2026-10-10 18:40:00,0.076801986,-0.04596053782613492,1.1799999736249447,13.279999703168869,0.04112526913051047,1.1434271103105313,1.1845523794410417,1.2153938271171498,0.006518641168156775,8.0
2026-10-10 18:50:00,0.076801986,-0.10116500030336902,1.1799999736249447,13.279999703168869,0.04112526913051047,1.1434271103105313,1.1845523794410417,1.1601893646399157,0.006518641168156775,8.0
2026-10-10 19:00:00,0.076801986,-0.15565732210905686,1.1799999736249447,13.279999703168869,0.04112526913051047,1.1434271103105313,1.1845523794410417,1.1056970428342279,0.006518641168156775,8.0
2026-10-10 19:10:00,0.076801986,-0.2089388462101932,1.1799999736249447,13.279999703168869,0.04112526913051047,1.1434271103105313,1.1845523794410417,1.0524155187330915,0.006518641168156775,8.0
2026-10-10 19:20:00,0.076801986,-0.260522935327509,1.1799999736249447,13.279999703168869,0.04112526913051047,1.1434271103105313,1.1845523794410417,1.0008314296157759,0.006518641168156775,8.0
2026-10-10 19:30:00,0.076801986,-0.3099408721156199,1.1799999736249447,13.279999703168869,0.04112526913051047,1.1434271103105313,1.1845523794410417,0.951413492827665,0.006518641168156775,8.0
2026-10-10 19:40:00,0.076801986,-0.3567475237305308,1.1799999736249447,13.279999703168869,0.04112526913051047,1.1434271103105313,1.1845523794410417,0.9046068412127539,0.006518641168156775,8.0
2026-10-10 19:50:00,0.076801986,-0.4005266372415437,1.1799999736249447,13.279999703168869,0.04112526913051047,1.1434271103105313,1.1845523794410417,0.8608277277017411,0.006518641168156775,8.0
2026-10-10 20:00:00,0.076801986,-0.44089563350184874,1.1799999736249447,13.279999703168869,0.04112526913051047,1.1434271103105313,1.1845523794410417,0.820458731441436,0.006518641168156775,8.0
2026-10-10 20:10:00,0.076801986,-0.4775097767166428,1.1799999736249447,13.279999703168869,0.04112526913051047,1.1434271103105313,1.1845523794410417,0.783844588226642,0.006518641168156775,8.0
2026-10-10 20:20:00,0.076801986,-0.5100656156087153,1.1799999736249447,13.279999703168869,0.04112526913051047,1.1434271103105313,1.1845523794410417,0.7512887493345695,0.006518641168156775,8.0
2026-10-10 20:30:00,0.076801986,-0.5383036186164374,1.1799999736249447,13.279999703168869,0.04112526913051047,1.1434271103105313,1.1845523794410417,0.7230507463268474,0.006518641168156775,8.0
2026-10-10 20:40:00,0.076801986,-0.5620099586422173,1.1799999736249447,13.279999703168869,0.04112526913051047,1.1434271103105313,1.1845523794410417,0.6993444063010675,0.006518641168156775,8.0
2026-10-10 20:50:00,0.076801986,-0.5810174396819576,1.1799999736249447,13.279999703168869,0.04112526913051047,1.1434271103105313,1.1845523794410417,0.6803369252613272,0.006518641168156775,8.0
2026-10-10 21:00:00,0.076801986,-0.5952055955021619,1.1799999736249447,13.219999704509974,0.040939462191667796,1.138261023968767,1.1792004861604348,0.660796876160516,0.006518641168156775,8.0
2026-10-10 21:10:00,0.076801986,-0.6045000259451488,1.1799999736249447,13.219999704509974,0.040939462191667796,1.138261023968767,1.1792004861604348,0.651502445717529,0.006518641168156775,8.0
2026-10-10 21:20:00,0.076801986,-0.6088710664506708,1.1799999736249447,13.219999704509974,0.040939462191667796,1.138261023968767,1.1792004861604348,0.6471314052120071,0.006518641168156775,8.0
2026-10-10 21:30:00,0.076801986,-0.608331908424651,1.1799999736249447,13.219999704509974,0.040939462191667796,1.138261023968767,1.1792004861604348,0.6476705632380269,0.006518641168156775,8.0
2026-10-10 21:40:00,0.076801986,-0.6029363001836618,1.1799999736249447,13.219999704509974,0.040939462191667796,1.138261023968767,1.1792004861604348,0.653066171479016,0.006518641168156775,8.0
2026-10-10 21:50:00,0.076801986,-0.5927759596751874,1.1799999736249447,13.219999704509974,0.040939462191667796,1.138261023968767,1.1792004861604348,0.6632265119874905,0.006518641168156775,8.0
2026-10-10 22:00:00,0.076801986,-0.5779778211424619,1.1799999736249447,13.219999704509974,0.040939462191667796,1.138261023968767,1.1792004861604348,0.678024650520216,0.006518641168156775,8.0
2026-10-10 22:10:00,0.076801986,-0.5587012197796241,1.1799999736249447,13.219999704509974,0.040939462191667796,1.138261023968767,1.1792004861604348,0.6973012518830538,0.006518641168156775,8.0
2026-10-10 22:20:00,0.076801986,-0.5351350934422383,1.1799999736249447,13.219999704509974,0.040939462191667796,1.138261023968767,1.1792004861604348,0.7208673782204396,0.006518641168156775,8.0
2026-10-10 22:30:00,0.076801986,-0.5074952516327199,1.1799999736249447,13.219999704509974,0.040939462191667796,1.138261023968767,1.1792004861604348,0.748507220029958,0.006518641168156775,8.0
2026-10-10 22:40:00,0.076801986,-0.476021732635365,1.1799999736249447,13.219999704509974,0.040939462191667796,1.138261023968767,1.1792004861604348,0.7799807390273128,0.006518641168156775,8.0
2026-10-10 22:50:00,0.076801986,-0.44097624320303597,1.1799999736249447,13.219999704509974,0.040939462191667796,1.138261023968767,1.1792004861604348,0.8150262284596419,0.006518641168156775,8.0
2026-10-10 23:00:00,0.076801986,-0.40263965454860695,1.1799999736249447,13.219999704509974,0.040939462191667796,1.138261023968767,1.1792004861604348,0.8533628171140709,0.006518641168156775,8.0
2026-10-10 23:10:00,0.076801986,-0.36130951597870914,1.1799999736249447,13.219999704509974,0.040939462191667796,1.138261023968767,1.1792004861604348,0.8946929556839687,0.006518641168156775,8.0
2026-10-10 23:20:00,0.076801986,-0.3172975444315428,1.1799999736249447,13.219999704509974,0.040939462191667796,1.138261023968767,1.1792004861604348,0.9387049272311351,0.006518641168156775,8.0
2026-10-10 23:30:00,0.076801986,-0.27092705496964237,1.1799999736249447,13.219999704509974,0.040939462191667796,1.138261023968767,1.1792004861604348,0.9850754166930356,0.006518641168156775,8.0
2026-10-10 23:40:00,0.076801986,-0.22253031251300434,1.1799999736249447,13.219999704509974,0.040939462191667796,1.138261023968767,1.1792004861604348,1.0334721591496736,0.006518641168156775,8.0
2026-10-10 23:50:00,0.076801986,-0.17244580720855543,1.1799999736249447,13.219999704509974,0.040939462191667796,1.138261023968767,1.1792004861604348,1.0835566644541224,0.006518641168156775,8.0
2026-10-11 00:00:00,0.076801986,-0.1210154815768322,1.1799999736249447,13.219999704509974,0.040939462191667796,1.138261023968767,1.1792004861604348,1.1349869900858456,0.006518641168156775,8.0
2026-10-11 00:10:00,,-0.06858196370937769,,,,,,,0.006518641168156775,8.0
2026-10-11 00:20:00,,-0.015485883750836036,,,,,,,0.006518641168156775,8.0
2026-10-11 00:30:00,,0.03793663276063251,,,,,,,0.006518641168156775,8.0
2026-10-11 00:40:00,,0.0913561938323188,,,,,,,0.006518641168156775,8.0
2026-10-11 00:50:00,,0.14445199522626112,,,,,,,0.006518641168156775,8.0
2026-10-11 01:00:00,,0.19691321796372926,,,,,,,0.006518641168156775,8.0
2026-10-11 01:10:00,,0.24843991331600898,,,,,,,0.006518641168156775,8.0
2026-10-11 01:20:00,,0.29874335410689784,,,,,,,0.006518641168156775,8.0
2026-10-11 01:30:00,,0.3475458719336958,,,,,,,0.006518641168156775,8.0
2026-10-11 01:40:00,,0.3945802426429916,,,,,,,0.006518641168156775,8.0
2026-10-11 01:50:00,,0.43958872318373937,,,,,,,0.006518641168156775,8.0
2026-10-11 02:00:00,,0.48232187775796703,,,,,,,0.006518641168156775,8.0
2026-10-11 02:10:00,,0.522537356160752,,,,,,,0.006518641168156775,8.0
2026-10-11 02:20:00,,0.5599987999614905,,,,,,,0.006518641168156775,8.0
2026-10-11 02:30:00,,0.5944750506143671,,,,,,,0.006518641168156775,8.0
2026-10-11 02:40:00,,0.6257398178967246,,,,,,,0.006518641168156775,8.0
2026-10-11 02:50:00,,0.6535719377769611,,,,,,,0.006518641168156775,8.0
2026-10-11 03:00:00,,0.6777563086082665,,,,,,,0.006518641168156775,8.0
2026-10-11 03:10:00,,0.6980855464196674,,,,,,,0.006518641168156775,8.0
2026-10-11 03:20:00,,0.7143623482094185,,,,,,,0.006518641168156775,8.0
2026-10-11 03:30:00,,0.7264025008147806,,,,,,,0.006518641168156775,8.0
2026-10-11 03:40:00,,0.734038426201922,,,,,,,0.006518641168156775,8.0
2026-10-11 03:50:00,,0.7371231157706991,,,,,,,0.006518641168156775,8.0
2026-10-11 04:00:00,,0.7355342790091105,,,,,,,0.006518641168156775,8.0
2026-10-11 04:10:00,,0.7291785175916846,,,,,,,0.006518641168156775,8.0
2026-10-11 04:20:00,,0.7179953348812335,,,,,,,0.006518641168156775,8.0
2026-10-11 04:30:00,,0.7019608023407327,,,,,,,0.006518641168156775,8.0
2026-10-11 04:40:00,,0.6810907264496084,,,,,,,0.006518641168156775,8.0
2026-10-11 04:50:00,,0.6554431898179461,,,,,,,0.006518641168156775,8.0
2026-10-11 05:00:00,,0.625120374962386,,,,,,,0.006518641168156775,8.0
2026-10-11 05:10:00,,0.5902696153147617,,,,,,,0.006518641168156775,8.0
2026-10-11 05:20:00,,0.5510836522256777,,,,,,,0.006518641168156775,8.0
2026-10-11 05:30:00,,0.5078001064707279,,,,,,,0.006518641168156775,8.0
2026-10-11 05:40:00,,0.4607001960497086,,,,,,,0.006518641168156775,8.0
2026-10-11 05:50:00,,0.4101067481758678,,,,,,,0.006518641168156775,8.0
2026-10-11 06:00:00,,0.3563815621754528,,,,,,,0.006518641168156775,8.0
2026-10-11 06:10:00,,0.29992218266427356,,,,,,,0.006518641168156775,8.0
2026-10-11 06:20:00,,0.24115814048572567,,,,,,,0.006518641168156775,8.0
2026-10-11 06:30:00,,0.1805467145253477,,,,,,,0.006518641168156775,8.0
2026-10-11 06:40:00,,0.11856826316814437,,,,,,,0.006518641168156775,8.0
2026-10-11 06:50:00,,0.05572117154851101,,,,,,,0.006518641168156775,8.0
2026-10-11 07:00:00,,-0.007483537985773324,,,,,,,0.006518641168156775,8.0
2026-10-11 07:10:00,,-0.07052787944053111,,,,,,,0.006518641168156775,8.0
2026-10-11 07:20:00,,-0.13289279759400066,,,,,,,0.006518641168156775,8.0
2026-10-11 07:30:00,,-0.19406420635058935,,,,,,,0.006518641168156775,8.0
2026-10-11 07:40:00,,-0.25353907768012024,,,,,,,0.006518641168156775,8.0
2026-10-11 07:50:00,,-0.3108314713541252,,,,,,,0.006518641168156775,8.0
2026-10-11 08:00:00,,-0.3654783815151359,,,,,,,0.006518641168156775,8.0
2026-10-11 08:10:00,,-0.4170452663427652,,,,,,,0.006518641168156775,8.0
2026-10-11 08:20:00,,-0.46513112440097004,,,,,,,0.006518641168156775,8.0
2026-10-11 08:30:00,,-0.5093729864227227,,,,,,,0.006518641168156775,8.0
2026-10-11 08:40:00,,-0.5494497058232257,,,,,,,0.006518641168156775,8.0
2026-10-11 08:50:00,,-0.5850849540080387,,,,,,,0.006518641168156775,8.0
2026-10-11 09:00:00,,-0.6160493571386243,,,,,,,0.006518641168156775,8.0
2026-10-11 09:10:00,,-0.6421617466546705,,,,,,,0.006518641168156775,8.0
2026-10-11 09:20:00,,-0.6632895341841047,,,,,,,0.006518641168156775,8.0
2026-10-11 09:30:00,,-0.6793482591538452,,,,,,,0.006518641168156775,8.0
2026-10-11 09:40:00,,-0.6903003912177015,,,,,,,0.006518641168156775,8.0
2026-10-11 09:50:00,,-0.6961534967340295,,,,,,,0.006518641168156775,8.0
2026-10-11 10:00:00,,-0.6969578965420706,,,,,,,0.006518641168156775,8.0
2026-10-11 10:10:00,,-0.692803949911194,,,,,,,0.006518641168156775,8.0
2026-10-11 10:20:00,,-0.6838190963647973,,,,,,,0.006518641168156775,8.0
2026-10-11 10:30:00,,-0.670164773863087,,,,,,,0.006518641168156775,8.0
2026-10-11 10:40:00,,-0.6520333104455288,,,,,,,0.006518641168156775,8.0
2026-10-11 10:50:00,,-0.6296448593902493,,,,,,,0.006518641168156775,8.0
2026-10-11 11:00:00,,-0.6032444185711147,,,,,,,0.006518641168156775,8.0
2026-10-11 11:10:00,,-0.5730989463356501,,,,,,,0.006518641168156775,8.0
2026-10-11 11:20:00,,-0.5394945620442937,,,,,,,0.006518641168156775,8.0
2026-10-11 11:30:00,,-0.5027338023776329,,,,,,,0.006518641168156775,8.0
2026-10-11 11:40:00,,-0.46313289600650975,,,,,,,0.006518641168156775,8.0
2026-10-11 11:50:00,,-0.42101902071713065,,,,,,,0.006518641168156775,8.0
2026-10-11 12:00:00,,-0.3767275174096832,,,,,,,0.006518641168156775,8.0
2026-10-11 12:10:00,,-0.3305990539097796,,,,,,,0.006518641168156775,8.0
2026-10-11 12:20:00,,-0.28297675504637865,,,,,,,0.006518641168156775,8.0
2026-10-11 12:30:00,,-0.23420334126045803,,,,,,,0.006518641168156775,8.0
2026-10-11 12:40:00,,-0.1846183424838116,,,,,,,0.006518641168156775,8.0
2026-10-11 12:50:00,,-0.13455547344578153,,,,,,,0.006518641168156775,8.0
2026-10-11 13:00:00,,-0.08434026843362498,,,,,,,0.006518641168156775,8.0
2026-10-11 13:10:00,,-0.03428807481719568,,,,,,,0.006518641168156775,8.0
2026-10-11 13:20:00,,0.015297504875990171,,,,,,,0.006518641168156775,8.0
2026-10-11 13:30:00,,0.0641256537616118,,,,,,,0.006518641168156775,8.0
2026-10-11 13:40:00,,0.1119188265343115,,,,,,,0.006518641168156775,8.0
2026-10-11 13:50:00,,0.15841268121567084,,,,,,,0.006518641168156775,8.0
2026-10-11 14:00:00,,0.20335549991220686,,,,,,,0.006518641168156775,8.0
2026-10-11 14:10:00,,0.24650718424069026,,,,,,,0.006518641168156775,8.0
2026-10-11 14:20:00,,0.2876379497423012,,,,,,,0.006518641168156775,8.0
2026-10-11 14:30:00,,0.3265268739730645,,,,,,,0.006518641168156775,8.0
2026-10-11 14:40:00,,0.3629604725753163,,,,,,,0.006518641168156775,8.0
2026-10-11 14:50:00,,0.3967314832954606,,,,,,,0.006518641168156775,8.0
2026-10-11 15:00:00,,0.4276380296327639,,,,,,,0.006518641168156775,8.0
2026-10-11 15:10:00,,0.455483312911924,,,,,,,0.006518641168156775,8.0
2026-10-11 15:20:00,,0.48007594658883024,,,,,,,0.006518641168156775,8.0
2026-10-11 15:30:00,,0.5012310016626211,,,,,,,0.006518641168156775,8.0
2026-10-11 15:40:00,,0.5187717813177342,,,,,,,0.006518641168156775,8.0
2026-10-11 15:50:00,,0.5325322903631242,,,,,,,0.006518641168156775,8.0
2026-10-11 16:00:00,,0.5423603149265886,,,,,,,0.006518641168156775,8.0
2026-10-11 16:10:00,,0.548120984495897,,,,,,,0.006518641168156775,8.0
2026-10-11 16:20:00,,0.5497006546168814,,,,,,,0.006518641168156775,8.0
2026-10-11 16:30:00,,0.5470109271475336,,,,,,,0.006518641168156775,8.0
2026-10-11 16:40:00,,0.5399926166334691,,,,,,,0.006518641168156775,8.0
2026-10-11 16:50:00,,0.5286194762897861,,,,,,,0.006518641168156775,8.0
2026-10-11 17:00:00,,0.5129015137269587,,,,,,,0.006518641168156775,8.0
2026-10-11 17:10:00,,0.49288775277585284,,,,,,,0.006518641168156775,8.0
2026-10-11 17:20:00,,0.4686683304543727,,,,,,,0.006518641168156775,8.0
2026-10-11 17:30:00,,0.4403758540036158,,,,,,,0.006518641168156775,8.0
2026-10-11 17:40:00,,0.40818597852661226,,,,,,,0.006518641168156775,8.0
2026-10-11 17:50:00,,0.3723171983373716,,,,,,,0.006518641168156775,8.0
2026-10-11 18:00:00,,0.3330298720550325,,,,,,,0.006518641168156775,8.0
2026-10-11 18:10:00,,0.2906245217357219,,,,,,,0.006518641168156775,8.0
2026-10-11 18:20:00,,0.24543945904729136,,,,,,,0.006518641168156775,8.0
2026-10-11 18:30:00,,0.1978477975587153,,,,,,,0.006518641168156775,8.0
2026-10-11 18:40:00,,0.14825391068972693,,,,,,,0.006518641168156775,8.0
2026-10-11 18:50:00,,0.09708939175869555,,,,,,,0.006518641168156775,8.0
2026-10-11 19:00:00,,0.04480856828372009,,,,,,,0.006518641168156775,8.0
2026-10-11 19:10:00,,-0.008116381015111081,,,,,,,0.006518641168156775,8.0
2026-10-11 19:20:00,,-0.06120065860418808,,,,,,,0.006518641168156775,8.0
2026-10-11 19:30:00,,-0.11395237897784394,,,,,,,0.006518641168156775,8.0
2026-10-11 19:40:00,,-0.1658783388820251,,,,,,,0.006518641168156775,8.0
2026-10-11 19:50:00,,-0.21648995593212317,,,,,,,0.006518641168156775,8.0
2026-10-11 20:00:00,,-0.2653092892343209,,,,,,,0.006518641168156775,8.0
2026-10-11 20:10:00,,-0.3118750391505268,,,,,,,0.006518641168156775,8.0
2026-10-11 20:20:00,,-0.3557484078554876,,,,,,,0.006518641168156775,8.0
2026-10-11 20:30:00,,-0.3965186900818216,,,,,,,0.006518641168156775,8.0
2026-10-11 20:40:00,,-0.4338084573905877,,,,,,,0.006518641168156775,8.0
2026-10-11 20:50:00,,-0.4672782002903344,,,,,,,0.006518641168156775,8.0
2026-10-11 21:00:00,,-0.49663030283488535,,,,,,,0.006518641168156775,8.0
2026-10-11 21:10:00,,-0.5216122430698044,,,,,,,0.006518641168156775,8.0
2026-10-11 21:20:00,,-0.5420189400880174,,,,,,,0.006518641168156775,8.0
2026-10-11 21:30:00,,-0.5576942020761603,,,,,,,0.006518641168156775,8.0
2026-10-11 21:40:00,,-0.5685312676258015,,,,,,,0.006518641168156775,8.0
2026-10-11 21:50:00,,-0.5744724713987358,,,,,,,0.006518641168156775,8.0
2026-10-11 22:00:00,,-0.5755081019075129,,,,,,,0.006518641168156775,8.0
2026-10-11 22:10:00,,-0.5716745505442996,,,,,,,0.006518641168156775,8.0
2026-10-11 22:20:00,,-0.5630518742836012,,,,,,,0.006518641168156775,8.0
2026-10-11 22:30:00,,-0.5497609080148577,,,,,,,0.006518641168156775,8.0
2026-10-11 22:40:00,,-0.5319600650618159,,,,,,,0.006518641168156775,8.0
2026-10-11 22:50:00,,-0.5098419565052554,,,,,,,0.006518641168156775,8.0
2026-10-11 23:00:00,,-0.4836299425760224,,,,,,,0.006518641168156775,8.0
2026-10-11 23:10:00,,-0.45357470490961477,,,,,,,0.006518641168156775,8.0
2026-10-11 23:20:00,,-0.4199508997822976,,,,,,,0.006518641168156775,8.0
2026-10-11 23:30:00,,-0.38305392296167823,,,,,,,0.006518641168156775,8.0
2026-10-11 23:40:00,,-0.3431967897655094,,,,,,,0.006518641168156775,8.0
2026-10-11 23:50:00,,-0.30070711260813926,,,,,,,0.006518641168156775,8.0
