,SSH_10min,Tide_10min,Significant_Wave_Height,Peak_Wave_Period,Wave_Setup,Wave_Swash,Wave_Runup,Total_Water_Level,beach_slope,water_depth
2026-08-04 00:00:00,-0.050434034,-0.5369190479211509,0.9299999792128801,12.139999728649855,0.03181468330533223,0.9277086355486873,0.9595233188540195,0.3721702366151368,0.00621376528075129,6.0
2026-08-04 00:10:00,-0.050434034,-0.553332294896946,0.9299999792128801,12.139999728649855,0.03181468330533223,0.9277086355486873,0.9595233188540195,0.35575698963934166,0.00621376528075129,6.0
2026-08-04 00:20:00,-0.050434034,-0.5657882688336783,0.9299999792128801,12.139999728649855,0.03181468330533223,0.9277086355486873,0.9595233188540195,0.3433010157026094,0.00621376528075129,6.0
2026-08-04 00:30:00,-0.050434034,-0.5741874745646858,0.9299999792128801,12.139999728649855,0.03181468330533223,0.9277086355486873,0.9595233188540195,0.3349018099716019,0.00621376528075129,6.0
2026-08-04 00:40:00,-0.050434034,-0.5784681149743036,0.9299999792128801,12.139999728649855,0.03181468330533223,0.9277086355486873,0.9595233188540195,0.33062116956198406,0.00621376528075129,6.0
2026-08-04 00:50:00,-0.050434034,-0.5786063086060692,0.9299999792128801,12.139999728649855,0.03181468330533223,0.9277086355486873,0.9595233188540195,0.33048297593021847,0.00621376528075129,6.0
2026-08-04 01:00:00,-0.050434034,-0.5746156228589078,0.9299999792128801,12.139999728649855,0.03181468330533223,0.9277086355486873,0.9595233188540195,0.3344736616773799,0.00621376528075129,6.0
2026-08-04 01:10:00,-0.050434034,-0.5665459272535142,0.9299999792128801,12.139999728649855,0.03181468330533223,0.9277086355486873,0.9595233188540195,0.3425433572827735,0.00621376528075129,6.0
2026-08-04 01:20:00,-0.050434034,-0.5544816063453994,0.9299999792128801,12.139999728649855,0.03181468330533223,0.9277086355486873,0.9595233188540195,0.35460767819088823,0.00621376528075129,6.0
2026-08-04 01:30:00,-0.050434034,-0.5385392068497514,0.9299999792128801,12.139999728649855,0.03181468330533223,0.9277086355486873,0.9595233188540195,0.37055007768653625,0.00621376528075129,6.0
2026-08-04 01:40:00,-0.050434034,-0.5188646249342088,0.9299999792128801,12.139999728649855,0.03181468330533223,0.9277086355486873,0.9595233188540195,0.39022465960207886,0.00621376528075129,6.0
2026-08-04 01:50:00,-0.050434034,-0.4956299644677153,0.9299999792128801,12.139999728649855,0.03181468330533223,0.9277086355486873,0.9595233188540195,0.41345932006857233,0.00621376528075129,6.0
2026-08-04 02:00:00,-0.050434034,-0.46903021253155464,0.9299999792128801,12.139999728649855,0.03181468330533223,0.9277086355486873,0.9595233188540195,0.44005907200473304,0.00621376528075129,6.0
2026-08-04 02:10:00,-0.050434034,-0.43927988301696863,0.9299999792128801,12.139999728649855,0.03181468330533223,0.9277086355486873,0.9595233188540195,0.46980940151931905,0.00621376528075129,6.0
2026-08-04 02:20:00,-0.050434034,-0.40660977187270186,0.9299999792128801,12.139999728649855,0.03181468330533223,0.9277086355486873,0.9595233188540195,0.5024795126635858,0.00621376528075129,6.0
2026-08-04 02:30:00,-0.050434034,-0.371263948976454,0.9299999792128801,12.139999728649855,0.03181468330533223,0.9277086355486873,0.9595233188540195,0.5378253355598337,0.00621376528075129,6.0
2026-08-04 02:40:00,-0.050434034,-0.3334970832152886,0.9299999792128801,12.139999728649855,0.03181468330533223,0.9277086355486873,0.9595233188540195,0.5755922013209991,0.00621376528075129,6.0
2026-08-04 02:50:00,-0.050434034,-0.293572161805202,0.9299999792128801,12.139999728649855,0.03181468330533223,0.9277086355486873,0.9595233188540195,0.6155171227310856,0.00621376528075129,6.0
2026-08-04 03:00:00,-0.050434034,-0.2517586253820736,0.8899999801069498,11.939999733120203,0.030610242739610022,0.8925874337092096,0.9231976764488196,0.6210050167490141,0.00621376528075129,6.0
2026-08-04 03:10:00,-0.050434034,-0.20833090083105316,0.8899999801069498,11.939999733120203,0.030610242739610022,0.8925874337092096,0.9231976764488196,0.6644327413000346,0.00621376528075129,6.0
2026-08-04 03:20:00,-0.050434034,-0.16356727778651173,0.8899999801069498,11.939999733120203,0.030610242739610022,0.8925874337092096,0.9231976764488196,0.709196364344576,0.00621376528075129,6.0
2026-08-04 03:30:00,-0.050434034,-0.11774904587216957,0.8899999801069498,11.939999733120203,0.030610242739610022,0.8925874337092096,0.9231976764488196,0.7550145962589181,0.00621376528075129,6.0
2026-08-04 03:40:00,-0.050434034,-0.07115979049941064,0.8899999801069498,11.939999733120203,0.030610242739610022,0.8925874337092096,0.9231976764488196,0.801603851631677,0.00621376528075129,6.0
2026-08-04 03:50:00,-0.050434034,-0.024084737369203583,0.8899999801069498,11.939999733120203,0.030610242739610022,0.8925874337092096,0.9231976764488196,0.8486789047618841,0.00621376528075129,6.0
2026-08-04 04:00:00,-0.050434034,0.023189959982374494,0.8899999801069498,11.939999733120203,0.030610242739610022,0.8925874337092096,0.9231976764488196,0.8959536021134622,0.00621376528075129,6.0
2026-08-04 04:10:00,-0.050434034,0.07037807973185946,0.8899999801069498,11.939999733120203,0.030610242739610022,0.8925874337092096,0.9231976764488196,0.9431417218629472,0.00621376528075129,6.0
2026-08-04 04:20:00,-0.050434034,0.11719440368552583,0.8899999801069498,11.939999733120203,0.030610242739610022,0.8925874337092096,0.9231976764488196,0.9899580458166135,0.00621376528075129,6.0
2026-08-04 04:30:00,-0.050434034,0.16335603547837715,0.8899999801069498,11.939999733120203,0.030610242739610022,0.8925874337092096,0.9231976764488196,1.0361196776094648,0.00621376528075129,6.0
2026-08-04 04:40:00,-0.050434034,0.2085839643879073,0.8899999801069498,11.939999733120203,0.030610242739610022,0.8925874337092096,0.9231976764488196,1.081347606518995,0.00621376528075129,6.0
2026-08-04 04:50:00,-0.050434034,0.2526048404955128,0.8899999801069498,11.939999733120203,0.030610242739610022,0.8925874337092096,0.9231976764488196,1.1253684826266004,0.00621376528075129,6.0
2026-08-04 05:00:00,-0.050434034,0.295152897427234,0.8899999801069498,11.939999733120203,0.030610242739610022,0.8925874337092096,0.9231976764488196,1.1679165395583218,0.00621376528075129,6.0
2026-08-04 05:10:00,-0.050434034,0.3359719371674293,0.8899999801069498,11.939999733120203,0.030610242739610022,0.8925874337092096,0.9231976764488196,1.208735579298517,0.00621376528075129,6.0
2026-08-04 05:20:00,-0.050434034,0.37481727935076825,0.8899999801069498,11.939999733120203,0.030610242739610022,0.8925874337092096,0.9231976764488196,1.2475809214818558,0.00621376528075129,6.0
2026-08-04 05:30:00,-0.050434034,0.4114575764849326,0.8899999801069498,11.939999733120203,0.030610242739610022,0.8925874337092096,0.9231976764488196,1.2842212186160202,0.00621376528075129,6.0
2026-08-04 05:40:00,-0.050434034,0.44567640668717373,0.8899999801069498,11.939999733120203,0.030610242739610022,0.8925874337092096,0.9231976764488196,1.3184400488182615,0.00621376528075129,6.0
2026-08-04 05:50:00,-0.050434034,0.4772735754133637,0.8899999801069498,11.939999733120203,0.030610242739610022,0.8925874337092096,0.9231976764488196,1.3500372175444513,0.00621376528075129,6.0
2026-08-04 06:00:00,-0.050434034,0.5060660853331834,0.8399999812245369,11.979999732226133,0.029837601167641507,0.8700573883329927,0.8998949895006343,1.355527040516086,0.00621376528075129,6.0
2026-08-04 06:10:00,-0.050434034,0.531888765556818,0.8399999812245369,11.979999732226133,0.029837601167641507,0.8700573883329927,0.8998949895006343,1.3813497207397205,0.00621376528075129,6.0
2026-08-04 06:20:00,-0.050434034,0.5545945846556342,0.8399999812245369,11.979999732226133,0.029837601167641507,0.8700573883329927,0.8998949895006343,1.4040555398385366,0.00621376528075129,6.0
2026-08-04 06:30:00,-0.050434034,0.5740547023420995,0.8399999812245369,11.979999732226133,0.029837601167641507,0.8700573883329927,0.8998949895006343,1.423515657525002,0.00621376528075129,6.0
2026-08-04 06:40:00,-0.050434034,0.590158339277992,0.8399999812245369,11.979999732226133,0.029837601167641507,0.8700573883329927,0.8998949895006343,1.4396192944608943,0.00621376528075129,6.0
2026-08-04 06:50:00,-0.050434034,0.6028125602890437,0.8399999812245369,11.979999732226133,0.029837601167641507,0.8700573883329927,0.8998949895006343,1.4522735154719462,0.00621376528075129,6.0
2026-08-04 07:00:00,-0.050434034,0.6119420717488491,0.8399999812245369,11.979999732226133,0.029837601167641507,0.8700573883329927,0.8998949895006343,1.4614030269317515,0.00621376528075129,6.0
2026-08-04 07:10:00,-0.050434034,0.6174891283014842,0.8399999812245369,11.979999732226133,0.029837601167641507,0.8700573883329927,0.8998949895006343,1.4669500834843867,0.00621376528075129,6.0
2026-08-04 07:20:00,-0.050434034,0.6194136280228947,0.8399999812245369,11.979999732226133,0.029837601167641507,0.8700573883329927,0.8998949895006343,1.468874583205797,0.00621376528075129,6.0
2026-08-04 07:30:00,-0.050434034,0.6176934502485846,0.8399999812245369,11.979999732226133,0.029837601167641507,0.8700573883329927,0.8998949895006343,1.467154405431487,0.00621376528075129,6.0
2026-08-04 07:40:00,-0.050434034,0.6123250591257086,0.8399999812245369,11.979999732226133,0.029837601167641507,0.8700573883329927,0.8998949895006343,1.461786014308611,0.00621376528075129,6.0
2026-08-04 07:50:00,-0.050434034,0.6033243617849876,0.8399999812245369,11.979999732226133,0.029837601167641507,0.8700573883329927,0.8998949895006343,1.4527853169678902,0.00621376528075129,6.0
2026-08-04 08:00:00,-0.050434034,0.5907277762508735,0.8399999812245369,11.979999732226133,0.029837601167641507,0.8700573883329927,0.8998949895006343,1.4401887314337758,0.00621376528075129,6.0
2026-08-04 08:10:00,-0.050434034,0.5745934342971016,0.8399999812245369,11.979999732226133,0.029837601167641507,0.8700573883329927,0.8998949895006343,1.4240543894800042,0.00621376528075129,6.0
2026-08-04 08:20:00,-0.050434034,0.5550024212762041,0.8399999812245369,11.979999732226133,0.029837601167641507,0.8700573883329927,0.8998949895006343,1.4044633764591066,0.00621376528075129,6.0
2026-08-04 08:30:00,-0.050434034,0.5320599407386364,0.8399999812245369,11.979999732226133,0.029837601167641507,0.8700573883329927,0.8998949895006343,1.3815208959215388,0.00621376528075129,6.0
2026-08-04 08:40:00,-0.050434034,0.5058962875702148,0.8399999812245369,11.979999732226133,0.029837601167641507,0.8700573883329927,0.8998949895006343,1.3553572427531173,0.00621376528075129,6.0
2026-08-04 08:50:00,-0.050434034,0.4766675196117724,0.8399999812245369,11.979999732226133,0.029837601167641507,0.8700573883329927,0.8998949895006343,1.3261284747946749,0.00621376528075129,6.0
2026-08-04 09:00:00,-0.050434034,0.4445557332767601,0.8099999818950891,11.939999733120203,0.029202113169420025,0.8515267087068715,0.8807288218762915,1.2748505208353198,0.00621376528075129,6.0
2026-08-04 09:10:00,-0.050434034,0.4097688718129328,0.8099999818950891,11.939999733120203,0.029202113169420025,0.8515267087068715,0.8807288218762915,1.2400636593714924,0.00621376528075129,6.0
2026-08-04 09:20:00,-0.050434034,0.37254002287121923,0.8099999818950891,11.939999733120203,0.029202113169420025,0.8515267087068715,0.8807288218762915,1.202834810429779,0.00621376528075129,6.0
2026-08-04 09:30:00,-0.050434034,0.33312619220781337,0.8099999818950891,11.939999733120203,0.029202113169420025,0.8515267087068715,0.8807288218762915,1.163420979766373,0.00621376528075129,6.0
2026-08-04 09:40:00,-0.050434034,0.2918065694002489,0.8099999818950891,11.939999733120203,0.029202113169420025,0.8515267087068715,0.8807288218762915,1.1221013569588085,0.00621376528075129,6.0
2026-08-04 09:50:00,-0.050434034,0.24888032701120502,0.8099999818950891,11.939999733120203,0.029202113169420025,0.8515267087068715,0.8807288218762915,1.0791751145697648,0.00621376528075129,6.0
2026-08-04 10:00:00,-0.050434034,0.20466401425659467,0.8099999818950891,11.939999733120203,0.029202113169420025,0.8515267087068715,0.8807288218762915,1.0349588018151543,0.00621376528075129,6.0
2026-08-04 10:10:00,-0.050434034,0.15948861872655182,0.8099999818950891,11.939999733120203,0.029202113169420025,0.8515267087068715,0.8807288218762915,0.9897834062851115,0.00621376528075129,6.0
2026-08-04 10:20:00,-0.050434034,0.1136963747149191,0.8099999818950891,11.939999733120203,0.029202113169420025,0.8515267087068715,0.8807288218762915,0.9439911622734788,0.00621376528075129,6.0
2026-08-04 10:30:00,-0.050434034,0.06763739447349185,0.8099999818950891,11.939999733120203,0.029202113169420025,0.8515267087068715,0.8807288218762915,0.8979321820320515,0.00621376528075129,6.0
2026-08-04 10:40:00,-0.050434034,0.021666190891502582,0.8099999818950891,11.939999733120203,0.029202113169420025,0.8515267087068715,0.8807288218762915,0.8519609784500622,0.00621376528075129,6.0
2026-08-04 10:50:00,-0.050434034,-0.023861851731668715,0.8099999818950891,11.939999733120203,0.029202113169420025,0.8515267087068715,0.8807288218762915,0.8064329358268909,0.00621376528075129,6.0
2026-08-04 11:00:00,-0.050434034,-0.06859401529194006,0.8099999818950891,11.939999733120203,0.029202113169420025,0.8515267087068715,0.8807288218762915,0.7617007722666196,0.00621376528075129,6.0
2026-08-04 11:10:00,-0.050434034,-0.11218376283072626,0.8099999818950891,11.939999733120203,0.029202113169420025,0.8515267087068715,0.8807288218762915,0.7181110247278334,0.00621376528075129,6.0
2026-08-04 11:20:00,-0.050434034,-0.15429420918385403,0.8099999818950891,11.939999733120203,0.029202113169420025,0.8515267087068715,0.8807288218762915,0.6760005783747056,0.00621376528075129,6.0
2026-08-04 11:30:00,-0.050434034,-0.19460153062996796,0.8099999818950891,11.939999733120203,0.029202113169420025,0.8515267087068715,0.8807288218762915,0.6356932569285917,0.00621376528075129,6.0
2026-08-04 11:40:00,-0.050434034,-0.23279829647520295,0.8099999818950891,11.939999733120203,0.029202113169420025,0.8515267087068715,0.8807288218762915,0.5974964910833567,0.00621376528075129,6.0
2026-08-04 11:50:00,-0.050434034,-0.2685966996919007,0.8099999818950891,11.939999733120203,0.029202113169420025,0.8515267087068715,0.8807288218762915,0.561698087866659,0.00621376528075129,6.0
2026-08-04 12:00:00,-0.050434034,-0.3017316536032061,0.789999982342124,11.799999736249447,0.028501190201989896,0.8310879608652308,0.8595891510672208,0.5074234631462828,0.00621376528075129,6.0
2026-08-04 12:10:00,-0.050434034,-0.33196370851509743,0.789999982342124,11.799999736249447,0.028501190201989896,0.8310879608652308,0.8595891510672208,0.4771914082343915,0.00621376528075129,6.0
2026-08-04 12:20:00,-0.050434034,-0.35908172848579095,0.789999982342124,11.799999736249447,0.028501190201989896,0.8310879608652308,0.8595891510672208,0.45007338826369797,0.00621376528075129,6.0
2026-08-04 12:30:00,-0.050434034,-0.38290525653607993,0.789999982342124,11.799999736249447,0.028501190201989896,0.8310879608652308,0.8595891510672208,0.426249860213409,0.00621376528075129,6.0
2026-08-04 12:40:00,-0.050434034,-0.4032864888317132,0.789999982342124,11.799999736249447,0.028501190201989896,0.8310879608652308,0.8595891510672208,0.4058686279177757,0.00621376528075129,6.0
2026-08-04 12:50:00,-0.050434034,-0.42011177694287677,0.789999982342124,11.799999736249447,0.028501190201989896,0.8310879608652308,0.8595891510672208,0.38904333980661215,0.00621376528075129,6.0
2026-08-04 13:00:00,-0.050434034,-0.43330258349484907,0.789999982342124,11.799999736249447,0.028501190201989896,0.8310879608652308,0.8595891510672208,0.37585253325463985,0.00621376528075129,6.0
2026-08-04 13:10:00,-0.050434034,-0.4428158310741669,0.789999982342124,11.799999736249447,0.028501190201989896,0.8310879608652308,0.8595891510672208,0.36633928567532204,0.00621376528075129,6.0
2026-08-04 13:20:00,-0.050434034,-0.4486436066127537,0.789999982342124,11.799999736249447,0.028501190201989896,0.8310879608652308,0.8595891510672208,0.3605115101367352,0.00621376528075129,6.0
2026-08-04 13:30:00,-0.050434034,-0.4508122124380033,0.789999982342124,11.799999736249447,0.028501190201989896,0.8310879608652308,0.8595891510672208,0.35834290431148563,0.00621376528075129,6.0
2026-08-04 13:40:00,-0.050434034,-0.44938058837557604,0.789999982342124,11.799999736249447,0.028501190201989896,0.8310879608652308,0.8595891510672208,0.3597745283739129,0.00621376528075129,6.0
2026-08-04 13:50:00,-0.050434034,-0.44443816393407426,0.789999982342124,11.799999736249447,0.028501190201989896,0.8310879608652308,0.8595891510672208,0.36471695281541466,0.00621376528075129,6.0
2026-08-04 14:00:00,-0.050434034,-0.4361022324089442,0.789999982342124,11.799999736249447,0.028501190201989896,0.8310879608652308,0.8595891510672208,0.37305288434054473,0.00621376528075129,6.0
2026-08-04 14:10:00,-0.050434034,-0.4245149664633853,0.789999982342124,11.799999736249447,0.028501190201989896,0.8310879608652308,0.8595891510672208,0.3846401502861036,0.00621376528075129,6.0
2026-08-04 14:20:00,-0.050434034,-0.409840214482376,0.789999982342124,11.799999736249447,0.028501190201989896,0.8310879608652308,0.8595891510672208,0.3993149022671129,0.00621376528075129,6.0
2026-08-04 14:30:00,-0.050434034,-0.39226022654336357,0.789999982342124,11.799999736249447,0.028501190201989896,0.8310879608652308,0.8595891510672208,0.41689489020612536,0.00621376528075129,6.0
2026-08-04 14:40:00,-0.050434034,-0.37197245687844716,0.789999982342124,11.799999736249447,0.028501190201989896,0.8310879608652308,0.8595891510672208,0.43718265987104177,0.00621376528075129,6.0
2026-08-04 14:50:00,-0.050434034,-0.3491865761370789,0.789999982342124,11.799999736249447,0.028501190201989896,0.8310879608652308,0.8595891510672208,0.45996854061241005,0.00621376528075129,6.0
2026-08-04 15:00:00,-0.050434034,-0.32412180248393646,0.7999999821186066,11.639999739825726,0.028292115166705108,0.8249913823184679,0.8532834974851731,0.47872766068350475,0.00621376528075129,6.0
2026-08-04 15:10:00,-0.050434034,-0.2970046277890545,0.7999999821186066,11.639999739825726,0.028292115166705108,0.8249913823184679,0.8532834974851731,0.5058448353783866,0.00621376528075129,6.0
2026-08-04 15:20:00,-0.050434034,-0.26806697675995916,0.7999999821186066,11.639999739825726,0.028292115166705108,0.8249913823184679,0.8532834974851731,0.534782486407482,0.00621376528075129,6.0
2026-08-04 15:30:00,-0.050434034,-0.23754479651101787,0.7999999821186066,11.639999739825726,0.028292115166705108,0.8249913823184679,0.8532834974851731,0.5653046666564233,0.00621376528075129,6.0
2026-08-04 15:40:00,-0.050434034,-0.20567703544573843,0.7999999821186066,11.639999739825726,0.028292115166705108,0.8249913823184679,0.8532834974851731,0.5971724277217028,0.00621376528075129,6.0
2026-08-04 15:50:00,-0.050434034,-0.17270493726244535,0.7999999821186066,11.639999739825726,0.028292115166705108,0.8249913823184679,0.8532834974851731,0.6301445259049958,0.00621376528075129,6.0
2026-08-04 16:00:00,-0.050434034,-0.13887155137833512,0.7999999821186066,11.639999739825726,0.028292115166705108,0.8249913823184679,0.8532834974851731,0.663977911789106,0.00621376528075129,6.0
2026-08-04 16:10:00,-0.050434034,-0.10442134733832607,0.7999999821186066,11.639999739825726,0.028292115166705108,0.8249913823184679,0.8532834974851731,0.6984281158291151,0.00621376528075129,6.0
2026-08-04 16:20:00,-0.050434034,-0.06959981915893355,0.7999999821186066,11.639999739825726,0.028292115166705108,0.8249913823184679,0.8532834974851731,0.7332496440085077,0.00621376528075129,6.0
2026-08-04 16:30:00,-0.050434034,-0.034652975674738566,0.7999999821186066,11.639999739825726,0.028292115166705108,0.8249913823184679,0.8532834974851731,0.7681964874927026,0.00621376528075129,6.0
2026-08-04 16:40:00,-0.050434034,0.00017336618826687466,0.7999999821186066,11.639999739825726,0.028292115166705108,0.8249913823184679,0.8532834974851731,0.8030228293557081,0.00621376528075129,6.0
2026-08-04 16:50:00,-0.050434034,0.03463453927879936,0.7999999821186066,11.639999739825726,0.028292115166705108,0.8249913823184679,0.8532834974851731,0.8374840024462405,0.00621376528075129,6.0
2026-08-04 17:00:00,-0.050434034,0.06848825528705087,0.7999999821186066,11.639999739825726,0.028292115166705108,0.8249913823184679,0.8532834974851731,0.871337718454492,0.00621376528075129,6.0
2026-08-04 17:10:00,-0.050434034,0.10149608974012607,0.7999999821186066,11.639999739825726,0.028292115166705108,0.8249913823184679,0.8532834974851731,0.9043455529075672,0.00621376528075129,6.0
2026-08-04 17:20:00,-0.050434034,0.13342517478907975,0.7999999821186066,11.639999739825726,0.028292115166705108,0.8249913823184679,0.8532834974851731,0.936274637956521,0.00621376528075129,6.0
2026-08-04 17:30:00,-0.050434034,0.16405002475712416,0.7999999821186066,11.639999739825726,0.028292115166705108,0.8249913823184679,0.8532834974851731,0.9668994879245654,0.00621376528075129,6.0
2026-08-04 17:40:00,-0.050434034,0.19315440134794798,0.7999999821186066,11.639999739825726,0.028292115166705108,0.8249913823184679,0.8532834974851731,0.9960038645153892,0.00621376528075129,6.0
2026-08-04 17:50:00,-0.050434034,0.22053311784491064,0.7999999821186066,11.639999739825726,0.028292115166705108,0.8249913823184679,0.8532834974851731,1.0233825810123518,0.00621376528075129,6.0
2026-08-04 18:00:00,-0.050434034,0.24599368541958602,0.7799999825656414,11.239999748766422,0.026976217593655982,0.7866201205240553,0.8135963381177113,1.0091559892195654,0.00621376528075129,6.0
2026-08-04 18:10:00,-0.050434034,0.26935771916451745,0.7799999825656414,11.239999748766422,0.026976217593655982,0.7866201205240553,0.8135963381177113,1.0325200229644969,0.00621376528075129,6.0
2026-08-04 18:20:00,-0.050434034,0.29046204494381156,0.7799999825656414,11.239999748766422,0.026976217593655982,0.7866201205240553,0.8135963381177113,1.0536243487437909,0.00621376528075129,6.0
2026-08-04 18:30:00,-0.050434034,0.30915947804698124,0.7799999825656414,11.239999748766422,0.026976217593655982,0.7866201205240553,0.8135963381177113,1.0723217818469606,0.00621376528075129,6.0
2026-08-04 18:40:00,-0.050434034,0.325319277512728,0.7799999825656414,11.239999748766422,0.026976217593655982,0.7866201205240553,0.8135963381177113,1.0884815813127073,0.00621376528075129,6.0
2026-08-04 18:50:00,-0.050434034,0.3388273122362262,0.7799999825656414,11.239999748766422,0.026976217593655982,0.7866201205240553,0.8135963381177113,1.1019896160362057,0.00621376528075129,6.0
2026-08-04 19:00:00,-0.050434034,0.34958600306642207,0.7799999825656414,11.239999748766422,0.026976217593655982,0.7866201205240553,0.8135963381177113,1.1127483068664015,0.00621376528075129,6.0
2026-08-04 19:10:00,-0.050434034,0.3575141260058512,0.7799999825656414,11.239999748766422,0.026976217593655982,0.7866201205240553,0.8135963381177113,1.1206764298058305,0.00621376528075129,6.0
2026-08-04 19:20:00,-0.050434034,0.3625465728986827,0.7799999825656414,11.239999748766422,0.026976217593655982,0.7866201205240553,0.8135963381177113,1.125708876698662,0.00621376528075129,6.0
2026-08-04 19:30:00,-0.050434034,0.3646341666564283,0.7799999825656414,11.239999748766422,0.026976217593655982,0.7866201205240553,0.8135963381177113,1.1277964704564076,0.00621376528075129,6.0
2026-08-04 19:40:00,-0.050434034,0.36374361779760306,0.7799999825656414,11.239999748766422,0.026976217593655982,0.7866201205240553,0.8135963381177113,1.1269059215975825,0.00621376528075129,6.0
2026-08-04 19:50:00,-0.050434034,0.3598576890997744,0.7799999825656414,11.239999748766422,0.026976217593655982,0.7866201205240553,0.8135963381177113,1.1230199928997537,0.00621376528075129,6.0
2026-08-04 20:00:00,-0.050434034,0.35297560757205937,0.7799999825656414,11.239999748766422,0.026976217593655982,0.7866201205240553,0.8135963381177113,1.1161379113720389,0.00621376528075129,6.0
2026-08-04 20:10:00,-0.050434034,0.34311373053846417,0.7799999825656414,11.239999748766422,0.026976217593655982,0.7866201205240553,0.8135963381177113,1.1062760343384435,0.00621376528075129,6.0
2026-08-04 20:20:00,-0.050434034,0.33030643890743044,0.7799999825656414,11.239999748766422,0.026976217593655982,0.7866201205240553,0.8135963381177113,1.09346874270741,0.00621376528075129,6.0
2026-08-04 20:30:00,-0.050434034,0.31460719899591666,0.7799999825656414,11.239999748766422,0.026976217593655982,0.7866201205240553,0.8135963381177113,1.077769502795896,0.00621376528075129,6.0
2026-08-04 20:40:00,-0.050434034,0.2960897078793177,0.7799999825656414,11.239999748766422,0.026976217593655982,0.7866201205240553,0.8135963381177113,1.0592520116792972,0.00621376528075129,6.0
2026-08-04 20:50:00,-0.050434034,0.274849018691424,0.7799999825656414,11.239999748766422,0.026976217593655982,0.7866201205240553,0.8135963381177113,1.0380113224914034,0.00621376528075129,6.0
2026-08-04 21:00:00,-0.050434034,0.25100253332349215,0.7299999836832285,10.99999975413084,0.02554003915129185,0.7447414970474934,0.7702815361987853,0.9708500352045455,0.00621376528075129,6.0
2026-08-04 21:10:00,-0.050434034,0.2246907512667993,0.7299999836832285,10.99999975413084,0.02554003915129185,0.7447414970474934,0.7702815361987853,0.9445382531478527,0.00621376528075129,6.0
2026-08-04 21:20:00,-0.050434034,0.19607767452052507,0.7299999836832285,10.99999975413084,0.02554003915129185,0.7447414970474934,0.7702815361987853,0.9159251764015784,0.00621376528075129,6.0
2026-08-04 21:30:00,-0.050434034,0.1653507881026457,0.7299999836832285,10.99999975413084,0.02554003915129185,0.7447414970474934,0.7702815361987853,0.8851982899836991,0.00621376528075129,6.0
2026-08-04 21:40:00,-0.050434034,0.13272056162770435,0.7299999836832285,10.99999975413084,0.02554003915129185,0.7447414970474934,0.7702815361987853,0.8525680635087578,0.00621376528075129,6.0
2026-08-04 21:50:00,-0.050434034,0.09841944673344369,0.7299999836832285,10.99999975413084,0.02554003915129185,0.7447414970474934,0.7702815361987853,0.8182669486144971,0.00621376528075129,6.0
2026-08-04 22:00:00,-0.050434034,0.06270037501893953,0.7299999836832285,10.99999975413084,0.02554003915129185,0.7447414970474934,0.7702815361987853,0.782547876899993,0.00621376528075129,6.0
2026-08-04 22:10:00,-0.050434034,0.025834788502688104,0.7299999836832285,10.99999975413084,0.02554003915129185,0.7447414970474934,0.7702815361987853,0.7456822903837415,0.00621376528075129,6.0
2026-08-04 22:20:00,-0.050434034,-0.011889742820688673,0.7299999836832285,10.99999975413084,0.02554003915129185,0.7447414970474934,0.7702815361987853,0.7079577590603647,0.00621376528075129,6.0
2026-08-04 22:30:00,-0.050434034,-0.05017224595313465,0.7299999836832285,10.99999975413084,0.02554003915129185,0.7447414970474934,0.7702815361987853,0.6696752559279188,0.00621376528075129,6.0
2026-08-04 22:40:00,-0.050434034,-0.08870133370512871,0.7299999836832285,10.99999975413084,0.02554003915129185,0.7447414970474934,0.7702815361987853,0.6311461681759247,0.00621376528075129,6.0
2026-08-04 22:50:00,-0.050434034,-0.12715837788763146,0.7299999836832285,10.99999975413084,0.02554003915129185,0.7447414970474934,0.7702815361987853,0.592689123993422,0.00621376528075129,6.0
2026-08-04 23:00:00,-0.050434034,-0.16522079333581668,0.7299999836832285,10.99999975413084,0.02554003915129185,0.7447414970474934,0.7702815361987853,0.5546267085452368,0.00621376528075129,6.0
2026-08-04 23:10:00,-0.050434034,-0.20256536990865023,0.7299999836832285,10.99999975413084,0.02554003915129185,0.7447414970474934,0.7702815361987853,0.5172821319724031,0.00621376528075129,6.0
2026-08-04 23:20:00,-0.050434034,-0.23887160325024037,0.7299999836832285,10.99999975413084,0.02554003915129185,0.7447414970474934,0.7702815361987853,0.480975898630813,0.00621376528075129,6.0
2026-08-04 23:30:00,-0.050434034,-0.2738249889359176,0.7299999836832285,10.99999975413084,0.02554003915129185,0.7447414970474934,0.7702815361987853,0.4460225129451358,0.00621376528075129,6.0
2026-08-04 23:40:00,-0.050434034,-0.3071202566598256,0.7299999836832285,10.99999975413084,0.02554003915129185,0.7447414970474934,0.7702815361987853,0.4127272452212278,0.00621376528075129,6.0
2026-08-04 23:50:00,-0.050434034,-0.338464529235278,0.7299999836832285,10.99999975413084,0.02554003915129185,0.7447414970474934,0.7702815361987853,0.3813829726457754,0.00621376528075129,6.0
2026-08-05 00:00:00,-0.064038545,-0.36758039430464307,0.6799999848008156,10.839999757707119,0.02429132373798903,0.7083292511311677,0.7326205748691568,0.30100163567124893,0.00621376528075129,6.0
2026-08-05 00:10:00,-0.064038545,-0.39420887414708367,0.6799999848008156,10.839999757707119,0.02429132373798903,0.7083292511311677,0.7326205748691568,0.27437315582880833,0.00621376528075129,6.0
2026-08-05 00:20:00,-0.064038545,-0.4181122713726478,0.6799999848008156,10.839999757707119,0.02429132373798903,0.7083292511311677,0.7326205748691568,0.2504697586032442,0.00621376528075129,6.0
2026-08-05 00:30:00,-0.064038545,-0.43907685686876113,0.6799999848008156,10.839999757707119,0.02429132373798903,0.7083292511311677,0.7326205748691568,0.22950517310713092,0.00621376528075129,6.0
2026-08-05 00:40:00,-0.064038545,-0.4569153527999146,0.6799999848008156,10.839999757707119,0.02429132373798903,0.7083292511311677,0.7326205748691568,0.21166667717597742,0.00621376528075129,6.0
2026-08-05 00:50:00,-0.064038545,-0.4714691504409253,0.6799999848008156,10.839999757707119,0.02429132373798903,0.7083292511311677,0.7326205748691568,0.1971128795349667,0.00621376528075129,6.0
2026-08-05 01:00:00,-0.064038545,-0.482610192230801,0.6799999848008156,10.839999757707119,0.02429132373798903,0.7083292511311677,0.7326205748691568,0.18597183774509096,0.00621376528075129,6.0
2026-08-05 01:10:00,-0.064038545,-0.4902424423404531,0.6799999848008156,10.839999757707119,0.02429132373798903,0.7083292511311677,0.7326205748691568,0.1783395876354389,0.00621376528075129,6.0
2026-08-05 01:20:00,-0.064038545,-0.49430287169216963,0.6799999848008156,10.839999757707119,0.02429132373798903,0.7083292511311677,0.7326205748691568,0.17427915828372242,0.00621376528075129,6.0
2026-08-05 01:30:00,-0.064038545,-0.4947618931366058,0.6799999848008156,10.839999757707119,0.02429132373798903,0.7083292511311677,0.7326205748691568,0.1738201368392862,0.00621376528075129,6.0
2026-08-05 01:40:00,-0.064038545,-0.4916232002533344,0.6799999848008156,10.839999757707119,0.02429132373798903,0.7083292511311677,0.7326205748691568,0.1769588297225576,0.00621376528075129,6.0
2026-08-05 01:50:00,-0.064038545,-0.4849229883158785,0.6799999848008156,10.839999757707119,0.02429132373798903,0.7083292511311677,0.7326205748691568,0.18365904166001346,0.00621376528075129,6.0
2026-08-05 02:00:00,-0.064038545,-0.47472856653928686,0.6799999848008156,10.839999757707119,0.02429132373798903,0.7083292511311677,0.7326205748691568,0.19385346343660514,0.00621376528075129,6.0
2026-08-05 02:10:00,-0.064038545,-0.46113640418108215,0.6799999848008156,10.839999757707119,0.02429132373798903,0.7083292511311677,0.7326205748691568,0.20744562579480985,0.00621376528075129,6.0
2026-08-05 02:20:00,-0.064038545,-0.4442696864287465,0.6799999848008156,10.839999757707119,0.02429132373798903,0.7083292511311677,0.7326205748691568,0.22431234354714547,0.00621376528075129,6.0
2026-08-05 02:30:00,-0.064038545,-0.42427548592459763,0.6799999848008156,10.839999757707119,0.02429132373798903,0.7083292511311677,0.7326205748691568,0.24430654405129437,0.00621376528075129,6.0
2026-08-05 02:40:00,-0.064038545,-0.40132167919594625,0.6799999848008156,10.839999757707119,0.02429132373798903,0.7083292511311677,0.7326205748691568,0.26726035077994575,0.00621376528075129,6.0
2026-08-05 02:50:00,-0.064038545,-0.37559375154826125,0.6799999848008156,10.839999757707119,0.02429132373798903,0.7083292511311677,0.7326205748691568,0.29298827842763076,0.00621376528075129,6.0
2026-08-05 03:00:00,-0.064038545,-0.34729163738356816,0.6599999852478504,10.699999760836363,0.023622354839646045,0.6888222763814847,0.7124446312211308,0.30111444894429784,0.00621376528075129,6.0
2026-08-05 03:10:00,-0.064038545,-0.31662673466989333,0.6599999852478504,10.699999760836363,0.023622354839646045,0.6888222763814847,0.7124446312211308,0.3317793516579727,0.00621376528075129,6.0
2026-08-05 03:20:00,-0.064038545,-0.28381921284188566,0.6599999852478504,10.699999760836363,0.023622354839646045,0.6888222763814847,0.7124446312211308,0.36458687348598035,0.00621376528075129,6.0
2026-08-05 03:30:00,-0.064038545,-0.2490957042474003,0.6599999852478504,10.699999760836363,0.023622354839646045,0.6888222763814847,0.7124446312211308,0.3993103820804657,0.00621376528075129,6.0
2026-08-05 03:40:00,-0.064038545,-0.21268743303833382,0.6599999852478504,10.699999760836363,0.023622354839646045,0.6888222763814847,0.7124446312211308,0.4357186532895322,0.00621376528075129,6.0
2026-08-05 03:50:00,-0.064038545,-0.17482879528587997,0.6599999852478504,10.699999760836363,0.023622354839646045,0.6888222763814847,0.7124446312211308,0.47357729104198604,0.00621376528075129,6.0
2026-08-05 04:00:00,-0.064038545,-0.13575636403025182,0.6599999852478504,10.699999760836363,0.023622354839646045,0.6888222763814847,0.7124446312211308,0.5126497222976142,0.00621376528075129,6.0
2026-08-05 04:10:00,-0.064038545,-0.09570825651253667,0.6599999852478504,10.699999760836363,0.023622354839646045,0.6888222763814847,0.7124446312211308,0.5526978298153293,0.00621376528075129,6.0
2026-08-05 04:20:00,-0.064038545,-0.05492377166783664,0.6599999852478504,10.699999760836363,0.023622354839646045,0.6888222763814847,0.7124446312211308,0.5934823146600293,0.00621376528075129,6.0
2026-08-05 04:30:00,-0.064038545,-0.013643186574250104,0.6599999852478504,10.699999760836363,0.023622354839646045,0.6888222763814847,0.7124446312211308,0.6347628997536159,0.00621376528075129,6.0
2026-08-05 04:40:00,-0.064038545,0.027892407092816433,0.6599999852478504,10.699999760836363,0.023622354839646045,0.6888222763814847,0.7124446312211308,0.6762984934206824,0.00621376528075129,6.0
2026-08-05 04:50:00,-0.064038545,0.06944134106072489,0.6599999852478504,10.699999760836363,0.023622354839646045,0.6888222763814847,0.7124446312211308,0.7178474273885909,0.00621376528075129,6.0
2026-08-05 05:00:00,-0.064038545,0.11076178136141794,0.6599999852478504,10.699999760836363,0.023622354839646045,0.6888222763814847,0.7124446312211308,0.7591678676892839,0.00621376528075129,6.0
2026-08-05 05:10:00,-0.064038545,0.1516123848781467,0.6599999852478504,10.699999760836363,0.023622354839646045,0.6888222763814847,0.7124446312211308,0.8000184712060128,0.00621376528075129,6.0
2026-08-05 05:20:00,-0.064038545,0.19175324186100887,0.6599999852478504,10.699999760836363,0.023622354839646045,0.6888222763814847,0.7124446312211308,0.8401593281888748,0.00621376528075129,6.0
2026-08-05 05:30:00,-0.064038545,0.2309471088496421,0.6599999852478504,10.699999760836363,0.023622354839646045,0.6888222763814847,0.7124446312211308,0.8793531951775081,0.00621376528075129,6.0
2026-08-05 05:40:00,-0.064038545,0.268960901252435,0.6599999852478504,10.699999760836363,0.023622354839646045,0.6888222763814847,0.7124446312211308,0.917366987580301,0.00621376528075129,6.0
2026-08-05 05:50:00,-0.064038545,0.3055673836525818,0.6599999852478504,10.699999760836363,0.023622354839646045,0.6888222763814847,0.7124446312211308,0.9539734699804479,0.00621376528075129,6.0
2026-08-05 06:00:00,-0.064038545,0.3405469723664691,0.6499999854713678,10.519999764859676,0.02304835113079507,0.672084464081817,0.695132815212612,0.9716412426858163,0.00621376528075129,6.0
2026-08-05 06:10:00,-0.064038545,0.37368955091723677,0.6499999854713678,10.519999764859676,0.02304835113079507,0.672084464081817,0.695132815212612,1.004783821236584,0.00621376528075129,6.0
2026-08-05 06:20:00,-0.064038545,0.40479619640778264,0.6499999854713678,10.519999764859676,0.02304835113079507,0.672084464081817,0.695132815212612,1.03589046672713,0.00621376528075129,6.0
2026-08-05 06:30:00,-0.064038545,0.43368072342648,0.6499999854713678,10.519999764859676,0.02304835113079507,0.672084464081817,0.695132815212612,1.0647749937458273,0.00621376528075129,6.0
2026-08-05 06:40:00,-0.064038545,0.46017097072139124,0.6499999854713678,10.519999764859676,0.02304835113079507,0.672084464081817,0.695132815212612,1.0912652410407384,0.00621376528075129,6.0
2026-08-05 06:50:00,-0.064038545,0.48410978269923494,0.6499999854713678,10.519999764859676,0.02304835113079507,0.672084464081817,0.695132815212612,1.1152040530185823,0.00621376528075129,6.0
2026-08-05 07:00:00,-0.064038545,0.5053556692170872,0.6499999854713678,10.519999764859676,0.02304835113079507,0.672084464081817,0.695132815212612,1.1364499395364345,0.00621376528075129,6.0
2026-08-05 07:10:00,-0.064038545,0.5237831603448183,0.6499999854713678,10.519999764859676,0.02304835113079507,0.672084464081817,0.695132815212612,1.1548774306641656,0.00621376528075129,6.0
2026-08-05 07:20:00,-0.064038545,0.5392829033666483,0.6499999854713678,10.519999764859676,0.02304835113079507,0.672084464081817,0.695132815212612,1.1703771736859956,0.00621376528075129,6.0
2026-08-05 07:30:00,-0.064038545,0.5517615745550518,0.6499999854713678,10.519999764859676,0.02304835113079507,0.672084464081817,0.695132815212612,1.182855844874399,0.00621376528075129,6.0
2026-08-05 07:40:00,-0.064038545,0.5611416950180191,0.6499999854713678,10.519999764859676,0.02304835113079507,0.672084464081817,0.695132815212612,1.1922359653373664,0.00621376528075129,6.0
2026-08-05 07:50:00,-0.064038545,0.5673614465327047,0.6499999854713678,10.519999764859676,0.02304835113079507,0.672084464081817,0.695132815212612,1.198455716852052,0.00621376528075129,6.0
2026-08-05 08:00:00,-0.064038545,0.5703745791325949,0.6499999854713678,10.519999764859676,0.02304835113079507,0.672084464081817,0.695132815212612,1.2014688494519423,0.00621376528075129,6.0
2026-08-05 08:10:00,-0.064038545,0.5701504875102286,0.6499999854713678,10.519999764859676,0.02304835113079507,0.672084464081817,0.695132815212612,1.201244757829576,0.00621376528075129,6.0
2026-08-05 08:20:00,-0.064038545,0.5666745099360122,0.6499999854713678,10.519999764859676,0.02304835113079507,0.672084464081817,0.695132815212612,1.1977687802553594,0.00621376528075129,6.0
2026-08-05 08:30:00,-0.064038545,0.5599484735456445,0.6499999854713678,10.519999764859676,0.02304835113079507,0.672084464081817,0.695132815212612,1.1910427438649918,0.00621376528075129,6.0
2026-08-05 08:40:00,-0.064038545,0.5499914769804535,0.6499999854713678,10.519999764859676,0.02304835113079507,0.672084464081817,0.695132815212612,1.1810857472998006,0.00621376528075129,6.0
2026-08-05 08:50:00,-0.064038545,0.5368408686187823,0.6499999854713678,10.519999764859676,0.02304835113079507,0.672084464081817,0.695132815212612,1.1679351389381296,0.00621376528075129,6.0
2026-08-05 09:00:00,-0.064038545,0.5205533496087437,0.6399999856948853,10.439999766647816,0.02269644976651741,0.6618231035845703,0.6845195533510877,1.1410343580665665,0.00621376528075129,6.0
2026-08-05 09:10:00,-0.064038545,0.5012061083818574,0.6399999856948853,10.439999766647816,0.02269644976651741,0.6618231035845703,0.6845195533510877,1.1216871168396803,0.00621376528075129,6.0
2026-08-05 09:20:00,-0.064038545,0.4788978795646387,0.6399999856948853,10.439999766647816,0.02269644976651741,0.6618231035845703,0.6845195533510877,1.0993788880224615,0.00621376528075129,6.0
2026-08-05 09:30:00,-0.064038545,0.45374981637918593,0.6399999856948853,10.439999766647816,0.02269644976651741,0.6618231035845703,0.6845195533510877,1.074230824837009,0.00621376528075129,6.0
2026-08-05 09:40:00,-0.064038545,0.4259060719690567,0.6399999856948853,10.439999766647816,0.02269644976651741,0.6618231035845703,0.6845195533510877,1.0463870804268796,0.00621376528075129,6.0
2026-08-05 09:50:00,-0.064038545,0.3955340005761347,0.6399999856948853,10.439999766647816,0.02269644976651741,0.6618231035845703,0.6845195533510877,1.0160150090339577,0.00621376528075129,6.0
2026-08-05 10:00:00,-0.064038545,0.3628239125411439,0.6399999856948853,10.439999766647816,0.02269644976651741,0.6618231035845703,0.6845195533510877,0.9833049209989668,0.00621376528075129,6.0
2026-08-05 10:10:00,-0.064038545,0.3279883447987201,0.6399999856948853,10.439999766647816,0.02269644976651741,0.6618231035845703,0.6845195533510877,0.948469353256543,0.00621376528075129,6.0
2026-08-05 10:20:00,-0.064038545,0.2912608384622445,0.6399999856948853,10.439999766647816,0.02269644976651741,0.6618231035845703,0.6845195533510877,0.9117418469200674,0.00621376528075129,6.0
2026-08-05 10:30:00,-0.064038545,0.2528942437207601,0.6399999856948853,10.439999766647816,0.02269644976651741,0.6618231035845703,0.6845195533510877,0.873375252178583,0.00621376528075129,6.0
2026-08-05 10:40:00,-0.064038545,0.2131585973145054,0.6399999856948853,10.439999766647816,0.02269644976651741,0.6618231035845703,0.6845195533510877,0.8336396057723283,0.00621376528075129,6.0
2026-08-05 10:50:00,-0.064038545,0.17233863694284193,0.6399999856948853,10.439999766647816,0.02269644976651741,0.6618231035845703,0.6845195533510877,0.7928196454006649,0.00621376528075129,6.0
2026-08-05 11:00:00,-0.064038545,0.13073102870252684,0.6399999856948853,10.439999766647816,0.02269644976651741,0.6618231035845703,0.6845195533510877,0.7512120371603498,0.00621376528075129,6.0
2026-08-05 11:10:00,-0.064038545,0.08864138786241028,0.6399999856948853,10.439999766647816,0.02269644976651741,0.6618231035845703,0.6845195533510877,0.7091223963202332,0.00621376528075129,6.0
2026-08-05 11:20:00,-0.064038545,0.046381169998641114,0.6399999856948853,10.439999766647816,0.02269644976651741,0.6618231035845703,0.6845195533510877,0.6668621784564641,0.00621376528075129,6.0
2026-08-05 11:30:00,-0.064038545,0.0042645007123599775,0.6399999856948853,10.439999766647816,0.02269644976651741,0.6618231035845703,0.6845195533510877,0.6247455091701829,0.00621376528075129,6.0
2026-08-05 11:40:00,-0.064038545,-0.037395001114568324,0.6399999856948853,10.439999766647816,0.02269644976651741,0.6618231035845703,0.6845195533510877,0.5830860073432547,0.00621376528075129,6.0
2026-08-05 11:50:00,-0.064038545,-0.07828736581809832,0.6399999856948853,10.439999766647816,0.02269644976651741,0.6618231035845703,0.6845195533510877,0.5421936426397247,0.00621376528075129,6.0
2026-08-05 12:00:00,-0.064038545,-0.11810935457272599,0.6399999856948853,10.439999766647816,0.02269644976651741,0.6618231035845703,0.6845195533510877,0.502371653885097,0.00621376528075129,6.0
2026-08-05 12:10:00,-0.064038545,-0.15656746414048692,0.6399999856948853,10.439999766647816,0.02269644976651741,0.6618231035845703,0.6845195533510877,0.463913544317336,0.00621376528075129,6.0
2026-08-05 12:20:00,-0.064038545,-0.19338084504955638,0.6399999856948853,10.439999766647816,0.02269644976651741,0.6618231035845703,0.6845195533510877,0.42710016340826656,0.00621376528075129,6.0
2026-08-05 12:30:00,-0.064038545,-0.22828412431609416,0.6399999856948853,10.439999766647816,0.02269644976651741,0.6618231035845703,0.6845195533510877,0.3921968841417288,0.00621376528075129,6.0
2026-08-05 12:40:00,-0.064038545,-0.26103011890936423,0.6399999856948853,10.439999766647816,0.02269644976651741,0.6618231035845703,0.6845195533510877,0.3594508895484587,0.00621376528075129,6.0
2026-08-05 12:50:00,-0.064038545,-0.291392416805752,0.6399999856948853,10.439999766647816,0.02269644976651741,0.6618231035845703,0.6845195533510877,0.32908859165207094,0.00621376528075129,6.0
2026-08-05 13:00:00,-0.064038545,-0.3191677896087365,0.6399999856948853,10.439999766647816,0.02269644976651741,0.6618231035845703,0.6845195533510877,0.30131321884908646,0.00621376528075129,6.0
2026-08-05 13:10:00,-0.064038545,-0.3441783872383303,0.6399999856948853,10.439999766647816,0.02269644976651741,0.6618231035845703,0.6845195533510877,0.2763026212194927,0.00621376528075129,6.0
2026-08-05 13:20:00,-0.064038545,-0.3662736527108557,0.6399999856948853,10.439999766647816,0.02269644976651741,0.6618231035845703,0.6845195533510877,0.25420735574696723,0.00621376528075129,6.0
2026-08-05 13:30:00,-0.064038545,-0.3853318868335259,0.6399999856948853,10.439999766647816,0.02269644976651741,0.6618231035845703,0.6845195533510877,0.23514912162429702,0.00621376528075129,6.0
2026-08-05 13:40:00,-0.064038545,-0.40126139005730826,0.6399999856948853,10.439999766647816,0.02269644976651741,0.6618231035845703,0.6845195533510877,0.21921961840051468,0.00621376528075129,6.0
2026-08-05 13:50:00,-0.064038545,-0.4140011137782645,0.6399999856948853,10.439999766647816,0.02269644976651741,0.6618231035845703,0.6845195533510877,0.20647989467955846,0.00621376528075129,6.0
2026-08-05 14:00:00,-0.064038545,-0.42352076648601755,0.6399999856948853,10.439999766647816,0.02269644976651741,0.6618231035845703,0.6845195533510877,0.1969602419718054,0.00621376528075129,6.0
2026-08-05 14:10:00,-0.064038545,-0.4298203409551499,0.6399999856948853,10.439999766647816,0.02269644976651741,0.6618231035845703,0.6845195533510877,0.19066066750267302,0.00621376528075129,6.0
2026-08-05 14:20:00,-0.064038545,-0.432929056091861,0.6399999856948853,10.439999766647816,0.02269644976651741,0.6618231035845703,0.6845195533510877,0.18755195236596195,0.00621376528075129,6.0
2026-08-05 14:30:00,-0.064038545,-0.43290373863101345,0.6399999856948853,10.439999766647816,0.02269644976651741,0.6618231035845703,0.6845195533510877,0.1875772698268095,0.00621376528075129,6.0
2026-08-05 14:40:00,-0.064038545,-0.4298267031398729,0.6399999856948853,10.439999766647816,0.02269644976651741,0.6618231035845703,0.6845195533510877,0.19065430531795002,0.00621376528075129,6.0
2026-08-05 14:50:00,-0.064038545,-0.4238032201949832,0.6399999856948853,10.439999766647816,0.02269644976651741,0.6618231035845703,0.6845195533510877,0.19667778826283977,0.00621376528075129,6.0
2026-08-05 15:00:00,-0.064038545,-0.41495868922358137,0.6799999848008156,10.599999763071537,0.0237535084522771,0.6926466846854594,0.7164001931377365,0.23740295902089037,0.00621376528075129,6.0
2026-08-05 15:10:00,-0.064038545,-0.4034356512521466,0.6799999848008156,10.599999763071537,0.0237535084522771,0.6926466846854594,0.7164001931377365,0.24892599699232515,0.00621376528075129,6.0
2026-08-05 15:20:00,-0.064038545,-0.3893907855733966,0.6799999848008156,10.599999763071537,0.0237535084522771,0.6926466846854594,0.7164001931377365,0.2629708626710751,0.00621376528075129,6.0
2026-08-05 15:30:00,-0.064038545,-0.37299203176386764,0.6799999848008156,10.599999763071537,0.0237535084522771,0.6926466846854594,0.7164001931377365,0.2793696164806041,0.00621376528075129,6.0
2026-08-05 15:40:00,-0.064038545,-0.35441596444579676,0.6799999848008156,10.599999763071537,0.0237535084522771,0.6926466846854594,0.7164001931377365,0.297945683798675,0.00621376528075129,6.0
2026-08-05 15:50:00,-0.064038545,-0.3338455235263429,0.6799999848008156,10.599999763071537,0.0237535084522771,0.6926466846854594,0.7164001931377365,0.31851612471812885,0.00621376528075129,6.0
2026-08-05 16:00:00,-0.064038545,-0.3114681696465408,0.6799999848008156,10.599999763071537,0.0237535084522771,0.6926466846854594,0.7164001931377365,0.34089347859793095,0.00621376528075129,6.0
2026-08-05 16:10:00,-0.064038545,-0.28747449584744006,0.6799999848008156,10.599999763071537,0.0237535084522771,0.6926466846854594,0.7164001931377365,0.3648871523970317,0.00621376528075129,6.0
2026-08-05 16:20:00,-0.064038545,-0.2620572860449651,0.6799999848008156,10.599999763071537,0.0237535084522771,0.6926466846854594,0.7164001931377365,0.39030436219950665,0.00621376528075129,6.0
2026-08-05 16:30:00,-0.064038545,-0.23541097204979175,0.6799999848008156,10.599999763071537,0.0237535084522771,0.6926466846854594,0.7164001931377365,0.41695067619467996,0.00621376528075129,6.0
2026-08-05 16:40:00,-0.064038545,-0.20773140778676935,0.6799999848008156,10.599999763071537,0.0237535084522771,0.6926466846854594,0.7164001931377365,0.4446302404577024,0.00621376528075129,6.0
2026-08-05 16:50:00,-0.064038545,-0.17921585483184374,0.6799999848008156,10.599999763071537,0.0237535084522771,0.6926466846854594,0.7164001931377365,0.47314579341262797,0.00621376528075129,6.0
2026-08-05 17:00:00,-0.064038545,-0.15006305974498457,0.6799999848008156,10.599999763071537,0.0237535084522771,0.6926466846854594,0.7164001931377365,0.5022985884994872,0.00621376528075129,6.0
2026-08-05 17:10:00,-0.064038545,-0.12047330233508456,0.6799999848008156,10.599999763071537,0.0237535084522771,0.6926466846854594,0.7164001931377365,0.5318883459093872,0.00621376528075129,6.0
2026-08-05 17:20:00,-0.064038545,-0.09064830443256212,0.6799999848008156,10.599999763071537,0.0237535084522771,0.6926466846854594,0.7164001931377365,0.5617133438119096,0.00621376528075129,6.0
2026-08-05 17:30:00,-0.064038545,-0.06079091038725354,0.6799999848008156,10.599999763071537,0.0237535084522771,0.6926466846854594,0.7164001931377365,0.5915707378572181,0.00621376528075129,6.0
2026-08-05 17:40:00,-0.064038545,-0.03110448002399472,0.6799999848008156,10.599999763071537,0.0237535084522771,0.6926466846854594,0.7164001931377365,0.621257168220477,0.00621376528075129,6.0
2026-08-05 17:50:00,-0.064038545,-0.001791970177579867,0.6799999848008156,10.599999763071537,0.0237535084522771,0.6926466846854594,0.7164001931377365,0.6505696780668919,0.00621376528075129,6.0
2026-08-05 18:00:00,-0.064038545,0.026945282910380765,0.6999999843537807,10.64999976195395,0.024213973971547186,0.7060737502482235,0.7302877242197707,0.6931944622368867,0.00621376528075129,6.0
2026-08-05 18:10:00,-0.064038545,0.05490903354693275,0.6999999843537807,10.64999976195395,0.024213973971547186,0.7060737502482235,0.7302877242197707,0.7211582128734387,0.00621376528075129,6.0
2026-08-05 18:20:00,-0.064038545,0.081905773994597,0.6999999843537807,10.64999976195395,0.024213973971547186,0.7060737502482235,0.7302877242197707,0.7481549533211029,0.00621376528075129,6.0
2026-08-05 18:30:00,-0.064038545,0.10774846485100255,0.6999999843537807,10.64999976195395,0.024213973971547186,0.7060737502482235,0.7302877242197707,0.7739976441775085,0.00621376528075129,6.0
2026-08-05 18:40:00,-0.064038545,0.1322582448830228,0.6999999843537807,10.64999976195395,0.024213973971547186,0.7060737502482235,0.7302877242197707,0.7985074242095287,0.00621376528075129,6.0
2026-08-05 18:50:00,-0.064038545,0.15526601956198474,0.6999999843537807,10.64999976195395,0.024213973971547186,0.7060737502482235,0.7302877242197707,0.8215151988884907,0.00621376528075129,6.0
2026-08-05 19:00:00,-0.064038545,0.1766138407033933,0.6999999843537807,10.64999976195395,0.024213973971547186,0.7060737502482235,0.7302877242197707,0.8428630200298992,0.00621376528075129,6.0
2026-08-05 19:10:00,-0.064038545,0.19615601271166902,0.6999999843537807,10.64999976195395,0.024213973971547186,0.7060737502482235,0.7302877242197707,0.862405192038175,0.00621376528075129,6.0
2026-08-05 19:20:00,-0.064038545,0.21375989000695672,0.6999999843537807,10.64999976195395,0.024213973971547186,0.7060737502482235,0.7302877242197707,0.8800090693334627,0.00621376528075129,6.0
2026-08-05 19:30:00,-0.064038545,0.2293063633588225,0.6999999843537807,10.64999976195395,0.024213973971547186,0.7060737502482235,0.7302877242197707,0.8955555426853284,0.00621376528075129,6.0
2026-08-05 19:40:00,-0.064038545,0.2426900650918754,0.6999999843537807,10.64999976195395,0.024213973971547186,0.7060737502482235,0.7302877242197707,0.9089392444183814,0.00621376528075129,6.0
2026-08-05 19:50:00,-0.064038545,0.25381935200673705,0.6999999843537807,10.64999976195395,0.024213973971547186,0.7060737502482235,0.7302877242197707,0.9200685313332431,0.00621376528075129,6.0
2026-08-05 20:00:00,-0.064038545,0.26261614652813114,0.6999999843537807,10.64999976195395,0.024213973971547186,0.7060737502482235,0.7302877242197707,0.9288653258546371,0.00621376528075129,6.0
2026-08-05 20:10:00,-0.064038545,0.26901572898523074,0.6999999843537807,10.64999976195395,0.024213973971547186,0.7060737502482235,0.7302877242197707,0.9352649083117367,0.00621376528075129,6.0
2026-08-05 20:20:00,-0.064038545,0.2729665758650724,0.6999999843537807,10.64999976195395,0.024213973971547186,0.7060737502482235,0.7302877242197707,0.9392157551915783,0.00621376528075129,6.0
2026-08-05 20:30:00,-0.064038545,0.2744303297768534,0.6999999843537807,10.64999976195395,0.024213973971547186,0.7060737502482235,0.7302877242197707,0.9406795091033593,0.00621376528075129,6.0
2026-08-05 20:40:00,-0.064038545,0.2733819683405584,0.6999999843537807,10.64999976195395,0.024213973971547186,0.7060737502482235,0.7302877242197707,0.9396311476670643,0.00621376528075129,6.0
2026-08-05 20:50:00,-0.064038545,0.2698102125616423,0.6999999843537807,10.64999976195395,0.024213973971547186,0.7060737502482235,0.7302877242197707,0.9360593918881482,0.00621376528075129,6.0
2026-08-05 21:00:00,-0.064038545,0.26371818406837244,0.6799999848008156,11.359999746084213,0.025456590190364888,0.7423081450968696,0.7677647352872344,0.9674443744623421,0.00621376528075129,6.0
2026-08-05 21:10:00,-0.064038545,0.2551242874993077,0.6799999848008156,11.359999746084213,0.025456590190364888,0.7423081450968696,0.7677647352872344,0.9588504778932774,0.00621376528075129,6.0
2026-08-05 21:20:00,-0.064038545,0.24406326331961473,0.6799999848008156,11.359999746084213,0.025456590190364888,0.7423081450968696,0.7677647352872344,0.9477894537135844,0.00621376528075129,6.0
2026-08-05 21:30:00,-0.064038545,0.23058733023230438,0.6799999848008156,11.359999746084213,0.025456590190364888,0.7423081450968696,0.7677647352872344,0.934313520626274,0.00621376528075129,6.0
2026-08-05 21:40:00,-0.064038545,0.2147673179436515,0.6799999848008156,11.359999746084213,0.025456590190364888,0.7423081450968696,0.7677647352872344,0.9184935083376211,0.00621376528075129,6.0
2026-08-05 21:50:00,-0.064038545,0.19669368198625242,0.6799999848008156,11.359999746084213,0.025456590190364888,0.7423081450968696,0.7677647352872344,0.9004198723802221,0.00621376528075129,6.0
2026-08-05 22:00:00,-0.064038545,0.17647729337887172,0.6799999848008156,11.359999746084213,0.025456590190364888,0.7423081450968696,0.7677647352872344,0.8802034837728414,0.00621376528075129,6.0
2026-08-05 22:10:00,-0.064038545,0.15424990666948626,0.6799999848008156,11.359999746084213,0.025456590190364888,0.7423081450968696,0.7677647352872344,0.8579760970634559,0.00621376528075129,6.0
2026-08-05 22:20:00,-0.064038545,0.13016422916976833,0.6799999848008156,11.359999746084213,0.025456590190364888,0.7423081450968696,0.7677647352872344,0.833890419563738,0.00621376528075129,6.0
2026-08-05 22:30:00,-0.064038545,0.10439353949290477,0.6799999848008156,11.359999746084213,0.025456590190364888,0.7423081450968696,0.7677647352872344,0.8081197298868744,0.00621376528075129,6.0
2026-08-05 22:40:00,-0.064038545,0.07713083245010888,0.6799999848008156,11.359999746084213,0.025456590190364888,0.7423081450968696,0.7677647352872344,0.7808570228440785,0.00621376528075129,6.0
2026-08-05 22:50:00,-0.064038545,0.048587496562191024,0.6799999848008156,11.359999746084213,0.025456590190364888,0.7423081450968696,0.7677647352872344,0.7523136869561606,0.00621376528075129,6.0
2026-08-05 23:00:00,-0.064038545,0.018991557370120538,0.6799999848008156,11.359999746084213,0.025456590190364888,0.7423081450968696,0.7677647352872344,0.7227177477640903,0.00621376528075129,6.0
2026-08-05 23:10:00,-0.064038545,-0.011414458345464422,0.6799999848008156,11.359999746084213,0.025456590190364888,0.7423081450968696,0.7677647352872344,0.6923117320485053,0.00621376528075129,6.0
2026-08-05 23:20:00,-0.064038545,-0.04237596712132523,0.6799999848008156,11.359999746084213,0.025456590190364888,0.7423081450968696,0.7677647352872344,0.6613502232726445,0.00621376528075129,6.0
2026-08-05 23:30:00,-0.064038545,-0.07362900403092952,0.6799999848008156,11.359999746084213,0.025456590190364888,0.7423081450968696,0.7677647352872344,0.6300971863630401,0.00621376528075129,6.0
2026-08-05 23:40:00,-0.064038545,-0.10490305061487741,0.6799999848008156,11.359999746084213,0.025456590190364888,0.7423081450968696,0.7677647352872344,0.5988231397790922,0.00621376528075129,6.0
2026-08-05 23:50:00,-0.064038545,-0.13592394395113314,0.6799999848008156,11.359999746084213,0.025456590190364888,0.7423081450968696,0.7677647352872344,0.5678022464428365,0.00621376528075129,6.0
2026-08-06 00:00:00,-0.067048006,-0.1664168071028788,0.6599999852478504,13.949999688193202,0.030797369160099283,0.8980439958431506,0.9288413650032499,0.6953765521406551,0.00621376528075129,6.0
2026-08-06 00:10:00,-0.067048006,-0.19610895549664495,0.6599999852478504,13.949999688193202,0.030797369160099283,0.8980439958431506,0.9288413650032499,0.6656844037468889,0.00621376528075129,6.0
2026-08-06 00:20:00,-0.067048006,-0.22473274868050258,0.6599999852478504,13.949999688193202,0.030797369160099283,0.8980439958431506,0.9288413650032499,0.6370606105630312,0.00621376528075129,6.0
2026-08-06 00:30:00,-0.067048006,-0.25202836975878734,0.6599999852478504,13.949999688193202,0.030797369160099283,0.8980439958431506,0.9288413650032499,0.6097649894847466,0.00621376528075129,6.0
2026-08-06 00:40:00,-0.067048006,-0.2777465238253827,0.6599999852478504,13.949999688193202,0.030797369160099283,0.8980439958431506,0.9288413650032499,0.5840468354181512,0.00621376528075129,6.0
2026-08-06 00:50:00,-0.067048006,-0.30165105059213526,0.6599999852478504,13.949999688193202,0.030797369160099283,0.8980439958431506,0.9288413650032499,0.5601423086513986,0.00621376528075129,6.0
2026-08-06 01:00:00,-0.067048006,-0.32352144432180724,0.6599999852478504,13.949999688193202,0.030797369160099283,0.8980439958431506,0.9288413650032499,0.5382719149217265,0.00621376528075129,6.0
2026-08-06 01:10:00,-0.067048006,-0.34315526721798556,0.6599999852478504,13.949999688193202,0.030797369160099283,0.8980439958431506,0.9288413650032499,0.5186380920255482,0.00621376528075129,6.0
2026-08-06 01:20:00,-0.067048006,-0.36037043069751845,0.6599999852478504,13.949999688193202,0.030797369160099283,0.8980439958431506,0.9288413650032499,0.5014229285460154,0.00621376528075129,6.0
2026-08-06 01:30:00,-0.067048006,-0.3750073056180275,0.6599999852478504,13.949999688193202,0.030797369160099283,0.8980439958431506,0.9288413650032499,0.48678605362550637,0.00621376528075129,6.0
2026-08-06 01:40:00,-0.067048006,-0.3869306086362487,0.6599999852478504,13.949999688193202,0.030797369160099283,0.8980439958431506,0.9288413650032499,0.47486275060728517,0.00621376528075129,6.0
2026-08-06 01:50:00,-0.067048006,-0.3960310009987449,0.6599999852478504,13.949999688193202,0.030797369160099283,0.8980439958431506,0.9288413650032499,0.46576235824478895,0.00621376528075129,6.0
2026-08-06 02:00:00,-0.067048006,-0.4022263296947876,0.6599999852478504,13.949999688193202,0.030797369160099283,0.8980439958431506,0.9288413650032499,0.45956702954874623,0.00621376528075129,6.0
2026-08-06 02:10:00,-0.067048006,-0.4054624414755385,0.6599999852478504,13.949999688193202,0.030797369160099283,0.8980439958431506,0.9288413650032499,0.45633091776799534,0.00621376528075129,6.0
2026-08-06 02:20:00,-0.067048006,-0.40571350849188537,0.6599999852478504,13.949999688193202,0.030797369160099283,0.8980439958431506,0.9288413650032499,0.4560798507516485,0.00621376528075129,6.0
2026-08-06 02:30:00,-0.067048006,-0.40298182062831067,0.6599999852478504,13.949999688193202,0.030797369160099283,0.8980439958431506,0.9288413650032499,0.45881153861522317,0.00621376528075129,6.0
2026-08-06 02:40:00,-0.067048006,-0.3972970232809328,0.6599999852478504,13.949999688193202,0.030797369160099283,0.8980439958431506,0.9288413650032499,0.46449633596260104,0.00621376528075129,6.0
2026-08-06 02:50:00,-0.067048006,-0.38871480837382116,0.6599999852478504,13.949999688193202,0.030797369160099283,0.8980439958431506,0.9288413650032499,0.4730785508697127,0.00621376528075129,6.0
2026-08-06 03:00:00,-0.067048006,-0.3773150987285615,0.6499999854713678,14.709999671205878,0.03222825524087409,0.93976829530832,0.9719965505491941,0.5276334460609166,0.00621376528075129,6.0
2026-08-06 03:10:00,-0.067048006,-0.363199798079373,0.6499999854713678,14.709999671205878,0.03222825524087409,0.93976829530832,0.9719965505491941,0.541748746710105,0.00621376528075129,6.0
2026-08-06 03:20:00,-0.067048006,-0.3464902081318331,0.6499999854713678,14.709999671205878,0.03222825524087409,0.93976829530832,0.9719965505491941,0.558458336657645,0.00621376528075129,6.0
2026-08-06 03:30:00,-0.067048006,-0.32732423679077505,0.6499999854713678,14.709999671205878,0.03222825524087409,0.93976829530832,0.9719965505491941,0.577624307998703,0.00621376528075129,6.0
2026-08-06 03:40:00,-0.067048006,-0.3058535355634168,0.6499999854713678,14.709999671205878,0.03222825524087409,0.93976829530832,0.9719965505491941,0.5990950092260612,0.00621376528075129,6.0
2026-08-06 03:50:00,-0.067048006,-0.2822407072791479,0.6499999854713678,14.709999671205878,0.03222825524087409,0.93976829530832,0.9719965505491941,0.6227078375103301,0.00621376528075129,6.0
2026-08-06 04:00:00,-0.067048006,-0.25665671699758724,0.6499999854713678,14.709999671205878,0.03222825524087409,0.93976829530832,0.9719965505491941,0.6482918277918908,0.00621376528075129,6.0
2026-08-06 04:10:00,-0.067048006,-0.22927861948123984,0.6499999854713678,14.709999671205878,0.03222825524087409,0.93976829530832,0.9719965505491941,0.6756699253082382,0.00621376528075129,6.0
2026-08-06 04:20:00,-0.067048006,-0.2002876876832044,0.6499999854713678,14.709999671205878,0.03222825524087409,0.93976829530832,0.9719965505491941,0.7046608571062737,0.00621376528075129,6.0
2026-08-06 04:30:00,-0.067048006,-0.16986799046724294,0.6499999854713678,14.709999671205878,0.03222825524087409,0.93976829530832,0.9719965505491941,0.7350805543222352,0.00621376528075129,6.0
2026-08-06 04:40:00,-0.067048006,-0.13820542799201518,0.6499999854713678,14.709999671205878,0.03222825524087409,0.93976829530832,0.9719965505491941,0.7667431167974629,0.00621376528075129,6.0
2026-08-06 04:50:00,-0.067048006,-0.10548719308859558,0.6499999854713678,14.709999671205878,0.03222825524087409,0.93976829530832,0.9719965505491941,0.7994613517008825,0.00621376528075129,6.0
2026-08-06 05:00:00,-0.067048006,-0.07190159078452735,0.6499999854713678,14.709999671205878,0.03222825524087409,0.93976829530832,0.9719965505491941,0.8330469540049508,0.00621376528075129,6.0
2026-08-06 05:10:00,-0.067048006,-0.037638118938196706,0.6499999854713678,14.709999671205878,0.03222825524087409,0.93976829530832,0.9719965505491941,0.8673104258512814,0.00621376528075129,6.0
2026-08-06 05:20:00,-0.067048006,-0.0028876938001895646,0.6499999854713678,14.709999671205878,0.03222825524087409,0.93976829530832,0.9719965505491941,0.9020608509892885,0.00621376528075129,6.0
2026-08-06 05:30:00,-0.067048006,0.032157103164529244,0.6499999854713678,14.709999671205878,0.03222825524087409,0.93976829530832,0.9719965505491941,0.9371056479540073,0.00621376528075129,6.0
2026-08-06 05:40:00,-0.067048006,0.06730187619920658,0.6499999854713678,14.709999671205878,0.03222825524087409,0.93976829530832,0.9719965505491941,0.9722504209886846,0.00621376528075129,6.0
2026-08-06 05:50:00,-0.067048006,0.10235046633467018,0.6499999854713678,14.709999671205878,0.03222825524087409,0.93976829530832,0.9719965505491941,1.0072990111241482,0.00621376528075129,6.0
2026-08-06 06:00:00,-0.067048006,0.13710527912502918,0.6399999856948853,14.71999967098236,0.03200112457501305,0.9331452188472101,0.9651463434222232,1.0352036167875363,0.00621376528075129,6.0
2026-08-06 06:10:00,-0.067048006,0.1713679321244403,0.6399999856948853,14.71999967098236,0.03200112457501305,0.9331452188472101,0.9651463434222232,1.0694662697869475,0.00621376528075129,6.0
2026-08-06 06:20:00,-0.067048006,0.20494022882578683,0.6399999856948853,14.71999967098236,0.03200112457501305,0.9331452188472101,0.9651463434222232,1.103038566488294,0.00621376528075129,6.0
2026-08-06 06:30:00,-0.067048006,0.23762542938539277,0.6399999856948853,14.71999967098236,0.03200112457501305,0.9331452188472101,0.9651463434222232,1.1357237670479,0.00621376528075129,6.0
2026-08-06 06:40:00,-0.067048006,0.26922975649773884,0.6399999856948853,14.71999967098236,0.03200112457501305,0.9331452188472101,0.9651463434222232,1.167328094160246,0.00621376528075129,6.0
2026-08-06 06:50:00,-0.067048006,0.2995640500254353,0.6399999856948853,14.71999967098236,0.03200112457501305,0.9331452188472101,0.9651463434222232,1.1976623876879424,0.00621376528075129,6.0
2026-08-06 07:00:00,-0.067048006,0.3284454691008327,0.6399999856948853,14.71999967098236,0.03200112457501305,0.9331452188472101,0.9651463434222232,1.2265438067633399,0.00621376528075129,6.0
2026-08-06 07:10:00,-0.067048006,0.3556991369905649,0.6399999856948853,14.71999967098236,0.03200112457501305,0.9331452188472101,0.9651463434222232,1.253797474653072,0.00621376528075129,6.0
2026-08-06 07:20:00,-0.067048006,0.3811596315059495,0.6399999856948853,14.71999967098236,0.03200112457501305,0.9331452188472101,0.9651463434222232,1.2792579691684567,0.00621376528075129,6.0
2026-08-06 07:30:00,-0.067048006,0.4046722422174698,0.6399999856948853,14.71999967098236,0.03200112457501305,0.9331452188472101,0.9651463434222232,1.302770579879977,0.00621376528075129,6.0
2026-08-06 07:40:00,-0.067048006,0.426093941778396,0.6399999856948853,14.71999967098236,0.03200112457501305,0.9331452188472101,0.9651463434222232,1.3241922794409031,0.00621376528075129,6.0
2026-08-06 07:50:00,-0.067048006,0.4452940504643611,0.6399999856948853,14.71999967098236,0.03200112457501305,0.9331452188472101,0.9651463434222232,1.3433923881268681,0.00621376528075129,6.0
2026-08-06 08:00:00,-0.067048006,0.46215460612372034,0.6399999856948853,14.71999967098236,0.03200112457501305,0.9331452188472101,0.9651463434222232,1.3602529437862274,0.00621376528075129,6.0
2026-08-06 08:10:00,-0.067048006,0.4765704831764939,0.6399999856948853,14.71999967098236,0.03200112457501305,0.9331452188472101,0.9651463434222232,1.374668820839001,0.00621376528075129,6.0
2026-08-06 08:20:00,-0.067048006,0.48844933007409624,0.6399999856948853,14.71999967098236,0.03200112457501305,0.9331452188472101,0.9651463434222232,1.3865476677366033,0.00621376528075129,6.0
2026-08-06 08:30:00,-0.067048006,0.4977114124839124,0.6399999856948853,14.71999967098236,0.03200112457501305,0.9331452188472101,0.9651463434222232,1.3958097501464195,0.00621376528075129,6.0
2026-08-06 08:40:00,-0.067048006,0.504289457148071,0.6399999856948853,14.71999967098236,0.03200112457501305,0.9331452188472101,0.9651463434222232,1.4023877948105783,0.00621376528075129,6.0
2026-08-06 08:50:00,-0.067048006,0.5081285881371733,0.6399999856948853,14.71999967098236,0.03200112457501305,0.9331452188472101,0.9651463434222232,1.4062269257996804,0.00621376528075129,6.0
2026-08-06 09:00:00,-0.067048006,0.50918643379307,0.6299999859184027,14.459999676793814,0.031189327534552346,0.9094734092767519,0.9406627368113043,1.3828011648446583,0.00621376528075129,6.0
2026-08-06 09:10:00,-0.067048006,0.507433459978375,0.6299999859184027,14.459999676793814,0.031189327534552346,0.9094734092767519,0.9406627368113043,1.3810481910299632,0.00621376528075129,6.0
2026-08-06 09:20:00,-0.067048006,0.5028535563474759,0.6299999859184027,14.459999676793814,0.031189327534552346,0.9094734092767519,0.9406627368113043,1.3764682873990641,0.00621376528075129,6.0
2026-08-06 09:30:00,-0.067048006,0.4954448698590516,0.6299999859184027,14.459999676793814,0.031189327534552346,0.9094734092767519,0.9406627368113043,1.36905960091064,0.00621376528075129,6.0
2026-08-06 09:40:00,-0.067048006,0.4852208473859089,0.6299999859184027,14.459999676793814,0.031189327534552346,0.9094734092767519,0.9406627368113043,1.3588355784374972,0.00621376528075129,6.0
2026-08-06 09:50:00,-0.067048006,0.47221142022371687,0.6299999859184027,14.459999676793814,0.031189327534552346,0.9094734092767519,0.9406627368113043,1.3458261512753051,0.00621376528075129,6.0
2026-08-06 10:00:00,-0.067048006,0.4564642406009149,0.6299999859184027,14.459999676793814,0.031189327534552346,0.9094734092767519,0.9406627368113043,1.3300789716525032,0.00621376528075129,6.0
2026-08-06 10:10:00,-0.067048006,0.43804586610502305,0.6299999859184027,14.459999676793814,0.031189327534552346,0.9094734092767519,0.9406627368113043,1.3116605971566113,0.00621376528075129,6.0
2026-08-06 10:20:00,-0.067048006,0.41704278359576197,0.6299999859184027,14.459999676793814,0.031189327534552346,0.9094734092767519,0.9406627368113043,1.2906575146473502,0.00621376528075129,6.0
2026-08-06 10:30:00,-0.067048006,0.393562169782535,0.6299999859184027,14.459999676793814,0.031189327534552346,0.9094734092767519,0.9406627368113043,1.2671769008341234,0.00621376528075129,6.0
2026-08-06 10:40:00,-0.067048006,0.3677323005311354,0.6299999859184027,14.459999676793814,0.031189327534552346,0.9094734092767519,0.9406627368113043,1.2413470315827237,0.00621376528075129,6.0
2026-08-06 10:50:00,-0.067048006,0.33970254312297654,0.6299999859184027,14.459999676793814,0.031189327534552346,0.9094734092767519,0.9406627368113043,1.2133172741745648,0.00621376528075129,6.0
2026-08-06 11:00:00,-0.067048006,0.3096428928652012,0.6299999859184027,14.459999676793814,0.031189327534552346,0.9094734092767519,0.9406627368113043,1.1832576239167896,0.00621376528075129,6.0
2026-08-06 11:10:00,-0.067048006,0.27774304456113996,0.6299999859184027,14.459999676793814,0.031189327534552346,0.9094734092767519,0.9406627368113043,1.1513577756127282,0.00621376528075129,6.0
2026-08-06 11:20:00,-0.067048006,0.2442110175136628,0.6299999859184027,14.459999676793814,0.031189327534552346,0.9094734092767519,0.9406627368113043,1.117825748565251,0.00621376528075129,6.0
2026-08-06 11:30:00,-0.067048006,0.20927137723909378,0.6299999859184027,14.459999676793814,0.031189327534552346,0.9094734092767519,0.9406627368113043,1.082886108290682,0.00621376528075129,6.0
2026-08-06 11:40:00,-0.067048006,0.17316311561580455,0.6299999859184027,14.459999676793814,0.031189327534552346,0.9094734092767519,0.9406627368113043,1.0467778466673927,0.00621376528075129,6.0
2026-08-06 11:50:00,-0.067048006,0.13613726272663912,0.6299999859184027,14.459999676793814,0.031189327534552346,0.9094734092767519,0.9406627368113043,1.0097519937782273,0.00621376528075129,6.0
2026-08-06 12:00:00,-0.067048006,0.09845430715555825,0.6999999843537807,14.179999683052301,0.032239826377139826,0.9401057069032686,0.9723455332804084,1.0037518346762506,0.00621376528075129,6.0
2026-08-06 12:10:00,-0.067048006,0.060381498215666074,0.6999999843537807,14.179999683052301,0.032239826377139826,0.9401057069032686,0.9723455332804084,0.9656790257363584,0.00621376528075129,6.0
2026-08-06 12:20:00,-0.067048006,0.02219009393474583,0.6999999843537807,14.179999683052301,0.032239826377139826,0.9401057069032686,0.9723455332804084,0.9274876214554382,0.00621376528075129,6.0
2026-08-06 12:30:00,-0.067048006,-0.015847394595617327,0.6999999843537807,14.179999683052301,0.032239826377139826,0.9401057069032686,0.9723455332804084,0.889450132925075,0.00621376528075129,6.0
2026-08-06 12:40:00,-0.067048006,-0.05345992703917245,0.6999999843537807,14.179999683052301,0.032239826377139826,0.9401057069032686,0.9723455332804084,0.8518376004815199,0.00621376528075129,6.0
2026-08-06 12:50:00,-0.067048006,-0.09038060444958296,0.6999999843537807,14.179999683052301,0.032239826377139826,0.9401057069032686,0.9723455332804084,0.8149169230711094,0.00621376528075129,6.0
2026-08-06 13:00:00,-0.067048006,-0.12634927658816303,0.6999999843537807,14.179999683052301,0.032239826377139826,0.9401057069032686,0.9723455332804084,0.7789482509325294,0.00621376528075129,6.0
2026-08-06 13:10:00,-0.067048006,-0.16111508238502587,0.6999999843537807,14.179999683052301,0.032239826377139826,0.9401057069032686,0.9723455332804084,0.7441824451356664,0.00621376528075129,6.0
2026-08-06 13:20:00,-0.067048006,-0.19443892083021128,0.6999999843537807,14.179999683052301,0.032239826377139826,0.9401057069032686,0.9723455332804084,0.7108586066904811,0.00621376528075129,6.0
2026-08-06 13:30:00,-0.067048006,-0.2260958449235256,0.6999999843537807,14.179999683052301,0.032239826377139826,0.9401057069032686,0.9723455332804084,0.6792016825971667,0.00621376528075129,6.0
2026-08-06 13:40:00,-0.067048006,-0.25587736146619905,0.6999999843537807,14.179999683052301,0.032239826377139826,0.9401057069032686,0.9723455332804084,0.6494201660544934,0.00621376528075129,6.0
2026-08-06 13:50:00,-0.067048006,-0.283593606555573,0.6999999843537807,14.179999683052301,0.032239826377139826,0.9401057069032686,0.9723455332804084,0.6217039209651194,0.00621376528075129,6.0
2026-08-06 14:00:00,-0.067048006,-0.30907535212412185,0.6999999843537807,14.179999683052301,0.032239826377139826,0.9401057069032686,0.9723455332804084,0.5962221753965705,0.00621376528075129,6.0
2026-08-06 14:10:00,-0.067048006,-0.33217578590713587,0.6999999843537807,14.179999683052301,0.032239826377139826,0.9401057069032686,0.9723455332804084,0.5731217416135566,0.00621376528075129,6.0
2026-08-06 14:20:00,-0.067048006,-0.35277199764785194,0.6999999843537807,14.179999683052301,0.032239826377139826,0.9401057069032686,0.9723455332804084,0.5525255298728404,0.00621376528075129,6.0
2026-08-06 14:30:00,-0.067048006,-0.3707661007142524,0.6999999843537807,14.179999683052301,0.032239826377139826,0.9401057069032686,0.9723455332804084,0.53453142680644,0.00621376528075129,6.0
2026-08-06 14:40:00,-0.067048006,-0.3860859220129031,0.6999999843537807,14.179999683052301,0.032239826377139826,0.9401057069032686,0.9723455332804084,0.5192116055077893,0.00621376528075129,6.0
2026-08-06 14:50:00,-0.067048006,-0.3986852047580352,0.6999999843537807,14.179999683052301,0.032239826377139826,0.9401057069032686,0.9723455332804084,0.5066123227626571,0.00621376528075129,6.0
2026-08-06 15:00:00,-0.067048006,-0.4085432882636361,0.7699999827891588,13.989999687299132,0.033360344019584875,0.9727797361621643,1.006140080181749,0.5305487861583968,0.00621376528075129,6.0
2026-08-06 15:10:00,-0.067048006,-0.41566425500330056,0.7699999827891588,13.989999687299132,0.033360344019584875,0.9727797361621643,1.006140080181749,0.5234278194187325,0.00621376528075129,6.0
2026-08-06 15:20:00,-0.067048006,-0.42007556586836586,0.7699999827891588,13.989999687299132,0.033360344019584875,0.9727797361621643,1.006140080181749,0.5190165085536671,0.00621376528075129,6.0
2026-08-06 15:30:00,-0.067048006,-0.42182623685605636,0.7699999827891588,13.989999687299132,0.033360344019584875,0.9727797361621643,1.006140080181749,0.5172658375659767,0.00621376528075129,6.0
2026-08-06 15:40:00,-0.067048006,-0.4209846413620029,0.7699999827891588,13.989999687299132,0.033360344019584875,0.9727797361621643,1.006140080181749,0.5181074330600302,0.00621376528075129,6.0
2026-08-06 15:50:00,-0.067048006,-0.4176360484727655,0.7699999827891588,13.989999687299132,0.033360344019584875,0.9727797361621643,1.006140080181749,0.5214560259492675,0.00621376528075129,6.0
2026-08-06 16:00:00,-0.067048006,-0.4118800263615411,0.7699999827891588,13.989999687299132,0.033360344019584875,0.9727797361621643,1.006140080181749,0.5272120480604919,0.00621376528075129,6.0
2026-08-06 16:10:00,-0.067048006,-0.40382784876502703,0.7699999827891588,13.989999687299132,0.033360344019584875,0.9727797361621643,1.006140080181749,0.5352642256570059,0.00621376528075129,6.0
2026-08-06 16:20:00,-0.067048006,-0.3936000402757741,0.7699999827891588,13.989999687299132,0.033360344019584875,0.9727797361621643,1.006140080181749,0.5454920341462589,0.00621376528075129,6.0
2026-08-06 16:30:00,-0.067048006,-0.3813241825085199,0.7699999827891588,13.989999687299132,0.033360344019584875,0.9727797361621643,1.006140080181749,0.5577678919135132,0.00621376528075129,6.0
2026-08-06 16:40:00,-0.067048006,-0.3671330791337998,0.7699999827891588,13.989999687299132,0.033360344019584875,0.9727797361621643,1.006140080181749,0.5719589952882332,0.00621376528075129,6.0
2026-08-06 16:50:00,-0.067048006,-0.3511633451321827,0.7699999827891588,13.989999687299132,0.033360344019584875,0.9727797361621643,1.006140080181749,0.5879287292898503,0.00621376528075129,6.0
2026-08-06 17:00:00,-0.067048006,-0.3335544475505348,0.7699999827891588,13.989999687299132,0.033360344019584875,0.9727797361621643,1.006140080181749,0.6055376268714983,0.00621376528075129,6.0
2026-08-06 17:10:00,-0.067048006,-0.3144481848310781,0.7699999827891588,13.989999687299132,0.033360344019584875,0.9727797361621643,1.006140080181749,0.624643889590955,0.00621376528075129,6.0
2026-08-06 17:20:00,-0.067048006,-0.2939885534404358,0.7699999827891588,13.989999687299132,0.033360344019584875,0.9727797361621643,1.006140080181749,0.6451035209815972,0.00621376528075129,6.0
2026-08-06 17:30:00,-0.067048006,-0.2723219175910034,0.7699999827891588,13.989999687299132,0.033360344019584875,0.9727797361621643,1.006140080181749,0.6667701568310296,0.00621376528075129,6.0
2026-08-06 17:40:00,-0.067048006,-0.24959737344861282,0.7699999827891588,13.989999687299132,0.033360344019584875,0.9727797361621643,1.006140080181749,0.6894947009734202,0.00621376528075129,6.0
2026-08-06 17:50:00,-0.067048006,-0.22596718585373515,0.7699999827891588,13.989999687299132,0.033360344019584875,0.9727797361621643,1.006140080181749,0.7131248885682979,0.00621376528075129,6.0
2026-08-06 18:00:00,-0.067048006,-0.20158717414227506,0.7999999821186066,13.739999692887068,0.03339636274832717,0.9738300337676761,1.0072263965160033,0.7385912166140123,0.00621376528075129,6.0
2026-08-06 18:10:00,-0.067048006,-0.1766169345175388,0.7999999821186066,13.739999692887068,0.03339636274832717,0.9738300337676761,1.0072263965160033,0.7635614562387485,0.00621376528075129,6.0
2026-08-06 18:20:00,-0.067048006,-0.15121980791703224,0.7999999821186066,13.739999692887068,0.03339636274832717,0.9738300337676761,1.0072263965160033,0.788958582839255,0.00621376528075129,6.0
2026-08-06 18:30:00,-0.067048006,-0.12556253256132258,0.7999999821186066,13.739999692887068,0.03339636274832717,0.9738300337676761,1.0072263965160033,0.8146158581949647,0.00621376528075129,6.0
2026-08-06 18:40:00,-0.067048006,-0.09981455569806297,0.7999999821186066,13.739999692887068,0.03339636274832717,0.9738300337676761,1.0072263965160033,0.8403638350582243,0.00621376528075129,6.0
2026-08-06 18:50:00,-0.067048006,-0.07414701615895856,0.7999999821186066,13.739999692887068,0.03339636274832717,0.9738300337676761,1.0072263965160033,0.8660313745973287,0.00621376528075129,6.0
2026-08-06 19:00:00,-0.067048006,-0.04873144412534731,0.7999999821186066,13.739999692887068,0.03339636274832717,0.9738300337676761,1.0072263965160033,0.89144694663094,0.00621376528075129,6.0
2026-08-06 19:10:00,-0.067048006,-0.023738253414470632,0.7999999821186066,13.739999692887068,0.03339636274832717,0.9738300337676761,1.0072263965160033,0.9164401373418166,0.00621376528075129,6.0
2026-08-06 19:20:00,-0.067048006,0.0006648781085220679,0.7999999821186066,13.739999692887068,0.03339636274832717,0.9738300337676761,1.0072263965160033,0.9408432688648094,0.00621376528075129,6.0
2026-08-06 19:30:00,-0.067048006,0.02431463491036825,0.7999999821186066,13.739999692887068,0.03339636274832717,0.9738300337676761,1.0072263965160033,0.9644930256666555,0.00621376528075129,6.0
2026-08-06 19:40:00,-0.067048006,0.047053593796335606,0.7999999821186066,13.739999692887068,0.03339636274832717,0.9738300337676761,1.0072263965160033,0.9872319845526228,0.00621376528075129,6.0
2026-08-06 19:50:00,-0.067048006,0.06873156753763265,0.7999999821186066,13.739999692887068,0.03339636274832717,0.9738300337676761,1.0072263965160033,1.0089099582939198,0.00621376528075129,6.0
2026-08-06 20:00:00,-0.067048006,0.08920669453522255,0.7999999821186066,13.739999692887068,0.03339636274832717,0.9738300337676761,1.0072263965160033,1.0293850852915098,0.00621376528075129,6.0
2026-08-06 20:10:00,-0.067048006,0.10834623650077262,0.7999999821186066,13.739999692887068,0.03339636274832717,0.9738300337676761,1.0072263965160033,1.0485246272570599,0.00621376528075129,6.0
2026-08-06 20:20:00,-0.067048006,0.1260270790885859,0.7999999821186066,13.739999692887068,0.03339636274832717,0.9738300337676761,1.0072263965160033,1.0662054698448733,0.00621376528075129,6.0
2026-08-06 20:30:00,-0.067048006,0.14213596340215173,0.7999999821186066,13.739999692887068,0.03339636274832717,0.9738300337676761,1.0072263965160033,1.082314354158439,0.00621376528075129,6.0
2026-08-06 20:40:00,-0.067048006,0.1565695056821205,0.7999999821186066,13.739999692887068,0.03339636274832717,0.9738300337676761,1.0072263965160033,1.0967478964384079,0.00621376528075129,6.0
2026-08-06 20:50:00,-0.067048006,0.1692340848986998,0.7999999821186066,13.739999692887068,0.03339636274832717,0.9738300337676761,1.0072263965160033,1.109412475654987,0.00621376528075129,6.0
2026-08-06 21:00:00,-0.067048006,0.1800456913566929,0.8399999812245369,13.509999698027968,0.03364824639188955,0.981174901200228,1.0148231475921174,1.1278208331890944,0.00621376528075129,6.0
2026-08-06 21:10:00,-0.067048006,0.18892983201536173,0.8399999812245369,13.509999698027968,0.03364824639188955,0.981174901200228,1.0148231475921174,1.1367049738477633,0.00621376528075129,6.0
2026-08-06 21:20:00,-0.067048006,0.19582158016988105,0.8399999812245369,13.509999698027968,0.03364824639188955,0.981174901200228,1.0148231475921174,1.1435967220022825,0.00621376528075129,6.0
2026-08-06 21:30:00,-0.067048006,0.20066583900645207,0.8399999812245369,13.509999698027968,0.03364824639188955,0.981174901200228,1.0148231475921174,1.1484409808388536,0.00621376528075129,6.0
2026-08-06 21:40:00,-0.067048006,0.20341786264096456,0.8399999812245369,13.509999698027968,0.03364824639188955,0.981174901200228,1.0148231475921174,1.151193004473366,0.00621376528075129,6.0
2026-08-06 21:50:00,-0.067048006,0.20404404708160415,0.8399999812245369,13.509999698027968,0.03364824639188955,0.981174901200228,1.0148231475921174,1.1518191889140055,0.00621376528075129,6.0
2026-08-06 22:00:00,-0.067048006,0.20252297062843358,0.8399999812245369,13.509999698027968,0.03364824639188955,0.981174901200228,1.0148231475921174,1.150298112460835,0.00621376528075129,6.0
2026-08-06 22:10:00,-0.067048006,0.19884663185155257,0.8399999812245369,13.509999698027968,0.03364824639188955,0.981174901200228,1.0148231475921174,1.146621773683954,0.00621376528075129,6.0
2026-08-06 22:20:00,-0.067048006,0.19302180672509242,0.8399999812245369,13.509999698027968,0.03364824639188955,0.981174901200228,1.0148231475921174,1.1407969485574938,0.00621376528075129,6.0
2026-08-06 22:30:00,-0.067048006,0.18507142737864288,0.8399999812245369,13.509999698027968,0.03364824639188955,0.981174901200228,1.0148231475921174,1.1328465692110443,0.00621376528075129,6.0
2026-08-06 22:40:00,-0.067048006,0.17503587502614573,0.8399999812245369,13.509999698027968,0.03364824639188955,0.981174901200228,1.0148231475921174,1.1228110168585472,0.00621376528075129,6.0
2026-08-06 22:50:00,-0.067048006,0.1629740797525742,0.8399999812245369,13.509999698027968,0.03364824639188955,0.981174901200228,1.0148231475921174,1.1107492215849757,0.00621376528075129,6.0
2026-08-06 23:00:00,-0.067048006,0.14896432968496867,0.8399999812245369,13.509999698027968,0.03364824639188955,0.981174901200228,1.0148231475921174,1.0967394715173702,0.00621376528075129,6.0
2026-08-06 23:10:00,-0.067048006,0.1331047103166352,0.8399999812245369,13.509999698027968,0.03364824639188955,0.981174901200228,1.0148231475921174,1.0808798521490366,0.00621376528075129,6.0
2026-08-06 23:20:00,-0.067048006,0.11551311929513444,0.8399999812245369,13.509999698027968,0.03364824639188955,0.981174901200228,1.0148231475921174,1.0632882611275358,0.00621376528075129,6.0
2026-08-06 23:30:00,-0.067048006,0.09632683009116293,0.8399999812245369,13.509999698027968,0.03364824639188955,0.981174901200228,1.0148231475921174,1.0441019719235642,0.00621376528075129,6.0
2026-08-06 23:40:00,-0.067048006,0.07570160662192245,0.8399999812245369,13.509999698027968,0.03364824639188955,0.981174901200228,1.0148231475921174,1.023476748454324,0.00621376528075129,6.0
2026-08-06 23:50:00,-0.067048006,0.0538103973518355,0.8399999812245369,13.509999698027968,0.03364824639188955,0.981174901200228,1.0148231475921174,1.001585539184237,0.00621376528075129,6.0
2026-08-07 00:00:00,-0.0684279,0.03084165896941219,0.8399999812245369,13.3199997022748,0.033175029011100574,0.9673759943735778,1.0005510233846784,0.9629647843643406,0.00621376528075129,6.0
2026-08-07 00:10:00,-0.0684279,0.006997374836755795,0.8399999812245369,13.3199997022748,0.033175029011100574,0.9673759943735778,1.0005510233846784,0.9391205002316843,0.00621376528075129,6.0
2026-08-07 00:20:00,-0.0684279,-0.017509159044661257,0.8399999812245369,13.3199997022748,0.033175029011100574,0.9673759943735778,1.0005510233846784,0.9146139663502673,0.00621376528075129,6.0
2026-08-07 00:30:00,-0.0684279,-0.04245570778139927,0.8399999812245369,13.3199997022748,0.033175029011100574,0.9673759943735778,1.0005510233846784,0.8896674176135292,0.00621376528075129,6.0
2026-08-07 00:40:00,-0.0684279,-0.06761356491692451,0.8399999812245369,13.3199997022748,0.033175029011100574,0.9673759943735778,1.0005510233846784,0.864509560478004,0.00621376528075129,6.0
2026-08-07 00:50:00,-0.0684279,-0.09275005871594295,0.8399999812245369,13.3199997022748,0.033175029011100574,0.9673759943735778,1.0005510233846784,0.8393730666789856,0.00621376528075129,6.0
2026-08-07 01:00:00,-0.0684279,-0.1176310572091508,0.8399999812245369,13.3199997022748,0.033175029011100574,0.9673759943735778,1.0005510233846784,0.8144920681857777,0.00621376528075129,6.0
2026-08-07 01:10:00,-0.0684279,-0.1420234465892774,0.8399999812245369,13.3199997022748,0.033175029011100574,0.9673759943735778,1.0005510233846784,0.7900996788056511,0.00621376528075129,6.0
2026-08-07 01:20:00,-0.0684279,-0.1656975702673717,0.8399999812245369,13.3199997022748,0.033175029011100574,0.9673759943735778,1.0005510233846784,0.7664255551275567,0.00621376528075129,6.0
2026-08-07 01:30:00,-0.0684279,-0.18842962485506776,0.8399999812245369,13.3199997022748,0.033175029011100574,0.9673759943735778,1.0005510233846784,0.7436935005398607,0.00621376528075129,6.0
2026-08-07 01:40:00,-0.0684279,-0.2100040128698789,0.8399999812245369,13.3199997022748,0.033175029011100574,0.9673759943735778,1.0005510233846784,0.7221191125250496,0.00621376528075129,6.0
2026-08-07 01:50:00,-0.0684279,-0.23021564974647116,0.8399999812245369,13.3199997022748,0.033175029011100574,0.9673759943735778,1.0005510233846784,0.7019074756484573,0.00621376528075129,6.0
2026-08-07 02:00:00,-0.0684279,-0.24887221504820672,0.8399999812245369,13.3199997022748,0.033175029011100574,0.9673759943735778,1.0005510233846784,0.6832509103467217,0.00621376528075129,6.0
2026-08-07 02:10:00,-0.0684279,-0.2657963257658475,0.8399999812245369,13.3199997022748,0.033175029011100574,0.9673759943735778,1.0005510233846784,0.6663267996290809,0.00621376528075129,6.0
2026-08-07 02:20:00,-0.0684279,-0.2808275951181662,0.8399999812245369,13.3199997022748,0.033175029011100574,0.9673759943735778,1.0005510233846784,0.6512955302767622,0.00621376528075129,6.0
2026-08-07 02:30:00,-0.0684279,-0.2938245257119814,0.8399999812245369,13.3199997022748,0.033175029011100574,0.9673759943735778,1.0005510233846784,0.6382985996829471,0.00621376528075129,6.0
2026-08-07 02:40:00,-0.0684279,-0.3046661738130934,0.8399999812245369,13.3199997022748,0.033175029011100574,0.9673759943735778,1.0005510233846784,0.6274569515818351,0.00621376528075129,6.0
2026-08-07 02:50:00,-0.0684279,-0.31325351399663137,0.8399999812245369,13.3199997022748,0.033175029011100574,0.9673759943735778,1.0005510233846784,0.6188696113982971,0.00621376528075129,6.0
2026-08-07 03:00:00,-0.0684279,-0.3195104327816015,0.8499999810010195,13.149999706074595,0.03294599734833997,0.960697485292789,0.9936434826411289,0.6057051518697775,0.00621376528075129,6.0
2026-08-07 03:10:00,-0.0684279,-0.32338428688910603,0.8499999810010195,13.149999706074595,0.03294599734833997,0.960697485292789,0.9936434826411289,0.601831297762273,0.00621376528075129,6.0
2026-08-07 03:20:00,-0.0684279,-0.32484597696623874,0.8499999810010195,13.149999706074595,0.03294599734833997,0.960697485292789,0.9936434826411289,0.6003696076851402,0.00621376528075129,6.0
2026-08-07 03:30:00,-0.0684279,-0.32388951024447404,0.8499999810010195,13.149999706074595,0.03294599734833997,0.960697485292789,0.9936434826411289,0.6013260744069049,0.00621376528075129,6.0
2026-08-07 03:40:00,-0.0684279,-0.3205310539147583,0.8499999810010195,13.149999706074595,0.03294599734833997,0.960697485292789,0.9936434826411289,0.6046845307366207,0.00621376528075129,6.0
2026-08-07 03:50:00,-0.0684279,-0.3148075126793615,0.8499999810010195,13.149999706074595,0.03294599734833997,0.960697485292789,0.9936434826411289,0.6104080719720175,0.00621376528075129,6.0
2026-08-07 04:00:00,-0.0684279,-0.3067746958866697,0.8499999810010195,13.149999706074595,0.03294599734833997,0.960697485292789,0.9936434826411289,0.6184408887647093,0.00621376528075129,6.0
2026-08-07 04:10:00,-0.0684279,-0.2965051687036101,0.8499999810010195,13.149999706074595,0.03294599734833997,0.960697485292789,0.9936434826411289,0.6287104159477689,0.00621376528075129,6.0
2026-08-07 04:20:00,-0.0684279,-0.28408590476954454,0.8499999810010195,13.149999706074595,0.03294599734833997,0.960697485292789,0.9936434826411289,0.6411296798818344,0.00621376528075129,6.0
2026-08-07 04:30:00,-0.0684279,-0.2696158721244158,0.8499999810010195,13.149999706074595,0.03294599734833997,0.960697485292789,0.9936434826411289,0.6555997125269633,0.00621376528075129,6.0
2026-08-07 04:40:00,-0.0684279,-0.2532036880192765,0.8499999810010195,13.149999706074595,0.03294599734833997,0.960697485292789,0.9936434826411289,0.6720118966321025,0.00621376528075129,6.0
2026-08-07 04:50:00,-0.0684279,-0.234965470699982,0.8499999810010195,13.149999706074595,0.03294599734833997,0.960697485292789,0.9936434826411289,0.690250113951397,0.00621376528075129,6.0
2026-08-07 05:00:00,-0.0684279,-0.21502299767522914,0.8499999810010195,13.149999706074595,0.03294599734833997,0.960697485292789,0.9936434826411289,0.7101925869761498,0.00621376528075129,6.0
2026-08-07 05:10:00,-0.0684279,-0.1935022517941225,0.8499999810010195,13.149999706074595,0.03294599734833997,0.960697485292789,0.9936434826411289,0.7317133328572565,0.00621376528075129,6.0
2026-08-07 05:20:00,-0.0684279,-0.170532401132831,0.8499999810010195,13.149999706074595,0.03294599734833997,0.960697485292789,0.9936434826411289,0.754683183518548,0.00621376528075129,6.0
2026-08-07 05:30:00,-0.0684279,-0.14624521945771346,0.8499999810010195,13.149999706074595,0.03294599734833997,0.960697485292789,0.9936434826411289,0.7789703651936655,0.00621376528075129,6.0
2026-08-07 05:40:00,-0.0684279,-0.12077491453891936,0.8499999810010195,13.149999706074595,0.03294599734833997,0.960697485292789,0.9936434826411289,0.8044406701124596,0.00621376528075129,6.0
2026-08-07 05:50:00,-0.0684279,-0.09425829574038411,0.8499999810010195,13.149999706074595,0.03294599734833997,0.960697485292789,0.9936434826411289,0.8309572889109949,0.00621376528075129,6.0
2026-08-07 06:00:00,-0.0684279,-0.0668351833800215,0.8599999807775021,13.039999708533287,0.032862020366771064,0.9582487363852136,0.9911107567519847,0.8558476753822133,0.00621376528075129,6.0
2026-08-07 06:10:00,-0.0684279,-0.03864894325785113,0.8599999807775021,13.039999708533287,0.032862020366771064,0.9582487363852136,0.9911107567519847,0.8840339155043837,0.00621376528075129,6.0
2026-08-07 06:20:00,-0.0684279,-0.00984702229776067,0.8599999807775021,13.039999708533287,0.032862020366771064,0.9582487363852136,0.9911107567519847,0.9128358364644741,0.00621376528075129,6.0
2026-08-07 06:30:00,-0.0684279,0.019418634103361684,0.8599999807775021,13.039999708533287,0.032862020366771064,0.9582487363852136,0.9911107567519847,0.9421014928655964,0.00621376528075129,6.0
2026-08-07 06:40:00,-0.0684279,0.04899138607576089,0.8599999807775021,13.039999708533287,0.032862020366771064,0.9582487363852136,0.9911107567519847,0.9716742448379957,0.00621376528075129,6.0
2026-08-07 06:50:00,-0.0684279,0.07871000153762692,0.8599999807775021,13.039999708533287,0.032862020366771064,0.9582487363852136,0.9911107567519847,1.0013928602998616,0.00621376528075129,6.0
2026-08-07 07:00:00,-0.0684279,0.10840910044566371,0.8599999807775021,13.039999708533287,0.032862020366771064,0.9582487363852136,0.9911107567519847,1.0310919592078984,0.00621376528075129,6.0
2026-08-07 07:10:00,-0.0684279,0.13791994813240982,0.8599999807775021,13.039999708533287,0.032862020366771064,0.9582487363852136,0.9911107567519847,1.0606028068946447,0.00621376528075129,6.0
2026-08-07 07:20:00,-0.0684279,0.16707156831905276,0.8599999807775021,13.039999708533287,0.032862020366771064,0.9582487363852136,0.9911107567519847,1.0897544270812876,0.00621376528075129,6.0
2026-08-07 07:30:00,-0.0684279,0.19569211413769147,0.8599999807775021,13.039999708533287,0.032862020366771064,0.9582487363852136,0.9911107567519847,1.1183749728999262,0.00621376528075129,6.0
2026-08-07 07:40:00,-0.0684279,0.22361041043868735,0.8599999807775021,13.039999708533287,0.032862020366771064,0.9582487363852136,0.9911107567519847,1.146293269200922,0.00621376528075129,6.0
2026-08-07 07:50:00,-0.0684279,0.2506575654827109,0.8599999807775021,13.039999708533287,0.032862020366771064,0.9582487363852136,0.9911107567519847,1.1733404242449457,0.00621376528075129,6.0
2026-08-07 08:00:00,-0.0684279,0.27666854630097404,0.8599999807775021,13.039999708533287,0.032862020366771064,0.9582487363852136,0.9911107567519847,1.1993514050632088,0.00621376528075129,6.0
2026-08-07 08:10:00,-0.0684279,0.301483619465558,0.8599999807775021,13.039999708533287,0.032862020366771064,0.9582487363852136,0.9911107567519847,1.2241664782277928,0.00621376528075129,6.0
2026-08-07 08:20:00,-0.0684279,0.3249495771864969,0.8599999807775021,13.039999708533287,0.032862020366771064,0.9582487363852136,0.9911107567519847,1.2476324359487316,0.00621376528075129,6.0
2026-08-07 08:30:00,-0.0684279,0.3469206949356385,0.8599999807775021,13.039999708533287,0.032862020366771064,0.9582487363852136,0.9911107567519847,1.2696035536978734,0.00621376528075129,6.0
2026-08-07 08:40:00,-0.0684279,0.36725939868525864,0.8599999807775021,13.039999708533287,0.032862020366771064,0.9582487363852136,0.9911107567519847,1.2899422574474935,0.00621376528075129,6.0
2026-08-07 08:50:00,-0.0684279,0.38583665340645285,0.8599999807775021,13.039999708533287,0.032862020366771064,0.9582487363852136,0.9911107567519847,1.3085195121686877,0.00621376528075129,6.0
2026-08-07 09:00:00,-0.0684279,0.40253211631589936,0.8799999803304672,12.8599997125566,0.03278307959303436,0.9559468421060974,0.9887299216991318,1.3228341400252812,0.00621376528075129,6.0
2026-08-07 09:10:00,-0.0684279,0.41723412489021855,0.8799999803304672,12.8599997125566,0.03278307959303436,0.9559468421060974,0.9887299216991318,1.3375361485996005,0.00621376528075129,6.0
2026-08-07 09:20:00,-0.0684279,0.42983960804142046,0.8799999803304672,12.8599997125566,0.03278307959303436,0.9559468421060974,0.9887299216991318,1.3501416317508024,0.00621376528075129,6.0
2026-08-07 09:30:00,-0.0684279,0.4402540172556723,0.8799999803304672,12.8599997125566,0.03278307959303436,0.9559468421060974,0.9887299216991318,1.3605560409650541,0.00621376528075129,6.0
2026-08-07 09:40:00,-0.0684279,0.44839137184893846,0.8799999803304672,12.8599997125566,0.03278307959303436,0.9559468421060974,0.9887299216991318,1.3686933955583203,0.00621376528075129,6.0
2026-08-07 09:50:00,-0.0684279,0.4541744994203794,0.8799999803304672,12.8599997125566,0.03278307959303436,0.9559468421060974,0.9887299216991318,1.3744765231297613,0.00621376528075129,6.0
2026-08-07 10:00:00,-0.0684279,0.4575355302250965,0.8799999803304672,12.8599997125566,0.03278307959303436,0.9559468421060974,0.9887299216991318,1.3778375539344783,0.00621376528075129,6.0
2026-08-07 10:10:00,-0.0684279,0.4584166752214657,0.8799999803304672,12.8599997125566,0.03278307959303436,0.9559468421060974,0.9887299216991318,1.3787186989308475,0.00621376528075129,6.0
2026-08-07 10:20:00,-0.0684279,0.45677128481820783,0.8799999803304672,12.8599997125566,0.03278307959303436,0.9559468421060974,0.9887299216991318,1.3770733085275897,0.00621376528075129,6.0
2026-08-07 10:30:00,-0.0684279,0.45256515245861667,0.8799999803304672,12.8599997125566,0.03278307959303436,0.9559468421060974,0.9887299216991318,1.3728671761679985,0.00621376528075129,6.0
2026-08-07 10:40:00,-0.0684279,0.4457779973661332,0.8799999803304672,12.8599997125566,0.03278307959303436,0.9559468421060974,0.9887299216991318,1.366080021075515,0.00621376528075129,6.0
2026-08-07 10:50:00,-0.0684279,0.43640503712085654,0.8799999803304672,12.8599997125566,0.03278307959303436,0.9559468421060974,0.9887299216991318,1.3567070608302383,0.00621376528075129,6.0
2026-08-07 11:00:00,-0.0684279,0.42445854545263395,0.8799999803304672,12.8599997125566,0.03278307959303436,0.9559468421060974,0.9887299216991318,1.3447605691620157,0.00621376528075129,6.0
2026-08-07 11:10:00,-0.0684279,0.4099692850986796,0.8799999803304672,12.8599997125566,0.03278307959303436,0.9559468421060974,0.9887299216991318,1.3302713088080615,0.00621376528075129,6.0
2026-08-07 11:20:00,-0.0684279,0.39298771002347593,0.8799999803304672,12.8599997125566,0.03278307959303436,0.9559468421060974,0.9887299216991318,1.3132897337328577,0.00621376528075129,6.0
2026-08-07 11:30:00,-0.0684279,0.37358484499972444,0.8799999803304672,12.8599997125566,0.03278307959303436,0.9559468421060974,0.9887299216991318,1.2938868687091063,0.00621376528075129,6.0
2026-08-07 11:40:00,-0.0684279,0.35185277177401825,0.8799999803304672,12.8599997125566,0.03278307959303436,0.9559468421060974,0.9887299216991318,1.2721547954834,0.00621376528075129,6.0
2026-08-07 11:50:00,-0.0684279,0.3279046772919984,0.8799999803304672,12.8599997125566,0.03278307959303436,0.9559468421060974,0.9887299216991318,1.2482067010013802,0.00621376528075129,6.0
2026-08-07 12:00:00,-0.0684279,0.3018744479905328,0.9199999794363976,12.679999716579914,0.03305069608682246,0.9637504757277112,0.9968011718145336,1.2302477218153165,0.00621376528075129,6.0
2026-08-07 12:10:00,-0.0684279,0.27391582186489943,0.9199999794363976,12.679999716579914,0.03305069608682246,0.9637504757277112,0.9968011718145336,1.2022890956896832,0.00621376528075129,6.0
2026-08-07 12:20:00,-0.0684279,0.24420113432776155,0.9199999794363976,12.679999716579914,0.03305069608682246,0.9637504757277112,0.9968011718145336,1.1725744081525453,0.00621376528075129,6.0
2026-08-07 12:30:00,-0.0684279,0.21291971241707736,0.9199999794363976,12.679999716579914,0.03305069608682246,0.9637504757277112,0.9968011718145336,1.141292986241861,0.00621376528075129,6.0
2026-08-07 12:40:00,-0.0684279,0.1802759835580049,0.9199999794363976,12.679999716579914,0.03305069608682246,0.9637504757277112,0.9968011718145336,1.1086492573827886,0.00621376528075129,6.0
2026-08-07 12:50:00,-0.0684279,0.14648736897630338,0.9199999794363976,12.679999716579914,0.03305069608682246,0.9637504757277112,0.9968011718145336,1.0748606428010872,0.00621376528075129,6.0
2026-08-07 13:00:00,-0.0684279,0.11178202884903707,0.9199999794363976,12.679999716579914,0.03305069608682246,0.9637504757277112,0.9968011718145336,1.0401553026738208,0.00621376528075129,6.0
2026-08-07 13:10:00,-0.0684279,0.07639651718424988,0.9199999794363976,12.679999716579914,0.03305069608682246,0.9637504757277112,0.9968011718145336,1.0047697910090336,0.00621376528075129,6.0
2026-08-07 13:20:00,-0.0684279,0.04057339165232719,0.9199999794363976,12.679999716579914,0.03305069608682246,0.9637504757277112,0.9968011718145336,0.968946665477111,0.00621376528075129,6.0
2026-08-07 13:30:00,-0.0684279,0.0045588089951312805,0.9199999794363976,12.679999716579914,0.03305069608682246,0.9637504757277112,0.9968011718145336,0.932932082819915,0.00621376528075129,6.0
2026-08-07 13:40:00,-0.0684279,-0.031399876958500175,0.9199999794363976,12.679999716579914,0.03305069608682246,0.9637504757277112,0.9968011718145336,0.8969733968662835,0.00621376528075129,6.0
2026-08-07 13:50:00,-0.0684279,-0.0670565082715458,0.9199999794363976,12.679999716579914,0.03305069608682246,0.9637504757277112,0.9968011718145336,0.8613167655532379,0.00621376528075129,6.0
2026-08-07 14:00:00,-0.0684279,-0.10216850651635107,0.9199999794363976,12.679999716579914,0.03305069608682246,0.9637504757277112,0.9968011718145336,0.8262047673084327,0.00621376528075129,6.0
2026-08-07 14:10:00,-0.0684279,-0.13649924679781247,0.9199999794363976,12.679999716579914,0.03305069608682246,0.9637504757277112,0.9968011718145336,0.7918740270269713,0.00621376528075129,6.0
2026-08-07 14:20:00,-0.0684279,-0.16982041665356046,0.9199999794363976,12.679999716579914,0.03305069608682246,0.9637504757277112,0.9968011718145336,0.7585528571712232,0.00621376528075129,6.0
2026-08-07 14:30:00,-0.0684279,-0.2019143435625379,0.9199999794363976,12.679999716579914,0.03305069608682246,0.9637504757277112,0.9968011718145336,0.7264589302622458,0.00621376528075129,6.0
2026-08-07 14:40:00,-0.0684279,-0.23257626101940784,0.9199999794363976,12.679999716579914,0.03305069608682246,0.9637504757277112,0.9968011718145336,0.6957970128053759,0.00621376528075129,6.0
2026-08-07 14:50:00,-0.0684279,-0.2616164676261544,0.9199999794363976,12.679999716579914,0.03305069608682246,0.9637504757277112,0.9968011718145336,0.6667568061986293,0.00621376528075129,6.0
2026-08-07 15:00:00,-0.0684279,-0.28886231957504765,0.9899999778717756,12.379999723285437,0.033473851523159244,0.9760895881023803,1.0095634396255395,0.6522732220607419,0.00621376528075129,6.0
2026-08-07 15:10:00,-0.0684279,-0.31415998623420627,0.9899999778717756,12.379999723285437,0.033473851523159244,0.9760895881023803,1.0095634396255395,0.6269755554015833,0.00621376528075129,6.0
2026-08-07 15:20:00,-0.0684279,-0.33737589376031624,0.9899999778717756,12.379999723285437,0.033473851523159244,0.9760895881023803,1.0095634396255395,0.6037596478754734,0.00621376528075129,6.0
2026-08-07 15:30:00,-0.0684279,-0.3583977843192691,0.9899999778717756,12.379999723285437,0.033473851523159244,0.9760895881023803,1.0095634396255395,0.5827377573165204,0.00621376528075129,6.0
2026-08-07 15:40:00,-0.0684279,-0.3771353291629184,0.9899999778717756,12.379999723285437,0.033473851523159244,0.9760895881023803,1.0095634396255395,0.5640002124728711,0.00621376528075129,6.0
2026-08-07 15:50:00,-0.0684279,-0.3935202526416447,0.9899999778717756,12.379999723285437,0.033473851523159244,0.9760895881023803,1.0095634396255395,0.5476152889941449,0.00621376528075129,6.0
2026-08-07 16:00:00,-0.0684279,-0.4075059496980067,0.9899999778717756,12.379999723285437,0.033473851523159244,0.9760895881023803,1.0095634396255395,0.5336295919377829,0.00621376528075129,6.0
2026-08-07 16:10:00,-0.0684279,-0.4190666097572133,0.9899999778717756,12.379999723285437,0.033473851523159244,0.9760895881023803,1.0095634396255395,0.5220689318785763,0.00621376528075129,6.0
2026-08-07 16:20:00,-0.0684279,-0.42819589218640347,0.9899999778717756,12.379999723285437,0.033473851523159244,0.9760895881023803,1.0095634396255395,0.5129396494493861,0.00621376528075129,6.0
2026-08-07 16:30:00,-0.0684279,-0.434905229696698,0.9899999778717756,12.379999723285437,0.033473851523159244,0.9760895881023803,1.0095634396255395,0.5062303119390916,0.00621376528075129,6.0
2026-08-07 16:40:00,-0.0684279,-0.43922186282189984,0.9899999778717756,12.379999723285437,0.033473851523159244,0.9760895881023803,1.0095634396255395,0.5019136788138898,0.00621376528075129,6.0
2026-08-07 16:50:00,-0.0684279,-0.4411867281014576,0.9899999778717756,12.379999723285437,0.033473851523159244,0.9760895881023803,1.0095634396255395,0.49994881353433196,0.00621376528075129,6.0
2026-08-07 17:00:00,-0.0684279,-0.4408523324666863,0.9899999778717756,12.379999723285437,0.033473851523159244,0.9760895881023803,1.0095634396255395,0.5002832091691033,0.00621376528075129,6.0
2026-08-07 17:10:00,-0.0684279,-0.43828074518759996,0.9899999778717756,12.379999723285437,0.033473851523159244,0.9760895881023803,1.0095634396255395,0.5028547964481896,0.00621376528075129,6.0
2026-08-07 17:20:00,-0.0684279,-0.4335418262727173,0.9899999778717756,12.379999723285437,0.033473851523159244,0.9760895881023803,1.0095634396255395,0.5075937153630723,0.00621376528075129,6.0
2026-08-07 17:30:00,-0.0684279,-0.4267117872781454,0.9899999778717756,12.379999723285437,0.033473851523159244,0.9760895881023803,1.0095634396255395,0.5144237543576442,0.00621376528075129,6.0
2026-08-07 17:40:00,-0.0684279,-0.41787214895576213,0.9899999778717756,12.379999723285437,0.033473851523159244,0.9760895881023803,1.0095634396255395,0.5232633926800274,0.00621376528075129,6.0
2026-08-07 17:50:00,-0.0684279,-0.4071091230089245,0.9899999778717756,12.379999723285437,0.033473851523159244,0.9760895881023803,1.0095634396255395,0.5340264186268651,0.00621376528075129,6.0
2026-08-07 18:00:00,-0.0684279,-0.3945134057783912,1.0099999774247408,12.179999727755785,0.03326407250753391,0.9699724816554993,1.0032365541630333,0.5402952503948921,0.00621376528075129,6.0
2026-08-07 18:10:00,-0.0684279,-0.38018033385078254,1.0099999774247408,12.179999727755785,0.03326407250753391,0.9699724816554993,1.0032365541630333,0.5546283223225008,0.00621376528075129,6.0
2026-08-07 18:20:00,-0.0684279,-0.36421031897244155,1.0099999774247408,12.179999727755785,0.03326407250753391,0.9699724816554993,1.0032365541630333,0.5705983372008419,0.00621376528075129,6.0
2026-08-07 18:30:00,-0.0684279,-0.3467094553454914,1.0099999774247408,12.179999727755785,0.03326407250753391,0.9699724816554993,1.0032365541630333,0.5880992008277919,0.00621376528075129,6.0
2026-08-07 18:40:00,-0.0684279,-0.3277901789626529,1.0099999774247408,12.179999727755785,0.03326407250753391,0.9699724816554993,1.0032365541630333,0.6070184772106304,0.00621376528075129,6.0
2026-08-07 18:50:00,-0.0684279,-0.30757185694165257,1.0099999774247408,12.179999727755785,0.03326407250753391,0.9699724816554993,1.0032365541630333,0.6272367992316308,0.00621376528075129,6.0
2026-08-07 19:00:00,-0.0684279,-0.286181195493076,1.0099999774247408,12.179999727755785,0.03326407250753391,0.9699724816554993,1.0032365541630333,0.6486274606802074,0.00621376528075129,6.0
2026-08-07 19:10:00,-0.0684279,-0.2637523762087709,1.0099999774247408,12.179999727755785,0.03326407250753391,0.9699724816554993,1.0032365541630333,0.6710562799645124,0.00621376528075129,6.0
2026-08-07 19:20:00,-0.0684279,-0.24042686038525474,1.0099999774247408,12.179999727755785,0.03326407250753391,0.9699724816554993,1.0032365541630333,0.6943817957880286,0.00621376528075129,6.0
2026-08-07 19:30:00,-0.0684279,-0.21635283611886671,1.0099999774247408,12.179999727755785,0.03326407250753391,0.9699724816554993,1.0032365541630333,0.7184558200544167,0.00621376528075129,6.0
2026-08-07 19:40:00,-0.0684279,-0.19168431984896764,1.0099999774247408,12.179999727755785,0.03326407250753391,0.9699724816554993,1.0032365541630333,0.7431243363243157,0.00621376528075129,6.0
2026-08-07 19:50:00,-0.0684279,-0.1665799586631902,1.0099999774247408,12.179999727755785,0.03326407250753391,0.9699724816554993,1.0032365541630333,0.7682286975100932,0.00621376528075129,6.0
2026-08-07 20:00:00,-0.0684279,-0.14120160859669934,1.0099999774247408,12.179999727755785,0.03326407250753391,0.9699724816554993,1.0032365541630333,0.793607047576584,0.00621376528075129,6.0
2026-08-07 20:10:00,-0.0684279,-0.11571278447530516,1.0099999774247408,12.179999727755785,0.03326407250753391,0.9699724816554993,1.0032365541630333,0.8190958716979782,0.00621376528075129,6.0
2026-08-07 20:20:00,-0.0684279,-0.0902770862498999,1.0099999774247408,12.179999727755785,0.03326407250753391,0.9699724816554993,1.0032365541630333,0.8445315699233835,0.00621376528075129,6.0
2026-08-07 20:30:00,-0.0684279,-0.06505670506182792,1.0099999774247408,12.179999727755785,0.03326407250753391,0.9699724816554993,1.0032365541630333,0.8697519511114554,0.00621376528075129,6.0
2026-08-07 20:40:00,-0.0684279,-0.04021109888845619,1.0099999774247408,12.179999727755785,0.03326407250753391,0.9699724816554993,1.0032365541630333,0.8945975572848271,0.00621376528075129,6.0
2026-08-07 20:50:00,-0.0684279,-0.015895905205193166,1.0099999774247408,12.179999727755785,0.03326407250753391,0.9699724816554993,1.0032365541630333,0.9189127509680902,0.00621376528075129,6.0
2026-08-07 21:00:00,-0.0684279,0.0077378717301113675,1.029999976977706,12.029999731108546,0.03317811309079456,0.9674659254075404,1.000644038498335,0.9399540122386965,0.00621376528075129,6.0
2026-08-07 21:10:00,-0.0684279,0.030544394636305563,1.029999976977706,12.029999731108546,0.03317811309079456,0.9674659254075404,1.000644038498335,0.9627605351448907,0.00621376528075129,6.0
2026-08-07 21:20:00,-0.0684279,0.05238327707175282,1.029999976977706,12.029999731108546,0.03317811309079456,0.9674659254075404,1.000644038498335,0.984599417580338,0.00621376528075129,6.0
2026-08-07 21:30:00,-0.0684279,0.07311967633412102,1.029999976977706,12.029999731108546,0.03317811309079456,0.9674659254075404,1.000644038498335,1.0053358168427062,0.00621376528075129,6.0
2026-08-07 21:40:00,-0.0684279,0.09262427721866502,1.029999976977706,12.029999731108546,0.03317811309079456,0.9674659254075404,1.000644038498335,1.02484041772725,0.00621376528075129,6.0
2026-08-07 21:50:00,-0.0684279,0.11077326237226587,1.029999976977706,12.029999731108546,0.03317811309079456,0.9674659254075404,1.000644038498335,1.042989402880851,0.00621376528075129,6.0
2026-08-07 22:00:00,-0.0684279,0.1274483678357968,1.029999976977706,12.029999731108546,0.03317811309079456,0.9674659254075404,1.000644038498335,1.0596645083443819,0.00621376528075129,6.0
2026-08-07 22:10:00,-0.0684279,0.14253711469958563,1.029999976977706,12.029999731108546,0.03317811309079456,0.9674659254075404,1.000644038498335,1.0747532552081709,0.00621376528075129,6.0
2026-08-07 22:20:00,-0.0684279,0.15593328952967384,1.029999976977706,12.029999731108546,0.03317811309079456,0.9674659254075404,1.000644038498335,1.088149430038259,0.00621376528075129,6.0
2026-08-07 22:30:00,-0.0684279,0.16753772024049998,1.029999976977706,12.029999731108546,0.03317811309079456,0.9674659254075404,1.000644038498335,1.099753860749085,0.00621376528075129,6.0
2026-08-07 22:40:00,-0.0684279,0.17725936239773993,1.029999976977706,12.029999731108546,0.03317811309079456,0.9674659254075404,1.000644038498335,1.109475502906325,0.00621376528075129,6.0
2026-08-07 22:50:00,-0.0684279,0.18501667727118076,1.029999976977706,12.029999731108546,0.03317811309079456,0.9674659254075404,1.000644038498335,1.117232817779766,0.00621376528075129,6.0
2026-08-07 23:00:00,-0.0684279,0.19073925067052508,1.029999976977706,12.029999731108546,0.03317811309079456,0.9674659254075404,1.000644038498335,1.1229553911791101,0.00621376528075129,6.0
2026-08-07 23:10:00,-0.0684279,0.19436957381984502,1.029999976977706,12.029999731108546,0.03317811309079456,0.9674659254075404,1.000644038498335,1.1265857143284301,0.00621376528075129,6.0
2026-08-07 23:20:00,-0.0684279,0.19586488712855377,1.029999976977706,12.029999731108546,0.03317811309079456,0.9674659254075404,1.000644038498335,1.128081027637139,0.00621376528075129,6.0
2026-08-07 23:30:00,-0.0684279,0.19519897641809345,1.029999976977706,12.029999731108546,0.03317811309079456,0.9674659254075404,1.000644038498335,1.1274151169266786,0.00621376528075129,6.0
2026-08-07 23:40:00,-0.0684279,0.19236380990268115,1.029999976977706,12.029999731108546,0.03317811309079456,0.9674659254075404,1.000644038498335,1.1245799504112663,0.00621376528075129,6.0
2026-08-07 23:50:00,-0.0684279,0.18737091277067927,1.029999976977706,12.029999731108546,0.03317811309079456,0.9674659254075404,1.000644038498335,1.1195870532792644,0.00621376528075129,6.0
2026-08-08 00:00:00,-0.0603607,0.18025239328233855,0.9999999776482582,11.909999733790755,0.0323652678064203,0.9437635492926523,0.9761288170990726,1.096020510489367,0.00621376528075129,6.0
2026-08-08 00:10:00,-0.0603607,0.17106155789922922,0.9999999776482582,11.909999733790755,0.0323652678064203,0.9437635492926523,0.9761288170990726,1.0868296751062578,0.00621376528075129,6.0
2026-08-08 00:20:00,-0.0603607,0.15987308036364023,0.9999999776482582,11.909999733790755,0.0323652678064203,0.9437635492926523,0.9761288170990726,1.0756411975706688,0.00621376528075129,6.0
2026-08-08 00:30:00,-0.0603607,0.1467827178619697,0.9999999776482582,11.909999733790755,0.0323652678064203,0.9437635492926523,0.9761288170990726,1.0625508350689983,0.00621376528075129,6.0
2026-08-08 00:40:00,-0.0603607,0.1319065937286449,0.9999999776482582,11.909999733790755,0.0323652678064203,0.9437635492926523,0.9761288170990726,1.0476747109356734,0.00621376528075129,6.0
2026-08-08 00:50:00,-0.0603607,0.11538008777131892,0.9999999776482582,11.909999733790755,0.0323652678064203,0.9437635492926523,0.9761288170990726,1.0311482049783476,0.00621376528075129,6.0
2026-08-08 01:00:00,-0.0603607,0.09735639089186945,0.9999999776482582,11.909999733790755,0.0323652678064203,0.9437635492926523,0.9761288170990726,1.013124508098898,0.00621376528075129,6.0
2026-08-08 01:10:00,-0.0603607,0.0780047885485767,0.9999999776482582,11.909999733790755,0.0323652678064203,0.9437635492926523,0.9761288170990726,0.9937729057556053,0.00621376528075129,6.0
2026-08-08 01:20:00,-0.0603607,0.05750873858067404,0.9999999776482582,11.909999733790755,0.0323652678064203,0.9437635492926523,0.9761288170990726,0.9732768557877026,0.00621376528075129,6.0
2026-08-08 01:30:00,-0.0603607,0.03606380293953112,0.9999999776482582,11.909999733790755,0.0323652678064203,0.9437635492926523,0.9761288170990726,0.9518319201465597,0.00621376528075129,6.0
2026-08-08 01:40:00,-0.0603607,0.013875482281650971,0.9999999776482582,11.909999733790755,0.0323652678064203,0.9437635492926523,0.9761288170990726,0.9296435994886796,0.00621376528075129,6.0
2026-08-08 01:50:00,-0.0603607,-0.00884301108472659,0.9999999776482582,11.909999733790755,0.0323652678064203,0.9437635492926523,0.9761288170990726,0.9069251061223019,0.00621376528075129,6.0
2026-08-08 02:00:00,-0.0603607,-0.03187302031286653,0.9999999776482582,11.909999733790755,0.0323652678064203,0.9437635492926523,0.9761288170990726,0.883895096894162,0.00621376528075129,6.0
2026-08-08 02:10:00,-0.0603607,-0.05499274132176109,0.9999999776482582,11.909999733790755,0.0323652678064203,0.9437635492926523,0.9761288170990726,0.8607753758852674,0.00621376528075129,6.0
2026-08-08 02:20:00,-0.0603607,-0.07797954854995269,0.9999999776482582,11.909999733790755,0.0323652678064203,0.9437635492926523,0.9761288170990726,0.8377885686570758,0.00621376528075129,6.0
2026-08-08 02:30:00,-0.0603607,-0.100612349779344,0.9999999776482582,11.909999733790755,0.0323652678064203,0.9437635492926523,0.9761288170990726,0.8151557674276846,0.00621376528075129,6.0
2026-08-08 02:40:00,-0.0603607,-0.122673967809425,0.9999999776482582,11.909999733790755,0.0323652678064203,0.9437635492926523,0.9761288170990726,0.7930941493976036,0.00621376528075129,6.0
2026-08-08 02:50:00,-0.0603607,-0.14395353767336153,0.9999999776482582,11.909999733790755,0.0323652678064203,0.9437635492926523,0.9761288170990726,0.7718145795336671,0.00621376528075129,6.0
2026-08-08 03:00:00,-0.0603607,-0.164248895420633,0.9599999785423279,11.789999736472964,0.03139184671546907,0.9153788206617272,0.9467706673771962,0.7221610720645191,0.00621376528075129,6.0
2026-08-08 03:10:00,-0.0603607,-0.18336891865057584,0.9599999785423279,11.789999736472964,0.03139184671546907,0.9153788206617272,0.9467706673771962,0.7030410488345763,0.00621376528075129,6.0
2026-08-08 03:20:00,-0.0603607,-0.20113576353666537,0.9599999785423279,11.789999736472964,0.03139184671546907,0.9153788206617272,0.9467706673771962,0.6852742039484867,0.00621376528075129,6.0
2026-08-08 03:30:00,-0.0603607,-0.2173869297626453,0.9599999785423279,11.789999736472964,0.03139184671546907,0.9153788206617272,0.9467706673771962,0.6690230377225068,0.00621376528075129,6.0
2026-08-08 03:40:00,-0.0603607,-0.23197707628343778,0.9599999785423279,11.789999736472964,0.03139184671546907,0.9153788206617272,0.9467706673771962,0.6544328912017143,0.00621376528075129,6.0
2026-08-08 03:50:00,-0.0603607,-0.2447795092213216,0.9599999785423279,11.789999736472964,0.03139184671546907,0.9153788206617272,0.9467706673771962,0.6416304582638305,0.00621376528075129,6.0
2026-08-08 04:00:00,-0.0603607,-0.2556872692918395,0.9599999785423279,11.789999736472964,0.03139184671546907,0.9153788206617272,0.9467706673771962,0.6307226981933126,0.00621376528075129,6.0
2026-08-08 04:10:00,-0.0603607,-0.2646137608710234,0.9599999785423279,11.789999736472964,0.03139184671546907,0.9153788206617272,0.9467706673771962,0.6217962066141287,0.00621376528075129,6.0
2026-08-08 04:20:00,-0.0603607,-0.27149288681598027,0.9599999785423279,11.789999736472964,0.03139184671546907,0.9153788206617272,0.9467706673771962,0.6149170806691718,0.00621376528075129,6.0
2026-08-08 04:30:00,-0.0603607,-0.2762786815212317,0.9599999785423279,11.789999736472964,0.03139184671546907,0.9153788206617272,0.9467706673771962,0.6101312859639204,0.00621376528075129,6.0
2026-08-08 04:40:00,-0.0603607,-0.2789444664034981,0.9599999785423279,11.789999736472964,0.03139184671546907,0.9153788206617272,0.9467706673771962,0.607465501081654,0.00621376528075129,6.0
2026-08-08 04:50:00,-0.0603607,-0.27948158449155897,0.9599999785423279,11.789999736472964,0.03139184671546907,0.9153788206617272,0.9467706673771962,0.6069283829935932,0.00621376528075129,6.0
2026-08-08 05:00:00,-0.0603607,-0.2778978006168572,0.9599999785423279,11.789999736472964,0.03139184671546907,0.9153788206617272,0.9467706673771962,0.6085121668682949,0.00621376528075129,6.0
2026-08-08 05:10:00,-0.0603607,-0.2742154777325686,0.9599999785423279,11.789999736472964,0.03139184671546907,0.9153788206617272,0.9467706673771962,0.6121944897525835,0.00621376528075129,6.0
2026-08-08 05:20:00,-0.0603607,-0.26846965550453056,0.9599999785423279,11.789999736472964,0.03139184671546907,0.9153788206617272,0.9467706673771962,0.6179403119806215,0.00621376528075129,6.0
2026-08-08 05:30:00,-0.0603607,-0.26070616255584833,0.9599999785423279,11.789999736472964,0.03139184671546907,0.9153788206617272,0.9467706673771962,0.6257038049293038,0.00621376528075129,6.0
2026-08-08 05:40:00,-0.0603607,-0.25097988767569424,0.9599999785423279,11.789999736472964,0.03139184671546907,0.9153788206617272,0.9467706673771962,0.6354300798094579,0.00621376528075129,6.0
2026-08-08 05:50:00,-0.0603607,-0.23935331824821623,0.9599999785423279,11.789999736472964,0.03139184671546907,0.9153788206617272,0.9467706673771962,0.6470566492369358,0.00621376528075129,6.0
2026-08-08 06:00:00,-0.0603607,-0.22589542726884548,0.9599999785423279,11.639999739825726,0.030992459352676843,0.9037327796863871,0.9347252390390639,0.6484691118781744,0.00621376528075129,6.0
2026-08-08 06:10:00,-0.0603607,-0.21068095627442845,0.9599999785423279,11.639999739825726,0.030992459352676843,0.9037327796863871,0.9347252390390639,0.6636835828725913,0.00621376528075129,6.0
2026-08-08 06:20:00,-0.0603607,-0.19379010319794854,0.9599999785423279,11.639999739825726,0.030992459352676843,0.9037327796863871,0.9347252390390639,0.6805744359490713,0.00621376528075129,6.0
2026-08-08 06:30:00,-0.0603607,-0.17530858542579603,0.9599999785423279,11.639999739825726,0.030992459352676843,0.9037327796863871,0.9347252390390639,0.6990559537212238,0.00621376528075129,6.0
2026-08-08 06:40:00,-0.0603607,-0.1553280129372065,0.9599999785423279,11.639999739825726,0.030992459352676843,0.9037327796863871,0.9347252390390639,0.7190365262098133,0.00621376528075129,6.0
2026-08-08 06:50:00,-0.0603607,-0.13394647758097994,0.9599999785423279,11.639999739825726,0.030992459352676843,0.9037327796863871,0.9347252390390639,0.7404180615660398,0.00621376528075129,6.0
2026-08-08 07:00:00,-0.0603607,-0.1112692455275239,0.9599999785423279,11.639999739825726,0.030992459352676843,0.9037327796863871,0.9347252390390639,0.7630952936194959,0.00621376528075129,6.0
2026-08-08 07:10:00,-0.0603607,-0.08740943195005413,0.9599999785423279,11.639999739825726,0.030992459352676843,0.9037327796863871,0.9347252390390639,0.7869551071969657,0.00621376528075129,6.0
2026-08-08 07:20:00,-0.0603607,-0.06248854150907997,0.9599999785423279,11.639999739825726,0.030992459352676843,0.9037327796863871,0.9347252390390639,0.8118759976379398,0.00621376528075129,6.0
2026-08-08 07:30:00,-0.0603607,-0.03663677372886191,0.9599999785423279,11.639999739825726,0.030992459352676843,0.9037327796863871,0.9347252390390639,0.837727765418158,0.00621376528075129,6.0
2026-08-08 07:40:00,-0.0603607,-0.009993018184686949,0.9599999785423279,11.639999739825726,0.030992459352676843,0.9037327796863871,0.9347252390390639,0.8643715209623328,0.00621376528075129,6.0
2026-08-08 07:50:00,-0.0603607,0.01729550315475088,0.9599999785423279,11.639999739825726,0.030992459352676843,0.9037327796863871,0.9347252390390639,0.8916600423017708,0.00621376528075129,6.0
2026-08-08 08:00:00,-0.0603607,0.04507395285134248,0.9599999785423279,11.639999739825726,0.030992459352676843,0.9037327796863871,0.9347252390390639,0.9194384919983624,0.00621376528075129,6.0
2026-08-08 08:10:00,-0.0603607,0.07318092456460325,0.9599999785423279,11.639999739825726,0.030992459352676843,0.9037327796863871,0.9347252390390639,0.9475454637116231,0.00621376528075129,6.0
2026-08-08 08:20:00,-0.0603607,0.10144975782623164,0.9599999785423279,11.639999739825726,0.030992459352676843,0.9037327796863871,0.9347252390390639,0.9758142969732515,0.00621376528075129,6.0
2026-08-08 08:30:00,-0.0603607,0.12971003458475375,0.9599999785423279,11.639999739825726,0.030992459352676843,0.9037327796863871,0.9347252390390639,1.0040745737317736,0.00621376528075129,6.0
2026-08-08 08:40:00,-0.0603607,0.1577891565026352,0.9599999785423279,11.639999739825726,0.030992459352676843,0.9037327796863871,0.9347252390390639,1.032153695649655,0.00621376528075129,6.0
2026-08-08 08:50:00,-0.0603607,0.18551389787497008,0.9599999785423279,11.639999739825726,0.030992459352676843,0.9037327796863871,0.9347252390390639,1.05987843702199,0.00621376528075129,6.0
2026-08-08 09:00:00,-0.0603607,0.21271183720302644,0.9699999783188105,11.429999744519591,0.030591413262087145,0.8920383706010467,0.9226297838631339,1.0749809211741161,0.00621376528075129,6.0
2026-08-08 09:10:00,-0.0603607,0.23921258836392473,0.9699999783188105,11.429999744519591,0.030591413262087145,0.8920383706010467,0.9226297838631339,1.1014816723350145,0.00621376528075129,6.0
2026-08-08 09:20:00,-0.0603607,0.26484877923530226,0.9699999783188105,11.429999744519591,0.030591413262087145,0.8920383706010467,0.9226297838631339,1.127117863206392,0.00621376528075129,6.0
2026-08-08 09:30:00,-0.0603607,0.2894567575887115,0.9699999783188105,11.429999744519591,0.030591413262087145,0.8920383706010467,0.9226297838631339,1.1517258415598013,0.00621376528075129,6.0
2026-08-08 09:40:00,-0.0603607,0.3128770380735376,0.9699999783188105,11.429999744519591,0.030591413262087145,0.8920383706010467,0.9226297838631339,1.1751461220446275,0.00621376528075129,6.0
2026-08-08 09:50:00,-0.0603607,0.33495453641748163,0.9699999783188105,11.429999744519591,0.030591413262087145,0.8920383706010467,0.9226297838631339,1.1972236203885713,0.00621376528075129,6.0
2026-08-08 10:00:00,-0.0603607,0.3555386636824875,0.9699999783188105,11.429999744519591,0.030591413262087145,0.8920383706010467,0.9226297838631339,1.2178077476535774,0.00621376528075129,6.0
2026-08-08 10:10:00,-0.0603607,0.3744833724395554,0.9699999783188105,11.429999744519591,0.030591413262087145,0.8920383706010467,0.9226297838631339,1.2367524564106451,0.00621376528075129,6.0
2026-08-08 10:20:00,-0.0603607,0.3916472550194027,0.9699999783188105,11.429999744519591,0.030591413262087145,0.8920383706010467,0.9226297838631339,1.2539163389904924,0.00621376528075129,6.0
2026-08-08 10:30:00,-0.0603607,0.40689379179876156,0.9699999783188105,11.429999744519591,0.030591413262087145,0.8920383706010467,0.9226297838631339,1.2691628757698514,0.00621376528075129,6.0
2026-08-08 10:40:00,-0.0603607,0.42009183398985395,0.9699999783188105,11.429999744519591,0.030591413262087145,0.8920383706010467,0.9226297838631339,1.2823609179609439,0.00621376528075129,6.0
2026-08-08 10:50:00,-0.0603607,0.43111638293531834,0.9699999783188105,11.429999744519591,0.030591413262087145,0.8920383706010467,0.9226297838631339,1.2933854669064082,0.00621376528075129,6.0
2026-08-08 11:00:00,-0.0603607,0.43984969817752273,0.9699999783188105,11.429999744519591,0.030591413262087145,0.8920383706010467,0.9226297838631339,1.3021187821486127,0.00621376528075129,6.0
2026-08-08 11:10:00,-0.0603607,0.4461827330704149,0.9699999783188105,11.429999744519591,0.030591413262087145,0.8920383706010467,0.9226297838631339,1.3084518170415047,0.00621376528075129,6.0
2026-08-08 11:20:00,-0.0603607,0.4500168626577471,0.9699999783188105,11.429999744519591,0.030591413262087145,0.8920383706010467,0.9226297838631339,1.3122859466288368,0.00621376528075129,6.0
2026-08-08 11:30:00,-0.0603607,0.4512658374024834,0.9699999783188105,11.429999744519591,0.030591413262087145,0.8920383706010467,0.9226297838631339,1.3135349213735732,0.00621376528075129,6.0
2026-08-08 11:40:00,-0.0603607,0.44985787124965326,0.9699999783188105,11.429999744519591,0.030591413262087145,0.8920383706010467,0.9226297838631339,1.312126955220743,0.00621376528075129,6.0
2026-08-08 11:50:00,-0.0603607,0.44573775564693313,0.9699999783188105,11.429999744519591,0.030591413262087145,0.8920383706010467,0.9226297838631339,1.3080068396180229,0.00621376528075129,6.0
2026-08-08 12:00:00,-0.0603607,0.4388688840435252,0.9899999778717756,11.199999749660492,0.03028329055406975,0.8830535853591809,0.9133368759132506,1.2918450600647318,0.00621376528075129,6.0
2026-08-08 12:10:00,-0.0603607,0.4292350744054073,0.9899999778717756,11.199999749660492,0.03028329055406975,0.8830535853591809,0.9133368759132506,1.2822112504266139,0.00621376528075129,6.0
2026-08-08 12:20:00,-0.0603607,0.4168420896117134,0.9899999778717756,11.199999749660492,0.03028329055406975,0.8830535853591809,0.9133368759132506,1.26981826563292,0.00621376528075129,6.0
2026-08-08 12:30:00,-0.0603607,0.40171877578347476,0.9899999778717756,11.199999749660492,0.03028329055406975,0.8830535853591809,0.9133368759132506,1.2546949518046813,0.00621376528075129,6.0
2026-08-08 12:40:00,-0.0603607,0.3839177640423123,0.9899999778717756,11.199999749660492,0.03028329055406975,0.8830535853591809,0.9133368759132506,1.2368939400635188,0.00621376528075129,6.0
2026-08-08 12:50:00,-0.0603607,0.3635157091579985,0.9899999778717756,11.199999749660492,0.03028329055406975,0.8830535853591809,0.9133368759132506,1.216491885179205,0.00621376528075129,6.0
2026-08-08 13:00:00,-0.0603607,0.3406130662618389,0.9899999778717756,11.199999749660492,0.03028329055406975,0.8830535853591809,0.9133368759132506,1.1935892422830454,0.00621376528075129,6.0
2026-08-08 13:10:00,-0.0603607,0.3153334309992245,0.9899999778717756,11.199999749660492,0.03028329055406975,0.8830535853591809,0.9133368759132506,1.168309607020431,0.00621376528075129,6.0
2026-08-08 13:20:00,-0.0603607,0.2878224878476544,0.9899999778717756,11.199999749660492,0.03028329055406975,0.8830535853591809,0.9133368759132506,1.140798663868861,0.00621376528075129,6.0
2026-08-08 13:30:00,-0.0603607,0.25824662329676173,0.9899999778717756,11.199999749660492,0.03028329055406975,0.8830535853591809,0.9133368759132506,1.1112227993179684,0.00621376528075129,6.0
2026-08-08 13:40:00,-0.0603607,0.22679126580176412,0.9899999778717756,11.199999749660492,0.03028329055406975,0.8830535853591809,0.9133368759132506,1.0797674418229706,0.00621376528075129,6.0
2026-08-08 13:50:00,-0.0603607,0.1936590121450103,0.9899999778717756,11.199999749660492,0.03028329055406975,0.8830535853591809,0.9133368759132506,1.0466351881662168,0.00621376528075129,6.0
2026-08-08 14:00:00,-0.0603607,0.1590675922441924,0.9899999778717756,11.199999749660492,0.03028329055406975,0.8830535853591809,0.9133368759132506,1.0120437682653989,0.00621376528075129,6.0
2026-08-08 14:10:00,-0.0603607,0.12324771266558168,0.9899999778717756,11.199999749660492,0.03028329055406975,0.8830535853591809,0.9133368759132506,0.9762238886867882,0.00621376528075129,6.0
2026-08-08 14:20:00,-0.0603607,0.08644080595918167,0.9899999778717756,11.199999749660492,0.03028329055406975,0.8830535853591809,0.9133368759132506,0.9394169819803883,0.00621376528075129,6.0
2026-08-08 14:30:00,-0.0603607,0.048896700607493994,0.9899999778717756,11.199999749660492,0.03028329055406975,0.8830535853591809,0.9133368759132506,0.9018728766287005,0.00621376528075129,6.0
2026-08-08 14:40:00,-0.0603607,0.010871216762523055,0.9899999778717756,11.199999749660492,0.03028329055406975,0.8830535853591809,0.9133368759132506,0.8638473927837296,0.00621376528075129,6.0
2026-08-08 14:50:00,-0.0603607,-0.02737631145640855,0.9899999778717756,11.199999749660492,0.03028329055406975,0.8830535853591809,0.9133368759132506,0.8255998645647981,0.00621376528075129,6.0
2026-08-08 15:00:00,-0.0603607,-0.06558558569106411,1.0699999760836363,11.149999750778079,0.03134254078601728,0.9139410714282307,0.945283612214248,0.8193373266311398,0.00621376528075129,6.0
2026-08-08 15:10:00,-0.0603607,-0.10349795681796041,1.0699999760836363,11.149999750778079,0.03134254078601728,0.9139410714282307,0.945283612214248,0.7814249555042434,0.00621376528075129,6.0
2026-08-08 15:20:00,-0.0603607,-0.14085908228961783,1.0699999760836363,11.149999750778079,0.03134254078601728,0.9139410714282307,0.945283612214248,0.744063830032586,0.00621376528075129,6.0
2026-08-08 15:30:00,-0.0603607,-0.1774215922425933,1.0699999760836363,11.149999750778079,0.03134254078601728,0.9139410714282307,0.945283612214248,0.7075013200796105,0.00621376528075129,6.0
2026-08-08 15:40:00,-0.0603607,-0.21294771288026748,1.0699999760836363,11.149999750778079,0.03134254078601728,0.9139410714282307,0.945283612214248,0.6719751994419364,0.00621376528075129,6.0
2026-08-08 15:50:00,-0.0603607,-0.24721178028010166,1.0699999760836363,11.149999750778079,0.03134254078601728,0.9139410714282307,0.945283612214248,0.6377111320421023,0.00621376528075129,6.0
2026-08-08 16:00:00,-0.0603607,-0.280002566107893,1.0699999760836363,11.149999750778079,0.03134254078601728,0.9139410714282307,0.945283612214248,0.6049203462143109,0.00621376528075129,6.0
2026-08-08 16:10:00,-0.0603607,-0.3111253311960783,1.0699999760836363,11.149999750778079,0.03134254078601728,0.9139410714282307,0.945283612214248,0.5737975811261256,0.00621376528075129,6.0
2026-08-08 16:20:00,-0.0603607,-0.34040352448710015,1.0699999760836363,11.149999750778079,0.03134254078601728,0.9139410714282307,0.945283612214248,0.5445193878351038,0.00621376528075129,6.0
2026-08-08 16:30:00,-0.0603607,-0.3676800553683725,1.0699999760836363,11.149999750778079,0.03134254078601728,0.9139410714282307,0.945283612214248,0.5172428569538314,0.00621376528075129,6.0
2026-08-08 16:40:00,-0.0603607,-0.39281808557034437,1.0699999760836363,11.149999750778079,0.03134254078601728,0.9139410714282307,0.945283612214248,0.4921048267518595,0.00621376528075129,6.0
2026-08-08 16:50:00,-0.0603607,-0.4157013125525192,1.0699999760836363,11.149999750778079,0.03134254078601728,0.9139410714282307,0.945283612214248,0.4692215997696847,0.00621376528075129,6.0
2026-08-08 17:00:00,-0.0603607,-0.4362337467720472,1.0699999760836363,11.149999750778079,0.03134254078601728,0.9139410714282307,0.945283612214248,0.4486891655501567,0.00621376528075129,6.0
2026-08-08 17:10:00,-0.0603607,-0.45433901826947315,1.0699999760836363,11.149999750778079,0.03134254078601728,0.9139410714282307,0.945283612214248,0.4305838940527308,0.00621376528075129,6.0
2026-08-08 17:20:00,-0.0603607,-0.46995928007946286,1.0699999760836363,11.149999750778079,0.03134254078601728,0.9139410714282307,0.945283612214248,0.414963632242741,0.00621376528075129,6.0
2026-08-08 17:30:00,-0.0603607,-0.48305380401695924,1.0699999760836363,11.149999750778079,0.03134254078601728,0.9139410714282307,0.945283612214248,0.4018691083052447,0.00621376528075129,6.0
2026-08-08 17:40:00,-0.0603607,-0.4935973853941752,1.0699999760836363,11.149999750778079,0.03134254078601728,0.9139410714282307,0.945283612214248,0.3913255269280287,0.00621376528075129,6.0
2026-08-08 17:50:00,-0.0603607,-0.5015786847067039,1.0699999760836363,11.149999750778079,0.03134254078601728,0.9139410714282307,0.945283612214248,0.3833442276155,0.00621376528075129,6.0
2026-08-08 18:00:00,-0.0603607,-0.5069986349721677,1.1199999749660492,11.03999975323677,0.03175013148745578,0.9258263198169977,0.9575764513044535,0.3902171164402417,0.00621376528075129,6.0
2026-08-08 18:10:00,-0.0603607,-0.5098690326784271,1.1199999749660492,11.03999975323677,0.03175013148745578,0.9258263198169977,0.9575764513044535,0.3873467187339823,0.00621376528075129,6.0
2026-08-08 18:20:00,-0.0603607,-0.510211408999023,1.1199999749660492,11.03999975323677,0.03175013148745578,0.9258263198169977,0.9575764513044535,0.38700434241338644,0.00621376528075129,6.0
2026-08-08 18:30:00,-0.0603607,-0.5080562479461165,1.1199999749660492,11.03999975323677,0.03175013148745578,0.9258263198169977,0.9575764513044535,0.3891595034662929,0.00621376528075129,6.0
2026-08-08 18:40:00,-0.0603607,-0.503442582153899,1.1199999749660492,11.03999975323677,0.03175013148745578,0.9258263198169977,0.9575764513044535,0.39377316925851036,0.00621376528075129,6.0
2026-08-08 18:50:00,-0.0603607,-0.49641795854495996,1.1199999749660492,11.03999975323677,0.03175013148745578,0.9258263198169977,0.9575764513044535,0.40079779286744943,0.00621376528075129,6.0
2026-08-08 19:00:00,-0.0603607,-0.4870387289680306,1.1199999749660492,11.03999975323677,0.03175013148745578,0.9258263198169977,0.9575764513044535,0.4101770224443788,0.00621376528075129,6.0
2026-08-08 19:10:00,-0.0603607,-0.47537058845355357,1.1199999749660492,11.03999975323677,0.03175013148745578,0.9258263198169977,0.9575764513044535,0.4218451629588559,0.00621376528075129,6.0
2026-08-08 19:20:00,-0.0603607,-0.46148925969443055,1.1199999749660492,11.03999975323677,0.03175013148745578,0.9258263198169977,0.9575764513044535,0.43572649171797884,0.00621376528075129,6.0
2026-08-08 19:30:00,-0.0603607,-0.44548120832561566,1.1199999749660492,11.03999975323677,0.03175013148745578,0.9258263198169977,0.9575764513044535,0.4517345430867937,0.00621376528075129,6.0
2026-08-08 19:40:00,-0.0603607,-0.42744427177405636,1.1199999749660492,11.03999975323677,0.03175013148745578,0.9258263198169977,0.9575764513044535,0.46977147963835303,0.00621376528075129,6.0
2026-08-08 19:50:00,-0.0603607,-0.40748809406452735,1.1199999749660492,11.03999975323677,0.03175013148745578,0.9258263198169977,0.9575764513044535,0.48972765734788204,0.00621376528075129,6.0
2026-08-08 20:00:00,-0.0603607,-0.3857342796536167,1.1199999749660492,11.03999975323677,0.03175013148745578,0.9258263198169977,0.9575764513044535,0.5114814717587928,0.00621376528075129,6.0
2026-08-08 20:10:00,-0.0603607,-0.36231620827357625,1.1199999749660492,11.03999975323677,0.03175013148745578,0.9258263198169977,0.9575764513044535,0.5348995431388331,0.00621376528075129,6.0
2026-08-08 20:20:00,-0.0603607,-0.33737848723269265,1.1199999749660492,11.03999975323677,0.03175013148745578,0.9258263198169977,0.9575764513044535,0.5598372641797167,0.00621376528075129,6.0
2026-08-08 20:30:00,-0.0603607,-0.31107605376234904,1.1199999749660492,11.03999975323677,0.03175013148745578,0.9258263198169977,0.9575764513044535,0.5861396976500604,0.00621376528075129,6.0
2026-08-08 20:40:00,-0.0603607,-0.2835729738960252,1.1199999749660492,11.03999975323677,0.03175013148745578,0.9258263198169977,0.9575764513044535,0.6136427775163842,0.00621376528075129,6.0
2026-08-08 20:50:00,-0.0603607,-0.25504101300104026,1.1199999749660492,11.03999975323677,0.03175013148745578,0.9258263198169977,0.9575764513044535,0.6421747384113692,0.00621376528075129,6.0
2026-08-08 21:00:00,-0.0603607,-0.2256580725100319,1.099999975413084,10.949999755248427,0.03120886001461236,0.9100429717725168,0.9412518317871291,0.6552330593850532,0.00621376528075129,6.0
2026-08-08 21:10:00,-0.0603607,-0.1956065969113453,1.099999975413084,10.949999755248427,0.03120886001461236,0.9100429717725168,0.9412518317871291,0.6852845349837398,0.00621376528075129,6.0
2026-08-08 21:20:00,-0.0603607,-0.16507205244236672,1.099999975413084,10.949999755248427,0.03120886001461236,0.9100429717725168,0.9412518317871291,0.7158190794527184,0.00621376528075129,6.0
2026-08-08 21:30:00,-0.0603607,-0.13424156570494433,1.099999975413084,10.949999755248427,0.03120886001461236,0.9100429717725168,0.9412518317871291,0.7466495661901407,0.00621376528075129,6.0
2026-08-08 21:40:00,-0.0603607,-0.10330278726919005,1.099999975413084,10.949999755248427,0.03120886001461236,0.9100429717725168,0.9412518317871291,0.777588344625895,0.00621376528075129,6.0
2026-08-08 21:50:00,-0.0603607,-0.07244301540598252,1.099999975413084,10.949999755248427,0.03120886001461236,0.9100429717725168,0.9412518317871291,0.8084481164891025,0.00621376528075129,6.0
2026-08-08 22:00:00,-0.0603607,-0.04184858135585688,1.099999975413084,10.949999755248427,0.03120886001461236,0.9100429717725168,0.9412518317871291,0.8390425505392282,0.00621376528075129,6.0
2026-08-08 22:10:00,-0.0603607,-0.01170446370271391,1.099999975413084,10.949999755248427,0.03120886001461236,0.9100429717725168,0.9412518317871291,0.8691866681923711,0.00621376528075129,6.0
2026-08-08 22:20:00,-0.0603607,0.01780593057728003,1.099999975413084,10.949999755248427,0.03120886001461236,0.9100429717725168,0.9412518317871291,0.8986970624723651,0.00621376528075129,6.0
2026-08-08 22:30:00,-0.0603607,0.04650090433522898,1.099999975413084,10.949999755248427,0.03120886001461236,0.9100429717725168,0.9412518317871291,0.9273920362303141,0.00621376528075129,6.0
2026-08-08 22:40:00,-0.0603607,0.07420062737166029,1.099999975413084,10.949999755248427,0.03120886001461236,0.9100429717725168,0.9412518317871291,0.9550917592667454,0.00621376528075129,6.0
2026-08-08 22:50:00,-0.0603607,0.10072741541007992,1.099999975413084,10.949999755248427,0.03120886001461236,0.9100429717725168,0.9412518317871291,0.981618547305165,0.00621376528075129,6.0
2026-08-08 23:00:00,-0.0603607,0.1259062256108482,1.099999975413084,10.949999755248427,0.03120886001461236,0.9100429717725168,0.9412518317871291,1.0067973575059332,0.00621376528075129,6.0
2026-08-08 23:10:00,-0.0603607,0.14956544503111086,1.099999975413084,10.949999755248427,0.03120886001461236,0.9100429717725168,0.9412518317871291,1.030456576926196,0.00621376528075129,6.0
2026-08-08 23:20:00,-0.0603607,0.17153802144168823,1.099999975413084,10.949999755248427,0.03120886001461236,0.9100429717725168,0.9412518317871291,1.0524291533367733,0.00621376528075129,6.0
2026-08-08 23:30:00,-0.0603607,0.1916629535079177,1.099999975413084,10.949999755248427,0.03120886001461236,0.9100429717725168,0.9412518317871291,1.0725540854030027,0.00621376528075129,6.0
2026-08-08 23:40:00,-0.0603607,0.20978712238733582,1.099999975413084,10.949999755248427,0.03120886001461236,0.9100429717725168,0.9412518317871291,1.090678254282421,0.00621376528075129,6.0
2026-08-08 23:50:00,-0.0603607,0.2257674130560629,1.099999975413084,10.949999755248427,0.03120886001461236,0.9100429717725168,0.9412518317871291,1.106658544951148,0.00621376528075129,6.0
2026-08-09 00:00:00,-0.054125804,0.23947304439775147,1.0599999763071537,10.839999757707119,0.030328411099563763,0.8843692897870306,0.9146977008865943,1.1000449408302575,0.00621376528075129,6.0
2026-08-09 00:10:00,-0.054125804,0.25078800490201625,1.0599999763071537,10.839999757707119,0.030328411099563763,0.8843692897870306,0.9146977008865943,1.1113599013345223,0.00621376528075129,6.0
2026-08-09 00:20:00,-0.054125804,0.2596134778847568,1.0599999763071537,10.839999757707119,0.030328411099563763,0.8843692897870306,0.9146977008865943,1.120185374317263,0.00621376528075129,6.0
2026-08-09 00:30:00,-0.054125804,0.26587013721499775,1.0599999763071537,10.839999757707119,0.030328411099563763,0.8843692897870306,0.9146977008865943,1.1264420336475038,0.00621376528075129,6.0
2026-08-09 00:40:00,-0.054125804,0.2695002015894919,1.0599999763071537,10.839999757707119,0.030328411099563763,0.8843692897870306,0.9146977008865943,1.130072098021998,0.00621376528075129,6.0
2026-08-09 00:50:00,-0.054125804,0.27046915124085014,1.0599999763071537,10.839999757707119,0.030328411099563763,0.8843692897870306,0.9146977008865943,1.1310410476733561,0.00621376528075129,6.0
2026-08-09 01:00:00,-0.054125804,0.26876703360648124,1.0599999763071537,10.839999757707119,0.030328411099563763,0.8843692897870306,0.9146977008865943,1.1293389300389873,0.00621376528075129,6.0
2026-08-09 01:10:00,-0.054125804,0.26440931123643113,1.0599999763071537,10.839999757707119,0.030328411099563763,0.8843692897870306,0.9146977008865943,1.1249812076689372,0.00621376528075129,6.0
2026-08-09 01:20:00,-0.054125804,0.25743723327779267,1.0599999763071537,10.839999757707119,0.030328411099563763,0.8843692897870306,0.9146977008865943,1.1180091297102988,0.00621376528075129,6.0
2026-08-09 01:30:00,-0.054125804,0.24791773818005802,1.0599999763071537,10.839999757707119,0.030328411099563763,0.8843692897870306,0.9146977008865943,1.1084896346125641,0.00621376528075129,6.0
2026-08-09 01:40:00,-0.054125804,0.23594291755451932,1.0599999763071537,10.839999757707119,0.030328411099563763,0.8843692897870306,0.9146977008865943,1.0965148139870253,0.00621376528075129,6.0
2026-08-09 01:50:00,-0.054125804,0.22162908724552977,1.0599999763071537,10.839999757707119,0.030328411099563763,0.8843692897870306,0.9146977008865943,1.0822009836780357,0.00621376528075129,6.0
2026-08-09 02:00:00,-0.054125804,0.2051155208820223,1.0599999763071537,10.839999757707119,0.030328411099563763,0.8843692897870306,0.9146977008865943,1.0656874173145283,0.00621376528075129,6.0
2026-08-09 02:10:00,-0.054125804,0.1865629031417934,1.0599999763071537,10.839999757707119,0.030328411099563763,0.8843692897870306,0.9146977008865943,1.0471347995742994,0.00621376528075129,6.0
2026-08-09 02:20:00,-0.054125804,0.1661515555823763,1.0599999763071537,10.839999757707119,0.030328411099563763,0.8843692897870306,0.9146977008865943,1.0267234520148825,0.00621376528075129,6.0
2026-08-09 02:30:00,-0.054125804,0.14407947873651006,1.0599999763071537,10.839999757707119,0.030328411099563763,0.8843692897870306,0.9146977008865943,1.0046513751690163,0.00621376528075129,6.0
2026-08-09 02:40:00,-0.054125804,0.1205602421756381,1.0599999763071537,10.839999757707119,0.030328411099563763,0.8843692897870306,0.9146977008865943,0.9811321386081442,0.00621376528075129,6.0
2026-08-09 02:50:00,-0.054125804,0.09582074207655379,1.0599999763071537,10.839999757707119,0.030328411099563763,0.8843692897870306,0.9146977008865943,0.9563926385090599,0.00621376528075129,6.0
2026-08-09 03:00:00,-0.054125804,0.07009883536437019,1.0599999763071537,12.419999722391367,0.03474897286499833,1.0132718246452879,1.0480207975102862,1.063993828420568,0.00621376528075129,6.0
2026-08-09 03:10:00,-0.054125804,0.04364085319890689,1.0599999763071537,12.419999722391367,0.03474897286499833,1.0132718246452879,1.0480207975102862,1.037535846255105,0.00621376528075129,6.0
2026-08-09 03:20:00,-0.054125804,0.0166989952190542,1.0599999763071537,12.419999722391367,0.03474897286499833,1.0132718246452879,1.0480207975102862,1.0105939882752522,0.00621376528075129,6.0
2026-08-09 03:30:00,-0.054125804,-0.010471389314591907,1.0599999763071537,12.419999722391367,0.03474897286499833,1.0132718246452879,1.0480207975102862,0.9834236037416061,0.00621376528075129,6.0
2026-08-09 03:40:00,-0.054125804,-0.03761461744087766,1.0599999763071537,12.419999722391367,0.03474897286499833,1.0132718246452879,1.0480207975102862,0.9562803756153203,0.00621376528075129,6.0
2026-08-09 03:50:00,-0.054125804,-0.06447755502890684,1.0599999763071537,12.419999722391367,0.03474897286499833,1.0132718246452879,1.0480207975102862,0.9294174380272912,0.00621376528075129,6.0
2026-08-09 04:00:00,-0.054125804,-0.09081251872757572,1.0599999763071537,12.419999722391367,0.03474897286499833,1.0132718246452879,1.0480207975102862,0.9030824743286223,0.00621376528075129,6.0
2026-08-09 04:10:00,-0.054125804,-0.11638013341244487,1.0599999763071537,12.419999722391367,0.03474897286499833,1.0132718246452879,1.0480207975102862,0.8775148596437532,0.00621376528075129,6.0
2026-08-09 04:20:00,-0.054125804,-0.14095206679507308,1.0599999763071537,12.419999722391367,0.03474897286499833,1.0132718246452879,1.0480207975102862,0.8529429262611249,0.00621376528075129,6.0
2026-08-09 04:30:00,-0.054125804,-0.16431355360392755,1.0599999763071537,12.419999722391367,0.03474897286499833,1.0132718246452879,1.0480207975102862,0.8295814394522705,0.00621376528075129,6.0
2026-08-09 04:40:00,-0.054125804,-0.1862656191532945,1.0599999763071537,12.419999722391367,0.03474897286499833,1.0132718246452879,1.0480207975102862,0.8076293739029035,0.00621376528075129,6.0
2026-08-09 04:50:00,-0.054125804,-0.2066269179810513,1.0599999763071537,12.419999722391367,0.03474897286499833,1.0132718246452879,1.0480207975102862,0.7872680750751467,0.00621376528075129,6.0
2026-08-09 05:00:00,-0.054125804,-0.225235117357426,1.0599999763071537,12.419999722391367,0.03474897286499833,1.0132718246452879,1.0480207975102862,0.768659875698772,0.00621376528075129,6.0
2026-08-09 05:10:00,-0.054125804,-0.24194777784447105,1.0599999763071537,12.419999722391367,0.03474897286499833,1.0132718246452879,1.0480207975102862,0.7519472152117269,0.00621376528075129,6.0
2026-08-09 05:20:00,-0.054125804,-0.2566427115830372,1.0599999763071537,12.419999722391367,0.03474897286499833,1.0132718246452879,1.0480207975102862,0.7372522814731608,0.00621376528075129,6.0
2026-08-09 05:30:00,-0.054125804,-0.2692178315647884,1.0599999763071537,12.419999722391367,0.03474897286499833,1.0132718246452879,1.0480207975102862,0.7246771614914096,0.00621376528075129,6.0
2026-08-09 05:40:00,-0.054125804,-0.27959053868117134,1.0599999763071537,12.419999722391367,0.03474897286499833,1.0132718246452879,1.0480207975102862,0.7143044543750267,0.00621376528075129,6.0
2026-08-09 05:50:00,-0.054125804,-0.287696724504215,1.0599999763071537,12.419999722391367,0.03474897286499833,1.0132718246452879,1.0480207975102862,0.706198268551983,0.00621376528075129,6.0
2026-08-09 06:00:00,-0.054125804,-0.2934894935050567,1.0599999763071537,13.369999701157212,0.037406905572063415,1.0907765133258855,1.128183418897949,0.780568120938804,0.00621376528075129,6.0
2026-08-09 06:10:00,-0.054125804,-0.2969377258464921,1.0599999763071537,13.369999701157212,0.037406905572063415,1.0907765133258855,1.128183418897949,0.7771198885973687,0.00621376528075129,6.0
2026-08-09 06:20:00,-0.054125804,-0.2980246091190035,1.0599999763071537,13.369999701157212,0.037406905572063415,1.0907765133258855,1.128183418897949,0.7760330053248572,0.00621376528075129,6.0
2026-08-09 06:30:00,-0.054125804,-0.2967462633422483,1.0599999763071537,13.369999701157212,0.037406905572063415,1.0907765133258855,1.128183418897949,0.7773113511016124,0.00621376528075129,6.0
2026-08-09 06:40:00,-0.054125804,-0.2931105683840811,1.0599999763071537,13.369999701157212,0.037406905572063415,1.0907765133258855,1.128183418897949,0.7809470460597796,0.00621376528075129,6.0
2026-08-09 06:50:00,-0.054125804,-0.28713627791832635,1.0599999763071537,13.369999701157212,0.037406905572063415,1.0907765133258855,1.128183418897949,0.7869213365255343,0.00621376528075129,6.0
2026-08-09 07:00:00,-0.054125804,-0.27885247146724135,1.0599999763071537,13.369999701157212,0.037406905572063415,1.0907765133258855,1.128183418897949,0.7952051429766194,0.00621376528075129,6.0
2026-08-09 07:10:00,-0.054125804,-0.2682983590323201,1.0599999763071537,13.369999701157212,0.037406905572063415,1.0907765133258855,1.128183418897949,0.8057592554115407,0.00621376528075129,6.0
2026-08-09 07:20:00,-0.054125804,-0.2555234149929339,1.0599999763071537,13.369999701157212,0.037406905572063415,1.0907765133258855,1.128183418897949,0.8185341994509268,0.00621376528075129,6.0
2026-08-09 07:30:00,-0.054125804,-0.24058778300017575,1.0599999763071537,13.369999701157212,0.037406905572063415,1.0907765133258855,1.128183418897949,0.833469831443685,0.00621376528075129,6.0
2026-08-09 07:40:00,-0.054125804,-0.22356286507730366,1.0599999763071537,13.369999701157212,0.037406905572063415,1.0907765133258855,1.128183418897949,0.8504947493665571,0.00621376528075129,6.0
2026-08-09 07:50:00,-0.054125804,-0.2045319887346586,1.0599999763071537,13.369999701157212,0.037406905572063415,1.0907765133258855,1.128183418897949,0.8695256257092021,0.00621376528075129,6.0
2026-08-09 08:00:00,-0.054125804,-0.18359103774447225,1.0599999763071537,13.369999701157212,0.037406905572063415,1.0907765133258855,1.128183418897949,0.8904665766993884,0.00621376528075129,6.0
2026-08-09 08:10:00,-0.054125804,-0.16084893572912176,1.0599999763071537,13.369999701157212,0.037406905572063415,1.0907765133258855,1.128183418897949,0.913208678714739,0.00621376528075129,6.0
2026-08-09 08:20:00,-0.054125804,-0.1364278867136782,1.0599999763071537,13.369999701157212,0.037406905572063415,1.0907765133258855,1.128183418897949,0.9376297277301825,0.00621376528075129,6.0
2026-08-09 08:30:00,-0.054125804,-0.11046330141963054,1.0599999763071537,13.369999701157212,0.037406905572063415,1.0907765133258855,1.128183418897949,0.9635943130242302,0.00621376528075129,6.0
2026-08-09 08:40:00,-0.054125804,-0.08310336964555547,1.0599999763071537,13.369999701157212,0.037406905572063415,1.0907765133258855,1.128183418897949,0.9909542447983053,0.00621376528075129,6.0
2026-08-09 08:50:00,-0.054125804,-0.054508274412956956,1.0599999763071537,13.369999701157212,0.037406905572063415,1.0907765133258855,1.128183418897949,1.0195493400309037,0.00621376528075129,6.0
2026-08-09 09:00:00,-0.054125804,-0.024849078514365984,1.0799999758601189,13.389999700710177,0.03781463373052477,1.102665769928907,1.1404804036594318,1.0615055206909776,0.00621376528075129,6.0
2026-08-09 09:10:00,-0.054125804,0.005693654587823234,1.0799999758601189,13.389999700710177,0.03781463373052477,1.102665769928907,1.1404804036594318,1.0920482537931668,0.00621376528075129,6.0
2026-08-09 09:20:00,-0.054125804,0.036931419694880056,1.0799999758601189,13.389999700710177,0.03781463373052477,1.102665769928907,1.1404804036594318,1.1232860189002236,0.00621376528075129,6.0
2026-08-09 09:30:00,-0.054125804,0.06866940836848665,1.0799999758601189,13.389999700710177,0.03781463373052477,1.102665769928907,1.1404804036594318,1.1550240075738303,0.00621376528075129,6.0
2026-08-09 09:40:00,-0.054125804,0.10070812370396658,1.0799999758601189,13.389999700710177,0.03781463373052477,1.102665769928907,1.1404804036594318,1.1870627229093103,0.00621376528075129,6.0
2026-08-09 09:50:00,-0.054125804,0.13284487627454325,1.0799999758601189,13.389999700710177,0.03781463373052477,1.102665769928907,1.1404804036594318,1.219199475479887,0.00621376528075129,6.0
2026-08-09 10:00:00,-0.054125804,0.1648750848858484,1.0799999758601189,13.389999700710177,0.03781463373052477,1.102665769928907,1.1404804036594318,1.251229684091192,0.00621376528075129,6.0
2026-08-09 10:10:00,-0.054125804,0.19659333294676543,1.0799999758601189,13.389999700710177,0.03781463373052477,1.102665769928907,1.1404804036594318,1.2829479321521091,0.00621376528075129,6.0
2026-08-09 10:20:00,-0.054125804,0.2277941637235434,1.0799999758601189,13.389999700710177,0.03781463373052477,1.102665769928907,1.1404804036594318,1.314148762928887,0.00621376528075129,6.0
2026-08-09 10:30:00,-0.054125804,0.2582726322142573,1.0799999758601189,13.389999700710177,0.03781463373052477,1.102665769928907,1.1404804036594318,1.3446272314196008,0.00621376528075129,6.0
2026-08-09 10:40:00,-0.054125804,0.2878246639057476,1.0799999758601189,13.389999700710177,0.03781463373052477,1.102665769928907,1.1404804036594318,1.3741792631110912,0.00621376528075129,6.0
2026-08-09 10:50:00,-0.054125804,0.3162472979791536,1.0799999758601189,13.389999700710177,0.03781463373052477,1.102665769928907,1.1404804036594318,1.4026018971844971,0.00621376528075129,6.0
2026-08-09 11:00:00,-0.054125804,0.34333891137937217,1.0799999758601189,13.389999700710177,0.03781463373052477,1.102665769928907,1.1404804036594318,1.4296935105847157,0.00621376528075129,6.0
2026-08-09 11:10:00,-0.054125804,0.36889952889241806,1.0799999758601189,13.389999700710177,0.03781463373052477,1.102665769928907,1.1404804036594318,1.4552541280977618,0.00621376528075129,6.0
2026-08-09 11:20:00,-0.054125804,0.39273132166907554,1.0799999758601189,13.389999700710177,0.03781463373052477,1.102665769928907,1.1404804036594318,1.4790859208744191,0.00621376528075129,6.0
2026-08-09 11:30:00,-0.054125804,0.41463938298811615,1.0799999758601189,13.389999700710177,0.03781463373052477,1.102665769928907,1.1404804036594318,1.5009939821934597,0.00621376528075129,6.0
2026-08-09 11:40:00,-0.054125804,0.4344328467783983,1.0799999758601189,13.389999700710177,0.03781463373052477,1.102665769928907,1.1404804036594318,1.5207874459837418,0.00621376528075129,6.0
2026-08-09 11:50:00,-0.054125804,0.4519263837800265,1.0799999758601189,13.389999700710177,0.03781463373052477,1.102665769928907,1.1404804036594318,1.53828098298537,0.00621376528075129,6.0
2026-08-09 12:00:00,-0.054125804,0.46694207550369937,1.1199999749660492,13.329999702051282,0.03833598303693709,1.1178681923152698,1.156204175352207,1.5690204464018183,0.00621376528075129,6.0
2026-08-09 12:10:00,-0.054125804,0.4793116305981169,1.1199999749660492,13.329999702051282,0.03833598303693709,1.1178681923152698,1.156204175352207,1.5813900014962357,0.00621376528075129,6.0
2026-08-09 12:20:00,-0.054125804,0.488878875473327,1.1199999749660492,13.329999702051282,0.03833598303693709,1.1178681923152698,1.156204175352207,1.5909572463714459,0.00621376528075129,6.0
2026-08-09 12:30:00,-0.054125804,0.4955024240940105,1.1199999749660492,13.329999702051282,0.03833598303693709,1.1178681923152698,1.156204175352207,1.5975807949921292,0.00621376528075129,6.0
2026-08-09 12:40:00,-0.054125804,0.49905841317793703,1.1199999749660492,13.329999702051282,0.03833598303693709,1.1178681923152698,1.156204175352207,1.6011367840760558,0.00621376528075129,6.0
2026-08-09 12:50:00,-0.054125804,0.49944318013733763,1.1199999749660492,13.329999702051282,0.03833598303693709,1.1178681923152698,1.156204175352207,1.6015215510354563,0.00621376528075129,6.0
2026-08-09 13:00:00,-0.054125804,0.49657576242647616,1.1199999749660492,13.329999702051282,0.03833598303693709,1.1178681923152698,1.156204175352207,1.598654133324595,0.00621376528075129,6.0
2026-08-09 13:10:00,-0.054125804,0.49040010789286864,1.1199999749660492,13.329999702051282,0.03833598303693709,1.1178681923152698,1.156204175352207,1.5924784787909874,0.00621376528075129,6.0
2026-08-09 13:20:00,-0.054125804,0.4808869047175175,1.1199999749660492,13.329999702051282,0.03833598303693709,1.1178681923152698,1.156204175352207,1.5829652756156363,0.00621376528075129,6.0
2026-08-09 13:30:00,-0.054125804,0.46803496419139023,1.1199999749660492,13.329999702051282,0.03833598303693709,1.1178681923152698,1.156204175352207,1.5701133350895091,0.00621376528075129,6.0
2026-08-09 13:40:00,-0.054125804,0.4518721171814542,1.1199999749660492,13.329999702051282,0.03833598303693709,1.1178681923152698,1.156204175352207,1.553950488079573,0.00621376528075129,6.0
2026-08-09 13:50:00,-0.054125804,0.4324556127127644,1.1199999749660492,13.329999702051282,0.03833598303693709,1.1178681923152698,1.156204175352207,1.5345339836108831,0.00621376528075129,6.0
2026-08-09 14:00:00,-0.054125804,0.40987203189051186,1.1199999749660492,13.329999702051282,0.03833598303693709,1.1178681923152698,1.156204175352207,1.5119504027886306,0.00621376528075129,6.0
2026-08-09 14:10:00,-0.054125804,0.3842367501941098,1.1199999749660492,13.329999702051282,0.03833598303693709,1.1178681923152698,1.156204175352207,1.4863151210922285,0.00621376528075129,6.0
2026-08-09 14:20:00,-0.054125804,0.3556929945275972,1.1199999749660492,13.329999702051282,0.03833598303693709,1.1178681923152698,1.156204175352207,1.457771365425716,0.00621376528075129,6.0
2026-08-09 14:30:00,-0.054125804,0.32441054768410615,1.1199999749660492,13.329999702051282,0.03833598303693709,1.1178681923152698,1.156204175352207,1.426488918582225,0.00621376528075129,6.0
2026-08-09 14:40:00,-0.054125804,0.2905841522930766,1.1199999749660492,13.329999702051282,0.03833598303693709,1.1178681923152698,1.156204175352207,1.3926625231911953,0.00621376528075129,6.0
2026-08-09 14:50:00,-0.054125804,0.25443166030552816,1.1199999749660492,13.329999702051282,0.03833598303693709,1.1178681923152698,1.156204175352207,1.3565100312036469,0.00621376528075129,6.0
2026-08-09 15:00:00,-0.054125804,0.21619196405992278,1.149999974295497,13.249999703839421,0.03861288413991058,1.1259425629433257,1.1645554470832362,1.3266216066890708,0.00621376528075129,6.0
2026-08-09 15:10:00,-0.054125804,0.176122733582375,1.149999974295497,13.249999703839421,0.03861288413991058,1.1259425629433257,1.1645554470832362,1.286552376211523,0.00621376528075129,6.0
2026-08-09 15:20:00,-0.054125804,0.13449797415291811,1.149999974295497,13.249999703839421,0.03861288413991058,1.1259425629433257,1.1645554470832362,1.2449276167820662,0.00621376528075129,6.0
2026-08-09 15:30:00,-0.054125804,0.09160541039758023,1.149999974295497,13.249999703839421,0.03861288413991058,1.1259425629433257,1.1645554470832362,1.2020350530267283,0.00621376528075129,6.0
2026-08-09 15:40:00,-0.054125804,0.047743700173387284,1.149999974295497,13.249999703839421,0.03861288413991058,1.1259425629433257,1.1645554470832362,1.1581733428025354,0.00621376528075129,6.0
2026-08-09 15:50:00,-0.054125804,0.0032194840181653424,1.149999974295497,13.249999703839421,0.03861288413991058,1.1259425629433257,1.1645554470832362,1.1136491266473134,0.00621376528075129,6.0
2026-08-09 16:00:00,-0.054125804,-0.041655715949186746,1.149999974295497,13.249999703839421,0.03861288413991058,1.1259425629433257,1.1645554470832362,1.0687739266799612,0.00621376528075129,6.0
2026-08-09 16:10:00,-0.054125804,-0.08656872059870552,1.149999974295497,13.249999703839421,0.03861288413991058,1.1259425629433257,1.1645554470832362,1.0238609220304424,0.00621376528075129,6.0
2026-08-09 16:20:00,-0.054125804,-0.13120799826246707,1.149999974295497,13.249999703839421,0.03861288413991058,1.1259425629433257,1.1645554470832362,0.9792216443666809,0.00621376528075129,6.0
2026-08-09 16:30:00,-0.054125804,-0.1752669878928596,1.149999974295497,13.249999703839421,0.03861288413991058,1.1259425629433257,1.1645554470832362,0.9351626547362883,0.00621376528075129,6.0
2026-08-09 16:40:00,-0.054125804,-0.2184473631982366,1.149999974295497,13.249999703839421,0.03861288413991058,1.1259425629433257,1.1645554470832362,0.8919822794309114,0.00621376528075129,6.0
2026-08-09 16:50:00,-0.054125804,-0.2604621474663687,1.149999974295497,13.249999703839421,0.03861288413991058,1.1259425629433257,1.1645554470832362,0.8499674951627794,0.00621376528075129,6.0
2026-08-09 17:00:00,-0.054125804,-0.30103858232006003,1.149999974295497,13.249999703839421,0.03861288413991058,1.1259425629433257,1.1645554470832362,0.8093910603090879,0.00621376528075129,6.0
2026-08-09 17:10:00,-0.054125804,-0.3399206549225001,1.149999974295497,13.249999703839421,0.03861288413991058,1.1259425629433257,1.1645554470832362,0.7705089877066479,0.00621376528075129,6.0
2026-08-09 17:20:00,-0.054125804,-0.37687119806260966,1.149999974295497,13.249999703839421,0.03861288413991058,1.1259425629433257,1.1645554470832362,0.7335584445665384,0.00621376528075129,6.0
2026-08-09 17:30:00,-0.054125804,-0.4116734960235452,1.149999974295497,13.249999703839421,0.03861288413991058,1.1259425629433257,1.1645554470832362,0.6987561466056028,0.00621376528075129,6.0
2026-08-09 17:40:00,-0.054125804,-0.4441323551112435,1.149999974295497,13.249999703839421,0.03861288413991058,1.1259425629433257,1.1645554470832362,0.6662972875179045,0.00621376528075129,6.0
2026-08-09 17:50:00,-0.054125804,-0.47407462901444575,1.149999974295497,13.249999703839421,0.03861288413991058,1.1259425629433257,1.1645554470832362,0.6363550136147023,0.00621376528075129,6.0
2026-08-09 18:00:00,-0.054125804,-0.5013492233141289,1.1599999740719795,13.189999705180526,0.03860479349053418,1.1257066415223371,1.1643114350128714,0.6088364072446543,0.00621376528075129,6.0
2026-08-09 18:10:00,-0.054125804,-0.5258266370023916,1.1599999740719795,13.189999705180526,0.03860479349053418,1.1257066415223371,1.1643114350128714,0.5843589935563915,0.00621376528075129,6.0
2026-08-09 18:20:00,-0.054125804,-0.5473981286925342,1.1599999740719795,13.189999705180526,0.03860479349053418,1.1257066415223371,1.1643114350128714,0.5627875018662489,0.00621376528075129,6.0
2026-08-09 18:30:00,-0.054125804,-0.5659746182030522,1.1599999740719795,13.189999705180526,0.03860479349053418,1.1257066415223371,1.1643114350128714,0.544211012355731,0.00621376528075129,6.0
2026-08-09 18:40:00,-0.054125804,-0.5814854478769673,1.1599999740719795,13.189999705180526,0.03860479349053418,1.1257066415223371,1.1643114350128714,0.5287001826818158,0.00621376528075129,6.0
2026-08-09 18:50:00,-0.054125804,-0.5938771308616423,1.1599999740719795,13.189999705180526,0.03860479349053418,1.1257066415223371,1.1643114350128714,0.5163084996971409,0.00621376528075129,6.0
2026-08-09 19:00:00,-0.054125804,-0.6031122050623826,1.1599999740719795,13.189999705180526,0.03860479349053418,1.1257066415223371,1.1643114350128714,0.5070734254964006,0.00621376528075129,6.0
2026-08-09 19:10:00,-0.054125804,-0.6091682922634678,1.1599999740719795,13.189999705180526,0.03860479349053418,1.1257066415223371,1.1643114350128714,0.5010173382953154,0.00621376528075129,6.0
2026-08-09 19:20:00,-0.054125804,-0.6120374337600201,1.1599999740719795,13.189999705180526,0.03860479349053418,1.1257066415223371,1.1643114350128714,0.4981481967987631,0.00621376528075129,6.0
2026-08-09 19:30:00,-0.054125804,-0.6117257394334493,1.1599999740719795,13.189999705180526,0.03860479349053418,1.1257066415223371,1.1643114350128714,0.49845989112533384,0.00621376528075129,6.0
2026-08-09 19:40:00,-0.054125804,-0.6082533499512379,1.1599999740719795,13.189999705180526,0.03860479349053418,1.1257066415223371,1.1643114350128714,0.5019322806075452,0.00621376528075129,6.0
2026-08-09 19:50:00,-0.054125804,-0.601654675379905,1.1599999740719795,13.189999705180526,0.03860479349053418,1.1257066415223371,1.1643114350128714,0.5085309551788781,0.00621376528075129,6.0
2026-08-09 20:00:00,-0.054125804,-0.5919788415418958,1.1599999740719795,13.189999705180526,0.03860479349053418,1.1257066415223371,1.1643114350128714,0.5182067890168873,0.00621376528075129,6.0
2026-08-09 20:10:00,-0.054125804,-0.5792902512847212,1.1599999740719795,13.189999705180526,0.03860479349053418,1.1257066415223371,1.1643114350128714,0.5308953792740619,0.00621376528075129,6.0
2026-08-09 20:20:00,-0.054125804,-0.5636691536291175,1.1599999740719795,13.189999705180526,0.03860479349053418,1.1257066415223371,1.1643114350128714,0.5465164769296657,0.00621376528075129,6.0
2026-08-09 20:30:00,-0.054125804,-0.5452121111803857,1.1599999740719795,13.189999705180526,0.03860479349053418,1.1257066415223371,1.1643114350128714,0.5649735193783975,0.00621376528075129,6.0
2026-08-09 20:40:00,-0.054125804,-0.5240322650489576,1.1599999740719795,13.189999705180526,0.03860479349053418,1.1257066415223371,1.1643114350128714,0.5861533655098256,0.00621376528075129,6.0
2026-08-09 20:50:00,-0.054125804,-0.5002593161448927,1.1599999740719795,13.189999705180526,0.03860479349053418,1.1257066415223371,1.1643114350128714,0.6099263144138904,0.00621376528075129,6.0
2026-08-09 21:00:00,-0.054125804,-0.47403916955404596,1.1799999736249447,13.139999706298113,0.03878857387339625,1.131065633990982,1.169854207864378,0.6416892338562439,0.00621376528075129,6.0
2026-08-09 21:10:00,-0.054125804,-0.4455332219862524,1.1799999736249447,13.139999706298113,0.03878857387339625,1.131065633990982,1.169854207864378,0.6701951814240374,0.00621376528075129,6.0
2026-08-09 21:20:00,-0.054125804,-0.41491730739673854,1.1799999736249447,13.139999706298113,0.03878857387339625,1.131065633990982,1.169854207864378,0.7008110960135514,0.00621376528075129,6.0
2026-08-09 21:30:00,-0.054125804,-0.38238034871440674,1.1799999736249447,13.139999706298113,0.03878857387339625,1.131065633990982,1.169854207864378,0.7333480546958832,0.00621376528075129,6.0
2026-08-09 21:40:00,-0.054125804,-0.3481227912029774,1.1799999736249447,13.139999706298113,0.03878857387339625,1.131065633990982,1.169854207864378,0.7676056122073125,0.00621376528075129,6.0
2026-08-09 21:50:00,-0.054125804,-0.31235491172662133,1.1799999736249447,13.139999706298113,0.03878857387339625,1.131065633990982,1.169854207864378,0.8033734916836686,0.00621376528075129,6.0
2026-08-09 22:00:00,-0.054125804,-0.27529510671061663,1.1799999736249447,13.139999706298113,0.03878857387339625,1.131065633990982,1.169854207864378,0.8404332966996733,0.00621376528075129,6.0
2026-08-09 22:10:00,-0.054125804,-0.23716825842123773,1.1799999736249447,13.139999706298113,0.03878857387339625,1.131065633990982,1.169854207864378,0.8785601449890521,0.00621376528075129,6.0
2026-08-09 22:20:00,-0.054125804,-0.19820426522879703,1.1799999736249447,13.139999706298113,0.03878857387339625,1.131065633990982,1.169854207864378,0.9175241381814929,0.00621376528075129,6.0
2026-08-09 22:30:00,-0.054125804,-0.15863679778484854,1.1799999736249447,13.139999706298113,0.03878857387339625,1.131065633990982,1.169854207864378,0.9570916056254414,0.00621376528075129,6.0
2026-08-09 22:40:00,-0.054125804,-0.11870231253458342,1.1799999736249447,13.139999706298113,0.03878857387339625,1.131065633990982,1.169854207864378,0.9970260908757065,0.00621376528075129,6.0
2026-08-09 22:50:00,-0.054125804,-0.07863931972970727,1.1799999736249447,13.139999706298113,0.03878857387339625,1.131065633990982,1.169854207864378,1.0370890836805826,0.00621376528075129,6.0
2026-08-09 23:00:00,-0.054125804,-0.03868786878288111,1.1799999736249447,13.139999706298113,0.03878857387339625,1.131065633990982,1.169854207864378,1.0770405346274088,0.00621376528075129,6.0
2026-08-09 23:10:00,-0.054125804,0.0009108166206230886,1.1799999736249447,13.139999706298113,0.03878857387339625,1.131065633990982,1.169854207864378,1.116639220030913,0.00621376528075129,6.0
2026-08-09 23:20:00,-0.054125804,0.03991464495200033,1.1799999736249447,13.139999706298113,0.03878857387339625,1.131065633990982,1.169854207864378,1.1556430483622901,0.00621376528075129,6.0
2026-08-09 23:30:00,-0.054125804,0.07808101004011078,1.1799999736249447,13.139999706298113,0.03878857387339625,1.131065633990982,1.169854207864378,1.1938094134504007,0.00621376528075129,6.0
2026-08-09 23:40:00,-0.054125804,0.11516729939446149,1.1799999736249447,13.139999706298113,0.03878857387339625,1.131065633990982,1.169854207864378,1.2308957028047514,0.00621376528075129,6.0
2026-08-09 23:50:00,-0.054125804,0.1509316575131251,1.1799999736249447,13.139999706298113,0.03878857387339625,1.131065633990982,1.169854207864378,1.266660060923415,0.00621376528075129,6.0
2026-08-10 00:00:00,-0.046668828,0.18513408503602968,1.169999973848462,13.099999707192183,0.03850628935325585,1.1228342841924415,1.1613405735456974,1.2998058310480052,0.00621376528075129,6.0
2026-08-10 00:10:00,-0.046668828,0.2175379268491156,1.169999973848462,13.099999707192183,0.03850628935325585,1.1228342841924415,1.1613405735456974,1.332209672861091,0.00621376528075129,6.0
2026-08-10 00:20:00,-0.046668828,0.24791176849956478,1.169999973848462,13.099999707192183,0.03850628935325585,1.1228342841924415,1.1613405735456974,1.3625835145115404,0.00621376528075129,6.0
2026-08-10 00:30:00,-0.046668828,0.2760317239766975,1.169999973848462,13.099999707192183,0.03850628935325585,1.1228342841924415,1.1613405735456974,1.3907034699886731,0.00621376528075129,6.0
2026-08-10 00:40:00,-0.046668828,0.3016840624091836,1.169999973848462,13.099999707192183,0.03850628935325585,1.1228342841924415,1.1613405735456974,1.4163558084211592,0.00621376528075129,6.0
2026-08-10 00:50:00,-0.046668828,0.32466809009764414,1.169999973848462,13.099999707192183,0.03850628935325585,1.1228342841924415,1.1613405735456974,1.4393398361096197,0.00621376528075129,6.0
2026-08-10 01:00:00,-0.046668828,0.3447991801821483,1.169999973848462,13.099999707192183,0.03850628935325585,1.1228342841924415,1.1613405735456974,1.4594709261941237,0.00621376528075129,6.0
2026-08-10 01:10:00,-0.046668828,0.3619118273397807,1.169999973848462,13.099999707192183,0.03850628935325585,1.1228342841924415,1.1613405735456974,1.4765835733517563,0.00621376528075129,6.0
2026-08-10 01:20:00,-0.046668828,0.3758626001378481,1.169999973848462,13.099999707192183,0.03850628935325585,1.1228342841924415,1.1613405735456974,1.4905343461498237,0.00621376528075129,6.0
2026-08-10 01:30:00,-0.046668828,0.3865328690678817,1.169999973848462,13.099999707192183,0.03850628935325585,1.1228342841924415,1.1613405735456974,1.5012046150798573,0.00621376528075129,6.0
2026-08-10 01:40:00,-0.046668828,0.39383120274377037,1.169999973848462,13.099999707192183,0.03850628935325585,1.1228342841924415,1.1613405735456974,1.508502948755746,0.00621376528075129,6.0
2026-08-10 01:50:00,-0.046668828,0.3976953463545946,1.169999973848462,13.099999707192183,0.03850628935325585,1.1228342841924415,1.1613405735456974,1.5123670923665702,0.00621376528075129,6.0
2026-08-10 02:00:00,-0.046668828,0.39809372256858583,1.169999973848462,13.099999707192183,0.03850628935325585,1.1228342841924415,1.1613405735456974,1.5127654685805614,0.00621376528075129,6.0
2026-08-10 02:10:00,-0.046668828,0.3950264229332121,1.169999973848462,13.099999707192183,0.03850628935325585,1.1228342841924415,1.1613405735456974,1.5096981689451876,0.00621376528075129,6.0
2026-08-10 02:20:00,-0.046668828,0.3885256843037869,1.169999973848462,13.099999707192183,0.03850628935325585,1.1228342841924415,1.1613405735456974,1.5031974303157625,0.00621376528075129,6.0
2026-08-10 02:30:00,-0.046668828,0.3786558677626053,1.169999973848462,13.099999707192183,0.03850628935325585,1.1228342841924415,1.1613405735456974,1.4933276137745808,0.00621376528075129,6.0
2026-08-10 02:40:00,-0.046668828,0.3655129745905478,1.169999973848462,13.099999707192183,0.03850628935325585,1.1228342841924415,1.1613405735456974,1.4801847206025234,0.00621376528075129,6.0
2026-08-10 02:50:00,-0.046668828,0.349223744322091,1.169999973848462,13.099999707192183,0.03850628935325585,1.1228342841924415,1.1613405735456974,1.4638954903340666,0.00621376528075129,6.0
2026-08-10 03:00:00,-0.046668828,0.32994438347685495,1.169999973848462,13.059999708086252,0.03838871289721537,1.1194057825613195,1.1577944954585349,1.4410700514016679,0.00621376528075129,6.0
2026-08-10 03:10:00,-0.046668828,0.30785897087658165,1.169999973848462,13.059999708086252,0.03838871289721537,1.1194057825613195,1.1577944954585349,1.4189846388013945,0.00621376528075129,6.0
2026-08-10 03:20:00,-0.046668828,0.28317757817444433,1.169999973848462,13.059999708086252,0.03838871289721537,1.1194057825613195,1.1577944954585349,1.3943032460992573,0.00621376528075129,6.0
2026-08-10 03:30:00,-0.046668828,0.25613413412127606,1.169999973848462,13.059999708086252,0.03838871289721537,1.1194057825613195,1.1577944954585349,1.3672598020460889,0.00621376528075129,6.0
2026-08-10 03:40:00,-0.046668828,0.2269840508742979,1.169999973848462,13.059999708086252,0.03838871289721537,1.1194057825613195,1.1577944954585349,1.338109718799111,0.00621376528075129,6.0
2026-08-10 03:50:00,-0.046668828,0.19600162206497765,1.169999973848462,13.059999708086252,0.03838871289721537,1.1194057825613195,1.1577944954585349,1.3071272899897906,0.00621376528075129,6.0
2026-08-10 04:00:00,-0.046668828,0.16347719789310644,1.169999973848462,13.059999708086252,0.03838871289721537,1.1194057825613195,1.1577944954585349,1.2746028658179194,0.00621376528075129,6.0
2026-08-10 04:10:00,-0.046668828,0.12971414292781203,1.169999973848462,13.059999708086252,0.03838871289721537,1.1194057825613195,1.1577944954585349,1.2408398108526248,0.00621376528075129,6.0
2026-08-10 04:20:00,-0.046668828,0.09502558869747978,1.169999973848462,13.059999708086252,0.03838871289721537,1.1194057825613195,1.1577944954585349,1.2061512566222927,0.00621376528075129,6.0
2026-08-10 04:30:00,-0.046668828,0.059731004649252795,1.169999973848462,13.059999708086252,0.03838871289721537,1.1194057825613195,1.1577944954585349,1.1708566725740657,0.00621376528075129,6.0
2026-08-10 04:40:00,-0.046668828,0.02415262695085344,1.169999973848462,13.059999708086252,0.03838871289721537,1.1194057825613195,1.1577944954585349,1.1352782948756663,0.00621376528075129,6.0
2026-08-10 04:50:00,-0.046668828,-0.011388197271845465,1.169999973848462,13.059999708086252,0.03838871289721537,1.1194057825613195,1.1577944954585349,1.0997374706529675,0.00621376528075129,6.0
2026-08-10 05:00:00,-0.046668828,-0.04657467472032927,1.169999973848462,13.059999708086252,0.03838871289721537,1.1194057825613195,1.1577944954585349,1.0645509932044837,0.00621376528075129,6.0
2026-08-10 05:10:00,-0.046668828,-0.08109814866655546,1.169999973848462,13.059999708086252,0.03838871289721537,1.1194057825613195,1.1577944954585349,1.0300275192582575,0.00621376528075129,6.0
2026-08-10 05:20:00,-0.046668828,-0.11466149853121595,1.169999973848462,13.059999708086252,0.03838871289721537,1.1194057825613195,1.1577944954585349,0.9964641693935969,0.00621376528075129,6.0
2026-08-10 05:30:00,-0.046668828,-0.1469822518517475,1.169999973848462,13.059999708086252,0.03838871289721537,1.1194057825613195,1.1577944954585349,0.9641434160730654,0.00621376528075129,6.0
2026-08-10 05:40:00,-0.046668828,-0.1777953097800785,1.169999973848462,13.059999708086252,0.03838871289721537,1.1194057825613195,1.1577944954585349,0.9333303581447344,0.00621376528075129,6.0
2026-08-10 05:50:00,-0.046668828,-0.20685520133891966,1.169999973848462,13.059999708086252,0.03838871289721537,1.1194057825613195,1.1577944954585349,0.9042704665858933,0.00621376528075129,6.0
2026-08-10 06:00:00,-0.046668828,-0.23393780434766637,1.1799999736249447,12.989999709650874,0.03834578193420223,1.1181539258403999,1.156499707774602,0.8758930758932137,0.00621376528075129,6.0
2026-08-10 06:10:00,-0.046668828,-0.2588415001823831,1.1799999736249447,12.989999709650874,0.03834578193420223,1.1181539258403999,1.156499707774602,0.8509893800584969,0.00621376528075129,6.0
2026-08-10 06:20:00,-0.046668828,-0.2813877632044543,1.1799999736249447,12.989999709650874,0.03834578193420223,1.1181539258403999,1.156499707774602,0.8284431170364257,0.00621376528075129,6.0
2026-08-10 06:30:00,-0.046668828,-0.30142122073770294,1.1799999736249447,12.989999709650874,0.03834578193420223,1.1181539258403999,1.156499707774602,0.8084096595031771,0.00621376528075129,6.0
2026-08-10 06:40:00,-0.046668828,-0.3188092524435496,1.1799999736249447,12.989999709650874,0.03834578193420223,1.1181539258403999,1.156499707774602,0.7910216277973305,0.00621376528075129,6.0
2026-08-10 06:50:00,-0.046668828,-0.3334412258461122,1.1799999736249447,12.989999709650874,0.03834578193420223,1.1181539258403999,1.156499707774602,0.7763896543947679,0.00621376528075129,6.0
2026-08-10 07:00:00,-0.046668828,-0.34522748446407797,1.1799999736249447,12.989999709650874,0.03834578193420223,1.1181539258403999,1.156499707774602,0.7646033957768021,0.00621376528075129,6.0
2026-08-10 07:10:00,-0.046668828,-0.3540982147351787,1.1799999736249447,12.989999709650874,0.03834578193420223,1.1181539258403999,1.156499707774602,0.7557326655057013,0.00621376528075129,6.0
2026-08-10 07:20:00,-0.046668828,-0.36000231627586865,1.1799999736249447,12.989999709650874,0.03834578193420223,1.1181539258403999,1.156499707774602,0.7498285639650114,0.00621376528075129,6.0
2026-08-10 07:30:00,-0.046668828,-0.3629063872392379,1.1799999736249447,12.989999709650874,0.03834578193420223,1.1181539258403999,1.156499707774602,0.7469244930016421,0.00621376528075129,6.0
2026-08-10 07:40:00,-0.046668828,-0.3627939136550666,1.1799999736249447,12.989999709650874,0.03834578193420223,1.1181539258403999,1.156499707774602,0.7470369665858134,0.00621376528075129,6.0
2026-08-10 07:50:00,-0.046668828,-0.3596647209503669,1.1799999736249447,12.989999709650874,0.03834578193420223,1.1181539258403999,1.156499707774602,0.7501661592905131,0.00621376528075129,6.0
2026-08-10 08:00:00,-0.046668828,-0.3535347103325446,1.1799999736249447,12.989999709650874,0.03834578193420223,1.1181539258403999,1.156499707774602,0.7562961699083355,0.00621376528075129,6.0
2026-08-10 08:10:00,-0.046668828,-0.3444358660273622,1.1799999736249447,12.989999709650874,0.03834578193420223,1.1181539258403999,1.156499707774602,0.7653950142135179,0.00621376528075129,6.0
2026-08-10 08:20:00,-0.046668828,-0.33241648507398674,1.1799999736249447,12.989999709650874,0.03834578193420223,1.1181539258403999,1.156499707774602,0.7774143951668933,0.00621376528075129,6.0
2026-08-10 08:30:00,-0.046668828,-0.31754155318834315,1.1799999736249447,12.989999709650874,0.03834578193420223,1.1181539258403999,1.156499707774602,0.7922893270525369,0.00621376528075129,6.0
2026-08-10 08:40:00,-0.046668828,-0.29989317059682374,1.1799999736249447,12.989999709650874,0.03834578193420223,1.1181539258403999,1.156499707774602,0.8099377096440563,0.00621376528075129,6.0
2026-08-10 08:50:00,-0.046668828,-0.279570923133124,1.1799999736249447,12.989999709650874,0.03834578193420223,1.1181539258403999,1.156499707774602,0.830259957107756,0.00621376528075129,6.0
2026-08-10 09:00:00,-0.046668828,-0.25669209658940084,1.1899999734014273,12.909999711439013,0.038270767020672065,1.1159665087157666,1.1542372757364388,0.850876351613316,0.00621376528075129,6.0
2026-08-10 09:10:00,-0.046668828,-0.23139164629154763,1.1899999734014273,12.909999711439013,0.038270767020672065,1.1159665087157666,1.1542372757364388,0.8761768019111692,0.00621376528075129,6.0
2026-08-10 09:20:00,-0.046668828,-0.2038218573316641,1.1899999734014273,12.909999711439013,0.038270767020672065,1.1159665087157666,1.1542372757364388,0.9037465908710527,0.00621376528075129,6.0
2026-08-10 09:30:00,-0.046668828,-0.17415166119665623,1.1899999734014273,12.909999711439013,0.038270767020672065,1.1159665087157666,1.1542372757364388,0.9334167870060606,0.00621376528075129,6.0
2026-08-10 09:40:00,-0.046668828,-0.14256560861803236,1.1899999734014273,12.909999711439013,0.038270767020672065,1.1159665087157666,1.1542372757364388,0.9650028395846845,0.00621376528075129,6.0
2026-08-10 09:50:00,-0.046668828,-0.10926253210462929,1.1899999734014273,12.909999711439013,0.038270767020672065,1.1159665087157666,1.1542372757364388,0.9983059160980876,0.00621376528075129,6.0
2026-08-10 10:00:00,-0.046668828,-0.07445396189258169,1.1899999734014273,12.909999711439013,0.038270767020672065,1.1159665087157666,1.1542372757364388,1.0331144863101351,0.00621376528075129,6.0
2026-08-10 10:10:00,-0.046668828,-0.03836238159333602,1.1899999734014273,12.909999711439013,0.038270767020672065,1.1159665087157666,1.1542372757364388,1.0692060666093808,0.00621376528075129,6.0
2026-08-10 10:20:00,-0.046668828,-0.0012194234852180446,1.1899999734014273,12.909999711439013,0.038270767020672065,1.1159665087157666,1.1542372757364388,1.1063490247174987,0.00621376528075129,6.0
2026-08-10 10:30:00,-0.046668828,0.036735894728198125,1.1899999734014273,12.909999711439013,0.038270767020672065,1.1159665087157666,1.1542372757364388,1.144304342930915,0.00621376528075129,6.0
2026-08-10 10:40:00,-0.046668828,0.07525879880524956,1.1899999734014273,12.909999711439013,0.038270767020672065,1.1159665087157666,1.1542372757364388,1.1828272470079664,0.00621376528075129,6.0
2026-08-10 10:50:00,-0.046668828,0.11410017919166453,1.1899999734014273,12.909999711439013,0.038270767020672065,1.1159665087157666,1.1542372757364388,1.2216686273943813,0.00621376528075129,6.0
2026-08-10 11:00:00,-0.046668828,0.1530077592630501,1.1899999734014273,12.909999711439013,0.038270767020672065,1.1159665087157666,1.1542372757364388,1.260576207465767,0.00621376528075129,6.0
2026-08-10 11:10:00,-0.046668828,0.19172699828182185,1.1899999734014273,12.909999711439013,0.038270767020672065,1.1159665087157666,1.1542372757364388,1.2992954464845388,0.00621376528075129,6.0
2026-08-10 11:20:00,-0.046668828,0.23000175208610954,1.1899999734014273,12.909999711439013,0.038270767020672065,1.1159665087157666,1.1542372757364388,1.3375702002888263,0.00621376528075129,6.0
2026-08-10 11:30:00,-0.046668828,0.2675747473458307,1.1899999734014273,12.909999711439013,0.038270767020672065,1.1159665087157666,1.1542372757364388,1.3751431955485476,0.00621376528075129,6.0
2026-08-10 11:40:00,-0.046668828,0.304187953211701,1.1899999734014273,12.909999711439013,0.038270767020672065,1.1159665087157666,1.1542372757364388,1.4117564014144177,0.00621376528075129,6.0
2026-08-10 11:50:00,-0.046668828,0.3395829530489574,1.1899999734014273,12.909999711439013,0.038270767020672065,1.1159665087157666,1.1542372757364388,1.4471514012516742,0.00621376528075129,6.0
2026-08-10 12:00:00,-0.046668828,0.37350142792213786,1.1999999731779099,12.869999712333083,0.038312157850729216,1.1171734555241952,1.1554856133749245,1.4823182137633404,0.00621376528075129,6.0
2026-08-10 12:10:00,-0.046668828,0.40568586047549626,1.1999999731779099,12.869999712333083,0.038312157850729216,1.1171734555241952,1.1554856133749245,1.5145026463166988,0.00621376528075129,6.0
2026-08-10 12:20:00,-0.046668828,0.43588055376194396,1.1999999731779099,12.869999712333083,0.038312157850729216,1.1171734555241952,1.1554856133749245,1.5446973396031465,0.00621376528075129,6.0
2026-08-10 12:30:00,-0.046668828,0.4638330355048997,1.1999999731779099,12.869999712333083,0.038312157850729216,1.1171734555241952,1.1554856133749245,1.5726498213461022,0.00621376528075129,6.0
2026-08-10 12:40:00,-0.046668828,0.4892958864942408,1.1999999731779099,12.869999712333083,0.038312157850729216,1.1171734555241952,1.1554856133749245,1.5981126723354433,0.00621376528075129,6.0
2026-08-10 12:50:00,-0.046668828,0.5120289957202651,1.1999999731779099,12.869999712333083,0.038312157850729216,1.1171734555241952,1.1554856133749245,1.6208457815614676,0.00621376528075129,6.0
2026-08-10 13:00:00,-0.046668828,0.5318022075283643,1.1999999731779099,12.869999712333083,0.038312157850729216,1.1171734555241952,1.1554856133749245,1.640618993369567,0.00621376528075129,6.0
2026-08-10 13:10:00,-0.046668828,0.5483982915241147,1.1999999731779099,12.869999712333083,0.038312157850729216,1.1171734555241952,1.1554856133749245,1.6572150773653171,0.00621376528075129,6.0
2026-08-10 13:20:00,-0.046668828,0.5616161368635567,1.1999999731779099,12.869999712333083,0.038312157850729216,1.1171734555241952,1.1554856133749245,1.6704329227047592,0.00621376528075129,6.0
2026-08-10 13:30:00,-0.046668828,0.5712740518964602,1.1999999731779099,12.869999712333083,0.038312157850729216,1.1171734555241952,1.1554856133749245,1.6800908377376627,0.00621376528075129,6.0
2026-08-10 13:40:00,-0.046668828,0.5772130391331625,1.1999999731779099,12.869999712333083,0.038312157850729216,1.1171734555241952,1.1554856133749245,1.686029824974365,0.00621376528075129,6.0
2026-08-10 13:50:00,-0.046668828,0.5792999149840113,1.1999999731779099,12.869999712333083,0.038312157850729216,1.1171734555241952,1.1554856133749245,1.6881167008252138,0.00621376528075129,6.0
2026-08-10 14:00:00,-0.046668828,0.5774301529903895,1.1999999731779099,12.869999712333083,0.038312157850729216,1.1171734555241952,1.1554856133749245,1.6862469388315922,0.00621376528075129,6.0
2026-08-10 14:10:00,-0.046668828,0.5715303469627365,1.1999999731779099,12.869999712333083,0.038312157850729216,1.1171734555241952,1.1554856133749245,1.6803471328039392,0.00621376528075129,6.0
2026-08-10 14:20:00,-0.046668828,0.5615602141330449,1.1999999731779099,12.869999712333083,0.038312157850729216,1.1171734555241952,1.1554856133749245,1.6703769999742475,0.00621376528075129,6.0
2026-08-10 14:30:00,-0.046668828,0.5475140856407082,1.1999999731779099,12.869999712333083,0.038312157850729216,1.1171734555241952,1.1554856133749245,1.6563308714819107,0.00621376528075129,6.0
2026-08-10 14:40:00,-0.046668828,0.5294218590246155,1.1999999731779099,12.869999712333083,0.038312157850729216,1.1171734555241952,1.1554856133749245,1.638238644865818,0.00621376528075129,6.0
2026-08-10 14:50:00,-0.046668828,0.5073494128116713,1.1999999731779099,12.869999712333083,0.038312157850729216,1.1171734555241952,1.1554856133749245,1.616166198652874,0.00621376528075129,6.0
2026-08-10 15:00:00,-0.046668828,0.48139850367822157,1.1899999734014273,12.929999710991979,0.03833005558305886,1.117695349163041,1.1560254047460998,1.5907550808905995,0.00621376528075129,6.0
2026-08-10 15:10:00,-0.046668828,0.4517061813995432,1.1899999734014273,12.929999710991979,0.03833005558305886,1.117695349163041,1.1560254047460998,1.561062758611921,0.00621376528075129,6.0
2026-08-10 15:20:00,-0.046668828,0.4184437643927006,1.1899999734014273,12.929999710991979,0.03833005558305886,1.117695349163041,1.1560254047460998,1.5278003416050785,0.00621376528075129,6.0
2026-08-10 15:30:00,-0.046668828,0.3818154199015069,1.1899999734014273,12.929999710991979,0.03833005558305886,1.117695349163041,1.1560254047460998,1.4911719971138848,0.00621376528075129,6.0
2026-08-10 15:40:00,-0.046668828,0.34205638873237854,1.1899999734014273,12.929999710991979,0.03833005558305886,1.117695349163041,1.1560254047460998,1.4514129659447566,0.00621376528075129,6.0
2026-08-10 15:50:00,-0.046668828,0.29943088635236526,1.1899999734014273,12.929999710991979,0.03833005558305886,1.117695349163041,1.1560254047460998,1.4087874635647433,0.00621376528075129,6.0
2026-08-10 16:00:00,-0.046668828,0.25422970306645465,1.1899999734014273,12.929999710991979,0.03833005558305886,1.117695349163041,1.1560254047460998,1.3635862802788326,0.00621376528075129,6.0
2026-08-10 16:10:00,-0.046668828,0.20676751700998666,1.1899999734014273,12.929999710991979,0.03833005558305886,1.117695349163041,1.1560254047460998,1.3161240942223646,0.00621376528075129,6.0
2026-08-10 16:20:00,-0.046668828,0.15737992841106413,1.1899999734014273,12.929999710991979,0.03833005558305886,1.117695349163041,1.1560254047460998,1.266736505623442,0.00621376528075129,6.0
2026-08-10 16:30:00,-0.046668828,0.10642022214235825,1.1899999734014273,12.929999710991979,0.03833005558305886,1.117695349163041,1.1560254047460998,1.2157767993547361,0.00621376528075129,6.0
2026-08-10 16:40:00,-0.046668828,0.054255870107306106,1.1899999734014273,12.929999710991979,0.03833005558305886,1.117695349163041,1.1560254047460998,1.163612447319684,0.00621376528075129,6.0
2026-08-10 16:50:00,-0.046668828,0.0012647949458161668,1.1899999734014273,12.929999710991979,0.03833005558305886,1.117695349163041,1.1560254047460998,1.1106213721581941,0.00621376528075129,6.0
2026-08-10 17:00:00,-0.046668828,-0.05216856879947163,1.1899999734014273,12.929999710991979,0.03833005558305886,1.117695349163041,1.1560254047460998,1.0571880084129064,0.00621376528075129,6.0
2026-08-10 17:10:00,-0.046668828,-0.10565736171884081,1.1899999734014273,12.929999710991979,0.03833005558305886,1.117695349163041,1.1560254047460998,1.0036992154935371,0.00621376528075129,6.0
2026-08-10 17:20:00,-0.046668828,-0.15881646159337942,1.1899999734014273,12.929999710991979,0.03833005558305886,1.117695349163041,1.1560254047460998,0.9505401156189985,0.00621376528075129,6.0
2026-08-10 17:30:00,-0.046668828,-0.2112666293335854,1.1899999734014273,12.929999710991979,0.03833005558305886,1.117695349163041,1.1560254047460998,0.8980899478787925,0.00621376528075129,6.0
2026-08-10 17:40:00,-0.046668828,-0.26263853448301705,1.1899999734014273,12.929999710991979,0.03833005558305886,1.117695349163041,1.1560254047460998,0.8467180427293608,0.00621376528075129,6.0
2026-08-10 17:50:00,-0.046668828,-0.3125765482695723,1.1899999734014273,12.929999710991979,0.03833005558305886,1.117695349163041,1.1560254047460998,0.7967800289428055,0.00621376528075129,6.0
2026-08-10 18:00:00,-0.046668828,-0.3607421934522622,1.169999973848462,13.069999707862735,0.038418107011225486,1.1202629079691,1.1586810149803255,0.7512699939943414,0.00621376528075129,6.0
2026-08-10 18:10:00,-0.046668828,-0.4068171496383228,1.169999973848462,13.069999707862735,0.038418107011225486,1.1202629079691,1.1586810149803255,0.7051950378082807,0.00621376528075129,6.0
2026-08-10 18:20:00,-0.046668828,-0.45050573170125807,1.169999973848462,13.069999707862735,0.038418107011225486,1.1202629079691,1.1586810149803255,0.6615064557453455,0.00621376528075129,6.0
2026-08-10 18:30:00,-0.046668828,-0.491536785422022,1.169999973848462,13.069999707862735,0.038418107011225486,1.1202629079691,1.1586810149803255,0.6204754020245815,0.00621376528075129,6.0
2026-08-10 18:40:00,-0.046668828,-0.5296649768514048,1.169999973848462,13.069999707862735,0.038418107011225486,1.1202629079691,1.1586810149803255,0.5823472105951988,0.00621376528075129,6.0
2026-08-10 18:50:00,-0.046668828,-0.5646714875498609,1.169999973848462,13.069999707862735,0.038418107011225486,1.1202629079691,1.1586810149803255,0.5473406998967427,0.00621376528075129,6.0
2026-08-10 19:00:00,-0.046668828,-0.5963641631504405,1.169999973848462,13.069999707862735,0.038418107011225486,1.1202629079691,1.1586810149803255,0.5156480242961631,0.00621376528075129,6.0
2026-08-10 19:10:00,-0.046668828,-0.6245771948071847,1.169999973848462,13.069999707862735,0.038418107011225486,1.1202629079691,1.1586810149803255,0.4874349926394189,0.00621376528075129,6.0
2026-08-10 19:20:00,-0.046668828,-0.6491704384041036,1.169999973848462,13.069999707862735,0.038418107011225486,1.1202629079691,1.1586810149803255,0.4628417490425,0.00621376528075129,6.0
2026-08-10 19:30:00,-0.046668828,-0.6700284927816489,1.169999973848462,13.069999707862735,0.038418107011225486,1.1202629079691,1.1586810149803255,0.4419836946649547,0.00621376528075129,6.0
2026-08-10 19:40:00,-0.046668828,-0.687059663688975,1.169999973848462,13.069999707862735,0.038418107011225486,1.1202629079691,1.1586810149803255,0.4249525237576286,0.00621376528075129,6.0
2026-08-10 19:50:00,-0.046668828,-0.7001949343338164,1.169999973848462,13.069999707862735,0.038418107011225486,1.1202629079691,1.1586810149803255,0.41181725311278716,0.00621376528075129,6.0
2026-08-10 20:00:00,-0.046668828,-0.7093870466261089,1.169999973848462,13.069999707862735,0.038418107011225486,1.1202629079691,1.1586810149803255,0.4026251408204947,0.00621376528075129,6.0
2026-08-10 20:10:00,-0.046668828,-0.7146097712875528,1.169999973848462,13.069999707862735,0.038418107011225486,1.1202629079691,1.1586810149803255,0.3974024161590508,0.00621376528075129,6.0
2026-08-10 20:20:00,-0.046668828,-0.7158574124462825,1.169999973848462,13.069999707862735,0.038418107011225486,1.1202629079691,1.1586810149803255,0.39615477500032104,0.00621376528075129,6.0
2026-08-10 20:30:00,-0.046668828,-0.7131445566105294,1.169999973848462,13.069999707862735,0.038418107011225486,1.1202629079691,1.1586810149803255,0.3988676308360741,0.00621376528075129,6.0
2026-08-10 20:40:00,-0.046668828,-0.7065060404303809,1.169999973848462,13.069999707862735,0.038418107011225486,1.1202629079691,1.1586810149803255,0.4055061470162227,0.00621376528075129,6.0
2026-08-10 20:50:00,-0.046668828,-0.6959970804373039,1.169999973848462,13.069999707862735,0.038418107011225486,1.1202629079691,1.1586810149803255,0.41601510700929967,0.00621376528075129,6.0
2026-08-10 21:00:00,-0.046668828,-0.6816934836765869,1.1599999740719795,13.239999704062939,0.0387511346334096,1.129973914613779,1.1687250492471886,0.44036273803687975,0.00621376528075129,6.0
2026-08-10 21:10:00,-0.046668828,-0.6636918438774693,1.1599999740719795,13.239999704062939,0.0387511346334096,1.129973914613779,1.1687250492471886,0.45836437783599737,0.00621376528075129,6.0
2026-08-10 21:20:00,-0.046668828,-0.6421096243283083,1.1599999740719795,13.239999704062939,0.0387511346334096,1.129973914613779,1.1687250492471886,0.4799465973851583,0.00621376528075129,6.0
2026-08-10 21:30:00,-0.046668828,-0.6170850367185045,1.1599999740719795,13.239999704062939,0.0387511346334096,1.129973914613779,1.1687250492471886,0.5049711849949622,0.00621376528075129,6.0
2026-08-10 21:40:00,-0.046668828,-0.5887766435004709,1.1599999740719795,13.239999704062939,0.0387511346334096,1.129973914613779,1.1687250492471886,0.5332795782129958,0.00621376528075129,6.0
2026-08-10 21:50:00,-0.046668828,-0.5573626378661151,1.1599999740719795,13.239999704062939,0.0387511346334096,1.129973914613779,1.1687250492471886,0.5646935838473516,0.00621376528075129,6.0
2026-08-10 22:00:00,-0.046668828,-0.5230397874457138,1.1599999740719795,13.239999704062939,0.0387511346334096,1.129973914613779,1.1687250492471886,0.5990164342677529,0.00621376528075129,6.0
2026-08-10 22:10:00,-0.046668828,-0.4860220611941642,1.1599999740719795,13.239999704062939,0.0387511346334096,1.129973914613779,1.1687250492471886,0.6360341605193025,0.00621376528075129,6.0
2026-08-10 22:20:00,-0.046668828,-0.44653899082177634,1.1599999740719795,13.239999704062939,0.0387511346334096,1.129973914613779,1.1687250492471886,0.6755172308916904,0.00621376528075129,6.0
2026-08-10 22:30:00,-0.046668828,-0.40483384385952514,1.1599999740719795,13.239999704062939,0.0387511346334096,1.129973914613779,1.1687250492471886,0.7172223778539415,0.00621376528075129,6.0
2026-08-10 22:40:00,-0.046668828,-0.36116170341656983,1.1599999740719795,13.239999704062939,0.0387511346334096,1.129973914613779,1.1687250492471886,0.7608945182968968,0.00621376528075129,6.0
2026-08-10 22:50:00,-0.046668828,-0.31578755660504343,1.1599999740719795,13.239999704062939,0.0387511346334096,1.129973914613779,1.1687250492471886,0.8062686651084232,0.00621376528075129,6.0
2026-08-10 23:00:00,-0.046668828,-0.2689844896452518,1.1599999740719795,13.239999704062939,0.0387511346334096,1.129973914613779,1.1687250492471886,0.8530717320682148,0.00621376528075129,6.0
2026-08-10 23:10:00,-0.046668828,-0.22103207246109435,1.1599999740719795,13.239999704062939,0.0387511346334096,1.129973914613779,1.1687250492471886,0.9010241492523723,0.00621376528075129,6.0
2026-08-10 23:20:00,-0.046668828,-0.17221499092189554,1.1599999740719795,13.239999704062939,0.0387511346334096,1.129973914613779,1.1687250492471886,0.9498412307915711,0.00621376528075129,6.0
2026-08-10 23:30:00,-0.046668828,-0.12282195362030099,1.1599999740719795,13.239999704062939,0.0387511346334096,1.129973914613779,1.1687250492471886,0.9992342680931656,0.00621376528075129,6.0
2026-08-10 23:40:00,-0.046668828,-0.07314486465177607,1.1599999740719795,13.239999704062939,0.0387511346334096,1.129973914613779,1.1687250492471886,1.0489113570616906,0.00621376528075129,6.0
2026-08-10 23:50:00,-0.046668828,-0.02347821928159133,1.1599999740719795,13.239999704062939,0.0387511346334096,1.129973914613779,1.1687250492471886,1.0985780024318754,0.00621376528075129,6.0
2026-08-11 00:00:00,-0.046668828,0.025881352154851933,1.1599999740719795,13.239999704062939,0.0387511346334096,1.129973914613779,1.1687250492471886,1.1479375738683186,0.00621376528075129,6.0
2026-08-11 00:10:00,,0.07463549043976622,,,,,,,0.00621376528075129,6.0
2026-08-11 00:20:00,,0.12248457661844292,,,,,,,0.00621376528075129,6.0
2026-08-11 00:30:00,,0.16912837975874553,,,,,,,0.00621376528075129,6.0
2026-08-11 00:40:00,,0.21426699034701915,,,,,,,0.00621376528075129,6.0
2026-08-11 00:50:00,,0.25760212661957044,,,,,,,0.00621376528075129,6.0
2026-08-11 01:00:00,,0.29883887228336675,,,,,,,0.00621376528075129,6.0
2026-08-11 01:10:00,,0.33768786920254706,,,,,,,0.00621376528075129,6.0
2026-08-11 01:20:00,,0.3738679504062885,,,,,,,0.00621376528075129,6.0
2026-08-11 01:30:00,,0.40710916162514516,,,,,,,0.00621376528075129,6.0
2026-08-11 01:40:00,,0.43715608611526713,,,,,,,0.00621376528075129,6.0
2026-08-11 01:50:00,,0.4637713613708341,,,,,,,0.00621376528075129,6.0
2026-08-11 02:00:00,,0.4867392591190096,,,,,,,0.00621376528075129,6.0
2026-08-11 02:10:00,,0.505869193179329,,,,,,,0.00621376528075129,6.0
2026-08-11 02:20:00,,0.520999023235211,,,,,,,0.00621376528075129,6.0
2026-08-11 02:30:00,,0.5319980354598204,,,,,,,0.00621376528075129,6.0
2026-08-11 02:40:00,,0.5387695012472894,,,,,,,0.00621376528075129,6.0
2026-08-11 02:50:00,,0.541252740717489,,,,,,,0.00621376528075129,6.0
2026-08-11 03:00:00,,0.5394246450022125,,,,,,,0.00621376528075129,6.0
2026-08-11 03:10:00,,0.5333006381528842,,,,,,,0.00621376528075129,6.0
2026-08-11 03:20:00,,0.52293508277242,,,,,,,0.00621376528075129,6.0
2026-08-11 03:30:00,,0.5084211517970555,,,,,,,0.00621376528075129,6.0
2026-08-11 03:40:00,,0.48989020052868887,,,,,,,0.00621376528075129,6.0
2026-08-11 03:50:00,,0.46751067827611137,,,,,,,0.00621376528075129,6.0
2026-08-11 04:00:00,,0.44148661825921504,,,,,,,0.00621376528075129,6.0
2026-08-11 04:10:00,,0.4120557389173156,,,,,,,0.00621376528075129,6.0
2026-08-11 04:20:00,,0.3794871822192378,,,,,,,0.00621376528075129,6.0
2026-08-11 04:30:00,,0.3440789059871308,,,,,,,0.00621376528075129,6.0
2026-08-11 04:40:00,,0.30615474133181436,,,,,,,0.00621376528075129,6.0
2026-08-11 04:50:00,,0.26606112348216915,,,,,,,0.00621376528075129,6.0
2026-08-11 05:00:00,,0.22416350709937008,,,,,,,0.00621376528075129,6.0
2026-08-11 05:10:00,,0.18084248518196833,,,,,,,0.00621376528075129,6.0
2026-08-11 05:20:00,,0.13648964417042547,,,,,,,0.00621376528075129,6.0
2026-08-11 05:30:00,,0.09150320541482516,,,,,,,0.00621376528075129,6.0
2026-08-11 05:40:00,,0.046283522572485095,,,,,,,0.00621376528075129,6.0
2026-08-11 05:50:00,,0.0012285242013114356,,,,,,,0.00621376528075129,6.0
2026-08-11 06:00:00,,-0.04327079296729751,,,,,,,0.00621376528075129,6.0
2026-08-11 06:10:00,,-0.08683470327267838,,,,,,,0.00621376528075129,6.0
2026-08-11 06:20:00,,-0.12909880348950686,,,,,,,0.00621376528075129,6.0
2026-08-11 06:30:00,,-0.16971766095706578,,,,,,,0.00621376528075129,6.0
2026-08-11 06:40:00,,-0.20836795758217658,,,,,,,0.00621376528075129,6.0
2026-08-11 06:50:00,,-0.24475105186740675,,,,,,,0.00621376528075129,6.0
2026-08-11 07:00:00,,-0.2785949113617504,,,,,,,0.00621376528075129,6.0
2026-08-11 07:10:00,,-0.3096554031453617,,,,,,,0.00621376528075129,6.0
2026-08-11 07:20:00,,-0.33771696653882083,,,,,,,0.00621376528075129,6.0
2026-08-11 07:30:00,,-0.36259272769665346,,,,,,,0.00621376528075129,6.0
2026-08-11 07:40:00,,-0.3841241458497487,,,,,,,0.00621376528075129,6.0
2026-08-11 07:50:00,,-0.4021803036051566,,,,,,,0.00621376528075129,6.0
2026-08-11 08:00:00,,-0.4166569661079365,,,,,,,0.00621376528075129,6.0
2026-08-11 08:10:00,,-0.42747553517273473,,,,,,,0.00621376528075129,6.0
2026-08-11 08:20:00,,-0.43458201438857047,,,,,,,0.00621376528075129,6.0
2026-08-11 08:30:00,,-0.43794608087143466,,,,,,,0.00621376528075129,6.0
2026-08-11 08:40:00,,-0.43756033082792395,,,,,,,0.00621376528075129,6.0
2026-08-11 08:50:00,,-0.43343973242603034,,,,,,,0.00621376528075129,6.0
2026-08-11 09:00:00,,-0.42562128406043104,,,,,,,0.00621376528075129,6.0
2026-08-11 09:10:00,,-0.4141638427919356,,,,,,,0.00621376528075129,6.0
2026-08-11 09:20:00,,-0.39914805976110457,,,,,,,0.00621376528075129,6.0
2026-08-11 09:30:00,,-0.3806763398787654,,,,,,,0.00621376528075129,6.0
2026-08-11 09:40:00,,-0.35887273377981915,,,,,,,0.00621376528075129,6.0
2026-08-11 09:50:00,,-0.3338826719895569,,,,,,,0.00621376528075129,6.0
2026-08-11 10:00:00,,-0.30587246402032525,,,,,,,0.00621376528075129,6.0
2026-08-11 10:10:00,,-0.2750285071253745,,,,,,,0.00621376528075129,6.0
2026-08-11 10:20:00,,-0.24155617843844962,,,,,,,0.00621376528075129,6.0
2026-08-11 10:30:00,,-0.2056784163947415,,,,,,,0.00621376528075129,6.0
2026-08-11 10:40:00,,-0.16763402980822548,,,,,,,0.00621376528075129,6.0
2026-08-11 10:50:00,,-0.12767580118121086,,,,,,,0.00621376528075129,6.0
2026-08-11 11:00:00,,-0.08606847239927096,,,,,,,0.00621376528075129,6.0
2026-08-11 11:10:00,,-0.04308671267792959,,,,,,,0.00621376528075129,6.0
2026-08-11 11:20:00,,0.0009868304190202993,,,,,,,0.00621376528075129,6.0
2026-08-11 11:30:00,,0.04586330652799812,,,,,,,0.00621376528075129,6.0
2026-08-11 11:40:00,,0.091249194987747,,,,,,,0.00621376528075129,6.0
2026-08-11 11:50:00,,0.13684755356324535,,,,,,,0.00621376528075129,6.0
2026-08-11 12:00:00,,0.1823589771232381,,,,,,,0.00621376528075129,6.0
2026-08-11 12:10:00,,0.22748229570014986,,,,,,,0.00621376528075129,6.0
2026-08-11 12:20:00,,0.2719150755202223,,,,,,,0.00621376528075129,6.0
2026-08-11 12:30:00,,0.315354014662017,,,,,,,0.00621376528075129,6.0
2026-08-11 12:40:00,,0.3574953447444371,,,,,,,0.00621376528075129,6.0
2026-08-11 12:50:00,,0.3980353587793339,,,,,,,0.00621376528075129,6.0
2026-08-11 13:00:00,,0.4366711823365219,,,,,,,0.00621376528075129,6.0
2026-08-11 13:10:00,,0.47310189056074436,,,,,,,0.00621376528075129,6.0
2026-08-11 13:20:00,,0.5070300485249019,,,,,,,0.00621376528075129,6.0
2026-08-11 13:30:00,,0.5381637195657221,,,,,,,0.00621376528075129,6.0
2026-08-11 13:40:00,,0.5662189483913036,,,,,,,0.00621376528075129,6.0
2026-08-11 13:50:00,,0.5909226867468863,,,,,,,0.00621376528075129,6.0
2026-08-11 14:00:00,,0.6120160925640039,,,,,,,0.00621376528075129,6.0
2026-08-11 14:10:00,,0.6292581023223895,,,,,,,0.00621376528075129,6.0
2026-08-11 14:20:00,,0.6424291532270202,,,,,,,0.00621376528075129,6.0
2026-08-11 14:30:00,,0.6513349186023426,,,,,,,0.00621376528075129,6.0
2026-08-11 14:40:00,,0.6558099172069897,,,,,,,0.00621376528075129,6.0
2026-08-11 14:50:00,,0.6557208646021032,,,,,,,0.00621376528075129,6.0
2026-08-11 15:00:00,,0.6509696508251059,,,,,,,0.00621376528075129,6.0
2026-08-11 15:10:00,,0.6414958512850373,,,,,,,0.00621376528075129,6.0
2026-08-11 15:20:00,,0.6272787042067958,,,,,,,0.00621376528075129,6.0
2026-08-11 15:30:00,,0.6083385153534409,,,,,,,0.00621376528075129,6.0
2026-08-11 15:40:00,,0.5847374762239133,,,,,,,0.00621376528075129,6.0
2026-08-11 15:50:00,,0.5565799033522738,,,,,,,0.00621376528075129,6.0
2026-08-11 16:00:00,,0.5240119220445635,,,,,,,0.00621376528075129,6.0
2026-08-11 16:10:00,,0.4872206270992193,,,,,,,0.00621376528075129,6.0
2026-08-11 16:20:00,,0.44643275617189326,,,,,,,0.00621376528075129,6.0
2026-08-11 16:30:00,,0.40191290912886174,,,,,,,0.00621376528075129,6.0
2026-08-11 16:40:00,,0.3539613411041966,,,,,,,0.00621376528075129,6.0
2026-08-11 16:50:00,,0.3029113496784088,,,,,,,0.00621376528075129,6.0
2026-08-11 17:00:00,,0.24912627034202106,,,,,,,0.00621376528075129,6.0
2026-08-11 17:10:00,,0.19299609087488143,,,,,,,0.00621376528075129,6.0
2026-08-11 17:20:00,,0.13493369629918817,,,,,,,0.00621376528075129,6.0
2026-08-11 17:30:00,,0.0753707625143523,,,,,,,0.00621376528075129,6.0
2026-08-11 17:40:00,,0.014753328496018325,,,,,,,0.00621376528075129,6.0
2026-08-11 17:50:00,,-0.046462906351787014,,,,,,,0.00621376528075129,6.0
2026-08-11 18:00:00,,-0.10781749361461614,,,,,,,0.00621376528075129,6.0
2026-08-11 18:10:00,,-0.16885026926464733,,,,,,,0.00621376528075129,6.0
2026-08-11 18:20:00,,-0.2291064035359662,,,,,,,0.00621376528075129,6.0
2026-08-11 18:30:00,,-0.2881413470261278,,,,,,,0.00621376528075129,6.0
2026-08-11 18:40:00,,-0.34552554496277604,,,,,,,0.00621376528075129,6.0
2026-08-11 18:50:00,,-0.4008487919235406,,,,,,,0.00621376528075129,6.0
2026-08-11 19:00:00,,-0.4537241091145035,,,,,,,0.00621376528075129,6.0
2026-08-11 19:10:00,,-0.5037910455054319,,,,,,,0.00621376528075129,6.0
2026-08-11 19:20:00,,-0.5507183314393919,,,,,,,0.00621376528075129,6.0
2026-08-11 19:30:00,,-0.5942058471813909,,,,,,,0.00621376528075129,6.0
2026-08-11 19:40:00,,-0.6339859060245709,,,,,,,0.00621376528075129,6.0
2026-08-11 19:50:00,,-0.669823889287256,,,,,,,0.00621376528075129,6.0
2026-08-11 20:00:00,,-0.7015183048668636,,,,,,,0.00621376528075129,6.0
2026-08-11 20:10:00,,-0.7289003693217503,,,,,,,0.00621376528075129,6.0
2026-08-11 20:20:00,,-0.7518332326088587,,,,,,,0.00621376528075129,6.0
2026-08-11 20:30:00,,-0.7702109731429433,,,,,,,0.00621376528075129,6.0
2026-08-11 20:40:00,,-0.7839574879016046,,,,,,,0.00621376528075129,6.0
2026-08-11 20:50:00,,-0.7930253882980948,,,,,,,0.00621376528075129,6.0
2026-08-11 21:00:00,,-0.7973949890935845,,,,,,,0.00621376528075129,6.0
2026-08-11 21:10:00,,-0.797073447195802,,,,,,,0.00621376528075129,6.0
2026-08-11 21:20:00,,-0.7920940730458562,,,,,,,0.00621376528075129,6.0
2026-08-11 21:30:00,,-0.7825158030853555,,,,,,,0.00621376528075129,6.0
2026-08-11 21:40:00,,-0.7684227910519098,,,,,,,0.00621376528075129,6.0
2026-08-11 21:50:00,,-0.7499240518804527,,,,,,,0.00621376528075129,6.0
2026-08-11 22:00:00,,-0.7271530772199088,,,,,,,0.00621376528075129,6.0
2026-08-11 22:10:00,,-0.700267337437588,,,,,,,0.00621376528075129,6.0
2026-08-11 22:20:00,,-0.6694475918805765,,,,,,,0.00621376528075129,6.0
2026-08-11 22:30:00,,-0.6348969461166983,,,,,,,0.00621376528075129,6.0
2026-08-11 22:40:00,,-0.5968396198285808,,,,,,,0.00621376528075129,6.0
2026-08-11 22:50:00,,-0.5555194192315135,,,,,,,0.00621376528075129,6.0
2026-08-11 23:00:00,,-0.5111979397278675,,,,,,,0.00621376528075129,6.0
2026-08-11 23:10:00,,-0.4641525542826683,,,,,,,0.00621376528075129,6.0
2026-08-11 23:20:00,,-0.4146742674226661,,,,,,,0.00621376528075129,6.0
2026-08-11 23:30:00,,-0.363065530738091,,,,,,,0.00621376528075129,6.0
2026-08-11 23:40:00,,-0.3096381213268823,,,,,,,0.00621376528075129,6.0
2026-08-11 23:50:00,,-0.2547111791009805,,,,,,,0.00621376528075129,6.0
