,SSH_10min,Tide_10min,Significant_Wave_Height,Peak_Wave_Period,Wave_Setup,Wave_Swash,Wave_Runup,Total_Water_Level,beach_slope,water_depth
2026-09-21 00:00:00,-0.10277342,0.11251473032299997,1.5899999644607306,12.299999725073576,0.03726283802004061,1.2282836657277978,1.2655465037478384,1.2752878135581622,0.005493633158953499,8.0
2026-09-21 00:10:00,-0.10277342,0.11913633954598768,1.5899999644607306,12.299999725073576,0.03726283802004061,1.2282836657277978,1.2655465037478384,1.2819094227811498,0.005493633158953499,8.0
2026-09-21 00:20:00,-0.10277342,0.12493294351686031,1.5899999644607306,12.299999725073576,0.03726283802004061,1.2282836657277978,1.2655465037478384,1.2877060267520224,0.005493633158953499,8.0
2026-09-21 00:30:00,-0.10277342,0.12988592921254297,1.5899999644607306,12.299999725073576,0.03726283802004061,1.2282836657277978,1.2655465037478384,1.292659012447705,0.005493633158953499,8.0
2026-09-21 00:40:00,-0.10277342,0.133977830082296,1.5899999644607306,12.299999725073576,0.03726283802004061,1.2282836657277978,1.2655465037478384,1.2967509133174582,0.005493633158953499,8.0
2026-09-21 00:50:00,-0.10277342,0.13719286889129245,1.5899999644607306,12.299999725073576,0.03726283802004061,1.2282836657277978,1.2655465037478384,1.2999659521264546,0.005493633158953499,8.0
2026-09-21 01:00:00,-0.10277342,0.13951784014131446,1.5899999644607306,12.299999725073576,0.03726283802004061,1.2282836657277978,1.2655465037478384,1.3022909233764766,0.005493633158953499,8.0
2026-09-21 01:10:00,-0.10277342,0.14094322637444895,1.5899999644607306,12.299999725073576,0.03726283802004061,1.2282836657277978,1.2655465037478384,1.3037163096096112,0.005493633158953499,8.0
2026-09-21 01:20:00,-0.10277342,0.14146441529892476,1.5899999644607306,12.299999725073576,0.03726283802004061,1.2282836657277978,1.2655465037478384,1.304237498534087,0.005493633158953499,8.0
2026-09-21 01:30:00,-0.10277342,0.14108287274831194,1.5899999644607306,12.299999725073576,0.03726283802004061,1.2282836657277978,1.2655465037478384,1.3038559559834741,0.005493633158953499,8.0
2026-09-21 01:40:00,-0.10277342,0.13980713140075182,1.5899999644607306,12.299999725073576,0.03726283802004061,1.2282836657277978,1.2655465037478384,1.302580214635914,0.005493633158953499,8.0
2026-09-21 01:50:00,-0.10277342,0.1376534762679182,1.5899999644607306,12.299999725073576,0.03726283802004061,1.2282836657277978,1.2655465037478384,1.3004265595030804,0.005493633158953499,8.0
2026-09-21 02:00:00,-0.10277342,0.13464624272068293,1.5899999644607306,12.299999725073576,0.03726283802004061,1.2282836657277978,1.2655465037478384,1.297419325955845,0.005493633158953499,8.0
2026-09-21 02:10:00,-0.10277342,0.1308176873115416,1.5899999644607306,12.299999725073576,0.03726283802004061,1.2282836657277978,1.2655465037478384,1.2935907705467038,0.005493633158953499,8.0
2026-09-21 02:20:00,-0.10277342,0.1262074405629715,1.5899999644607306,12.299999725073576,0.03726283802004061,1.2282836657277978,1.2655465037478384,1.2889805237981338,0.005493633158953499,8.0
2026-09-21 02:30:00,-0.10277342,0.12086159873448996,1.5899999644607306,12.299999725073576,0.03726283802004061,1.2282836657277978,1.2655465037478384,1.283634681969652,0.005493633158953499,8.0
2026-09-21 02:40:00,-0.10277342,0.11483155260405642,1.5899999644607306,12.299999725073576,0.03726283802004061,1.2282836657277978,1.2655465037478384,1.2776046358392186,0.005493633158953499,8.0
2026-09-21 02:50:00,-0.10277342,0.108172680875672,1.5899999644607306,12.299999725073576,0.03726283802004061,1.2282836657277978,1.2655465037478384,1.2709457641108342,0.005493633158953499,8.0
2026-09-21 03:00:00,-0.10277342,0.1009430503799314,1.6599999628961086,12.479999721050262,0.0386314388874991,1.273396442416897,1.3120278813043962,1.3101975111716513,0.005493633158953499,8.0
2026-09-21 03:10:00,-0.10277342,0.09320226294195147,1.6599999628961086,12.479999721050262,0.0386314388874991,1.273396442416897,1.3120278813043962,1.3024567237336715,0.005493633158953499,8.0
2026-09-21 03:20:00,-0.10277342,0.08501056999786345,1.6599999628961086,12.479999721050262,0.0386314388874991,1.273396442416897,1.3120278813043962,1.2942650307895833,0.005493633158953499,8.0
2026-09-21 03:30:00,-0.10277342,0.07642834249646926,1.6599999628961086,12.479999721050262,0.0386314388874991,1.273396442416897,1.3120278813043962,1.2856828032881893,0.005493633158953499,8.0
2026-09-21 03:40:00,-0.10277342,0.06751593940432772,1.6599999628961086,12.479999721050262,0.0386314388874991,1.273396442416897,1.3120278813043962,1.2767704001960476,0.005493633158953499,8.0
2026-09-21 03:50:00,-0.10277342,0.058333967960751604,1.6599999628961086,12.479999721050262,0.0386314388874991,1.273396442416897,1.3120278813043962,1.2675884287524715,0.005493633158953499,8.0
2026-09-21 04:00:00,-0.10277342,0.04894387867332302,1.6599999628961086,12.479999721050262,0.0386314388874991,1.273396442416897,1.3120278813043962,1.258198339465043,0.005493633158953499,8.0
2026-09-21 04:10:00,-0.10277342,0.03940879347660901,1.6599999628961086,12.479999721050262,0.0386314388874991,1.273396442416897,1.3120278813043962,1.248663254268329,0.005493633158953499,8.0
2026-09-21 04:20:00,-0.10277342,0.02979443188929112,1.6599999628961086,12.479999721050262,0.0386314388874991,1.273396442416897,1.3120278813043962,1.239048892681011,0.005493633158953499,8.0
2026-09-21 04:30:00,-0.10277342,0.020169981223567546,1.6599999628961086,12.479999721050262,0.0386314388874991,1.273396442416897,1.3120278813043962,1.2294244420152876,0.005493633158953499,8.0
2026-09-21 04:40:00,-0.10277342,0.010608755445151696,1.6599999628961086,12.479999721050262,0.0386314388874991,1.273396442416897,1.3120278813043962,1.2198632162368717,0.005493633158953499,8.0
2026-09-21 04:50:00,-0.10277342,0.001188503509652529,1.6599999628961086,12.479999721050262,0.0386314388874991,1.273396442416897,1.3120278813043962,1.2104429643013725,0.005493633158953499,8.0
2026-09-21 05:00:00,-0.10277342,-0.00800873962107864,1.6599999628961086,12.479999721050262,0.0386314388874991,1.273396442416897,1.3120278813043962,1.2012457211706413,0.005493633158953499,8.0
2026-09-21 05:10:00,-0.10277342,-0.016897320829770537,1.6599999628961086,12.479999721050262,0.0386314388874991,1.273396442416897,1.3120278813043962,1.1923571399619495,0.005493633158953499,8.0
2026-09-21 05:20:00,-0.10277342,-0.025389163938356947,1.6599999628961086,12.479999721050262,0.0386314388874991,1.273396442416897,1.3120278813043962,1.183865296853363,0.005493633158953499,8.0
2026-09-21 05:30:00,-0.10277342,-0.03339544490573322,1.6599999628961086,12.479999721050262,0.0386314388874991,1.273396442416897,1.3120278813043962,1.1758590158859867,0.005493633158953499,8.0
2026-09-21 05:40:00,-0.10277342,-0.04082864834308392,1.6599999628961086,12.479999721050262,0.0386314388874991,1.273396442416897,1.3120278813043962,1.168425812448636,0.005493633158953499,8.0
2026-09-21 05:50:00,-0.10277342,-0.04760486427223034,1.6599999628961086,12.479999721050262,0.0386314388874991,1.273396442416897,1.3120278813043962,1.1616495965194895,0.005493633158953499,8.0
2026-09-21 06:00:00,-0.10277342,-0.05364615590105846,1.7099999617785215,12.459999721497297,0.03914608660374293,1.290360619518127,1.32950670612187,1.1730871297081353,0.005493633158953499,8.0
2026-09-21 06:10:00,-0.10277342,-0.058882818229192654,1.7099999617785215,12.459999721497297,0.03914608660374293,1.290360619518127,1.32950670612187,1.167850467380001,0.005493633158953499,8.0
2026-09-21 06:20:00,-0.10277342,-0.06325535480722605,1.7099999617785215,12.459999721497297,0.03914608660374293,1.290360619518127,1.32950670612187,1.1634779308019676,0.005493633158953499,8.0
2026-09-21 06:30:00,-0.10277342,-0.06671602517526416,1.7099999617785215,12.459999721497297,0.03914608660374293,1.290360619518127,1.32950670612187,1.1600172604339296,0.005493633158953499,8.0
2026-09-21 06:40:00,-0.10277342,-0.06922985572156927,1.7099999617785215,12.459999721497297,0.03914608660374293,1.290360619518127,1.32950670612187,1.1575034298876243,0.005493633158953499,8.0
2026-09-21 06:50:00,-0.10277342,-0.0707750575542745,1.7099999617785215,12.459999721497297,0.03914608660374293,1.290360619518127,1.32950670612187,1.1559582280549192,0.005493633158953499,8.0
2026-09-21 07:00:00,-0.10277342,-0.0713428510596616,1.7099999617785215,12.459999721497297,0.03914608660374293,1.290360619518127,1.32950670612187,1.155390434549532,0.005493633158953499,8.0
2026-09-21 07:10:00,-0.10277342,-0.07093675196582805,1.7099999617785215,12.459999721497297,0.03914608660374293,1.290360619518127,1.32950670612187,1.1557965336433655,0.005493633158953499,8.0
2026-09-21 07:20:00,-0.10277342,-0.06957142217851617,1.7099999617785215,12.459999721497297,0.03914608660374293,1.290360619518127,1.32950670612187,1.1571618634306775,0.005493633158953499,8.0
2026-09-21 07:30:00,-0.10277342,-0.06727122511428581,1.7099999617785215,12.459999721497297,0.03914608660374293,1.290360619518127,1.32950670612187,1.159462060494908,0.005493633158953499,8.0
2026-09-21 07:40:00,-0.10277342,-0.0640686460373908,1.7099999617785215,12.459999721497297,0.03914608660374293,1.290360619518127,1.32950670612187,1.162664639571803,0.005493633158953499,8.0
2026-09-21 07:50:00,-0.10277342,-0.06000274091406071,1.7099999617785215,12.459999721497297,0.03914608660374293,1.290360619518127,1.32950670612187,1.166730544695133,0.005493633158953499,8.0
2026-09-21 08:00:00,-0.10277342,-0.05511776244180637,1.7099999617785215,12.459999721497297,0.03914608660374293,1.290360619518127,1.32950670612187,1.1716155231673873,0.005493633158953499,8.0
2026-09-21 08:10:00,-0.10277342,-0.04946208119908441,1.7099999617785215,12.459999721497297,0.03914608660374293,1.290360619518127,1.32950670612187,1.1772712044101092,0.005493633158953499,8.0
2026-09-21 08:20:00,-0.10277342,-0.04308747678174722,1.7099999617785215,12.459999721497297,0.03914608660374293,1.290360619518127,1.32950670612187,1.1836458088274464,0.005493633158953499,8.0
2026-09-21 08:30:00,-0.10277342,-0.036048823577466665,1.7099999617785215,12.459999721497297,0.03914608660374293,1.290360619518127,1.32950670612187,1.190684462031727,0.005493633158953499,8.0
2026-09-21 08:40:00,-0.10277342,-0.028404143963607284,1.7099999617785215,12.459999721497297,0.03914608660374293,1.290360619518127,1.32950670612187,1.1983291416455863,0.005493633158953499,8.0
2026-09-21 08:50:00,-0.10277342,-0.020214954372666946,1.7099999617785215,12.459999721497297,0.03914608660374293,1.290360619518127,1.32950670612187,1.2065183312365269,0.005493633158953499,8.0
2026-09-21 09:00:00,-0.10277342,-0.0115467919467776,1.7199999615550041,12.369999723508954,0.03897679977692692,1.2847804690183402,1.323757268795267,1.2094370563358132,0.005493633158953499,8.0
2026-09-21 09:10:00,-0.10277342,-0.0024697857950706247,1.7199999615550041,12.369999723508954,0.03897679977692692,1.2847804690183402,1.323757268795267,1.2185140624875201,0.005493633158953499,8.0
2026-09-21 09:20:00,-0.10277342,0.006940870316572346,1.7199999615550041,12.369999723508954,0.03897679977692692,1.2847804690183402,1.323757268795267,1.227924718599163,0.005493633158953499,8.0
2026-09-21 09:30:00,-0.10277342,0.01660467697650233,1.7199999615550041,12.369999723508954,0.03897679977692692,1.2847804690183402,1.323757268795267,1.237588525259093,0.005493633158953499,8.0
2026-09-21 09:40:00,-0.10277342,0.026435926846449555,1.7199999615550041,12.369999723508954,0.03897679977692692,1.2847804690183402,1.323757268795267,1.2474197751290403,0.005493633158953499,8.0
2026-09-21 09:50:00,-0.10277342,0.03634420914964946,1.7199999615550041,12.369999723508954,0.03897679977692692,1.2847804690183402,1.323757268795267,1.2573280574322403,0.005493633158953499,8.0
2026-09-21 10:00:00,-0.10277342,0.046235341471882546,1.7199999615550041,12.369999723508954,0.03897679977692692,1.2847804690183402,1.323757268795267,1.2672191897544733,0.005493633158953499,8.0
2026-09-21 10:10:00,-0.10277342,0.056012699160372395,1.7199999615550041,12.369999723508954,0.03897679977692692,1.2847804690183402,1.323757268795267,1.2769965474429632,0.005493633158953499,8.0
2026-09-21 10:20:00,-0.10277342,0.06557886497480137,1.7199999615550041,12.369999723508954,0.03897679977692692,1.2847804690183402,1.323757268795267,1.2865627132573922,0.005493633158953499,8.0
2026-09-21 10:30:00,-0.10277342,0.07483748253648692,1.7199999615550041,12.369999723508954,0.03897679977692692,1.2847804690183402,1.323757268795267,1.2958213308190776,0.005493633158953499,8.0
2026-09-21 10:40:00,-0.10277342,0.08369517066787233,1.7199999615550041,12.369999723508954,0.03897679977692692,1.2847804690183402,1.323757268795267,1.3046790189504631,0.005493633158953499,8.0
2026-09-21 10:50:00,-0.10277342,0.0920633452065105,1.7199999615550041,12.369999723508954,0.03897679977692692,1.2847804690183402,1.323757268795267,1.3130471934891013,0.005493633158953499,8.0
2026-09-21 11:00:00,-0.10277342,0.09985980145379628,1.7199999615550041,12.369999723508954,0.03897679977692692,1.2847804690183402,1.323757268795267,1.3208436497363871,0.005493633158953499,8.0
2026-09-21 11:10:00,-0.10277342,0.1070099333735525,1.7199999615550041,12.369999723508954,0.03897679977692692,1.2847804690183402,1.323757268795267,1.3279937816561433,0.005493633158953499,8.0
2026-09-21 11:20:00,-0.10277342,0.11344750247724271,1.7199999615550041,12.369999723508954,0.03897679977692692,1.2847804690183402,1.323757268795267,1.3344313507598335,0.005493633158953499,8.0
2026-09-21 11:30:00,-0.10277342,0.11911491585038814,1.7199999615550041,12.369999723508954,0.03897679977692692,1.2847804690183402,1.323757268795267,1.340098764132979,0.005493633158953499,8.0
2026-09-21 11:40:00,-0.10277342,0.123963023792661,1.7199999615550041,12.369999723508954,0.03897679977692692,1.2847804690183402,1.323757268795267,1.3449468720752518,0.005493633158953499,8.0
2026-09-21 11:50:00,-0.10277342,0.1279504973142733,1.7199999615550041,12.369999723508954,0.03897679977692692,1.2847804690183402,1.323757268795267,1.348934345596864,0.005493633158953499,8.0
2026-09-21 12:00:00,-0.10277342,0.13104288868131914,1.699999962002039,12.179999727755785,0.03815434514598562,1.2576701456327712,1.2958244907787568,1.3240939589473997,0.005493633158953499,8.0
2026-09-21 12:10:00,-0.10277342,0.13321150951465313,1.699999962002039,12.179999727755785,0.03815434514598562,1.2576701456327712,1.2958244907787568,1.3262625797807337,0.005493633158953499,8.0
2026-09-21 12:20:00,-0.10277342,0.1344322771441127,1.699999962002039,12.179999727755785,0.03815434514598562,1.2576701456327712,1.2958244907787568,1.3274833474101932,0.005493633158953499,8.0
2026-09-21 12:30:00,-0.10277342,0.13468467919689325,1.699999962002039,12.179999727755785,0.03815434514598562,1.2576701456327712,1.2958244907787568,1.3277357494629738,0.005493633158953499,8.0
2026-09-21 12:40:00,-0.10277342,0.13395098895056,1.699999962002039,12.179999727755785,0.03815434514598562,1.2576701456327712,1.2958244907787568,1.3270020592166407,0.005493633158953499,8.0
2026-09-21 12:50:00,-0.10277342,0.132215831732507,1.699999962002039,12.179999727755785,0.03815434514598562,1.2576701456327712,1.2958244907787568,1.3252669019985877,0.005493633158953499,8.0
2026-09-21 13:00:00,-0.10277342,0.12946615946818046,1.699999962002039,12.179999727755785,0.03815434514598562,1.2576701456327712,1.2958244907787568,1.3225172297342611,0.005493633158953499,8.0
2026-09-21 13:10:00,-0.10277342,0.12569164103190988,1.699999962002039,12.179999727755785,0.03815434514598562,1.2576701456327712,1.2958244907787568,1.3187427112979906,0.005493633158953499,8.0
2026-09-21 13:20:00,-0.10277342,0.12088542631541398,1.699999962002039,12.179999727755785,0.03815434514598562,1.2576701456327712,1.2958244907787568,1.3139364965814946,0.005493633158953499,8.0
2026-09-21 13:30:00,-0.10277342,0.1150451971461001,1.699999962002039,12.179999727755785,0.03815434514598562,1.2576701456327712,1.2958244907787568,1.3080962674121808,0.005493633158953499,8.0
2026-09-21 13:40:00,-0.10277342,0.10817438378635914,1.699999962002039,12.179999727755785,0.03815434514598562,1.2576701456327712,1.2958244907787568,1.3012254540524397,0.005493633158953499,8.0
2026-09-21 13:50:00,-0.10277342,0.1002834053809689,1.699999962002039,12.179999727755785,0.03815434514598562,1.2576701456327712,1.2958244907787568,1.2933344756470495,0.005493633158953499,8.0
2026-09-21 14:00:00,-0.10277342,0.09139078867969251,1.699999962002039,12.179999727755785,0.03815434514598562,1.2576701456327712,1.2958244907787568,1.2844418589457731,0.005493633158953499,8.0
2026-09-21 14:10:00,-0.10277342,0.08152403223295439,1.699999962002039,12.179999727755785,0.03815434514598562,1.2576701456327712,1.2958244907787568,1.274575102499035,0.005493633158953499,8.0
2026-09-21 14:20:00,-0.10277342,0.07072011116013638,1.699999962002039,12.179999727755785,0.03815434514598562,1.2576701456327712,1.2958244907787568,1.263771181426217,0.005493633158953499,8.0
2026-09-21 14:30:00,-0.10277342,0.05902555773826205,1.699999962002039,12.179999727755785,0.03815434514598562,1.2576701456327712,1.2958244907787568,1.2520766280043427,0.005493633158953499,8.0
2026-09-21 14:40:00,-0.10277342,0.046496100228334364,1.699999962002039,12.179999727755785,0.03815434514598562,1.2576701456327712,1.2958244907787568,1.239547170494415,0.005493633158953499,8.0
2026-09-21 14:50:00,-0.10277342,0.0331958917442297,1.699999962002039,12.179999727755785,0.03815434514598562,1.2576701456327712,1.2958244907787568,1.2262469620103102,0.005493633158953499,8.0
2026-09-21 15:00:00,-0.10277342,0.019196406163233128,1.6699999626725912,12.009999731555581,0.03728837847600923,1.229125548057443,1.2664139265334522,1.182836912184009,0.005493633158953499,8.0
2026-09-21 15:10:00,-0.10277342,0.004575114431824739,1.6699999626725912,12.009999731555581,0.03728837847600923,1.229125548057443,1.2664139265334522,1.1682156204526006,0.005493633158953499,8.0
2026-09-21 15:20:00,-0.10277342,-0.010585922509324538,1.6699999626725912,12.009999731555581,0.03728837847600923,1.229125548057443,1.2664139265334522,1.1530545835114514,0.005493633158953499,8.0
2026-09-21 15:30:00,-0.10277342,-0.02620140115268296,1.6699999626725912,12.009999731555581,0.03728837847600923,1.229125548057443,1.2664139265334522,1.137439104868093,0.005493633158953499,8.0
2026-09-21 15:40:00,-0.10277342,-0.042183930201808155,1.6699999626725912,12.009999731555581,0.03728837847600923,1.229125548057443,1.2664139265334522,1.1214565758189678,0.005493633158953499,8.0
2026-09-21 15:50:00,-0.10277342,-0.05844488577270877,1.6699999626725912,12.009999731555581,0.03728837847600923,1.229125548057443,1.2664139265334522,1.1051956202480673,0.005493633158953499,8.0
2026-09-21 16:00:00,-0.10277342,-0.07489489890211332,1.6699999626725912,12.009999731555581,0.03728837847600923,1.229125548057443,1.2664139265334522,1.0887456071186628,0.005493633158953499,8.0
2026-09-21 16:10:00,-0.10277342,-0.09144395492357259,1.6699999626725912,12.009999731555581,0.03728837847600923,1.229125548057443,1.2664139265334522,1.0721965510972034,0.005493633158953499,8.0
2026-09-21 16:20:00,-0.10277342,-0.10800113474584092,1.6699999626725912,12.009999731555581,0.03728837847600923,1.229125548057443,1.2664139265334522,1.055639371274935,0.005493633158953499,8.0
2026-09-21 16:30:00,-0.10277342,-0.12447407620578396,1.6699999626725912,12.009999731555581,0.03728837847600923,1.229125548057443,1.2664139265334522,1.039166429814992,0.005493633158953499,8.0
2026-09-21 16:40:00,-0.10277342,-0.1407682732131509,1.6699999626725912,12.009999731555581,0.03728837847600923,1.229125548057443,1.2664139265334522,1.022872232807625,0.005493633158953499,8.0
2026-09-21 16:50:00,-0.10277342,-0.15678635725142492,1.6699999626725912,12.009999731555581,0.03728837847600923,1.229125548057443,1.2664139265334522,1.006854148769351,0.005493633158953499,8.0
2026-09-21 17:00:00,-0.10277342,-0.17242751624782102,1.6699999626725912,12.009999731555581,0.03728837847600923,1.229125548057443,1.2664139265334522,0.9912129897729549,0.005493633158953499,8.0
2026-09-21 17:10:00,-0.10277342,-0.1875871986431811,1.6699999626725912,12.009999731555581,0.03728837847600923,1.229125548057443,1.2664139265334522,0.9760533073775949,0.005493633158953499,8.0
2026-09-21 17:20:00,-0.10277342,-0.20215722615210208,1.6699999626725912,12.009999731555581,0.03728837847600923,1.229125548057443,1.2664139265334522,0.9614832798686739,0.005493633158953499,8.0
2026-09-21 17:30:00,-0.10277342,-0.2160263995027735,1.6699999626725912,12.009999731555581,0.03728837847600923,1.229125548057443,1.2664139265334522,0.9476141065180025,0.005493633158953499,8.0
2026-09-21 17:40:00,-0.10277342,-0.229081631773178,1.6699999626725912,12.009999731555581,0.03728837847600923,1.229125548057443,1.2664139265334522,0.934558874247598,0.005493633158953499,8.0
2026-09-21 17:50:00,-0.10277342,-0.24120958878079105,1.6699999626725912,12.009999731555581,0.03728837847600923,1.229125548057443,1.2664139265334522,0.9224309172399849,0.005493633158953499,8.0
2026-09-21 18:00:00,-0.10277342,-0.252298761658582,1.649999963119626,11.859999734908342,0.03660150271362778,1.2064842699330092,1.2430857726466369,0.8880135904753786,0.005493633158953499,8.0
2026-09-21 18:10:00,-0.10277342,-0.26224184888639257,1.649999963119626,11.859999734908342,0.03660150271362778,1.2064842699330092,1.2430857726466369,0.8780705032475681,0.005493633158953499,8.0
2026-09-21 18:20:00,-0.10277342,-0.2709382891331437,1.649999963119626,11.859999734908342,0.03660150271362778,1.2064842699330092,1.2430857726466369,0.8693740630008169,0.005493633158953499,8.0
2026-09-21 18:30:00,-0.10277342,-0.2782967661275232,1.649999963119626,11.859999734908342,0.03660150271362778,1.2064842699330092,1.2430857726466369,0.8620155860064375,0.005493633158953499,8.0
2026-09-21 18:40:00,-0.10277342,-0.284237504749362,1.649999963119626,11.859999734908342,0.03660150271362778,1.2064842699330092,1.2430857726466369,0.8560748473845987,0.005493633158953499,8.0
2026-09-21 18:50:00,-0.10277342,-0.2886941938806179,1.649999963119626,11.859999734908342,0.03660150271362778,1.2064842699330092,1.2430857726466369,0.8516181582533427,0.005493633158953499,8.0
2026-09-21 19:00:00,-0.10277342,-0.29161540458868845,1.649999963119626,11.859999734908342,0.03660150271362778,1.2064842699330092,1.2430857726466369,0.8486969475452721,0.005493633158953499,8.0
2026-09-21 19:10:00,-0.10277342,-0.2929654183432227,1.649999963119626,11.859999734908342,0.03660150271362778,1.2064842699330092,1.2430857726466369,0.847346933790738,0.005493633158953499,8.0
2026-09-21 19:20:00,-0.10277342,-0.29272443433180195,1.649999963119626,11.859999734908342,0.03660150271362778,1.2064842699330092,1.2430857726466369,0.8475879178021587,0.005493633158953499,8.0
2026-09-21 19:30:00,-0.10277342,-0.29088818157978497,1.649999963119626,11.859999734908342,0.03660150271362778,1.2064842699330092,1.2430857726466369,0.8494241705541756,0.005493633158953499,8.0
2026-09-21 19:40:00,-0.10277342,-0.28746701453515366,1.649999963119626,11.859999734908342,0.03660150271362778,1.2064842699330092,1.2430857726466369,0.852845337598807,0.005493633158953499,8.0
2026-09-21 19:50:00,-0.10277342,-0.2824846143611851,1.649999963119626,11.859999734908342,0.03660150271362778,1.2064842699330092,1.2430857726466369,0.8578277377727755,0.005493633158953499,8.0
2026-09-21 20:00:00,-0.10277342,-0.2759764477976329,1.649999963119626,11.859999734908342,0.03660150271362778,1.2064842699330092,1.2430857726466369,0.8643359043363277,0.005493633158953499,8.0
2026-09-21 20:10:00,-0.10277342,-0.26798814819732597,1.649999963119626,11.859999734908342,0.03660150271362778,1.2064842699330092,1.2430857726466369,0.8723242039366347,0.005493633158953499,8.0
2026-09-21 20:20:00,-0.10277342,-0.25857397791446707,1.649999963119626,11.859999734908342,0.03660150271362778,1.2064842699330092,1.2430857726466369,0.8817383742194935,0.005493633158953499,8.0
2026-09-21 20:30:00,-0.10277342,-0.2477955087759354,1.649999963119626,11.859999734908342,0.03660150271362778,1.2064842699330092,1.2430857726466369,0.8925168433580253,0.005493633158953499,8.0
2026-09-21 20:40:00,-0.10277342,-0.23572062029608087,1.649999963119626,11.859999734908342,0.03660150271362778,1.2064842699330092,1.2430857726466369,0.9045917318378798,0.005493633158953499,8.0
2026-09-21 20:50:00,-0.10277342,-0.22242286845743584,1.649999963119626,11.859999734908342,0.03660150271362778,1.2064842699330092,1.2430857726466369,0.9178894836765248,0.005493633158953499,8.0
2026-09-21 21:00:00,-0.10277342,-0.2079812261305963,1.6399999633431435,11.859999734908342,0.03649042050688182,1.2028227007303176,1.2393131212371995,0.9285584745939269,0.005493633158953499,8.0
2026-09-21 21:10:00,-0.10277342,-0.19248014605866112,1.6399999633431435,11.859999734908342,0.03649042050688182,1.2028227007303176,1.2393131212371995,0.9440595546658621,0.005493633158953499,8.0
2026-09-21 21:20:00,-0.10277342,-0.1760098539283708,1.6399999633431435,11.859999734908342,0.03649042050688182,1.2028227007303176,1.2393131212371995,0.9605298467961525,0.005493633158953499,8.0
2026-09-21 21:30:00,-0.10277342,-0.15866674772993794,1.6399999633431435,11.859999734908342,0.03649042050688182,1.2028227007303176,1.2393131212371995,0.9778729529945853,0.005493633158953499,8.0
2026-09-21 21:40:00,-0.10277342,-0.14055376354383506,1.6399999633431435,11.859999734908342,0.03649042050688182,1.2028227007303176,1.2393131212371995,0.9959859371806882,0.005493633158953499,8.0
2026-09-21 21:50:00,-0.10277342,-0.12178056894349049,1.6399999633431435,11.859999734908342,0.03649042050688182,1.2028227007303176,1.2393131212371995,1.0147591317810327,0.005493633158953499,8.0
2026-09-21 22:00:00,-0.10277342,-0.10246346324475386,1.6399999633431435,11.859999734908342,0.03649042050688182,1.2028227007303176,1.2393131212371995,1.0340762374797694,0.005493633158953499,8.0
2026-09-21 22:10:00,-0.10277342,-0.08272489637856055,1.6399999633431435,11.859999734908342,0.03649042050688182,1.2028227007303176,1.2393131212371995,1.0538148043459628,0.005493633158953499,8.0
2026-09-21 22:20:00,-0.10277342,-0.06269256190323522,1.6399999633431435,11.859999734908342,0.03649042050688182,1.2028227007303176,1.2393131212371995,1.073847138821288,0.005493633158953499,8.0
2026-09-21 22:30:00,-0.10277342,-0.04249806901240934,1.6399999633431435,11.859999734908342,0.03649042050688182,1.2028227007303176,1.2393131212371995,1.094041631712114,0.005493633158953499,8.0
2026-09-21 22:40:00,-0.10277342,-0.02227524813279962,1.6399999633431435,11.859999734908342,0.03649042050688182,1.2028227007303176,1.2393131212371995,1.1142644525917236,0.005493633158953499,8.0
2026-09-21 22:50:00,-0.10277342,-0.0021581887072951427,1.6399999633431435,11.859999734908342,0.03649042050688182,1.2028227007303176,1.2393131212371995,1.134381512017228,0.005493633158953499,8.0
2026-09-21 23:00:00,-0.10277342,0.017720858705610673,1.6399999633431435,11.859999734908342,0.03649042050688182,1.2028227007303176,1.2393131212371995,1.1542605594301338,0.005493633158953499,8.0
2026-09-21 23:10:00,-0.10277342,0.03723356492572459,1.6399999633431435,11.859999734908342,0.03649042050688182,1.2028227007303176,1.2393131212371995,1.1737732656502478,0.005493633158953499,8.0
2026-09-21 23:20:00,-0.10277342,0.056257435846568005,1.6399999633431435,11.859999734908342,0.03649042050688182,1.2028227007303176,1.2393131212371995,1.1927971365710912,0.005493633158953499,8.0
2026-09-21 23:30:00,-0.10277342,0.0746774185964761,1.6399999633431435,11.859999734908342,0.03649042050688182,1.2028227007303176,1.2393131212371995,1.2112171193209993,0.005493633158953499,8.0
2026-09-21 23:40:00,-0.10277342,0.09238709159130518,1.6399999633431435,11.859999734908342,0.03649042050688182,1.2028227007303176,1.2393131212371995,1.2289267923158285,0.005493633158953499,8.0
2026-09-21 23:50:00,-0.10277342,0.10928937195466767,1.6399999633431435,11.859999734908342,0.03649042050688182,1.2028227007303176,1.2393131212371995,1.245829072679191,0.005493633158953499,8.0
2026-09-22 00:00:00,-0.09097295,0.12529672328911148,1.6299999635666609,11.92999973334372,0.03659371496183826,1.2062275646248775,1.2428212795867157,1.2771450503311381,0.005493633158953499,8.0
2026-09-22 00:10:00,-0.09097295,0.14033089794404716,1.6299999635666609,11.92999973334372,0.03659371496183826,1.2062275646248775,1.2428212795867157,1.2921792249860737,0.005493633158953499,8.0
2026-09-22 00:20:00,-0.09097295,0.15432229519405538,1.6299999635666609,11.92999973334372,0.03659371496183826,1.2062275646248775,1.2428212795867157,1.306170622236082,0.005493633158953499,8.0
2026-09-22 00:30:00,-0.09097295,0.1672090547005836,1.6299999635666609,11.92999973334372,0.03659371496183826,1.2062275646248775,1.2428212795867157,1.3190573817426101,0.005493633158953499,8.0
2026-09-22 00:40:00,-0.09097295,0.1789360291074038,1.6299999635666609,11.92999973334372,0.03659371496183826,1.2062275646248775,1.2428212795867157,1.3307843561494304,0.005493633158953499,8.0
2026-09-22 00:50:00,-0.09097295,0.18945378787295297,1.6299999635666609,11.92999973334372,0.03659371496183826,1.2062275646248775,1.2428212795867157,1.3413021149149795,0.005493633158953499,8.0
2026-09-22 01:00:00,-0.09097295,0.1987177956242349,1.6299999635666609,11.92999973334372,0.03659371496183826,1.2062275646248775,1.2428212795867157,1.3505661226662615,0.005493633158953499,8.0
2026-09-22 01:10:00,-0.09097295,0.20668788343146793,1.6299999635666609,11.92999973334372,0.03659371496183826,1.2062275646248775,1.2428212795867157,1.3585362104734946,0.005493633158953499,8.0
2026-09-22 01:20:00,-0.09097295,0.21332809341979939,1.6299999635666609,11.92999973334372,0.03659371496183826,1.2062275646248775,1.2428212795867157,1.365176420461826,0.005493633158953499,8.0
2026-09-22 01:30:00,-0.09097295,0.2186069302342779,1.6299999635666609,11.92999973334372,0.03659371496183826,1.2062275646248775,1.2428212795867157,1.3704552572763045,0.005493633158953499,8.0
2026-09-22 01:40:00,-0.09097295,0.22249800262056588,1.6299999635666609,11.92999973334372,0.03659371496183826,1.2062275646248775,1.2428212795867157,1.3743463296625924,0.005493633158953499,8.0
2026-09-22 01:50:00,-0.09097295,0.22498099024921156,1.6299999635666609,11.92999973334372,0.03659371496183826,1.2062275646248775,1.2428212795867157,1.376829317291238,0.005493633158953499,8.0
2026-09-22 02:00:00,-0.09097295,0.22604283056930327,1.6299999635666609,11.92999973334372,0.03659371496183826,1.2062275646248775,1.2428212795867157,1.3778911576113297,0.005493633158953499,8.0
2026-09-22 02:10:00,-0.09097295,0.22567899233655386,1.6299999635666609,11.92999973334372,0.03659371496183826,1.2062275646248775,1.2428212795867157,1.3775273193785804,0.005493633158953499,8.0
2026-09-22 02:20:00,-0.09097295,0.2238946897266675,1.6299999635666609,11.92999973334372,0.03659371496183826,1.2062275646248775,1.2428212795867157,1.3757430167686941,0.005493633158953499,8.0
2026-09-22 02:30:00,-0.09097295,0.22070589513224423,1.6299999635666609,11.92999973334372,0.03659371496183826,1.2062275646248775,1.2428212795867157,1.3725542221742708,0.005493633158953499,8.0
2026-09-22 02:40:00,-0.09097295,0.21614002901689294,1.6299999635666609,11.92999973334372,0.03659371496183826,1.2062275646248775,1.2428212795867157,1.3679883560589194,0.005493633158953499,8.0
2026-09-22 02:50:00,-0.09097295,0.21023623965212337,1.6299999635666609,11.92999973334372,0.03659371496183826,1.2062275646248775,1.2428212795867157,1.36208456669415,0.005493633158953499,8.0
2026-09-22 03:00:00,-0.09097295,0.20304522963950739,1.6299999635666609,12.029999731108546,0.0369004518852401,1.216338441109579,1.253238892994819,1.3653111700896372,0.005493633158953499,8.0
2026-09-22 03:10:00,-0.09097295,0.19462863530889082,1.6299999635666609,12.029999731108546,0.0369004518852401,1.216338441109579,1.253238892994819,1.3568945757590207,0.005493633158953499,8.0
2026-09-22 03:20:00,-0.09097295,0.18505801315868758,1.6299999635666609,12.029999731108546,0.0369004518852401,1.216338441109579,1.253238892994819,1.3473239536088175,0.005493633158953499,8.0
2026-09-22 03:30:00,-0.09097295,0.17441352935125598,1.6299999635666609,12.029999731108546,0.0369004518852401,1.216338441109579,1.253238892994819,1.336679469801386,0.005493633158953499,8.0
2026-09-22 03:40:00,-0.09097295,0.16278247869443074,1.6299999635666609,12.029999731108546,0.0369004518852401,1.216338441109579,1.253238892994819,1.3250484191445606,0.005493633158953499,8.0
2026-09-22 03:50:00,-0.09097295,0.15025777520840242,1.6299999635666609,12.029999731108546,0.0369004518852401,1.216338441109579,1.253238892994819,1.3125237156585323,0.005493633158953499,8.0
2026-09-22 04:00:00,-0.09097295,0.1369365553098303,1.6299999635666609,12.029999731108546,0.0369004518852401,1.216338441109579,1.253238892994819,1.2992024957599602,0.005493633158953499,8.0
2026-09-22 04:10:00,-0.09097295,0.12291901683790854,1.6299999635666609,12.029999731108546,0.0369004518852401,1.216338441109579,1.253238892994819,1.2851849572880385,0.005493633158953499,8.0
2026-09-22 04:20:00,-0.09097295,0.10830758480899709,1.6299999635666609,12.029999731108546,0.0369004518852401,1.216338441109579,1.253238892994819,1.270573525259127,0.005493633158953499,8.0
2026-09-22 04:30:00,-0.09097295,0.09320645116057259,1.6299999635666609,12.029999731108546,0.0369004518852401,1.216338441109579,1.253238892994819,1.2554723916107025,0.005493633158953499,8.0
2026-09-22 04:40:00,-0.09097295,0.07772148631552177,1.6299999635666609,12.029999731108546,0.0369004518852401,1.216338441109579,1.253238892994819,1.2399874267656517,0.005493633158953499,8.0
2026-09-22 04:50:00,-0.09097295,0.06196047033785571,1.6299999635666609,12.029999731108546,0.0369004518852401,1.216338441109579,1.253238892994819,1.2242264107879857,0.005493633158953499,8.0
2026-09-22 05:00:00,-0.09097295,0.04603354698287315,1.6299999635666609,12.029999731108546,0.0369004518852401,1.216338441109579,1.253238892994819,1.208299487433003,0.005493633158953499,8.0
2026-09-22 05:10:00,-0.09097295,0.030053769977528875,1.6299999635666609,12.029999731108546,0.0369004518852401,1.216338441109579,1.253238892994819,1.1923197104276588,0.005493633158953499,8.0
2026-09-22 05:20:00,-0.09097295,0.014137591681931072,1.6299999635666609,12.029999731108546,0.0369004518852401,1.216338441109579,1.253238892994819,1.176403532132061,0.005493633158953499,8.0
2026-09-22 05:30:00,-0.09097295,-0.00159485777893387,1.6299999635666609,12.029999731108546,0.0369004518852401,1.216338441109579,1.253238892994819,1.160671082671196,0.005493633158953499,8.0
2026-09-22 05:40:00,-0.09097295,-0.017019837265313455,1.6299999635666609,12.029999731108546,0.0369004518852401,1.216338441109579,1.253238892994819,1.1452461031848165,0.005493633158953499,8.0
2026-09-22 05:50:00,-0.09097295,-0.032010511691512186,1.6299999635666609,12.029999731108546,0.0369004518852401,1.216338441109579,1.253238892994819,1.1302554287586177,0.005493633158953499,8.0
2026-09-22 06:00:00,-0.09097295,-0.046437979158233354,1.6299999635666609,12.11999972909689,0.03717651511630174,1.22543822994581,1.2626147450621117,1.125203813359189,0.005493633158953499,8.0
2026-09-22 06:10:00,-0.09097295,-0.06017281485646639,1.6299999635666609,12.11999972909689,0.03717651511630174,1.22543822994581,1.2626147450621117,1.111468977660956,0.005493633158953499,8.0
2026-09-22 06:20:00,-0.09097295,-0.07308708307372247,1.6299999635666609,12.11999972909689,0.03717651511630174,1.22543822994581,1.2626147450621117,1.0985547094437,0.005493633158953499,8.0
2026-09-22 06:30:00,-0.09097295,-0.08505671674219287,1.6299999635666609,12.11999972909689,0.03717651511630174,1.22543822994581,1.2626147450621117,1.0865850757752296,0.005493633158953499,8.0
2026-09-22 06:40:00,-0.09097295,-0.09596412137496677,1.6299999635666609,12.11999972909689,0.03717651511630174,1.22543822994581,1.2626147450621117,1.0756776711424558,0.005493633158953499,8.0
2026-09-22 06:50:00,-0.09097295,-0.10570083159018459,1.6299999635666609,12.11999972909689,0.03717651511630174,1.22543822994581,1.2626147450621117,1.065940960927238,0.005493633158953499,8.0
2026-09-22 07:00:00,-0.09097295,-0.11417003695278942,1.6299999635666609,12.11999972909689,0.03717651511630174,1.22543822994581,1.2626147450621117,1.0574717555646331,0.005493633158953499,8.0
2026-09-22 07:10:00,-0.09097295,-0.12128880087882701,1.6299999635666609,12.11999972909689,0.03717651511630174,1.22543822994581,1.2626147450621117,1.0503529916385954,0.005493633158953499,8.0
2026-09-22 07:20:00,-0.09097295,-0.12698982122031316,1.6299999635666609,12.11999972909689,0.03717651511630174,1.22543822994581,1.2626147450621117,1.0446519712971094,0.005493633158953499,8.0
2026-09-22 07:30:00,-0.09097295,-0.13122262117190278,1.6299999635666609,12.11999972909689,0.03717651511630174,1.22543822994581,1.2626147450621117,1.0404191713455198,0.005493633158953499,8.0
2026-09-22 07:40:00,-0.09097295,-0.1339541101584109,1.6299999635666609,12.11999972909689,0.03717651511630174,1.22543822994581,1.2626147450621117,1.0376876823590115,0.005493633158953499,8.0
2026-09-22 07:50:00,-0.09097295,-0.13516851077383454,1.6299999635666609,12.11999972909689,0.03717651511630174,1.22543822994581,1.2626147450621117,1.036473281743588,0.005493633158953499,8.0
2026-09-22 08:00:00,-0.09097295,-0.134866703755277,1.6299999635666609,12.11999972909689,0.03717651511630174,1.22543822994581,1.2626147450621117,1.0367750887621454,0.005493633158953499,8.0
2026-09-22 08:10:00,-0.09097295,-0.13306509230876545,1.6299999635666609,12.11999972909689,0.03717651511630174,1.22543822994581,1.2626147450621117,1.038576700208657,0.005493633158953499,8.0
2026-09-22 08:20:00,-0.09097295,-0.12979412476264476,1.6299999635666609,12.11999972909689,0.03717651511630174,1.22543822994581,1.2626147450621117,1.0418476677547777,0.005493633158953499,8.0
2026-09-22 08:30:00,-0.09097295,-0.12509663656736453,1.6299999635666609,12.11999972909689,0.03717651511630174,1.22543822994581,1.2626147450621117,1.046545155950058,0.005493633158953499,8.0
2026-09-22 08:40:00,-0.09097295,-0.11902617692199194,1.6299999635666609,12.11999972909689,0.03717651511630174,1.22543822994581,1.2626147450621117,1.0526156155954305,0.005493633158953499,8.0
2026-09-22 08:50:00,-0.09097295,-0.11164547174753142,1.6299999635666609,12.11999972909689,0.03717651511630174,1.22543822994581,1.2626147450621117,1.059996320769891,0.005493633158953499,8.0
2026-09-22 09:00:00,-0.09097295,-0.10302514491233496,1.6199999637901783,12.11999972909689,0.03706230128228237,1.221673433859943,1.2587357351422255,1.0647376376852014,0.005493633158953499,8.0
2026-09-22 09:10:00,-0.09097295,-0.0932427774792737,1.6199999637901783,12.11999972909689,0.03706230128228237,1.221673433859943,1.2587357351422255,1.0745200051182626,0.005493633158953499,8.0
2026-09-22 09:20:00,-0.09097295,-0.08238233480458693,1.6199999637901783,12.11999972909689,0.03706230128228237,1.221673433859943,1.2587357351422255,1.0853804477929494,0.005493633158953499,8.0
2026-09-22 09:30:00,-0.09097295,-0.07053393975956992,1.6199999637901783,12.11999972909689,0.03706230128228237,1.221673433859943,1.2587357351422255,1.0972288428379664,0.005493633158953499,8.0
2026-09-22 09:40:00,-0.09097295,-0.057793922653418164,1.6199999637901783,12.11999972909689,0.03706230128228237,1.221673433859943,1.2587357351422255,1.1099688599441182,0.005493633158953499,8.0
2026-09-22 09:50:00,-0.09097295,-0.044265040326957605,1.6199999637901783,12.11999972909689,0.03706230128228237,1.221673433859943,1.2587357351422255,1.1234977422705787,0.005493633158953499,8.0
2026-09-22 10:00:00,-0.09097295,-0.03005673243779216,1.6199999637901783,12.11999972909689,0.03706230128228237,1.221673433859943,1.2587357351422255,1.137706050159744,0.005493633158953499,8.0
2026-09-22 10:10:00,-0.09097295,-0.015285274897846517,1.6199999637901783,12.11999972909689,0.03706230128228237,1.221673433859943,1.2587357351422255,1.1524775076996898,0.005493633158953499,8.0
2026-09-22 10:20:00,-0.09097295,-7.369968697964635e-05,1.6199999637901783,12.11999972909689,0.03706230128228237,1.221673433859943,1.2587357351422255,1.1676890829105566,0.005493633158953499,8.0
2026-09-22 10:30:00,-0.09097295,0.015448624572055328,1.6199999637901783,12.11999972909689,0.03706230128228237,1.221673433859943,1.2587357351422255,1.1832114071695916,0.005493633158953499,8.0
2026-09-22 10:40:00,-0.09097295,0.031146818440290432,1.6199999637901783,12.11999972909689,0.03706230128228237,1.221673433859943,1.2587357351422255,1.1989096010378266,0.005493633158953499,8.0
2026-09-22 10:50:00,-0.09097295,0.04688174418322866,1.6199999637901783,12.11999972909689,0.03706230128228237,1.221673433859943,1.2587357351422255,1.214644526780765,0.005493633158953499,8.0
2026-09-22 11:00:00,-0.09097295,0.0625116550562262,1.6199999637901783,12.11999972909689,0.03706230128228237,1.221673433859943,1.2587357351422255,1.2302744376537624,0.005493633158953499,8.0
2026-09-22 11:10:00,-0.09097295,0.07789416391531587,1.6199999637901783,12.11999972909689,0.03706230128228237,1.221673433859943,1.2587357351422255,1.2456569465128522,0.005493633158953499,8.0
2026-09-22 11:20:00,-0.09097295,0.0928884142096317,1.6199999637901783,12.11999972909689,0.03706230128228237,1.221673433859943,1.2587357351422255,1.260651196807168,0.005493633158953499,8.0
2026-09-22 11:30:00,-0.09097295,0.10735730957495783,1.6199999637901783,12.11999972909689,0.03706230128228237,1.221673433859943,1.2587357351422255,1.2751200921724941,0.005493633158953499,8.0
2026-09-22 11:40:00,-0.09097295,0.12116964716528082,1.6199999637901783,12.11999972909689,0.03706230128228237,1.221673433859943,1.2587357351422255,1.288932429762817,0.005493633158953499,8.0
2026-09-22 11:50:00,-0.09097295,0.13420200581575556,1.6199999637901783,12.11999972909689,0.03706230128228237,1.221673433859943,1.2587357351422255,1.3019647884132919,0.005493633158953499,8.0
2026-09-22 12:00:00,-0.09097295,0.14634026259502386,1.5899999644607306,12.109999729320407,0.036687233205096884,1.2093101782084252,1.2459974114135222,1.3013647214638568,0.005493633158953499,8.0
2026-09-22 12:10:00,-0.09097295,0.15748064768965372,1.5899999644607306,12.109999729320407,0.036687233205096884,1.2093101782084252,1.2459974114135222,1.3125051065584867,0.005493633158953499,8.0
2026-09-22 12:20:00,-0.09097295,0.1675302939112508,1.5899999644607306,12.109999729320407,0.036687233205096884,1.2093101782084252,1.2459974114135222,1.3225547527800838,0.005493633158953499,8.0
2026-09-22 12:30:00,-0.09097295,0.17640728814698978,1.5899999644607306,12.109999729320407,0.036687233205096884,1.2093101782084252,1.2459974114135222,1.3314317470158228,0.005493633158953499,8.0
2026-09-22 12:40:00,-0.09097295,0.18404028212863843,1.5899999644607306,12.109999729320407,0.036687233205096884,1.2093101782084252,1.2459974114135222,1.3390647409974714,0.005493633158953499,8.0
2026-09-22 12:50:00,-0.09097295,0.190367763332989,1.5899999644607306,12.109999729320407,0.036687233205096884,1.2093101782084252,1.2459974114135222,1.345392222201822,0.005493633158953499,8.0
2026-09-22 13:00:00,-0.09097295,0.19533711881220245,1.5899999644607306,12.109999729320407,0.036687233205096884,1.2093101782084252,1.2459974114135222,1.3503615776810354,0.005493633158953499,8.0
2026-09-22 13:10:00,-0.09097295,0.19890364170071595,1.5899999644607306,12.109999729320407,0.036687233205096884,1.2093101782084252,1.2459974114135222,1.353928100569549,0.005493633158953499,8.0
2026-09-22 13:20:00,-0.09097295,0.20102963023990675,1.5899999644607306,12.109999729320407,0.036687233205096884,1.2093101782084252,1.2459974114135222,1.3560540891087398,0.005493633158953499,8.0
2026-09-22 13:30:00,-0.09097295,0.2016837123897226,1.5899999644607306,12.109999729320407,0.036687233205096884,1.2093101782084252,1.2459974114135222,1.3567081712585556,0.005493633158953499,8.0
2026-09-22 13:40:00,-0.09097295,0.20084049749265415,1.5899999644607306,12.109999729320407,0.036687233205096884,1.2093101782084252,1.2459974114135222,1.355864956361487,0.005493633158953499,8.0
2026-09-22 13:50:00,-0.09097295,0.19848061354106847,1.5899999644607306,12.109999729320407,0.036687233205096884,1.2093101782084252,1.2459974114135222,1.3535050724099014,0.005493633158953499,8.0
2026-09-22 14:00:00,-0.09097295,0.19459113940092698,1.5899999644607306,12.109999729320407,0.036687233205096884,1.2093101782084252,1.2459974114135222,1.34961559826976,0.005493633158953499,8.0
2026-09-22 14:10:00,-0.09097295,0.18916639131434765,1.5899999644607306,12.109999729320407,0.036687233205096884,1.2093101782084252,1.2459974114135222,1.3441908501831805,0.005493633158953499,8.0
2026-09-22 14:20:00,-0.09097295,0.18220897796162652,1.5899999644607306,12.109999729320407,0.036687233205096884,1.2093101782084252,1.2459974114135222,1.3372334368304595,0.005493633158953499,8.0
2026-09-22 14:30:00,-0.09097295,0.17373100332196345,1.5899999644607306,12.109999729320407,0.036687233205096884,1.2093101782084252,1.2459974114135222,1.3287554621907964,0.005493633158953499,8.0
2026-09-22 14:40:00,-0.09097295,0.1637552754812902,1.5899999644607306,12.109999729320407,0.036687233205096884,1.2093101782084252,1.2459974114135222,1.318779734350123,0.005493633158953499,8.0
2026-09-22 14:50:00,-0.09097295,0.15231637486959237,1.5899999644607306,12.109999729320407,0.036687233205096884,1.2093101782084252,1.2459974114135222,1.3073408337384254,0.005493633158953499,8.0
2026-09-22 15:00:00,-0.09097295,0.139461447430862,1.5699999649077654,12.019999731332064,0.03618483102574849,1.1927496470382606,1.228934478064009,1.2774229729501818,0.005493633158953499,8.0
2026-09-22 15:10:00,-0.09097295,0.1252506158241026,1.5699999649077654,12.019999731332064,0.03618483102574849,1.1927496470382606,1.228934478064009,1.2632121413434225,0.005493633158953499,8.0
2026-09-22 15:20:00,-0.09097295,0.10975694135330151,1.5699999649077654,12.019999731332064,0.03618483102574849,1.1927496470382606,1.228934478064009,1.2477184668726213,0.005493633158953499,8.0
2026-09-22 15:30:00,-0.09097295,0.09306591673260921,1.5699999649077654,12.019999731332064,0.03618483102574849,1.1927496470382606,1.228934478064009,1.231027442251929,0.005493633158953499,8.0
2026-09-22 15:40:00,-0.09097295,0.0752745192040419,1.5699999649077654,12.019999731332064,0.03618483102574849,1.1927496470382606,1.228934478064009,1.2132360447233617,0.005493633158953499,8.0
2026-09-22 15:50:00,-0.09097295,0.05648989950537499,1.5699999649077654,12.019999731332064,0.03618483102574849,1.1927496470382606,1.228934478064009,1.194451425024695,0.005493633158953499,8.0
2026-09-22 16:00:00,-0.09097295,0.036827819257129274,1.5699999649077654,12.019999731332064,0.03618483102574849,1.1927496470382606,1.228934478064009,1.174789344776449,0.005493633158953499,8.0
2026-09-22 16:10:00,-0.09097295,0.016410973231025954,1.5699999649077654,12.019999731332064,0.03618483102574849,1.1927496470382606,1.228934478064009,1.1543724987503459,0.005493633158953499,8.0
2026-09-22 16:20:00,-0.09097295,-0.004632659017513459,1.5699999649077654,12.019999731332064,0.03618483102574849,1.1927496470382606,1.228934478064009,1.1333288665018064,0.005493633158953499,8.0
2026-09-22 16:30:00,-0.09097295,-0.026171296698789273,1.5699999649077654,12.019999731332064,0.03618483102574849,1.1927496470382606,1.228934478064009,1.1117902288205306,0.005493633158953499,8.0
2026-09-22 16:40:00,-0.09097295,-0.0480705659250312,1.5699999649077654,12.019999731332064,0.03618483102574849,1.1927496470382606,1.228934478064009,1.0898909595942887,0.005493633158953499,8.0
2026-09-22 16:50:00,-0.09097295,-0.07019435998632508,1.5699999649077654,12.019999731332064,0.03618483102574849,1.1927496470382606,1.228934478064009,1.0677671655329948,0.005493633158953499,8.0
2026-09-22 17:00:00,-0.09097295,-0.0924053261440766,1.5699999649077654,12.019999731332064,0.03618483102574849,1.1927496470382606,1.228934478064009,1.0455561993752434,0.005493633158953499,8.0
2026-09-22 17:10:00,-0.09097295,-0.114565003701914,1.5699999649077654,12.019999731332064,0.03618483102574849,1.1927496470382606,1.228934478064009,1.023396521817406,0.005493633158953499,8.0
2026-09-22 17:20:00,-0.09097295,-0.1365336860052407,1.5699999649077654,12.019999731332064,0.03618483102574849,1.1927496470382606,1.228934478064009,1.0014278395140792,0.005493633158953499,8.0
2026-09-22 17:30:00,-0.09097295,-0.1581701189963662,1.5699999649077654,12.019999731332064,0.03618483102574849,1.1927496470382606,1.228934478064009,0.9797914065229536,0.005493633158953499,8.0
2026-09-22 17:40:00,-0.09097295,-0.1793311761707243,1.5699999649077654,12.019999731332064,0.03618483102574849,1.1927496470382606,1.228934478064009,0.9586303493485955,0.005493633158953499,8.0
2026-09-22 17:50:00,-0.09097295,-0.19987166093544279,1.5699999649077654,12.019999731332064,0.03618483102574849,1.1927496470382606,1.228934478064009,0.9380898645838771,0.005493633158953499,8.0
2026-09-22 18:00:00,-0.09097295,-0.21964438093943162,1.5599999651312828,11.979999732226133,0.03594937731325035,1.184988457486866,1.2209378348001165,0.9103205013159957,0.005493633158953499,8.0
2026-09-22 18:10:00,-0.09097295,-0.23850061525766159,1.5599999651312828,11.979999732226133,0.03594937731325035,1.184988457486866,1.2209378348001165,0.8914642669977657,0.005493633158953499,8.0
2026-09-22 18:20:00,-0.09097295,-0.2562910568554559,1.5599999651312828,11.979999732226133,0.03594937731325035,1.184988457486866,1.2209378348001165,0.8736738253999714,0.005493633158953499,8.0
2026-09-22 18:30:00,-0.09097295,-0.27286726343087075,1.5599999651312828,11.979999732226133,0.03594937731325035,1.184988457486866,1.2209378348001165,0.8570976188245566,0.005493633158953499,8.0
2026-09-22 18:40:00,-0.09097295,-0.2880835949647955,1.5599999651312828,11.979999732226133,0.03594937731325035,1.184988457486866,1.2209378348001165,0.8418812872906318,0.005493633158953499,8.0
2026-09-22 18:50:00,-0.09097295,-0.3017995619297444,1.5599999651312828,11.979999732226133,0.03594937731325035,1.184988457486866,1.2209378348001165,0.8281653203256829,0.005493633158953499,8.0
2026-09-22 19:00:00,-0.09097295,-0.3138824601513901,1.5599999651312828,11.979999732226133,0.03594937731325035,1.184988457486866,1.2209378348001165,0.8160824221040373,0.005493633158953499,8.0
2026-09-22 19:10:00,-0.09097295,-0.3242101320419573,1.5599999651312828,11.979999732226133,0.03594937731325035,1.184988457486866,1.2209378348001165,0.8057547502134701,0.005493633158953499,8.0
2026-09-22 19:20:00,-0.09097295,-0.33267367336974424,1.5599999651312828,11.979999732226133,0.03594937731325035,1.184988457486866,1.2209378348001165,0.7972912088856832,0.005493633158953499,8.0
2026-09-22 19:30:00,-0.09097295,-0.33917990225679634,1.5599999651312828,11.979999732226133,0.03594937731325035,1.184988457486866,1.2209378348001165,0.7907849799986311,0.005493633158953499,8.0
2026-09-22 19:40:00,-0.09097295,-0.3436534230710605,1.5599999651312828,11.979999732226133,0.03594937731325035,1.184988457486866,1.2209378348001165,0.7863114591843668,0.005493633158953499,8.0
2026-09-22 19:50:00,-0.09097295,-0.3460381506640717,1.5599999651312828,11.979999732226133,0.03594937731325035,1.184988457486866,1.2209378348001165,0.7839267315913556,0.005493633158953499,8.0
2026-09-22 20:00:00,-0.09097295,-0.34629820656535387,1.5599999651312828,11.979999732226133,0.03594937731325035,1.184988457486866,1.2209378348001165,0.7836666756900734,0.005493633158953499,8.0
2026-09-22 20:10:00,-0.09097295,-0.34441815330862313,1.5599999651312828,11.979999732226133,0.03594937731325035,1.184988457486866,1.2209378348001165,0.7855467289468042,0.005493633158953499,8.0
2026-09-22 20:20:00,-0.09097295,-0.34040259029565706,1.5599999651312828,11.979999732226133,0.03594937731325035,1.184988457486866,1.2209378348001165,0.7895622919597702,0.005493633158953499,8.0
2026-09-22 20:30:00,-0.09097295,-0.33427518833759484,1.5599999651312828,11.979999732226133,0.03594937731325035,1.184988457486866,1.2209378348001165,0.7956896939178325,0.005493633158953499,8.0
2026-09-22 20:40:00,-0.09097295,-0.3260772846067856,1.5599999651312828,11.979999732226133,0.03594937731325035,1.184988457486866,1.2209378348001165,0.8038875976486417,0.005493633158953499,8.0
2026-09-22 20:50:00,-0.09097295,-0.315866190584195,1.5599999651312828,11.979999732226133,0.03594937731325035,1.184988457486866,1.2209378348001165,0.8140986916712323,0.005493633158953499,8.0
2026-09-22 21:00:00,-0.09097295,-0.30371337949298766,1.5399999655783176,11.879999734461308,0.03542004071816908,1.1675400953127182,1.2029601360308873,0.8082738039932105,0.005493633158953499,8.0
2026-09-22 21:10:00,-0.09097295,-0.2897027155905297,1.5399999655783176,11.879999734461308,0.03542004071816908,1.1675400953127182,1.2029601360308873,0.8222844678956684,0.005493633158953499,8.0
2026-09-22 21:20:00,-0.09097295,-0.27392886617221235,1.5399999655783176,11.879999734461308,0.03542004071816908,1.1675400953127182,1.2029601360308873,0.8380583173139857,0.005493633158953499,8.0
2026-09-22 21:30:00,-0.09097295,-0.25649600108803855,1.5399999655783176,11.879999734461308,0.03542004071816908,1.1675400953127182,1.2029601360308873,0.8554911823981595,0.005493633158953499,8.0
2026-09-22 21:40:00,-0.09097295,-0.23751683809549853,1.5399999655783176,11.879999734461308,0.03542004071816908,1.1675400953127182,1.2029601360308873,0.8744703453906996,0.005493633158953499,8.0
2026-09-22 21:50:00,-0.09097295,-0.21711204103407866,1.5399999655783176,11.879999734461308,0.03542004071816908,1.1675400953127182,1.2029601360308873,0.8948751424521194,0.005493633158953499,8.0
2026-09-22 22:00:00,-0.09097295,-0.19540992739882554,1.5399999655783176,11.879999734461308,0.03542004071816908,1.1675400953127182,1.2029601360308873,0.9165772560873725,0.005493633158953499,8.0
2026-09-22 22:10:00,-0.09097295,-0.17254639816280082,1.5399999655783176,11.879999734461308,0.03542004071816908,1.1675400953127182,1.2029601360308873,0.9394407853233973,0.005493633158953499,8.0
2026-09-22 22:20:00,-0.09097295,-0.14866497065892229,1.5399999655783176,11.879999734461308,0.03542004071816908,1.1675400953127182,1.2029601360308873,0.9633222128272758,0.005493633158953499,8.0
2026-09-22 22:30:00,-0.09097295,-0.12391677841658233,1.5399999655783176,11.879999734461308,0.03542004071816908,1.1675400953127182,1.2029601360308873,0.9880704050696157,0.005493633158953499,8.0
2026-09-22 22:40:00,-0.09097295,-0.0984604020138398,1.5399999655783176,11.879999734461308,0.03542004071816908,1.1675400953127182,1.2029601360308873,1.0135267814723583,0.005493633158953499,8.0
2026-09-22 22:50:00,-0.09097295,-0.07246141204421938,1.5399999655783176,11.879999734461308,0.03542004071816908,1.1675400953127182,1.2029601360308873,1.0395257714419788,0.005493633158953499,8.0
2026-09-22 23:00:00,-0.09097295,-0.046091537148859114,1.5399999655783176,11.879999734461308,0.03542004071816908,1.1675400953127182,1.2029601360308873,1.065895646337339,0.005493633158953499,8.0
2026-09-22 23:10:00,-0.09097295,-0.01952741306672839,1.5399999655783176,11.879999734461308,0.03542004071816908,1.1675400953127182,1.2029601360308873,1.0924597704194696,0.005493633158953499,8.0
2026-09-22 23:20:00,-0.09097295,0.007051082279415164,1.5399999655783176,11.879999734461308,0.03542004071816908,1.1675400953127182,1.2029601360308873,1.1190382657656133,0.005493633158953499,8.0
2026-09-22 23:30:00,-0.09097295,0.033462853114227524,1.5399999655783176,11.879999734461308,0.03542004071816908,1.1675400953127182,1.2029601360308873,1.1454500366004257,0.005493633158953499,8.0
2026-09-22 23:40:00,-0.09097295,0.05952787081331124,1.5399999655783176,11.879999734461308,0.03542004071816908,1.1675400953127182,1.2029601360308873,1.1715150542995094,0.005493633158953499,8.0
2026-09-22 23:50:00,-0.09097295,0.08506958698252172,1.5399999655783176,11.879999734461308,0.03542004071816908,1.1675400953127182,1.2029601360308873,1.1970567704687198,0.005493633158953499,8.0
2026-09-23 00:00:00,-0.08816734,0.10991732254013875,1.5399999655783176,11.76999973692,0.03509207737818604,1.1567295388746375,1.1918216162528235,1.2135715992295926,0.005493633158953499,8.0
2026-09-23 00:10:00,-0.08816734,0.13390847782431525,1.5399999655783176,11.76999973692,0.03509207737818604,1.1567295388746375,1.1918216162528235,1.2375627545137688,0.005493633158953499,8.0
2026-09-23 00:20:00,-0.08816734,0.1568904228761739,1.5399999655783176,11.76999973692,0.03509207737818604,1.1567295388746375,1.1918216162528235,1.2605446995656275,0.005493633158953499,8.0
2026-09-23 00:30:00,-0.08816734,0.17872195666243773,1.5399999655783176,11.76999973692,0.03509207737818604,1.1567295388746375,1.1918216162528235,1.2823762333518913,0.005493633158953499,8.0
2026-09-23 00:40:00,-0.08816734,0.19927426581259547,1.5399999655783176,11.76999973692,0.03509207737818604,1.1567295388746375,1.1918216162528235,1.3029285425020491,0.005493633158953499,8.0
2026-09-23 00:50:00,-0.08816734,0.21843136278180272,1.5399999655783176,11.76999973692,0.03509207737818604,1.1567295388746375,1.1918216162528235,1.3220856394712563,0.005493633158953499,8.0
2026-09-23 01:00:00,-0.08816734,0.23609003471305076,1.5399999655783176,11.76999973692,0.03509207737818604,1.1567295388746375,1.1918216162528235,1.3397443114025045,0.005493633158953499,8.0
2026-09-23 01:10:00,-0.08816734,0.2521593818830038,1.5399999655783176,11.76999973692,0.03509207737818604,1.1567295388746375,1.1918216162528235,1.3558136585724574,0.005493633158953499,8.0
2026-09-23 01:20:00,-0.08816734,0.2665600631781321,1.5399999655783176,11.76999973692,0.03509207737818604,1.1567295388746375,1.1918216162528235,1.370214339867586,0.005493633158953499,8.0
2026-09-23 01:30:00,-0.08816734,0.27922339123965323,1.5399999655783176,11.76999973692,0.03509207737818604,1.1567295388746375,1.1918216162528235,1.3828776679291068,0.005493633158953499,8.0
2026-09-23 01:40:00,-0.08816734,0.29009042897684767,1.5399999655783176,11.76999973692,0.03509207737818604,1.1567295388746375,1.1918216162528235,1.3937447056663013,0.005493633158953499,8.0
2026-09-23 01:50:00,-0.08816734,0.29911123109111243,1.5399999655783176,11.76999973692,0.03509207737818604,1.1567295388746375,1.1918216162528235,1.402765507780566,0.005493633158953499,8.0
2026-09-23 02:00:00,-0.08816734,0.30624435008361944,1.5399999655783176,11.76999973692,0.03509207737818604,1.1567295388746375,1.1918216162528235,1.409898626773073,0.005493633158953499,8.0
2026-09-23 02:10:00,-0.08816734,0.31145668868400905,1.5399999655783176,11.76999973692,0.03509207737818604,1.1567295388746375,1.1918216162528235,1.4151109653734628,0.005493633158953499,8.0
2026-09-23 02:20:00,-0.08816734,0.3147237340887475,1.5399999655783176,11.76999973692,0.03509207737818604,1.1567295388746375,1.1918216162528235,1.4183780107782011,0.005493633158953499,8.0
2026-09-23 02:30:00,-0.08816734,0.3160301591109257,1.5399999655783176,11.76999973692,0.03509207737818604,1.1567295388746375,1.1918216162528235,1.4196844358003795,0.005493633158953499,8.0
2026-09-23 02:40:00,-0.08816734,0.3153707270175381,1.5399999655783176,11.76999973692,0.03509207737818604,1.1567295388746375,1.1918216162528235,1.4190250037069918,0.005493633158953499,8.0
2026-09-23 02:50:00,-0.08816734,0.31275139604280416,1.5399999655783176,11.76999973692,0.03509207737818604,1.1567295388746375,1.1918216162528235,1.4164056727322578,0.005493633158953499,8.0
2026-09-23 03:00:00,-0.08816734,0.30819049079986605,1.529999965801835,11.65999973937869,0.03465105970941523,1.1421924067711406,1.1768434664805558,1.3968666177170521,0.005493633158953499,8.0
2026-09-23 03:10:00,-0.08816734,0.301719794450291,1.529999965801835,11.65999973937869,0.03465105970941523,1.1421924067711406,1.1768434664805558,1.390395921367477,0.005493633158953499,8.0
2026-09-23 03:20:00,-0.08816734,0.2933854189250037,1.529999965801835,11.65999973937869,0.03465105970941523,1.1421924067711406,1.1768434664805558,1.3820615458421899,0.005493633158953499,8.0
2026-09-23 03:30:00,-0.08816734,0.2832483303129878,1.529999965801835,11.65999973937869,0.03465105970941523,1.1421924067711406,1.1768434664805558,1.3719244572301739,0.005493633158953499,8.0
2026-09-23 03:40:00,-0.08816734,0.27138444045507554,1.529999965801835,11.65999973937869,0.03465105970941523,1.1421924067711406,1.1768434664805558,1.3600605673722617,0.005493633158953499,8.0
2026-09-23 03:50:00,-0.08816734,0.25788421988504245,1.529999965801835,11.65999973937869,0.03465105970941523,1.1421924067711406,1.1768434664805558,1.3465603468022285,0.005493633158953499,8.0
2026-09-23 04:00:00,-0.08816734,0.24285183646938968,1.529999965801835,11.65999973937869,0.03465105970941523,1.1421924067711406,1.1768434664805558,1.3315279633865758,0.005493633158953499,8.0
2026-09-23 04:10:00,-0.08816734,0.22640387271311027,1.529999965801835,11.65999973937869,0.03465105970941523,1.1421924067711406,1.1768434664805558,1.3150799996302964,0.005493633158953499,8.0
2026-09-23 04:20:00,-0.08816734,0.20866771721417135,1.529999965801835,11.65999973937869,0.03465105970941523,1.1421924067711406,1.1768434664805558,1.2973438441313574,0.005493633158953499,8.0
2026-09-23 04:30:00,-0.08816734,0.1897797571587471,1.529999965801835,11.65999973937869,0.03465105970941523,1.1421924067711406,1.1768434664805558,1.2784558840759332,0.005493633158953499,8.0
2026-09-23 04:40:00,-0.08816734,0.1698835154668259,1.529999965801835,11.65999973937869,0.03465105970941523,1.1421924067711406,1.1768434664805558,1.258559642384012,0.005493633158953499,8.0
2026-09-23 04:50:00,-0.08816734,0.14912787627057478,1.529999965801835,11.65999973937869,0.03465105970941523,1.1421924067711406,1.1768434664805558,1.2378040031877608,0.005493633158953499,8.0
2026-09-23 05:00:00,-0.08816734,0.12766552573191736,1.529999965801835,11.65999973937869,0.03465105970941523,1.1421924067711406,1.1768434664805558,1.2163416526491035,0.005493633158953499,8.0
2026-09-23 05:10:00,-0.08816734,0.10565170369473084,1.529999965801835,11.65999973937869,0.03465105970941523,1.1421924067711406,1.1768434664805558,1.194327830611917,0.005493633158953499,8.0
2026-09-23 05:20:00,-0.08816734,0.08324331890097353,1.529999965801835,11.65999973937869,0.03465105970941523,1.1421924067711406,1.1768434664805558,1.1719194458181597,0.005493633158953499,8.0
2026-09-23 05:30:00,-0.08816734,0.06059843136605239,1.529999965801835,11.65999973937869,0.03465105970941523,1.1421924067711406,1.1768434664805558,1.1492745582832384,0.005493633158953499,8.0
2026-09-23 05:40:00,-0.08816734,0.037876055649021044,1.529999965801835,11.65999973937869,0.03465105970941523,1.1421924067711406,1.1768434664805558,1.126552182566207,0.005493633158953499,8.0
2026-09-23 05:50:00,-0.08816734,0.01523619406122518,1.529999965801835,11.65999973937869,0.03465105970941523,1.1421924067711406,1.1768434664805558,1.1039123209784112,0.005493633158953499,8.0
2026-09-23 06:00:00,-0.08816734,-0.007160025559664942,1.4899999666959047,11.559999741613865,0.033901836366108634,1.1174959841832923,1.1513978205494009,1.0560704554263662,0.005493633158953499,8.0
2026-09-23 06:10:00,-0.08816734,-0.029150252746657643,1.4899999666959047,11.559999741613865,0.033901836366108634,1.1174959841832923,1.1513978205494009,1.0340802282393735,0.005493633158953499,8.0
2026-09-23 06:20:00,-0.08816734,-0.050571006083769875,1.4899999666959047,11.559999741613865,0.033901836366108634,1.1174959841832923,1.1513978205494009,1.0126594749022613,0.005493633158953499,8.0
2026-09-23 06:30:00,-0.08816734,-0.07125808704294737,1.4899999666959047,11.559999741613865,0.033901836366108634,1.1174959841832923,1.1513978205494009,0.9919723939430838,0.005493633158953499,8.0
2026-09-23 06:40:00,-0.08816734,-0.09104741828818395,1.4899999666959047,11.559999741613865,0.033901836366108634,1.1174959841832923,1.1513978205494009,0.9721830626978472,0.005493633158953499,8.0
2026-09-23 06:50:00,-0.08816734,-0.10977636467926828,1.4899999666959047,11.559999741613865,0.033901836366108634,1.1174959841832923,1.1513978205494009,0.9534541163067629,0.005493633158953499,8.0
2026-09-23 07:00:00,-0.08816734,-0.12728554272083228,1.4899999666959047,11.559999741613865,0.033901836366108634,1.1174959841832923,1.1513978205494009,0.9359449382651989,0.005493633158953499,8.0
2026-09-23 07:10:00,-0.08816734,-0.14342106904599555,1.4899999666959047,11.559999741613865,0.033901836366108634,1.1174959841832923,1.1513978205494009,0.9198094119400355,0.005493633158953499,8.0
2026-09-23 07:20:00,-0.08816734,-0.1580371467144953,1.4899999666959047,11.559999741613865,0.033901836366108634,1.1174959841832923,1.1513978205494009,0.9051933342715358,0.005493633158953499,8.0
2026-09-23 07:30:00,-0.08816734,-0.1709988453422862,1.4899999666959047,11.559999741613865,0.033901836366108634,1.1174959841832923,1.1513978205494009,0.892231635643745,0.005493633158953499,8.0
2026-09-23 07:40:00,-0.08816734,-0.18218490214546695,1.4899999666959047,11.559999741613865,0.033901836366108634,1.1174959841832923,1.1513978205494009,0.8810455788405642,0.005493633158953499,8.0
2026-09-23 07:50:00,-0.08816734,-0.1914903591396632,1.4899999666959047,11.559999741613865,0.033901836366108634,1.1174959841832923,1.1513978205494009,0.871740121846368,0.005493633158953499,8.0
2026-09-23 08:00:00,-0.08816734,-0.19882885839662245,1.4899999666959047,11.559999741613865,0.033901836366108634,1.1174959841832923,1.1513978205494009,0.8644016225894087,0.005493633158953499,8.0
2026-09-23 08:10:00,-0.08816734,-0.20413444186296506,1.4899999666959047,11.559999741613865,0.033901836366108634,1.1174959841832923,1.1513978205494009,0.8590960391230661,0.005493633158953499,8.0
2026-09-23 08:20:00,-0.08816734,-0.2073627421911823,1.4899999666959047,11.559999741613865,0.033901836366108634,1.1174959841832923,1.1513978205494009,0.8558677387948488,0.005493633158953499,8.0
2026-09-23 08:30:00,-0.08816734,-0.20849150217659343,1.4899999666959047,11.559999741613865,0.033901836366108634,1.1174959841832923,1.1513978205494009,0.8547389788094377,0.005493633158953499,8.0
2026-09-23 08:40:00,-0.08816734,-0.20752041721524392,1.4899999666959047,11.559999741613865,0.033901836366108634,1.1174959841832923,1.1513978205494009,0.8557100637707872,0.005493633158953499,8.0
2026-09-23 08:50:00,-0.08816734,-0.2044703517737956,1.4899999666959047,11.559999741613865,0.033901836366108634,1.1174959841832923,1.1513978205494009,0.8587601292122355,0.005493633158953499,8.0
2026-09-23 09:00:00,-0.08816734,-0.1993820310947472,1.459999967366457,11.429999744519591,0.033181415843787324,1.0937489802769753,1.1269303961207626,0.8393810254626457,0.005493633158953499,8.0
2026-09-23 09:10:00,-0.08816734,-0.19231434809898365,1.459999967366457,11.429999744519591,0.033181415843787324,1.0937489802769753,1.1269303961207626,0.8464487084584092,0.005493633158953499,8.0
2026-09-23 09:20:00,-0.08816734,-0.18334244866888047,1.459999967366457,11.429999744519591,0.033181415843787324,1.0937489802769753,1.1269303961207626,0.8554206078885124,0.005493633158953499,8.0
2026-09-23 09:30:00,-0.08816734,-0.17255576393582622,1.459999967366457,11.429999744519591,0.033181415843787324,1.0937489802769753,1.1269303961207626,0.8662072926215667,0.005493633158953499,8.0
2026-09-23 09:40:00,-0.08816734,-0.16005614570662755,1.459999967366457,11.429999744519591,0.033181415843787324,1.0937489802769753,1.1269303961207626,0.8787069108507654,0.005493633158953499,8.0
2026-09-23 09:50:00,-0.08816734,-0.1459562322831662,1.459999967366457,11.429999744519591,0.033181415843787324,1.0937489802769753,1.1269303961207626,0.8928068242742266,0.005493633158953499,8.0
2026-09-23 10:00:00,-0.08816734,-0.13037813035219556,1.459999967366457,11.429999744519591,0.033181415843787324,1.0937489802769753,1.1269303961207626,0.9083849262051973,0.005493633158953499,8.0
2026-09-23 10:10:00,-0.08816734,-0.11345244908092049,1.459999967366457,11.429999744519591,0.033181415843787324,1.0937489802769753,1.1269303961207626,0.9253106074764723,0.005493633158953499,8.0
2026-09-23 10:20:00,-0.08816734,-0.09531767088466575,1.459999967366457,11.429999744519591,0.033181415843787324,1.0937489802769753,1.1269303961207626,0.9434453856727272,0.005493633158953499,8.0
2026-09-23 10:30:00,-0.08816734,-0.07611979533920071,1.459999967366457,11.429999744519591,0.033181415843787324,1.0937489802769753,1.1269303961207626,0.9626432612181921,0.005493633158953499,8.0
2026-09-23 10:40:00,-0.08816734,-0.056012153925317776,1.459999967366457,11.429999744519591,0.033181415843787324,1.0937489802769753,1.1269303961207626,0.9827509026320751,0.005493633158953499,8.0
2026-09-23 10:50:00,-0.08816734,-0.03515526799840489,1.459999967366457,11.429999744519591,0.033181415843787324,1.0937489802769753,1.1269303961207626,1.003607788558988,0.005493633158953499,8.0
2026-09-23 11:00:00,-0.08816734,-0.013716613319722072,1.459999967366457,11.429999744519591,0.033181415843787324,1.0937489802769753,1.1269303961207626,1.0250464432376707,0.005493633158953499,8.0
2026-09-23 11:10:00,-0.08816734,0.008129837284838024,1.459999967366457,11.429999744519591,0.033181415843787324,1.0937489802769753,1.1269303961207626,1.0468928938422308,0.005493633158953499,8.0
2026-09-23 11:20:00,-0.08816734,0.03020439732278785,1.459999967366457,11.429999744519591,0.033181415843787324,1.0937489802769753,1.1269303961207626,1.0689674538801808,0.005493633158953499,8.0
2026-09-23 11:30:00,-0.08816734,0.05232284267161088,1.459999967366457,11.429999744519591,0.033181415843787324,1.0937489802769753,1.1269303961207626,1.0910858992290038,0.005493633158953499,8.0
2026-09-23 11:40:00,-0.08816734,0.07429800049527893,1.459999967366457,11.429999744519591,0.033181415843787324,1.0937489802769753,1.1269303961207626,1.1130610570526718,0.005493633158953499,8.0
2026-09-23 11:50:00,-0.08816734,0.09594172138973482,1.459999967366457,11.429999744519591,0.033181415843787324,1.0937489802769753,1.1269303961207626,1.1347047779471278,0.005493633158953499,8.0
2026-09-23 12:00:00,-0.08816734,0.11706715763091781,1.4199999682605267,11.299999747425318,0.032351533438183,1.06639381740048,1.0987453508386629,1.127645168906211,0.005493633158953499,8.0
2026-09-23 12:10:00,-0.08816734,0.13749123068166086,1.4199999682605267,11.299999747425318,0.032351533438183,1.06639381740048,1.0987453508386629,1.148069241956954,0.005493633158953499,8.0
2026-09-23 12:20:00,-0.08816734,0.15703714386225245,1.4199999682605267,11.299999747425318,0.032351533438183,1.06639381740048,1.0987453508386629,1.1676151551375455,0.005493633158953499,8.0
2026-09-23 12:30:00,-0.08816734,0.1755367844680829,1.4199999682605267,11.299999747425318,0.032351533438183,1.06639381740048,1.0987453508386629,1.186114795743376,0.005493633158953499,8.0
2026-09-23 12:40:00,-0.08816734,0.19283286499010077,1.4199999682605267,11.299999747425318,0.032351533438183,1.06639381740048,1.0987453508386629,1.203410876265394,0.005493633158953499,8.0
2026-09-23 12:50:00,-0.08816734,0.2087806750021217,1.4199999682605267,11.299999747425318,0.032351533438183,1.06639381740048,1.0987453508386629,1.2193586862774148,0.005493633158953499,8.0
2026-09-23 13:00:00,-0.08816734,0.2232493512646642,1.4199999682605267,11.299999747425318,0.032351533438183,1.06639381740048,1.0987453508386629,1.2338273625399574,0.005493633158953499,8.0
2026-09-23 13:10:00,-0.08816734,0.2361226196922635,1.4199999682605267,11.299999747425318,0.032351533438183,1.06639381740048,1.0987453508386629,1.2467006309675566,0.005493633158953499,8.0
2026-09-23 13:20:00,-0.08816734,0.24729901386803912,1.4199999682605267,11.299999747425318,0.032351533438183,1.06639381740048,1.0987453508386629,1.2578770251433322,0.005493633158953499,8.0
2026-09-23 13:30:00,-0.08816734,0.2566916250762281,1.4199999682605267,11.299999747425318,0.032351533438183,1.06639381740048,1.0987453508386629,1.2672696363515212,0.005493633158953499,8.0
2026-09-23 13:40:00,-0.08816734,0.2642274827210463,1.4199999682605267,11.299999747425318,0.032351533438183,1.06639381740048,1.0987453508386629,1.2748054939963394,0.005493633158953499,8.0
2026-09-23 13:50:00,-0.08816734,0.26984669662477273,1.4199999682605267,11.299999747425318,0.032351533438183,1.06639381740048,1.0987453508386629,1.280424707900066,0.005493633158953499,8.0
2026-09-23 14:00:00,-0.08816734,0.27350151039314724,1.4199999682605267,11.299999747425318,0.032351533438183,1.06639381740048,1.0987453508386629,1.2840795216684404,0.005493633158953499,8.0
2026-09-23 14:10:00,-0.08816734,0.27515541591635656,1.4199999682605267,11.299999747425318,0.032351533438183,1.06639381740048,1.0987453508386629,1.2857334271916496,0.005493633158953499,8.0
2026-09-23 14:20:00,-0.08816734,0.2747824630252848,1.4199999682605267,11.299999747425318,0.032351533438183,1.06639381740048,1.0987453508386629,1.285360474300578,0.005493633158953499,8.0
2026-09-23 14:30:00,-0.08816734,0.2723668673194132,1.4199999682605267,11.299999747425318,0.032351533438183,1.06639381740048,1.0987453508386629,1.2829448785947064,0.005493633158953499,8.0
2026-09-23 14:40:00,-0.08816734,0.26790297666769725,1.4199999682605267,11.299999747425318,0.032351533438183,1.06639381740048,1.0987453508386629,1.2784809879429904,0.005493633158953499,8.0
2026-09-23 14:50:00,-0.08816734,0.2613956078465758,1.4199999682605267,11.299999747425318,0.032351533438183,1.06639381740048,1.0987453508386629,1.271973619121869,0.005493633158953499,8.0
2026-09-23 15:00:00,-0.08816734,0.2528607146681024,1.3799999691545963,11.179999750107527,0.03155394046599759,1.0401030013572214,1.0716569418232191,1.2363503169279517,0.005493633158953499,8.0
2026-09-23 15:10:00,-0.08816734,0.2423263035876593,1.3799999691545963,11.179999750107527,0.03155394046599759,1.0401030013572214,1.0716569418232191,1.2258159058475087,0.005493633158953499,8.0
2026-09-23 15:20:00,-0.08816734,0.22983347722441452,1.3799999691545963,11.179999750107527,0.03155394046599759,1.0401030013572214,1.0716569418232191,1.213323079484264,0.005493633158953499,8.0
2026-09-23 15:30:00,-0.08816734,0.21543746453535353,1.3799999691545963,11.179999750107527,0.03155394046599759,1.0401030013572214,1.0716569418232191,1.198927066795203,0.005493633158953499,8.0
2026-09-23 15:40:00,-0.08816734,0.19920849102702737,1.3799999691545963,11.179999750107527,0.03155394046599759,1.0401030013572214,1.0716569418232191,1.1826980932868767,0.005493633158953499,8.0
2026-09-23 15:50:00,-0.08816734,0.1812323538478973,1.3799999691545963,11.179999750107527,0.03155394046599759,1.0401030013572214,1.0716569418232191,1.1647219561077466,0.005493633158953499,8.0
2026-09-23 16:00:00,-0.08816734,0.1616105937035182,1.3799999691545963,11.179999750107527,0.03155394046599759,1.0401030013572214,1.0716569418232191,1.1451001959633675,0.005493633158953499,8.0
2026-09-23 16:10:00,-0.08816734,0.1404601949378083,1.3799999691545963,11.179999750107527,0.03155394046599759,1.0401030013572214,1.0716569418232191,1.1239497971976578,0.005493633158953499,8.0
2026-09-23 16:20:00,-0.08816734,0.11791279254633824,1.3799999691545963,11.179999750107527,0.03155394046599759,1.0401030013572214,1.0716569418232191,1.1014023948061875,0.005493633158953499,8.0
2026-09-23 16:30:00,-0.08816734,0.09411341463985176,1.3799999691545963,11.179999750107527,0.03155394046599759,1.0401030013572214,1.0716569418232191,1.077603016899701,0.005493633158953499,8.0
2026-09-23 16:40:00,-0.08816734,0.06921883545970729,1.3799999691545963,11.179999750107527,0.03155394046599759,1.0401030013572214,1.0716569418232191,1.0527084377195566,0.005493633158953499,8.0
2026-09-23 16:50:00,-0.08816734,0.043395651994393686,1.3799999691545963,11.179999750107527,0.03155394046599759,1.0401030013572214,1.0716569418232191,1.026885254254243,0.005493633158953499,8.0
2026-09-23 17:00:00,-0.08816734,0.016818222155654258,1.3799999691545963,11.179999750107527,0.03155394046599759,1.0401030013572214,1.0716569418232191,1.0003078244155037,0.005493633158953499,8.0
2026-09-23 17:10:00,-0.08816734,-0.010333388351683948,1.3799999691545963,11.179999750107527,0.03155394046599759,1.0401030013572214,1.0716569418232191,0.9731562139081654,0.005493633158953499,8.0
2026-09-23 17:20:00,-0.08816734,-0.03787531128753716,1.3799999691545963,11.179999750107527,0.03155394046599759,1.0401030013572214,1.0716569418232191,0.9456142909723122,0.005493633158953499,8.0
2026-09-23 17:30:00,-0.08816734,-0.06562151786356642,1.3799999691545963,11.179999750107527,0.03155394046599759,1.0401030013572214,1.0716569418232191,0.917868084396283,0.005493633158953499,8.0
2026-09-23 17:40:00,-0.08816734,-0.09338511947346279,1.3799999691545963,11.179999750107527,0.03155394046599759,1.0401030013572214,1.0716569418232191,0.8901044827863867,0.005493633158953499,8.0
2026-09-23 17:50:00,-0.08816734,-0.12097929540403264,1.3799999691545963,11.179999750107527,0.03155394046599759,1.0401030013572214,1.0716569418232191,0.8625103068558168,0.005493633158953499,8.0
2026-09-23 18:00:00,-0.08816734,-0.1482178659348206,1.3499999698251486,11.109999751672149,0.031013672624853564,1.0222943158234377,1.0533079884482912,0.8169227829501009,0.005493633158953499,8.0
2026-09-23 18:10:00,-0.08816734,-0.17491557723683698,1.3499999698251486,11.109999751672149,0.031013672624853564,1.0222943158234377,1.0533079884482912,0.7902250716480845,0.005493633158953499,8.0
2026-09-23 18:20:00,-0.08816734,-0.20088820480201325,1.3499999698251486,11.109999751672149,0.031013672624853564,1.0222943158234377,1.0533079884482912,0.7642524440829082,0.005493633158953499,8.0
2026-09-23 18:30:00,-0.08816734,-0.22595261008015843,1.3499999698251486,11.109999751672149,0.031013672624853564,1.0222943158234377,1.0533079884482912,0.739188038804763,0.005493633158953499,8.0
2026-09-23 18:40:00,-0.08816734,-0.24992689693182868,1.3499999698251486,11.109999751672149,0.031013672624853564,1.0222943158234377,1.0533079884482912,0.7152137519530928,0.005493633158953499,8.0
2026-09-23 18:50:00,-0.08816734,-0.2726308090645672,1.3499999698251486,11.109999751672149,0.031013672624853564,1.0222943158234377,1.0533079884482912,0.6925098398203542,0.005493633158953499,8.0
2026-09-23 19:00:00,-0.08816734,-0.2938864868304884,1.3499999698251486,11.109999751672149,0.031013672624853564,1.0222943158234377,1.0533079884482912,0.671254162054433,0.005493633158953499,8.0
2026-09-23 19:10:00,-0.08816734,-0.3135196642115618,1.3499999698251486,11.109999751672149,0.031013672624853564,1.0222943158234377,1.0533079884482912,0.6516209846733596,0.005493633158953499,8.0
2026-09-23 19:20:00,-0.08816734,-0.3313613381687348,1.3499999698251486,11.109999751672149,0.031013672624853564,1.0222943158234377,1.0533079884482912,0.6337793107161867,0.005493633158953499,8.0
2026-09-23 19:30:00,-0.08816734,-0.34724988827355013,1.3499999698251486,11.109999751672149,0.031013672624853564,1.0222943158234377,1.0533079884482912,0.6178907606113713,0.005493633158953499,8.0
2026-09-23 19:40:00,-0.08816734,-0.36103357043652634,1.3499999698251486,11.109999751672149,0.031013672624853564,1.0222943158234377,1.0533079884482912,0.6041070784483951,0.005493633158953499,8.0
2026-09-23 19:50:00,-0.08816734,-0.3725732606419404,1.3499999698251486,11.109999751672149,0.031013672624853564,1.0222943158234377,1.0533079884482912,0.592567388242981,0.005493633158953499,8.0
2026-09-23 20:00:00,-0.08816734,-0.38174528819477,1.3499999698251486,11.109999751672149,0.031013672624853564,1.0222943158234377,1.0533079884482912,0.5833953606901514,0.005493633158953499,8.0
2026-09-23 20:10:00,-0.08816734,-0.3884441771831367,1.3499999698251486,11.109999751672149,0.031013672624853564,1.0222943158234377,1.0533079884482912,0.5766964717017848,0.005493633158953499,8.0
2026-09-23 20:20:00,-0.08816734,-0.39258511208479996,1.3499999698251486,11.109999751672149,0.031013672624853564,1.0222943158234377,1.0533079884482912,0.5725555368001215,0.005493633158953499,8.0
2026-09-23 20:30:00,-0.08816734,-0.3941059591771234,1.3499999698251486,11.109999751672149,0.031013672624853564,1.0222943158234377,1.0533079884482912,0.571034689707798,0.005493633158953499,8.0
2026-09-23 20:40:00,-0.08816734,-0.39296870803729206,1.3499999698251486,11.109999751672149,0.031013672624853564,1.0222943158234377,1.0533079884482912,0.5721719408476293,0.005493633158953499,8.0
2026-09-23 20:50:00,-0.08816734,-0.38916024364745094,1.3499999698251486,11.109999751672149,0.031013672624853564,1.0222943158234377,1.0533079884482912,0.5759804052374705,0.005493633158953499,8.0
2026-09-23 21:00:00,-0.08816734,-0.3826924144573164,1.3199999704957008,11.089999752119184,0.030611933893511977,1.0090519234610607,1.0396638573545727,0.5688041033338865,0.005493633158953499,8.0
2026-09-23 21:10:00,-0.08816734,-0.37360141950908465,1.3199999704957008,11.089999752119184,0.030611933893511977,1.0090519234610607,1.0396638573545727,0.5778950982821183,0.005493633158953499,8.0
2026-09-23 21:20:00,-0.08816734,-0.36194659224870473,1.3199999704957008,11.089999752119184,0.030611933893511977,1.0090519234610607,1.0396638573545727,0.5895499255424982,0.005493633158953499,8.0
2026-09-23 21:30:00,-0.08816734,-0.34780870418697524,1.3199999704957008,11.089999752119184,0.030611933893511977,1.0090519234610607,1.0396638573545727,0.6036878136042276,0.005493633158953499,8.0
2026-09-23 21:40:00,-0.08816734,-0.331287943529631,1.3199999704957008,11.089999752119184,0.030611933893511977,1.0090519234610607,1.0396638573545727,0.6202085742615719,0.005493633158953499,8.0
2026-09-23 21:50:00,-0.08816734,-0.31250173889950394,1.3199999704957008,11.089999752119184,0.030611933893511977,1.0090519234610607,1.0396638573545727,0.638994778891699,0.005493633158953499,8.0
2026-09-23 22:00:00,-0.08816734,-0.2915825952787573,1.3199999704957008,11.089999752119184,0.030611933893511977,1.0090519234610607,1.0396638573545727,0.6599139225124456,0.005493633158953499,8.0
2026-09-23 22:10:00,-0.08816734,-0.26867608861272957,1.3199999704957008,11.089999752119184,0.030611933893511977,1.0090519234610607,1.0396638573545727,0.6828204291784734,0.005493633158953499,8.0
2026-09-23 22:20:00,-0.08816734,-0.2439391302349198,1.3199999704957008,11.089999752119184,0.030611933893511977,1.0090519234610607,1.0396638573545727,0.7075573875562831,0.005493633158953499,8.0
2026-09-23 22:30:00,-0.08816734,-0.2175385660844237,1.3199999704957008,11.089999752119184,0.030611933893511977,1.0090519234610607,1.0396638573545727,0.7339579517067792,0.005493633158953499,8.0
2026-09-23 22:40:00,-0.08816734,-0.18965012443794785,1.3199999704957008,11.089999752119184,0.030611933893511977,1.0090519234610607,1.0396638573545727,0.7618463933532551,0.005493633158953499,8.0
2026-09-23 22:50:00,-0.08816734,-0.16045767514509926,1.3199999704957008,11.089999752119184,0.030611933893511977,1.0090519234610607,1.0396638573545727,0.7910388426461037,0.005493633158953499,8.0
2026-09-23 23:00:00,-0.08816734,-0.13015271899926747,1.3199999704957008,11.089999752119184,0.030611933893511977,1.0090519234610607,1.0396638573545727,0.8213437987919354,0.005493633158953499,8.0
2026-09-23 23:10:00,-0.08816734,-0.09893399298585792,1.3199999704957008,11.089999752119184,0.030611933893511977,1.0090519234610607,1.0396638573545727,0.852562524805345,0.005493633158953499,8.0
2026-09-23 23:20:00,-0.08816734,-0.06700705914137241,1.3199999704957008,11.089999752119184,0.030611933893511977,1.0090519234610607,1.0396638573545727,0.8844894586498305,0.005493633158953499,8.0
2026-09-23 23:30:00,-0.08816734,-0.03458374387137389,1.3199999704957008,11.089999752119184,0.030611933893511977,1.0090519234610607,1.0396638573545727,0.9169127739198291,0.005493633158953499,8.0
2026-09-23 23:40:00,-0.08816734,-0.0018813104045085005,1.3199999704957008,11.089999752119184,0.030611933893511977,1.0090519234610607,1.0396638573545727,0.9496152073866944,0.005493633158953499,8.0
2026-09-23 23:50:00,-0.08816734,0.03087872193003853,1.3199999704957008,11.089999752119184,0.030611933893511977,1.0090519234610607,1.0396638573545727,0.9823752397212414,0.005493633158953499,8.0
2026-09-24 00:00:00,-0.10516534,0.06347215581545729,1.2799999713897705,11.03999975323677,0.03000863998213402,0.9891657286258726,1.0191743686080066,0.9774811844171124,0.005493633158953499,8.0
2026-09-24 00:10:00,-0.10516534,0.09567408702804951,1.2799999713897705,11.03999975323677,0.03000863998213402,0.9891657286258726,1.0191743686080066,1.0096831156297046,0.005493633158953499,8.0
2026-09-24 00:20:00,-0.10516534,0.1272612148056122,1.2799999713897705,11.03999975323677,0.03000863998213402,0.9891657286258726,1.0191743686080066,1.0412702434072674,0.005493633158953499,8.0
2026-09-24 00:30:00,-0.10516534,0.1580143935693412,1.2799999713897705,11.03999975323677,0.03000863998213402,0.9891657286258726,1.0191743686080066,1.0720234221709963,0.005493633158953499,8.0
2026-09-24 00:40:00,-0.10516534,0.18772129391673317,1.2799999713897705,11.03999975323677,0.03000863998213402,0.9891657286258726,1.0191743686080066,1.1017303225183883,0.005493633158953499,8.0
2026-09-24 00:50:00,-0.10516534,0.21617902087454435,1.2799999713897705,11.03999975323677,0.03000863998213402,0.9891657286258726,1.0191743686080066,1.1301880494761996,0.005493633158953499,8.0
2026-09-24 01:00:00,-0.10516534,0.24319653387999773,1.2799999713897705,11.03999975323677,0.03000863998213402,0.9891657286258726,1.0191743686080066,1.1572055624816528,0.005493633158953499,8.0
2026-09-24 01:10:00,-0.10516534,0.2685967265534694,1.2799999713897705,11.03999975323677,0.03000863998213402,0.9891657286258726,1.0191743686080066,1.1826057551551246,0.005493633158953499,8.0
2026-09-24 01:20:00,-0.10516534,0.29221805336632517,1.2799999713897705,11.03999975323677,0.03000863998213402,0.9891657286258726,1.0191743686080066,1.2062270819679803,0.005493633158953499,8.0
2026-09-24 01:30:00,-0.10516534,0.31391563178646065,1.2799999713897705,11.03999975323677,0.03000863998213402,0.9891657286258726,1.0191743686080066,1.2279246603881158,0.005493633158953499,8.0
2026-09-24 01:40:00,-0.10516534,0.3335617976402618,1.2799999713897705,11.03999975323677,0.03000863998213402,0.9891657286258726,1.0191743686080066,1.247570826241917,0.005493633158953499,8.0
2026-09-24 01:50:00,-0.10516534,0.35104614285872415,1.2799999713897705,11.03999975323677,0.03000863998213402,0.9891657286258726,1.0191743686080066,1.2650551714603793,0.005493633158953499,8.0
2026-09-24 02:00:00,-0.10516534,0.36627511268626917,1.2799999713897705,11.03999975323677,0.03000863998213402,0.9891657286258726,1.0191743686080066,1.2802841412879242,0.005493633158953499,8.0
2026-09-24 02:10:00,-0.10516534,0.379171278500608,1.2799999713897705,11.03999975323677,0.03000863998213402,0.9891657286258726,1.0191743686080066,1.2931803071022632,0.005493633158953499,8.0
2026-09-24 02:20:00,-0.10516534,0.38967242822100395,1.2799999713897705,11.03999975323677,0.03000863998213402,0.9891657286258726,1.0191743686080066,1.3036814568226591,0.005493633158953499,8.0
2026-09-24 02:30:00,-0.10516534,0.39773062610384585,1.2799999713897705,11.03999975323677,0.03000863998213402,0.9891657286258726,1.0191743686080066,1.311739654705501,0.005493633158953499,8.0
2026-09-24 02:40:00,-0.10516534,0.40331138634814767,1.2799999713897705,11.03999975323677,0.03000863998213402,0.9891657286258726,1.0191743686080066,1.3173204149498028,0.005493633158953499,8.0
2026-09-24 02:50:00,-0.10516534,0.4063930814601506,1.2799999713897705,11.03999975323677,0.03000863998213402,0.9891657286258726,1.0191743686080066,1.3204021100618057,0.005493633158953499,8.0
2026-09-24 03:00:00,-0.10516534,0.40696666922062863,1.2499999720603228,11.029999753460288,0.029628029881616412,0.9766197929345181,1.0062478228161345,1.3080491520304116,0.005493633158953499,8.0
2026-09-24 03:10:00,-0.10516534,0.4050357758585744,1.2499999720603228,11.029999753460288,0.029628029881616412,0.9766197929345181,1.0062478228161345,1.3061182586683575,0.005493633158953499,8.0
2026-09-24 03:20:00,-0.10516534,0.4006171227697666,1.2499999720603228,11.029999753460288,0.029628029881616412,0.9766197929345181,1.0062478228161345,1.3016996055795496,0.005493633158953499,8.0
2026-09-24 03:30:00,-0.10516534,0.3937412355878231,1.2499999720603228,11.029999753460288,0.029628029881616412,0.9766197929345181,1.0062478228161345,1.2948237183976061,0.005493633158953499,8.0
2026-09-24 03:40:00,-0.10516534,0.38445333324015885,1.2499999720603228,11.029999753460288,0.029628029881616412,0.9766197929345181,1.0062478228161345,1.2855358160499417,0.005493633158953499,8.0
2026-09-24 03:50:00,-0.10516534,0.3728142652547404,1.2499999720603228,11.029999753460288,0.029628029881616412,0.9766197929345181,1.0062478228161345,1.2738967480645234,0.005493633158953499,8.0
2026-09-24 04:00:00,-0.10516534,0.35890135169111675,1.2499999720603228,11.029999753460288,0.029628029881616412,0.9766197929345181,1.0062478228161345,1.2599838345008998,0.005493633158953499,8.0
2026-09-24 04:10:00,-0.10516534,0.34280898273911625,1.2499999720603228,11.029999753460288,0.029628029881616412,0.9766197929345181,1.0062478228161345,1.2438914655488993,0.005493633158953499,8.0
2026-09-24 04:20:00,-0.10516534,0.32464885453863773,1.2499999720603228,11.029999753460288,0.029628029881616412,0.9766197929345181,1.0062478228161345,1.2257313373484207,0.005493633158953499,8.0
2026-09-24 04:30:00,-0.10516534,0.30454975119357236,1.2499999720603228,11.029999753460288,0.029628029881616412,0.9766197929345181,1.0062478228161345,1.2056322340033554,0.005493633158953499,8.0
2026-09-24 04:40:00,-0.10516534,0.2826568271455855,1.2499999720603228,11.029999753460288,0.029628029881616412,0.9766197929345181,1.0062478228161345,1.1837393099553686,0.005493633158953499,8.0
2026-09-24 04:50:00,-0.10516534,0.2591303933962122,1.2499999720603228,11.029999753460288,0.029628029881616412,0.9766197929345181,1.0062478228161345,1.1602128762059951,0.005493633158953499,8.0
2026-09-24 05:00:00,-0.10516534,0.23414426022728435,1.2499999720603228,11.029999753460288,0.029628029881616412,0.9766197929345181,1.0062478228161345,1.1352267430370673,0.005493633158953499,8.0
2026-09-24 05:10:00,-0.10516534,0.2078837324064262,1.2499999720603228,11.029999753460288,0.029628029881616412,0.9766197929345181,1.0062478228161345,1.1089662152162092,0.005493633158953499,8.0
2026-09-24 05:20:00,-0.10516534,0.18054338514174312,1.2499999720603228,11.029999753460288,0.029628029881616412,0.9766197929345181,1.0062478228161345,1.081625867951526,0.005493633158953499,8.0
2026-09-24 05:30:00,-0.10516534,0.15232476704837766,1.2499999720603228,11.029999753460288,0.029628029881616412,0.9766197929345181,1.0062478228161345,1.0534072498581606,0.005493633158953499,8.0
2026-09-24 05:40:00,-0.10516534,0.12343417741123217,1.2499999720603228,11.029999753460288,0.029628029881616412,0.9766197929345181,1.0062478228161345,1.0245166602210152,0.005493633158953499,8.0
2026-09-24 05:50:00,-0.10516534,0.0940806496376514,1.2499999720603228,11.029999753460288,0.029628029881616412,0.9766197929345181,1.0062478228161345,0.9951631324474344,0.005493633158953499,8.0
2026-09-24 06:00:00,-0.10516534,0.06447424201386157,1.2099999729543924,11.009999753907323,0.02909727101791995,0.9591245489499349,0.9882218199678549,0.9475307219753649,0.005493633158953499,8.0
2026-09-24 06:10:00,-0.10516534,0.0348246949222101,1.2099999729543924,11.009999753907323,0.02909727101791995,0.9591245489499349,0.9882218199678549,0.9178811748837135,0.005493633158953499,8.0
2026-09-24 06:20:00,-0.10516534,0.005340464799289025,1.2099999729543924,11.009999753907323,0.02909727101791995,0.9591245489499349,0.9882218199678549,0.8883969447607925,0.005493633158953499,8.0
2026-09-24 06:30:00,-0.10516534,-0.023771904660320198,1.2099999729543924,11.009999753907323,0.02909727101791995,0.9591245489499349,0.9882218199678549,0.8592845753011832,0.005493633158953499,8.0
2026-09-24 06:40:00,-0.10516534,-0.05230815857545205,1.2099999729543924,11.009999753907323,0.02909727101791995,0.9591245489499349,0.9882218199678549,0.8307483213860514,0.005493633158953499,8.0
2026-09-24 06:50:00,-0.10516534,-0.08006657378677191,1.2099999729543924,11.009999753907323,0.02909727101791995,0.9591245489499349,0.9882218199678549,0.8029899061747314,0.005493633158953499,8.0
2026-09-24 07:00:00,-0.10516534,-0.10684820881978918,1.2099999729543924,11.009999753907323,0.02909727101791995,0.9591245489499349,0.9882218199678549,0.7762082711417142,0.005493633158953499,8.0
2026-09-24 07:10:00,-0.10516534,-0.13245730509340464,1.2099999729543924,11.009999753907323,0.02909727101791995,0.9591245489499349,0.9882218199678549,0.7505991748680987,0.005493633158953499,8.0
2026-09-24 07:20:00,-0.10516534,-0.15670196977265433,1.2099999729543924,11.009999753907323,0.02909727101791995,0.9591245489499349,0.9882218199678549,0.7263545101888491,0.005493633158953499,8.0
2026-09-24 07:30:00,-0.10516534,-0.17939524074976376,1.2099999729543924,11.009999753907323,0.02909727101791995,0.9591245489499349,0.9882218199678549,0.7036612392117396,0.005493633158953499,8.0
2026-09-24 07:40:00,-0.10516534,-0.2003565909857904,1.2099999729543924,11.009999753907323,0.02909727101791995,0.9591245489499349,0.9882218199678549,0.682699888975713,0.005493633158953499,8.0
2026-09-24 07:50:00,-0.10516534,-0.21941387775088428,1.2099999729543924,11.009999753907323,0.02909727101791995,0.9591245489499349,0.9882218199678549,0.6636426022106191,0.005493633158953499,8.0
2026-09-24 08:00:00,-0.10516534,-0.23640568763479639,1.2099999729543924,11.009999753907323,0.02909727101791995,0.9591245489499349,0.9882218199678549,0.646650792326707,0.005493633158953499,8.0
2026-09-24 08:10:00,-0.10516534,-0.25118397667697073,1.2099999729543924,11.009999753907323,0.02909727101791995,0.9591245489499349,0.9882218199678549,0.6318725032845327,0.005493633158953499,8.0
2026-09-24 08:20:00,-0.10516534,-0.26361686226917447,1.2099999729543924,11.009999753907323,0.02909727101791995,0.9591245489499349,0.9882218199678549,0.6194396176923289,0.005493633158953499,8.0
2026-09-24 08:30:00,-0.10516534,-0.2735913944696709,1.2099999729543924,11.009999753907323,0.02909727101791995,0.9591245489499349,0.9882218199678549,0.6094650854918324,0.005493633158953499,8.0
2026-09-24 08:40:00,-0.10516534,-0.28101612229227796,1.2099999729543924,11.009999753907323,0.02909727101791995,0.9591245489499349,0.9882218199678549,0.6020403576692255,0.005493633158953499,8.0
2026-09-24 08:50:00,-0.10516534,-0.28582327703816485,1.2099999729543924,11.009999753907323,0.02909727101791995,0.9591245489499349,0.9882218199678549,0.5972332029233385,0.005493633158953499,8.0
2026-09-24 09:00:00,-0.10516534,-0.28797041910839966,1.1899999734014273,10.87999975681305,0.02851508241328974,0.9399340419612949,0.9684491243745846,0.5753133652598335,0.005493633158953499,8.0
2026-09-24 09:10:00,-0.10516534,-0.28744143474822664,1.1899999734014273,10.87999975681305,0.02851508241328974,0.9399340419612949,0.9684491243745846,0.5758423496200065,0.005493633158953499,8.0
2026-09-24 09:20:00,-0.10516534,-0.28424682040513366,1.1899999734014273,10.87999975681305,0.02851508241328974,0.9399340419612949,0.9684491243745846,0.5790369639630994,0.005493633158953499,8.0
2026-09-24 09:30:00,-0.10516534,-0.2784232496739795,1.1899999734014273,10.87999975681305,0.02851508241328974,0.9399340419612949,0.9684491243745846,0.5848605346942537,0.005493633158953499,8.0
2026-09-24 09:40:00,-0.10516534,-0.2700324749550157,1.1899999734014273,10.87999975681305,0.02851508241328974,0.9399340419612949,0.9684491243745846,0.5932513094132175,0.005493633158953499,8.0
2026-09-24 09:50:00,-0.10516534,-0.2591596670048085,1.1899999734014273,10.87999975681305,0.02851508241328974,0.9399340419612949,0.9684491243745846,0.6041241173634246,0.005493633158953499,8.0
2026-09-24 10:00:00,-0.10516534,-0.24591133534365434,1.1899999734014273,10.87999975681305,0.02851508241328974,0.9399340419612949,0.9684491243745846,0.6173724490245789,0.005493633158953499,8.0
2026-09-24 10:10:00,-0.10516534,-0.230412996598519,1.1899999734014273,10.87999975681305,0.02851508241328974,0.9399340419612949,0.9684491243745846,0.6328707877697142,0.005493633158953499,8.0
2026-09-24 10:20:00,-0.10516534,-0.2128067644941367,1.1899999734014273,10.87999975681305,0.02851508241328974,0.9399340419612949,0.9684491243745846,0.6504770198740965,0.005493633158953499,8.0
2026-09-24 10:30:00,-0.10516534,-0.19324902344592032,1.1899999734014273,10.87999975681305,0.02851508241328974,0.9399340419612949,0.9684491243745846,0.6700347609223128,0.005493633158953499,8.0
2026-09-24 10:40:00,-0.10516534,-0.17190831964036374,1.1899999734014273,10.87999975681305,0.02851508241328974,0.9399340419612949,0.9684491243745846,0.6913754647278694,0.005493633158953499,8.0
2026-09-24 10:50:00,-0.10516534,-0.148963562238239,1.1899999734014273,10.87999975681305,0.02851508241328974,0.9399340419612949,0.9684491243745846,0.7143202221299941,0.005493633158953499,8.0
2026-09-24 11:00:00,-0.10516534,-0.12460257792615213,1.1899999734014273,10.87999975681305,0.02851508241328974,0.9399340419612949,0.9684491243745846,0.738681206442081,0.005493633158953499,8.0
2026-09-24 11:10:00,-0.10516534,-0.09902101006906573,1.1899999734014273,10.87999975681305,0.02851508241328974,0.9399340419612949,0.9684491243745846,0.7642627742991674,0.005493633158953499,8.0
2026-09-24 11:20:00,-0.10516534,-0.07242150510910139,1.1899999734014273,10.87999975681305,0.02851508241328974,0.9399340419612949,0.9684491243745846,0.7908622792591318,0.005493633158953499,8.0
2026-09-24 11:30:00,-0.10516534,-0.04501308927809695,1.1899999734014273,10.87999975681305,0.02851508241328974,0.9399340419612949,0.9684491243745846,0.8182706950901362,0.005493633158953499,8.0
2026-09-24 11:40:00,-0.10516534,-0.017010612110178437,1.1899999734014273,10.87999975681305,0.02851508241328974,0.9399340419612949,0.9684491243745846,0.8462731722580548,0.005493633158953499,8.0
2026-09-24 11:50:00,-0.10516534,0.011365876789743911,1.1899999734014273,10.87999975681305,0.02851508241328974,0.9399340419612949,0.9684491243745846,0.874649661157977,0.005493633158953499,8.0
2026-09-24 12:00:00,-0.10516534,0.03989194453042587,1.169999973848462,10.759999759495258,0.027962594013166347,0.9217225338359428,0.9496851278491092,0.8844117323731836,0.005493633158953499,8.0
2026-09-24 12:10:00,-0.10516534,0.06833988874567071,1.169999973848462,10.759999759495258,0.027962594013166347,0.9217225338359428,0.9496851278491092,0.9128596765884285,0.005493633158953499,8.0
2026-09-24 12:20:00,-0.10516534,0.09648021546283524,1.169999973848462,10.759999759495258,0.027962594013166347,0.9217225338359428,0.9496851278491092,0.941000003305593,0.005493633158953499,8.0
2026-09-24 12:30:00,-0.10516534,0.12408350229564385,1.169999973848462,10.759999759495258,0.027962594013166347,0.9217225338359428,0.9496851278491092,0.9686032901384016,0.005493633158953499,8.0
2026-09-24 12:40:00,-0.10516534,0.15092261887766142,1.169999973848462,10.759999759495258,0.027962594013166347,0.9217225338359428,0.9496851278491092,0.9954424067204192,0.005493633158953499,8.0
2026-09-24 12:50:00,-0.10516534,0.1767752290263028,1.169999973848462,10.759999759495258,0.027962594013166347,0.9217225338359428,0.9496851278491092,1.0212950168690604,0.005493633158953499,8.0
2026-09-24 13:00:00,-0.10516534,0.2014264592728046,1.169999973848462,10.759999759495258,0.027962594013166347,0.9217225338359428,0.9496851278491092,1.0459462471155623,0.005493633158953499,8.0
2026-09-24 13:10:00,-0.10516534,0.22467159079721277,1.169999973848462,10.759999759495258,0.027962594013166347,0.9217225338359428,0.9496851278491092,1.0691913786399705,0.005493633158953499,8.0
2026-09-24 13:20:00,-0.10516534,0.24631861953939752,1.169999973848462,10.759999759495258,0.027962594013166347,0.9217225338359428,0.9496851278491092,1.0908384073821553,0.005493633158953499,8.0
2026-09-24 13:30:00,-0.10516534,0.2661905340975914,1.169999973848462,10.759999759495258,0.027962594013166347,0.9217225338359428,0.9496851278491092,1.1107103219403491,0.005493633158953499,8.0
2026-09-24 13:40:00,-0.10516534,0.28412718224304523,1.169999973848462,10.759999759495258,0.027962594013166347,0.9217225338359428,0.9496851278491092,1.128646970085803,0.005493633158953499,8.0
2026-09-24 13:50:00,-0.10516534,0.29998663240291124,1.169999973848462,10.759999759495258,0.027962594013166347,0.9217225338359428,0.9496851278491092,1.144506420245669,0.005493633158953499,8.0
2026-09-24 14:00:00,-0.10516534,0.3136459821812142,1.169999973848462,10.759999759495258,0.027962594013166347,0.9217225338359428,0.9496851278491092,1.158165770023972,0.005493633158953499,8.0
2026-09-24 14:10:00,-0.10516534,0.32500161691545815,1.169999973848462,10.759999759495258,0.027962594013166347,0.9217225338359428,0.9496851278491092,1.1695214047582159,0.005493633158953499,8.0
2026-09-24 14:20:00,-0.10516534,0.33396897164037553,1.169999973848462,10.759999759495258,0.027962594013166347,0.9217225338359428,0.9496851278491092,1.1784887594831333,0.005493633158953499,8.0
2026-09-24 14:30:00,-0.10516534,0.3404818940734635,1.169999973848462,10.759999759495258,0.027962594013166347,0.9217225338359428,0.9496851278491092,1.1850016819162212,0.005493633158953499,8.0
2026-09-24 14:40:00,-0.10516534,0.3444917393340633,1.169999973848462,10.759999759495258,0.027962594013166347,0.9217225338359428,0.9496851278491092,1.1890115271768211,0.005493633158953499,8.0
2026-09-24 14:50:00,-0.10516534,0.3459663454910384,1.169999973848462,10.759999759495258,0.027962594013166347,0.9217225338359428,0.9496851278491092,1.1904861333337962,0.005493633158953499,8.0
2026-09-24 15:00:00,-0.10516534,0.3448890405138571,1.149999974295497,10.64999976195395,0.027439158161215085,0.9044686760738939,0.931907834235109,1.1716315347426147,0.005493633158953499,8.0
2026-09-24 15:10:00,-0.10516534,0.3412578158851938,1.149999974295497,10.64999976195395,0.027439158161215085,0.9044686760738939,0.931907834235109,1.1680003101139513,0.005493633158953499,8.0
2026-09-24 15:20:00,-0.10516534,0.3350847715708157,1.149999974295497,10.64999976195395,0.027439158161215085,0.9044686760738939,0.931907834235109,1.1618272657995732,0.005493633158953499,8.0
2026-09-24 15:30:00,-0.10516534,0.32639589497205324,1.149999974295497,10.64999976195395,0.027439158161215085,0.9044686760738939,0.931907834235109,1.153138389200811,0.005493633158953499,8.0
2026-09-24 15:40:00,-0.10516534,0.31523118751367313,1.149999974295497,10.64999976195395,0.027439158161215085,0.9044686760738939,0.931907834235109,1.1419736817424306,0.005493633158953499,8.0
2026-09-24 15:50:00,-0.10516534,0.30164510238224046,1.149999974295497,10.64999976195395,0.027439158161215085,0.9044686760738939,0.931907834235109,1.128387596610998,0.005493633158953499,8.0
2026-09-24 16:00:00,-0.10516534,0.2857072112601033,1.149999974295497,10.64999976195395,0.027439158161215085,0.9044686760738939,0.931907834235109,1.112449705488861,0.005493633158953499,8.0
2026-09-24 16:10:00,-0.10516534,0.26750298182129884,1.149999974295497,10.64999976195395,0.027439158161215085,0.9044686760738939,0.931907834235109,1.0942454760500564,0.005493633158953499,8.0
2026-09-24 16:20:00,-0.10516534,0.24713452562360175,1.149999974295497,10.64999976195395,0.027439158161215085,0.9044686760738939,0.931907834235109,1.0738770198523593,0.005493633158953499,8.0
2026-09-24 16:30:00,-0.10516534,0.22472116990281868,1.149999974295497,10.64999976195395,0.027439158161215085,0.9044686760738939,0.931907834235109,1.0514636641315762,0.005493633158953499,8.0
2026-09-24 16:40:00,-0.10516534,0.20039971791869293,1.149999974295497,10.64999976195395,0.027439158161215085,0.9044686760738939,0.931907834235109,1.0271422121474505,0.005493633158953499,8.0
2026-09-24 16:50:00,-0.10516534,0.17432428903797284,1.149999974295497,10.64999976195395,0.027439158161215085,0.9044686760738939,0.931907834235109,1.0010667832667304,0.005493633158953499,8.0
2026-09-24 17:00:00,-0.10516534,0.14666566916312082,1.149999974295497,10.64999976195395,0.027439158161215085,0.9044686760738939,0.931907834235109,0.9734081633918784,0.005493633158953499,8.0
2026-09-24 17:10:00,-0.10516534,0.11761014951801586,1.149999974295497,10.64999976195395,0.027439158161215085,0.9044686760738939,0.931907834235109,0.9443526437467734,0.005493633158953499,8.0
2026-09-24 17:20:00,-0.10516534,0.0873578820656417,1.149999974295497,10.64999976195395,0.027439158161215085,0.9044686760738939,0.931907834235109,0.9141003762943992,0.005493633158953499,8.0
2026-09-24 17:30:00,-0.10516534,0.05612082710480688,1.149999974295497,10.64999976195395,0.027439158161215085,0.9044686760738939,0.931907834235109,0.8828633213335645,0.005493633158953499,8.0
2026-09-24 17:40:00,-0.10516534,0.02412040733715831,1.149999974295497,10.64999976195395,0.027439158161215085,0.9044686760738939,0.931907834235109,0.8508629015659159,0.005493633158953499,8.0
2026-09-24 17:50:00,-0.10516534,-0.008414991062826055,1.149999974295497,10.64999976195395,0.027439158161215085,0.9044686760738939,0.931907834235109,0.8183275031659315,0.005493633158953499,8.0
2026-09-24 18:00:00,-0.10516534,-0.04125251980328073,1.1399999745190144,10.509999765083194,0.026960466138008236,0.8886896956134431,0.9156501617514514,0.7692323019418192,0.005493633158953499,8.0
2026-09-24 18:10:00,-0.10516534,-0.07415722819765515,1.1399999745190144,10.509999765083194,0.026960466138008236,0.8886896956134431,0.9156501617514514,0.7363275935474448,0.005493633158953499,8.0
2026-09-24 18:20:00,-0.10516534,-0.10689416026435847,1.1399999745190144,10.509999765083194,0.026960466138008236,0.8886896956134431,0.9156501617514514,0.7035906614807415,0.005493633158953499,8.0
2026-09-24 18:30:00,-0.10516534,-0.13923010458504184,1.1399999745190144,10.509999765083194,0.026960466138008236,0.8886896956134431,0.9156501617514514,0.6712547171600581,0.005493633158953499,8.0
2026-09-24 18:40:00,-0.10516534,-0.17093495826820046,1.1399999745190144,10.509999765083194,0.026960466138008236,0.8886896956134431,0.9156501617514514,0.6395498634768995,0.005493633158953499,8.0
2026-09-24 18:50:00,-0.10516534,-0.20178271621537286,1.1399999745190144,10.509999765083194,0.026960466138008236,0.8886896956134431,0.9156501617514514,0.608702105529727,0.005493633158953499,8.0
2026-09-24 19:00:00,-0.10516534,-0.23155214519881495,1.1399999745190144,10.509999765083194,0.026960466138008236,0.8886896956134431,0.9156501617514514,0.578932676546285,0.005493633158953499,8.0
2026-09-24 19:10:00,-0.10516534,-0.26002724315256576,1.1399999745190144,10.509999765083194,0.026960466138008236,0.8886896956134431,0.9156501617514514,0.5504575785925342,0.005493633158953499,8.0
2026-09-24 19:20:00,-0.10516534,-0.2869976127259373,1.1399999745190144,10.509999765083194,0.026960466138008236,0.8886896956134431,0.9156501617514514,0.5234872090191627,0.005493633158953499,8.0
2026-09-24 19:30:00,-0.10516534,-0.31225889131768453,1.1399999745190144,10.509999765083194,0.026960466138008236,0.8886896956134431,0.9156501617514514,0.4982259304274154,0.005493633158953499,8.0
2026-09-24 19:40:00,-0.10516534,-0.335613375338893,1.1399999745190144,10.509999765083194,0.026960466138008236,0.8886896956134431,0.9156501617514514,0.47487144640620693,0.005493633158953499,8.0
2026-09-24 19:50:00,-0.10516534,-0.35687095503091476,1.1399999745190144,10.509999765083194,0.026960466138008236,0.8886896956134431,0.9156501617514514,0.4536138667141852,0.005493633158953499,8.0
2026-09-24 20:00:00,-0.10516534,-0.37585043958779213,1.1399999745190144,10.509999765083194,0.026960466138008236,0.8886896956134431,0.9156501617514514,0.4346343821573078,0.005493633158953499,8.0
2026-09-24 20:10:00,-0.10516534,-0.39238130475828664,1.1399999745190144,10.509999765083194,0.026960466138008236,0.8886896956134431,0.9156501617514514,0.4181035169868133,0.005493633158953499,8.0
2026-09-24 20:20:00,-0.10516534,-0.40630584154355137,1.1399999745190144,10.509999765083194,0.026960466138008236,0.8886896956134431,0.9156501617514514,0.4041789802015485,0.005493633158953499,8.0
2026-09-24 20:30:00,-0.10516534,-0.41748163105579916,1.1399999745190144,10.509999765083194,0.026960466138008236,0.8886896956134431,0.9156501617514514,0.3930031906893008,0.005493633158953499,8.0
2026-09-24 20:40:00,-0.10516534,-0.42578422298548646,1.1399999745190144,10.509999765083194,0.026960466138008236,0.8886896956134431,0.9156501617514514,0.3847005987596135,0.005493633158953499,8.0
2026-09-24 20:50:00,-0.10516534,-0.43110985879445923,1.1399999745190144,10.509999765083194,0.026960466138008236,0.8886896956134431,0.9156501617514514,0.37937496295064066,0.005493633158953499,8.0
2026-09-24 21:00:00,-0.10516534,-0.43337805988627043,1.1199999749660492,10.399999767541885,0.02644323628497266,0.8716404043176833,0.898083640602656,0.3595402407100341,0.005493633158953499,8.0
2026-09-24 21:10:00,-0.10516534,-0.4325338980855707,1.1199999749660492,10.399999767541885,0.02644323628497266,0.8716404043176833,0.898083640602656,0.3603844025107339,0.005493633158953499,8.0
2026-09-24 21:20:00,-0.10516534,-0.42854978131544585,1.1199999749660492,10.399999767541885,0.02644323628497266,0.8716404043176833,0.898083640602656,0.36436851928085867,0.005493633158953499,8.0
2026-09-24 21:30:00,-0.10516534,-0.4214266199483513,1.1199999749660492,10.399999767541885,0.02644323628497266,0.8716404043176833,0.898083640602656,0.37149168064795324,0.005493633158953499,8.0
2026-09-24 21:40:00,-0.10516534,-0.4111942855608172,1.1199999749660492,10.399999767541885,0.02644323628497266,0.8716404043176833,0.898083640602656,0.38172401503548725,0.005493633158953499,8.0
2026-09-24 21:50:00,-0.10516534,-0.3979113289450571,1.1199999749660492,10.399999767541885,0.02644323628497266,0.8716404043176833,0.898083640602656,0.39500697165124743,0.005493633158953499,8.0
2026-09-24 22:00:00,-0.10516534,-0.3816639824386421,1.1199999749660492,10.399999767541885,0.02644323628497266,0.8716404043176833,0.898083640602656,0.41125431815766245,0.005493633158953499,8.0
2026-09-24 22:10:00,-0.10516534,-0.3625645267724384,1.1199999749660492,10.399999767541885,0.02644323628497266,0.8716404043176833,0.898083640602656,0.43035377382386614,0.005493633158953499,8.0
2026-09-24 22:20:00,-0.10516534,-0.34074914907406567,1.1199999749660492,10.399999767541885,0.02644323628497266,0.8716404043176833,0.898083640602656,0.45216915152223885,0.005493633158953499,8.0
2026-09-24 22:30:00,-0.10516534,-0.31637545139364803,1.1199999749660492,10.399999767541885,0.02644323628497266,0.8716404043176833,0.898083640602656,0.4765428492026565,0.005493633158953499,8.0
2026-09-24 22:40:00,-0.10516534,-0.2896197852035709,1.1199999749660492,10.399999767541885,0.02644323628497266,0.8716404043176833,0.898083640602656,0.5032985153927336,0.005493633158953499,8.0
2026-09-24 22:50:00,-0.10516534,-0.2606745849702668,1.1199999749660492,10.399999767541885,0.02644323628497266,0.8716404043176833,0.898083640602656,0.5322437156260378,0.005493633158953499,8.0
2026-09-24 23:00:00,-0.10516534,-0.22974585406971265,1.1199999749660492,10.399999767541885,0.02644323628497266,0.8716404043176833,0.898083640602656,0.5631724465265919,0.005493633158953499,8.0
2026-09-24 23:10:00,-0.10516534,-0.19705092123936335,1.1199999749660492,10.399999767541885,0.02644323628497266,0.8716404043176833,0.898083640602656,0.5958673793569411,0.005493633158953499,8.0
2026-09-24 23:20:00,-0.10516534,-0.16281653983377464,1.1199999749660492,10.399999767541885,0.02644323628497266,0.8716404043176833,0.898083640602656,0.6301017607625299,0.005493633158953499,8.0
2026-09-24 23:30:00,-0.10516534,-0.12727735055930567,1.1199999749660492,10.399999767541885,0.02644323628497266,0.8716404043176833,0.898083640602656,0.6656409500369989,0.005493633158953499,8.0
2026-09-24 23:40:00,-0.10516534,-0.09067467704100861,1.1199999749660492,10.399999767541885,0.02644323628497266,0.8716404043176833,0.898083640602656,0.7022436235552959,0.005493633158953499,8.0
2026-09-24 23:50:00,-0.10516534,-0.05325557839596351,1.1199999749660492,10.399999767541885,0.02644323628497266,0.8716404043176833,0.898083640602656,0.739662722200341,0.005493633158953499,8.0
2026-09-25 00:00:00,-0.09570105,-0.015272048840158852,1.099999975413084,10.29999976977706,0.02595409095882697,0.8555168547923164,0.8814709457511434,0.770497850622971,0.005493633158953499,8.0
2026-09-25 00:10:00,-0.09570105,0.023019764801810696,1.099999975413084,10.29999976977706,0.02595409095882697,0.8555168547923164,0.8814709457511434,0.8087896642649406,0.005493633158953499,8.0
2026-09-25 00:20:00,-0.09570105,0.061360459226559465,1.099999975413084,10.29999976977706,0.02595409095882697,0.8555168547923164,0.8814709457511434,0.8471303586896893,0.005493633158953499,8.0
2026-09-25 00:30:00,-0.09570105,0.09948850123532614,1.099999975413084,10.29999976977706,0.02595409095882697,0.8555168547923164,0.8814709457511434,0.8852584006984561,0.005493633158953499,8.0
2026-09-25 00:40:00,-0.09570105,0.1371416719155713,1.099999975413084,10.29999976977706,0.02595409095882697,0.8555168547923164,0.8814709457511434,0.9229115713787013,0.005493633158953499,8.0
2026-09-25 00:50:00,-0.09570105,0.17405887422091504,1.099999975413084,10.29999976977706,0.02595409095882697,0.8555168547923164,0.8814709457511434,0.959828773684045,0.005493633158953499,8.0
2026-09-25 01:00:00,-0.09570105,0.2099823018144653,1.099999975413084,10.29999976977706,0.02595409095882697,0.8555168547923164,0.8814709457511434,0.9957522012775952,0.005493633158953499,8.0
2026-09-25 01:10:00,-0.09570105,0.244659918063937,1.099999975413084,10.29999976977706,0.02595409095882697,0.8555168547923164,0.8814709457511434,1.030429817527067,0.005493633158953499,8.0
2026-09-25 01:20:00,-0.09570105,0.2778481497571863,1.099999975413084,10.29999976977706,0.02595409095882697,0.8555168547923164,0.8814709457511434,1.0636180492203162,0.005493633158953499,8.0
2026-09-25 01:30:00,-0.09570105,0.3093146657100901,1.099999975413084,10.29999976977706,0.02595409095882697,0.8555168547923164,0.8814709457511434,1.09508456517322,0.005493633158953499,8.0
2026-09-25 01:40:00,-0.09570105,0.3388410899088335,1.099999975413084,10.29999976977706,0.02595409095882697,0.8555168547923164,0.8814709457511434,1.1246109893719634,0.005493633158953499,8.0
2026-09-25 01:50:00,-0.09570105,0.36622549472289256,1.099999975413084,10.29999976977706,0.02595409095882697,0.8555168547923164,0.8814709457511434,1.1519953941860224,0.005493633158953499,8.0
2026-09-25 02:00:00,-0.09570105,0.39128453252185585,1.099999975413084,10.29999976977706,0.02595409095882697,0.8555168547923164,0.8814709457511434,1.1770544319849858,0.005493633158953499,8.0
2026-09-25 02:10:00,-0.09570105,0.41385509247967267,1.099999975413084,10.29999976977706,0.02595409095882697,0.8555168547923164,0.8814709457511434,1.1996249919428026,0.005493633158953499,8.0
2026-09-25 02:20:00,-0.09570105,0.4337954102389272,1.099999975413084,10.29999976977706,0.02595409095882697,0.8555168547923164,0.8814709457511434,1.2195653097020571,0.005493633158953499,8.0
2026-09-25 02:30:00,-0.09570105,0.45098560694732903,1.099999975413084,10.29999976977706,0.02595409095882697,0.8555168547923164,0.8814709457511434,1.236755506410459,0.005493633158953499,8.0
2026-09-25 02:40:00,-0.09570105,0.4653276854736619,1.099999975413084,10.29999976977706,0.02595409095882697,0.8555168547923164,0.8814709457511434,1.2510975849367918,0.005493633158953499,8.0
2026-09-25 02:50:00,-0.09570105,0.47674505965198727,1.099999975413084,10.29999976977706,0.02595409095882697,0.8555168547923164,0.8814709457511434,1.2625149591151172,0.005493633158953499,8.0
2026-09-25 03:00:00,-0.09570105,0.48518173177219953,1.0699999760836363,10.219999771565199,0.02539890769079852,0.8372165165508232,0.8626154242416217,1.2520961097258079,0.005493633158953499,8.0
2026-09-25 03:10:00,-0.09570105,0.49060125990907233,1.0699999760836363,10.219999771565199,0.02539890769079852,0.8372165165508232,0.8626154242416217,1.2575156378626806,0.005493633158953499,8.0
2026-09-25 03:20:00,-0.09570105,0.4929856670254821,1.0699999760836363,10.219999771565199,0.02539890769079852,0.8372165165508232,0.8626154242416217,1.2599000449790903,0.005493633158953499,8.0
2026-09-25 03:30:00,-0.09570105,0.49233443711125896,1.0699999760836363,10.219999771565199,0.02539890769079852,0.8372165165508232,0.8626154242416217,1.2592488150648673,0.005493633158953499,8.0
2026-09-25 03:40:00,-0.09570105,0.4886637206042754,1.0699999760836363,10.219999771565199,0.02539890769079852,0.8372165165508232,0.8626154242416217,1.2555780985578837,0.005493633158953499,8.0
2026-09-25 03:50:00,-0.09570105,0.48200583475302006,1.0699999760836363,10.219999771565199,0.02539890769079852,0.8372165165508232,0.8626154242416217,1.2489202127066283,0.005493633158953499,8.0
2026-09-25 04:00:00,-0.09570105,0.4724090985455906,1.0699999760836363,10.219999771565199,0.02539890769079852,0.8372165165508232,0.8626154242416217,1.239323476499199,0.005493633158953499,8.0
2026-09-25 04:10:00,-0.09570105,0.4599379915874413,1.0699999760836363,10.219999771565199,0.02539890769079852,0.8372165165508232,0.8626154242416217,1.2268523695410496,0.005493633158953499,8.0
2026-09-25 04:20:00,-0.09570105,0.44467357768728116,1.0699999760836363,10.219999771565199,0.02539890769079852,0.8372165165508232,0.8626154242416217,1.2115879556408895,0.005493633158953499,8.0
2026-09-25 04:30:00,-0.09570105,0.4267140922769186,1.0699999760836363,10.219999771565199,0.02539890769079852,0.8372165165508232,0.8626154242416217,1.1936284702305269,0.005493633158953499,8.0
2026-09-25 04:40:00,-0.09570105,0.40617556309561487,1.0699999760836363,10.219999771565199,0.02539890769079852,0.8372165165508232,0.8626154242416217,1.173089941049223,0.005493633158953499,8.0
2026-09-25 04:50:00,-0.09570105,0.38319231896107014,1.0699999760836363,10.219999771565199,0.02539890769079852,0.8372165165508232,0.8626154242416217,1.1501066969146785,0.005493633158953499,8.0
2026-09-25 05:00:00,-0.09570105,0.35791724384433027,1.0699999760836363,10.219999771565199,0.02539890769079852,0.8372165165508232,0.8626154242416217,1.1248316217979386,0.005493633158953499,8.0
2026-09-25 05:10:00,-0.09570105,0.33052165234649705,1.0699999760836363,10.219999771565199,0.02539890769079852,0.8372165165508232,0.8626154242416217,1.0974360303001054,0.005493633158953499,8.0
2026-09-25 05:20:00,-0.09570105,0.30119469612294125,1.0699999760836363,10.219999771565199,0.02539890769079852,0.8372165165508232,0.8626154242416217,1.0681090740765495,0.005493633158953499,8.0
2026-09-25 05:30:00,-0.09570105,0.2701422548781699,1.0699999760836363,10.219999771565199,0.02539890769079852,0.8372165165508232,0.8626154242416217,1.0370566328317783,0.005493633158953499,8.0
2026-09-25 05:40:00,-0.09570105,0.23758531527909177,1.0699999760836363,10.219999771565199,0.02539890769079852,0.8372165165508232,0.8626154242416217,1.0044996932327002,0.005493633158953499,8.0
2026-09-25 05:50:00,-0.09570105,0.203757890928081,1.0699999760836363,10.219999771565199,0.02539890769079852,0.8372165165508232,0.8626154242416217,0.9706722688816893,0.005493633158953499,8.0
2026-09-25 06:00:00,-0.09570105,0.16890458063400923,1.029999976977706,10.119999773800373,0.024675807859118302,0.8133811953800186,0.8380570032391369,0.9112605375851327,0.005493633158953499,8.0
2026-09-25 06:10:00,-0.09570105,0.133277895704643,1.029999976977706,10.119999773800373,0.024675807859118302,0.8133811953800186,0.8380570032391369,0.8756338526557664,0.005493633158953499,8.0
2026-09-25 06:20:00,-0.09570105,0.09713550592895598,1.029999976977706,10.119999773800373,0.024675807859118302,0.8133811953800186,0.8380570032391369,0.8394914628800794,0.005493633158953499,8.0
2026-09-25 06:30:00,-0.09570105,0.0607375563542558,1.029999976977706,10.119999773800373,0.024675807859118302,0.8133811953800186,0.8380570032391369,0.8030935133053793,0.005493633158953499,8.0
2026-09-25 06:40:00,-0.09570105,0.024344192382401677,1.029999976977706,10.119999773800373,0.024675807859118302,0.8133811953800186,0.8380570032391369,0.7667001493335251,0.005493633158953499,8.0
2026-09-25 06:50:00,-0.09570105,-0.011786598971472724,1.029999976977706,10.119999773800373,0.024675807859118302,0.8133811953800186,0.8380570032391369,0.7305693579796507,0.005493633158953499,8.0
2026-09-25 07:00:00,-0.09570105,-0.04740076533945009,1.029999976977706,10.119999773800373,0.024675807859118302,0.8133811953800186,0.8380570032391369,0.6949551916116734,0.005493633158953499,8.0
2026-09-25 07:10:00,-0.09570105,-0.08224956501534479,1.029999976977706,10.119999773800373,0.024675807859118302,0.8133811953800186,0.8380570032391369,0.6601063919357786,0.005493633158953499,8.0
2026-09-25 07:20:00,-0.09570105,-0.11609057484446793,1.029999976977706,10.119999773800373,0.024675807859118302,0.8133811953800186,0.8380570032391369,0.6262653821066555,0.005493633158953499,8.0
2026-09-25 07:30:00,-0.09570105,-0.1486884076824763,1.029999976977706,10.119999773800373,0.024675807859118302,0.8133811953800186,0.8380570032391369,0.5936675492686472,0.005493633158953499,8.0
2026-09-25 07:40:00,-0.09570105,-0.17981525287828443,1.029999976977706,10.119999773800373,0.024675807859118302,0.8133811953800186,0.8380570032391369,0.562540704072839,0.005493633158953499,8.0
2026-09-25 07:50:00,-0.09570105,-0.20925137508661337,1.029999976977706,10.119999773800373,0.024675807859118302,0.8133811953800186,0.8380570032391369,0.53310458186451,0.005493633158953499,8.0
2026-09-25 08:00:00,-0.09570105,-0.2367857118148897,1.029999976977706,10.119999773800373,0.024675807859118302,0.8133811953800186,0.8380570032391369,0.5055702451362337,0.005493633158953499,8.0
2026-09-25 08:10:00,-0.09570105,-0.26221669778164225,1.029999976977706,10.119999773800373,0.024675807859118302,0.8133811953800186,0.8380570032391369,0.4801392591694812,0.005493633158953499,8.0
2026-09-25 08:20:00,-0.09570105,-0.28535341545022624,1.029999976977706,10.119999773800373,0.024675807859118302,0.8133811953800186,0.8380570032391369,0.4570025415008972,0.005493633158953499,8.0
2026-09-25 08:30:00,-0.09570105,-0.3060171291302541,1.029999976977706,10.119999773800373,0.024675807859118302,0.8133811953800186,0.8380570032391369,0.43633882782086936,0.005493633158953499,8.0
2026-09-25 08:40:00,-0.09570105,-0.3240432093067809,1.029999976977706,10.119999773800373,0.024675807859118302,0.8133811953800186,0.8380570032391369,0.41831274764434256,0.005493633158953499,8.0
2026-09-25 08:50:00,-0.09570105,-0.33928339999137275,1.029999976977706,10.119999773800373,0.024675807859118302,0.8133811953800186,0.8380570032391369,0.4030725569597507,0.005493633158953499,8.0
2026-09-25 09:00:00,-0.09570105,-0.3516083308726385,0.9999999776482582,10.019999776035547,0.02407354104529419,0.7935288564510238,0.817602397496318,0.3702930203356661,0.005493633158953499,8.0
2026-09-25 09:10:00,-0.09570105,-0.3609101336431352,0.9999999776482582,10.019999776035547,0.02407354104529419,0.7935288564510238,0.817602397496318,0.3609912175651694,0.005493633158953499,8.0
2026-09-25 09:20:00,-0.09570105,-0.36710499290541476,0.9999999776482582,10.019999776035547,0.02407354104529419,0.7935288564510238,0.817602397496318,0.3547963583028898,0.005493633158953499,8.0
2026-09-25 09:30:00,-0.09570105,-0.37013544996872405,0.9999999776482582,10.019999776035547,0.02407354104529419,0.7935288564510238,0.817602397496318,0.3517659012395805,0.005493633158953499,8.0
2026-09-25 09:40:00,-0.09570105,-0.3699722841436573,0.9999999776482582,10.019999776035547,0.02407354104529419,0.7935288564510238,0.817602397496318,0.35192906706464727,0.005493633158953499,8.0
2026-09-25 09:50:00,-0.09570105,-0.36661582046244556,0.9999999776482582,10.019999776035547,0.02407354104529419,0.7935288564510238,0.817602397496318,0.355285530745859,0.005493633158953499,8.0
2026-09-25 10:00:00,-0.09570105,-0.3600965526616063,0.9999999776482582,10.019999776035547,0.02407354104529419,0.7935288564510238,0.817602397496318,0.3618047985466983,0.005493633158953499,8.0
2026-09-25 10:10:00,-0.09570105,-0.35047502162645855,0.9999999776482582,10.019999776035547,0.02407354104529419,0.7935288564510238,0.817602397496318,0.371426329581846,0.005493633158953499,8.0
2026-09-25 10:20:00,-0.09570105,-0.3378409470598067,0.9999999776482582,10.019999776035547,0.02407354104529419,0.7935288564510238,0.817602397496318,0.38406040414849785,0.005493633158953499,8.0
2026-09-25 10:30:00,-0.09570105,-0.32231166771665015,0.9999999776482582,10.019999776035547,0.02407354104529419,0.7935288564510238,0.817602397496318,0.3995896834916544,0.005493633158953499,8.0
2026-09-25 10:40:00,-0.09570105,-0.30402999727780844,0.9999999776482582,10.019999776035547,0.02407354104529419,0.7935288564510238,0.817602397496318,0.4178713539304961,0.005493633158953499,8.0
2026-09-25 10:50:00,-0.09570105,-0.2831616433459617,0.9999999776482582,10.019999776035547,0.02407354104529419,0.7935288564510238,0.817602397496318,0.43873970786234284,0.005493633158953499,8.0
2026-09-25 11:00:00,-0.09570105,-0.2598923620665262,0.9999999776482582,10.019999776035547,0.02407354104529419,0.7935288564510238,0.817602397496318,0.46200898914177835,0.005493633158953499,8.0
2026-09-25 11:10:00,-0.09570105,-0.23442502805252974,0.9999999776482582,10.019999776035547,0.02407354104529419,0.7935288564510238,0.817602397496318,0.4874763231557748,0.005493633158953499,8.0
2026-09-25 11:20:00,-0.09570105,-0.20697678829015953,0.9999999776482582,10.019999776035547,0.02407354104529419,0.7935288564510238,0.817602397496318,0.514924562918145,0.005493633158953499,8.0
2026-09-25 11:30:00,-0.09570105,-0.17777644089208042,0.9999999776482582,10.019999776035547,0.02407354104529419,0.7935288564510238,0.817602397496318,0.5441249103162241,0.005493633158953499,8.0
2026-09-25 11:40:00,-0.09570105,-0.14706213842566193,0.9999999776482582,10.019999776035547,0.02407354104529419,0.7935288564510238,0.817602397496318,0.5748392127826426,0.005493633158953499,8.0
2026-09-25 11:50:00,-0.09570105,-0.1150794659205282,0.9999999776482582,10.019999776035547,0.02407354104529419,0.7935288564510238,0.817602397496318,0.6068218852877764,0.005493633158953499,8.0
2026-09-25 12:00:00,-0.09570105,-0.08207989105910787,0.9699999783188105,9.929999778047204,0.023496726982337204,0.7745155088549251,0.7980122358372623,0.620231298490141,0.005493633158953499,8.0
2026-09-25 12:10:00,-0.09570105,-0.04831953463522243,0.9699999783188105,9.929999778047204,0.023496726982337204,0.7745155088549251,0.7980122358372623,0.6539916549140264,0.005493633158953499,8.0
2026-09-25 12:20:00,-0.09570105,-0.01405816850915695,0.9699999783188105,9.929999778047204,0.023496726982337204,0.7745155088549251,0.7980122358372623,0.6882530210400919,0.005493633158953499,8.0
2026-09-25 12:30:00,-0.09570105,0.020441679464539612,0.9699999783188105,9.929999778047204,0.023496726982337204,0.7745155088549251,0.7980122358372623,0.7227528690137885,0.005493633158953499,8.0
2026-09-25 12:40:00,-0.09570105,0.05491564572888973,0.9699999783188105,9.929999778047204,0.023496726982337204,0.7745155088549251,0.7980122358372623,0.7572268352781386,0.005493633158953499,8.0
2026-09-25 12:50:00,-0.09570105,0.08909860318225303,0.9699999783188105,9.929999778047204,0.023496726982337204,0.7745155088549251,0.7980122358372623,0.7914097927315019,0.005493633158953499,8.0
2026-09-25 13:00:00,-0.09570105,0.12272598997122426,0.9699999783188105,9.929999778047204,0.023496726982337204,0.7745155088549251,0.7980122358372623,0.8250371795204732,0.005493633158953499,8.0
2026-09-25 13:10:00,-0.09570105,0.1555354642068061,0.9699999783188105,9.929999778047204,0.023496726982337204,0.7745155088549251,0.7980122358372623,0.857846653756055,0.005493633158953499,8.0
2026-09-25 13:20:00,-0.09570105,0.18726890893541803,0.9699999783188105,9.929999778047204,0.023496726982337204,0.7745155088549251,0.7980122358372623,0.8895800984846669,0.005493633158953499,8.0
2026-09-25 13:30:00,-0.09570105,0.21767476277189957,0.9699999783188105,9.929999778047204,0.023496726982337204,0.7745155088549251,0.7980122358372623,0.9199859523211484,0.005493633158953499,8.0
2026-09-25 13:40:00,-0.09570105,0.24651060426157795,0.9699999783188105,9.929999778047204,0.023496726982337204,0.7745155088549251,0.7980122358372623,0.9488217938108268,0.005493633158953499,8.0
2026-09-25 13:50:00,-0.09570105,0.2735458779535157,0.9699999783188105,9.929999778047204,0.023496726982337204,0.7745155088549251,0.7980122358372623,0.9758570675027646,0.005493633158953499,8.0
2026-09-25 14:00:00,-0.09570105,0.2985646220295243,0.9699999783188105,9.929999778047204,0.023496726982337204,0.7745155088549251,0.7980122358372623,1.0008758115787733,0.005493633158953499,8.0
2026-09-25 14:10:00,-0.09570105,0.3213680444071782,0.9699999783188105,9.929999778047204,0.023496726982337204,0.7745155088549251,0.7980122358372623,1.0236792339564271,0.005493633158953499,8.0
2026-09-25 14:20:00,-0.09570105,0.3417767982001505,0.9699999783188105,9.929999778047204,0.023496726982337204,0.7745155088549251,0.7980122358372623,1.0440879877493994,0.005493633158953499,8.0
2026-09-25 14:30:00,-0.09570105,0.3596328278679429,0.9699999783188105,9.929999778047204,0.023496726982337204,0.7745155088549251,0.7980122358372623,1.0619440174171917,0.005493633158953499,8.0
2026-09-25 14:40:00,-0.09570105,0.37480069213933076,0.9699999783188105,9.929999778047204,0.023496726982337204,0.7745155088549251,0.7980122358372623,1.0771118816885796,0.005493633158953499,8.0
2026-09-25 14:50:00,-0.09570105,0.3871683149512925,0.9699999783188105,9.929999778047204,0.023496726982337204,0.7745155088549251,0.7980122358372623,1.0894795045005414,0.005493633158953499,8.0
2026-09-25 15:00:00,-0.09570105,0.3966471662096013,0.9499999787658453,9.889999778941274,0.023159562408072064,0.7634016549125816,0.7865612173206536,1.0875073372422415,0.005493633158953499,8.0
2026-09-25 15:10:00,-0.09570105,0.40317192443795885,0.9499999787658453,9.889999778941274,0.023159562408072064,0.7634016549125816,0.7865612173206536,1.094032095470599,0.005493633158953499,8.0
2026-09-25 15:20:00,-0.09570105,0.40669971773763236,0.9499999787658453,9.889999778941274,0.023159562408072064,0.7634016549125816,0.7865612173206536,1.0975598887702724,0.005493633158953499,8.0
2026-09-25 15:30:00,-0.09570105,0.4072090729342453,0.9499999787658453,9.889999778941274,0.023159562408072064,0.7634016549125816,0.7865612173206536,1.0980692439668855,0.005493633158953499,8.0
2026-09-25 15:40:00,-0.09570105,0.40469872160666526,0.9499999787658453,9.889999778941274,0.023159562408072064,0.7634016549125816,0.7865612173206536,1.0955588926393054,0.005493633158953499,8.0
2026-09-25 15:50:00,-0.09570105,0.39918641379682107,0.9499999787658453,9.889999778941274,0.023159562408072064,0.7634016549125816,0.7865612173206536,1.0900465848294614,0.005493633158953499,8.0
2026-09-25 16:00:00,-0.09570105,0.39070787539216134,0.9499999787658453,9.889999778941274,0.023159562408072064,0.7634016549125816,0.7865612173206536,1.0815680464248016,0.005493633158953499,8.0
2026-09-25 16:10:00,-0.09570105,0.3793160151427594,0.9499999787658453,9.889999778941274,0.023159562408072064,0.7634016549125816,0.7865612173206536,1.0701761861753996,0.005493633158953499,8.0
2026-09-25 16:20:00,-0.09570105,0.3650804455410414,0.9499999787658453,9.889999778941274,0.023159562408072064,0.7634016549125816,0.7865612173206536,1.0559406165736815,0.005493633158953499,8.0
2026-09-25 16:30:00,-0.09570105,0.34808733301701095,0.9499999787658453,9.889999778941274,0.023159562408072064,0.7634016549125816,0.7865612173206536,1.0389475040496512,0.005493633158953499,8.0
2026-09-25 16:40:00,-0.09570105,0.32843954272664866,0.9499999787658453,9.889999778941274,0.023159562408072064,0.7634016549125816,0.7865612173206536,1.0192997137592887,0.005493633158953499,8.0
2026-09-25 16:50:00,-0.09570105,0.3062569973613773,0.9499999787658453,9.889999778941274,0.023159562408072064,0.7634016549125816,0.7865612173206536,0.9971171683940174,0.005493633158953499,8.0
2026-09-25 17:00:00,-0.09570105,0.2816771330113586,0.9499999787658453,9.889999778941274,0.023159562408072064,0.7634016549125816,0.7865612173206536,0.9725373040439989,0.005493633158953499,8.0
2026-09-25 17:10:00,-0.09570105,0.2548553124481464,0.9499999787658453,9.889999778941274,0.023159562408072064,0.7634016549125816,0.7865612173206536,0.9457154834807866,0.005493633158953499,8.0
2026-09-25 17:20:00,-0.09570105,0.22596504978684004,0.9499999787658453,9.889999778941274,0.023159562408072064,0.7634016549125816,0.7865612173206536,0.9168252208194803,0.005493633158953499,8.0
2026-09-25 17:30:00,-0.09570105,0.19519791111242593,0.9499999787658453,9.889999778941274,0.023159562408072064,0.7634016549125816,0.7865612173206536,0.8860580821450661,0.005493633158953499,8.0
2026-09-25 17:40:00,-0.09570105,0.16276298206927498,0.9499999787658453,9.889999778941274,0.023159562408072064,0.7634016549125816,0.7865612173206536,0.8536231531019152,0.005493633158953499,8.0
2026-09-25 17:50:00,-0.09570105,0.12888583279063562,0.9499999787658453,9.889999778941274,0.023159562408072064,0.7634016549125816,0.7865612173206536,0.8197460038232758,0.005493633158953499,8.0
2026-09-25 18:00:00,-0.09570105,0.09380695821973029,0.9499999787658453,9.849999779835343,0.023065893803792703,0.7603140850241585,0.7833799788279512,0.781485890759668,0.005493633158953499,8.0
2026-09-25 18:10:00,-0.09570105,0.05777972265757614,0.9499999787658453,9.849999779835343,0.023065893803792703,0.7603140850241585,0.7833799788279512,0.7454586551975139,0.005493633158953499,8.0
2026-09-25 18:20:00,-0.09570105,0.02106788540469861,0.9499999787658453,9.849999779835343,0.023065893803792703,0.7603140850241585,0.7833799788279512,0.7087468179446363,0.005493633158953499,8.0
2026-09-25 18:30:00,-0.09570105,-0.0160571758377746,0.9499999787658453,9.849999779835343,0.023065893803792703,0.7603140850241585,0.7833799788279512,0.6716217567021632,0.005493633158953499,8.0
2026-09-25 18:40:00,-0.09570105,-0.05331939989458458,0.9499999787658453,9.849999779835343,0.023065893803792703,0.7603140850241585,0.7833799788279512,0.6343595326453532,0.005493633158953499,8.0
2026-09-25 18:50:00,-0.09570105,-0.09044098012017751,0.9499999787658453,9.849999779835343,0.023065893803792703,0.7603140850241585,0.7833799788279512,0.5972379524197602,0.005493633158953499,8.0
2026-09-25 19:00:00,-0.09570105,-0.1271451557699565,0.9499999787658453,9.849999779835343,0.023065893803792703,0.7603140850241585,0.7833799788279512,0.5605337767699812,0.005493633158953499,8.0
2026-09-25 19:10:00,-0.09570105,-0.163158729076067,0.9499999787658453,9.849999779835343,0.023065893803792703,0.7603140850241585,0.7833799788279512,0.5245202034638707,0.005493633158953499,8.0
2026-09-25 19:20:00,-0.09570105,-0.19821421613860593,0.9499999787658453,9.849999779835343,0.023065893803792703,0.7603140850241585,0.7833799788279512,0.4894647164013318,0.005493633158953499,8.0
2026-09-25 19:30:00,-0.09570105,-0.23205158528922032,0.9499999787658453,9.849999779835343,0.023065893803792703,0.7603140850241585,0.7833799788279512,0.4556273472507174,0.005493633158953499,8.0
2026-09-25 19:40:00,-0.09570105,-0.2644195865769234,0.9499999787658453,9.849999779835343,0.023065893803792703,0.7603140850241585,0.7833799788279512,0.42325934596301434,0.005493633158953499,8.0
2026-09-25 19:50:00,-0.09570105,-0.2950767246667879,0.9499999787658453,9.849999779835343,0.023065893803792703,0.7603140850241585,0.7833799788279512,0.3926022078731498,0.005493633158953499,8.0
2026-09-25 20:00:00,-0.09570105,-0.32379196917868724,0.9499999787658453,9.849999779835343,0.023065893803792703,0.7603140850241585,0.7833799788279512,0.3638869633612505,0.005493633158953499,8.0
2026-09-25 20:10:00,-0.09570105,-0.35034532625425985,0.9499999787658453,9.849999779835343,0.023065893803792703,0.7603140850241585,0.7833799788279512,0.3373336062856779,0.005493633158953499,8.0
2026-09-25 20:20:00,-0.09570105,-0.37452840958000805,0.9499999787658453,9.849999779835343,0.023065893803792703,0.7603140850241585,0.7833799788279512,0.3131505229599297,0.005493633158953499,8.0
2026-09-25 20:30:00,-0.09570105,-0.3961451461591738,0.9499999787658453,9.849999779835343,0.023065893803792703,0.7603140850241585,0.7833799788279512,0.29153378638076394,0.005493633158953499,8.0
2026-09-25 20:40:00,-0.09570105,-0.4150127321364485,0.9499999787658453,9.849999779835343,0.023065893803792703,0.7603140850241585,0.7833799788279512,0.2726662004034892,0.005493633158953499,8.0
2026-09-25 20:50:00,-0.09570105,-0.4309629188456664,0.9499999787658453,9.849999779835343,0.023065893803792703,0.7603140850241585,0.7833799788279512,0.25671601369427133,0.005493633158953499,8.0
2026-09-25 21:00:00,-0.09570105,-0.4438436629104416,0.9499999787658453,9.889999778941274,0.023159562408072064,0.7634016549125816,0.7865612173206536,0.24701650812219855,0.005493633158953499,8.0
2026-09-25 21:10:00,-0.09570105,-0.4535211216912085,0.9499999787658453,9.889999778941274,0.023159562408072064,0.7634016549125816,0.7865612173206536,0.23733904934143168,0.005493633158953499,8.0
2026-09-25 21:20:00,-0.09570105,-0.45988192256736765,0.9499999787658453,9.889999778941274,0.023159562408072064,0.7634016549125816,0.7865612173206536,0.2309782484652726,0.005493633158953499,8.0
2026-09-25 21:30:00,-0.09570105,-0.46283558739606745,0.9499999787658453,9.889999778941274,0.023159562408072064,0.7634016549125816,0.7865612173206536,0.22802458363657274,0.005493633158953499,8.0
2026-09-25 21:40:00,-0.09570105,-0.46231695737877265,0.9499999787658453,9.889999778941274,0.023159562408072064,0.7634016549125816,0.7865612173206536,0.22854321365386754,0.005493633158953499,8.0
2026-09-25 21:50:00,-0.09570105,-0.4582884427138522,0.9499999787658453,9.889999778941274,0.023159562408072064,0.7634016549125816,0.7865612173206536,0.23257172831878792,0.005493633158953499,8.0
2026-09-25 22:00:00,-0.09570105,-0.4507419183641853,0.9499999787658453,9.889999778941274,0.023159562408072064,0.7634016549125816,0.7865612173206536,0.24011825266845488,0.005493633158953499,8.0
2026-09-25 22:10:00,-0.09570105,-0.43970010265921283,0.9499999787658453,9.889999778941274,0.023159562408072064,0.7634016549125816,0.7865612173206536,0.2511600683734273,0.005493633158953499,8.0
2026-09-25 22:20:00,-0.09570105,-0.4252172878503601,0.9499999787658453,9.889999778941274,0.023159562408072064,0.7634016549125816,0.7865612173206536,0.26564288318228,0.005493633158953499,8.0
2026-09-25 22:30:00,-0.09570105,-0.4073793379381156,0.9499999787658453,9.889999778941274,0.023159562408072064,0.7634016549125816,0.7865612173206536,0.28348083309452454,0.005493633158953499,8.0
2026-09-25 22:40:00,-0.09570105,-0.3863029242518876,0.9499999787658453,9.889999778941274,0.023159562408072064,0.7634016549125816,0.7865612173206536,0.3045572467807526,0.005493633158953499,8.0
2026-09-25 22:50:00,-0.09570105,-0.36213402769946035,0.9499999787658453,9.889999778941274,0.023159562408072064,0.7634016549125816,0.7865612173206536,0.32872614333317984,0.005493633158953499,8.0
2026-09-25 23:00:00,-0.09570105,-0.33504579211083313,0.9499999787658453,9.889999778941274,0.023159562408072064,0.7634016549125816,0.7865612173206536,0.35581437892180706,0.005493633158953499,8.0
2026-09-25 23:10:00,-0.09570105,-0.3052358600188167,0.9499999787658453,9.889999778941274,0.023159562408072064,0.7634016549125816,0.7865612173206536,0.3856243110138235,0.005493633158953499,8.0
2026-09-25 23:20:00,-0.09570105,-0.2729233555492133,0.9499999787658453,9.889999778941274,0.023159562408072064,0.7634016549125816,0.7865612173206536,0.41793681548342687,0.005493633158953499,8.0
2026-09-25 23:30:00,-0.09570105,-0.23834569568392616,0.9499999787658453,9.889999778941274,0.023159562408072064,0.7634016549125816,0.7865612173206536,0.45251447534871403,0.005493633158953499,8.0
2026-09-25 23:40:00,-0.09570105,-0.20175540931179378,0.9499999787658453,9.889999778941274,0.023159562408072064,0.7634016549125816,0.7865612173206536,0.4891047617208464,0.005493633158953499,8.0
2026-09-25 23:50:00,-0.09570105,-0.1634171239303293,0.9499999787658453,9.889999778941274,0.023159562408072064,0.7634016549125816,0.7865612173206536,0.5274430471023108,0.005493633158953499,8.0
2026-09-26 00:00:00,-0.061619863,-0.1236048448418722,0.9299999792128801,9.899999778717756,0.02293765011946447,0.7560868272235476,0.7790244773430121,0.5937997695870545,0.005493633158953499,8.0
2026-09-26 00:10:00,-0.061619863,-0.08259960550562136,0.9299999792128801,9.899999778717756,0.02293765011946447,0.7560868272235476,0.7790244773430121,0.6348050089233053,0.005493633158953499,8.0
2026-09-26 00:20:00,-0.061619863,-0.040687515576178196,0.9299999792128801,9.899999778717756,0.02293765011946447,0.7560868272235476,0.7790244773430121,0.6767170988527484,0.005493633158953499,8.0
2026-09-26 00:30:00,-0.061619863,0.0018418190658273676,0.9299999792128801,9.899999778717756,0.02293765011946447,0.7560868272235476,0.7790244773430121,0.719246433494754,0.005493633158953499,8.0
2026-09-26 00:40:00,-0.061619863,0.044696576270078316,0.9299999792128801,9.899999778717756,0.02293765011946447,0.7560868272235476,0.7790244773430121,0.762101190699005,0.005493633158953499,8.0
2026-09-26 00:50:00,-0.061619863,0.08758380507925899,0.9299999792128801,9.899999778717756,0.02293765011946447,0.7560868272235476,0.7790244773430121,0.8049884195081857,0.005493633158953499,8.0
2026-09-26 01:00:00,-0.061619863,0.1302104487889468,0.9299999792128801,9.899999778717756,0.02293765011946447,0.7560868272235476,0.7790244773430121,0.8476150632178735,0.005493633158953499,8.0
2026-09-26 01:10:00,-0.061619863,0.17228443560017748,0.9299999792128801,9.899999778717756,0.02293765011946447,0.7560868272235476,0.7790244773430121,0.8896890500291041,0.005493633158953499,8.0
2026-09-26 01:20:00,-0.061619863,0.21351595550717292,0.9299999792128801,9.899999778717756,0.02293765011946447,0.7560868272235476,0.7790244773430121,0.9309205699360996,0.005493633158953499,8.0
2026-09-26 01:30:00,-0.061619863,0.25361901353703753,0.9299999792128801,9.899999778717756,0.02293765011946447,0.7560868272235476,0.7790244773430121,0.9710236279659642,0.005493633158953499,8.0
2026-09-26 01:40:00,-0.061619863,0.29231330901637925,0.9299999792128801,9.899999778717756,0.02293765011946447,0.7560868272235476,0.7790244773430121,1.009717923445306,0.005493633158953499,8.0
2026-09-26 01:50:00,-0.061619863,0.3293264431300866,0.9299999792128801,9.899999778717756,0.02293765011946447,0.7560868272235476,0.7790244773430121,1.0467310575590132,0.005493633158953499,8.0
2026-09-26 02:00:00,-0.061619863,0.3643964082535873,0.9299999792128801,9.899999778717756,0.02293765011946447,0.7560868272235476,0.7790244773430121,1.081801022682514,0.005493633158953499,8.0
2026-09-26 02:10:00,-0.061619863,0.39727426800870497,0.9299999792128801,9.899999778717756,0.02293765011946447,0.7560868272235476,0.7790244773430121,1.1146788824376317,0.005493633158953499,8.0
2026-09-26 02:20:00,-0.061619863,0.42772690211529807,0.9299999792128801,9.899999778717756,0.02293765011946447,0.7560868272235476,0.7790244773430121,1.1451315165442248,0.005493633158953499,8.0
2026-09-26 02:30:00,-0.061619863,0.4555396688078716,0.9299999792128801,9.899999778717756,0.02293765011946447,0.7560868272235476,0.7790244773430121,1.1729442832367982,0.005493633158953499,8.0
2026-09-26 02:40:00,-0.061619863,0.48051883257157635,0.9299999792128801,9.899999778717756,0.02293765011946447,0.7560868272235476,0.7790244773430121,1.1979234470005031,0.005493633158953499,8.0
2026-09-26 02:50:00,-0.061619863,0.5024936167745547,0.9299999792128801,9.899999778717756,0.02293765011946447,0.7560868272235476,0.7790244773430121,1.2198982312034814,0.005493633158953499,8.0
2026-09-26 03:00:00,-0.061619863,0.5213177682812153,0.909999979659915,9.899999778717756,0.022689668238349045,0.7479126754370756,0.7706023436754247,1.2303002490425547,0.005493633158953499,8.0
2026-09-26 03:10:00,-0.061619863,0.5368705612215332,0.909999979659915,9.899999778717756,0.022689668238349045,0.7479126754370756,0.7706023436754247,1.2458530419828726,0.005493633158953499,8.0
2026-09-26 03:20:00,-0.061619863,0.5490572153230125,0.909999979659915,9.899999778717756,0.022689668238349045,0.7479126754370756,0.7706023436754247,1.2580396960843518,0.005493633158953499,8.0
2026-09-26 03:30:00,-0.061619863,0.5578087551563198,0.909999979659915,9.899999778717756,0.022689668238349045,0.7479126754370756,0.7706023436754247,1.2667912359176592,0.005493633158953499,8.0
2026-09-26 03:40:00,-0.061619863,0.5630813845840852,0.909999979659915,9.899999778717756,0.022689668238349045,0.7479126754370756,0.7706023436754247,1.2720638653454244,0.005493633158953499,8.0
2026-09-26 03:50:00,-0.061619863,0.5648554902426114,0.909999979659915,9.899999778717756,0.022689668238349045,0.7479126754370756,0.7706023436754247,1.2738379710039507,0.005493633158953499,8.0
2026-09-26 04:00:00,-0.061619863,0.5631344146000643,0.909999979659915,9.899999778717756,0.022689668238349045,0.7479126754370756,0.7706023436754247,1.2721168953614037,0.005493633158953499,8.0
2026-09-26 04:10:00,-0.061619863,0.5579431499972686,0.909999979659915,9.899999778717756,0.022689668238349045,0.7479126754370756,0.7706023436754247,1.2669256307586079,0.005493633158953499,8.0
2026-09-26 04:20:00,-0.061619863,0.5493270989639712,0.909999979659915,9.899999778717756,0.022689668238349045,0.7479126754370756,0.7706023436754247,1.2583095797253105,0.005493633158953499,8.0
2026-09-26 04:30:00,-0.061619863,0.537351023651314,0.909999979659915,9.899999778717756,0.022689668238349045,0.7479126754370756,0.7706023436754247,1.2463335044126533,0.005493633158953499,8.0
2026-09-26 04:40:00,-0.061619863,0.5220982711052251,0.909999979659915,9.899999778717756,0.022689668238349045,0.7479126754370756,0.7706023436754247,1.2310807518665645,0.005493633158953499,8.0
2026-09-26 04:50:00,-0.061619863,0.5036703154134995,0.909999979659915,9.899999778717756,0.022689668238349045,0.7479126754370756,0.7706023436754247,1.2126527961748388,0.005493633158953499,8.0
2026-09-26 05:00:00,-0.061619863,0.48218660767245836,0.909999979659915,9.899999778717756,0.022689668238349045,0.7479126754370756,0.7706023436754247,1.1911690884337975,0.005493633158953499,8.0
2026-09-26 05:10:00,-0.061619863,0.45778467609592555,0.909999979659915,9.899999778717756,0.022689668238349045,0.7479126754370756,0.7706023436754247,1.1667671568572648,0.005493633158953499,8.0
2026-09-26 05:20:00,-0.061619863,0.430620376747768,0.909999979659915,9.899999778717756,0.022689668238349045,0.7479126754370756,0.7706023436754247,1.1396028575091073,0.005493633158953499,8.0
2026-09-26 05:30:00,-0.061619863,0.4008681654570237,0.909999979659915,9.899999778717756,0.022689668238349045,0.7479126754370756,0.7706023436754247,1.109850646218363,0.005493633158953499,8.0
2026-09-26 05:40:00,-0.061619863,0.36872124645717796,0.909999979659915,9.899999778717756,0.022689668238349045,0.7479126754370756,0.7706023436754247,1.0777037272185173,0.005493633158953499,8.0
2026-09-26 05:50:00,-0.061619863,0.3343914554332203,0.909999979659915,9.899999778717756,0.022689668238349045,0.7479126754370756,0.7706023436754247,1.0433739361945595,0.005493633158953499,8.0
2026-09-26 06:00:00,-0.061619863,0.2981087533054294,0.8999999798834324,10.559999763965607,0.024068965696828277,0.7933780406225925,0.8174470063194208,1.0539358967107648,0.005493633158953499,8.0
2026-09-26 06:10:00,-0.061619863,0.26012024050578975,0.8999999798834324,10.559999763965607,0.024068965696828277,0.7933780406225925,0.8174470063194208,1.0159473839111253,0.005493633158953499,8.0
2026-09-26 06:20:00,-0.061619863,0.22068864575243083,0.8999999798834324,10.559999763965607,0.024068965696828277,0.7933780406225925,0.8174470063194208,0.9765157891577663,0.005493633158953499,8.0
2026-09-26 06:30:00,-0.061619863,0.18009029350704006,0.8999999798834324,10.559999763965607,0.024068965696828277,0.7933780406225925,0.8174470063194208,0.9359174369123755,0.005493633158953499,8.0
2026-09-26 06:40:00,-0.061619863,0.13861260479169205,0.8999999798834324,10.559999763965607,0.024068965696828277,0.7933780406225925,0.8174470063194208,0.8944397481970274,0.005493633158953499,8.0
2026-09-26 06:50:00,-0.061619863,0.0965512309653885,0.8999999798834324,10.559999763965607,0.024068965696828277,0.7933780406225925,0.8174470063194208,0.852378374370724,0.005493633158953499,8.0
2026-09-26 07:00:00,-0.061619863,0.05420695470785104,0.8999999798834324,10.559999763965607,0.024068965696828277,0.7933780406225925,0.8174470063194208,0.8100340981131865,0.005493633158953499,8.0
2026-09-26 07:10:00,-0.061619863,0.011882512406922445,0.8999999798834324,10.559999763965607,0.024068965696828277,0.7933780406225925,0.8174470063194208,0.7677096558122578,0.005493633158953499,8.0
2026-09-26 07:20:00,-0.061619863,-0.03012050426992717,0.8999999798834324,10.559999763965607,0.024068965696828277,0.7933780406225925,0.8174470063194208,0.7257066391354082,0.005493633158953499,8.0
2026-09-26 07:30:00,-0.061619863,-0.07150452349888735,0.8999999798834324,10.559999763965607,0.024068965696828277,0.7933780406225925,0.8174470063194208,0.684322619906448,0.005493633158953499,8.0
2026-09-26 07:40:00,-0.061619863,-0.1119785299743788,0.8999999798834324,10.559999763965607,0.024068965696828277,0.7933780406225925,0.8174470063194208,0.6438486134309567,0.005493633158953499,8.0
2026-09-26 07:50:00,-0.061619863,-0.15126018911900196,0.8999999798834324,10.559999763965607,0.024068965696828277,0.7933780406225925,0.8174470063194208,0.6045669542863334,0.005493633158953499,8.0
2026-09-26 08:00:00,-0.061619863,-0.1890775333596428,0.8999999798834324,10.559999763965607,0.024068965696828277,0.7933780406225925,0.8174470063194208,0.5667496100456926,0.005493633158953499,8.0
2026-09-26 08:10:00,-0.061619863,-0.22517023525396998,0.8999999798834324,10.559999763965607,0.024068965696828277,0.7933780406225925,0.8174470063194208,0.5306569081513655,0.005493633158953499,8.0
2026-09-26 08:20:00,-0.061619863,-0.259290538631633,0.8999999798834324,10.559999763965607,0.024068965696828277,0.7933780406225925,0.8174470063194208,0.49653660477370243,0.005493633158953499,8.0
2026-09-26 08:30:00,-0.061619863,-0.291203955735212,0.8999999798834324,10.559999763965607,0.024068965696828277,0.7933780406225925,0.8174470063194208,0.4646231876701234,0.005493633158953499,8.0
2026-09-26 08:40:00,-0.061619863,-0.3206898616658727,0.8999999798834324,10.559999763965607,0.024068965696828277,0.7933780406225925,0.8174470063194208,0.4351372817394627,0.005493633158953499,8.0
2026-09-26 08:50:00,-0.061619863,-0.34754212403342793,0.8999999798834324,10.559999763965607,0.024068965696828277,0.7933780406225925,0.8174470063194208,0.4082850193719075,0.005493633158953499,8.0
2026-09-26 09:00:00,-0.061619863,-0.37156989507985544,0.8799999803304672,11.76999973692,0.02652711706609022,0.8744053411499174,0.9009324582160076,0.4677427002220668,0.005493633158953499,8.0
2026-09-26 09:10:00,-0.061619863,-0.3925986664114143,0.8799999803304672,11.76999973692,0.02652711706609022,0.8744053411499174,0.9009324582160076,0.446713928890508,0.005493633158953499,8.0
2026-09-26 09:20:00,-0.061619863,-0.41047164596136465,0.8799999803304672,11.76999973692,0.02652711706609022,0.8744053411499174,0.9009324582160076,0.4288409493405576,0.005493633158953499,8.0
2026-09-26 09:30:00,-0.061619863,-0.42505146732961396,0.8799999803304672,11.76999973692,0.02652711706609022,0.8744053411499174,0.9009324582160076,0.4142611279723083,0.005493633158953499,8.0
2026-09-26 09:40:00,-0.061619863,-0.4362221887278325,0.8799999803304672,11.76999973692,0.02652711706609022,0.8744053411499174,0.9009324582160076,0.40309040657408973,0.005493633158953499,8.0
2026-09-26 09:50:00,-0.061619863,-0.4438914883949109,0.8799999803304672,11.76999973692,0.02652711706609022,0.8744053411499174,0.9009324582160076,0.3954211069070114,0.005493633158953499,8.0
2026-09-26 10:00:00,-0.061619863,-0.44799292131889706,0.8799999803304672,11.76999973692,0.02652711706609022,0.8744053411499174,0.9009324582160076,0.39131967398302514,0.005493633158953499,8.0
2026-09-26 10:10:00,-0.061619863,-0.44848807318447975,0.8799999803304672,11.76999973692,0.02652711706609022,0.8744053411499174,0.9009324582160076,0.39082452211744245,0.005493633158953499,8.0
2026-09-26 10:20:00,-0.061619863,-0.44536843529969034,0.8799999803304672,11.76999973692,0.02652711706609022,0.8744053411499174,0.9009324582160076,0.393944160002232,0.005493633158953499,8.0
2026-09-26 10:30:00,-0.061619863,-0.43865683026013325,0.8799999803304672,11.76999973692,0.02652711706609022,0.8744053411499174,0.9009324582160076,0.400655765041789,0.005493633158953499,8.0
2026-09-26 10:40:00,-0.061619863,-0.4284082421594701,0.8799999803304672,11.76999973692,0.02652711706609022,0.8744053411499174,0.9009324582160076,0.41090435314245216,0.005493633158953499,8.0
2026-09-26 10:50:00,-0.061619863,-0.4147099447787311,0.8799999803304672,11.76999973692,0.02652711706609022,0.8744053411499174,0.9009324582160076,0.4246026505231912,0.005493633158953499,8.0
2026-09-26 11:00:00,-0.061619863,-0.39768087235973354,0.8799999803304672,11.76999973692,0.02652711706609022,0.8744053411499174,0.9009324582160076,0.4416317229421887,0.005493633158953499,8.0
2026-09-26 11:10:00,-0.061619863,-0.37747023509494443,0.8799999803304672,11.76999973692,0.02652711706609022,0.8744053411499174,0.9009324582160076,0.46184236020697783,0.005493633158953499,8.0
2026-09-26 11:20:00,-0.061619863,-0.3542554390825906,0.8799999803304672,11.76999973692,0.02652711706609022,0.8744053411499174,0.9009324582160076,0.48505715621933165,0.005493633158953499,8.0
2026-09-26 11:30:00,-0.061619863,-0.32823942256337135,0.8799999803304672,11.76999973692,0.02652711706609022,0.8744053411499174,0.9009324582160076,0.5110731727385509,0.005493633158953499,8.0
2026-09-26 11:40:00,-0.061619863,-0.29964756080757093,0.8799999803304672,11.76999973692,0.02652711706609022,0.8744053411499174,0.9009324582160076,0.5396650344943513,0.005493633158953499,8.0
2026-09-26 11:50:00,-0.061619863,-0.2687243175751956,0.8799999803304672,11.76999973692,0.02652711706609022,0.8744053411499174,0.9009324582160076,0.5705882777267266,0.005493633158953499,8.0
2026-09-26 12:00:00,-0.061619863,-0.23572982844102597,0.8699999805539846,11.689999738708138,0.026196688289280932,0.8635135172629933,0.8897102055522742,0.5923605141971628,0.005493633158953499,8.0
2026-09-26 12:10:00,-0.061619863,-0.20093659049177112,0.8699999805539846,11.689999738708138,0.026196688289280932,0.8635135172629933,0.8897102055522742,0.6271537521464177,0.005493633158953499,8.0
2026-09-26 12:20:00,-0.061619863,-0.1646264051204014,0.8699999805539846,11.689999738708138,0.026196688289280932,0.8635135172629933,0.8897102055522742,0.6634639375177874,0.005493633158953499,8.0
2026-09-26 12:30:00,-0.061619863,-0.12708767921505626,0.8699999805539846,11.689999738708138,0.026196688289280932,0.8635135172629933,0.8897102055522742,0.7010026634231326,0.005493633158953499,8.0
2026-09-26 12:40:00,-0.061619863,-0.08861313992168299,0.8699999805539846,11.689999738708138,0.026196688289280932,0.8635135172629933,0.8897102055522742,0.7394772027165059,0.005493633158953499,8.0
2026-09-26 12:50:00,-0.061619863,-0.04949796465529856,0.8699999805539846,11.689999738708138,0.026196688289280932,0.8635135172629933,0.8897102055522742,0.7785923779828903,0.005493633158953499,8.0
2026-09-26 13:00:00,-0.061619863,-0.010038277677049958,0.8699999805539846,11.689999738708138,0.026196688289280932,0.8635135172629933,0.8897102055522742,0.8180520649611389,0.005493633158953499,8.0
2026-09-26 13:10:00,-0.061619863,0.0294700778421527,0.8699999805539846,11.689999738708138,0.026196688289280932,0.8635135172629933,0.8897102055522742,0.8575604204803415,0.005493633158953499,8.0
2026-09-26 13:20:00,-0.061619863,0.0687326122590523,0.8699999805539846,11.689999738708138,0.026196688289280932,0.8635135172629933,0.8897102055522742,0.8968229548972411,0.005493633158953499,8.0
2026-09-26 13:30:00,-0.061619863,0.10745723977486359,0.8699999805539846,11.689999738708138,0.026196688289280932,0.8635135172629933,0.8897102055522742,0.9355475824130524,0.005493633158953499,8.0
2026-09-26 13:40:00,-0.061619863,0.14535543565198009,0.8699999805539846,11.689999738708138,0.026196688289280932,0.8635135172629933,0.8897102055522742,0.9734457782901689,0.005493633158953499,8.0
2026-09-26 13:50:00,-0.061619863,0.1821436088227173,0.8699999805539846,11.689999738708138,0.026196688289280932,0.8635135172629933,0.8897102055522742,1.010233951460906,0.005493633158953499,8.0
2026-09-26 14:00:00,-0.061619863,0.21754476376725085,0.8699999805539846,11.689999738708138,0.026196688289280932,0.8635135172629933,0.8897102055522742,1.0456351064054397,0.005493633158953499,8.0
2026-09-26 14:10:00,-0.061619863,0.2512904812005466,0.8699999805539846,11.689999738708138,0.026196688289280932,0.8635135172629933,0.8897102055522742,1.0793808238387355,0.005493633158953499,8.0
2026-09-26 14:20:00,-0.061619863,0.28312319843973965,0.8699999805539846,11.689999738708138,0.026196688289280932,0.8635135172629933,0.8897102055522742,1.1112135410779285,0.005493633158953499,8.0
2026-09-26 14:30:00,-0.061619863,0.31279872274350184,0.8699999805539846,11.689999738708138,0.026196688289280932,0.8635135172629933,0.8897102055522742,1.1408890653816908,0.005493633158953499,8.0
2026-09-26 14:40:00,-0.061619863,0.34008887044474817,0.8699999805539846,11.689999738708138,0.026196688289280932,0.8635135172629933,0.8897102055522742,1.168179213082937,0.005493633158953499,8.0
2026-09-26 14:50:00,-0.061619863,0.36478409559599395,0.8699999805539846,11.689999738708138,0.026196688289280932,0.8635135172629933,0.8897102055522742,1.1928744382341827,0.005493633158953499,8.0
2026-09-26 15:00:00,-0.061619863,0.38669595805057433,0.8399999812245369,11.61999974027276,0.025586920875762125,0.8434139383335669,0.869000859209329,1.1940769543458178,0.005493633158953499,8.0
2026-09-26 15:10:00,-0.061619863,0.40565928364584664,0.8399999812245369,11.61999974027276,0.025586920875762125,0.8434139383335669,0.869000859209329,1.2130402799410902,0.005493633158953499,8.0
2026-09-26 15:20:00,-0.061619863,0.42153388851549395,0.8399999812245369,11.61999974027276,0.025586920875762125,0.8434139383335669,0.869000859209329,1.2289148848107376,0.005493633158953499,8.0
2026-09-26 15:30:00,-0.061619863,0.43420577328292326,0.8399999812245369,11.61999974027276,0.025586920875762125,0.8434139383335669,0.869000859209329,1.2415867695781668,0.005493633158953499,8.0
2026-09-26 15:40:00,-0.061619863,0.4435877371938545,0.8399999812245369,11.61999974027276,0.025586920875762125,0.8434139383335669,0.869000859209329,1.2509687334890982,0.005493633158953499,8.0
2026-09-26 15:50:00,-0.061619863,0.4496194122307253,0.8399999812245369,11.61999974027276,0.025586920875762125,0.8434139383335669,0.869000859209329,1.257000408525969,0.005493633158953499,8.0
2026-09-26 16:00:00,-0.061619863,0.45226676719653536,0.8399999812245369,11.61999974027276,0.025586920875762125,0.8434139383335669,0.869000859209329,1.2596477634917789,0.005493633158953499,8.0
2026-09-26 16:10:00,-0.061619863,0.45152117608649944,0.8399999812245369,11.61999974027276,0.025586920875762125,0.8434139383335669,0.869000859209329,1.258902172381743,0.005493633158953499,8.0
2026-09-26 16:20:00,-0.061619863,0.4473981787671657,0.8399999812245369,11.61999974027276,0.025586920875762125,0.8434139383335669,0.869000859209329,1.2547791750624093,0.005493633158953499,8.0
2026-09-26 16:30:00,-0.061619863,0.43993608121620953,0.8399999812245369,11.61999974027276,0.025586920875762125,0.8434139383335669,0.869000859209329,1.247317077511453,0.005493633158953499,8.0
2026-09-26 16:40:00,-0.061619863,0.42919454528446227,0.8399999812245369,11.61999974027276,0.025586920875762125,0.8434139383335669,0.869000859209329,1.236575541579706,0.005493633158953499,8.0
2026-09-26 16:50:00,-0.061619863,0.4152533037304231,0.8399999812245369,11.61999974027276,0.025586920875762125,0.8434139383335669,0.869000859209329,1.2226343000256668,0.005493633158953499,8.0
2026-09-26 17:00:00,-0.061619863,0.39821110686942784,0.8399999812245369,11.61999974027276,0.025586920875762125,0.8434139383335669,0.869000859209329,1.2055921031646715,0.005493633158953499,8.0
2026-09-26 17:10:00,-0.061619863,0.3781849659551805,0.8399999812245369,11.61999974027276,0.025586920875762125,0.8434139383335669,0.869000859209329,1.1855659622504242,0.005493633158953499,8.0
2026-09-26 17:20:00,-0.061619863,0.3553097099642879,0.8399999812245369,11.61999974027276,0.025586920875762125,0.8434139383335669,0.869000859209329,1.1626907062595315,0.005493633158953499,8.0
2026-09-26 17:30:00,-0.061619863,0.32973782256710016,0.8399999812245369,11.61999974027276,0.025586920875762125,0.8434139383335669,0.869000859209329,1.1371188188623438,0.005493633158953499,8.0
2026-09-26 17:40:00,-0.061619863,0.301639480097013,0.8399999812245369,11.61999974027276,0.025586920875762125,0.8434139383335669,0.869000859209329,1.1090204763922566,0.005493633158953499,8.0
2026-09-26 17:50:00,-0.061619863,0.2712026750112355,0.8399999812245369,11.61999974027276,0.025586920875762125,0.8434139383335669,0.869000859209329,1.0785836713064791,0.005493633158953499,8.0
2026-09-26 18:00:00,-0.061619863,0.23863328628811217,0.8199999816715717,11.449999744072556,0.024910627519507317,0.821121484863403,0.8460321123829103,1.023045535756937,0.005493633158953499,8.0
2026-09-26 18:10:00,-0.061619863,0.20415495173624432,0.8199999816715717,11.449999744072556,0.024910627519507317,0.821121484863403,0.8460321123829103,0.9885672012050692,0.005493633158953499,8.0
2026-09-26 18:20:00,-0.061619863,0.16800860752638172,0.8199999816715717,11.449999744072556,0.024910627519507317,0.821121484863403,0.8460321123829103,0.9524208569952066,0.005493633158953499,8.0
2026-09-26 18:30:00,-0.061619863,0.13045158669192503,0.8199999816715717,11.449999744072556,0.024910627519507317,0.821121484863403,0.8460321123829103,0.91486383616075,0.005493633158953499,8.0
2026-09-26 18:40:00,-0.061619863,0.09175620783527336,0.8199999816715717,11.449999744072556,0.024910627519507317,0.821121484863403,0.8460321123829103,0.8761684573040983,0.005493633158953499,8.0
2026-09-26 18:50:00,-0.061619863,0.05220783324308803,0.8199999816715717,11.449999744072556,0.024910627519507317,0.821121484863403,0.8460321123829103,0.836620082711913,0.005493633158953499,8.0
2026-09-26 19:00:00,-0.061619863,0.012102427104675413,0.8199999816715717,11.449999744072556,0.024910627519507317,0.821121484863403,0.8460321123829103,0.7965146765735004,0.005493633158953499,8.0
2026-09-26 19:10:00,-0.061619863,-0.02825630690083374,0.8199999816715717,11.449999744072556,0.024910627519507317,0.821121484863403,0.8460321123829103,0.7561559425679912,0.005493633158953499,8.0
2026-09-26 19:20:00,-0.061619863,-0.0685600883418897,0.8199999816715717,11.449999744072556,0.024910627519507317,0.821121484863403,0.8460321123829103,0.7158521611269353,0.005493633158953499,8.0
2026-09-26 19:30:00,-0.061619863,-0.10849937485564609,0.8199999816715717,11.449999744072556,0.024910627519507317,0.821121484863403,0.8460321123829103,0.6759128746131788,0.005493633158953499,8.0
2026-09-26 19:40:00,-0.061619863,-0.1477666681584536,0.8199999816715717,11.449999744072556,0.024910627519507317,0.821121484863403,0.8460321123829103,0.6366455813103713,0.005493633158953499,8.0
2026-09-26 19:50:00,-0.061619863,-0.18605965522625398,0.8199999816715717,11.449999744072556,0.024910627519507317,0.821121484863403,0.8460321123829103,0.5983525942425709,0.005493633158953499,8.0
2026-09-26 20:00:00,-0.061619863,-0.2230840498239101,0.8199999816715717,11.449999744072556,0.024910627519507317,0.821121484863403,0.8460321123829103,0.5613281996449149,0.005493633158953499,8.0
2026-09-26 20:10:00,-0.061619863,-0.2585560349857469,0.8199999816715717,11.449999744072556,0.024910627519507317,0.821121484863403,0.8460321123829103,0.5258562144830781,0.005493633158953499,8.0
2026-09-26 20:20:00,-0.061619863,-0.2922042526028285,0.8199999816715717,11.449999744072556,0.024910627519507317,0.821121484863403,0.8460321123829103,0.4922079968659964,0.005493633158953499,8.0
2026-09-26 20:30:00,-0.061619863,-0.32377133648519296,0.8199999816715717,11.449999744072556,0.024910627519507317,0.821121484863403,0.8460321123829103,0.46064091298363197,0.005493633158953499,8.0
2026-09-26 20:40:00,-0.061619863,-0.3530150348675142,0.8199999816715717,11.449999744072556,0.024910627519507317,0.821121484863403,0.8460321123829103,0.43139721460131075,0.005493633158953499,8.0
2026-09-26 20:50:00,-0.061619863,-0.37970901095545884,0.8199999816715717,11.449999744072556,0.024910627519507317,0.821121484863403,0.8460321123829103,0.4047032385133661,0.005493633158953499,8.0
2026-09-26 21:00:00,-0.061619863,-0.40364344154521875,0.8099999818950891,11.149999750778079,0.024109579280391934,0.7947167739008006,0.8188263531811926,0.35356304872188843,0.005493633158953499,8.0
2026-09-26 21:10:00,-0.061619863,-0.42462554963054205,0.8099999818950891,11.149999750778079,0.024109579280391934,0.7947167739008006,0.8188263531811926,0.3325809406365651,0.005493633158953499,8.0
2026-09-26 21:20:00,-0.061619863,-0.4424802059012536,0.8099999818950891,11.149999750778079,0.024109579280391934,0.7947167739008006,0.8188263531811926,0.3147262843658536,0.005493633158953499,8.0
2026-09-26 21:30:00,-0.061619863,-0.4570507156949168,0.8099999818950891,11.149999750778079,0.024109579280391934,0.7947167739008006,0.8188263531811926,0.30015577457219034,0.005493633158953499,8.0
2026-09-26 21:40:00,-0.061619863,-0.4681998745372038,0.8099999818950891,11.149999750778079,0.024109579280391934,0.7947167739008006,0.8188263531811926,0.2890066157299034,0.005493633158953499,8.0
2026-09-26 21:50:00,-0.061619863,-0.475811330467658,0.8099999818950891,11.149999750778079,0.024109579280391934,0.7947167739008006,0.8188263531811926,0.2813951597994492,0.005493633158953499,8.0
2026-09-26 22:00:00,-0.061619863,-0.4797912399439186,0.8099999818950891,11.149999750778079,0.024109579280391934,0.7947167739008006,0.8188263531811926,0.2774152503231886,0.005493633158953499,8.0
2026-09-26 22:10:00,-0.061619863,-0.4800701521547701,0.8099999818950891,11.149999750778079,0.024109579280391934,0.7947167739008006,0.8188263531811926,0.27713633811233707,0.005493633158953499,8.0
2026-09-26 22:20:00,-0.061619863,-0.47660500985902815,0.8099999818950891,11.149999750778079,0.024109579280391934,0.7947167739008006,0.8188263531811926,0.280601480408079,0.005493633158953499,8.0
2026-09-26 22:30:00,-0.061619863,-0.46938111892352147,0.8099999818950891,11.149999750778079,0.024109579280391934,0.7947167739008006,0.8188263531811926,0.28782537134358566,0.005493633158953499,8.0
2026-09-26 22:40:00,-0.061619863,-0.4584139177517348,0.8099999818950891,11.149999750778079,0.024109579280391934,0.7947167739008006,0.8188263531811926,0.2987925725153724,0.005493633158953499,8.0
2026-09-26 22:50:00,-0.061619863,-0.44375037439931453,0.8099999818950891,11.149999750778079,0.024109579280391934,0.7947167739008006,0.8188263531811926,0.31345611586779265,0.005493633158953499,8.0
2026-09-26 23:00:00,-0.061619863,-0.42546985412566635,0.8099999818950891,11.149999750778079,0.024109579280391934,0.7947167739008006,0.8188263531811926,0.33173663614144083,0.005493633158953499,8.0
2026-09-26 23:10:00,-0.061619863,-0.40368433203954923,0.8099999818950891,11.149999750778079,0.024109579280391934,0.7947167739008006,0.8188263531811926,0.35352215822755795,0.005493633158953499,8.0
2026-09-26 23:20:00,-0.061619863,-0.37853787120148574,0.8099999818950891,11.149999750778079,0.024109579280391934,0.7947167739008006,0.8188263531811926,0.37866861906562144,0.005493633158953499,8.0
2026-09-26 23:30:00,-0.061619863,-0.35020534143819637,0.8099999818950891,11.149999750778079,0.024109579280391934,0.7947167739008006,0.8188263531811926,0.4070011488289108,0.005493633158953499,8.0
2026-09-26 23:40:00,-0.061619863,-0.3188904121961019,0.8099999818950891,11.149999750778079,0.024109579280391934,0.7947167739008006,0.8188263531811926,0.43831607807100526,0.005493633158953499,8.0
2026-09-26 23:50:00,-0.061619863,-0.2848229083566973,0.8099999818950891,11.149999750778079,0.024109579280391934,0.7947167739008006,0.8188263531811926,0.47238358191040986,0.005493633158953499,8.0
2026-09-27 00:00:00,-0.045570787,-0.24825566469014199,0.789999982342124,10.979999754577875,0.02344704628841657,0.7728778991588543,0.7963249454472708,0.5024984937147494,0.005493633158953499,8.0
2026-09-27 00:10:00,-0.045570787,-0.20946104825729284,0.789999982342124,10.979999754577875,0.02344704628841657,0.7728778991588543,0.7963249454472708,0.5412931101475986,0.005493633158953499,8.0
2026-09-27 00:20:00,-0.045570787,-0.16872733460970177,0.789999982342124,10.979999754577875,0.02344704628841657,0.7728778991588543,0.7963249454472708,0.5820268237951897,0.005493633158953499,8.0
2026-09-27 00:30:00,-0.045570787,-0.1263551220047391,0.789999982342124,10.979999754577875,0.02344704628841657,0.7728778991588543,0.7963249454472708,0.6243990364001524,0.005493633158953499,8.0
2026-09-27 00:40:00,-0.045570787,-0.08265394810329907,0.789999982342124,10.979999754577875,0.02344704628841657,0.7728778991588543,0.7963249454472708,0.6681002103015924,0.005493633158953499,8.0
2026-09-27 00:50:00,-0.045570787,-0.03793923842951385,0.789999982342124,10.979999754577875,0.02344704628841657,0.7728778991588543,0.7963249454472708,0.7128149199753776,0.005493633158953499,8.0
2026-09-27 01:00:00,-0.045570787,0.007470330807862661,0.789999982342124,10.979999754577875,0.02344704628841657,0.7728778991588543,0.7963249454472708,0.7582244892127541,0.005493633158953499,8.0
2026-09-27 01:10:00,-0.045570787,0.05325502593844728,0.789999982342124,10.979999754577875,0.02344704628841657,0.7728778991588543,0.7963249454472708,0.8040091843433388,0.005493633158953499,8.0
2026-09-27 01:20:00,-0.045570787,0.09909582852111838,0.789999982342124,10.979999754577875,0.02344704628841657,0.7728778991588543,0.7963249454472708,0.8498499869260099,0.005493633158953499,8.0
2026-09-27 01:30:00,-0.045570787,0.14467585864574464,0.789999982342124,10.979999754577875,0.02344704628841657,0.7728778991588543,0.7963249454472708,0.8954300170506361,0.005493633158953499,8.0
2026-09-27 01:40:00,-0.045570787,0.18968155667571104,0.789999982342124,10.979999754577875,0.02344704628841657,0.7728778991588543,0.7963249454472708,0.9404357150806025,0.005493633158953499,8.0
2026-09-27 01:50:00,-0.045570787,0.2338037533954256,0.789999982342124,10.979999754577875,0.02344704628841657,0.7728778991588543,0.7963249454472708,0.984557911800317,0.005493633158953499,8.0
2026-09-27 02:00:00,-0.045570787,0.27673876364084243,0.789999982342124,10.979999754577875,0.02344704628841657,0.7728778991588543,0.7963249454472708,1.0274929220457338,0.005493633158953499,8.0
2026-09-27 02:10:00,-0.045570787,0.31818962642254883,0.789999982342124,10.979999754577875,0.02344704628841657,0.7728778991588543,0.7963249454472708,1.0689437848274403,0.005493633158953499,8.0
2026-09-27 02:20:00,-0.045570787,0.3578675869466074,0.789999982342124,10.979999754577875,0.02344704628841657,0.7728778991588543,0.7963249454472708,1.1086217453514988,0.005493633158953499,8.0
2026-09-27 02:30:00,-0.045570787,0.3954938760379477,0.789999982342124,10.979999754577875,0.02344704628841657,0.7728778991588543,0.7963249454472708,1.1462480344428392,0.005493633158953499,8.0
2026-09-27 02:40:00,-0.045570787,0.4308017954598311,0.789999982342124,10.979999754577875,0.02344704628841657,0.7728778991588543,0.7963249454472708,1.1815559538647227,0.005493633158953499,8.0
2026-09-27 02:50:00,-0.045570787,0.463539068474182,0.789999982342124,10.979999754577875,0.02344704628841657,0.7728778991588543,0.7963249454472708,1.2142932268790734,0.005493633158953499,8.0
2026-09-27 03:00:00,-0.045570787,0.49347037014371525,0.7799999825656414,10.859999757260084,0.023043549788572287,0.7595775660046665,0.7826211157932388,1.2305206988945747,0.005493633158953499,8.0
2026-09-27 03:10:00,-0.045570787,0.5203799159454858,0.7799999825656414,10.859999757260084,0.023043549788572287,0.7595775660046665,0.7826211157932388,1.2574302446963452,0.005493633158953499,8.0
2026-09-27 03:20:00,-0.045570787,0.5440739650080145,0.7799999825656414,10.859999757260084,0.023043549788572287,0.7595775660046665,0.7826211157932388,1.2811242937588738,0.005493633158953499,8.0
2026-09-27 03:30:00,-0.045570787,0.5643830879058076,0.7799999825656414,10.859999757260084,0.023043549788572287,0.7595775660046665,0.7826211157932388,1.301433416656667,0.005493633158953499,8.0
2026-09-27 03:40:00,-0.045570787,0.5811640595444695,0.7799999825656414,10.859999757260084,0.023043549788572287,0.7595775660046665,0.7826211157932388,1.318214388295329,0.005493633158953499,8.0
2026-09-27 03:50:00,-0.045570787,0.5943012639106658,0.7799999825656414,10.859999757260084,0.023043549788572287,0.7595775660046665,0.7826211157932388,1.3313515926615254,0.005493633158953499,8.0
2026-09-27 04:00:00,-0.045570787,0.603707536510251,0.7799999825656414,10.859999757260084,0.023043549788572287,0.7595775660046665,0.7826211157932388,1.3407578652611103,0.005493633158953499,8.0
2026-09-27 04:10:00,-0.045570787,0.6093244177512728,0.7799999825656414,10.859999757260084,0.023043549788572287,0.7595775660046665,0.7826211157932388,1.346374746502132,0.005493633158953499,8.0
2026-09-27 04:20:00,-0.045570787,0.6111218409472192,0.7799999825656414,10.859999757260084,0.023043549788572287,0.7595775660046665,0.7826211157932388,1.3481721696980786,0.005493633158953499,8.0
2026-09-27 04:30:00,-0.045570787,0.6090973263750131,0.7799999825656414,10.859999757260084,0.023043549788572287,0.7595775660046665,0.7826211157932388,1.3461476551258724,0.005493633158953499,8.0
2026-09-27 04:40:00,-0.045570787,0.6032747924835374,0.7799999825656414,10.859999757260084,0.023043549788572287,0.7595775660046665,0.7826211157932388,1.3403251212343967,0.005493633158953499,8.0
2026-09-27 04:50:00,-0.045570787,0.5937031224220533,0.7799999825656414,10.859999757260084,0.023043549788572287,0.7595775660046665,0.7826211157932388,1.3307534511729127,0.005493633158953499,8.0
2026-09-27 05:00:00,-0.045570787,0.5804546355379685,0.7799999825656414,10.859999757260084,0.023043549788572287,0.7595775660046665,0.7826211157932388,1.317504964288828,0.005493633158953499,8.0
2026-09-27 05:10:00,-0.045570787,0.5636236080354396,0.7799999825656414,10.859999757260084,0.023043549788572287,0.7595775660046665,0.7826211157932388,1.300673936786299,0.005493633158953499,8.0
2026-09-27 05:20:00,-0.045570787,0.5433249653044497,0.7799999825656414,10.859999757260084,0.023043549788572287,0.7595775660046665,0.7826211157932388,1.2803752940553093,0.005493633158953499,8.0
2026-09-27 05:30:00,-0.045570787,0.5196932330206824,0.7799999825656414,10.859999757260084,0.023043549788572287,0.7595775660046665,0.7826211157932388,1.256743561771542,0.005493633158953499,8.0
2026-09-27 05:40:00,-0.045570787,0.492881788919008,0.7799999825656414,10.859999757260084,0.023043549788572287,0.7595775660046665,0.7826211157932388,1.2299321176698674,0.005493633158953499,8.0
2026-09-27 05:50:00,-0.045570787,0.4630624076500345,0.7799999825656414,10.859999757260084,0.023043549788572287,0.7595775660046665,0.7826211157932388,1.2001127364008939,0.005493633158953499,8.0
2026-09-27 06:00:00,-0.045570787,0.4304250425538551,0.7699999827891588,10.759999759495258,0.02268453540095268,0.7477434832695492,0.7704280186705019,1.1552822741819777,0.005493633158953499,8.0
2026-09-27 06:10:00,-0.045570787,0.39517774667613387,0.7699999827891588,10.759999759495258,0.02268453540095268,0.7477434832695492,0.7704280186705019,1.1200349783042565,0.005493633158953499,8.0
2026-09-27 06:20:00,-0.045570787,0.357546605155452,0.7699999827891588,10.759999759495258,0.02268453540095268,0.7477434832695492,0.7704280186705019,1.0824038367835747,0.005493633158953499,8.0
2026-09-27 06:30:00,-0.045570787,0.3177755362178401,0.7699999827891588,10.759999759495258,0.02268453540095268,0.7477434832695492,0.7704280186705019,1.0426327678459626,0.005493633158953499,8.0
2026-09-27 06:40:00,-0.045570787,0.2761258198495346,0.7699999827891588,10.759999759495258,0.02268453540095268,0.7477434832695492,0.7704280186705019,1.0009830514776572,0.005493633158953499,8.0
2026-09-27 06:50:00,-0.045570787,0.23287523193971613,0.7699999827891588,10.759999759495258,0.02268453540095268,0.7477434832695492,0.7704280186705019,0.9577324635678387,0.005493633158953499,8.0
2026-09-27 07:00:00,-0.045570787,0.18831669513673546,0.7699999827891588,10.759999759495258,0.02268453540095268,0.7477434832695492,0.7704280186705019,0.913173926764858,0.005493633158953499,8.0
2026-09-27 07:10:00,-0.045570787,0.14275640209034823,0.7699999827891588,10.759999759495258,0.02268453540095268,0.7477434832695492,0.7704280186705019,0.8676136337184708,0.005493633158953499,8.0
2026-09-27 07:20:00,-0.045570787,0.09651141752234223,0.7699999827891588,10.759999759495258,0.02268453540095268,0.7477434832695492,0.7704280186705019,0.8213686491504648,0.005493633158953499,8.0
2026-09-27 07:30:00,-0.045570787,0.0499068164321824,0.7699999827891588,10.759999759495258,0.02268453540095268,0.7477434832695492,0.7704280186705019,0.774764048060305,0.005493633158953499,8.0
2026-09-27 07:40:00,-0.045570787,0.0032724617443755434,0.7699999827891588,10.759999759495258,0.02268453540095268,0.7477434832695492,0.7704280186705019,0.7281296933724981,0.005493633158953499,8.0
2026-09-27 07:50:00,-0.045570787,-0.04306044008832997,0.7699999827891588,10.759999759495258,0.02268453540095268,0.7477434832695492,0.7704280186705019,0.6817967915397926,0.005493633158953499,8.0
2026-09-27 08:00:00,-0.045570787,-0.08876284589172795,0.7699999827891588,10.759999759495258,0.02268453540095268,0.7477434832695492,0.7704280186705019,0.6360943857363945,0.005493633158953499,8.0
2026-09-27 08:10:00,-0.045570787,-0.13351128117468716,0.7699999827891588,10.759999759495258,0.02268453540095268,0.7477434832695492,0.7704280186705019,0.5913459504534354,0.005493633158953499,8.0
2026-09-27 08:20:00,-0.045570787,-0.17699099320199568,0.7699999827891588,10.759999759495258,0.02268453540095268,0.7477434832695492,0.7704280186705019,0.5478662384261268,0.005493633158953499,8.0
2026-09-27 08:30:00,-0.045570787,-0.21889872946072444,0.7699999827891588,10.759999759495258,0.02268453540095268,0.7477434832695492,0.7704280186705019,0.5059585021673981,0.005493633158953499,8.0
2026-09-27 08:40:00,-0.045570787,-0.2589450603707104,0.7699999827891588,10.759999759495258,0.02268453540095268,0.7477434832695492,0.7704280186705019,0.46591217125741213,0.005493633158953499,8.0
2026-09-27 08:50:00,-0.045570787,-0.2968562138764263,0.7699999827891588,10.759999759495258,0.02268453540095268,0.7477434832695492,0.7704280186705019,0.42800101775169624,0.005493633158953499,8.0
2026-09-27 09:00:00,-0.045570787,-0.332375440724305,0.7699999827891588,10.669999761506915,0.022494794863212365,0.7414891232793763,0.7639839181425887,0.3860376903759043,0.005493633158953499,8.0
2026-09-27 09:10:00,-0.045570787,-0.3652639765397608,0.7699999827891588,10.669999761506915,0.022494794863212365,0.7414891232793763,0.7639839181425887,0.35314915456044854,0.005493633158953499,8.0
2026-09-27 09:20:00,-0.045570787,-0.395301705304049,0.7699999827891588,10.669999761506915,0.022494794863212365,0.7414891232793763,0.7639839181425887,0.3231114257961603,0.005493633158953499,8.0
2026-09-27 09:30:00,-0.045570787,-0.42228765365605336,0.7699999827891588,10.669999761506915,0.022494794863212365,0.7414891232793763,0.7639839181425887,0.29612547744415596,0.005493633158953499,8.0
2026-09-27 09:40:00,-0.045570787,-0.4460404540602644,0.7699999827891588,10.669999761506915,0.022494794863212365,0.7414891232793763,0.7639839181425887,0.27237267703994494,0.005493633158953499,8.0
2026-09-27 09:50:00,-0.045570787,-0.4663989059744968,0.7699999827891588,10.669999761506915,0.022494794863212365,0.7414891232793763,0.7639839181425887,0.2520142251257125,0.005493633158953499,8.0
2026-09-27 10:00:00,-0.045570787,-0.48322273888855266,0.7699999827891588,10.669999761506915,0.022494794863212365,0.7414891232793763,0.7639839181425887,0.23519039221165672,0.005493633158953499,8.0
2026-09-27 10:10:00,-0.045570787,-0.49639364212435655,0.7699999827891588,10.669999761506915,0.022494794863212365,0.7414891232793763,0.7639839181425887,0.22201948897585277,0.005493633158953499,8.0
2026-09-27 10:20:00,-0.045570787,-0.5058165780988227,0.7699999827891588,10.669999761506915,0.022494794863212365,0.7414891232793763,0.7639839181425887,0.21259655300138658,0.005493633158953499,8.0
2026-09-27 10:30:00,-0.045570787,-0.5114213437718267,0.7699999827891588,10.669999761506915,0.022494794863212365,0.7414891232793763,0.7639839181425887,0.20699178732838264,0.005493633158953499,8.0
2026-09-27 10:40:00,-0.045570787,-0.5131642952002847,0.7699999827891588,10.669999761506915,0.022494794863212365,0.7414891232793763,0.7639839181425887,0.2052488358999246,0.005493633158953499,8.0
2026-09-27 10:50:00,-0.045570787,-0.5110301082379359,0.7699999827891588,10.669999761506915,0.022494794863212365,0.7414891232793763,0.7639839181425887,0.2073830228622734,0.005493633158953499,8.0
2026-09-27 11:00:00,-0.045570787,-0.5050334194082025,0.7699999827891588,10.669999761506915,0.022494794863212365,0.7414891232793763,0.7639839181425887,0.21337971169200687,0.005493633158953499,8.0
2026-09-27 11:10:00,-0.045570787,-0.49522017830506465,0.7699999827891588,10.669999761506915,0.022494794863212365,0.7414891232793763,0.7639839181425887,0.22319295279514462,0.005493633158953499,8.0
2026-09-27 11:20:00,-0.045570787,-0.4816685483334924,0.7699999827891588,10.669999761506915,0.022494794863212365,0.7414891232793763,0.7639839181425887,0.23674458276671695,0.005493633158953499,8.0
2026-09-27 11:30:00,-0.045570787,-0.4644892158963351,0.7699999827891588,10.669999761506915,0.022494794863212365,0.7414891232793763,0.7639839181425887,0.25392391520387425,0.005493633158953499,8.0
2026-09-27 11:40:00,-0.045570787,-0.4438250069941242,0.7699999827891588,10.669999761506915,0.022494794863212365,0.7414891232793763,0.7639839181425887,0.27458812410608513,0.005493633158953499,8.0
2026-09-27 11:50:00,-0.045570787,-0.41984976077866065,0.7699999827891588,10.669999761506915,0.022494794863212365,0.7414891232793763,0.7639839181425887,0.29856337032154867,0.005493633158953499,8.0
2026-09-27 12:00:00,-0.045570787,-0.3927664664440576,0.7799999825656414,10.56999976374209,0.02242820637801188,0.7392941871702877,0.7617223935482996,0.32338514006186264,0.005493633158953499,8.0
2026-09-27 12:10:00,-0.045570787,-0.36280472719811074,0.7799999825656414,10.56999976374209,0.02242820637801188,0.7392941871702877,0.7617223935482996,0.3533468793078095,0.005493633158953499,8.0
2026-09-27 12:20:00,-0.045570787,-0.3302176666436442,0.7799999825656414,10.56999976374209,0.02242820637801188,0.7392941871702877,0.7617223935482996,0.38593393986227603,0.005493633158953499,8.0
2026-09-27 12:30:00,-0.045570787,-0.2952784335273368,0.7799999825656414,10.56999976374209,0.02242820637801188,0.7392941871702877,0.7617223935482996,0.42087317297858345,0.005493633158953499,8.0
2026-09-27 12:40:00,-0.045570787,-0.25827648607407705,0.7799999825656414,10.56999976374209,0.02242820637801188,0.7392941871702877,0.7617223935482996,0.4578751204318432,0.005493633158953499,8.0
2026-09-27 12:50:00,-0.045570787,-0.21951384456831494,0.7799999825656414,10.56999976374209,0.02242820637801188,0.7392941871702877,0.7617223935482996,0.49663776193760534,0.005493633158953499,8.0
2026-09-27 13:00:00,-0.045570787,-0.1793014898717724,0.7799999825656414,10.56999976374209,0.02242820637801188,0.7392941871702877,0.7617223935482996,0.5368501166341478,0.005493633158953499,8.0
2026-09-27 13:10:00,-0.045570787,-0.13795605747643847,0.7799999825656414,10.56999976374209,0.02242820637801188,0.7392941871702877,0.7617223935482996,0.5781955490294818,0.005493633158953499,8.0
2026-09-27 13:20:00,-0.045570787,-0.09579693495560063,0.7799999825656414,10.56999976374209,0.02242820637801188,0.7392941871702877,0.7617223935482996,0.6203546715503196,0.005493633158953499,8.0
2026-09-27 13:30:00,-0.045570787,-0.053143819725184026,0.7799999825656414,10.56999976374209,0.02242820637801188,0.7392941871702877,0.7617223935482996,0.6630077867807362,0.005493633158953499,8.0
2026-09-27 13:40:00,-0.045570787,-0.010314739892832266,0.7799999825656414,10.56999976374209,0.02242820637801188,0.7392941871702877,0.7617223935482996,0.705836866613088,0.005493633158953499,8.0
2026-09-27 13:50:00,-0.045570787,0.03237551073616986,0.7799999825656414,10.56999976374209,0.02242820637801188,0.7392941871702877,0.7617223935482996,0.7485271172420901,0.005493633158953499,8.0
2026-09-27 14:00:00,-0.045570787,0.07461661566984773,0.7799999825656414,10.56999976374209,0.02242820637801188,0.7392941871702877,0.7617223935482996,0.7907682221757679,0.005493633158953499,8.0
2026-09-27 14:10:00,-0.045570787,0.1161037794633018,0.7799999825656414,10.56999976374209,0.02242820637801188,0.7392941871702877,0.7617223935482996,0.8322553859692221,0.005493633158953499,8.0
2026-09-27 14:20:00,-0.045570787,0.15653870918168875,0.7799999825656414,10.56999976374209,0.02242820637801188,0.7392941871702877,0.7617223935482996,0.872690315687609,0.005493633158953499,8.0
2026-09-27 14:30:00,-0.045570787,0.19563066757013262,0.7799999825656414,10.56999976374209,0.02242820637801188,0.7392941871702877,0.7617223935482996,0.9117822740760528,0.005493633158953499,8.0
2026-09-27 14:40:00,-0.045570787,0.23309771217258063,0.7799999825656414,10.56999976374209,0.02242820637801188,0.7392941871702877,0.7617223935482996,0.9492493186785009,0.005493633158953499,8.0
2026-09-27 14:50:00,-0.045570787,0.26866820057306273,0.7799999825656414,10.56999976374209,0.02242820637801188,0.7392941871702877,0.7617223935482996,0.984819807078983,0.005493633158953499,8.0
2026-09-27 15:00:00,-0.045570787,0.3020825979326956,0.7999999821186066,10.41999976709485,0.022391591758218896,0.7380872705260328,0.7604788622842518,1.016990673174568,0.005493633158953499,8.0
2026-09-27 15:10:00,-0.045570787,0.33309557398229894,0.7999999821186066,10.41999976709485,0.022391591758218896,0.7380872705260328,0.7604788622842518,1.0480036492241713,0.005493633158953499,8.0
2026-09-27 15:20:00,-0.045570787,0.3614783287058749,0.7999999821186066,10.41999976709485,0.022391591758218896,0.7380872705260328,0.7604788622842518,1.0763864039477473,0.005493633158953499,8.0
2026-09-27 15:30:00,-0.045570787,0.3870210443326856,0.7999999821186066,10.41999976709485,0.022391591758218896,0.7380872705260328,0.7604788622842518,1.101929119574558,0.005493633158953499,8.0
2026-09-27 15:40:00,-0.045570787,0.40953533121333396,0.7999999821186066,10.41999976709485,0.022391591758218896,0.7380872705260328,0.7604788622842518,1.1244434064552062,0.005493633158953499,8.0
2026-09-27 15:50:00,-0.045570787,0.4288565198071909,0.7999999821186066,10.41999976709485,0.022391591758218896,0.7380872705260328,0.7604788622842518,1.1437645950490634,0.005493633158953499,8.0
2026-09-27 16:00:00,-0.045570787,0.444845652421782,0.7999999821186066,10.41999976709485,0.022391591758218896,0.7380872705260328,0.7604788622842518,1.1597537276636545,0.005493633158953499,8.0
2026-09-27 16:10:00,-0.045570787,0.4573910463025635,0.7999999821186066,10.41999976709485,0.022391591758218896,0.7380872705260328,0.7604788622842518,1.1722991215444358,0.005493633158953499,8.0
2026-09-27 16:20:00,-0.045570787,0.46640933211697055,0.7999999821186066,10.41999976709485,0.022391591758218896,0.7380872705260328,0.7604788622842518,1.181317407358843,0.005493633158953499,8.0
2026-09-27 16:30:00,-0.045570787,0.47184591524651026,0.7999999821186066,10.41999976709485,0.022391591758218896,0.7380872705260328,0.7604788622842518,1.1867539904883826,0.005493633158953499,8.0
2026-09-27 16:40:00,-0.045570787,0.47367485655227615,0.7999999821186066,10.41999976709485,0.022391591758218896,0.7380872705260328,0.7604788622842518,1.1885829317941485,0.005493633158953499,8.0
2026-09-27 16:50:00,-0.045570787,0.47189821892233375,0.7999999821186066,10.41999976709485,0.022391591758218896,0.7380872705260328,0.7604788622842518,1.1868062941642061,0.005493633158953499,8.0
2026-09-27 17:00:00,-0.045570787,0.4665449702355522,0.7999999821186066,10.41999976709485,0.022391591758218896,0.7380872705260328,0.7604788622842518,1.1814530454774246,0.005493633158953499,8.0
2026-09-27 17:10:00,-0.045570787,0.4576695674039718,0.7999999821186066,10.41999976709485,0.022391591758218896,0.7380872705260328,0.7604788622842518,1.172577642645844,0.005493633158953499,8.0
2026-09-27 17:20:00,-0.045570787,0.4453503660054522,0.7999999821186066,10.41999976709485,0.022391591758218896,0.7380872705260328,0.7604788622842518,1.1602584412473247,0.005493633158953499,8.0
2026-09-27 17:30:00,-0.045570787,0.4296880034781955,0.7999999821186066,10.41999976709485,0.022391591758218896,0.7380872705260328,0.7604788622842518,1.144596078720068,0.005493633158953499,8.0
2026-09-27 17:40:00,-0.045570787,0.41080389052535715,0.7999999821186066,10.41999976709485,0.022391591758218896,0.7380872705260328,0.7604788622842518,1.1257119657672296,0.005493633158953499,8.0
2026-09-27 17:50:00,-0.045570787,0.3888389168583964,0.7999999821186066,10.41999976709485,0.022391591758218896,0.7380872705260328,0.7604788622842518,1.1037469921002687,0.005493633158953499,8.0
2026-09-27 18:00:00,-0.045570787,0.36395243697070206,0.8199999816715717,10.169999772682786,0.02212585867889864,0.7293279913590225,0.7514538500379211,1.0698354999662438,0.005493633158953499,8.0
2026-09-27 18:10:00,-0.045570787,0.3363215539036483,0.8199999816715717,10.169999772682786,0.02212585867889864,0.7293279913590225,0.7514538500379211,1.04220461689919,0.005493633158953499,8.0
2026-09-27 18:20:00,-0.045570787,0.30614066950543,0.8199999816715717,10.169999772682786,0.02212585867889864,0.7293279913590225,0.7514538500379211,1.0120237325009718,0.005493633158953499,8.0
2026-09-27 18:30:00,-0.045570787,0.27362122416284773,0.8199999816715717,10.169999772682786,0.02212585867889864,0.7293279913590225,0.7514538500379211,0.9795042871583894,0.005493633158953499,8.0
2026-09-27 18:40:00,-0.045570787,0.2389915126395912,0.8199999816715717,10.169999772682786,0.02212585867889864,0.7293279913590225,0.7514538500379211,0.9448745756351329,0.005493633158953499,8.0
2026-09-27 18:50:00,-0.045570787,0.20249643982841822,0.8199999816715717,10.169999772682786,0.02212585867889864,0.7293279913590225,0.7514538500379211,0.90837950282396,0.005493633158953499,8.0
2026-09-27 19:00:00,-0.045570787,0.16439707355293148,0.8199999816715717,10.169999772682786,0.02212585867889864,0.7293279913590225,0.7514538500379211,0.8702801365484731,0.005493633158953499,8.0
2026-09-27 19:10:00,-0.045570787,0.12496986190473294,0.8199999816715717,10.169999772682786,0.02212585867889864,0.7293279913590225,0.7514538500379211,0.8308529249002746,0.005493633158953499,8.0
2026-09-27 19:20:00,-0.045570787,0.08450540907876229,0.8199999816715717,10.169999772682786,0.02212585867889864,0.7293279913590225,0.7514538500379211,0.790388472074304,0.005493633158953499,8.0
2026-09-27 19:30:00,-0.045570787,0.043306743160406905,0.8199999816715717,10.169999772682786,0.02212585867889864,0.7293279913590225,0.7514538500379211,0.7491898061559487,0.005493633158953499,8.0
2026-09-27 19:40:00,-0.045570787,0.0016870577434610968,0.8199999816715717,10.169999772682786,0.02212585867889864,0.7293279913590225,0.7514538500379211,0.7075701207390028,0.005493633158953499,8.0
2026-09-27 19:50:00,-0.045570787,-0.040033039078709025,0.8199999816715717,10.169999772682786,0.02212585867889864,0.7293279913590225,0.7514538500379211,0.6658500239168327,0.005493633158953499,8.0
2026-09-27 20:00:00,-0.045570787,-0.0815286853404903,0.8199999816715717,10.169999772682786,0.02212585867889864,0.7293279913590225,0.7514538500379211,0.6243543776550514,0.005493633158953499,8.0
2026-09-27 20:10:00,-0.045570787,-0.12247421106336515,0.8199999816715717,10.169999772682786,0.02212585867889864,0.7293279913590225,0.7514538500379211,0.5834088519321765,0.005493633158953499,8.0
2026-09-27 20:20:00,-0.045570787,-0.16254671599390225,0.8199999816715717,10.169999772682786,0.02212585867889864,0.7293279913590225,0.7514538500379211,0.5433363470016395,0.005493633158953499,8.0
2026-09-27 20:30:00,-0.045570787,-0.2014296127767657,0.8199999816715717,10.169999772682786,0.02212585867889864,0.7293279913590225,0.7514538500379211,0.5044534502187761,0.005493633158953499,8.0
2026-09-27 20:40:00,-0.045570787,-0.2388159733272301,0.8199999816715717,10.169999772682786,0.02212585867889864,0.7293279913590225,0.7514538500379211,0.4670670896683116,0.005493633158953499,8.0
2026-09-27 20:50:00,-0.045570787,-0.2744115371006874,0.8199999816715717,10.169999772682786,0.02212585867889864,0.7293279913590225,0.7514538500379211,0.4314715258948543,0.005493633158953499,8.0
2026-09-27 21:00:00,-0.045570787,-0.3079372754008493,0.8499999810010195,9.999999776482582,0.02215040737640268,0.7301371826541915,0.7522875900305942,0.3987795275873655,0.005493633158953499,8.0
2026-09-27 21:10:00,-0.045570787,-0.33913145167355047,0.8499999810010195,9.999999776482582,0.02215040737640268,0.7301371826541915,0.7522875900305942,0.36758535131466435,0.005493633158953499,8.0
2026-09-27 21:20:00,-0.045570787,-0.3677511688619635,0.8499999810010195,9.999999776482582,0.02215040737640268,0.7301371826541915,0.7522875900305942,0.3389656341262513,0.005493633158953499,8.0
2026-09-27 21:30:00,-0.045570787,-0.3935734453742461,0.8499999810010195,9.999999776482582,0.02215040737640268,0.7301371826541915,0.7522875900305942,0.3131433576139687,0.005493633158953499,8.0
2026-09-27 21:40:00,-0.045570787,-0.4163959055458502,0.8499999810010195,9.999999776482582,0.02215040737640268,0.7301371826541915,0.7522875900305942,0.2903208974423646,0.005493633158953499,8.0
2026-09-27 21:50:00,-0.045570787,-0.43603720339833724,0.8499999810010195,9.999999776482582,0.02215040737640268,0.7301371826541915,0.7522875900305942,0.2706795995898776,0.005493633158953499,8.0
2026-09-27 22:00:00,-0.045570787,-0.4523373164197526,0.8499999810010195,9.999999776482582,0.02215040737640268,0.7301371826541915,0.7522875900305942,0.2543794865684622,0.005493633158953499,8.0
2026-09-27 22:10:00,-0.045570787,-0.46515784690996936,0.8499999810010195,9.999999776482582,0.02215040737640268,0.7301371826541915,0.7522875900305942,0.2415589560782455,0.005493633158953499,8.0
2026-09-27 22:20:00,-0.045570787,-0.4743824519792401,0.8499999810010195,9.999999776482582,0.02215040737640268,0.7301371826541915,0.7522875900305942,0.2323343510089747,0.005493633158953499,8.0
2026-09-27 22:30:00,-0.045570787,-0.47991749152629803,0.8499999810010195,9.999999776482582,0.02215040737640268,0.7301371826541915,0.7522875900305942,0.22679931146191679,0.005493633158953499,8.0
2026-09-27 22:40:00,-0.045570787,-0.48169293993377255,0.8499999810010195,9.999999776482582,0.02215040737640268,0.7301371826541915,0.7522875900305942,0.22502386305444222,0.005493633158953499,8.0
2026-09-27 22:50:00,-0.045570787,-0.47966355686065726,0.8499999810010195,9.999999776482582,0.02215040737640268,0.7301371826541915,0.7522875900305942,0.2270532461275575,0.005493633158953499,8.0
2026-09-27 23:00:00,-0.045570787,-0.4738102611163087,0.8499999810010195,9.999999776482582,0.02215040737640268,0.7301371826541915,0.7522875900305942,0.23290654187190618,0.005493633158953499,8.0
2026-09-27 23:10:00,-0.045570787,-0.4641416051016408,0.8499999810010195,9.999999776482582,0.02215040737640268,0.7301371826541915,0.7522875900305942,0.242575197886574,0.005493633158953499,8.0
2026-09-27 23:20:00,-0.045570787,-0.45069521114022626,0.8499999810010195,9.999999776482582,0.02215040737640268,0.7301371826541915,0.7522875900305942,0.25602159184798856,0.005493633158953499,8.0
2026-09-27 23:30:00,-0.045570787,-0.4335390095006316,0.8499999810010195,9.999999776482582,0.02215040737640268,0.7301371826541915,0.7522875900305942,0.2731777934875832,0.005493633158953499,8.0
2026-09-27 23:40:00,-0.045570787,-0.41277211373439926,0.8499999810010195,9.999999776482582,0.02215040737640268,0.7301371826541915,0.7522875900305942,0.29394468925381556,0.005493633158953499,8.0
2026-09-27 23:50:00,-0.045570787,-0.38852518293041594,0.8499999810010195,9.999999776482582,0.02215040737640268,0.7301371826541915,0.7522875900305942,0.3181916200577989,0.005493633158953499,8.0
2026-09-28 00:00:00,-0.045570787,-0.36096015137007803,0.8499999810010195,9.999999776482582,0.02215040737640268,0.7301371826541915,0.7522875900305942,0.3457566516181368,0.005493633158953499,8.0
2026-09-28 00:10:00,,-0.3302692507988995,,,,,,,0.005493633158953499,8.0
2026-09-28 00:20:00,,-0.2966733044464235,,,,,,,0.005493633158953499,8.0
2026-09-28 00:30:00,,-0.26041932934680273,,,,,,,0.005493633158953499,8.0
2026-09-28 00:40:00,,-0.2217775383667233,,,,,,,0.005493633158953499,8.0
2026-09-28 00:50:00,,-0.18103787983535707,,,,,,,0.005493633158953499,8.0
2026-09-28 01:00:00,,-0.138506285872614,,,,,,,0.005493633158953499,8.0
2026-09-28 01:10:00,,-0.09450081691281557,,,,,,,0.005493633158953499,8.0
2026-09-28 01:20:00,,-0.04934788805771744,,,,,,,0.005493633158953499,8.0
2026-09-28 01:30:00,,-0.0033787429024755684,,,,,,,0.005493633158953499,8.0
2026-09-28 01:40:00,,0.04307369507303209,,,,,,,0.005493633158953499,8.0
2026-09-28 01:50:00,,0.0896775106630664,,,,,,,0.005493633158953499,8.0
2026-09-28 02:00:00,,0.13610399539384493,,,,,,,0.005493633158953499,8.0
2026-09-28 02:10:00,,0.1820293810125874,,,,,,,0.005493633158953499,8.0
2026-09-28 02:20:00,,0.22713618129997573,,,,,,,0.005493633158953499,8.0
2026-09-28 02:30:00,,0.2711142533919357,,,,,,,0.005493633158953499,8.0
2026-09-28 02:40:00,,0.3136617128828009,,,,,,,0.005493633158953499,8.0
2026-09-28 02:50:00,,0.3544858431018729,,,,,,,0.005493633158953499,8.0
2026-09-28 03:00:00,,0.3933041276802828,,,,,,,0.005493633158953499,8.0
2026-09-28 03:10:00,,0.42984550835031987,,,,,,,0.005493633158953499,8.0
2026-09-28 03:20:00,,0.46385193030334054,,,,,,,0.005493633158953499,8.0
2026-09-28 03:30:00,,0.49508019006863335,,,,,,,0.005493633158953499,8.0
2026-09-28 03:40:00,,0.5233040513167139,,,,,,,0.005493633158953499,8.0
2026-09-28 03:50:00,,0.5483165480317093,,,,,,,0.005493633158953499,8.0
2026-09-28 04:00:00,,0.5699323574836866,,,,,,,0.005493633158953499,8.0
2026-09-28 04:10:00,,0.5879901016563299,,,,,,,0.005493633158953499,8.0
2026-09-28 04:20:00,,0.6023544279147331,,,,,,,0.005493633158953499,8.0
2026-09-28 04:30:00,,0.6129177287766201,,,,,,,0.005493633158953499,8.0
2026-09-28 04:40:00,,0.6196013855179976,,,,,,,0.005493633158953499,8.0
2026-09-28 04:50:00,,0.6223564582537136,,,,,,,0.005493633158953499,8.0
2026-09-28 05:00:00,,0.6211637917382021,,,,,,,0.005493633158953499,8.0
2026-09-28 05:10:00,,0.6160335560976699,,,,,,,0.005493633158953499,8.0
2026-09-28 05:20:00,,0.6070042893855423,,,,,,,0.005493633158953499,8.0
2026-09-28 05:30:00,,0.5941415488021247,,,,,,,0.005493633158953499,8.0
2026-09-28 05:40:00,,0.5775363051092034,,,,,,,0.005493633158953499,8.0
2026-09-28 05:50:00,,0.5573032270924977,,,,,,,0.005493633158953499,8.0
2026-09-28 06:00:00,,0.5335789984840201,,,,,,,0.005493633158953499,8.0
2026-09-28 06:10:00,,0.5065207891356039,,,,,,,0.005493633158953499,8.0
2026-09-28 06:20:00,,0.47630496784061677,,,,,,,0.005493633158953499,8.0
2026-09-28 06:30:00,,0.44312609997018726,,,,,,,0.005493633158953499,8.0
2026-09-28 06:40:00,,0.4071962242610478,,,,,,,0.005493633158953499,8.0
2026-09-28 06:50:00,,0.3687443551649285,,,,,,,0.005493633158953499,8.0
2026-09-28 07:00:00,,0.3280161159089037,,,,,,,0.005493633158953499,8.0
2026-09-28 07:10:00,,0.2852733774445683,,,,,,,0.005493633158953499,8.0
2026-09-28 07:20:00,,0.2407937635672511,,,,,,,0.005493633158953499,8.0
2026-09-28 07:30:00,,0.19486988427955973,,,,,,,0.005493633158953499,8.0
2026-09-28 07:40:00,,0.14780817813940123,,,,,,,0.005493633158953499,8.0
2026-09-28 07:50:00,,0.09992727774420171,,,,,,,0.005493633158953499,8.0
2026-09-28 08:00:00,,0.05155585709053786,,,,,,,0.005493633158953499,8.0
2026-09-28 08:10:00,,0.00302997041757378,,,,,,,0.005493633158953499,8.0
2026-09-28 08:20:00,,-0.04531005651197976,,,,,,,0.005493633158953499,8.0
2026-09-28 08:30:00,,-0.09312307542436347,,,,,,,0.005493633158953499,8.0
2026-09-28 08:40:00,,-0.14007076176773334,,,,,,,0.005493633158953499,8.0
2026-09-28 08:50:00,,-0.18582129353385035,,,,,,,0.005493633158953499,8.0
2026-09-28 09:00:00,,-0.23005289344955102,,,,,,,0.005493633158953499,8.0
2026-09-28 09:10:00,,-0.27245707799591684,,,,,,,0.005493633158953499,8.0
2026-09-28 09:20:00,,-0.31274148540596075,,,,,,,0.005493633158953499,8.0
2026-09-28 09:30:00,,-0.35063219628925846,,,,,,,0.005493633158953499,8.0
2026-09-28 09:40:00,,-0.38587551004402165,,,,,,,0.005493633158953499,8.0
2026-09-28 09:50:00,,-0.4182391924263352,,,,,,,0.005493633158953499,8.0
2026-09-28 10:00:00,,-0.44751325841603107,,,,,,,0.005493633158953499,8.0
2026-09-28 10:10:00,,-0.4735103946239184,,,,,,,0.005493633158953499,8.0
2026-09-28 10:20:00,,-0.4960661522105661,,,,,,,0.005493633158953499,8.0
2026-09-28 10:30:00,,-0.5150390517682576,,,,,,,0.005493633158953499,8.0
2026-09-28 10:40:00,,-0.5303107346382684,,,,,,,0.005493633158953499,8.0
2026-09-28 10:50:00,,-0.5417862715070235,,,,,,,0.005493633158953499,8.0
2026-09-28 11:00:00,,-0.549394701601761,,,,,,,0.005493633158953499,8.0
2026-09-28 11:10:00,,-0.5530898286315585,,,,,,,0.005493633158953499,8.0
2026-09-28 11:20:00,,-0.5528512482725779,,,,,,,0.005493633158953499,8.0
2026-09-28 11:30:00,,-0.5486855323585815,,,,,,,0.005493633158953499,8.0
2026-09-28 11:40:00,,-0.5406274527949184,,,,,,,0.005493633158953499,8.0
2026-09-28 11:50:00,,-0.5287410985448218,,,,,,,0.005493633158953499,8.0
2026-09-28 12:00:00,,-0.5131207254014738,,,,,,,0.005493633158953499,8.0
2026-09-28 12:10:00,,-0.49389118252740866,,,,,,,0.005493633158953499,8.0
2026-09-28 12:20:00,,-0.4712077817386479,,,,,,,0.005493633158953499,8.0
2026-09-28 12:30:00,,-0.4452555130530249,,,,,,,0.005493633158953499,8.0
2026-09-28 12:40:00,,-0.41624755936818697,,,,,,,0.005493633158953499,8.0
2026-09-28 12:50:00,,-0.38442311886334424,,,,,,,0.005493633158953499,8.0
2026-09-28 13:00:00,,-0.3500446002059859,,,,,,,0.005493633158953499,8.0
2026-09-28 13:10:00,,-0.3133943065284774,,,,,,,0.005493633158953499,8.0
2026-09-28 13:20:00,,-0.27477076423656377,,,,,,,0.005493633158953499,8.0
2026-09-28 13:30:00,,-0.234484877661369,,,,,,,0.005493633158953499,8.0
2026-09-28 13:40:00,,-0.19285609772432094,,,,,,,0.005493633158953499,8.0
2026-09-28 13:50:00,,-0.15020878160542459,,,,,,,0.005493633158953499,8.0
2026-09-28 14:00:00,,-0.10686889203997486,,,,,,,0.005493633158953499,8.0
2026-09-28 14:10:00,,-0.06316114280613538,,,,,,,0.005493633158953499,8.0
2026-09-28 14:20:00,,-0.01940664552607501,,,,,,,0.005493633158953499,8.0
2026-09-28 14:30:00,,0.02407894182881428,,,,,,,0.005493633158953499,8.0
2026-09-28 14:40:00,,0.06698681677425956,,,,,,,0.005493633158953499,8.0
2026-09-28 14:50:00,,0.10901608060044483,,,,,,,0.005493633158953499,8.0
2026-09-28 15:00:00,,0.1498745605674184,,,,,,,0.005493633158953499,8.0
2026-09-28 15:10:00,,0.18927954854585974,,,,,,,0.005493633158953499,8.0
2026-09-28 15:20:00,,0.22695859622388068,,,,,,,0.005493633158953499,8.0
2026-09-28 15:30:00,,0.26265048767172605,,,,,,,0.005493633158953499,8.0
2026-09-28 15:40:00,,0.29610647606221147,,,,,,,0.005493633158953499,8.0
2026-09-28 15:50:00,,0.3270918271475498,,,,,,,0.005493633158953499,8.0
2026-09-28 16:00:00,,0.35538766241656006,,,,,,,0.005493633158953499,8.0
2026-09-28 16:10:00,,0.3807930460285004,,,,,,,0.005493633158953499,8.0
2026-09-28 16:20:00,,0.4031272167618461,,,,,,,0.005493633158953499,8.0
2026-09-28 16:30:00,,0.4222318346861774,,,,,,,0.005493633158953499,8.0
2026-09-28 16:40:00,,0.4379730953724507,,,,,,,0.005493633158953499,8.0
2026-09-28 16:50:00,,0.45024356427060414,,,,,,,0.005493633158953499,8.0
2026-09-28 17:00:00,,0.4589636003942526,,,,,,,0.005493633158953499,8.0
2026-09-28 17:10:00,,0.4640822696381283,,,,,,,0.005493633158953499,8.0
2026-09-28 17:20:00,,0.4655776905211394,,,,,,,0.005493633158953499,8.0
2026-09-28 17:30:00,,0.4634568038107881,,,,,,,0.005493633158953499,8.0
2026-09-28 17:40:00,,0.45775460702519843,,,,,,,0.005493633158953499,8.0
2026-09-28 17:50:00,,0.44853293935727034,,,,,,,0.005493633158953499,8.0
2026-09-28 18:00:00,,0.43587893723429744,,,,,,,0.005493633158953499,8.0
2026-09-28 18:10:00,,0.4199033014834296,,,,,,,0.005493633158953499,8.0
2026-09-28 18:20:00,,0.4007385216593788,,,,,,,0.005493633158953499,8.0
2026-09-28 18:30:00,,0.3785371909948664,,,,,,,0.005493633158953499,8.0
2026-09-28 18:40:00,,0.35347051815812364,,,,,,,0.005493633158953499,8.0
2026-09-28 18:50:00,,0.3257271026674181,,,,,,,0.005493633158953499,8.0
2026-09-28 19:00:00,,0.29551199413694057,,,,,,,0.005493633158953499,8.0
2026-09-28 19:10:00,,0.26304600673657286,,,,,,,0.005493633158953499,8.0
2026-09-28 19:20:00,,0.22856521531878848,,,,,,,0.005493633158953499,8.0
2026-09-28 19:30:00,,0.19232052358684879,,,,,,,0.005493633158953499,8.0
2026-09-28 19:40:00,,0.1545771719474489,,,,,,,0.005493633158953499,8.0
2026-09-28 19:50:00,,0.11561404597406498,,,,,,,0.005493633158953499,8.0
2026-09-28 20:00:00,,0.07572265661806714,,,,,,,0.005493633158953499,8.0
2026-09-28 20:10:00,,0.0352056896503475,,,,,,,0.005493633158953499,8.0
2026-09-28 20:20:00,,-0.005624938851553233,,,,,,,0.005493633158953499,8.0
2026-09-28 20:30:00,,-0.04645053565225169,,,,,,,0.005493633158953499,8.0
2026-09-28 20:40:00,,-0.0869485552211209,,,,,,,0.005493633158953499,8.0
2026-09-28 20:50:00,,-0.12679590958014822,,,,,,,0.005493633158953499,8.0
2026-09-28 21:00:00,,-0.16567253490342862,,,,,,,0.005493633158953499,8.0
2026-09-28 21:10:00,,-0.20326505731839692,,,,,,,0.005493633158953499,8.0
2026-09-28 21:20:00,,-0.2392703870576634,,,,,,,0.005493633158953499,8.0
2026-09-28 21:30:00,,-0.2733990742655754,,,,,,,0.005493633158953499,8.0
2026-09-28 21:40:00,,-0.3053782807069812,,,,,,,0.005493633158953499,8.0
2026-09-28 21:50:00,,-0.3349542575840267,,,,,,,0.005493633158953499,8.0
2026-09-28 22:00:00,,-0.36189426599062485,,,,,,,0.005493633158953499,8.0
2026-09-28 22:10:00,,-0.3859879288433679,,,,,,,0.005493633158953499,8.0
2026-09-28 22:20:00,,-0.40704805476660744,,,,,,,0.005493633158953499,8.0
2026-09-28 22:30:00,,-0.4249110204453437,,,,,,,0.005493633158953499,8.0
2026-09-28 22:40:00,,-0.4394368325727493,,,,,,,0.005493633158953499,8.0
2026-09-28 22:50:00,,-0.45050901031442364,,,,,,,0.005493633158953499,8.0
2026-09-28 23:00:00,,-0.4580344318475331,,,,,,,0.005493633158953499,8.0
2026-09-28 23:10:00,,-0.46194327372174754,,,,,,,0.005493633158953499,8.0
2026-09-28 23:20:00,,-0.4621891414434607,,,,,,,0.005493633158953499,8.0
2026-09-28 23:30:00,,-0.4587494470819419,,,,,,,0.005493633158953499,8.0
2026-09-28 23:40:00,,-0.451626039993817,,,,,,,0.005493633158953499,8.0
2026-09-28 23:50:00,,-0.44084604543484823,,,,,,,0.005493633158953499,8.0
