,SSH_10min,Tide_10min,Significant_Wave_Height,Peak_Wave_Period,Wave_Setup,Wave_Swash,Wave_Runup,Total_Water_Level,beach_slope,water_depth
2026-08-10 00:00:00,-0.035147037,0.18513408503602968,1.029999976977706,15.469999654218554,0.042665453824986856,1.2441145358316414,1.2867799896566283,1.436767037335566,0.00621376528075129,6.0
2026-08-10 00:10:00,-0.035147037,0.2175379268491156,1.029999976977706,15.469999654218554,0.042665453824986856,1.2441145358316414,1.2867799896566283,1.469170879148652,0.00621376528075129,6.0
2026-08-10 00:20:00,-0.035147037,0.24791176849956478,1.029999976977706,15.469999654218554,0.042665453824986856,1.2441145358316414,1.2867799896566283,1.4995447207991013,0.00621376528075129,6.0
2026-08-10 00:30:00,-0.035147037,0.2760317239766975,1.029999976977706,15.469999654218554,0.042665453824986856,1.2441145358316414,1.2867799896566283,1.5276646762762338,0.00621376528075129,6.0
2026-08-10 00:40:00,-0.035147037,0.3016840624091836,1.029999976977706,15.469999654218554,0.042665453824986856,1.2441145358316414,1.2867799896566283,1.55331701470872,0.00621376528075129,6.0
2026-08-10 00:50:00,-0.035147037,0.32466809009764414,1.029999976977706,15.469999654218554,0.042665453824986856,1.2441145358316414,1.2867799896566283,1.5763010423971806,0.00621376528075129,6.0
2026-08-10 01:00:00,-0.035147037,0.3447991801821483,1.029999976977706,15.469999654218554,0.042665453824986856,1.2441145358316414,1.2867799896566283,1.5964321324816848,0.00621376528075129,6.0
2026-08-10 01:10:00,-0.035147037,0.3619118273397807,1.029999976977706,15.469999654218554,0.042665453824986856,1.2441145358316414,1.2867799896566283,1.6135447796393172,0.00621376528075129,6.0
2026-08-10 01:20:00,-0.035147037,0.3758626001378481,1.029999976977706,15.469999654218554,0.042665453824986856,1.2441145358316414,1.2867799896566283,1.6274955524373844,0.00621376528075129,6.0
2026-08-10 01:30:00,-0.035147037,0.3865328690678817,1.029999976977706,15.469999654218554,0.042665453824986856,1.2441145358316414,1.2867799896566283,1.6381658213674182,0.00621376528075129,6.0
2026-08-10 01:40:00,-0.035147037,0.39383120274377037,1.029999976977706,15.469999654218554,0.042665453824986856,1.2441145358316414,1.2867799896566283,1.6454641550433067,0.00621376528075129,6.0
2026-08-10 01:50:00,-0.035147037,0.3976953463545946,1.029999976977706,15.469999654218554,0.042665453824986856,1.2441145358316414,1.2867799896566283,1.6493282986541309,0.00621376528075129,6.0
2026-08-10 02:00:00,-0.035147037,0.39809372256858583,1.029999976977706,15.469999654218554,0.042665453824986856,1.2441145358316414,1.2867799896566283,1.6497266748681223,0.00621376528075129,6.0
2026-08-10 02:10:00,-0.035147037,0.3950264229332121,1.029999976977706,15.469999654218554,0.042665453824986856,1.2441145358316414,1.2867799896566283,1.6466593752327485,0.00621376528075129,6.0
2026-08-10 02:20:00,-0.035147037,0.3885256843037869,1.029999976977706,15.469999654218554,0.042665453824986856,1.2441145358316414,1.2867799896566283,1.6401586366033234,0.00621376528075129,6.0
2026-08-10 02:30:00,-0.035147037,0.3786558677626053,1.029999976977706,15.469999654218554,0.042665453824986856,1.2441145358316414,1.2867799896566283,1.6302888200621417,0.00621376528075129,6.0
2026-08-10 02:40:00,-0.035147037,0.3655129745905478,1.029999976977706,15.469999654218554,0.042665453824986856,1.2441145358316414,1.2867799896566283,1.6171459268900843,0.00621376528075129,6.0
2026-08-10 02:50:00,-0.035147037,0.349223744322091,1.029999976977706,15.469999654218554,0.042665453824986856,1.2441145358316414,1.2867799896566283,1.6008566966216273,0.00621376528075129,6.0
2026-08-10 03:00:00,-0.035147037,0.32994438347685495,1.029999976977706,15.48999965377152,0.04272061278274379,1.2457229579852702,1.288443570768014,1.583240916887777,0.00621376528075129,6.0
2026-08-10 03:10:00,-0.035147037,0.30785897087658165,1.029999976977706,15.48999965377152,0.04272061278274379,1.2457229579852702,1.288443570768014,1.5611555042875036,0.00621376528075129,6.0
2026-08-10 03:20:00,-0.035147037,0.28317757817444433,1.029999976977706,15.48999965377152,0.04272061278274379,1.2457229579852702,1.288443570768014,1.5364741115853664,0.00621376528075129,6.0
2026-08-10 03:30:00,-0.035147037,0.25613413412127606,1.029999976977706,15.48999965377152,0.04272061278274379,1.2457229579852702,1.288443570768014,1.509430667532198,0.00621376528075129,6.0
2026-08-10 03:40:00,-0.035147037,0.2269840508742979,1.029999976977706,15.48999965377152,0.04272061278274379,1.2457229579852702,1.288443570768014,1.48028058428522,0.00621376528075129,6.0
2026-08-10 03:50:00,-0.035147037,0.19600162206497765,1.029999976977706,15.48999965377152,0.04272061278274379,1.2457229579852702,1.288443570768014,1.4492981554758997,0.00621376528075129,6.0
2026-08-10 04:00:00,-0.035147037,0.16347719789310644,1.029999976977706,15.48999965377152,0.04272061278274379,1.2457229579852702,1.288443570768014,1.4167737313040285,0.00621376528075129,6.0
2026-08-10 04:10:00,-0.035147037,0.12971414292781203,1.029999976977706,15.48999965377152,0.04272061278274379,1.2457229579852702,1.288443570768014,1.383010676338734,0.00621376528075129,6.0
2026-08-10 04:20:00,-0.035147037,0.09502558869747978,1.029999976977706,15.48999965377152,0.04272061278274379,1.2457229579852702,1.288443570768014,1.3483221221084019,0.00621376528075129,6.0
2026-08-10 04:30:00,-0.035147037,0.059731004649252795,1.029999976977706,15.48999965377152,0.04272061278274379,1.2457229579852702,1.288443570768014,1.3130275380601748,0.00621376528075129,6.0
2026-08-10 04:40:00,-0.035147037,0.02415262695085344,1.029999976977706,15.48999965377152,0.04272061278274379,1.2457229579852702,1.288443570768014,1.2774491603617755,0.00621376528075129,6.0
2026-08-10 04:50:00,-0.035147037,-0.011388197271845465,1.029999976977706,15.48999965377152,0.04272061278274379,1.2457229579852702,1.288443570768014,1.2419083361390766,0.00621376528075129,6.0
2026-08-10 05:00:00,-0.035147037,-0.04657467472032927,1.029999976977706,15.48999965377152,0.04272061278274379,1.2457229579852702,1.288443570768014,1.2067218586905928,0.00621376528075129,6.0
2026-08-10 05:10:00,-0.035147037,-0.08109814866655546,1.029999976977706,15.48999965377152,0.04272061278274379,1.2457229579852702,1.288443570768014,1.1721983847443667,0.00621376528075129,6.0
2026-08-10 05:20:00,-0.035147037,-0.11466149853121595,1.029999976977706,15.48999965377152,0.04272061278274379,1.2457229579852702,1.288443570768014,1.138635034879706,0.00621376528075129,6.0
2026-08-10 05:30:00,-0.035147037,-0.1469822518517475,1.029999976977706,15.48999965377152,0.04272061278274379,1.2457229579852702,1.288443570768014,1.1063142815591747,0.00621376528075129,6.0
2026-08-10 05:40:00,-0.035147037,-0.1777953097800785,1.029999976977706,15.48999965377152,0.04272061278274379,1.2457229579852702,1.288443570768014,1.0755012236308437,0.00621376528075129,6.0
2026-08-10 05:50:00,-0.035147037,-0.20685520133891966,1.029999976977706,15.48999965377152,0.04272061278274379,1.2457229579852702,1.288443570768014,1.0464413320720025,0.00621376528075129,6.0
2026-08-10 06:00:00,-0.035147037,-0.23393780434766637,1.029999976977706,15.389999656006694,0.04244481799395913,1.2376808472171277,1.2801256652110868,1.0110408235063286,0.00621376528075129,6.0
2026-08-10 06:10:00,-0.035147037,-0.2588415001823831,1.029999976977706,15.389999656006694,0.04244481799395913,1.2376808472171277,1.2801256652110868,0.9861371276716118,0.00621376528075129,6.0
2026-08-10 06:20:00,-0.035147037,-0.2813877632044543,1.029999976977706,15.389999656006694,0.04244481799395913,1.2376808472171277,1.2801256652110868,0.9635908646495406,0.00621376528075129,6.0
2026-08-10 06:30:00,-0.035147037,-0.30142122073770294,1.029999976977706,15.389999656006694,0.04244481799395913,1.2376808472171277,1.2801256652110868,0.943557407116292,0.00621376528075129,6.0
2026-08-10 06:40:00,-0.035147037,-0.3188092524435496,1.029999976977706,15.389999656006694,0.04244481799395913,1.2376808472171277,1.2801256652110868,0.9261693754104454,0.00621376528075129,6.0
2026-08-10 06:50:00,-0.035147037,-0.3334412258461122,1.029999976977706,15.389999656006694,0.04244481799395913,1.2376808472171277,1.2801256652110868,0.9115374020078828,0.00621376528075129,6.0
2026-08-10 07:00:00,-0.035147037,-0.34522748446407797,1.029999976977706,15.389999656006694,0.04244481799395913,1.2376808472171277,1.2801256652110868,0.899751143389917,0.00621376528075129,6.0
2026-08-10 07:10:00,-0.035147037,-0.3540982147351787,1.029999976977706,15.389999656006694,0.04244481799395913,1.2376808472171277,1.2801256652110868,0.8908804131188162,0.00621376528075129,6.0
2026-08-10 07:20:00,-0.035147037,-0.36000231627586865,1.029999976977706,15.389999656006694,0.04244481799395913,1.2376808472171277,1.2801256652110868,0.8849763115781263,0.00621376528075129,6.0
2026-08-10 07:30:00,-0.035147037,-0.3629063872392379,1.029999976977706,15.389999656006694,0.04244481799395913,1.2376808472171277,1.2801256652110868,0.882072240614757,0.00621376528075129,6.0
2026-08-10 07:40:00,-0.035147037,-0.3627939136550666,1.029999976977706,15.389999656006694,0.04244481799395913,1.2376808472171277,1.2801256652110868,0.8821847141989283,0.00621376528075129,6.0
2026-08-10 07:50:00,-0.035147037,-0.3596647209503669,1.029999976977706,15.389999656006694,0.04244481799395913,1.2376808472171277,1.2801256652110868,0.885313906903628,0.00621376528075129,6.0
2026-08-10 08:00:00,-0.035147037,-0.3535347103325446,1.029999976977706,15.389999656006694,0.04244481799395913,1.2376808472171277,1.2801256652110868,0.8914439175214504,0.00621376528075129,6.0
2026-08-10 08:10:00,-0.035147037,-0.3444358660273622,1.029999976977706,15.389999656006694,0.04244481799395913,1.2376808472171277,1.2801256652110868,0.9005427618266327,0.00621376528075129,6.0
2026-08-10 08:20:00,-0.035147037,-0.33241648507398674,1.029999976977706,15.389999656006694,0.04244481799395913,1.2376808472171277,1.2801256652110868,0.9125621427800081,0.00621376528075129,6.0
2026-08-10 08:30:00,-0.035147037,-0.31754155318834315,1.029999976977706,15.389999656006694,0.04244481799395913,1.2376808472171277,1.2801256652110868,0.9274370746656517,0.00621376528075129,6.0
2026-08-10 08:40:00,-0.035147037,-0.29989317059682374,1.029999976977706,15.389999656006694,0.04244481799395913,1.2376808472171277,1.2801256652110868,0.9450854572571712,0.00621376528075129,6.0
2026-08-10 08:50:00,-0.035147037,-0.279570923133124,1.029999976977706,15.389999656006694,0.04244481799395913,1.2376808472171277,1.2801256652110868,0.9654077047208709,0.00621376528075129,6.0
2026-08-10 09:00:00,-0.035147037,-0.25669209658940084,1.0099999774247408,15.189999660477042,0.04148450421916585,1.2096783248232377,1.2511628290424035,0.9593236950959108,0.00621376528075129,6.0
2026-08-10 09:10:00,-0.035147037,-0.23139164629154763,1.0099999774247408,15.189999660477042,0.04148450421916585,1.2096783248232377,1.2511628290424035,0.984624145393764,0.00621376528075129,6.0
2026-08-10 09:20:00,-0.035147037,-0.2038218573316641,1.0099999774247408,15.189999660477042,0.04148450421916585,1.2096783248232377,1.2511628290424035,1.0121939343536475,0.00621376528075129,6.0
2026-08-10 09:30:00,-0.035147037,-0.17415166119665623,1.0099999774247408,15.189999660477042,0.04148450421916585,1.2096783248232377,1.2511628290424035,1.0418641304886553,0.00621376528075129,6.0
2026-08-10 09:40:00,-0.035147037,-0.14256560861803236,1.0099999774247408,15.189999660477042,0.04148450421916585,1.2096783248232377,1.2511628290424035,1.0734501830672794,0.00621376528075129,6.0
2026-08-10 09:50:00,-0.035147037,-0.10926253210462929,1.0099999774247408,15.189999660477042,0.04148450421916585,1.2096783248232377,1.2511628290424035,1.1067532595806824,0.00621376528075129,6.0
2026-08-10 10:00:00,-0.035147037,-0.07445396189258169,1.0099999774247408,15.189999660477042,0.04148450421916585,1.2096783248232377,1.2511628290424035,1.14156182979273,0.00621376528075129,6.0
2026-08-10 10:10:00,-0.035147037,-0.03836238159333602,1.0099999774247408,15.189999660477042,0.04148450421916585,1.2096783248232377,1.2511628290424035,1.1776534100919755,0.00621376528075129,6.0
2026-08-10 10:20:00,-0.035147037,-0.0012194234852180446,1.0099999774247408,15.189999660477042,0.04148450421916585,1.2096783248232377,1.2511628290424035,1.2147963682000935,0.00621376528075129,6.0
2026-08-10 10:30:00,-0.035147037,0.036735894728198125,1.0099999774247408,15.189999660477042,0.04148450421916585,1.2096783248232377,1.2511628290424035,1.2527516864135098,0.00621376528075129,6.0
2026-08-10 10:40:00,-0.035147037,0.07525879880524956,1.0099999774247408,15.189999660477042,0.04148450421916585,1.2096783248232377,1.2511628290424035,1.2912745904905611,0.00621376528075129,6.0
2026-08-10 10:50:00,-0.035147037,0.11410017919166453,1.0099999774247408,15.189999660477042,0.04148450421916585,1.2096783248232377,1.2511628290424035,1.330115970876976,0.00621376528075129,6.0
2026-08-10 11:00:00,-0.035147037,0.1530077592630501,1.0099999774247408,15.189999660477042,0.04148450421916585,1.2096783248232377,1.2511628290424035,1.3690235509483617,0.00621376528075129,6.0
2026-08-10 11:10:00,-0.035147037,0.19172699828182185,1.0099999774247408,15.189999660477042,0.04148450421916585,1.2096783248232377,1.2511628290424035,1.4077427899671335,0.00621376528075129,6.0
2026-08-10 11:20:00,-0.035147037,0.23000175208610954,1.0099999774247408,15.189999660477042,0.04148450421916585,1.2096783248232377,1.2511628290424035,1.446017543771421,0.00621376528075129,6.0
2026-08-10 11:30:00,-0.035147037,0.2675747473458307,1.0099999774247408,15.189999660477042,0.04148450421916585,1.2096783248232377,1.2511628290424035,1.4835905390311424,0.00621376528075129,6.0
2026-08-10 11:40:00,-0.035147037,0.304187953211701,1.0099999774247408,15.189999660477042,0.04148450421916585,1.2096783248232377,1.2511628290424035,1.5202037448970125,0.00621376528075129,6.0
2026-08-10 11:50:00,-0.035147037,0.3395829530489574,1.0099999774247408,15.189999660477042,0.04148450421916585,1.2096783248232377,1.2511628290424035,1.555598744734269,0.00621376528075129,6.0
2026-08-10 12:00:00,-0.035147037,0.37350142792213786,1.0699999760836363,15.059999663382769,0.04233351248766101,1.2344352049963365,1.2767687174839975,1.6151231080490434,0.00621376528075129,6.0
2026-08-10 12:10:00,-0.035147037,0.40568586047549626,1.0699999760836363,15.059999663382769,0.04233351248766101,1.2344352049963365,1.2767687174839975,1.6473075406024018,0.00621376528075129,6.0
2026-08-10 12:20:00,-0.035147037,0.43588055376194396,1.0699999760836363,15.059999663382769,0.04233351248766101,1.2344352049963365,1.2767687174839975,1.6775022338888494,0.00621376528075129,6.0
2026-08-10 12:30:00,-0.035147037,0.4638330355048997,1.0699999760836363,15.059999663382769,0.04233351248766101,1.2344352049963365,1.2767687174839975,1.7054547156318052,0.00621376528075129,6.0
2026-08-10 12:40:00,-0.035147037,0.4892958864942408,1.0699999760836363,15.059999663382769,0.04233351248766101,1.2344352049963365,1.2767687174839975,1.7309175666211463,0.00621376528075129,6.0
2026-08-10 12:50:00,-0.035147037,0.5120289957202651,1.0699999760836363,15.059999663382769,0.04233351248766101,1.2344352049963365,1.2767687174839975,1.7536506758471706,0.00621376528075129,6.0
2026-08-10 13:00:00,-0.035147037,0.5318022075283643,1.0699999760836363,15.059999663382769,0.04233351248766101,1.2344352049963365,1.2767687174839975,1.77342388765527,0.00621376528075129,6.0
2026-08-10 13:10:00,-0.035147037,0.5483982915241147,1.0699999760836363,15.059999663382769,0.04233351248766101,1.2344352049963365,1.2767687174839975,1.7900199716510201,0.00621376528075129,6.0
2026-08-10 13:20:00,-0.035147037,0.5616161368635567,1.0699999760836363,15.059999663382769,0.04233351248766101,1.2344352049963365,1.2767687174839975,1.8032378169904622,0.00621376528075129,6.0
2026-08-10 13:30:00,-0.035147037,0.5712740518964602,1.0699999760836363,15.059999663382769,0.04233351248766101,1.2344352049963365,1.2767687174839975,1.8128957320233656,0.00621376528075129,6.0
2026-08-10 13:40:00,-0.035147037,0.5772130391331625,1.0699999760836363,15.059999663382769,0.04233351248766101,1.2344352049963365,1.2767687174839975,1.818834719260068,0.00621376528075129,6.0
2026-08-10 13:50:00,-0.035147037,0.5792999149840113,1.0699999760836363,15.059999663382769,0.04233351248766101,1.2344352049963365,1.2767687174839975,1.8209215951109168,0.00621376528075129,6.0
2026-08-10 14:00:00,-0.035147037,0.5774301529903895,1.0699999760836363,15.059999663382769,0.04233351248766101,1.2344352049963365,1.2767687174839975,1.8190518331172951,0.00621376528075129,6.0
2026-08-10 14:10:00,-0.035147037,0.5715303469627365,1.0699999760836363,15.059999663382769,0.04233351248766101,1.2344352049963365,1.2767687174839975,1.8131520270896422,0.00621376528075129,6.0
2026-08-10 14:20:00,-0.035147037,0.5615602141330449,1.0699999760836363,15.059999663382769,0.04233351248766101,1.2344352049963365,1.2767687174839975,1.8031818942599505,0.00621376528075129,6.0
2026-08-10 14:30:00,-0.035147037,0.5475140856407082,1.0699999760836363,15.059999663382769,0.04233351248766101,1.2344352049963365,1.2767687174839975,1.7891357657676137,0.00621376528075129,6.0
2026-08-10 14:40:00,-0.035147037,0.5294218590246155,1.0699999760836363,15.059999663382769,0.04233351248766101,1.2344352049963365,1.2767687174839975,1.771043539151521,0.00621376528075129,6.0
2026-08-10 14:50:00,-0.035147037,0.5073494128116713,1.0699999760836363,15.059999663382769,0.04233351248766101,1.2344352049963365,1.2767687174839975,1.7489710929385769,0.00621376528075129,6.0
2026-08-10 15:00:00,-0.035147037,0.48139850367822157,1.1299999747425318,14.859999667853117,0.04292649948370907,1.2517265654578646,1.2946530649415737,1.7409045312627034,0.00621376528075129,6.0
2026-08-10 15:10:00,-0.035147037,0.4517061813995432,1.1299999747425318,14.859999667853117,0.04292649948370907,1.2517265654578646,1.2946530649415737,1.711212208984025,0.00621376528075129,6.0
2026-08-10 15:20:00,-0.035147037,0.4184437643927006,1.1299999747425318,14.859999667853117,0.04292649948370907,1.2517265654578646,1.2946530649415737,1.6779497919771824,0.00621376528075129,6.0
2026-08-10 15:30:00,-0.035147037,0.3818154199015069,1.1299999747425318,14.859999667853117,0.04292649948370907,1.2517265654578646,1.2946530649415737,1.6413214474859887,0.00621376528075129,6.0
2026-08-10 15:40:00,-0.035147037,0.34205638873237854,1.1299999747425318,14.859999667853117,0.04292649948370907,1.2517265654578646,1.2946530649415737,1.6015624163168605,0.00621376528075129,6.0
2026-08-10 15:50:00,-0.035147037,0.29943088635236526,1.1299999747425318,14.859999667853117,0.04292649948370907,1.2517265654578646,1.2946530649415737,1.5589369139368472,0.00621376528075129,6.0
2026-08-10 16:00:00,-0.035147037,0.25422970306645465,1.1299999747425318,14.859999667853117,0.04292649948370907,1.2517265654578646,1.2946530649415737,1.5137357306509365,0.00621376528075129,6.0
2026-08-10 16:10:00,-0.035147037,0.20676751700998666,1.1299999747425318,14.859999667853117,0.04292649948370907,1.2517265654578646,1.2946530649415737,1.4662735445944686,0.00621376528075129,6.0
2026-08-10 16:20:00,-0.035147037,0.15737992841106413,1.1299999747425318,14.859999667853117,0.04292649948370907,1.2517265654578646,1.2946530649415737,1.416885955995546,0.00621376528075129,6.0
2026-08-10 16:30:00,-0.035147037,0.10642022214235825,1.1299999747425318,14.859999667853117,0.04292649948370907,1.2517265654578646,1.2946530649415737,1.36592624972684,0.00621376528075129,6.0
2026-08-10 16:40:00,-0.035147037,0.054255870107306106,1.1299999747425318,14.859999667853117,0.04292649948370907,1.2517265654578646,1.2946530649415737,1.313761897691788,0.00621376528075129,6.0
2026-08-10 16:50:00,-0.035147037,0.0012647949458161668,1.1299999747425318,14.859999667853117,0.04292649948370907,1.2517265654578646,1.2946530649415737,1.260770822530298,0.00621376528075129,6.0
2026-08-10 17:00:00,-0.035147037,-0.05216856879947163,1.1299999747425318,14.859999667853117,0.04292649948370907,1.2517265654578646,1.2946530649415737,1.2073374587850103,0.00621376528075129,6.0
2026-08-10 17:10:00,-0.035147037,-0.10565736171884081,1.1299999747425318,14.859999667853117,0.04292649948370907,1.2517265654578646,1.2946530649415737,1.153848665865641,0.00621376528075129,6.0
2026-08-10 17:20:00,-0.035147037,-0.15881646159337942,1.1299999747425318,14.859999667853117,0.04292649948370907,1.2517265654578646,1.2946530649415737,1.1006895659911025,0.00621376528075129,6.0
2026-08-10 17:30:00,-0.035147037,-0.2112666293335854,1.1299999747425318,14.859999667853117,0.04292649948370907,1.2517265654578646,1.2946530649415737,1.0482393982508964,0.00621376528075129,6.0
2026-08-10 17:40:00,-0.035147037,-0.26263853448301705,1.1299999747425318,14.859999667853117,0.04292649948370907,1.2517265654578646,1.2946530649415737,0.9968674931014647,0.00621376528075129,6.0
2026-08-10 17:50:00,-0.035147037,-0.3125765482695723,1.1299999747425318,14.859999667853117,0.04292649948370907,1.2517265654578646,1.2946530649415737,0.9469294793149095,0.00621376528075129,6.0
2026-08-10 18:00:00,-0.035147037,-0.3607421934522622,1.1299999747425318,14.55999967455864,0.042059881055370396,1.2264561771915552,1.2685160582469255,0.8726268274375714,0.00621376528075129,6.0
2026-08-10 18:10:00,-0.035147037,-0.4068171496383228,1.1299999747425318,14.55999967455864,0.042059881055370396,1.2264561771915552,1.2685160582469255,0.8265518712515108,0.00621376528075129,6.0
2026-08-10 18:20:00,-0.035147037,-0.45050573170125807,1.1299999747425318,14.55999967455864,0.042059881055370396,1.2264561771915552,1.2685160582469255,0.7828632891885755,0.00621376528075129,6.0
2026-08-10 18:30:00,-0.035147037,-0.491536785422022,1.1299999747425318,14.55999967455864,0.042059881055370396,1.2264561771915552,1.2685160582469255,0.7418322354678115,0.00621376528075129,6.0
2026-08-10 18:40:00,-0.035147037,-0.5296649768514048,1.1299999747425318,14.55999967455864,0.042059881055370396,1.2264561771915552,1.2685160582469255,0.7037040440384288,0.00621376528075129,6.0
2026-08-10 18:50:00,-0.035147037,-0.5646714875498609,1.1299999747425318,14.55999967455864,0.042059881055370396,1.2264561771915552,1.2685160582469255,0.6686975333399727,0.00621376528075129,6.0
2026-08-10 19:00:00,-0.035147037,-0.5963641631504405,1.1299999747425318,14.55999967455864,0.042059881055370396,1.2264561771915552,1.2685160582469255,0.6370048577393931,0.00621376528075129,6.0
2026-08-10 19:10:00,-0.035147037,-0.6245771948071847,1.1299999747425318,14.55999967455864,0.042059881055370396,1.2264561771915552,1.2685160582469255,0.6087918260826489,0.00621376528075129,6.0
2026-08-10 19:20:00,-0.035147037,-0.6491704384041036,1.1299999747425318,14.55999967455864,0.042059881055370396,1.2264561771915552,1.2685160582469255,0.58419858248573,0.00621376528075129,6.0
2026-08-10 19:30:00,-0.035147037,-0.6700284927816489,1.1299999747425318,14.55999967455864,0.042059881055370396,1.2264561771915552,1.2685160582469255,0.5633405281081847,0.00621376528075129,6.0
2026-08-10 19:40:00,-0.035147037,-0.687059663688975,1.1299999747425318,14.55999967455864,0.042059881055370396,1.2264561771915552,1.2685160582469255,0.5463093572008586,0.00621376528075129,6.0
2026-08-10 19:50:00,-0.035147037,-0.7001949343338164,1.1299999747425318,14.55999967455864,0.042059881055370396,1.2264561771915552,1.2685160582469255,0.5331740865560172,0.00621376528075129,6.0
2026-08-10 20:00:00,-0.035147037,-0.7093870466261089,1.1299999747425318,14.55999967455864,0.042059881055370396,1.2264561771915552,1.2685160582469255,0.5239819742637247,0.00621376528075129,6.0
2026-08-10 20:10:00,-0.035147037,-0.7146097712875528,1.1299999747425318,14.55999967455864,0.042059881055370396,1.2264561771915552,1.2685160582469255,0.5187592496022808,0.00621376528075129,6.0
2026-08-10 20:20:00,-0.035147037,-0.7158574124462825,1.1299999747425318,14.55999967455864,0.042059881055370396,1.2264561771915552,1.2685160582469255,0.517511608443551,0.00621376528075129,6.0
2026-08-10 20:30:00,-0.035147037,-0.7131445566105294,1.1299999747425318,14.55999967455864,0.042059881055370396,1.2264561771915552,1.2685160582469255,0.5202244642793041,0.00621376528075129,6.0
2026-08-10 20:40:00,-0.035147037,-0.7065060404303809,1.1299999747425318,14.55999967455864,0.042059881055370396,1.2264561771915552,1.2685160582469255,0.5268629804594527,0.00621376528075129,6.0
2026-08-10 20:50:00,-0.035147037,-0.6959970804373039,1.1299999747425318,14.55999967455864,0.042059881055370396,1.2264561771915552,1.2685160582469255,0.5373719404525297,0.00621376528075129,6.0
2026-08-10 21:00:00,-0.035147037,-0.6816934836765869,1.1299999747425318,14.01999968662858,0.040499967884360784,1.1809694783121982,1.221469446196559,0.5046289251628802,0.00621376528075129,6.0
2026-08-10 21:10:00,-0.035147037,-0.6636918438774693,1.1299999747425318,14.01999968662858,0.040499967884360784,1.1809694783121982,1.221469446196559,0.5226305649619978,0.00621376528075129,6.0
2026-08-10 21:20:00,-0.035147037,-0.6421096243283083,1.1299999747425318,14.01999968662858,0.040499967884360784,1.1809694783121982,1.221469446196559,0.5442127845111587,0.00621376528075129,6.0
2026-08-10 21:30:00,-0.035147037,-0.6170850367185045,1.1299999747425318,14.01999968662858,0.040499967884360784,1.1809694783121982,1.221469446196559,0.5692373721209626,0.00621376528075129,6.0
2026-08-10 21:40:00,-0.035147037,-0.5887766435004709,1.1299999747425318,14.01999968662858,0.040499967884360784,1.1809694783121982,1.221469446196559,0.5975457653389962,0.00621376528075129,6.0
2026-08-10 21:50:00,-0.035147037,-0.5573626378661151,1.1299999747425318,14.01999968662858,0.040499967884360784,1.1809694783121982,1.221469446196559,0.628959770973352,0.00621376528075129,6.0
2026-08-10 22:00:00,-0.035147037,-0.5230397874457138,1.1299999747425318,14.01999968662858,0.040499967884360784,1.1809694783121982,1.221469446196559,0.6632826213937533,0.00621376528075129,6.0
2026-08-10 22:10:00,-0.035147037,-0.4860220611941642,1.1299999747425318,14.01999968662858,0.040499967884360784,1.1809694783121982,1.221469446196559,0.7003003476453029,0.00621376528075129,6.0
2026-08-10 22:20:00,-0.035147037,-0.44653899082177634,1.1299999747425318,14.01999968662858,0.040499967884360784,1.1809694783121982,1.221469446196559,0.7397834180176908,0.00621376528075129,6.0
2026-08-10 22:30:00,-0.035147037,-0.40483384385952514,1.1299999747425318,14.01999968662858,0.040499967884360784,1.1809694783121982,1.221469446196559,0.7814885649799419,0.00621376528075129,6.0
2026-08-10 22:40:00,-0.035147037,-0.36116170341656983,1.1299999747425318,14.01999968662858,0.040499967884360784,1.1809694783121982,1.221469446196559,0.8251607054228972,0.00621376528075129,6.0
2026-08-10 22:50:00,-0.035147037,-0.31578755660504343,1.1299999747425318,14.01999968662858,0.040499967884360784,1.1809694783121982,1.221469446196559,0.8705348522344236,0.00621376528075129,6.0
2026-08-10 23:00:00,-0.035147037,-0.2689844896452518,1.1299999747425318,14.01999968662858,0.040499967884360784,1.1809694783121982,1.221469446196559,0.9173379191942153,0.00621376528075129,6.0
2026-08-10 23:10:00,-0.035147037,-0.22103207246109435,1.1299999747425318,14.01999968662858,0.040499967884360784,1.1809694783121982,1.221469446196559,0.9652903363783727,0.00621376528075129,6.0
2026-08-10 23:20:00,-0.035147037,-0.17221499092189554,1.1299999747425318,14.01999968662858,0.040499967884360784,1.1809694783121982,1.221469446196559,1.0141074179175715,0.00621376528075129,6.0
2026-08-10 23:30:00,-0.035147037,-0.12282195362030099,1.1299999747425318,14.01999968662858,0.040499967884360784,1.1809694783121982,1.221469446196559,1.063500455219166,0.00621376528075129,6.0
2026-08-10 23:40:00,-0.035147037,-0.07314486465177607,1.1299999747425318,14.01999968662858,0.040499967884360784,1.1809694783121982,1.221469446196559,1.113177544187691,0.00621376528075129,6.0
2026-08-10 23:50:00,-0.035147037,-0.02347821928159133,1.1299999747425318,14.01999968662858,0.040499967884360784,1.1809694783121982,1.221469446196559,1.1628441895578758,0.00621376528075129,6.0
2026-08-11 00:00:00,-0.02998872,0.025881352154851933,1.1099999751895666,13.70999969355762,0.03925241552610724,1.1445911468058474,1.1838435623319545,1.1797361953363825,0.00621376528075129,6.0
2026-08-11 00:10:00,-0.02998872,0.07463549043976622,1.1099999751895666,13.70999969355762,0.03925241552610724,1.1445911468058474,1.1838435623319545,1.2284903336212967,0.00621376528075129,6.0
2026-08-11 00:20:00,-0.02998872,0.12248457661844292,1.1099999751895666,13.70999969355762,0.03925241552610724,1.1445911468058474,1.1838435623319545,1.2763394197999736,0.00621376528075129,6.0
2026-08-11 00:30:00,-0.02998872,0.16912837975874553,1.1099999751895666,13.70999969355762,0.03925241552610724,1.1445911468058474,1.1838435623319545,1.322983222940276,0.00621376528075129,6.0
2026-08-11 00:40:00,-0.02998872,0.21426699034701915,1.1099999751895666,13.70999969355762,0.03925241552610724,1.1445911468058474,1.1838435623319545,1.3681218335285497,0.00621376528075129,6.0
2026-08-11 00:50:00,-0.02998872,0.25760212661957044,1.1099999751895666,13.70999969355762,0.03925241552610724,1.1445911468058474,1.1838435623319545,1.411456969801101,0.00621376528075129,6.0
2026-08-11 01:00:00,-0.02998872,0.29883887228336675,1.1099999751895666,13.70999969355762,0.03925241552610724,1.1445911468058474,1.1838435623319545,1.4526937154648973,0.00621376528075129,6.0
2026-08-11 01:10:00,-0.02998872,0.33768786920254706,1.1099999751895666,13.70999969355762,0.03925241552610724,1.1445911468058474,1.1838435623319545,1.4915427123840777,0.00621376528075129,6.0
2026-08-11 01:20:00,-0.02998872,0.3738679504062885,1.1099999751895666,13.70999969355762,0.03925241552610724,1.1445911468058474,1.1838435623319545,1.527722793587819,0.00621376528075129,6.0
2026-08-11 01:30:00,-0.02998872,0.40710916162514516,1.1099999751895666,13.70999969355762,0.03925241552610724,1.1445911468058474,1.1838435623319545,1.5609640048066757,0.00621376528075129,6.0
2026-08-11 01:40:00,-0.02998872,0.43715608611526713,1.1099999751895666,13.70999969355762,0.03925241552610724,1.1445911468058474,1.1838435623319545,1.5910109292967975,0.00621376528075129,6.0
2026-08-11 01:50:00,-0.02998872,0.4637713613708341,1.1099999751895666,13.70999969355762,0.03925241552610724,1.1445911468058474,1.1838435623319545,1.6176262045523646,0.00621376528075129,6.0
2026-08-11 02:00:00,-0.02998872,0.4867392591190096,1.1099999751895666,13.70999969355762,0.03925241552610724,1.1445911468058474,1.1838435623319545,1.6405941023005401,0.00621376528075129,6.0
2026-08-11 02:10:00,-0.02998872,0.505869193179329,1.1099999751895666,13.70999969355762,0.03925241552610724,1.1445911468058474,1.1838435623319545,1.6597240363608594,0.00621376528075129,6.0
2026-08-11 02:20:00,-0.02998872,0.520999023235211,1.1099999751895666,13.70999969355762,0.03925241552610724,1.1445911468058474,1.1838435623319545,1.6748538664167416,0.00621376528075129,6.0
2026-08-11 02:30:00,-0.02998872,0.5319980354598204,1.1099999751895666,13.70999969355762,0.03925241552610724,1.1445911468058474,1.1838435623319545,1.685852878641351,0.00621376528075129,6.0
2026-08-11 02:40:00,-0.02998872,0.5387695012472894,1.1099999751895666,13.70999969355762,0.03925241552610724,1.1445911468058474,1.1838435623319545,1.69262434442882,0.00621376528075129,6.0
2026-08-11 02:50:00,-0.02998872,0.541252740717489,1.1099999751895666,13.70999969355762,0.03925241552610724,1.1445911468058474,1.1838435623319545,1.6951075838990195,0.00621376528075129,6.0
2026-08-11 03:00:00,-0.02998872,0.5394246450022125,1.0899999756366014,13.499999698251486,0.03830138344178875,1.116859276309489,1.1551606597512776,1.664596585603066,0.00621376528075129,6.0
2026-08-11 03:10:00,-0.02998872,0.5333006381528842,1.0899999756366014,13.499999698251486,0.03830138344178875,1.116859276309489,1.1551606597512776,1.6584725787537378,0.00621376528075129,6.0
2026-08-11 03:20:00,-0.02998872,0.52293508277242,1.0899999756366014,13.499999698251486,0.03830138344178875,1.116859276309489,1.1551606597512776,1.6481070233732735,0.00621376528075129,6.0
2026-08-11 03:30:00,-0.02998872,0.5084211517970555,1.0899999756366014,13.499999698251486,0.03830138344178875,1.116859276309489,1.1551606597512776,1.6335930923979092,0.00621376528075129,6.0
2026-08-11 03:40:00,-0.02998872,0.48989020052868887,1.0899999756366014,13.499999698251486,0.03830138344178875,1.116859276309489,1.1551606597512776,1.6150621411295425,0.00621376528075129,6.0
2026-08-11 03:50:00,-0.02998872,0.46751067827611137,1.0899999756366014,13.499999698251486,0.03830138344178875,1.116859276309489,1.1551606597512776,1.592682618876965,0.00621376528075129,6.0
2026-08-11 04:00:00,-0.02998872,0.44148661825921504,1.0899999756366014,13.499999698251486,0.03830138344178875,1.116859276309489,1.1551606597512776,1.5666585588600686,0.00621376528075129,6.0
2026-08-11 04:10:00,-0.02998872,0.4120557389173156,1.0899999756366014,13.499999698251486,0.03830138344178875,1.116859276309489,1.1551606597512776,1.5372276795181692,0.00621376528075129,6.0
2026-08-11 04:20:00,-0.02998872,0.3794871822192378,1.0899999756366014,13.499999698251486,0.03830138344178875,1.116859276309489,1.1551606597512776,1.5046591228200914,0.00621376528075129,6.0
2026-08-11 04:30:00,-0.02998872,0.3440789059871308,1.0899999756366014,13.499999698251486,0.03830138344178875,1.116859276309489,1.1551606597512776,1.4692508465879843,0.00621376528075129,6.0
2026-08-11 04:40:00,-0.02998872,0.30615474133181436,1.0899999756366014,13.499999698251486,0.03830138344178875,1.116859276309489,1.1551606597512776,1.431326681932668,0.00621376528075129,6.0
2026-08-11 04:50:00,-0.02998872,0.26606112348216915,1.0899999756366014,13.499999698251486,0.03830138344178875,1.116859276309489,1.1551606597512776,1.3912330640830226,0.00621376528075129,6.0
2026-08-11 05:00:00,-0.02998872,0.22416350709937008,1.0899999756366014,13.499999698251486,0.03830138344178875,1.116859276309489,1.1551606597512776,1.3493354477002237,0.00621376528075129,6.0
2026-08-11 05:10:00,-0.02998872,0.18084248518196833,1.0899999756366014,13.499999698251486,0.03830138344178875,1.116859276309489,1.1551606597512776,1.306014425782822,0.00621376528075129,6.0
2026-08-11 05:20:00,-0.02998872,0.13648964417042547,1.0899999756366014,13.499999698251486,0.03830138344178875,1.116859276309489,1.1551606597512776,1.261661584771279,0.00621376528075129,6.0
2026-08-11 05:30:00,-0.02998872,0.09150320541482516,1.0899999756366014,13.499999698251486,0.03830138344178875,1.116859276309489,1.1551606597512776,1.2166751460156788,0.00621376528075129,6.0
2026-08-11 05:40:00,-0.02998872,0.046283522572485095,1.0899999756366014,13.499999698251486,0.03830138344178875,1.116859276309489,1.1551606597512776,1.1714554631733387,0.00621376528075129,6.0
2026-08-11 05:50:00,-0.02998872,0.0012285242013114356,1.0899999756366014,13.499999698251486,0.03830138344178875,1.116859276309489,1.1551606597512776,1.126400464802165,0.00621376528075129,6.0
2026-08-11 06:00:00,-0.02998872,-0.04327079296729751,1.0499999765306711,13.329999702051282,0.03711865596563685,1.0823712230230074,1.1194898789886443,1.0462303668709227,0.00621376528075129,6.0
2026-08-11 06:10:00,-0.02998872,-0.08683470327267838,1.0499999765306711,13.329999702051282,0.03711865596563685,1.0823712230230074,1.1194898789886443,1.0026664565655419,0.00621376528075129,6.0
2026-08-11 06:20:00,-0.02998872,-0.12909880348950686,1.0499999765306711,13.329999702051282,0.03711865596563685,1.0823712230230074,1.1194898789886443,0.9604023563487134,0.00621376528075129,6.0
2026-08-11 06:30:00,-0.02998872,-0.16971766095706578,1.0499999765306711,13.329999702051282,0.03711865596563685,1.0823712230230074,1.1194898789886443,0.9197834988811545,0.00621376528075129,6.0
2026-08-11 06:40:00,-0.02998872,-0.20836795758217658,1.0499999765306711,13.329999702051282,0.03711865596563685,1.0823712230230074,1.1194898789886443,0.8811332022560436,0.00621376528075129,6.0
2026-08-11 06:50:00,-0.02998872,-0.24475105186740675,1.0499999765306711,13.329999702051282,0.03711865596563685,1.0823712230230074,1.1194898789886443,0.8447501079708135,0.00621376528075129,6.0
2026-08-11 07:00:00,-0.02998872,-0.2785949113617504,1.0499999765306711,13.329999702051282,0.03711865596563685,1.0823712230230074,1.1194898789886443,0.8109062484764699,0.00621376528075129,6.0
2026-08-11 07:10:00,-0.02998872,-0.3096554031453617,1.0499999765306711,13.329999702051282,0.03711865596563685,1.0823712230230074,1.1194898789886443,0.7798457566928585,0.00621376528075129,6.0
2026-08-11 07:20:00,-0.02998872,-0.33771696653882083,1.0499999765306711,13.329999702051282,0.03711865596563685,1.0823712230230074,1.1194898789886443,0.7517841932993994,0.00621376528075129,6.0
2026-08-11 07:30:00,-0.02998872,-0.36259272769665346,1.0499999765306711,13.329999702051282,0.03711865596563685,1.0823712230230074,1.1194898789886443,0.7269084321415669,0.00621376528075129,6.0
2026-08-11 07:40:00,-0.02998872,-0.3841241458497487,1.0499999765306711,13.329999702051282,0.03711865596563685,1.0823712230230074,1.1194898789886443,0.7053770139884716,0.00621376528075129,6.0
2026-08-11 07:50:00,-0.02998872,-0.4021803036051566,1.0499999765306711,13.329999702051282,0.03711865596563685,1.0823712230230074,1.1194898789886443,0.6873208562330637,0.00621376528075129,6.0
2026-08-11 08:00:00,-0.02998872,-0.4166569661079365,1.0499999765306711,13.329999702051282,0.03711865596563685,1.0823712230230074,1.1194898789886443,0.6728441937302838,0.00621376528075129,6.0
2026-08-11 08:10:00,-0.02998872,-0.42747553517273473,1.0499999765306711,13.329999702051282,0.03711865596563685,1.0823712230230074,1.1194898789886443,0.6620256246654855,0.00621376528075129,6.0
2026-08-11 08:20:00,-0.02998872,-0.43458201438857047,1.0499999765306711,13.329999702051282,0.03711865596563685,1.0823712230230074,1.1194898789886443,0.6549191454496498,0.00621376528075129,6.0
2026-08-11 08:30:00,-0.02998872,-0.43794608087143466,1.0499999765306711,13.329999702051282,0.03711865596563685,1.0823712230230074,1.1194898789886443,0.6515550789667857,0.00621376528075129,6.0
2026-08-11 08:40:00,-0.02998872,-0.43756033082792395,1.0499999765306711,13.329999702051282,0.03711865596563685,1.0823712230230074,1.1194898789886443,0.6519408290102964,0.00621376528075129,6.0
2026-08-11 08:50:00,-0.02998872,-0.43343973242603034,1.0499999765306711,13.329999702051282,0.03711865596563685,1.0823712230230074,1.1194898789886443,0.6560614274121899,0.00621376528075129,6.0
2026-08-11 09:00:00,-0.02998872,-0.42562128406043104,1.0199999772012234,13.189999705180526,0.036200312939871,1.0555925577374694,1.0917928706773403,0.6361828674664853,0.00621376528075129,6.0
2026-08-11 09:10:00,-0.02998872,-0.4141638427919356,1.0199999772012234,13.189999705180526,0.036200312939871,1.0555925577374694,1.0917928706773403,0.6476403087349807,0.00621376528075129,6.0
2026-08-11 09:20:00,-0.02998872,-0.39914805976110457,1.0199999772012234,13.189999705180526,0.036200312939871,1.0555925577374694,1.0917928706773403,0.6626560917658117,0.00621376528075129,6.0
2026-08-11 09:30:00,-0.02998872,-0.3806763398787654,1.0199999772012234,13.189999705180526,0.036200312939871,1.0555925577374694,1.0917928706773403,0.681127811648151,0.00621376528075129,6.0
2026-08-11 09:40:00,-0.02998872,-0.35887273377981915,1.0199999772012234,13.189999705180526,0.036200312939871,1.0555925577374694,1.0917928706773403,0.7029314177470971,0.00621376528075129,6.0
2026-08-11 09:50:00,-0.02998872,-0.3338826719895569,1.0199999772012234,13.189999705180526,0.036200312939871,1.0555925577374694,1.0917928706773403,0.7279214795373594,0.00621376528075129,6.0
2026-08-11 10:00:00,-0.02998872,-0.30587246402032525,1.0199999772012234,13.189999705180526,0.036200312939871,1.0555925577374694,1.0917928706773403,0.7559316875065911,0.00621376528075129,6.0
2026-08-11 10:10:00,-0.02998872,-0.2750285071253745,1.0199999772012234,13.189999705180526,0.036200312939871,1.0555925577374694,1.0917928706773403,0.7867756444015418,0.00621376528075129,6.0
2026-08-11 10:20:00,-0.02998872,-0.24155617843844962,1.0199999772012234,13.189999705180526,0.036200312939871,1.0555925577374694,1.0917928706773403,0.8202479730884666,0.00621376528075129,6.0
2026-08-11 10:30:00,-0.02998872,-0.2056784163947415,1.0199999772012234,13.189999705180526,0.036200312939871,1.0555925577374694,1.0917928706773403,0.8561257351321748,0.00621376528075129,6.0
2026-08-11 10:40:00,-0.02998872,-0.16763402980822548,1.0199999772012234,13.189999705180526,0.036200312939871,1.0555925577374694,1.0917928706773403,0.8941701217186908,0.00621376528075129,6.0
2026-08-11 10:50:00,-0.02998872,-0.12767580118121086,1.0199999772012234,13.189999705180526,0.036200312939871,1.0555925577374694,1.0917928706773403,0.9341283503457054,0.00621376528075129,6.0
2026-08-11 11:00:00,-0.02998872,-0.08606847239927096,1.0199999772012234,13.189999705180526,0.036200312939871,1.0555925577374694,1.0917928706773403,0.9757356791276454,0.00621376528075129,6.0
2026-08-11 11:10:00,-0.02998872,-0.04308671267792959,1.0199999772012234,13.189999705180526,0.036200312939871,1.0555925577374694,1.0917928706773403,1.0187174388489868,0.00621376528075129,6.0
2026-08-11 11:20:00,-0.02998872,0.0009868304190202993,1.0199999772012234,13.189999705180526,0.036200312939871,1.0555925577374694,1.0917928706773403,1.0627909819459367,0.00621376528075129,6.0
2026-08-11 11:30:00,-0.02998872,0.04586330652799812,1.0199999772012234,13.189999705180526,0.036200312939871,1.0555925577374694,1.0917928706773403,1.1076674580549144,0.00621376528075129,6.0
2026-08-11 11:40:00,-0.02998872,0.091249194987747,1.0199999772012234,13.189999705180526,0.036200312939871,1.0555925577374694,1.0917928706773403,1.1530533465146633,0.00621376528075129,6.0
2026-08-11 11:50:00,-0.02998872,0.13684755356324535,1.0199999772012234,13.189999705180526,0.036200312939871,1.0555925577374694,1.0917928706773403,1.1986517050901617,0.00621376528075129,6.0
2026-08-11 12:00:00,-0.02998872,0.1823589771232381,0.9999999776482582,13.04999970830977,0.03546320276018345,1.0340985993508909,1.0695618021110744,1.2219320600838885,0.00621376528075129,6.0
2026-08-11 12:10:00,-0.02998872,0.22748229570014986,0.9999999776482582,13.04999970830977,0.03546320276018345,1.0340985993508909,1.0695618021110744,1.2670553786608003,0.00621376528075129,6.0
2026-08-11 12:20:00,-0.02998872,0.2719150755202223,0.9999999776482582,13.04999970830977,0.03546320276018345,1.0340985993508909,1.0695618021110744,1.3114881584808726,0.00621376528075129,6.0
2026-08-11 12:30:00,-0.02998872,0.315354014662017,0.9999999776482582,13.04999970830977,0.03546320276018345,1.0340985993508909,1.0695618021110744,1.3549270976226675,0.00621376528075129,6.0
2026-08-11 12:40:00,-0.02998872,0.3574953447444371,0.9999999776482582,13.04999970830977,0.03546320276018345,1.0340985993508909,1.0695618021110744,1.3970684277050875,0.00621376528075129,6.0
2026-08-11 12:50:00,-0.02998872,0.3980353587793339,0.9999999776482582,13.04999970830977,0.03546320276018345,1.0340985993508909,1.0695618021110744,1.4376084417399844,0.00621376528075129,6.0
2026-08-11 13:00:00,-0.02998872,0.4366711823365219,0.9999999776482582,13.04999970830977,0.03546320276018345,1.0340985993508909,1.0695618021110744,1.4762442652971723,0.00621376528075129,6.0
2026-08-11 13:10:00,-0.02998872,0.47310189056074436,0.9999999776482582,13.04999970830977,0.03546320276018345,1.0340985993508909,1.0695618021110744,1.5126749735213947,0.00621376528075129,6.0
2026-08-11 13:20:00,-0.02998872,0.5070300485249019,0.9999999776482582,13.04999970830977,0.03546320276018345,1.0340985993508909,1.0695618021110744,1.5466031314855524,0.00621376528075129,6.0
2026-08-11 13:30:00,-0.02998872,0.5381637195657221,0.9999999776482582,13.04999970830977,0.03546320276018345,1.0340985993508909,1.0695618021110744,1.5777368025263725,0.00621376528075129,6.0
2026-08-11 13:40:00,-0.02998872,0.5662189483913036,0.9999999776482582,13.04999970830977,0.03546320276018345,1.0340985993508909,1.0695618021110744,1.605792031351954,0.00621376528075129,6.0
2026-08-11 13:50:00,-0.02998872,0.5909226867468863,0.9999999776482582,13.04999970830977,0.03546320276018345,1.0340985993508909,1.0695618021110744,1.6304957697075366,0.00621376528075129,6.0
2026-08-11 14:00:00,-0.02998872,0.6120160925640039,0.9999999776482582,13.04999970830977,0.03546320276018345,1.0340985993508909,1.0695618021110744,1.6515891755246543,0.00621376528075129,6.0
2026-08-11 14:10:00,-0.02998872,0.6292581023223895,0.9999999776482582,13.04999970830977,0.03546320276018345,1.0340985993508909,1.0695618021110744,1.66883118528304,0.00621376528075129,6.0
2026-08-11 14:20:00,-0.02998872,0.6424291532270202,0.9999999776482582,13.04999970830977,0.03546320276018345,1.0340985993508909,1.0695618021110744,1.6820022361876705,0.00621376528075129,6.0
2026-08-11 14:30:00,-0.02998872,0.6513349186023426,0.9999999776482582,13.04999970830977,0.03546320276018345,1.0340985993508909,1.0695618021110744,1.6909080015629931,0.00621376528075129,6.0
2026-08-11 14:40:00,-0.02998872,0.6558099172069897,0.9999999776482582,13.04999970830977,0.03546320276018345,1.0340985993508909,1.0695618021110744,1.6953830001676402,0.00621376528075129,6.0
2026-08-11 14:50:00,-0.02998872,0.6557208646021032,0.9999999776482582,13.04999970830977,0.03546320276018345,1.0340985993508909,1.0695618021110744,1.6952939475627535,0.00621376528075129,6.0
2026-08-11 15:00:00,-0.02998872,0.6509696508251059,0.9999999776482582,12.919999711215496,0.03510992947598239,1.0237972339933725,1.058907163469355,1.679888095144037,0.00621376528075129,6.0
2026-08-11 15:10:00,-0.02998872,0.6414958512850373,0.9999999776482582,12.919999711215496,0.03510992947598239,1.0237972339933725,1.058907163469355,1.6704142956039683,0.00621376528075129,6.0
2026-08-11 15:20:00,-0.02998872,0.6272787042067958,0.9999999776482582,12.919999711215496,0.03510992947598239,1.0237972339933725,1.058907163469355,1.6561971485257267,0.00621376528075129,6.0
2026-08-11 15:30:00,-0.02998872,0.6083385153534409,0.9999999776482582,12.919999711215496,0.03510992947598239,1.0237972339933725,1.058907163469355,1.6372569596723718,0.00621376528075129,6.0
2026-08-11 15:40:00,-0.02998872,0.5847374762239133,0.9999999776482582,12.919999711215496,0.03510992947598239,1.0237972339933725,1.058907163469355,1.6136559205428442,0.00621376528075129,6.0
2026-08-11 15:50:00,-0.02998872,0.5565799033522738,0.9999999776482582,12.919999711215496,0.03510992947598239,1.0237972339933725,1.058907163469355,1.5854983476712048,0.00621376528075129,6.0
2026-08-11 16:00:00,-0.02998872,0.5240119220445635,0.9999999776482582,12.919999711215496,0.03510992947598239,1.0237972339933725,1.058907163469355,1.5529303663634946,0.00621376528075129,6.0
2026-08-11 16:10:00,-0.02998872,0.4872206270992193,0.9999999776482582,12.919999711215496,0.03510992947598239,1.0237972339933725,1.058907163469355,1.5161390714181504,0.00621376528075129,6.0
2026-08-11 16:20:00,-0.02998872,0.44643275617189326,0.9999999776482582,12.919999711215496,0.03510992947598239,1.0237972339933725,1.058907163469355,1.4753512004908242,0.00621376528075129,6.0
2026-08-11 16:30:00,-0.02998872,0.40191290912886174,0.9999999776482582,12.919999711215496,0.03510992947598239,1.0237972339933725,1.058907163469355,1.4308313534477928,0.00621376528075129,6.0
2026-08-11 16:40:00,-0.02998872,0.3539613411041966,0.9999999776482582,12.919999711215496,0.03510992947598239,1.0237972339933725,1.058907163469355,1.3828797854231276,0.00621376528075129,6.0
2026-08-11 16:50:00,-0.02998872,0.3029113496784088,0.9999999776482582,12.919999711215496,0.03510992947598239,1.0237972339933725,1.058907163469355,1.3318297939973398,0.00621376528075129,6.0
2026-08-11 17:00:00,-0.02998872,0.24912627034202106,0.9999999776482582,12.919999711215496,0.03510992947598239,1.0237972339933725,1.058907163469355,1.2780447146609522,0.00621376528075129,6.0
2026-08-11 17:10:00,-0.02998872,0.19299609087488143,0.9999999776482582,12.919999711215496,0.03510992947598239,1.0237972339933725,1.058907163469355,1.2219145351938123,0.00621376528075129,6.0
2026-08-11 17:20:00,-0.02998872,0.13493369629918817,0.9999999776482582,12.919999711215496,0.03510992947598239,1.0237972339933725,1.058907163469355,1.1638521406181193,0.00621376528075129,6.0
2026-08-11 17:30:00,-0.02998872,0.0753707625143523,0.9999999776482582,12.919999711215496,0.03510992947598239,1.0237972339933725,1.058907163469355,1.1042892068332832,0.00621376528075129,6.0
2026-08-11 17:40:00,-0.02998872,0.014753328496018325,0.9999999776482582,12.919999711215496,0.03510992947598239,1.0237972339933725,1.058907163469355,1.0436717728149494,0.00621376528075129,6.0
2026-08-11 17:50:00,-0.02998872,-0.046462906351787014,0.9999999776482582,12.919999711215496,0.03510992947598239,1.0237972339933725,1.058907163469355,0.982455537967144,0.00621376528075129,6.0
2026-08-11 18:00:00,-0.02998872,-0.10781749361461614,1.0099999774247408,12.709999715909362,0.034711523938485714,1.0121798228112806,1.0468913467497662,0.9090851339847261,0.00621376528075129,6.0
2026-08-11 18:10:00,-0.02998872,-0.16885026926464733,1.0099999774247408,12.709999715909362,0.034711523938485714,1.0121798228112806,1.0468913467497662,0.848052358334695,0.00621376528075129,6.0
2026-08-11 18:20:00,-0.02998872,-0.2291064035359662,1.0099999774247408,12.709999715909362,0.034711523938485714,1.0121798228112806,1.0468913467497662,0.787796224063376,0.00621376528075129,6.0
2026-08-11 18:30:00,-0.02998872,-0.2881413470261278,1.0099999774247408,12.709999715909362,0.034711523938485714,1.0121798228112806,1.0468913467497662,0.7287612805732144,0.00621376528075129,6.0
2026-08-11 18:40:00,-0.02998872,-0.34552554496277604,1.0099999774247408,12.709999715909362,0.034711523938485714,1.0121798228112806,1.0468913467497662,0.6713770826365661,0.00621376528075129,6.0
2026-08-11 18:50:00,-0.02998872,-0.4008487919235406,1.0099999774247408,12.709999715909362,0.034711523938485714,1.0121798228112806,1.0468913467497662,0.6160538356758016,0.00621376528075129,6.0
2026-08-11 19:00:00,-0.02998872,-0.4537241091145035,1.0099999774247408,12.709999715909362,0.034711523938485714,1.0121798228112806,1.0468913467497662,0.5631785184848388,0.00621376528075129,6.0
2026-08-11 19:10:00,-0.02998872,-0.5037910455054319,1.0099999774247408,12.709999715909362,0.034711523938485714,1.0121798228112806,1.0468913467497662,0.5131115820939104,0.00621376528075129,6.0
2026-08-11 19:20:00,-0.02998872,-0.5507183314393919,1.0099999774247408,12.709999715909362,0.034711523938485714,1.0121798228112806,1.0468913467497662,0.4661842961599504,0.00621376528075129,6.0
2026-08-11 19:30:00,-0.02998872,-0.5942058471813909,1.0099999774247408,12.709999715909362,0.034711523938485714,1.0121798228112806,1.0468913467497662,0.42269678041795133,0.00621376528075129,6.0
2026-08-11 19:40:00,-0.02998872,-0.6339859060245709,1.0099999774247408,12.709999715909362,0.034711523938485714,1.0121798228112806,1.0468913467497662,0.3829167215747713,0.00621376528075129,6.0
2026-08-11 19:50:00,-0.02998872,-0.669823889287256,1.0099999774247408,12.709999715909362,0.034711523938485714,1.0121798228112806,1.0468913467497662,0.34707873831208624,0.00621376528075129,6.0
2026-08-11 20:00:00,-0.02998872,-0.7015183048668636,1.0099999774247408,12.709999715909362,0.034711523938485714,1.0121798228112806,1.0468913467497662,0.31538432273247863,0.00621376528075129,6.0
2026-08-11 20:10:00,-0.02998872,-0.7289003693217503,1.0099999774247408,12.709999715909362,0.034711523938485714,1.0121798228112806,1.0468913467497662,0.28800225827759196,0.00621376528075129,6.0
2026-08-11 20:20:00,-0.02998872,-0.7518332326088587,1.0099999774247408,12.709999715909362,0.034711523938485714,1.0121798228112806,1.0468913467497662,0.26506939499048354,0.00621376528075129,6.0
2026-08-11 20:30:00,-0.02998872,-0.7702109731429433,1.0099999774247408,12.709999715909362,0.034711523938485714,1.0121798228112806,1.0468913467497662,0.24669165445639896,0.00621376528075129,6.0
2026-08-11 20:40:00,-0.02998872,-0.7839574879016046,1.0099999774247408,12.709999715909362,0.034711523938485714,1.0121798228112806,1.0468913467497662,0.23294513969773767,0.00621376528075129,6.0
2026-08-11 20:50:00,-0.02998872,-0.7930253882980948,1.0099999774247408,12.709999715909362,0.034711523938485714,1.0121798228112806,1.0468913467497662,0.22387723930124748,0.00621376528075129,6.0
2026-08-11 21:00:00,-0.02998872,-0.7973949890935845,0.9899999778717756,12.46999972127378,0.03371719939368302,0.9831855544133022,1.0169027538069852,0.18951904556297672,0.00621376528075129,6.0
2026-08-11 21:10:00,-0.02998872,-0.797073447195802,0.9899999778717756,12.46999972127378,0.03371719939368302,0.9831855544133022,1.0169027538069852,0.18984058746075927,0.00621376528075129,6.0
2026-08-11 21:20:00,-0.02998872,-0.7920940730458562,0.9899999778717756,12.46999972127378,0.03371719939368302,0.9831855544133022,1.0169027538069852,0.19481996161070503,0.00621376528075129,6.0
2026-08-11 21:30:00,-0.02998872,-0.7825158030853555,0.9899999778717756,12.46999972127378,0.03371719939368302,0.9831855544133022,1.0169027538069852,0.20439823157120574,0.00621376528075129,6.0
2026-08-11 21:40:00,-0.02998872,-0.7684227910519098,0.9899999778717756,12.46999972127378,0.03371719939368302,0.9831855544133022,1.0169027538069852,0.21849124360465144,0.00621376528075129,6.0
2026-08-11 21:50:00,-0.02998872,-0.7499240518804527,0.9899999778717756,12.46999972127378,0.03371719939368302,0.9831855544133022,1.0169027538069852,0.2369899827761085,0.00621376528075129,6.0
2026-08-11 22:00:00,-0.02998872,-0.7271530772199088,0.9899999778717756,12.46999972127378,0.03371719939368302,0.9831855544133022,1.0169027538069852,0.2597609574366524,0.00621376528075129,6.0
2026-08-11 22:10:00,-0.02998872,-0.700267337437588,0.9899999778717756,12.46999972127378,0.03371719939368302,0.9831855544133022,1.0169027538069852,0.2866466972189733,0.00621376528075129,6.0
2026-08-11 22:20:00,-0.02998872,-0.6694475918805765,0.9899999778717756,12.46999972127378,0.03371719939368302,0.9831855544133022,1.0169027538069852,0.3174664427759848,0.00621376528075129,6.0
2026-08-11 22:30:00,-0.02998872,-0.6348969461166983,0.9899999778717756,12.46999972127378,0.03371719939368302,0.9831855544133022,1.0169027538069852,0.3520170885398629,0.00621376528075129,6.0
2026-08-11 22:40:00,-0.02998872,-0.5968396198285808,0.9899999778717756,12.46999972127378,0.03371719939368302,0.9831855544133022,1.0169027538069852,0.39007441482798044,0.00621376528075129,6.0
2026-08-11 22:50:00,-0.02998872,-0.5555194192315135,0.9899999778717756,12.46999972127378,0.03371719939368302,0.9831855544133022,1.0169027538069852,0.43139461542504776,0.00621376528075129,6.0
2026-08-11 23:00:00,-0.02998872,-0.5111979397278675,0.9899999778717756,12.46999972127378,0.03371719939368302,0.9831855544133022,1.0169027538069852,0.4757160949286937,0.00621376528075129,6.0
2026-08-11 23:10:00,-0.02998872,-0.4641525542826683,0.9899999778717756,12.46999972127378,0.03371719939368302,0.9831855544133022,1.0169027538069852,0.5227614803738929,0.00621376528075129,6.0
2026-08-11 23:20:00,-0.02998872,-0.4146742674226661,0.9899999778717756,12.46999972127378,0.03371719939368302,0.9831855544133022,1.0169027538069852,0.5722397672338951,0.00621376528075129,6.0
2026-08-11 23:30:00,-0.02998872,-0.363065530738091,0.9899999778717756,12.46999972127378,0.03371719939368302,0.9831855544133022,1.0169027538069852,0.6238485039184702,0.00621376528075129,6.0
2026-08-11 23:40:00,-0.02998872,-0.3096381213268823,0.9899999778717756,12.46999972127378,0.03371719939368302,0.9831855544133022,1.0169027538069852,0.677275913329679,0.00621376528075129,6.0
2026-08-11 23:50:00,-0.02998872,-0.2547111791009805,0.9899999778717756,12.46999972127378,0.03371719939368302,0.9831855544133022,1.0169027538069852,0.7322028555555807,0.00621376528075129,6.0
2026-08-12 00:00:00,-0.053335853,-0.19860948224787187,0.9599999785423279,12.209999727085233,0.03251013133128731,0.9479877353926793,0.9804978667239667,0.7285525315550857,0.00621376528075129,6.0
2026-08-12 00:10:00,-0.053335853,-0.14166201432871542,0.9599999785423279,12.209999727085233,0.03251013133128731,0.9479877353926793,0.9804978667239667,0.7854999994742422,0.00621376528075129,6.0
2026-08-12 00:20:00,-0.053335853,-0.08420084379752212,0.9599999785423279,12.209999727085233,0.03251013133128731,0.9479877353926793,0.9804978667239667,0.8429611700054355,0.00621376528075129,6.0
2026-08-12 00:30:00,-0.053335853,-0.026560300540541707,0.9599999785423279,12.209999727085233,0.03251013133128731,0.9479877353926793,0.9804978667239667,0.9006017132624159,0.00621376528075129,6.0
2026-08-12 00:40:00,-0.053335853,0.030923601874427546,0.9599999785423279,12.209999727085233,0.03251013133128731,0.9479877353926793,0.9804978667239667,0.9580856156773851,0.00621376528075129,6.0
2026-08-12 00:50:00,-0.053335853,0.08791358145344402,0.9599999785423279,12.209999727085233,0.03251013133128731,0.9479877353926793,0.9804978667239667,1.0150755952564017,0.00621376528075129,6.0
2026-08-12 01:00:00,-0.053335853,0.14407144831310503,0.9599999785423279,12.209999727085233,0.03251013133128731,0.9479877353926793,0.9804978667239667,1.0712334621160626,0.00621376528075129,6.0
2026-08-12 01:10:00,-0.053335853,0.19905853289675832,0.9599999785423279,12.209999727085233,0.03251013133128731,0.9479877353926793,0.9804978667239667,1.126220546699716,0.00621376528075129,6.0
2026-08-12 01:20:00,-0.053335853,0.2525363071876799,0.9599999785423279,12.209999727085233,0.03251013133128731,0.9479877353926793,0.9804978667239667,1.1796983209906375,0.00621376528075129,6.0
2026-08-12 01:30:00,-0.053335853,0.30416731516476825,0.9599999785423279,12.209999727085233,0.03251013133128731,0.9479877353926793,0.9804978667239667,1.2313293289677258,0.00621376528075129,6.0
2026-08-12 01:40:00,-0.053335853,0.35361650834419467,0.9599999785423279,12.209999727085233,0.03251013133128731,0.9479877353926793,0.9804978667239667,1.2807785221471524,0.00621376528075129,6.0
2026-08-12 01:50:00,-0.053335853,0.4005530523679843,0.9599999785423279,12.209999727085233,0.03251013133128731,0.9479877353926793,0.9804978667239667,1.3277150661709418,0.00621376528075129,6.0
2026-08-12 02:00:00,-0.053335853,0.4446526341035982,0.9599999785423279,12.209999727085233,0.03251013133128731,0.9479877353926793,0.9804978667239667,1.3718146479065558,0.00621376528075129,6.0
2026-08-12 02:10:00,-0.053335853,0.4856002589143788,0.9599999785423279,12.209999727085233,0.03251013133128731,0.9479877353926793,0.9804978667239667,1.4127622727173363,0.00621376528075129,6.0
2026-08-12 02:20:00,-0.053335853,0.5230934883065499,0.9599999785423279,12.209999727085233,0.03251013133128731,0.9479877353926793,0.9804978667239667,1.4502555021095076,0.00621376528075129,6.0
2026-08-12 02:30:00,-0.053335853,0.5568460325910012,0.9599999785423279,12.209999727085233,0.03251013133128731,0.9479877353926793,0.9804978667239667,1.4840080463939587,0.00621376528075129,6.0
2026-08-12 02:40:00,-0.053335853,0.5865915845414987,0.9599999785423279,12.209999727085233,0.03251013133128731,0.9479877353926793,0.9804978667239667,1.5137535983444563,0.00621376528075129,6.0
2026-08-12 02:50:00,-0.053335853,0.6120877604518872,0.9599999785423279,12.209999727085233,0.03251013133128731,0.9479877353926793,0.9804978667239667,1.5392497742548448,0.00621376528075129,6.0
2026-08-12 03:00:00,-0.053335853,0.6331200058648192,0.9499999787658453,12.019999731332064,0.03183711555726798,0.9283627547060551,0.9601998702633231,1.5399840232071331,0.00621376528075129,6.0
2026-08-12 03:10:00,-0.053335853,0.649505324623937,0.9499999787658453,12.019999731332064,0.03183711555726798,0.9283627547060551,0.9601998702633231,1.556369341966251,0.00621376528075129,6.0
2026-08-12 03:20:00,-0.053335853,0.6610957009883154,0.9499999787658453,12.019999731332064,0.03183711555726798,0.9283627547060551,0.9601998702633231,1.5679597183306293,0.00621376528075129,6.0
2026-08-12 03:30:00,-0.053335853,0.6677811035058193,0.9499999787658453,12.019999731332064,0.03183711555726798,0.9283627547060551,0.9601998702633231,1.5746451208481334,0.00621376528075129,6.0
2026-08-12 03:40:00,-0.053335853,0.6694919837505102,0.9499999787658453,12.019999731332064,0.03183711555726798,0.9283627547060551,0.9601998702633231,1.5763560010928241,0.00621376528075129,6.0
2026-08-12 03:50:00,-0.053335853,0.6662012100102352,0.9499999787658453,12.019999731332064,0.03183711555726798,0.9283627547060551,0.9601998702633231,1.5730652273525494,0.00621376528075129,6.0
2026-08-12 04:00:00,-0.053335853,0.6579254027779412,0.9499999787658453,12.019999731332064,0.03183711555726798,0.9283627547060551,0.9601998702633231,1.5647894201202552,0.00621376528075129,6.0
2026-08-12 04:10:00,-0.053335853,0.6447256628224762,0.9499999787658453,12.019999731332064,0.03183711555726798,0.9283627547060551,0.9601998702633231,1.5515896801647902,0.00621376528075129,6.0
2026-08-12 04:20:00,-0.053335853,0.6267077018033664,0.9499999787658453,12.019999731332064,0.03183711555726798,0.9283627547060551,0.9601998702633231,1.5335717191456806,0.00621376528075129,6.0
2026-08-12 04:30:00,-0.053335853,0.6040213985307413,0.9499999787658453,12.019999731332064,0.03183711555726798,0.9283627547060551,0.9601998702633231,1.5108854158730554,0.00621376528075129,6.0
2026-08-12 04:40:00,-0.053335853,0.5768598108996816,0.9499999787658453,12.019999731332064,0.03183711555726798,0.9283627547060551,0.9601998702633231,1.4837238282419958,0.00621376528075129,6.0
2026-08-12 04:50:00,-0.053335853,0.5454576747231168,0.9499999787658453,12.019999731332064,0.03183711555726798,0.9283627547060551,0.9601998702633231,1.4523216920654307,0.00621376528075129,6.0
2026-08-12 05:00:00,-0.053335853,0.5100894174916312,0.9499999787658453,12.019999731332064,0.03183711555726798,0.9283627547060551,0.9601998702633231,1.4169534348339452,0.00621376528075129,6.0
2026-08-12 05:10:00,-0.053335853,0.471066709447227,0.9499999787658453,12.019999731332064,0.03183711555726798,0.9283627547060551,0.9601998702633231,1.377930726789541,0.00621376528075129,6.0
2026-08-12 05:20:00,-0.053335853,0.42873556845640254,0.9499999787658453,12.019999731332064,0.03183711555726798,0.9283627547060551,0.9601998702633231,1.3355995857987166,0.00621376528075129,6.0
2026-08-12 05:30:00,-0.053335853,0.3834730311563366,0.9499999787658453,12.019999731332064,0.03183711555726798,0.9283627547060551,0.9601998702633231,1.2903370484986505,0.00621376528075129,6.0
2026-08-12 05:40:00,-0.053335853,0.33568340247159656,0.9499999787658453,12.019999731332064,0.03183711555726798,0.9283627547060551,0.9601998702633231,1.2425474198139106,0.00621376528075129,6.0
2026-08-12 05:50:00,-0.053335853,0.2857941004201283,0.9499999787658453,12.019999731332064,0.03183711555726798,0.9283627547060551,0.9601998702633231,1.1926581177624422,0.00621376528075129,6.0
2026-08-12 06:00:00,-0.053335853,0.2342511231784762,0.9299999792128801,11.859999734908342,0.031080901482803975,0.9063117312691461,0.9373926327519501,1.1183079030094172,0.00621376528075129,6.0
2026-08-12 06:10:00,-0.053335853,0.18151418075390247,0.9299999792128801,11.859999734908342,0.031080901482803975,0.9063117312691461,0.9373926327519501,1.0655709605848434,0.00621376528075129,6.0
2026-08-12 06:20:00,-0.053335853,0.12805155280581257,0.9299999792128801,11.859999734908342,0.031080901482803975,0.9063117312691461,0.9373926327519501,1.0121083326367535,0.00621376528075129,6.0
2026-08-12 06:30:00,-0.053335853,0.07433475524647844,0.9299999792128801,11.859999734908342,0.031080901482803975,0.9063117312691461,0.9373926327519501,0.9583915350774195,0.00621376528075129,6.0
2026-08-12 06:40:00,-0.053335853,0.020833119020891962,0.9299999792128801,11.859999734908342,0.031080901482803975,0.9063117312691461,0.9373926327519501,0.904889898851833,0.00621376528075129,6.0
2026-08-12 06:50:00,-0.053335853,-0.03199159796090937,0.9299999792128801,11.859999734908342,0.031080901482803975,0.9063117312691461,0.9373926327519501,0.8520651818700317,0.00621376528075129,6.0
2026-08-12 07:00:00,-0.053335853,-0.08369043290299859,0.9299999792128801,11.859999734908342,0.031080901482803975,0.9063117312691461,0.9373926327519501,0.8003663469279424,0.00621376528075129,6.0
2026-08-12 07:10:00,-0.053335853,-0.13383213714634878,0.9299999792128801,11.859999734908342,0.031080901482803975,0.9063117312691461,0.9373926327519501,0.7502246426845922,0.00621376528075129,6.0
2026-08-12 07:20:00,-0.053335853,-0.1820076600947678,0.9299999792128801,11.859999734908342,0.031080901482803975,0.9063117312691461,0.9373926327519501,0.7020491197361732,0.00621376528075129,6.0
2026-08-12 07:30:00,-0.053335853,-0.22783408073578953,0.9299999792128801,11.859999734908342,0.031080901482803975,0.9063117312691461,0.9373926327519501,0.6562226990951514,0.00621376528075129,6.0
2026-08-12 07:40:00,-0.053335853,-0.27095789323327846,0.9299999792128801,11.859999734908342,0.031080901482803975,0.9063117312691461,0.9373926327519501,0.6130988865976625,0.00621376528075129,6.0
2026-08-12 07:50:00,-0.053335853,-0.3110575845380626,0.9299999792128801,11.859999734908342,0.031080901482803975,0.9063117312691461,0.9373926327519501,0.5729991952928783,0.00621376528075129,6.0
2026-08-12 08:00:00,-0.053335853,-0.34784547872138744,0.9299999792128801,11.859999734908342,0.031080901482803975,0.9063117312691461,0.9373926327519501,0.5362113011095535,0.00621376528075129,6.0
2026-08-12 08:10:00,-0.053335853,-0.38106886151531066,0.9299999792128801,11.859999734908342,0.031080901482803975,0.9063117312691461,0.9373926327519501,0.5029879183156303,0.00621376528075129,6.0
2026-08-12 08:20:00,-0.053335853,-0.4105104362956595,0.9299999792128801,11.859999734908342,0.031080901482803975,0.9063117312691461,0.9373926327519501,0.4735463435352815,0.00621376528075129,6.0
2026-08-12 08:30:00,-0.053335853,-0.4359881957130094,0.9299999792128801,11.859999734908342,0.031080901482803975,0.9063117312691461,0.9373926327519501,0.4480685841179316,0.00621376528075129,6.0
2026-08-12 08:40:00,-0.053335853,-0.45735481870183153,0.9299999792128801,11.859999734908342,0.031080901482803975,0.9063117312691461,0.9373926327519501,0.4267019611291095,0.00621376528075129,6.0
2026-08-12 08:50:00,-0.053335853,-0.4744967180818045,0.9299999792128801,11.859999734908342,0.031080901482803975,0.9063117312691461,0.9373926327519501,0.4095600617491365,0.00621376528075129,6.0
2026-08-12 09:00:00,-0.053335853,-0.48733286831636874,0.909999979659915,11.759999737143517,0.030485650146502886,0.8889543431817449,0.9194399933282478,0.37877127209087,0.00621376528075129,6.0
2026-08-12 09:10:00,-0.053335853,-0.4958135358049095,0.909999979659915,11.759999737143517,0.030485650146502886,0.8889543431817449,0.9194399933282478,0.3702906046023292,0.00621376528075129,6.0
2026-08-12 09:20:00,-0.053335853,-0.499919016424435,0.909999979659915,11.759999737143517,0.030485650146502886,0.8889543431817449,0.9194399933282478,0.3661851239828038,0.00621376528075129,6.0
2026-08-12 09:30:00,-0.053335853,-0.4996584588509241,0.909999979659915,11.759999737143517,0.030485650146502886,0.8889543431817449,0.9194399933282478,0.36644568155631463,0.00621376528075129,6.0
2026-08-12 09:40:00,-0.053335853,-0.49506882039209255,0.909999979659915,11.759999737143517,0.030485650146502886,0.8889543431817449,0.9194399933282478,0.37103532001514616,0.00621376528075129,6.0
2026-08-12 09:50:00,-0.053335853,-0.48621396806617645,0.909999979659915,11.759999737143517,0.030485650146502886,0.8889543431817449,0.9194399933282478,0.37989017234106226,0.00621376528075129,6.0
2026-08-12 10:00:00,-0.053335853,-0.4731839051694662,0.909999979659915,11.759999737143517,0.030485650146502886,0.8889543431817449,0.9194399933282478,0.39292023523777253,0.00621376528075129,6.0
2026-08-12 10:10:00,-0.053335853,-0.45609407595409374,0.909999979659915,11.759999737143517,0.030485650146502886,0.8889543431817449,0.9194399933282478,0.41001006445314503,0.00621376528075129,6.0
2026-08-12 10:20:00,-0.053335853,-0.4350846813160909,0.909999979659915,11.759999737143517,0.030485650146502886,0.8889543431817449,0.9194399933282478,0.4310194590911478,0.00621376528075129,6.0
2026-08-12 10:30:00,-0.053335853,-0.41031992843188475,0.909999979659915,11.759999737143517,0.030485650146502886,0.8889543431817449,0.9194399933282478,0.45578421197535396,0.00621376528075129,6.0
2026-08-12 10:40:00,-0.053335853,-0.3819871381665496,0.909999979659915,11.759999737143517,0.030485650146502886,0.8889543431817449,0.9194399933282478,0.4841170022406891,0.00621376528075129,6.0
2026-08-12 10:50:00,-0.053335853,-0.3502956454584969,0.909999979659915,11.759999737143517,0.030485650146502886,0.8889543431817449,0.9194399933282478,0.5158084949487418,0.00621376528075129,6.0
2026-08-12 11:00:00,-0.053335853,-0.31547544826343005,0.909999979659915,11.759999737143517,0.030485650146502886,0.8889543431817449,0.9194399933282478,0.5506286921438086,0.00621376528075129,6.0
2026-08-12 11:10:00,-0.053335853,-0.2777755877959928,0.909999979659915,11.759999737143517,0.030485650146502886,0.8889543431817449,0.9194399933282478,0.5883285526112458,0.00621376528075129,6.0
2026-08-12 11:20:00,-0.053335853,-0.23746227318913607,0.909999979659915,11.759999737143517,0.030485650146502886,0.8889543431817449,0.9194399933282478,0.6286418672181027,0.00621376528075129,6.0
2026-08-12 11:30:00,-0.053335853,-0.19481679411971495,0.909999979659915,11.759999737143517,0.030485650146502886,0.8889543431817449,0.9194399933282478,0.6712873462875237,0.00621376528075129,6.0
2026-08-12 11:40:00,-0.053335853,-0.15013329138885775,0.909999979659915,11.759999737143517,0.030485650146502886,0.8889543431817449,0.9194399933282478,0.7159708490183809,0.00621376528075129,6.0
2026-08-12 11:50:00,-0.053335853,-0.1037164751218473,0.909999979659915,11.759999737143517,0.030485650146502886,0.8889543431817449,0.9194399933282478,0.7623876652853914,0.00621376528075129,6.0
2026-08-12 12:00:00,-0.053335853,-0.05587939027145794,0.8999999798834324,11.65999973937869,0.030059880419557927,0.8765389987116697,0.9065988791312276,0.7973836359387606,0.00621376528075129,6.0
2026-08-12 12:10:00,-0.053335853,-0.0069413284013270385,0.8999999798834324,11.65999973937869,0.030059880419557927,0.8765389987116697,0.9065988791312276,0.8463216978088915,0.00621376528075129,6.0
2026-08-12 12:20:00,-0.053335853,0.0427740272556537,0.8999999798834324,11.65999973937869,0.030059880419557927,0.8765389987116697,0.9065988791312276,0.8960370534658723,0.00621376528075129,6.0
2026-08-12 12:30:00,-0.053335853,0.09294015863509011,0.8999999798834324,11.65999973937869,0.030059880419557927,0.8765389987116697,0.9065988791312276,0.9462031848453086,0.00621376528075129,6.0
2026-08-12 12:40:00,-0.053335853,0.14322893699468303,0.8999999798834324,11.65999973937869,0.030059880419557927,0.8765389987116697,0.9065988791312276,0.9964919632049016,0.00621376528075129,6.0
2026-08-12 12:50:00,-0.053335853,0.19331151534631957,0.8999999798834324,11.65999973937869,0.030059880419557927,0.8765389987116697,0.9065988791312276,1.0465745415565382,0.00621376528075129,6.0
2026-08-12 13:00:00,-0.053335853,0.2428589270199038,0.8999999798834324,11.65999973937869,0.030059880419557927,0.8765389987116697,0.9065988791312276,1.0961219532301223,0.00621376528075129,6.0
2026-08-12 13:10:00,-0.053335853,0.2915424631304695,0.8999999798834324,11.65999973937869,0.030059880419557927,0.8765389987116697,0.9065988791312276,1.144805489340688,0.00621376528075129,6.0
2026-08-12 13:20:00,-0.053335853,0.3390339305295386,0.8999999798834324,11.65999973937869,0.030059880419557927,0.8765389987116697,0.9065988791312276,1.1922969567397572,0.00621376528075129,6.0
2026-08-12 13:30:00,-0.053335853,0.38500591195777256,0.8999999798834324,11.65999973937869,0.030059880419557927,0.8765389987116697,0.9065988791312276,1.238268938167991,0.00621376528075129,6.0
2026-08-12 13:40:00,-0.053335853,0.4291321590039578,0.8999999798834324,11.65999973937869,0.030059880419557927,0.8765389987116697,0.9065988791312276,1.2823951852141764,0.00621376528075129,6.0
2026-08-12 13:50:00,-0.053335853,0.4710882452647667,0.8999999798834324,11.65999973937869,0.030059880419557927,0.8765389987116697,0.9065988791312276,1.3243512714749852,0.00621376528075129,6.0
2026-08-12 14:00:00,-0.053335853,0.5105525919508292,0.8999999798834324,11.65999973937869,0.030059880419557927,0.8765389987116697,0.9065988791312276,1.363815618161048,0.00621376528075129,6.0
2026-08-12 14:10:00,-0.053335853,0.5472079521535831,0.8999999798834324,11.65999973937869,0.030059880419557927,0.8765389987116697,0.9065988791312276,1.4004709783638016,0.00621376528075129,6.0
2026-08-12 14:20:00,-0.053335853,0.5807434058784126,0.8999999798834324,11.65999973937869,0.030059880419557927,0.8765389987116697,0.9065988791312276,1.4340064320886312,0.00621376528075129,6.0
2026-08-12 14:30:00,-0.053335853,0.6108568783158443,0.8999999798834324,11.65999973937869,0.030059880419557927,0.8765389987116697,0.9065988791312276,1.4641199045260629,0.00621376528075129,6.0
2026-08-12 14:40:00,-0.053335853,0.637258152928965,0.8999999798834324,11.65999973937869,0.030059880419557927,0.8765389987116697,0.9065988791312276,1.4905211791391837,0.00621376528075129,6.0
2026-08-12 14:50:00,-0.053335853,0.6596723117623298,0.8999999798834324,11.65999973937869,0.030059880419557927,0.8765389987116697,0.9065988791312276,1.5129353379725483,0.00621376528075129,6.0
2026-08-12 15:00:00,-0.053335853,0.6778435017954515,0.9199999794363976,11.57999974116683,0.03018352213607288,0.8801443619027521,0.910327884038825,1.5348355329132675,0.00621376528075129,6.0
2026-08-12 15:10:00,-0.053335853,0.691538900604296,0.9199999794363976,11.57999974116683,0.03018352213607288,0.8801443619027521,0.910327884038825,1.5485309317221119,0.00621376528075129,6.0
2026-08-12 15:20:00,-0.053335853,0.7005527389602333,0.9199999794363976,11.57999974116683,0.03018352213607288,0.8801443619027521,0.910327884038825,1.5575447700780494,0.00621376528075129,6.0
2026-08-12 15:30:00,-0.053335853,0.704710233088486,0.9199999794363976,11.57999974116683,0.03018352213607288,0.8801443619027521,0.910327884038825,1.561702264206302,0.00621376528075129,6.0
2026-08-12 15:40:00,-0.053335853,0.703871284739969,0.9199999794363976,11.57999974116683,0.03018352213607288,0.8801443619027521,0.910327884038825,1.560863315857785,0.00621376528075129,6.0
2026-08-12 15:50:00,-0.053335853,0.6979338217603709,0.9199999794363976,11.57999974116683,0.03018352213607288,0.8801443619027521,0.910327884038825,1.5549258528781869,0.00621376528075129,6.0
2026-08-12 16:00:00,-0.053335853,0.6868366733133019,0.9199999794363976,11.57999974116683,0.03018352213607288,0.8801443619027521,0.910327884038825,1.5438287044311179,0.00621376528075129,6.0
2026-08-12 16:10:00,-0.053335853,0.6705618996389072,0.9199999794363976,11.57999974116683,0.03018352213607288,0.8801443619027521,0.910327884038825,1.5275539307567232,0.00621376528075129,6.0
2026-08-12 16:20:00,-0.053335853,0.6491365234213824,0.9199999794363976,11.57999974116683,0.03018352213607288,0.8801443619027521,0.910327884038825,1.5061285545391985,0.00621376528075129,6.0
2026-08-12 16:30:00,-0.053335853,0.622633635633039,0.9199999794363976,11.57999974116683,0.03018352213607288,0.8801443619027521,0.910327884038825,1.479625666750855,0.00621376528075129,6.0
2026-08-12 16:40:00,-0.053335853,0.5911728709122132,0.9199999794363976,11.57999974116683,0.03018352213607288,0.8801443619027521,0.910327884038825,1.4481649020300291,0.00621376528075129,6.0
2026-08-12 16:50:00,-0.053335853,0.5549202644498289,0.9199999794363976,11.57999974116683,0.03018352213607288,0.8801443619027521,0.910327884038825,1.4119122955676449,0.00621376528075129,6.0
2026-08-12 17:00:00,-0.053335853,0.5140875131322689,0.9199999794363976,11.57999974116683,0.03018352213607288,0.8801443619027521,0.910327884038825,1.371079544250085,0.00621376528075129,6.0
2026-08-12 17:10:00,-0.053335853,0.46893066866118793,0.9199999794363976,11.57999974116683,0.03018352213607288,0.8801443619027521,0.910327884038825,1.325922699779004,0.00621376528075129,6.0
2026-08-12 17:20:00,-0.053335853,0.4197482900557429,0.9199999794363976,11.57999974116683,0.03018352213607288,0.8801443619027521,0.910327884038825,1.2767403211735588,0.00621376528075129,6.0
2026-08-12 17:30:00,-0.053335853,0.3668790796105318,0.9199999794363976,11.57999974116683,0.03018352213607288,0.8801443619027521,0.910327884038825,1.2238711107283478,0.00621376528075129,6.0
2026-08-12 17:40:00,-0.053335853,0.31069902120717535,0.9199999794363976,11.57999974116683,0.03018352213607288,0.8801443619027521,0.910327884038825,1.1676910523249913,0.00621376528075129,6.0
2026-08-12 17:50:00,-0.053335853,0.25161803596332755,0.9199999794363976,11.57999974116683,0.03018352213607288,0.8801443619027521,0.910327884038825,1.1086100670811434,0.00621376528075129,6.0
2026-08-12 18:00:00,-0.053335853,0.19007616884947345,0.9399999789893627,11.459999743849039,0.030193675822255062,0.8804404409887345,0.9106341168109896,1.047374432739454,0.00621376528075129,6.0
2026-08-12 18:10:00,-0.053335853,0.12653932303426157,0.9399999789893627,11.459999743849039,0.030193675822255062,0.8804404409887345,0.9106341168109896,0.9838375869242422,0.00621376528075129,6.0
2026-08-12 18:20:00,-0.053335853,0.06149456718861712,0.9399999789893627,11.459999743849039,0.030193675822255062,0.8804404409887345,0.9106341168109896,0.9187928310785977,0.00621376528075129,6.0
2026-08-12 18:30:00,-0.053335853,-0.004554945398895476,0.9399999789893627,11.459999743849039,0.030193675822255062,0.8804404409887345,0.9106341168109896,0.8527433184910851,0.00621376528075129,6.0
2026-08-12 18:40:00,-0.053335853,-0.0710953886149789,0.9399999789893627,11.459999743849039,0.030193675822255062,0.8804404409887345,0.9106341168109896,0.7862028752750017,0.00621376528075129,6.0
2026-08-12 18:50:00,-0.053335853,-0.13760792801113467,0.9399999789893627,11.459999743849039,0.030193675822255062,0.8804404409887345,0.9106341168109896,0.7196903358788459,0.00621376528075129,6.0
2026-08-12 19:00:00,-0.053335853,-0.20357453759676694,0.9399999789893627,11.459999743849039,0.030193675822255062,0.8804404409887345,0.9106341168109896,0.6537237262932136,0.00621376528075129,6.0
2026-08-12 19:10:00,-0.053335853,-0.2684838489463968,0.9399999789893627,11.459999743849039,0.030193675822255062,0.8804404409887345,0.9106341168109896,0.5888144149435837,0.00621376528075129,6.0
2026-08-12 19:20:00,-0.053335853,-0.3318368969109843,0.9399999789893627,11.459999743849039,0.030193675822255062,0.8804404409887345,0.9106341168109896,0.5254613669789963,0.00621376528075129,6.0
2026-08-12 19:30:00,-0.053335853,-0.39315261797705253,0.9399999789893627,11.459999743849039,0.030193675822255062,0.8804404409887345,0.9106341168109896,0.464145645912928,0.00621376528075129,6.0
2026-08-12 19:40:00,-0.053335853,-0.45197295749212824,0.9399999789893627,11.459999743849039,0.030193675822255062,0.8804404409887345,0.9106341168109896,0.40532530639785225,0.00621376528075129,6.0
2026-08-12 19:50:00,-0.053335853,-0.5078674519874866,0.9399999789893627,11.459999743849039,0.030193675822255062,0.8804404409887345,0.9106341168109896,0.3494308119024939,0.00621376528075129,6.0
2026-08-12 20:00:00,-0.053335853,-0.5604371726864145,0.9399999789893627,11.459999743849039,0.030193675822255062,0.8804404409887345,0.9106341168109896,0.2968610912035661,0.00621376528075129,6.0
2026-08-12 20:10:00,-0.053335853,-0.6093179446261314,0.9399999789893627,11.459999743849039,0.030193675822255062,0.8804404409887345,0.9106341168109896,0.2479803192638491,0.00621376528075129,6.0
2026-08-12 20:20:00,-0.053335853,-0.6541827912369539,0.9399999789893627,11.459999743849039,0.030193675822255062,0.8804404409887345,0.9106341168109896,0.20311547265302665,0.00621376528075129,6.0
2026-08-12 20:30:00,-0.053335853,-0.6947435932316641,0.9399999789893627,11.459999743849039,0.030193675822255062,0.8804404409887345,0.9106341168109896,0.1625546706583164,0.00621376528075129,6.0
2026-08-12 20:40:00,-0.053335853,-0.7307519907332098,0.9399999789893627,11.459999743849039,0.030193675822255062,0.8804404409887345,0.9106341168109896,0.1265462731567707,0.00621376528075129,6.0
2026-08-12 20:50:00,-0.053335853,-0.761999594544835,0.9399999789893627,11.459999743849039,0.030193675822255062,0.8804404409887345,0.9106341168109896,0.09529866934514553,0.00621376528075129,6.0
2026-08-12 21:00:00,-0.053335853,-0.7883176036218,0.9399999789893627,11.389999745413661,0.03000924673782593,0.8750625325359237,0.9050717792737496,0.0634183227309405,0.00621376528075129,6.0
2026-08-12 21:10:00,-0.053335853,-0.8095759480117444,0.9399999789893627,11.389999745413661,0.03000924673782593,0.8750625325359237,0.9050717792737496,0.04215997834099616,0.00621376528075129,6.0
2026-08-12 21:20:00,-0.053335853,-0.8256820881071387,0.9399999789893627,11.389999745413661,0.03000924673782593,0.8750625325359237,0.9050717792737496,0.026053838245601812,0.00621376528075129,6.0
2026-08-12 21:30:00,-0.053335853,-0.8365796010868236,0.9399999789893627,11.389999745413661,0.03000924673782593,0.8750625325359237,0.9050717792737496,0.015156325265916926,0.00621376528075129,6.0
2026-08-12 21:40:00,-0.053335853,-0.8422466741571286,0.9399999789893627,11.389999745413661,0.03000924673782593,0.8750625325359237,0.9050717792737496,0.009489252195611919,0.00621376528075129,6.0
2026-08-12 21:50:00,-0.053335853,-0.8426946032035643,0.9399999789893627,11.389999745413661,0.03000924673782593,0.8750625325359237,0.9050717792737496,0.009041323149176272,0.00621376528075129,6.0
2026-08-12 22:00:00,-0.053335853,-0.8379663670409124,0.9399999789893627,11.389999745413661,0.03000924673782593,0.8750625325359237,0.9050717792737496,0.013769559311828106,0.00621376528075129,6.0
2026-08-12 22:10:00,-0.053335853,-0.8281353148518573,0.9399999789893627,11.389999745413661,0.03000924673782593,0.8750625325359237,0.9050717792737496,0.023600611500883217,0.00621376528075129,6.0
2026-08-12 22:20:00,-0.053335853,-0.813303971194375,0.9399999789893627,11.389999745413661,0.03000924673782593,0.8750625325359237,0.9050717792737496,0.038431955158365505,0.00621376528075129,6.0
2026-08-12 22:30:00,-0.053335853,-0.7936029326688682,0.9399999789893627,11.389999745413661,0.03000924673782593,0.8750625325359237,0.9050717792737496,0.05813299368387237,0.00621376528075129,6.0
2026-08-12 22:40:00,-0.053335853,-0.7691898062913101,0.9399999789893627,11.389999745413661,0.03000924673782593,0.8750625325359237,0.9050717792737496,0.08254612006143047,0.00621376528075129,6.0
2026-08-12 22:50:00,-0.053335853,-0.7402481242689527,0.9399999789893627,11.389999745413661,0.03000924673782593,0.8750625325359237,0.9050717792737496,0.11148780208378783,0.00621376528075129,6.0
2026-08-12 23:00:00,-0.053335853,-0.7069861647249526,0.9399999789893627,11.389999745413661,0.03000924673782593,0.8750625325359237,0.9050717792737496,0.14474976162778797,0.00621376528075129,6.0
2026-08-12 23:10:00,-0.053335853,-0.6696356134544229,0.9399999789893627,11.389999745413661,0.03000924673782593,0.8750625325359237,0.9050717792737496,0.18210031289831763,0.00621376528075129,6.0
2026-08-12 23:20:00,-0.053335853,-0.6284500169974101,0.9399999789893627,11.389999745413661,0.03000924673782593,0.8750625325359237,0.9050717792737496,0.22328590935533044,0.00621376528075129,6.0
2026-08-12 23:30:00,-0.053335853,-0.5837030005968135,0.9399999789893627,11.389999745413661,0.03000924673782593,0.8750625325359237,0.9050717792737496,0.2680329257559271,0.00621376528075129,6.0
2026-08-12 23:40:00,-0.053335853,-0.5356862525742218,0.9399999789893627,11.389999745413661,0.03000924673782593,0.8750625325359237,0.9050717792737496,0.3160496737785188,0.00621376528075129,6.0
2026-08-12 23:50:00,-0.053335853,-0.4847073067466062,0.9399999789893627,11.389999745413661,0.03000924673782593,0.8750625325359237,0.9050717792737496,0.3670286196061343,0.00621376528075129,6.0
2026-08-13 00:00:00,-0.07255128,-0.43108718209951336,0.9499999787658453,11.379999745637178,0.030141961317945897,0.8789324582824382,0.909074419600384,0.40543595724078463,0.00621376528075129,6.0
2026-08-13 00:10:00,-0.07255128,-0.37515796151663344,0.9499999787658453,11.379999745637178,0.030141961317945897,0.8789324582824382,0.909074419600384,0.46136517782366454,0.00621376528075129,6.0
2026-08-13 00:20:00,-0.07255128,-0.3172604054859307,0.9499999787658453,11.379999745637178,0.030141961317945897,0.8789324582824382,0.909074419600384,0.5192627338543673,0.00621376528075129,6.0
2026-08-13 00:30:00,-0.07255128,-0.25774170052898804,0.9499999787658453,11.379999745637178,0.030141961317945897,0.8789324582824382,0.909074419600384,0.57878143881131,0.00621376528075129,6.0
2026-08-13 00:40:00,-0.07255128,-0.19695343500932194,0.9499999787658453,11.379999745637178,0.030141961317945897,0.8789324582824382,0.909074419600384,0.639569704330976,0.00621376528075129,6.0
2026-08-13 00:50:00,-0.07255128,-0.13524987678786476,0.9499999787658453,11.379999745637178,0.030141961317945897,0.8789324582824382,0.909074419600384,0.7012732625524332,0.00621376528075129,6.0
2026-08-13 01:00:00,-0.07255128,-0.07298660021789366,0.9499999787658453,11.379999745637178,0.030141961317945897,0.8789324582824382,0.909074419600384,0.7635365391224043,0.00621376528075129,6.0
2026-08-13 01:10:00,-0.07255128,-0.010519475727318189,0.9499999787658453,11.379999745637178,0.030141961317945897,0.8789324582824382,0.909074419600384,0.8260036636129798,0.00621376528075129,6.0
2026-08-13 01:20:00,-0.07255128,0.05179600162932573,0.9499999787658453,11.379999745637178,0.030141961317945897,0.8789324582824382,0.909074419600384,0.8883191409696237,0.00621376528075129,6.0
2026-08-13 01:30:00,-0.07255128,0.11360510548396663,0.9499999787658453,11.379999745637178,0.030141961317945897,0.8789324582824382,0.909074419600384,0.9501282448242646,0.00621376528075129,6.0
2026-08-13 01:40:00,-0.07255128,0.1745540864864561,0.9499999787658453,11.379999745637178,0.030141961317945897,0.8789324582824382,0.909074419600384,1.011077225826754,0.00621376528075129,6.0
2026-08-13 01:50:00,-0.07255128,0.23429031407229434,0.9499999787658453,11.379999745637178,0.030141961317945897,0.8789324582824382,0.909074419600384,1.0708134534125924,0.00621376528075129,6.0
2026-08-13 02:00:00,-0.07255128,0.29246248487247145,0.9499999787658453,11.379999745637178,0.030141961317945897,0.8789324582824382,0.909074419600384,1.1289856242127694,0.00621376528075129,6.0
2026-08-13 02:10:00,-0.07255128,0.34872103372525787,0.9499999787658453,11.379999745637178,0.030141961317945897,0.8789324582824382,0.909074419600384,1.1852441730655559,0.00621376528075129,6.0
2026-08-13 02:20:00,-0.07255128,0.4027188739634393,0.9499999787658453,11.379999745637178,0.030141961317945897,0.8789324582824382,0.909074419600384,1.2392420133037372,0.00621376528075129,6.0
2026-08-13 02:30:00,-0.07255128,0.45411257218498385,0.9499999787658453,11.379999745637178,0.030141961317945897,0.8789324582824382,0.909074419600384,1.2906357115252818,0.00621376528075129,6.0
2026-08-13 02:40:00,-0.07255128,0.5025640319920802,0.9499999787658453,11.379999745637178,0.030141961317945897,0.8789324582824382,0.909074419600384,1.3390871713323782,0.00621376528075129,6.0
2026-08-13 02:50:00,-0.07255128,0.547742722848656,0.9499999787658453,11.379999745637178,0.030141961317945897,0.8789324582824382,0.909074419600384,1.384265862188954,0.00621376528075129,6.0
2026-08-13 03:00:00,-0.07255128,0.5893284488397634,0.9699999783188105,11.469999743625522,0.03069846982643391,0.8951601146801406,0.9258585845065744,1.4426357530862517,0.00621376528075129,6.0
2026-08-13 03:10:00,-0.07255128,0.6270146103383459,0.9699999783188105,11.469999743625522,0.03069846982643391,0.8951601146801406,0.9258585845065744,1.4803219145848343,0.00621376528075129,6.0
2026-08-13 03:20:00,-0.07255128,0.6605118738587334,0.9699999783188105,11.469999743625522,0.03069846982643391,0.8951601146801406,0.9258585845065744,1.513819178105222,0.00621376528075129,6.0
2026-08-13 03:30:00,-0.07255128,0.6895521342440363,0.9699999783188105,11.469999743625522,0.03069846982643391,0.8951601146801406,0.9258585845065744,1.5428594384905248,0.00621376528075129,6.0
2026-08-13 03:40:00,-0.07255128,0.7138926313819639,0.9699999783188105,11.469999743625522,0.03069846982643391,0.8951601146801406,0.9258585845065744,1.5671999356284523,0.00621376528075129,6.0
2026-08-13 03:50:00,-0.07255128,0.7333200722639974,0.9699999783188105,11.469999743625522,0.03069846982643391,0.8951601146801406,0.9258585845065744,1.586627376510486,0.00621376528075129,6.0
2026-08-13 04:00:00,-0.07255128,0.7476546084812279,0.9699999783188105,11.469999743625522,0.03069846982643391,0.8951601146801406,0.9258585845065744,1.6009619127277164,0.00621376528075129,6.0
2026-08-13 04:10:00,-0.07255128,0.7567535286609615,0.9699999783188105,11.469999743625522,0.03069846982643391,0.8951601146801406,0.9258585845065744,1.61006083290745,0.00621376528075129,6.0
2026-08-13 04:20:00,-0.07255128,0.7605145429352461,0.9699999783188105,11.469999743625522,0.03069846982643391,0.8951601146801406,0.9258585845065744,1.6138218471817345,0.00621376528075129,6.0
2026-08-13 04:30:00,-0.07255128,0.7588785600741916,0.9699999783188105,11.469999743625522,0.03069846982643391,0.8951601146801406,0.9258585845065744,1.6121858643206801,0.00621376528075129,6.0
2026-08-13 04:40:00,-0.07255128,0.7518318845250336,0.9699999783188105,11.469999743625522,0.03069846982643391,0.8951601146801406,0.9258585845065744,1.6051391887715218,0.00621376528075129,6.0
2026-08-13 04:50:00,-0.07255128,0.7394077874696453,0.9699999783188105,11.469999743625522,0.03069846982643391,0.8951601146801406,0.9258585845065744,1.5927150917161337,0.00621376528075129,6.0
2026-08-13 05:00:00,-0.07255128,0.7216874305144182,0.9699999783188105,11.469999743625522,0.03069846982643391,0.8951601146801406,0.9258585845065744,1.5749947347609066,0.00621376528075129,6.0
2026-08-13 05:10:00,-0.07255128,0.6988001408667326,0.9699999783188105,11.469999743625522,0.03069846982643391,0.8951601146801406,0.9258585845065744,1.5521074451132209,0.00621376528075129,6.0
2026-08-13 05:20:00,-0.07255128,0.6709230513346102,0.9699999783188105,11.469999743625522,0.03069846982643391,0.8951601146801406,0.9258585845065744,1.5242303555810985,0.00621376528075129,6.0
2026-08-13 05:30:00,-0.07255128,0.6382801272554968,0.9699999783188105,11.469999743625522,0.03069846982643391,0.8951601146801406,0.9258585845065744,1.4915874315019853,0.00621376528075129,6.0
2026-08-13 05:40:00,-0.07255128,0.6011406053511869,0.9699999783188105,11.469999743625522,0.03069846982643391,0.8951601146801406,0.9258585845065744,1.4544479095976752,0.00621376528075129,6.0
2026-08-13 05:50:00,-0.07255128,0.5598168687009722,0.9699999783188105,11.469999743625522,0.03069846982643391,0.8951601146801406,0.9258585845065744,1.4131241729474606,0.00621376528075129,6.0
2026-08-13 06:00:00,-0.07255128,0.5146617782279096,0.979999978095293,11.609999740496278,0.031232928072207233,0.9107447906357555,0.9419777187079628,1.3840882166757864,0.00621376528075129,6.0
2026-08-13 06:10:00,-0.07255128,0.4660654776223816,0.979999978095293,11.609999740496278,0.031232928072207233,0.9107447906357555,0.9419777187079628,1.3354919160702583,0.00621376528075129,6.0
2026-08-13 06:20:00,-0.07255128,0.4144516865310005,0.979999978095293,11.609999740496278,0.031232928072207233,0.9107447906357555,0.9419777187079628,1.283878124978877,0.00621376528075129,6.0
2026-08-13 06:30:00,-0.07255128,0.360273498609237,0.979999978095293,11.609999740496278,0.031232928072207233,0.9107447906357555,0.9419777187079628,1.2296999370571138,0.00621376528075129,6.0
2026-08-13 06:40:00,-0.07255128,0.3040087077363394,0.979999978095293,11.609999740496278,0.031232928072207233,0.9107447906357555,0.9419777187079628,1.173435146184216,0.00621376528075129,6.0
2026-08-13 06:50:00,-0.07255128,0.2461546974182525,0.979999978095293,11.609999740496278,0.031232928072207233,0.9107447906357555,0.9419777187079628,1.1155811358661292,0.00621376528075129,6.0
2026-08-13 07:00:00,-0.07255128,0.18722294561049724,0.979999978095293,11.609999740496278,0.031232928072207233,0.9107447906357555,0.9419777187079628,1.056649384058374,0.00621376528075129,6.0
2026-08-13 07:10:00,-0.07255128,0.12773321741390625,0.979999978095293,11.609999740496278,0.031232928072207233,0.9107447906357555,0.9419777187079628,0.997159655861783,0.00621376528075129,6.0
2026-08-13 07:20:00,-0.07255128,0.06820754088694489,0.979999978095293,11.609999740496278,0.031232928072207233,0.9107447906357555,0.9419777187079628,0.9376339793348216,0.00621376528075129,6.0
2026-08-13 07:30:00,-0.07255128,0.009164082539440548,0.979999978095293,11.609999740496278,0.031232928072207233,0.9107447906357555,0.9419777187079628,0.8785905209873173,0.00621376528075129,6.0
2026-08-13 07:40:00,-0.07255128,-0.048888942270528,0.979999978095293,11.609999740496278,0.031232928072207233,0.9107447906357555,0.9419777187079628,0.8205374961773487,0.00621376528075129,6.0
2026-08-13 07:50:00,-0.07255128,-0.1054591766120586,0.979999978095293,11.609999740496278,0.031232928072207233,0.9107447906357555,0.9419777187079628,0.7639672618358181,0.00621376528075129,6.0
2026-08-13 08:00:00,-0.07255128,-0.16007569509966244,0.979999978095293,11.609999740496278,0.031232928072207233,0.9107447906357555,0.9419777187079628,0.7093507433482142,0.00621376528075129,6.0
2026-08-13 08:10:00,-0.07255128,-0.21229409612604563,0.979999978095293,11.609999740496278,0.031232928072207233,0.9107447906357555,0.9419777187079628,0.657132342321831,0.00621376528075129,6.0
2026-08-13 08:20:00,-0.07255128,-0.2617009818967224,0.979999978095293,11.609999740496278,0.031232928072207233,0.9107447906357555,0.9419777187079628,0.6077254565511543,0.00621376528075129,6.0
2026-08-13 08:30:00,-0.07255128,-0.307917719450745,0.979999978095293,11.609999740496278,0.031232928072207233,0.9107447906357555,0.9419777187079628,0.5615087189971317,0.00621376528075129,6.0
2026-08-13 08:40:00,-0.07255128,-0.35060340900949954,0.979999978095293,11.609999740496278,0.031232928072207233,0.9107447906357555,0.9419777187079628,0.5188230294383771,0.00621376528075129,6.0
2026-08-13 08:50:00,-0.07255128,-0.3894570240842807,0.979999978095293,11.609999740496278,0.031232928072207233,0.9107447906357555,0.9419777187079628,0.479969414363596,0.00621376528075129,6.0
2026-08-13 09:00:00,-0.07255128,-0.4242187291049782,1.0099999774247408,11.709999738261104,0.03198048350272759,0.9325433300645235,0.9645238135672511,0.4677538042021869,0.00621376528075129,6.0
2026-08-13 09:10:00,-0.07255128,-0.4546704201623854,1.0099999774247408,11.709999738261104,0.03198048350272759,0.9325433300645235,0.9645238135672511,0.4373021131447796,0.00621376528075129,6.0
2026-08-13 09:20:00,-0.07255128,-0.48063557041785077,1.0099999774247408,11.709999738261104,0.03198048350272759,0.9325433300645235,0.9645238135672511,0.4113369628893143,0.00621376528075129,6.0
2026-08-13 09:30:00,-0.07255128,-0.5019784899302857,1.0099999774247408,11.709999738261104,0.03198048350272759,0.9325433300645235,0.9645238135672511,0.3899940433768794,0.00621376528075129,6.0
2026-08-13 09:40:00,-0.07255128,-0.518603128186822,1.0099999774247408,11.709999738261104,0.03198048350272759,0.9325433300645235,0.9645238135672511,0.3733694051203431,0.00621376528075129,6.0
2026-08-13 09:50:00,-0.07255128,-0.5304515547928047,1.0099999774247408,11.709999738261104,0.03198048350272759,0.9325433300645235,0.9645238135672511,0.3615209785143604,0.00621376528075129,6.0
2026-08-13 10:00:00,-0.07255128,-0.5375022492871134,1.0099999774247408,11.709999738261104,0.03198048350272759,0.9325433300645235,0.9645238135672511,0.35447028402005165,0.00621376528075129,6.0
2026-08-13 10:10:00,-0.07255128,-0.5397683158402077,1.0099999774247408,11.709999738261104,0.03198048350272759,0.9325433300645235,0.9645238135672511,0.3522042174669574,0.00621376528075129,6.0
2026-08-13 10:20:00,-0.07255128,-0.5372957144146929,1.0099999774247408,11.709999738261104,0.03198048350272759,0.9325433300645235,0.9645238135672511,0.35467681889247216,0.00621376528075129,6.0
2026-08-13 10:30:00,-0.07255128,-0.5301615697532361,1.0099999774247408,11.709999738261104,0.03198048350272759,0.9325433300645235,0.9645238135672511,0.36181096355392894,0.00621376528075129,6.0
2026-08-13 10:40:00,-0.07255128,-0.51847258664619,1.0099999774247408,11.709999738261104,0.03198048350272759,0.9325433300645235,0.9645238135672511,0.3734999466609751,0.00621376528075129,6.0
2026-08-13 10:50:00,-0.07255128,-0.5023635679221746,1.0099999774247408,11.709999738261104,0.03198048350272759,0.9325433300645235,0.9645238135672511,0.38960896538499046,0.00621376528075129,6.0
2026-08-13 11:00:00,-0.07255128,-0.48199600402293946,1.0099999774247408,11.709999738261104,0.03198048350272759,0.9325433300645235,0.9645238135672511,0.4099765292842257,0.00621376528075129,6.0
2026-08-13 11:10:00,-0.07255128,-0.4575566827358841,1.0099999774247408,11.709999738261104,0.03198048350272759,0.9325433300645235,0.9645238135672511,0.43441585057128096,0.00621376528075129,6.0
2026-08-13 11:20:00,-0.07255128,-0.42925625671647605,1.0099999774247408,11.709999738261104,0.03198048350272759,0.9325433300645235,0.9645238135672511,0.46271627659068904,0.00621376528075129,6.0
2026-08-13 11:30:00,-0.07255128,-0.39732770604556,1.0099999774247408,11.709999738261104,0.03198048350272759,0.9325433300645235,0.9645238135672511,0.4946448272616051,0.00621376528075129,6.0
2026-08-13 11:40:00,-0.07255128,-0.36202464259002887,1.0099999774247408,11.709999738261104,0.03198048350272759,0.9325433300645235,0.9645238135672511,0.5299478907171362,0.00621376528075129,6.0
2026-08-13 11:50:00,-0.07255128,-0.3236194217302519,1.0099999774247408,11.709999738261104,0.03198048350272759,0.9325433300645235,0.9645238135672511,0.5683531115769132,0.00621376528075129,6.0
2026-08-13 12:00:00,-0.07255128,-0.28240105182917974,1.0499999765306711,11.84999973513186,0.03299745485317304,0.9621979739551868,0.9951954288083599,0.6402430967190941,0.00621376528075129,6.0
2026-08-13 12:10:00,-0.07255128,-0.23867292050564803,1.0499999765306711,11.84999973513186,0.03299745485317304,0.9621979739551868,0.9951954288083599,0.6839712280426258,0.00621376528075129,6.0
2026-08-13 12:20:00,-0.07255128,-0.19275038486313595,1.0499999765306711,11.84999973513186,0.03299745485317304,0.9621979739551868,0.9951954288083599,0.7298937636851379,0.00621376528075129,6.0
2026-08-13 12:30:00,-0.07255128,-0.1449582975850167,1.0499999765306711,11.84999973513186,0.03299745485317304,0.9621979739551868,0.9951954288083599,0.7776858509632572,0.00621376528075129,6.0
2026-08-13 12:40:00,-0.07255128,-0.09562855841256182,1.0499999765306711,11.84999973513186,0.03299745485317304,0.9621979739551868,0.9951954288083599,0.827015590135712,0.00621376528075129,6.0
2026-08-13 12:50:00,-0.07255128,-0.0450977889954111,1.0499999765306711,11.84999973513186,0.03299745485317304,0.9621979739551868,0.9951954288083599,0.8775463595528628,0.00621376528075129,6.0
2026-08-13 13:00:00,-0.07255128,0.006294773227230043,1.0499999765306711,11.84999973513186,0.03299745485317304,0.9621979739551868,0.9951954288083599,0.9289389217755039,0.00621376528075129,6.0
2026-08-13 13:10:00,-0.07255128,0.05820907997371401,1.0499999765306711,11.84999973513186,0.03299745485317304,0.9621979739551868,0.9951954288083599,0.9808532285219879,0.00621376528075129,6.0
2026-08-13 13:20:00,-0.07255128,0.1103057169564039,1.0499999765306711,11.84999973513186,0.03299745485317304,0.9621979739551868,0.9951954288083599,1.0329498655046776,0.00621376528075129,6.0
2026-08-13 13:30:00,-0.07255128,0.16224696145256937,1.0499999765306711,11.84999973513186,0.03299745485317304,0.9621979739551868,0.9951954288083599,1.0848911100008432,0.00621376528075129,6.0
2026-08-13 13:40:00,-0.07255128,0.21369746159030642,1.0499999765306711,11.84999973513186,0.03299745485317304,0.9621979739551868,0.9951954288083599,1.1363416101385801,0.00621376528075129,6.0
2026-08-13 13:50:00,-0.07255128,0.2643245844947156,1.0499999765306711,11.84999973513186,0.03299745485317304,0.9621979739551868,0.9951954288083599,1.1869687330429894,0.00621376528075129,6.0
2026-08-13 14:00:00,-0.07255128,0.3137985157185583,1.0499999765306711,11.84999973513186,0.03299745485317304,0.9621979739551868,0.9951954288083599,1.236442664266832,0.00621376528075129,6.0
2026-08-13 14:10:00,-0.07255128,0.36179222197078076,1.0499999765306711,11.84999973513186,0.03299745485317304,0.9621979739551868,0.9951954288083599,1.2844363705190545,0.00621376528075129,6.0
2026-08-13 14:20:00,-0.07255128,0.40798140938595134,1.0499999765306711,11.84999973513186,0.03299745485317304,0.9621979739551868,0.9951954288083599,1.3306255579342252,0.00621376528075129,6.0
2026-08-13 14:30:00,-0.07255128,0.45204461849052474,1.0499999765306711,11.84999973513186,0.03299745485317304,0.9621979739551868,0.9951954288083599,1.3746887670387986,0.00621376528075129,6.0
2026-08-13 14:40:00,-0.07255128,0.49366359371384494,1.0499999765306711,11.84999973513186,0.03299745485317304,0.9621979739551868,0.9951954288083599,1.4163077422621186,0.00621376528075129,6.0
2026-08-13 14:50:00,-0.07255128,0.5325240491493679,1.0499999765306711,11.84999973513186,0.03299745485317304,0.9621979739551868,0.9951954288083599,1.4551681976976418,0.00621376528075129,6.0
2026-08-13 15:00:00,-0.07255128,0.5683169257257736,1.1299999747425318,11.919999733567238,0.03443363888599005,1.0040767604480314,1.0385103993340215,1.534276044799709,0.00621376528075129,6.0
2026-08-13 15:10:00,-0.07255128,0.6007401990876917,1.1299999747425318,11.919999733567238,0.03443363888599005,1.0040767604480314,1.0385103993340215,1.566699318161627,0.00621376528075129,6.0
2026-08-13 15:20:00,-0.07255128,0.6295012566354234,1.1299999747425318,11.919999733567238,0.03443363888599005,1.0040767604480314,1.0385103993340215,1.5954603757093588,0.00621376528075129,6.0
2026-08-13 15:30:00,-0.07255128,0.6543198190403311,1.1299999747425318,11.919999733567238,0.03443363888599005,1.0040767604480314,1.0385103993340215,1.6202789381142666,0.00621376528075129,6.0
2026-08-13 15:40:00,-0.07255128,0.674931340539421,1.1299999747425318,11.919999733567238,0.03443363888599005,1.0040767604480314,1.0385103993340215,1.6408904596133564,0.00621376528075129,6.0
2026-08-13 15:50:00,-0.07255128,0.6910907863333587,1.1299999747425318,11.919999733567238,0.03443363888599005,1.0040767604480314,1.0385103993340215,1.6570499054072942,0.00621376528075129,6.0
2026-08-13 16:00:00,-0.07255128,0.7025766576425084,1.1299999747425318,11.919999733567238,0.03443363888599005,1.0040767604480314,1.0385103993340215,1.668535776716444,0.00621376528075129,6.0
2026-08-13 16:10:00,-0.07255128,0.7091951172104578,1.1299999747425318,11.919999733567238,0.03443363888599005,1.0040767604480314,1.0385103993340215,1.6751542362843932,0.00621376528075129,6.0
2026-08-13 16:20:00,-0.07255128,0.7107840609933088,1.1299999747425318,11.919999733567238,0.03443363888599005,1.0040767604480314,1.0385103993340215,1.6767431800672443,0.00621376528075129,6.0
2026-08-13 16:30:00,-0.07255128,0.7072169856018914,1.1299999747425318,11.919999733567238,0.03443363888599005,1.0040767604480314,1.0385103993340215,1.673176104675827,0.00621376528075129,6.0
2026-08-13 16:40:00,-0.07255128,0.6984065141046911,1.1299999747425318,11.919999733567238,0.03443363888599005,1.0040767604480314,1.0385103993340215,1.6643656331786265,0.00621376528075129,6.0
2026-08-13 16:50:00,-0.07255128,0.6843074633521603,1.1299999747425318,11.919999733567238,0.03443363888599005,1.0040767604480314,1.0385103993340215,1.6502665824260956,0.00621376528075129,6.0
2026-08-13 17:00:00,-0.07255128,0.6649193611988248,1.1299999747425318,11.919999733567238,0.03443363888599005,1.0040767604480314,1.0385103993340215,1.6308784802727603,0.00621376528075129,6.0
2026-08-13 17:10:00,-0.07255128,0.6402883491296405,1.1299999747425318,11.919999733567238,0.03443363888599005,1.0040767604480314,1.0385103993340215,1.606247468203576,0.00621376528075129,6.0
2026-08-13 17:20:00,-0.07255128,0.610508432040376,1.1299999747425318,11.919999733567238,0.03443363888599005,1.0040767604480314,1.0385103993340215,1.5764675511143114,0.00621376528075129,6.0
2026-08-13 17:30:00,-0.07255128,0.5757220599962252,1.1299999747425318,11.919999733567238,0.03443363888599005,1.0040767604480314,1.0385103993340215,1.5416811790701606,0.00621376528075129,6.0
2026-08-13 17:40:00,-0.07255128,0.5361200448252247,1.1299999747425318,11.919999733567238,0.03443363888599005,1.0040767604480314,1.0385103993340215,1.5020791638991602,0.00621376528075129,6.0
2026-08-13 17:50:00,-0.07255128,0.4919408269259383,1.1299999747425318,11.919999733567238,0.03443363888599005,1.0040767604480314,1.0385103993340215,1.4578999459998738,0.00621376528075129,6.0
2026-08-13 18:00:00,-0.07255128,0.4434691141071035,1.1799999736249447,11.999999731779099,0.035423355135521695,1.0329366520465588,1.0683600071820805,1.4392778410290978,0.00621376528075129,6.0
2026-08-13 18:10:00,-0.07255128,0.39103391625293166,1.1799999736249447,11.999999731779099,0.035423355135521695,1.0329366520465588,1.0683600071820805,1.3868426431749261,0.00621376528075129,6.0
2026-08-13 18:20:00,-0.07255128,0.3350059978123225,1.1799999736249447,11.999999731779099,0.035423355135521695,1.0329366520465588,1.0683600071820805,1.330814724734317,0.00621376528075129,6.0
2026-08-13 18:30:00,-0.07255128,0.2757947673870269,1.1799999736249447,11.999999731779099,0.035423355135521695,1.0329366520465588,1.0683600071820805,1.2716034943090213,0.00621376528075129,6.0
2026-08-13 18:40:00,-0.07255128,0.21384462134734863,1.1799999736249447,11.999999731779099,0.035423355135521695,1.0329366520465588,1.0683600071820805,1.209653348269343,0.00621376528075129,6.0
2026-08-13 18:50:00,-0.07255128,0.14963075905895173,1.1799999736249447,11.999999731779099,0.035423355135521695,1.0329366520465588,1.0683600071820805,1.1454394859809462,0.00621376528075129,6.0
2026-08-13 19:00:00,-0.07255128,0.08365449220619216,1.1799999736249447,11.999999731779099,0.035423355135521695,1.0329366520465588,1.0683600071820805,1.0794632191281865,0.00621376528075129,6.0
2026-08-13 19:10:00,-0.07255128,0.016438080420176228,1.1799999736249447,11.999999731779099,0.035423355135521695,1.0329366520465588,1.0683600071820805,1.0122468073421707,0.00621376528075129,6.0
2026-08-13 19:20:00,-0.07255128,-0.051480859086943706,1.1799999736249447,11.999999731779099,0.035423355135521695,1.0329366520465588,1.0683600071820805,0.9443278678350507,0.00621376528075129,6.0
2026-08-13 19:30:00,-0.07255128,-0.11955530113558602,1.1799999736249447,11.999999731779099,0.035423355135521695,1.0329366520465588,1.0683600071820805,0.8762534257864084,0.00621376528075129,6.0
2026-08-13 19:40:00,-0.07255128,-0.18723503209997192,1.1799999736249447,11.999999731779099,0.035423355135521695,1.0329366520465588,1.0683600071820805,0.8085736948220225,0.00621376528075129,6.0
2026-08-13 19:50:00,-0.07255128,-0.2539730276235443,1.1799999736249447,11.999999731779099,0.035423355135521695,1.0329366520465588,1.0683600071820805,0.7418356992984501,0.00621376528075129,6.0
2026-08-13 20:00:00,-0.07255128,-0.3192318560036679,1.1799999736249447,11.999999731779099,0.035423355135521695,1.0329366520465588,1.0683600071820805,0.6765768709183265,0.00621376528075129,6.0
2026-08-13 20:10:00,-0.07255128,-0.38248995910198985,1.1799999736249447,11.999999731779099,0.035423355135521695,1.0329366520465588,1.0683600071820805,0.6133187678200045,0.00621376528075129,6.0
2026-08-13 20:20:00,-0.07255128,-0.44324765393341864,1.1799999736249447,11.999999731779099,0.035423355135521695,1.0329366520465588,1.0683600071820805,0.5525610729885757,0.00621376528075129,6.0
2026-08-13 20:30:00,-0.07255128,-0.501032698545365,1.1799999736249447,11.999999731779099,0.035423355135521695,1.0329366520465588,1.0683600071820805,0.4947760283766294,0.00621376528075129,6.0
2026-08-13 20:40:00,-0.07255128,-0.5554052763703501,1.1799999736249447,11.999999731779099,0.035423355135521695,1.0329366520465588,1.0683600071820805,0.4404034505516443,0.00621376528075129,6.0
2026-08-13 20:50:00,-0.07255128,-0.6059622736388101,1.1799999736249447,11.999999731779099,0.035423355135521695,1.0329366520465588,1.0683600071820805,0.38984645328318435,0.00621376528075129,6.0
2026-08-13 21:00:00,-0.07255128,-0.6523407543449372,1.2099999729543924,11.999999731779099,0.03587082578041545,1.0459847901480277,1.0818556159284431,0.3569635813234199,0.00621376528075129,6.0
2026-08-13 21:10:00,-0.07255128,-0.6942205737695385,1.2099999729543924,11.999999731779099,0.03587082578041545,1.0459847901480277,1.0818556159284431,0.3150837618988186,0.00621376528075129,6.0
2026-08-13 21:20:00,-0.07255128,-0.7313261128292291,1.2099999729543924,11.999999731779099,0.03587082578041545,1.0459847901480277,1.0818556159284431,0.277978222839128,0.00621376528075129,6.0
2026-08-13 21:30:00,-0.07255128,-0.7634271574734727,1.2099999729543924,11.999999731779099,0.03587082578041545,1.0459847901480277,1.0818556159284431,0.24587717819488442,0.00621376528075129,6.0
2026-08-13 21:40:00,-0.07255128,-0.7903389869686318,1.2099999729543924,11.999999731779099,0.03587082578041545,1.0459847901480277,1.0818556159284431,0.21896534869972528,0.00621376528075129,6.0
2026-08-13 21:50:00,-0.07255128,-0.811921768506718,1.2099999729543924,11.999999731779099,0.03587082578041545,1.0459847901480277,1.0818556159284431,0.19738256716163904,0.00621376528075129,6.0
2026-08-13 22:00:00,-0.07255128,-0.8280793805258965,1.2099999729543924,11.999999731779099,0.03587082578041545,1.0459847901480277,1.0818556159284431,0.18122495514246062,0.00621376528075129,6.0
2026-08-13 22:10:00,-0.07255128,-0.8387578013684275,1.2099999729543924,11.999999731779099,0.03587082578041545,1.0459847901480277,1.0818556159284431,0.1705465342999296,0.00621376528075129,6.0
2026-08-13 22:20:00,-0.07255128,-0.8439432023586825,1.2099999729543924,11.999999731779099,0.03587082578041545,1.0459847901480277,1.0818556159284431,0.1653611333096746,0.00621376528075129,6.0
2026-08-13 22:30:00,-0.07255128,-0.8436598755030454,1.2099999729543924,11.999999731779099,0.03587082578041545,1.0459847901480277,1.0818556159284431,0.16564446016531165,0.00621376528075129,6.0
2026-08-13 22:40:00,-0.07255128,-0.8379681068221712,1.2099999729543924,11.999999731779099,0.03587082578041545,1.0459847901480277,1.0818556159284431,0.17133622884618593,0.00621376528075129,6.0
2026-08-13 22:50:00,-0.07255128,-0.8269620794918645,1.2099999729543924,11.999999731779099,0.03587082578041545,1.0459847901480277,1.0818556159284431,0.18234225617649258,0.00621376528075129,6.0
2026-08-13 23:00:00,-0.07255128,-0.8107678593555572,1.2099999729543924,11.999999731779099,0.03587082578041545,1.0459847901480277,1.0818556159284431,0.19853647631279991,0.00621376528075129,6.0
2026-08-13 23:10:00,-0.07255128,-0.7895414826662738,1.2099999729543924,11.999999731779099,0.03587082578041545,1.0459847901480277,1.0818556159284431,0.2197628530020833,0.00621376528075129,6.0
2026-08-13 23:20:00,-0.07255128,-0.7634671356388368,1.2099999729543924,11.999999731779099,0.03587082578041545,1.0459847901480277,1.0818556159284431,0.24583720002952025,0.00621376528075129,6.0
2026-08-13 23:30:00,-0.07255128,-0.7327553908346005,1.2099999729543924,11.999999731779099,0.03587082578041545,1.0459847901480277,1.0818556159284431,0.2765489448337566,0.00621376528075129,6.0
2026-08-13 23:40:00,-0.07255128,-0.6976414490649087,1.2099999729543924,11.999999731779099,0.03587082578041545,1.0459847901480277,1.0818556159284431,0.31166288660344843,0.00621376528075129,6.0
2026-08-13 23:50:00,-0.07255128,-0.6583833290845912,1.2099999729543924,11.999999731779099,0.03587082578041545,1.0459847901480277,1.0818556159284431,0.3509210065837659,0.00621376528075129,6.0
2026-08-14 00:00:00,-0.093980715,-0.6152599511318393,1.2299999725073576,12.029999731108546,0.036256479053621046,1.0572303483214918,1.0934868273751128,0.3842461615645092,0.00621376528075129,6.0
2026-08-14 00:10:00,-0.093980715,-0.5685690738958948,1.2299999725073576,12.029999731108546,0.036256479053621046,1.0572303483214918,1.0934868273751128,0.43093703880045364,0.00621376528075129,6.0
2026-08-14 00:20:00,-0.093980715,-0.518625065560025,1.2299999725073576,12.029999731108546,0.036256479053621046,1.0572303483214918,1.0934868273751128,0.4808810471363235,0.00621376528075129,6.0
2026-08-14 00:30:00,-0.093980715,-0.4657565158499649,1.2299999725073576,12.029999731108546,0.036256479053621046,1.0572303483214918,1.0934868273751128,0.5337495968463836,0.00621376528075129,6.0
2026-08-14 00:40:00,-0.093980715,-0.41030372377629515,1.2299999725073576,12.029999731108546,0.036256479053621046,1.0572303483214918,1.0934868273751128,0.5892023889200533,0.00621376528075129,6.0
2026-08-14 00:50:00,-0.093980715,-0.3526161217761578,1.2299999725073576,12.029999731108546,0.036256479053621046,1.0572303483214918,1.0934868273751128,0.6468899909201906,0.00621376528075129,6.0
2026-08-14 01:00:00,-0.093980715,-0.29304971763098614,1.2299999725073576,12.029999731108546,0.036256479053621046,1.0572303483214918,1.0934868273751128,0.7064563950653624,0.00621376528075129,6.0
2026-08-14 01:10:00,-0.093980715,-0.23196464803717337,1.2299999725073576,12.029999731108546,0.036256479053621046,1.0572303483214918,1.0934868273751128,0.7675414646591752,0.00621376528075129,6.0
2026-08-14 01:20:00,-0.093980715,-0.16972294025891413,1.2299999725073576,12.029999731108546,0.036256479053621046,1.0572303483214918,1.0934868273751128,0.8297831724374344,0.00621376528075129,6.0
2026-08-14 01:30:00,-0.093980715,-0.10668656968438046,1.2299999725073576,12.029999731108546,0.036256479053621046,1.0572303483214918,1.0934868273751128,0.8928195430119681,0.00621376528075129,6.0
2026-08-14 01:40:00,-0.093980715,-0.04321588209076898,1.2299999725073576,12.029999731108546,0.036256479053621046,1.0572303483214918,1.0934868273751128,0.9562902306055795,0.00621376528075129,6.0
2026-08-14 01:50:00,-0.093980715,0.0203315789161841,1.2299999725073576,12.029999731108546,0.036256479053621046,1.0572303483214918,1.0934868273751128,1.0198376916125327,0.00621376528075129,6.0
2026-08-14 02:00:00,-0.093980715,0.08360183347289961,1.2299999725073576,12.029999731108546,0.036256479053621046,1.0572303483214918,1.0934868273751128,1.083107946169248,0.00621376528075129,6.0
2026-08-14 02:10:00,-0.093980715,0.14624484830872767,1.2299999725073576,12.029999731108546,0.036256479053621046,1.0572303483214918,1.0934868273751128,1.1457509610050762,0.00621376528075129,6.0
2026-08-14 02:20:00,-0.093980715,0.20791461048761345,1.2299999725073576,12.029999731108546,0.036256479053621046,1.0572303483214918,1.0934868273751128,1.207420723183962,0.00621376528075129,6.0
2026-08-14 02:30:00,-0.093980715,0.2682689947917662,1.2299999725073576,12.029999731108546,0.036256479053621046,1.0572303483214918,1.0934868273751128,1.2677751074881147,0.00621376528075129,6.0
2026-08-14 02:40:00,-0.093980715,0.32696955281071916,1.2299999725073576,12.029999731108546,0.036256479053621046,1.0572303483214918,1.0934868273751128,1.3264756655070675,0.00621376528075129,6.0
2026-08-14 02:50:00,-0.093980715,0.3836813666401763,1.2299999725073576,12.029999731108546,0.036256479053621046,1.0572303483214918,1.0934868273751128,1.3831874793365249,0.00621376528075129,6.0
2026-08-14 03:00:00,-0.093980715,0.43807311287093625,1.2499999720603228,11.979999732226133,0.03639814644513824,1.0613613359294725,1.0977594823746106,1.4418518805667826,0.00621376528075129,6.0
2026-08-14 03:10:00,-0.093980715,0.4898174724745695,1.2499999720603228,11.979999732226133,0.03639814644513824,1.0613613359294725,1.0977594823746106,1.4935962401704157,0.00621376528075129,6.0
2026-08-14 03:20:00,-0.093980715,0.5385920003696821,1.2499999720603228,11.979999732226133,0.03639814644513824,1.0613613359294725,1.0977594823746106,1.5423707680655285,0.00621376528075129,6.0
2026-08-14 03:30:00,-0.093980715,0.5840805362823268,1.2499999720603228,11.979999732226133,0.03639814644513824,1.0613613359294725,1.0977594823746106,1.5878593039781732,0.00621376528075129,6.0
2026-08-14 03:40:00,-0.093980715,0.625975199243578,1.2499999720603228,11.979999732226133,0.03639814644513824,1.0613613359294725,1.0977594823746106,1.6297539669394243,0.00621376528075129,6.0
2026-08-14 03:50:00,-0.093980715,0.663978964769415,1.2499999720603228,11.979999732226133,0.03639814644513824,1.0613613359294725,1.0977594823746106,1.6677577324652613,0.00621376528075129,6.0
2026-08-14 04:00:00,-0.093980715,0.6978087804332361,1.2499999720603228,11.979999732226133,0.03639814644513824,1.0613613359294725,1.0977594823746106,1.7015875481290825,0.00621376528075129,6.0
2026-08-14 04:10:00,-0.093980715,0.7271991357565273,1.2499999720603228,11.979999732226133,0.03639814644513824,1.0613613359294725,1.0977594823746106,1.7309779034523736,0.00621376528075129,6.0
2026-08-14 04:20:00,-0.093980715,0.751905969208274,1.2499999720603228,11.979999732226133,0.03639814644513824,1.0613613359294725,1.0977594823746106,1.7556847369041204,0.00621376528075129,6.0
2026-08-14 04:30:00,-0.093980715,0.7717107712535655,1.2499999720603228,11.979999732226133,0.03639814644513824,1.0613613359294725,1.0977594823746106,1.7754895389494116,0.00621376528075129,6.0
2026-08-14 04:40:00,-0.093980715,0.7864247290569821,1.2499999720603228,11.979999732226133,0.03639814644513824,1.0613613359294725,1.0977594823746106,1.7902034967528284,0.00621376528075129,6.0
2026-08-14 04:50:00,-0.093980715,0.7958927562172243,1.2499999720603228,11.979999732226133,0.03639814644513824,1.0613613359294725,1.0977594823746106,1.7996715239130707,0.00621376528075129,6.0
2026-08-14 05:00:00,-0.093980715,0.799997258882228,1.2499999720603228,11.979999732226133,0.03639814644513824,1.0613613359294725,1.0977594823746106,1.8037760265780742,0.00621376528075129,6.0
2026-08-14 05:10:00,-0.093980715,0.7986615063037139,1.2499999720603228,11.979999732226133,0.03639814644513824,1.0613613359294725,1.0977594823746106,1.8024402739995602,0.00621376528075129,6.0
2026-08-14 05:20:00,-0.093980715,0.791852496834797,1.2499999720603228,11.979999732226133,0.03639814644513824,1.0613613359294725,1.0977594823746106,1.7956312645306434,0.00621376528075129,6.0
2026-08-14 05:30:00,-0.093980715,0.7795832368836704,1.2499999720603228,11.979999732226133,0.03639814644513824,1.0613613359294725,1.0977594823746106,1.7833620045795167,0.00621376528075129,6.0
2026-08-14 05:40:00,-0.093980715,0.7619143774947632,1.2499999720603228,11.979999732226133,0.03639814644513824,1.0613613359294725,1.0977594823746106,1.7656931451906095,0.00621376528075129,6.0
2026-08-14 05:50:00,-0.093980715,0.7389551784797803,1.2499999720603228,11.979999732226133,0.03639814644513824,1.0613613359294725,1.0977594823746106,1.7427339461756266,0.00621376528075129,6.0
2026-08-14 06:00:00,-0.093980715,0.710863791234972,1.269999971613288,11.949999732896686,0.03659630253893133,1.0671395207265417,1.103735823265473,1.7206188998216807,0.00621376528075129,6.0
2026-08-14 06:10:00,-0.093980715,0.6778468673444762,1.269999971613288,11.949999732896686,0.03659630253893133,1.0671395207265417,1.103735823265473,1.6876019759311849,0.00621376528075129,6.0
2026-08-14 06:20:00,-0.093980715,0.6401585101765062,1.269999971613288,11.949999732896686,0.03659630253893133,1.0671395207265417,1.103735823265473,1.6499136187632149,0.00621376528075129,6.0
2026-08-14 06:30:00,-0.093980715,0.5980985915544977,1.269999971613288,11.949999732896686,0.03659630253893133,1.0671395207265417,1.103735823265473,1.6078537001412063,0.00621376528075129,6.0
2026-08-14 06:40:00,-0.093980715,0.5520104561673127,1.269999971613288,11.949999732896686,0.03659630253893133,1.0671395207265417,1.103735823265473,1.5617655647540214,0.00621376528075129,6.0
2026-08-14 06:50:00,-0.093980715,0.5022780346761786,1.269999971613288,11.949999732896686,0.03659630253893133,1.0671395207265417,1.103735823265473,1.5120331432628873,0.00621376528075129,6.0
2026-08-14 07:00:00,-0.093980715,0.4493223843833456,1.269999971613288,11.949999732896686,0.03659630253893133,1.0671395207265417,1.103735823265473,1.4590774929700543,0.00621376528075129,6.0
2026-08-14 07:10:00,-0.093980715,0.39359767590703665,1.269999971613288,11.949999732896686,0.03659630253893133,1.0671395207265417,1.103735823265473,1.4033527844937455,0.00621376528075129,6.0
2026-08-14 07:20:00,-0.093980715,0.3355866475323934,1.269999971613288,11.949999732896686,0.03659630253893133,1.0671395207265417,1.103735823265473,1.3453417561191021,0.00621376528075129,6.0
2026-08-14 07:30:00,-0.093980715,0.2757955566333772,1.269999971613288,11.949999732896686,0.03659630253893133,1.0671395207265417,1.103735823265473,1.2855506652200859,0.00621376528075129,6.0
2026-08-14 07:40:00,-0.093980715,0.21474867069718898,1.269999971613288,11.949999732896686,0.03659630253893133,1.0671395207265417,1.103735823265473,1.2245037792838978,0.00621376528075129,6.0
2026-08-14 07:50:00,-0.093980715,0.15298235814758626,1.269999971613288,11.949999732896686,0.03659630253893133,1.0671395207265417,1.103735823265473,1.162737466734295,0.00621376528075129,6.0
2026-08-14 08:00:00,-0.093980715,0.09103886059967656,1.269999971613288,11.949999732896686,0.03659630253893133,1.0671395207265417,1.103735823265473,1.1007939691863853,0.00621376528075129,6.0
2026-08-14 08:10:00,-0.093980715,0.029459851073979953,1.269999971613288,11.949999732896686,0.03659630253893133,1.0671395207265417,1.103735823265473,1.0392149596606886,0.00621376528075129,6.0
2026-08-14 08:20:00,-0.093980715,-0.031220095205982935,1.269999971613288,11.949999732896686,0.03659630253893133,1.0671395207265417,1.103735823265473,0.9785350133807258,0.00621376528075129,6.0
2026-08-14 08:30:00,-0.093980715,-0.09047997221522057,1.269999971613288,11.949999732896686,0.03659630253893133,1.0671395207265417,1.103735823265473,0.9192751363714882,0.00621376528075129,6.0
2026-08-14 08:40:00,-0.093980715,-0.14781859915574763,1.269999971613288,11.949999732896686,0.03659630253893133,1.0671395207265417,1.103735823265473,0.861936509430961,0.00621376528075129,6.0
2026-08-14 08:50:00,-0.093980715,-0.2027604992874284,1.269999971613288,11.949999732896686,0.03659630253893133,1.0671395207265417,1.103735823265473,0.8069946092992804,0.00621376528075129,6.0
2026-08-14 09:00:00,-0.093980715,-0.2548612454706364,1.269999971613288,11.879999734461308,0.03638193089225976,1.0608884942452985,1.0972704251375582,0.7484284649881575,0.00621376528075129,6.0
2026-08-14 09:10:00,-0.093980715,-0.3037121321265624,1.269999971613288,11.879999734461308,0.03638193089225976,1.0608884942452985,1.0972704251375582,0.6995775783322316,0.00621376528075129,6.0
2026-08-14 09:20:00,-0.093980715,-0.34894405920646276,1.269999971613288,11.879999734461308,0.03638193089225976,1.0608884942452985,1.0972704251375582,0.6543456512523311,0.00621376528075129,6.0
2026-08-14 09:30:00,-0.093980715,-0.39023054771317084,1.269999971613288,11.879999734461308,0.03638193089225976,1.0608884942452985,1.0972704251375582,0.613059162745623,0.00621376528075129,6.0
2026-08-14 09:40:00,-0.093980715,-0.42728984643621426,1.269999971613288,11.879999734461308,0.03638193089225976,1.0608884942452985,1.0972704251375582,0.5759998640225796,0.00621376528075129,6.0
2026-08-14 09:50:00,-0.093980715,-0.45988613229770897,1.269999971613288,11.879999734461308,0.03638193089225976,1.0608884942452985,1.0972704251375582,0.5434035781610849,0.00621376528075129,6.0
2026-08-14 10:00:00,-0.093980715,-0.4878298488646198,1.269999971613288,11.879999734461308,0.03638193089225976,1.0608884942452985,1.0972704251375582,0.5154598615941741,0.00621376528075129,6.0
2026-08-14 10:10:00,-0.093980715,-0.5109772655781484,1.269999971613288,11.879999734461308,0.03638193089225976,1.0608884942452985,1.0972704251375582,0.4923124448806455,0.00621376528075129,6.0
2026-08-14 10:20:00,-0.093980715,-0.5292293707934987,1.269999971613288,11.879999734461308,0.03638193089225976,1.0608884942452985,1.0972704251375582,0.47406033966529515,0.00621376528075129,6.0
2026-08-14 10:30:00,-0.093980715,-0.5425302325301159,1.269999971613288,11.879999734461308,0.03638193089225976,1.0608884942452985,1.0972704251375582,0.460759477928678,0.00621376528075129,6.0
2026-08-14 10:40:00,-0.093980715,-0.5508649701466356,1.269999971613288,11.879999734461308,0.03638193089225976,1.0608884942452985,1.0972704251375582,0.4524247403121583,0.00621376528075129,6.0
2026-08-14 10:50:00,-0.093980715,-0.5542574776897178,1.269999971613288,11.879999734461308,0.03638193089225976,1.0608884942452985,1.0972704251375582,0.4490322327690761,0.00621376528075129,6.0
2026-08-14 11:00:00,-0.093980715,-0.5527680260828677,1.269999971613288,11.879999734461308,0.03638193089225976,1.0608884942452985,1.0972704251375582,0.4505216843759262,0.00621376528075129,6.0
2026-08-14 11:10:00,-0.093980715,-0.5464908484969818,1.269999971613288,11.879999734461308,0.03638193089225976,1.0608884942452985,1.0972704251375582,0.4567988619618121,0.00621376528075129,6.0
2026-08-14 11:20:00,-0.093980715,-0.5355517838812793,1.269999971613288,11.879999734461308,0.03638193089225976,1.0608884942452985,1.0972704251375582,0.46773792657751456,0.00621376528075129,6.0
2026-08-14 11:30:00,-0.093980715,-0.5201060211385059,1.269999971613288,11.879999734461308,0.03638193089225976,1.0608884942452985,1.0972704251375582,0.483183689320288,0.00621376528075129,6.0
2026-08-14 11:40:00,-0.093980715,-0.5003359543508037,1.269999971613288,11.879999734461308,0.03638193089225976,1.0608884942452985,1.0972704251375582,0.5029537561079902,0.00621376528075129,6.0
2026-08-14 11:50:00,-0.093980715,-0.47644913135207473,1.269999971613288,11.879999734461308,0.03638193089225976,1.0608884942452985,1.0972704251375582,0.5268405791067192,0.00621376528075129,6.0
2026-08-14 12:00:00,-0.093980715,-0.4486762566819785,1.289999971166253,11.799999736249447,0.036420366005496314,1.0620092530507732,1.0984296190562695,0.5557726476955266,0.00621376528075129,6.0
2026-08-14 12:10:00,-0.093980715,-0.41726919776691906,1.289999971166253,11.799999736249447,0.036420366005496314,1.0620092530507732,1.0984296190562695,0.587179706610586,0.00621376528075129,6.0
2026-08-14 12:20:00,-0.093980715,-0.38249894109055554,1.289999971166253,11.799999736249447,0.036420366005496314,1.0620092530507732,1.0984296190562695,0.6219499632869496,0.00621376528075129,6.0
2026-08-14 12:30:00,-0.093980715,-0.34465345303311623,1.289999971166253,11.799999736249447,0.036420366005496314,1.0620092530507732,1.0984296190562695,0.6597954513443889,0.00621376528075129,6.0
2026-08-14 12:40:00,-0.093980715,-0.30403541674486373,1.289999971166253,11.799999736249447,0.036420366005496314,1.0620092530507732,1.0984296190562695,0.7004134876326413,0.00621376528075129,6.0
2026-08-14 12:50:00,-0.093980715,-0.2609598395990531,1.289999971166253,11.799999736249447,0.036420366005496314,1.0620092530507732,1.0984296190562695,0.743489064778452,0.00621376528075129,6.0
2026-08-14 13:00:00,-0.093980715,-0.2157515523892367,1.289999971166253,11.799999736249447,0.036420366005496314,1.0620092530507732,1.0984296190562695,0.7886973519882684,0.00621376528075129,6.0
2026-08-14 13:10:00,-0.093980715,-0.16874264797627342,1.289999971166253,11.799999736249447,0.036420366005496314,1.0620092530507732,1.0984296190562695,0.8357062564012316,0.00621376528075129,6.0
2026-08-14 13:20:00,-0.093980715,-0.12026993015978046,1.289999971166253,11.799999736249447,0.036420366005496314,1.0620092530507732,1.0984296190562695,0.8841789742177246,0.00621376528075129,6.0
2026-08-14 13:30:00,-0.093980715,-0.07067245992481534,1.289999971166253,11.799999736249447,0.036420366005496314,1.0620092530507732,1.0984296190562695,0.9337764444526897,0.00621376528075129,6.0
2026-08-14 13:40:00,-0.093980715,-0.020289293323687504,1.289999971166253,11.799999736249447,0.036420366005496314,1.0620092530507732,1.0984296190562695,0.9841596110538176,0.00621376528075129,6.0
2026-08-14 13:50:00,-0.093980715,0.03054249795615047,1.289999971166253,11.799999736249447,0.036420366005496314,1.0620092530507732,1.0984296190562695,1.0349914023336555,0.00621376528075129,6.0
2026-08-14 14:00:00,-0.093980715,0.08148944664372444,1.289999971166253,11.799999736249447,0.036420366005496314,1.0620092530507732,1.0984296190562695,1.0859383510212295,0.00621376528075129,6.0
2026-08-14 14:10:00,-0.093980715,0.13222289797988046,1.289999971166253,11.799999736249447,0.036420366005496314,1.0620092530507732,1.0984296190562695,1.1366718023573856,0.00621376528075129,6.0
2026-08-14 14:20:00,-0.093980715,0.18241978532651432,1.289999971166253,11.799999736249447,0.036420366005496314,1.0620092530507732,1.0984296190562695,1.1868686897040195,0.00621376528075129,6.0
2026-08-14 14:30:00,-0.093980715,0.23176298970444656,1.289999971166253,11.799999736249447,0.036420366005496314,1.0620092530507732,1.0984296190562695,1.2362118940819518,0.00621376528075129,6.0
2026-08-14 14:40:00,-0.093980715,0.27994133803124377,1.289999971166253,11.799999736249447,0.036420366005496314,1.0620092530507732,1.0984296190562695,1.2843902424087488,0.00621376528075129,6.0
2026-08-14 14:50:00,-0.093980715,0.3266493305136134,1.289999971166253,11.799999736249447,0.036420366005496314,1.0620092530507732,1.0984296190562695,1.3310982348911184,0.00621376528075129,6.0
2026-08-14 15:00:00,-0.093980715,0.3715867173849418,1.3699999693781137,11.709999738261104,0.03724642736995355,1.0860970069330087,1.1233434343029622,1.4009494370091398,0.00621376528075129,6.0
2026-08-14 15:10:00,-0.093980715,0.41445806548181585,1.3699999693781137,11.709999738261104,0.03724642736995355,1.0860970069330087,1.1233434343029622,1.4438207851060136,0.00621376528075129,6.0
2026-08-14 15:20:00,-0.093980715,0.4549724640039095,1.3699999693781137,11.709999738261104,0.03724642736995355,1.0860970069330087,1.1233434343029622,1.4843351836281073,0.00621376528075129,6.0
2026-08-14 15:30:00,-0.093980715,0.4928435150843104,1.3699999693781137,11.709999738261104,0.03724642736995355,1.0860970069330087,1.1233434343029622,1.5222062347085084,0.00621376528075129,6.0
2026-08-14 15:40:00,-0.093980715,0.5277897383382676,1.3699999693781137,11.709999738261104,0.03724642736995355,1.0860970069330087,1.1233434343029622,1.5571524579624656,0.00621376528075129,6.0
2026-08-14 15:50:00,-0.093980715,0.5595354910531937,1.3699999693781137,11.709999738261104,0.03724642736995355,1.0860970069330087,1.1233434343029622,1.5888982106773915,0.00621376528075129,6.0
2026-08-14 16:00:00,-0.093980715,0.5878124690320962,1.3699999693781137,11.709999738261104,0.03724642736995355,1.0860970069330087,1.1233434343029622,1.6171751886562942,0.00621376528075129,6.0
2026-08-14 16:10:00,-0.093980715,0.6123618109178144,1.3699999693781137,11.709999738261104,0.03724642736995355,1.0860970069330087,1.1233434343029622,1.6417245305420123,0.00621376528075129,6.0
2026-08-14 16:20:00,-0.093980715,0.6329367843866264,1.3699999693781137,11.709999738261104,0.03724642736995355,1.0860970069330087,1.1233434343029622,1.6622995040108242,0.00621376528075129,6.0
2026-08-14 16:30:00,-0.093980715,0.6493059899487735,1.3699999693781137,11.709999738261104,0.03724642736995355,1.0860970069330087,1.1233434343029622,1.6786687095729715,0.00621376528075129,6.0
2026-08-14 16:40:00,-0.093980715,0.6612569805879478,1.3699999693781137,11.709999738261104,0.03724642736995355,1.0860970069330087,1.1233434343029622,1.6906197002121457,0.00621376528075129,6.0
2026-08-14 16:50:00,-0.093980715,0.668600166012973,1.3699999693781137,11.709999738261104,0.03724642736995355,1.0860970069330087,1.1233434343029622,1.697962885637171,0.00621376528075129,6.0
2026-08-14 17:00:00,-0.093980715,0.6711728509552546,1.3699999693781137,11.709999738261104,0.03724642736995355,1.0860970069330087,1.1233434343029622,1.7005355705794525,0.00621376528075129,6.0
2026-08-14 17:10:00,-0.093980715,0.6688432485996224,1.3699999693781137,11.709999738261104,0.03724642736995355,1.0860970069330087,1.1233434343029622,1.6982059682238204,0.00621376528075129,6.0
2026-08-14 17:20:00,-0.093980715,0.6615143127844272,1.3699999693781137,11.709999738261104,0.03724642736995355,1.0860970069330087,1.1233434343029622,1.690877032408625,0.00621376528075129,6.0
2026-08-14 17:30:00,-0.093980715,0.6491272448884291,1.3699999693781137,11.709999738261104,0.03724642736995355,1.0860970069330087,1.1233434343029622,1.678489964512627,0.00621376528075129,6.0
2026-08-14 17:40:00,-0.093980715,0.6316645513146969,1.3699999693781137,11.709999738261104,0.03724642736995355,1.0860970069330087,1.1233434343029622,1.6610272709388947,0.00621376528075129,6.0
2026-08-14 17:50:00,-0.093980715,0.609152552563271,1.3699999693781137,11.709999738261104,0.03724642736995355,1.0860970069330087,1.1233434343029622,1.638515272187469,0.00621376528075129,6.0
2026-08-14 18:00:00,-0.093980715,0.581663272248471,1.3699999693781137,11.679999738931656,0.037151005267383214,1.0833145210057677,1.1204655262731509,1.6081480838428575,0.00621376528075129,6.0
2026-08-14 18:10:00,-0.093980715,0.5493156612323817,1.3699999693781137,11.679999738931656,0.037151005267383214,1.0833145210057677,1.1204655262731509,1.5758004728267683,0.00621376528075129,6.0
2026-08-14 18:20:00,-0.093980715,0.5122761359754305,1.3699999693781137,11.679999738931656,0.037151005267383214,1.0833145210057677,1.1204655262731509,1.5387609475698172,0.00621376528075129,6.0
2026-08-14 18:30:00,-0.093980715,0.4707584294296087,1.3699999693781137,11.679999738931656,0.037151005267383214,1.0833145210057677,1.1204655262731509,1.4972432410239953,0.00621376528075129,6.0
2026-08-14 18:40:00,-0.093980715,0.4250227665135809,1.3699999693781137,11.679999738931656,0.037151005267383214,1.0833145210057677,1.1204655262731509,1.4515075781079674,0.00621376528075129,6.0
2026-08-14 18:50:00,-0.093980715,0.37537438419918084,1.3699999693781137,11.679999738931656,0.037151005267383214,1.0833145210057677,1.1204655262731509,1.4018591957935673,0.00621376528075129,6.0
2026-08-14 19:00:00,-0.093980715,0.3221614194710006,1.3699999693781137,11.679999738931656,0.037151005267383214,1.0833145210057677,1.1204655262731509,1.348646231065387,0.00621376528075129,6.0
2026-08-14 19:10:00,-0.093980715,0.2657721882082531,1.3699999693781137,11.679999738931656,0.037151005267383214,1.0833145210057677,1.1204655262731509,1.2922569998026396,0.00621376528075129,6.0
2026-08-14 19:20:00,-0.093980715,0.20663187643428899,1.3699999693781137,11.679999738931656,0.037151005267383214,1.0833145210057677,1.1204655262731509,1.2331166880286755,0.00621376528075129,6.0
2026-08-14 19:30:00,-0.093980715,0.1451986643266345,1.3699999693781137,11.679999738931656,0.037151005267383214,1.0833145210057677,1.1204655262731509,1.171683475921021,0.00621376528075129,6.0
2026-08-14 19:40:00,-0.093980715,0.08195930498042955,1.3699999693781137,11.679999738931656,0.037151005267383214,1.0833145210057677,1.1204655262731509,1.108444116574816,0.00621376528075129,6.0
2026-08-14 19:50:00,-0.093980715,0.01742418559941711,1.3699999693781137,11.679999738931656,0.037151005267383214,1.0833145210057677,1.1204655262731509,1.0439089971938036,0.00621376528075129,6.0
2026-08-14 20:00:00,-0.093980715,-0.04787809067992298,1.3699999693781137,11.679999738931656,0.037151005267383214,1.0833145210057677,1.1204655262731509,0.9786067209144635,0.00621376528075129,6.0
2026-08-14 20:10:00,-0.093980715,-0.11340654838972629,1.3699999693781137,11.679999738931656,0.037151005267383214,1.0833145210057677,1.1204655262731509,0.9130782632046602,0.00621376528075129,6.0
2026-08-14 20:20:00,-0.093980715,-0.17861403515064816,1.3699999693781137,11.679999738931656,0.037151005267383214,1.0833145210057677,1.1204655262731509,0.8478707764437383,0.00621376528075129,6.0
2026-08-14 20:30:00,-0.093980715,-0.24295367274927496,1.3699999693781137,11.679999738931656,0.037151005267383214,1.0833145210057677,1.1204655262731509,0.7835311388451116,0.00621376528075129,6.0
2026-08-14 20:40:00,-0.093980715,-0.3058854450845706,1.3699999693781137,11.679999738931656,0.037151005267383214,1.0833145210057677,1.1204655262731509,0.7205993665098159,0.00621376528075129,6.0
2026-08-14 20:50:00,-0.093980715,-0.3668827835002335,1.3699999693781137,11.679999738931656,0.037151005267383214,1.0833145210057677,1.1204655262731509,0.659602028094153,0.00621376528075129,6.0
2026-08-14 21:00:00,-0.093980715,-0.4254389945042783,1.3299999702721834,11.599999740719795,0.03635392050127269,1.0600717178733818,1.0964256383746545,0.5770059291916119,0.00621376528075129,6.0
2026-08-14 21:10:00,-0.093980715,-0.481073366482659,1.3299999702721834,11.599999740719795,0.03635392050127269,1.0600717178733818,1.0964256383746545,0.5213715572132311,0.00621376528075129,6.0
2026-08-14 21:20:00,-0.093980715,-0.5333367928630434,1.3299999702721834,11.599999740719795,0.03635392050127269,1.0600717178733818,1.0964256383746545,0.46910813083284675,0.00621376528075129,6.0
2026-08-14 21:30:00,-0.093980715,-0.5818167603367789,1.3299999702721834,11.599999740719795,0.03635392050127269,1.0600717178733818,1.0964256383746545,0.42062816335911124,0.00621376528075129,6.0
2026-08-14 21:40:00,-0.093980715,-0.6261415720250629,1.3299999702721834,11.599999740719795,0.03635392050127269,1.0600717178733818,1.0964256383746545,0.3763033516708272,0.00621376528075129,6.0
2026-08-14 21:50:00,-0.093980715,-0.6659837061173397,1.3299999702721834,11.599999740719795,0.03635392050127269,1.0600717178733818,1.0964256383746545,0.3364612175785504,0.00621376528075129,6.0
2026-08-14 22:00:00,-0.093980715,-0.7010622485118292,1.3299999702721834,11.599999740719795,0.03635392050127269,1.0600717178733818,1.0964256383746545,0.3013826751840609,0.00621376528075129,6.0
2026-08-14 22:10:00,-0.093980715,-0.7311443803766515,1.3299999702721834,11.599999740719795,0.03635392050127269,1.0600717178733818,1.0964256383746545,0.2713005433192386,0.00621376528075129,6.0
2026-08-14 22:20:00,-0.093980715,-0.7560459451947699,1.3299999702721834,11.599999740719795,0.03635392050127269,1.0600717178733818,1.0964256383746545,0.24639897850112025,0.00621376528075129,6.0
2026-08-14 22:30:00,-0.093980715,-0.7756311611223019,1.3299999702721834,11.599999740719795,0.03635392050127269,1.0600717178733818,1.0964256383746545,0.2268137625735882,0.00621376528075129,6.0
2026-08-14 22:40:00,-0.093980715,-0.7898115798709712,1.3299999702721834,11.599999740719795,0.03635392050127269,1.0600717178733818,1.0964256383746545,0.21263334382491894,0.00621376528075129,6.0
2026-08-14 22:50:00,-0.093980715,-0.7985444200481558,1.3299999702721834,11.599999740719795,0.03635392050127269,1.0600717178733818,1.0964256383746545,0.20390050364773427,0.00621376528075129,6.0
2026-08-14 23:00:00,-0.093980715,-0.8018304188412497,1.3299999702721834,11.599999740719795,0.03635392050127269,1.0600717178733818,1.0964256383746545,0.20061450485464039,0.00621376528075129,6.0
2026-08-14 23:10:00,-0.093980715,-0.799711349945881,1.3299999702721834,11.599999740719795,0.03635392050127269,1.0600717178733818,1.0964256383746545,0.2027335737500091,0.00621376528075129,6.0
2026-08-14 23:20:00,-0.093980715,-0.7922673480473345,1.3299999702721834,11.599999740719795,0.03635392050127269,1.0600717178733818,1.0964256383746545,0.21017757564855566,0.00621376528075129,6.0
2026-08-14 23:30:00,-0.093980715,-0.7796141620101517,1.3299999702721834,11.599999740719795,0.03635392050127269,1.0600717178733818,1.0964256383746545,0.22283076168573845,0.00621376528075129,6.0
2026-08-14 23:40:00,-0.093980715,-0.7619004327052293,1.3299999702721834,11.599999740719795,0.03635392050127269,1.0600717178733818,1.0964256383746545,0.24054449099066078,0.00621376528075129,6.0
2026-08-14 23:50:00,-0.093980715,-0.7393050600286314,1.3299999702721834,11.599999740719795,0.03635392050127269,1.0600717178733818,1.0964256383746545,0.2631398636672587,0.00621376528075129,6.0
2026-08-15 00:00:00,-0.11283209,-0.7120346907794014,1.3199999704957008,11.449999744072556,0.035748670565310885,1.0424227729862598,1.0781714435515708,0.25330466102345495,0.00621376528075129,6.0
2026-08-15 00:10:00,-0.11283209,-0.68032132818615,1.3199999704957008,11.449999744072556,0.035748670565310885,1.0424227729862598,1.0781714435515708,0.28501802361670636,0.00621376528075129,6.0
2026-08-15 00:20:00,-0.11283209,-0.6444200383580605,1.3199999704957008,11.449999744072556,0.035748670565310885,1.0424227729862598,1.0781714435515708,0.32091931344479585,0.00621376528075129,6.0
2026-08-15 00:30:00,-0.11283209,-0.6046067113204304,1.3199999704957008,11.449999744072556,0.035748670565310885,1.0424227729862598,1.0781714435515708,0.3607326404824259,0.00621376528075129,6.0
2026-08-15 00:40:00,-0.11283209,-0.5611758263748926,1.3199999704957008,11.449999744072556,0.035748670565310885,1.0424227729862598,1.0781714435515708,0.40416352542796374,0.00621376528075129,6.0
2026-08-15 00:50:00,-0.11283209,-0.51443817365837,1.3199999704957008,11.449999744072556,0.035748670565310885,1.0424227729862598,1.0781714435515708,0.4509011781444864,0.00621376528075129,6.0
2026-08-15 01:00:00,-0.11283209,-0.46471849553530575,1.3199999704957008,11.449999744072556,0.035748670565310885,1.0424227729862598,1.0781714435515708,0.5006208562675506,0.00621376528075129,6.0
2026-08-15 01:10:00,-0.11283209,-0.4123530308665604,1.3199999704957008,11.449999744072556,0.035748670565310885,1.0424227729862598,1.0781714435515708,0.552986320936296,0.00621376528075129,6.0
2026-08-15 01:20:00,-0.11283209,-0.35768696981504206,1.3199999704957008,11.449999744072556,0.035748670565310885,1.0424227729862598,1.0781714435515708,0.6076523819878143,0.00621376528075129,6.0
2026-08-15 01:30:00,-0.11283209,-0.3010718531856832,1.3199999704957008,11.449999744072556,0.035748670565310885,1.0424227729862598,1.0781714435515708,0.6642674986171732,0.00621376528075129,6.0
2026-08-15 01:40:00,-0.11283209,-0.24286297500417495,1.3199999704957008,11.449999744072556,0.035748670565310885,1.0424227729862598,1.0781714435515708,0.7224763767986814,0.00621376528075129,6.0
2026-08-15 01:50:00,-0.11283209,-0.1834168666783996,1.3199999704957008,11.449999744072556,0.035748670565310885,1.0424227729862598,1.0781714435515708,0.7819224851244567,0.00621376528075129,6.0
2026-08-15 02:00:00,-0.11283209,-0.12308895272288002,1.3199999704957008,11.449999744072556,0.035748670565310885,1.0424227729862598,1.0781714435515708,0.8422503990799763,0.00621376528075129,6.0
2026-08-15 02:10:00,-0.11283209,-0.062231469947237626,1.3199999704957008,11.449999744072556,0.035748670565310885,1.0424227729862598,1.0781714435515708,0.9031078818556187,0.00621376528075129,6.0
2026-08-15 02:20:00,-0.11283209,-0.001191732877783068,1.3199999704957008,11.449999744072556,0.035748670565310885,1.0424227729862598,1.0781714435515708,0.9641476189250733,0.00621376528075129,6.0
2026-08-15 02:30:00,-0.11283209,0.05968919108253222,1.3199999704957008,11.449999744072556,0.035748670565310885,1.0424227729862598,1.0781714435515708,1.0250285428853885,0.00621376528075129,6.0
2026-08-15 02:40:00,-0.11283209,0.12007736195288668,1.3199999704957008,11.449999744072556,0.035748670565310885,1.0424227729862598,1.0781714435515708,1.0854167137557431,0.00621376528075129,6.0
2026-08-15 02:50:00,-0.11283209,0.17964640286114267,1.3199999704957008,11.449999744072556,0.035748670565310885,1.0424227729862598,1.0781714435515708,1.144985754663999,0.00621376528075129,6.0
2026-08-15 03:00:00,-0.11283209,0.2380775293068008,1.2999999709427357,11.409999744966626,0.03535287714505535,1.030881530524705,1.0662344076697603,1.1914798452278466,0.00621376528075129,6.0
2026-08-15 03:10:00,-0.11283209,0.29505924762918656,1.2999999709427357,11.409999744966626,0.03535287714505535,1.030881530524705,1.0662344076697603,1.2484615635502325,0.00621376528075129,6.0
2026-08-15 03:20:00,-0.11283209,0.35028683150499973,1.2999999709427357,11.409999744966626,0.03535287714505535,1.030881530524705,1.0662344076697603,1.3036891474260455,0.00621376528075129,6.0
2026-08-15 03:30:00,-0.11283209,0.4034617106670728,1.2999999709427357,11.409999744966626,0.03535287714505535,1.030881530524705,1.0662344076697603,1.3568640265881187,0.00621376528075129,6.0
2026-08-15 03:40:00,-0.11283209,0.4542909207977738,1.2999999709427357,11.409999744966626,0.03535287714505535,1.030881530524705,1.0662344076697603,1.4076932367188197,0.00621376528075129,6.0
2026-08-15 03:50:00,-0.11283209,0.5024867662657645,1.2999999709427357,11.409999744966626,0.03535287714505535,1.030881530524705,1.0662344076697603,1.4558890821868102,0.00621376528075129,6.0
2026-08-15 04:00:00,-0.11283209,0.5477668369387187,1.2999999709427357,11.409999744966626,0.03535287714505535,1.030881530524705,1.0662344076697603,1.5011691528597646,0.00621376528075129,6.0
2026-08-15 04:10:00,-0.11283209,0.5898544981952718,1.2999999709427357,11.409999744966626,0.03535287714505535,1.030881530524705,1.0662344076697603,1.5432568141163177,0.00621376528075129,6.0
2026-08-15 04:20:00,-0.11283209,0.6284799404256595,1.2999999709427357,11.409999744966626,0.03535287714505535,1.030881530524705,1.0662344076697603,1.5818822563467054,0.00621376528075129,6.0
2026-08-15 04:30:00,-0.11283209,0.6633818343329075,1.2999999709427357,11.409999744966626,0.03535287714505535,1.030881530524705,1.0662344076697603,1.6167841502539533,0.00621376528075129,6.0
2026-08-15 04:40:00,-0.11283209,0.694309594132316,1.2999999709427357,11.409999744966626,0.03535287714505535,1.030881530524705,1.0662344076697603,1.6477119100533617,0.00621376528075129,6.0
2026-08-15 04:50:00,-0.11283209,0.7210262063581823,1.2999999709427357,11.409999744966626,0.03535287714505535,1.030881530524705,1.0662344076697603,1.6744285222792281,0.00621376528075129,6.0
2026-08-15 05:00:00,-0.11283209,0.7433115410819479,1.2999999709427357,11.409999744966626,0.03535287714505535,1.030881530524705,1.0662344076697603,1.6967138570029938,0.00621376528075129,6.0
2026-08-15 05:10:00,-0.11283209,0.7609660280091092,1.2999999709427357,11.409999744966626,0.03535287714505535,1.030881530524705,1.0662344076697603,1.714368343930155,0.00621376528075129,6.0
2026-08-15 05:20:00,-0.11283209,0.7738145549812537,1.2999999709427357,11.409999744966626,0.03535287714505535,1.030881530524705,1.0662344076697603,1.7272168709022995,0.00621376528075129,6.0
2026-08-15 05:30:00,-0.11283209,0.7817104319511909,1.2999999709427357,11.409999744966626,0.03535287714505535,1.030881530524705,1.0662344076697603,1.7351127478722368,0.00621376528075129,6.0
2026-08-15 05:40:00,-0.11283209,0.7845392604732215,1.2999999709427357,11.409999744966626,0.03535287714505535,1.030881530524705,1.0662344076697603,1.7379415763942674,0.00621376528075129,6.0
2026-08-15 05:50:00,-0.11283209,0.7822225560103939,1.2999999709427357,11.409999744966626,0.03535287714505535,1.030881530524705,1.0662344076697603,1.7356248719314398,0.00621376528075129,6.0
2026-08-15 06:00:00,-0.11283209,0.7747209866862638,1.2799999713897705,11.469999743625522,0.035264346990349894,1.0283000121660753,1.0635643591564252,1.7254532540939747,0.00621376528075129,6.0
2026-08-15 06:10:00,-0.11283209,0.7620371149623,1.2799999713897705,11.469999743625522,0.035264346990349894,1.0283000121660753,1.0635643591564252,1.7127693823700108,0.00621376528075129,6.0
2026-08-15 06:20:00,-0.11283209,0.7442175554040067,1.2799999713897705,11.469999743625522,0.035264346990349894,1.0283000121660753,1.0635643591564252,1.6949498228117175,0.00621376528075129,6.0
2026-08-15 06:30:00,-0.11283209,0.7213544893350508,1.2799999713897705,11.469999743625522,0.035264346990349894,1.0283000121660753,1.0635643591564252,1.6720867567427615,0.00621376528075129,6.0
2026-08-15 06:40:00,-0.11283209,0.6935865031282579,1.2799999713897705,11.469999743625522,0.035264346990349894,1.0283000121660753,1.0635643591564252,1.6443187705359685,0.00621376528075129,6.0
2026-08-15 06:50:00,-0.11283209,0.6610987389930273,1.2799999713897705,11.469999743625522,0.035264346990349894,1.0283000121660753,1.0635643591564252,1.6118310064007382,0.00621376528075129,6.0
2026-08-15 07:00:00,-0.11283209,0.6241223641158885,1.2799999713897705,11.469999743625522,0.035264346990349894,1.0283000121660753,1.0635643591564252,1.5748546315235994,0.00621376528075129,6.0
2026-08-15 07:10:00,-0.11283209,0.5829333751769242,1.2799999713897705,11.469999743625522,0.035264346990349894,1.0283000121660753,1.0635643591564252,1.533665642584635,0.00621376528075129,6.0
2026-08-15 07:20:00,-0.11283209,0.5378507612129102,1.2799999713897705,11.469999743625522,0.035264346990349894,1.0283000121660753,1.0635643591564252,1.488583028620621,0.00621376528075129,6.0
2026-08-15 07:30:00,-0.11283209,0.48923404938151677,1.2799999713897705,11.469999743625522,0.035264346990349894,1.0283000121660753,1.0635643591564252,1.4399663167892276,0.00621376528075129,6.0
2026-08-15 07:40:00,-0.11283209,0.43748025731605206,1.2799999713897705,11.469999743625522,0.035264346990349894,1.0283000121660753,1.0635643591564252,1.3882125247237629,0.00621376528075129,6.0
2026-08-15 07:50:00,-0.11283209,0.3830202743914531,1.2799999713897705,11.469999743625522,0.035264346990349894,1.0283000121660753,1.0635643591564252,1.3337525417991638,0.00621376528075129,6.0
2026-08-15 08:00:00,-0.11283209,0.32631469430501325,1.2799999713897705,11.469999743625522,0.035264346990349894,1.0283000121660753,1.0635643591564252,1.277046961712724,0.00621376528075129,6.0
2026-08-15 08:10:00,-0.11283209,0.26784912495529706,1.2799999713897705,11.469999743625522,0.035264346990349894,1.0283000121660753,1.0635643591564252,1.2185813923630078,0.00621376528075129,6.0
2026-08-15 08:20:00,-0.11283209,0.2081290094345066,1.2799999713897705,11.469999743625522,0.035264346990349894,1.0283000121660753,1.0635643591564252,1.1588612768422173,0.00621376528075129,6.0
2026-08-15 08:30:00,-0.11283209,0.1476740051959832,1.2799999713897705,11.469999743625522,0.035264346990349894,1.0283000121660753,1.0635643591564252,1.098406272603694,0.00621376528075129,6.0
2026-08-15 08:40:00,-0.11283209,0.08701198583776532,1.2799999713897705,11.469999743625522,0.035264346990349894,1.0283000121660753,1.0635643591564252,1.0377442532454761,0.00621376528075129,6.0
2026-08-15 08:50:00,-0.11283209,0.026672751361131012,1.2799999713897705,11.469999743625522,0.035264346990349894,1.0283000121660753,1.0635643591564252,0.9774050187688418,0.00621376528075129,6.0
2026-08-15 09:00:00,-0.11283209,-0.03281844480599712,1.289999971166253,11.529999742284417,0.03558701864774343,1.0377090413284251,1.0732960599761685,0.9276455234214569,0.00621376528075129,6.0
2026-08-15 09:10:00,-0.11283209,-0.09094742183849076,1.289999971166253,11.529999742284417,0.03558701864774343,1.0377090413284251,1.0732960599761685,0.8695165463889634,0.00621376528075129,6.0
2026-08-15 09:20:00,-0.11283209,-0.14721750222926108,1.289999971166253,11.529999742284417,0.03558701864774343,1.0377090413284251,1.0732960599761685,0.813246465998193,0.00621376528075129,6.0
2026-08-15 09:30:00,-0.11283209,-0.20115568685868102,1.289999971166253,11.529999742284417,0.03558701864774343,1.0377090413284251,1.0732960599761685,0.759308281368773,0.00621376528075129,6.0
2026-08-15 09:40:00,-0.11283209,-0.2523184102283817,1.289999971166253,11.529999742284417,0.03558701864774343,1.0377090413284251,1.0732960599761685,0.7081455579990723,0.00621376528075129,6.0
2026-08-15 09:50:00,-0.11283209,-0.30029671795820173,1.289999971166253,11.529999742284417,0.03558701864774343,1.0377090413284251,1.0732960599761685,0.6601672502692524,0.00621376528075129,6.0
2026-08-15 10:00:00,-0.11283209,-0.34472072487249245,1.289999971166253,11.529999742284417,0.03558701864774343,1.0377090413284251,1.0732960599761685,0.6157432433549617,0.00621376528075129,6.0
2026-08-15 10:10:00,-0.11283209,-0.38526323871277834,1.289999971166253,11.529999742284417,0.03558701864774343,1.0377090413284251,1.0732960599761685,0.5752007295146757,0.00621376528075129,6.0
2026-08-15 10:20:00,-0.11283209,-0.4216424690529788,1.289999971166253,11.529999742284417,0.03558701864774343,1.0377090413284251,1.0732960599761685,0.5388214991744753,0.00621376528075129,6.0
2026-08-15 10:30:00,-0.11283209,-0.453623782146724,1.289999971166253,11.529999742284417,0.03558701864774343,1.0377090413284251,1.0732960599761685,0.5068401860807301,0.00621376528075129,6.0
2026-08-15 10:40:00,-0.11283209,-0.4810205060871265,1.289999971166253,11.529999742284417,0.03558701864774343,1.0377090413284251,1.0732960599761685,0.4794434621403276,0.00621376528075129,6.0
2026-08-15 10:50:00,-0.11283209,-0.5036938339587297,1.289999971166253,11.529999742284417,0.03558701864774343,1.0377090413284251,1.0732960599761685,0.45677013426872437,0.00621376528075129,6.0
2026-08-15 11:00:00,-0.11283209,-0.5215519118133137,1.289999971166253,11.529999742284417,0.03558701864774343,1.0377090413284251,1.0732960599761685,0.43891205641414033,0.00621376528075129,6.0
2026-08-15 11:10:00,-0.11283209,-0.5345482300178759,1.289999971166253,11.529999742284417,0.03558701864774343,1.0377090413284251,1.0732960599761685,0.4259157382095782,0.00621376528075129,6.0
2026-08-15 11:20:00,-0.11283209,-0.5426794584897671,1.289999971166253,11.529999742284417,0.03558701864774343,1.0377090413284251,1.0732960599761685,0.417784509737687,0.00621376528075129,6.0
2026-08-15 11:30:00,-0.11283209,-0.5459828766220004,1.289999971166253,11.529999742284417,0.03558701864774343,1.0377090413284251,1.0732960599761685,0.41448109160545366,0.00621376528075129,6.0
2026-08-15 11:40:00,-0.11283209,-0.5445335471501617,1.289999971166253,11.529999742284417,0.03558701864774343,1.0377090413284251,1.0732960599761685,0.4159304210772924,0.00621376528075129,6.0
2026-08-15 11:50:00,-0.11283209,-0.538441370166925,1.289999971166253,11.529999742284417,0.03558701864774343,1.0377090413284251,1.0732960599761685,0.4220225980605291,0.00621376528075129,6.0
2026-08-15 12:00:00,-0.11283209,-0.5278481310273052,1.2999999709427357,11.599999740719795,0.03594157536219474,1.048047831208289,1.0839894065704838,0.44330918379446416,0.00621376528075129,6.0
2026-08-15 12:10:00,-0.11283209,-0.5129246264885393,1.2999999709427357,11.599999740719795,0.03594157536219474,1.048047831208289,1.0839894065704838,0.45823268833323005,0.00621376528075129,6.0
2026-08-15 12:20:00,-0.11283209,-0.49386792058947676,1.2999999709427357,11.599999740719795,0.03594157536219474,1.048047831208289,1.0839894065704838,0.47728939423229266,0.00621376528075129,6.0
2026-08-15 12:30:00,-0.11283209,-0.4708987490168295,1.2999999709427357,11.599999740719795,0.03594157536219474,1.048047831208289,1.0839894065704838,0.5002585658049399,0.00621376528075129,6.0
2026-08-15 12:40:00,-0.11283209,-0.4442590616184145,1.2999999709427357,11.599999740719795,0.03594157536219474,1.048047831208289,1.0839894065704838,0.5268982532033548,0.00621376528075129,6.0
2026-08-15 12:50:00,-0.11283209,-0.41420967020972355,1.2999999709427357,11.599999740719795,0.03594157536219474,1.048047831208289,1.0839894065704838,0.5569476446120458,0.00621376528075129,6.0
2026-08-15 13:00:00,-0.11283209,-0.3810279552997505,1.2999999709427357,11.599999740719795,0.03594157536219474,1.048047831208289,1.0839894065704838,0.590129359522019,0.00621376528075129,6.0
2026-08-15 13:10:00,-0.11283209,-0.34500558163831047,1.2999999709427357,11.599999740719795,0.03594157536219474,1.048047831208289,1.0839894065704838,0.626151733183459,0.00621376528075129,6.0
2026-08-15 13:20:00,-0.11283209,-0.3064461790591003,1.2999999709427357,11.599999740719795,0.03594157536219474,1.048047831208289,1.0839894065704838,0.664711135762669,0.00621376528075129,6.0
2026-08-15 13:30:00,-0.11283209,-0.2656629601372356,1.2999999709427357,11.599999740719795,0.03594157536219474,1.048047831208289,1.0839894065704838,0.7054943546845338,0.00621376528075129,6.0
2026-08-15 13:40:00,-0.11283209,-0.22297626819858188,1.2999999709427357,11.599999740719795,0.03594157536219474,1.048047831208289,1.0839894065704838,0.7481810466231875,0.00621376528075129,6.0
2026-08-15 13:50:00,-0.11283209,-0.17871107458007301,1.2999999709427357,11.599999740719795,0.03594157536219474,1.048047831208289,1.0839894065704838,0.7924462402416963,0.00621376528075129,6.0
2026-08-15 14:00:00,-0.11283209,-0.13319446974631266,1.2999999709427357,11.599999740719795,0.03594157536219474,1.048047831208289,1.0839894065704838,0.8379628450754567,0.00621376528075129,6.0
2026-08-15 14:10:00,-0.11283209,-0.0867532152803381,1.2999999709427357,11.599999740719795,0.03594157536219474,1.048047831208289,1.0839894065704838,0.8844040995414313,0.00621376528075129,6.0
2026-08-15 14:20:00,-0.11283209,-0.03971143960314659,1.2999999709427357,11.599999740719795,0.03594157536219474,1.048047831208289,1.0839894065704838,0.9314458752186228,0.00621376528075129,6.0
2026-08-15 14:30:00,-0.11283209,0.00761143254808415,1.2999999709427357,11.599999740719795,0.03594157536219474,1.048047831208289,1.0839894065704838,0.9787687473698535,0.00621376528075129,6.0
2026-08-15 14:40:00,-0.11283209,0.054902430499166106,1.2999999709427357,11.599999740719795,0.03594157536219474,1.048047831208289,1.0839894065704838,1.0260597453209355,0.00621376528075129,6.0
2026-08-15 14:50:00,-0.11283209,0.10185639530293988,1.2999999709427357,11.599999740719795,0.03594157536219474,1.048047831208289,1.0839894065704838,1.0730137101247093,0.00621376528075129,6.0
2026-08-15 15:00:00,-0.11283209,0.1481768964355107,1.3199999704957008,11.719999738037586,0.036591652316632625,1.0670039213448876,1.1035955736615202,1.1389403783483165,0.00621376528075129,6.0
2026-08-15 15:10:00,-0.11283209,0.1935766908238184,1.3199999704957008,11.719999738037586,0.036591652316632625,1.0670039213448876,1.1035955736615202,1.184340172736624,0.00621376528075129,6.0
2026-08-15 15:20:00,-0.11283209,0.2377777444588209,1.3199999704957008,11.719999738037586,0.036591652316632625,1.0670039213448876,1.1035955736615202,1.2285412263716267,0.00621376528075129,6.0
2026-08-15 15:30:00,-0.11283209,0.2805108749274633,1.3199999704957008,11.719999738037586,0.036591652316632625,1.0670039213448876,1.1035955736615202,1.271274356840269,0.00621376528075129,6.0
2026-08-15 15:40:00,-0.11283209,0.32151510881865725,1.3199999704957008,11.719999738037586,0.036591652316632625,1.0670039213448876,1.1035955736615202,1.312278590731463,0.00621376528075129,6.0
2026-08-15 15:50:00,-0.11283209,0.3605368777236938,1.3199999704957008,11.719999738037586,0.036591652316632625,1.0670039213448876,1.1035955736615202,1.3513003596364994,0.00621376528075129,6.0
2026-08-15 16:00:00,-0.11283209,0.3973291966581383,1.3199999704957008,11.719999738037586,0.036591652316632625,1.0670039213448876,1.1035955736615202,1.388092678570944,0.00621376528075129,6.0
2026-08-15 16:10:00,-0.11283209,0.4316509779322738,1.3199999704957008,11.719999738037586,0.036591652316632625,1.0670039213448876,1.1035955736615202,1.4224144598450796,0.00621376528075129,6.0
2026-08-15 16:20:00,-0.11283209,0.4632666293467894,1.3199999704957008,11.719999738037586,0.036591652316632625,1.0670039213448876,1.1035955736615202,1.4540301112595952,0.00621376528075129,6.0
2026-08-15 16:30:00,-0.11283209,0.49194606953629205,1.3199999704957008,11.719999738037586,0.036591652316632625,1.0670039213448876,1.1035955736615202,1.4827095514490978,0.00621376528075129,6.0
2026-08-15 16:40:00,-0.11283209,0.5174652652180607,1.3199999704957008,11.719999738037586,0.036591652316632625,1.0670039213448876,1.1035955736615202,1.5082287471308664,0.00621376528075129,6.0
2026-08-15 16:50:00,-0.11283209,0.5396073585419919,1.3199999704957008,11.719999738037586,0.036591652316632625,1.0670039213448876,1.1035955736615202,1.5303708404547978,0.00621376528075129,6.0
2026-08-15 17:00:00,-0.11283209,0.5581644099725457,1.3199999704957008,11.719999738037586,0.036591652316632625,1.0670039213448876,1.1035955736615202,1.5489278918853513,0.00621376528075129,6.0
2026-08-15 17:10:00,-0.11283209,0.5729397373029672,1.3199999704957008,11.719999738037586,0.036591652316632625,1.0670039213448876,1.1035955736615202,1.563703219215773,0.00621376528075129,6.0
2026-08-15 17:20:00,-0.11283209,0.5837507882319638,1.3199999704957008,11.719999738037586,0.036591652316632625,1.0670039213448876,1.1035955736615202,1.5745142701447694,0.00621376528075129,6.0
2026-08-15 17:30:00,-0.11283209,0.5904324456312771,1.3199999704957008,11.719999738037586,0.036591652316632625,1.0670039213448876,1.1035955736615202,1.5811959275440828,0.00621376528075129,6.0
2026-08-15 17:40:00,-0.11283209,0.5928406347673947,1.3199999704957008,11.719999738037586,0.036591652316632625,1.0670039213448876,1.1035955736615202,1.5836041166802004,0.00621376528075129,6.0
2026-08-15 17:50:00,-0.11283209,0.590856081531305,1.3199999704957008,11.719999738037586,0.036591652316632625,1.0670039213448876,1.1035955736615202,1.5816195634441108,0.00621376528075129,6.0
2026-08-15 18:00:00,-0.11283209,0.5843880620842107,1.3199999704957008,11.759999737143517,0.036716538502013625,1.070645572953573,1.1073621114555867,1.578918081791083,0.00621376528075129,6.0
2026-08-15 18:10:00,-0.11283209,0.5733779863233065,1.3199999704957008,11.759999737143517,0.036716538502013625,1.070645572953573,1.1073621114555867,1.5679080060301787,0.00621376528075129,6.0
2026-08-15 18:20:00,-0.11283209,0.5578026697379715,1.3199999704957008,11.759999737143517,0.036716538502013625,1.070645572953573,1.1073621114555867,1.5523326894448437,0.00621376528075129,6.0
2026-08-15 18:30:00,-0.11283209,0.5376771681498429,1.3199999704957008,11.759999737143517,0.036716538502013625,1.070645572953573,1.1073621114555867,1.5322071878567152,0.00621376528075129,6.0
2026-08-15 18:40:00,-0.11283209,0.5130570751099619,1.3199999704957008,11.759999737143517,0.036716538502013625,1.070645572953573,1.1073621114555867,1.5075870948168342,0.00621376528075129,6.0
2026-08-15 18:50:00,-0.11283209,0.4840402094664837,1.3199999704957008,11.759999737143517,0.036716538502013625,1.070645572953573,1.1073621114555867,1.478570229173356,0.00621376528075129,6.0
2026-08-15 19:00:00,-0.11283209,0.4507676479758949,1.3199999704957008,11.759999737143517,0.036716538502013625,1.070645572953573,1.1073621114555867,1.4452976676827671,0.00621376528075129,6.0
2026-08-15 19:10:00,-0.11283209,0.41342408238247497,1.3199999704957008,11.759999737143517,0.036716538502013625,1.070645572953573,1.1073621114555867,1.4079541020893473,0.00621376528075129,6.0
2026-08-15 19:20:00,-0.11283209,0.3722375004042768,1.3199999704957008,11.759999737143517,0.036716538502013625,1.070645572953573,1.1073621114555867,1.366767520111149,0.00621376528075129,6.0
2026-08-15 19:30:00,-0.11283209,0.32747820438911646,1.3199999704957008,11.759999737143517,0.036716538502013625,1.070645572953573,1.1073621114555867,1.3220082240959887,0.00621376528075129,6.0
2026-08-15 19:40:00,-0.11283209,0.2794571901563761,1.3199999704957008,11.759999737143517,0.036716538502013625,1.070645572953573,1.1073621114555867,1.2739872098632483,0.00621376528075129,6.0
2026-08-15 19:50:00,-0.11283209,0.2285239122529599,1.3199999704957008,11.759999737143517,0.036716538502013625,1.070645572953573,1.1073621114555867,1.2230539319598321,0.00621376528075129,6.0
2026-08-15 20:00:00,-0.11283209,0.1750634620155596,1.3199999704957008,11.759999737143517,0.036716538502013625,1.070645572953573,1.1073621114555867,1.1695934817224318,0.00621376528075129,6.0
2026-08-15 20:10:00,-0.11283209,0.11949318346602454,1.3199999704957008,11.759999737143517,0.036716538502013625,1.070645572953573,1.1073621114555867,1.1140232031728967,0.00621376528075129,6.0
2026-08-15 20:20:00,-0.11283209,0.06225875090673811,1.3199999704957008,11.759999737143517,0.036716538502013625,1.070645572953573,1.1073621114555867,1.0567887706136103,0.00621376528075129,6.0
2026-08-15 20:30:00,-0.11283209,0.0038297336503178864,1.3199999704957008,11.759999737143517,0.036716538502013625,1.070645572953573,1.1073621114555867,0.9983597533571902,0.00621376528075129,6.0
2026-08-15 20:40:00,-0.11283209,-0.055305321685621356,1.3199999704957008,11.759999737143517,0.036716538502013625,1.070645572953573,1.1073621114555867,0.9392246980212509,0.00621376528075129,6.0
2026-08-15 20:50:00,-0.11283209,-0.11464425048001738,1.3199999704957008,11.759999737143517,0.036716538502013625,1.070645572953573,1.1073621114555867,0.8798857692268549,0.00621376528075129,6.0
2026-08-15 21:00:00,-0.11283209,-0.17367701552028525,1.3099999707192183,11.729999737814069,0.03648388712301534,1.0638615138039778,1.100345400926993,0.8138362936579934,0.00621376528075129,6.0
2026-08-15 21:10:00,-0.11283209,-0.23189176359595084,1.3099999707192183,11.729999737814069,0.03648388712301534,1.0638615138039778,1.100345400926993,0.7556215455823277,0.00621376528075129,6.0
2026-08-15 21:20:00,-0.11283209,-0.2887810968865916,1.3099999707192183,11.729999737814069,0.03648388712301534,1.0638615138039778,1.100345400926993,0.698732212291687,0.00621376528075129,6.0
2026-08-15 21:30:00,-0.11283209,-0.34384844045314317,1.3099999707192183,11.729999737814069,0.03648388712301534,1.0638615138039778,1.100345400926993,0.6436648687251354,0.00621376528075129,6.0
2026-08-15 21:40:00,-0.11283209,-0.3966143672769899,1.3099999707192183,11.729999737814069,0.03648388712301534,1.0638615138039778,1.100345400926993,0.5908989419012887,0.00621376528075129,6.0
2026-08-15 21:50:00,-0.11283209,-0.4466227272275636,1.3099999707192183,11.729999737814069,0.03648388712301534,1.0638615138039778,1.100345400926993,0.540890581950715,0.00621376528075129,6.0
2026-08-15 22:00:00,-0.11283209,-0.49344641825505636,1.3099999707192183,11.729999737814069,0.03648388712301534,1.0638615138039778,1.100345400926993,0.4940668909232222,0.00621376528075129,6.0
2026-08-15 22:10:00,-0.11283209,-0.5366926396761168,1.3099999707192183,11.729999737814069,0.03648388712301534,1.0638615138039778,1.100345400926993,0.4508206695021618,0.00621376528075129,6.0
2026-08-15 22:20:00,-0.11283209,-0.5760074784795147,1.3099999707192183,11.729999737814069,0.03648388712301534,1.0638615138039778,1.100345400926993,0.4115058306987639,0.00621376528075129,6.0
2026-08-15 22:30:00,-0.11283209,-0.6110797015739199,1.3099999707192183,11.729999737814069,0.03648388712301534,1.0638615138039778,1.100345400926993,0.37643360760435873,0.00621376528075129,6.0
2026-08-15 22:40:00,-0.11283209,-0.6416436575913808,1.3099999707192183,11.729999737814069,0.03648388712301534,1.0638615138039778,1.100345400926993,0.34586965158689786,0.00621376528075129,6.0
2026-08-15 22:50:00,-0.11283209,-0.6674812303779274,1.3099999707192183,11.729999737814069,0.03648388712301534,1.0638615138039778,1.100345400926993,0.3200320788003512,0.00621376528075129,6.0
2026-08-15 23:00:00,-0.11283209,-0.6884228290098987,1.3099999707192183,11.729999737814069,0.03648388712301534,1.0638615138039778,1.100345400926993,0.2990904801683799,0.00621376528075129,6.0
2026-08-15 23:10:00,-0.11283209,-0.7043474433285012,1.3099999707192183,11.729999737814069,0.03648388712301534,1.0638615138039778,1.100345400926993,0.28316586584977743,0.00621376528075129,6.0
2026-08-15 23:20:00,-0.11283209,-0.715181835733494,1.3099999707192183,11.729999737814069,0.03648388712301534,1.0638615138039778,1.100345400926993,0.2723314734447846,0.00621376528075129,6.0
2026-08-15 23:30:00,-0.11283209,-0.7208989757786701,1.3099999707192183,11.729999737814069,0.03648388712301534,1.0638615138039778,1.100345400926993,0.2666143333996085,0.00621376528075129,6.0
2026-08-15 23:40:00,-0.11283209,-0.7215158515143894,1.3099999707192183,11.729999737814069,0.03648388712301534,1.0638615138039778,1.100345400926993,0.26599745766388927,0.00621376528075129,6.0
2026-08-15 23:50:00,-0.11283209,-0.7170908076335717,1.3099999707192183,11.729999737814069,0.03648388712301534,1.0638615138039778,1.100345400926993,0.27042250154470693,0.00621376528075129,6.0
2026-08-16 00:00:00,-0.12353163,-0.707720565059443,1.289999971166253,12.059999730437994,0.03722284864629538,1.0854094569315529,1.1226323055778482,0.2913801083930275,0.00621376528075129,6.0
2026-08-16 00:10:00,-0.12353163,-0.6935370689367067,1.289999971166253,12.059999730437994,0.03722284864629538,1.0854094569315529,1.1226323055778482,0.3055636045157638,0.00621376528075129,6.0
2026-08-16 00:20:00,-0.12353163,-0.6747042939329573,1.289999971166253,12.059999730437994,0.03722284864629538,1.0854094569315529,1.1226323055778482,0.3243963795195133,0.00621376528075129,6.0
2026-08-16 00:30:00,-0.12353163,-0.6514151091247701,1.289999971166253,12.059999730437994,0.03722284864629538,1.0854094569315529,1.1226323055778482,0.3476855643277005,0.00621376528075129,6.0
2026-08-16 00:40:00,-0.12353163,-0.6238882728861934,1.289999971166253,12.059999730437994,0.03722284864629538,1.0854094569315529,1.1226323055778482,0.37521240056627714,0.00621376528075129,6.0
2026-08-16 00:50:00,-0.12353163,-0.592365594484186,1.289999971166253,12.059999730437994,0.03722284864629538,1.0854094569315529,1.1226323055778482,0.40673507896828454,0.00621376528075129,6.0
2026-08-16 01:00:00,-0.12353163,-0.5571092672330518,1.289999971166253,12.059999730437994,0.03722284864629538,1.0854094569315529,1.1226323055778482,0.4419914062194188,0.00621376528075129,6.0
2026-08-16 01:10:00,-0.12353163,-0.5183993513490792,1.289999971166253,12.059999730437994,0.03722284864629538,1.0854094569315529,1.1226323055778482,0.48070132210339134,0.00621376528075129,6.0
2026-08-16 01:20:00,-0.12353163,-0.47653136580038863,1.289999971166253,12.059999730437994,0.03722284864629538,1.0854094569315529,1.1226323055778482,0.5225693076520819,0.00621376528075129,6.0
2026-08-16 01:30:00,-0.12353163,-0.43181393913528254,1.289999971166253,12.059999730437994,0.03722284864629538,1.0854094569315529,1.1226323055778482,0.567286734317188,0.00621376528075129,6.0
2026-08-16 01:40:00,-0.12353163,-0.3845664702381895,1.289999971166253,12.059999730437994,0.03722284864629538,1.0854094569315529,1.1226323055778482,0.6145342032142811,0.00621376528075129,6.0
2026-08-16 01:50:00,-0.12353163,-0.33511676044610555,1.289999971166253,12.059999730437994,0.03722284864629538,1.0854094569315529,1.1226323055778482,0.663983913006365,0.00621376528075129,6.0
2026-08-16 02:00:00,-0.12353163,-0.2837985970070885,1.289999971166253,12.059999730437994,0.03722284864629538,1.0854094569315529,1.1226323055778482,0.7153020764453821,0.00621376528075129,6.0
2026-08-16 02:10:00,-0.12353163,-0.23094929162222513,1.289999971166253,12.059999730437994,0.03722284864629538,1.0854094569315529,1.1226323055778482,0.7681513818302454,0.00621376528075129,6.0
2026-08-16 02:20:00,-0.12353163,-0.17690720373524996,1.289999971166253,12.059999730437994,0.03722284864629538,1.0854094569315529,1.1226323055778482,0.8221934697172206,0.00621376528075129,6.0
2026-08-16 02:30:00,-0.12353163,-0.122009302755574,1.289999971166253,12.059999730437994,0.03722284864629538,1.0854094569315529,1.1226323055778482,0.8770913706968966,0.00621376528075129,6.0
2026-08-16 02:40:00,-0.12353163,-0.06658884293337716,1.289999971166253,12.059999730437994,0.03722284864629538,1.0854094569315529,1.1226323055778482,0.9325118305190934,0.00621376528075129,6.0
2026-08-16 02:50:00,-0.12353163,-0.010973236807040168,1.289999971166253,12.059999730437994,0.03722284864629538,1.0854094569315529,1.1226323055778482,0.9881274366454305,0.00621376528075129,6.0
2026-08-16 03:00:00,-0.12353163,0.0445177848262922,1.2599999718368053,14.009999686852098,0.042735702884457404,1.2461629817798392,1.2888986846642967,1.2098848373652111,0.00621376528075129,6.0
2026-08-16 03:10:00,-0.12353163,0.09957364662800526,1.2599999718368053,14.009999686852098,0.042735702884457404,1.2461629817798392,1.2888986846642967,1.2649406991669243,0.00621376528075129,6.0
2026-08-16 03:20:00,-0.12353163,0.15389397535294014,1.2599999718368053,14.009999686852098,0.042735702884457404,1.2461629817798392,1.2888986846642967,1.319261027891859,0.00621376528075129,6.0
2026-08-16 03:30:00,-0.12353163,0.207189186331496,1.2599999718368053,14.009999686852098,0.042735702884457404,1.2461629817798392,1.2888986846642967,1.3725562388704151,0.00621376528075129,6.0
2026-08-16 03:40:00,-0.12353163,0.2591806112241029,1.2599999718368053,14.009999686852098,0.042735702884457404,1.2461629817798392,1.2888986846642967,1.4245476637630219,0.00621376528075129,6.0
2026-08-16 03:50:00,-0.12353163,0.3096002060752889,1.2599999718368053,14.009999686852098,0.042735702884457404,1.2461629817798392,1.2888986846642967,1.474967258614208,0.00621376528075129,6.0
2026-08-16 04:00:00,-0.12353163,0.35818991592551785,1.2599999718368053,14.009999686852098,0.042735702884457404,1.2461629817798392,1.2888986846642967,1.5235569684644368,0.00621376528075129,6.0
2026-08-16 04:10:00,-0.12353163,0.404700805377575,1.2599999718368053,14.009999686852098,0.042735702884457404,1.2461629817798392,1.2888986846642967,1.5700678579164942,0.00621376528075129,6.0
2026-08-16 04:20:00,-0.12353163,0.44889208967653893,1.2599999718368053,14.009999686852098,0.042735702884457404,1.2461629817798392,1.2888986846642967,1.614259142215458,0.00621376528075129,6.0
2026-08-16 04:30:00,-0.12353163,0.49053021612265235,1.2599999718368053,14.009999686852098,0.042735702884457404,1.2461629817798392,1.2888986846642967,1.6558972686615714,0.00621376528075129,6.0
2026-08-16 04:40:00,-0.12353163,0.5293881481768937,1.2599999718368053,14.009999686852098,0.042735702884457404,1.2461629817798392,1.2888986846642967,1.6947552007158126,0.00621376528075129,6.0
2026-08-16 04:50:00,-0.12353163,0.5652449949263619,1.2599999718368053,14.009999686852098,0.042735702884457404,1.2461629817798392,1.2888986846642967,1.7306120474652809,0.00621376528075129,6.0
2026-08-16 05:00:00,-0.12353163,0.5978861063775154,1.2599999718368053,14.009999686852098,0.042735702884457404,1.2461629817798392,1.2888986846642967,1.7632531589164344,0.00621376528075129,6.0
2026-08-16 05:10:00,-0.12353163,0.6271037228099025,1.2599999718368053,14.009999686852098,0.042735702884457404,1.2461629817798392,1.2888986846642967,1.7924707753488214,0.00621376528075129,6.0
2026-08-16 05:20:00,-0.12353163,0.6526982264595899,1.2599999718368053,14.009999686852098,0.042735702884457404,1.2461629817798392,1.2888986846642967,1.818065278998509,0.00621376528075129,6.0
2026-08-16 05:30:00,-0.12353163,0.6744799998065406,1.2599999718368053,14.009999686852098,0.042735702884457404,1.2461629817798392,1.2888986846642967,1.8398470523454598,0.00621376528075129,6.0
2026-08-16 05:40:00,-0.12353163,0.6922718504431765,1.2599999718368053,14.009999686852098,0.042735702884457404,1.2461629817798392,1.2888986846642967,1.8576389029820954,0.00621376528075129,6.0
2026-08-16 05:50:00,-0.12353163,0.7059119214132487,1.2599999718368053,14.009999686852098,0.042735702884457404,1.2461629817798392,1.2888986846642967,1.8712789739521676,0.00621376528075129,6.0
2026-08-16 06:00:00,-0.12353163,0.7152569717190035,1.2299999725073576,13.929999688640237,0.04198277250348637,1.2242077100680282,1.2661904825715147,1.8579158221651406,0.00621376528075129,6.0
2026-08-16 06:10:00,-0.12353163,0.7201858863556625,1.2299999725073576,13.929999688640237,0.04198277250348637,1.2242077100680282,1.2661904825715147,1.8628447368017995,0.00621376528075129,6.0
2026-08-16 06:20:00,-0.12353163,0.7206032609486261,1.2299999725073576,13.929999688640237,0.04198277250348637,1.2242077100680282,1.2661904825715147,1.8632621113947632,0.00621376528075129,6.0
2026-08-16 06:30:00,-0.12353163,0.7164429027286384,1.2299999725073576,13.929999688640237,0.04198277250348637,1.2242077100680282,1.2661904825715147,1.8591017531747753,0.00621376528075129,6.0
2026-08-16 06:40:00,-0.12353163,0.7076710970336015,1.2299999725073576,13.929999688640237,0.04198277250348637,1.2242077100680282,1.2661904825715147,1.8503299474797386,0.00621376528075129,6.0
2026-08-16 06:50:00,-0.12353163,0.6942895048426186,1.2299999725073576,13.929999688640237,0.04198277250348637,1.2242077100680282,1.2661904825715147,1.8369483552887558,0.00621376528075129,6.0
2026-08-16 07:00:00,-0.12353163,0.6763375799478427,1.2299999725073576,13.929999688640237,0.04198277250348637,1.2242077100680282,1.2661904825715147,1.8189964303939798,0.00621376528075129,6.0
2026-08-16 07:10:00,-0.12353163,0.6538944213702297,1.2299999725073576,13.929999688640237,0.04198277250348637,1.2242077100680282,1.2661904825715147,1.7965532718163666,0.00621376528075129,6.0
2026-08-16 07:20:00,-0.12353163,0.6270800045935689,1.2299999725073576,13.929999688640237,0.04198277250348637,1.2242077100680282,1.2661904825715147,1.769738855039706,0.00621376528075129,6.0
2026-08-16 07:30:00,-0.12353163,0.5960557615842691,1.2299999725073576,13.929999688640237,0.04198277250348637,1.2242077100680282,1.2661904825715147,1.7387146120304062,0.00621376528075129,6.0
2026-08-16 07:40:00,-0.12353163,0.5610245020838864,1.2299999725073576,13.929999688640237,0.04198277250348637,1.2242077100680282,1.2661904825715147,1.7036833525300235,0.00621376528075129,6.0
2026-08-16 07:50:00,-0.12353163,0.522229685947772,1.2299999725073576,13.929999688640237,0.04198277250348637,1.2242077100680282,1.2661904825715147,1.664888536393909,0.00621376528075129,6.0
2026-08-16 08:00:00,-0.12353163,0.47995406778393035,1.2299999725073576,13.929999688640237,0.04198277250348637,1.2242077100680282,1.2661904825715147,1.6226129182300673,0.00621376528075129,6.0
2026-08-16 08:10:00,-0.12353163,0.43451774106477004,1.2299999725073576,13.929999688640237,0.04198277250348637,1.2242077100680282,1.2661904825715147,1.577176591510907,0.00621376528075129,6.0
2026-08-16 08:20:00,-0.12353163,0.3862756104152498,1.2299999725073576,13.929999688640237,0.04198277250348637,1.2242077100680282,1.2661904825715147,1.5289344608613868,0.00621376528075129,6.0
2026-08-16 08:30:00,-0.12353163,0.33561431955256643,1.2299999725073576,13.929999688640237,0.04198277250348637,1.2242077100680282,1.2661904825715147,1.4782731699987035,0.00621376528075129,6.0
2026-08-16 08:40:00,-0.12353163,0.28294866034843075,1.2299999725073576,13.929999688640237,0.04198277250348637,1.2242077100680282,1.2661904825715147,1.4256075107945678,0.00621376528075129,6.0
2026-08-16 08:50:00,-0.12353163,0.2287174879652329,1.2299999725073576,13.929999688640237,0.04198277250348637,1.2242077100680282,1.2661904825715147,1.37137633841137,0.00621376528075129,6.0
2026-08-16 09:00:00,-0.12353163,0.17337916938195144,1.2099999729543924,13.549999697133899,0.04050414077705244,1.1810911588754813,1.2215952996525337,1.2714428369091075,0.00621376528075129,6.0
2026-08-16 09:10:00,-0.12353163,0.117406599740186,1.2099999729543924,13.549999697133899,0.04050414077705244,1.1810911588754813,1.2215952996525337,1.215470267267342,0.00621376528075129,6.0
2026-08-16 09:20:00,-0.12353163,0.061281832608275896,1.2099999729543924,13.549999697133899,0.04050414077705244,1.1810911588754813,1.2215952996525337,1.1593455001354318,0.00621376528075129,6.0
2026-08-16 09:30:00,-0.12353163,0.00549038696153554,1.2099999729543924,13.549999697133899,0.04050414077705244,1.1810911588754813,1.2215952996525337,1.1035540544886915,0.00621376528075129,6.0
2026-08-16 09:40:00,-0.12353163,-0.049484686455923015,1.2099999729543924,13.549999697133899,0.04050414077705244,1.1810911588754813,1.2215952996525337,1.048578981071233,0.00621376528075129,6.0
2026-08-16 09:50:00,-0.12353163,-0.10316887496396417,1.2099999729543924,13.549999697133899,0.04050414077705244,1.1810911588754813,1.2215952996525337,0.9948947925631919,0.00621376528075129,6.0
2026-08-16 10:00:00,-0.12353163,-0.1551022846498231,1.2099999729543924,13.549999697133899,0.04050414077705244,1.1810911588754813,1.2215952996525337,0.9429613828773329,0.00621376528075129,6.0
2026-08-16 10:10:00,-0.12353163,-0.204845589153921,1.2099999729543924,13.549999697133899,0.04050414077705244,1.1810911588754813,1.2215952996525337,0.893218078373235,0.00621376528075129,6.0
2026-08-16 10:20:00,-0.12353163,-0.25198569204895,1.2099999729543924,13.549999697133899,0.04050414077705244,1.1810911588754813,1.2215952996525337,0.846077975478206,0.00621376528075129,6.0
2026-08-16 10:30:00,-0.12353163,-0.2961409451094611,1.2099999729543924,13.549999697133899,0.04050414077705244,1.1810911588754813,1.2215952996525337,0.8019227224176949,0.00621376528075129,6.0
2026-08-16 10:40:00,-0.12353163,-0.33696577074756723,1.2099999729543924,13.549999697133899,0.04050414077705244,1.1810911588754813,1.2215952996525337,0.7610978967795887,0.00621376528075129,6.0
2026-08-16 10:50:00,-0.12353163,-0.37415455358057786,1.2099999729543924,13.549999697133899,0.04050414077705244,1.1810911588754813,1.2215952996525337,0.7239091139465781,0.00621376528075129,6.0
2026-08-16 11:00:00,-0.12353163,-0.4074446922196616,1.2099999729543924,13.549999697133899,0.04050414077705244,1.1810911588754813,1.2215952996525337,0.6906189753074944,0.00621376528075129,6.0
2026-08-16 11:10:00,-0.12353163,-0.4366187371581296,1.2099999729543924,13.549999697133899,0.04050414077705244,1.1810911588754813,1.2215952996525337,0.6614449303690264,0.00621376528075129,6.0
2026-08-16 11:20:00,-0.12353163,-0.46150558124412655,1.2099999729543924,13.549999697133899,0.04050414077705244,1.1810911588754813,1.2215952996525337,0.6365580862830295,0.00621376528075129,6.0
2026-08-16 11:30:00,-0.12353163,-0.4819807128349529,1.2099999729543924,13.549999697133899,0.04050414077705244,1.1810911588754813,1.2215952996525337,0.6160829546922031,0.00621376528075129,6.0
2026-08-16 11:40:00,-0.12353163,-0.4979655847986311,1.2099999729543924,13.549999697133899,0.04050414077705244,1.1810911588754813,1.2215952996525337,0.6000980827285249,0.00621376528075129,6.0
2026-08-16 11:50:00,-0.12353163,-0.5094261913965474,1.2099999729543924,13.549999697133899,0.04050414077705244,1.1810911588754813,1.2215952996525337,0.5886374761306086,0.00621376528075129,6.0
2026-08-16 12:00:00,-0.12353163,-0.5163709767156919,1.2099999729543924,13.509999698027968,0.040384571357784387,1.1776045429083213,1.2179891142661057,0.5780865054250361,0.00621376528075129,6.0
2026-08-16 12:10:00,-0.12353163,-0.5188482199453573,1.2099999729543924,13.509999698027968,0.040384571357784387,1.1776045429083213,1.2179891142661057,0.5756092621953707,0.00621376528075129,6.0
2026-08-16 12:20:00,-0.12353163,-0.5169430529167078,1.2099999729543924,13.509999698027968,0.040384571357784387,1.1776045429083213,1.2179891142661057,0.5775144292240202,0.00621376528075129,6.0
2026-08-16 12:30:00,-0.12353163,-0.5107742633110014,1.2099999729543924,13.509999698027968,0.040384571357784387,1.1776045429083213,1.2179891142661057,0.5836832188297266,0.00621376528075129,6.0
2026-08-16 12:40:00,-0.12353163,-0.5004910235213064,1.2099999729543924,13.509999698027968,0.040384571357784387,1.1776045429083213,1.2179891142661057,0.5939664586194217,0.00621376528075129,6.0
2026-08-16 12:50:00,-0.12353163,-0.48626966200596167,1.2099999729543924,13.509999698027968,0.040384571357784387,1.1776045429083213,1.2179891142661057,0.6081878201347664,0.00621376528075129,6.0
2026-08-16 13:00:00,-0.12353163,-0.4683105638738173,1.2099999729543924,13.509999698027968,0.040384571357784387,1.1776045429083213,1.2179891142661057,0.6261469182669107,0.00621376528075129,6.0
2026-08-16 13:10:00,-0.12353163,-0.4468352536770013,1.2099999729543924,13.509999698027968,0.040384571357784387,1.1776045429083213,1.2179891142661057,0.6476222284637267,0.00621376528075129,6.0
2026-08-16 13:20:00,-0.12353163,-0.42208367964420257,1.2099999729543924,13.509999698027968,0.040384571357784387,1.1776045429083213,1.2179891142661057,0.6723738024965255,0.00621376528075129,6.0
2026-08-16 13:30:00,-0.12353163,-0.39431168836306735,1.2099999729543924,13.509999698027968,0.040384571357784387,1.1776045429083213,1.2179891142661057,0.7001457937776607,0.00621376528075129,6.0
2026-08-16 13:40:00,-0.12353163,-0.363788655357632,1.2099999729543924,13.509999698027968,0.040384571357784387,1.1776045429083213,1.2179891142661057,0.7306688267830961,0.00621376528075129,6.0
2026-08-16 13:50:00,-0.12353163,-0.330795222272939,1.2099999729543924,13.509999698027968,0.040384571357784387,1.1776045429083213,1.2179891142661057,0.763662259867789,0.00621376528075129,6.0
2026-08-16 14:00:00,-0.12353163,-0.29562108683751126,1.2099999729543924,13.509999698027968,0.040384571357784387,1.1776045429083213,1.2179891142661057,0.7988363953032167,0.00621376528075129,6.0
2026-08-16 14:10:00,-0.12353163,-0.25856279731102094,1.2099999729543924,13.509999698027968,0.040384571357784387,1.1776045429083213,1.2179891142661057,0.8358946848297071,0.00621376528075129,6.0
2026-08-16 14:20:00,-0.12353163,-0.21992151778691973,1.2099999729543924,13.509999698027968,0.040384571357784387,1.1776045429083213,1.2179891142661057,0.8745359643538083,0.00621376528075129,6.0
2026-08-16 14:30:00,-0.12353163,-0.18000075223666415,1.2099999729543924,13.509999698027968,0.040384571357784387,1.1776045429083213,1.2179891142661057,0.9144567299040639,0.00621376528075129,6.0
2026-08-16 14:40:00,-0.12353163,-0.13910404059629305,1.2099999729543924,13.509999698027968,0.040384571357784387,1.1776045429083213,1.2179891142661057,0.9553534415444349,0.00621376528075129,6.0
2026-08-16 14:50:00,-0.12353163,-0.0975326661712662,1.2099999729543924,13.509999698027968,0.040384571357784387,1.1776045429083213,1.2179891142661057,0.9969248159694618,0.00621376528075129,6.0
2026-08-16 15:00:00,-0.12353163,-0.055583436530704924,1.1999999731779099,13.459999699145555,0.0400685038594262,1.1683880894604248,1.208456593319851,1.0293415246637685,0.00621376528075129,6.0
2026-08-16 15:10:00,-0.12353163,-0.013546616821188824,1.1999999731779099,13.459999699145555,0.0400685038594262,1.1683880894604248,1.208456593319851,1.0713783443732845,0.00621376528075129,6.0
2026-08-16 15:20:00,-0.12353163,0.028295897657650254,1.1999999731779099,13.459999699145555,0.0400685038594262,1.1683880894604248,1.208456593319851,1.1132208588521235,0.00621376528075129,6.0
2026-08-16 15:30:00,-0.12353163,0.0696720849917681,1.1999999731779099,13.459999699145555,0.0400685038594262,1.1683880894604248,1.208456593319851,1.1545970461862414,0.00621376528075129,6.0
2026-08-16 15:40:00,-0.12353163,0.11032090479198411,1.1999999731779099,13.459999699145555,0.0400685038594262,1.1683880894604248,1.208456593319851,1.1952458659864575,0.00621376528075129,6.0
2026-08-16 15:50:00,-0.12353163,0.14999296228966924,1.1999999731779099,13.459999699145555,0.0400685038594262,1.1683880894604248,1.208456593319851,1.2349179234841425,0.00621376528075129,6.0
2026-08-16 16:00:00,-0.12353163,0.1884507106616875,1.1999999731779099,13.459999699145555,0.0400685038594262,1.1683880894604248,1.208456593319851,1.2733756718561609,0.00621376528075129,6.0
2026-08-16 16:10:00,-0.12353163,0.22546820993489033,1.1999999731779099,13.459999699145555,0.0400685038594262,1.1683880894604248,1.208456593319851,1.3103931711293637,0.00621376528075129,6.0
2026-08-16 16:20:00,-0.12353163,0.2608304983620369,1.1999999731779099,13.459999699145555,0.0400685038594262,1.1683880894604248,1.208456593319851,1.3457554595565102,0.00621376528075129,6.0
2026-08-16 16:30:00,-0.12353163,0.2943326677099301,1.1999999731779099,13.459999699145555,0.0400685038594262,1.1683880894604248,1.208456593319851,1.3792576289044034,0.00621376528075129,6.0
2026-08-16 16:40:00,-0.12353163,0.32577876340488104,1.1999999731779099,13.459999699145555,0.0400685038594262,1.1683880894604248,1.208456593319851,1.4107037245993543,0.00621376528075129,6.0
2026-08-16 16:50:00,-0.12353163,0.35498065122743533,1.1999999731779099,13.459999699145555,0.0400685038594262,1.1683880894604248,1.208456593319851,1.4399056124219087,0.00621376528075129,6.0
2026-08-16 17:00:00,-0.12353163,0.3817570014755591,1.1999999731779099,13.459999699145555,0.0400685038594262,1.1683880894604248,1.208456593319851,1.4666819626700325,0.00621376528075129,6.0
2026-08-16 17:10:00,-0.12353163,0.40593253847703387,1.1999999731779099,13.459999699145555,0.0400685038594262,1.1683880894604248,1.208456593319851,1.4908574996715072,0.00621376528075129,6.0
2026-08-16 17:20:00,-0.12353163,0.42733768759083435,1.1999999731779099,13.459999699145555,0.0400685038594262,1.1683880894604248,1.208456593319851,1.5122626487853077,0.00621376528075129,6.0
2026-08-16 17:30:00,-0.12353163,0.4458087249299046,1.1999999731779099,13.459999699145555,0.0400685038594262,1.1683880894604248,1.208456593319851,1.5307336861243779,0.00621376528075129,6.0
2026-08-16 17:40:00,-0.12353163,0.4611884990049856,1.1999999731779099,13.459999699145555,0.0400685038594262,1.1683880894604248,1.208456593319851,1.546113460199459,0.00621376528075129,6.0
2026-08-16 17:50:00,-0.12353163,0.4733277516549449,1.1999999731779099,13.459999699145555,0.0400685038594262,1.1683880894604248,1.208456593319851,1.5582527128494181,0.00621376528075129,6.0
2026-08-16 18:00:00,-0.12353163,0.4820870214134128,1.1799999736249447,13.499999698251486,0.039851274527461907,1.1620537335523786,1.2019050080798406,1.5604603973678757,0.00621376528075129,6.0
2026-08-16 18:10:00,-0.12353163,0.48733906979747,1.1799999736249447,13.499999698251486,0.039851274527461907,1.1620537335523786,1.2019050080798406,1.565712445751933,0.00621376528075129,6.0
2026-08-16 18:20:00,-0.12353163,0.48897173339829475,1.1799999736249447,13.499999698251486,0.039851274527461907,1.1620537335523786,1.2019050080798406,1.5673451093527577,0.00621376528075129,6.0
2026-08-16 18:30:00,-0.12353163,0.4868910748977033,1.1799999736249447,13.499999698251486,0.039851274527461907,1.1620537335523786,1.2019050080798406,1.5652644508521663,0.00621376528075129,6.0
2026-08-16 18:40:00,-0.12353163,0.48102468655864744,1.1799999736249447,13.499999698251486,0.039851274527461907,1.1620537335523786,1.2019050080798406,1.5593980625131103,0.00621376528075129,6.0
2026-08-16 18:50:00,-0.12353163,0.47132499110680465,1.1799999736249447,13.499999698251486,0.039851274527461907,1.1620537335523786,1.2019050080798406,1.5496983670612676,0.00621376528075129,6.0
2026-08-16 19:00:00,-0.12353163,0.45777238735450115,1.1799999736249447,13.499999698251486,0.039851274527461907,1.1620537335523786,1.2019050080798406,1.5361457633089641,0.00621376528075129,6.0
2026-08-16 19:10:00,-0.12353163,0.44037810023915414,1.1799999736249447,13.499999698251486,0.039851274527461907,1.1620537335523786,1.2019050080798406,1.518751476193617,0.00621376528075129,6.0
2026-08-16 19:20:00,-0.12353163,0.4191866151225815,1.1799999736249447,13.499999698251486,0.039851274527461907,1.1620537335523786,1.2019050080798406,1.4975599910770443,0.00621376528075129,6.0
2026-08-16 19:30:00,-0.12353163,0.3942776017476299,1.1799999736249447,13.499999698251486,0.039851274527461907,1.1620537335523786,1.2019050080798406,1.4726509777020929,0.00621376528075129,6.0
2026-08-16 19:40:00,-0.12353163,0.36576726116904773,1.1799999736249447,13.499999698251486,0.039851274527461907,1.1620537335523786,1.2019050080798406,1.4441406371235106,0.00621376528075129,6.0
2026-08-16 19:50:00,-0.12353163,0.3338090565253692,1.1799999736249447,13.499999698251486,0.039851274527461907,1.1620537335523786,1.2019050080798406,1.412182432479832,0.00621376528075129,6.0
2026-08-16 20:00:00,-0.12353163,0.29859381316995054,1.1799999736249447,13.499999698251486,0.039851274527461907,1.1620537335523786,1.2019050080798406,1.3769671891244135,0.00621376528075129,6.0
2026-08-16 20:10:00,-0.12353163,0.26034919361344033,1.1799999736249447,13.499999698251486,0.039851274527461907,1.1620537335523786,1.2019050080798406,1.3387225695679033,0.00621376528075129,6.0
2026-08-16 20:20:00,-0.12353163,0.219338566924318,1.1799999736249447,13.499999698251486,0.039851274527461907,1.1620537335523786,1.2019050080798406,1.2977119428787809,0.00621376528075129,6.0
2026-08-16 20:30:00,-0.12353163,0.17585930052227167,1.1799999736249447,13.499999698251486,0.039851274527461907,1.1620537335523786,1.2019050080798406,1.2542326764767346,0.00621376528075129,6.0
2026-08-16 20:40:00,-0.12353163,0.13024050540327756,1.1799999736249447,13.499999698251486,0.039851274527461907,1.1620537335523786,1.2019050080798406,1.2086138813577405,0.00621376528075129,6.0
2026-08-16 20:50:00,-0.12353163,0.08284026517737379,1.1799999736249447,13.499999698251486,0.039851274527461907,1.1620537335523786,1.2019050080798406,1.1612136411318368,0.00621376528075129,6.0
2026-08-16 21:00:00,-0.12353163,0.03404237671082118,1.149999974295497,13.599999696016312,0.03963284711719125,1.15568444196447,1.1953172890816612,1.1058280336671047,0.00621376528075129,6.0
2026-08-16 21:10:00,-0.12353163,-0.015747372110594123,1.149999974295497,13.599999696016312,0.03963284711719125,1.15568444196447,1.1953172890816612,1.0560382848456895,0.00621376528075129,6.0
2026-08-16 21:20:00,-0.12353163,-0.06610536218622508,1.149999974295497,13.599999696016312,0.03963284711719125,1.15568444196447,1.1953172890816612,1.0056802947700585,0.00621376528075129,6.0
2026-08-16 21:30:00,-0.12353163,-0.11659471148979612,1.149999974295497,13.599999696016312,0.03963284711719125,1.15568444196447,1.1953172890816612,0.9551909454664875,0.00621376528075129,6.0
2026-08-16 21:40:00,-0.12353163,-0.16677021440592207,1.149999974295497,13.599999696016312,0.03963284711719125,1.15568444196447,1.1953172890816612,0.9050154425503615,0.00621376528075129,6.0
2026-08-16 21:50:00,-0.12353163,-0.21618360124031255,1.149999974295497,13.599999696016312,0.03963284711719125,1.15568444196447,1.1953172890816612,0.855602055715971,0.00621376528075129,6.0
2026-08-16 22:00:00,-0.12353163,-0.2643890493982974,1.149999974295497,13.599999696016312,0.03963284711719125,1.15568444196447,1.1953172890816612,0.8073966075579861,0.00621376528075129,6.0
2026-08-16 22:10:00,-0.12353163,-0.31094885739422234,1.149999974295497,13.599999696016312,0.03963284711719125,1.15568444196447,1.1953172890816612,0.7608367995620613,0.00621376528075129,6.0
2026-08-16 22:20:00,-0.12353163,-0.3554391717262591,1.149999974295497,13.599999696016312,0.03963284711719125,1.15568444196447,1.1953172890816612,0.7163464852300245,0.00621376528075129,6.0
2026-08-16 22:30:00,-0.12353163,-0.3974556376059512,1.149999974295497,13.599999696016312,0.03963284711719125,1.15568444196447,1.1953172890816612,0.6743300193503323,0.00621376528075129,6.0
2026-08-16 22:40:00,-0.12353163,-0.4366188298743929,1.149999974295497,13.599999696016312,0.03963284711719125,1.15568444196447,1.1953172890816612,0.6351668270818907,0.00621376528075129,6.0
2026-08-16 22:50:00,-0.12353163,-0.47257931276301085,1.149999974295497,13.599999696016312,0.03963284711719125,1.15568444196447,1.1953172890816612,0.5992063441932727,0.00621376528075129,6.0
2026-08-16 23:00:00,-0.12353163,-0.5050221783882066,1.149999974295497,13.599999696016312,0.03963284711719125,1.15568444196447,1.1953172890816612,0.566763478568077,0.00621376528075129,6.0
2026-08-16 23:10:00,-0.12353163,-0.5336709248838573,1.149999974295497,13.599999696016312,0.03963284711719125,1.15568444196447,1.1953172890816612,0.5381147320724263,0.00621376528075129,6.0
2026-08-16 23:20:00,-0.12353163,-0.5582905562491403,1.149999974295497,13.599999696016312,0.03963284711719125,1.15568444196447,1.1953172890816612,0.5134951007071433,0.00621376528075129,6.0
2026-08-16 23:30:00,-0.12353163,-0.5786898162032587,1.149999974295497,13.599999696016312,0.03963284711719125,1.15568444196447,1.1953172890816612,0.4930958407530249,0.00621376528075129,6.0
2026-08-16 23:40:00,-0.12353163,-0.5947225058907787,1.149999974295497,13.599999696016312,0.03963284711719125,1.15568444196447,1.1953172890816612,0.4770631510655049,0.00621376528075129,6.0
2026-08-16 23:50:00,-0.12353163,-0.6062878771709659,1.149999974295497,13.599999696016312,0.03963284711719125,1.15568444196447,1.1953172890816612,0.4654977797853177,0.00621376528075129,6.0
2026-08-17 00:00:00,-0.12353163,-0.6133301364869983,1.149999974295497,13.599999696016312,0.03963284711719125,1.15568444196447,1.1953172890816612,0.4584555204692853,0.00621376528075129,6.0
2026-08-17 00:10:00,,-0.6158371350760893,,,,,,,0.00621376528075129,6.0
2026-08-17 00:20:00,,-0.6138383563414761,,,,,,,0.00621376528075129,6.0
2026-08-17 00:30:00,,-0.6074023375575122,,,,,,,0.00621376528075129,6.0
2026-08-17 00:40:00,,-0.5966336785539058,,,,,,,0.00621376528075129,6.0
2026-08-17 00:50:00,,-0.5816697935408344,,,,,,,0.00621376528075129,6.0
2026-08-17 01:00:00,,-0.5626775538517397,,,,,,,0.00621376528075129,6.0
2026-08-17 01:10:00,,-0.5398499503200336,,,,,,,0.00621376528075129,6.0
2026-08-17 01:20:00,,-0.5134028764624649,,,,,,,0.00621376528075129,6.0
2026-08-17 01:30:00,,-0.4835721007854154,,,,,,,0.00621376528075129,6.0
2026-08-17 01:40:00,,-0.4506104618071586,,,,,,,0.00621376528075129,6.0
2026-08-17 01:50:00,,-0.4147852865299506,,,,,,,0.00621376528075129,6.0
2026-08-17 02:00:00,,-0.376376005438884,,,,,,,0.00621376528075129,6.0
2026-08-17 02:10:00,,-0.3356719173859149,,,,,,,0.00621376528075129,6.0
2026-08-17 02:20:00,,-0.2929700477469622,,,,,,,0.00621376528075129,6.0
2026-08-17 02:30:00,,-0.2485730436836616,,,,,,,0.00621376528075129,6.0
2026-08-17 02:40:00,,-0.20278706065630528,,,,,,,0.00621376528075129,6.0
2026-08-17 02:50:00,,-0.15591961293505321,,,,,,,0.00621376528075129,6.0
2026-08-17 03:00:00,,-0.10827738505475239,,,,,,,0.00621376528075129,6.0
2026-08-17 03:10:00,,-0.06016402780282218,,,,,,,0.00621376528075129,6.0
2026-08-17 03:20:00,,-0.01187798784503683,,,,,,,0.00621376528075129,6.0
2026-08-17 03:30:00,,0.03628955900987401,,,,,,,0.00621376528075129,6.0
2026-08-17 03:40:00,,0.08405658739808461,,,,,,,0.00621376528075129,6.0
2026-08-17 03:50:00,,0.13115182757922336,,,,,,,0.00621376528075129,6.0
2026-08-17 04:00:00,,0.17731601570743458,,,,,,,0.00621376528075129,6.0
2026-08-17 04:10:00,,0.2223027261297747,,,,,,,0.00621376528075129,6.0
2026-08-17 04:20:00,,0.2658787491607491,,,,,,,0.00621376528075129,6.0
2026-08-17 04:30:00,,0.30782401111727176,,,,,,,0.00621376528075129,6.0
2026-08-17 04:40:00,,0.3479310704469423,,,,,,,0.00621376528075129,6.0
2026-08-17 04:50:00,,0.3860042605027513,,,,,,,0.00621376528075129,6.0
2026-08-17 05:00:00,,0.4218585827109333,,,,,,,0.00621376528075129,6.0
2026-08-17 05:10:00,,0.4553184794705573,,,,,,,0.00621376528075129,6.0
2026-08-17 05:20:00,,0.4862166318912307,,,,,,,0.00621376528075129,6.0
2026-08-17 05:30:00,,0.5143929311479216,,,,,,,0.00621376528075129,6.0
2026-08-17 05:40:00,,0.5396937635467628,,,,,,,0.00621376528075129,6.0
2026-08-17 05:50:00,,0.5619717285571654,,,,,,,0.00621376528075129,6.0
2026-08-17 06:00:00,,0.5810858781411296,,,,,,,0.00621376528075129,6.0
2026-08-17 06:10:00,,0.5969025271018693,,,,,,,0.00621376528075129,6.0
2026-08-17 06:20:00,,0.6092966414487718,,,,,,,0.00621376528075129,6.0
2026-08-17 06:30:00,,0.6181537686588585,,,,,,,0.00621376528075129,6.0
2026-08-17 06:40:00,,0.6233724336978388,,,,,,,0.00621376528075129,6.0
2026-08-17 06:50:00,,0.6248668913128451,,,,,,,0.00621376528075129,6.0
2026-08-17 07:00:00,,0.622570100621764,,,,,,,0.00621376528075129,6.0
2026-08-17 07:10:00,,0.6164367742767369,,,,,,,0.00621376528075129,6.0
2026-08-17 07:20:00,,0.6064463517090749,,,,,,,0.00621376528075129,6.0
2026-08-17 07:30:00,,0.5926057537362772,,,,,,,0.00621376528075129,6.0
2026-08-17 07:40:00,,0.5749517924745964,,,,,,,0.00621376528075129,6.0
2026-08-17 07:50:00,,0.5535531337405578,,,,,,,0.00621376528075129,6.0
2026-08-17 08:00:00,,0.5285117361988053,,,,,,,0.00621376528075129,6.0
2026-08-17 08:10:00,,0.49996371944290025,,,,,,,0.00621376528075129,6.0
2026-08-17 08:20:00,,0.4680796393579327,,,,,,,0.00621376528075129,6.0
2026-08-17 08:30:00,,0.43306417125209107,,,,,,,0.00621376528075129,6.0
2026-08-17 08:40:00,,0.395155217930678,,,,,,,0.00621376528075129,6.0
2026-08-17 08:50:00,,0.354622470516317,,,,,,,0.00621376528075129,6.0
2026-08-17 09:00:00,,0.31176545466522504,,,,,,,0.00621376528075129,6.0
2026-08-17 09:10:00,,0.26691109499096416,,,,,,,0.00621376528075129,6.0
2026-08-17 09:20:00,,0.22041082770405293,,,,,,,0.00621376528075129,6.0
2026-08-17 09:30:00,,0.17263728767349995,,,,,,,0.00621376528075129,6.0
2026-08-17 09:40:00,,0.12398059359058619,,,,,,,0.00621376528075129,6.0
2026-08-17 09:50:00,,0.07484425532232328,,,,,,,0.00621376528075129,6.0
2026-08-17 10:00:00,,0.02564073243177329,,,,,,,0.00621376528075129,6.0
2026-08-17 10:10:00,,-0.023213317321889918,,,,,,,0.00621376528075129,6.0
2026-08-17 10:20:00,,-0.07130204599169919,,,,,,,0.00621376528075129,6.0
2026-08-17 10:30:00,,-0.11821560807823765,,,,,,,0.00621376528075129,6.0
2026-08-17 10:40:00,,-0.16355544551581033,,,,,,,0.00621376528075129,6.0
2026-08-17 10:50:00,,-0.20693955273396492,,,,,,,0.00621376528075129,6.0
2026-08-17 11:00:00,,-0.2480075926069195,,,,,,,0.00621376528075129,6.0
2026-08-17 11:10:00,,-0.286425722570512,,,,,,,0.00621376528075129,6.0
2026-08-17 11:20:00,,-0.3218909866131343,,,,,,,0.00621376528075129,6.0
2026-08-17 11:30:00,,-0.3541351343495132,,,,,,,0.00621376528075129,6.0
2026-08-17 11:40:00,,-0.3829277440052041,,,,,,,0.00621376528075129,6.0
2026-08-17 11:50:00,,-0.4080785511708711,,,,,,,0.00621376528075129,6.0
2026-08-17 12:00:00,,-0.4294389185487674,,,,,,,0.00621376528075129,6.0
2026-08-17 12:10:00,,-0.4469024210609404,,,,,,,0.00621376528075129,6.0
2026-08-17 12:20:00,,-0.46040456274026237,,,,,,,0.00621376528075129,6.0
2026-08-17 12:30:00,,-0.46992168333907375,,,,,,,0.00621376528075129,6.0
2026-08-17 12:40:00,,-0.4754691499531345,,,,,,,0.00621376528075129,6.0
2026-08-17 12:50:00,,-0.4770989591130034,,,,,,,0.00621376528075129,6.0
2026-08-17 13:00:00,,-0.4748968950426527,,,,,,,0.00621376528075129,6.0
2026-08-17 13:10:00,,-0.46897939860135646,,,,,,,0.00621376528075129,6.0
2026-08-17 13:20:00,,-0.45949029815663445,,,,,,,0.00621376528075129,6.0
2026-08-17 13:30:00,,-0.4465975390384764,,,,,,,0.00621376528075129,6.0
2026-08-17 13:40:00,,-0.43049002396399993,,,,,,,0.00621376528075129,6.0
2026-08-17 13:50:00,,-0.41137464565764453,,,,,,,0.00621376528075129,6.0
2026-08-17 14:00:00,,-0.3894735581433326,,,,,,,0.00621376528075129,6.0
2026-08-17 14:10:00,,-0.36502169855087796,,,,,,,0.00621376528075129,6.0
2026-08-17 14:20:00,,-0.3382645402712278,,,,,,,0.00621376528075129,6.0
2026-08-17 14:30:00,,-0.3094560341572196,,,,,,,0.00621376528075129,6.0
2026-08-17 14:40:00,,-0.27885667930431035,,,,,,,0.00621376528075129,6.0
2026-08-17 14:50:00,,-0.24673166029253996,,,,,,,0.00621376528075129,6.0
2026-08-17 15:00:00,,-0.21334899345995656,,,,,,,0.00621376528075129,6.0
2026-08-17 15:10:00,,-0.1789776399150891,,,,,,,0.00621376528075129,6.0
2026-08-17 15:20:00,,-0.14388556535846844,,,,,,,0.00621376528075129,6.0
2026-08-17 15:30:00,,-0.10833775329870367,,,,,,,0.00621376528075129,6.0
2026-08-17 15:40:00,,-0.07259420577152043,,,,,,,0.00621376528075129,6.0
2026-08-17 15:50:00,,-0.036907990130869886,,,,,,,0.00621376528075129,6.0
2026-08-17 16:00:00,,-0.001523409266637389,,,,,,,0.00621376528075129,6.0
2026-08-17 16:10:00,,0.03332561764588679,,,,,,,0.00621376528075129,6.0
2026-08-17 16:20:00,,0.06741687695562584,,,,,,,0.00621376528075129,6.0
2026-08-17 16:30:00,,0.10054080930270606,,,,,,,0.00621376528075129,6.0
2026-08-17 16:40:00,,0.132501031002081,,,,,,,0.00621376528075129,6.0
2026-08-17 16:50:00,,0.16311440331057298,,,,,,,0.00621376528075129,6.0
2026-08-17 17:00:00,,0.19221066001877113,,,,,,,0.00621376528075129,6.0
2026-08-17 17:10:00,,0.2196316408330754,,,,,,,0.00621376528075129,6.0
2026-08-17 17:20:00,,0.24523021359049715,,,,,,,0.00621376528075129,6.0
2026-08-17 17:30:00,,0.26886899816283605,,,,,,,0.00621376528075129,6.0
2026-08-17 17:40:00,,0.29041902659849694,,,,,,,0.00621376528075129,6.0
2026-08-17 17:50:00,,0.30975848439658416,,,,,,,0.00621376528075129,6.0
2026-08-17 18:00:00,,0.3267716762776712,,,,,,,0.00621376528075129,6.0
2026-08-17 18:10:00,,0.3413483457833836,,,,,,,0.00621376528075129,6.0
2026-08-17 18:20:00,,0.3533834529250203,,,,,,,0.00621376528075129,6.0
2026-08-17 18:30:00,,0.3627774799760782,,,,,,,0.00621376528075129,6.0
2026-08-17 18:40:00,,0.3694372953859326,,,,,,,0.00621376528075129,6.0
2026-08-17 18:50:00,,0.37327756343433804,,,,,,,0.00621376528075129,6.0
2026-08-17 19:00:00,,0.3742226459729788,,,,,,,0.00621376528075129,6.0
2026-08-17 19:10:00,,0.3722089064933332,,,,,,,0.00621376528075129,6.0
2026-08-17 19:20:00,,0.36718729807501865,,,,,,,0.00621376528075129,6.0
2026-08-17 19:30:00,,0.3591260981581288,,,,,,,0.00621376528075129,6.0
2026-08-17 19:40:00,,0.3480136451751909,,,,,,,0.00621376528075129,6.0
2026-08-17 19:50:00,,0.33386093501858943,,,,,,,0.00621376528075129,6.0
2026-08-17 20:00:00,,0.31670394796397533,,,,,,,0.00621376528075129,6.0
2026-08-17 20:10:00,,0.29660559696306116,,,,,,,0.00621376528075129,6.0
2026-08-17 20:20:00,,0.2736572137071621,,,,,,,0.00621376528075129,6.0
2026-08-17 20:30:00,,0.2479795165010991,,,,,,,0.00621376528075129,6.0
2026-08-17 20:40:00,,0.2197230310721847,,,,,,,0.00621376528075129,6.0
2026-08-17 20:50:00,,0.18906795936260995,,,,,,,0.00621376528075129,6.0
2026-08-17 21:00:00,,0.15622351034964133,,,,,,,0.00621376528075129,6.0
2026-08-17 21:10:00,,0.12142671988201043,,,,,,,0.00621376528075129,6.0
2026-08-17 21:20:00,,0.08494079336767736,,,,,,,0.00621376528075129,6.0
2026-08-17 21:30:00,,0.04705300644753965,,,,,,,0.00621376528075129,6.0
2026-08-17 21:40:00,,0.00807219619014184,,,,,,,0.00621376528075129,6.0
2026-08-17 21:50:00,,-0.03167412950238622,,,,,,,0.00621376528075129,6.0
2026-08-17 22:00:00,,-0.07184304113161016,,,,,,,0.00621376528075129,6.0
2026-08-17 22:10:00,,-0.1120797750753334,,,,,,,0.00621376528075129,6.0
2026-08-17 22:20:00,,-0.15202163741411232,,,,,,,0.00621376528075129,6.0
2026-08-17 22:30:00,,-0.1913021962959058,,,,,,,0.00621376528075129,6.0
2026-08-17 22:40:00,,-0.2295557236393805,,,,,,,0.00621376528075129,6.0
2026-08-17 22:50:00,,-0.2664218312068386,,,,,,,0.00621376528075129,6.0
2026-08-17 23:00:00,,-0.3015502271995713,,,,,,,0.00621376528075129,6.0
2026-08-17 23:10:00,,-0.3346054994157621,,,,,,,0.00621376528075129,6.0
2026-08-17 23:20:00,,-0.36527181259656283,,,,,,,0.00621376528075129,6.0
2026-08-17 23:30:00,,-0.393257392813017,,,,,,,0.00621376528075129,6.0
2026-08-17 23:40:00,,-0.41829866395280446,,,,,,,0.00621376528075129,6.0
2026-08-17 23:50:00,,-0.44016390137989314,,,,,,,0.00621376528075129,6.0
