,SSH_10min,Tide_10min,Significant_Wave_Height,Peak_Wave_Period,Wave_Setup,Wave_Swash,Wave_Runup,Total_Water_Level,beach_slope,water_depth
2026-10-09 00:00:00,0.0735931,0.1988482410326123,1.0099999774247408,17.749999603256583,0.05085442154060442,1.4139317625899068,1.4647861841305112,1.737227527558658,0.006518641168156775,8.0
2026-10-09 00:10:00,0.0735931,0.25077470417376196,1.0099999774247408,17.749999603256583,0.05085442154060442,1.4139317625899068,1.4647861841305112,1.7891539906998077,0.006518641168156775,8.0
2026-10-09 00:20:00,0.0735931,0.30175953893975566,1.0099999774247408,17.749999603256583,0.05085442154060442,1.4139317625899068,1.4647861841305112,1.8401388254658013,0.006518641168156775,8.0
2026-10-09 00:30:00,0.0735931,0.35149773992148897,1.0099999774247408,17.749999603256583,0.05085442154060442,1.4139317625899068,1.4647861841305112,1.8898770264475346,0.006518641168156775,8.0
2026-10-09 00:40:00,0.0735931,0.39968171947173536,1.0099999774247408,17.749999603256583,0.05085442154060442,1.4139317625899068,1.4647861841305112,1.9380610059977812,0.006518641168156775,8.0
2026-10-09 00:50:00,0.0735931,0.4460015664111088,1.0099999774247408,17.749999603256583,0.05085442154060442,1.4139317625899068,1.4647861841305112,1.9843808529371545,0.006518641168156775,8.0
2026-10-09 01:00:00,0.0735931,0.4901457873975996,1.0099999774247408,17.749999603256583,0.05085442154060442,1.4139317625899068,1.4647861841305112,2.028525073923645,0.006518641168156775,8.0
2026-10-09 01:10:00,0.0735931,0.5318026361298096,1.0099999774247408,17.749999603256583,0.05085442154060442,1.4139317625899068,1.4647861841305112,2.0701819226558555,0.006518641168156775,8.0
2026-10-09 01:20:00,0.0735931,0.5706620960864855,1.0099999774247408,17.749999603256583,0.05085442154060442,1.4139317625899068,1.4647861841305112,2.1090413826125314,0.006518641168156775,8.0
2026-10-09 01:30:00,0.0735931,0.6064185364257367,1.0099999774247408,17.749999603256583,0.05085442154060442,1.4139317625899068,1.4647861841305112,2.1447978229517823,0.006518641168156775,8.0
2026-10-09 01:40:00,0.0735931,0.6387740112559552,1.0099999774247408,17.749999603256583,0.05085442154060442,1.4139317625899068,1.4647861841305112,2.177153297782001,0.006518641168156775,8.0
2026-10-09 01:50:00,0.0735931,0.6674421245078425,1.0099999774247408,17.749999603256583,0.05085442154060442,1.4139317625899068,1.4647861841305112,2.205821411033888,0.006518641168156775,8.0
2026-10-09 02:00:00,0.0735931,0.6921523397781006,1.0099999774247408,17.749999603256583,0.05085442154060442,1.4139317625899068,1.4647861841305112,2.2305316263041464,0.006518641168156775,8.0
2026-10-09 02:10:00,0.0735931,0.7126545804196789,1.0099999774247408,17.749999603256583,0.05085442154060442,1.4139317625899068,1.4647861841305112,2.2510338669457246,0.006518641168156775,8.0
2026-10-09 02:20:00,0.0735931,0.7287239424568723,1.0099999774247408,17.749999603256583,0.05085442154060442,1.4139317625899068,1.4647861841305112,2.267103228982918,0.006518641168156775,8.0
2026-10-09 02:30:00,0.0735931,0.7401653329220593,1.0099999774247408,17.749999603256583,0.05085442154060442,1.4139317625899068,1.4647861841305112,2.278544619448105,0.006518641168156775,8.0
2026-10-09 02:40:00,0.0735931,0.746817849400168,1.0099999774247408,17.749999603256583,0.05085442154060442,1.4139317625899068,1.4647861841305112,2.2851971359262135,0.006518641168156775,8.0
2026-10-09 02:50:00,0.0735931,0.7485587317449357,1.0099999774247408,17.749999603256583,0.05085442154060442,1.4139317625899068,1.4647861841305112,2.2869380182709813,0.006518641168156775,8.0
2026-10-09 03:00:00,0.0735931,0.7453067422270242,1.0199999772012234,17.529999608173966,0.05047213503785081,1.4033028533962164,1.4537749884340672,2.2726748330566258,0.006518641168156775,8.0
2026-10-09 03:10:00,0.0735931,0.7370248628605134,1.0199999772012234,17.529999608173966,0.05047213503785081,1.4033028533962164,1.4537749884340672,2.2643929536901153,0.006518641168156775,8.0
2026-10-09 03:20:00,0.0735931,0.7237222350169582,1.0199999772012234,17.529999608173966,0.05047213503785081,1.4033028533962164,1.4537749884340672,2.25109032584656,0.006518641168156775,8.0
2026-10-09 03:30:00,0.0735931,0.7054553032983423,1.0199999772012234,17.529999608173966,0.05047213503785081,1.4033028533962164,1.4537749884340672,2.232823394127944,0.006518641168156775,8.0
2026-10-09 03:40:00,0.0735931,0.682328159775775,1.0199999772012234,17.529999608173966,0.05047213503785081,1.4033028533962164,1.4537749884340672,2.2096962506053766,0.006518641168156775,8.0
2026-10-09 03:50:00,0.0735931,0.6544921135288179,1.0199999772012234,17.529999608173966,0.05047213503785081,1.4033028533962164,1.4537749884340672,2.1818602043584194,0.006518641168156775,8.0
2026-10-09 04:00:00,0.0735931,0.6221445323234112,1.0199999772012234,17.529999608173966,0.05047213503785081,1.4033028533962164,1.4537749884340672,2.149512623153013,0.006518641168156775,8.0
2026-10-09 04:10:00,0.0735931,0.585527017143355,1.0199999772012234,17.529999608173966,0.05047213503785081,1.4033028533962164,1.4537749884340672,2.1128951079729568,0.006518641168156775,8.0
2026-10-09 04:20:00,0.0735931,0.544922976862191,1.0199999772012234,17.529999608173966,0.05047213503785081,1.4033028533962164,1.4537749884340672,2.0722910676917925,0.006518641168156775,8.0
2026-10-09 04:30:00,0.0735931,0.5006546700368726,1.0199999772012234,17.529999608173966,0.05047213503785081,1.4033028533962164,1.4537749884340672,2.0280227608664743,0.006518641168156775,8.0
2026-10-09 04:40:00,0.0735931,0.4530797762181601,1.0199999772012234,17.529999608173966,0.05047213503785081,1.4033028533962164,1.4537749884340672,1.9804478670477619,0.006518641168156775,8.0
2026-10-09 04:50:00,0.0735931,0.40258755182407846,1.0199999772012234,17.529999608173966,0.05047213503785081,1.4033028533962164,1.4537749884340672,1.9299556426536801,0.006518641168156775,8.0
2026-10-09 05:00:00,0.0735931,0.349594618342314,1.0199999772012234,17.529999608173966,0.05047213503785081,1.4033028533962164,1.4537749884340672,1.8769627091719157,0.006518641168156775,8.0
2026-10-09 05:10:00,0.0735931,0.294540425470115,1.0199999772012234,17.529999608173966,0.05047213503785081,1.4033028533962164,1.4537749884340672,1.8219085162997166,0.006518641168156775,8.0
2026-10-09 05:20:00,0.0735931,0.237882430131944,1.0199999772012234,17.529999608173966,0.05047213503785081,1.4033028533962164,1.4537749884340672,1.7652505209615457,0.006518641168156775,8.0
2026-10-09 05:30:00,0.0735931,0.1800910357029936,1.0199999772012234,17.529999608173966,0.05047213503785081,1.4033028533962164,1.4537749884340672,1.7074591265325951,0.006518641168156775,8.0
2026-10-09 05:40:00,0.0735931,0.12164434339844732,1.0199999772012234,17.529999608173966,0.05047213503785081,1.4033028533962164,1.4537749884340672,1.649012434228049,0.006518641168156775,8.0
2026-10-09 05:50:00,0.0735931,0.06302278006611023,1.0199999772012234,17.529999608173966,0.05047213503785081,1.4033028533962164,1.4537749884340672,1.590390870895712,0.006518641168156775,8.0
2026-10-09 06:00:00,0.0735931,0.004703680742137213,1.0399999767541885,17.299999613314867,0.050295884167620715,1.3984024593684625,1.4486983435360832,1.526995126673755,0.006518641168156775,8.0
2026-10-09 06:10:00,0.0735931,-0.052844080477129414,1.0399999767541885,17.299999613314867,0.050295884167620715,1.3984024593684625,1.4486983435360832,1.4694473654544882,0.006518641168156775,8.0
2026-10-09 06:20:00,0.0735931,-0.1091653049813148,1.0399999767541885,17.299999613314867,0.050295884167620715,1.3984024593684625,1.4486983435360832,1.4131261409503029,0.006518641168156775,8.0
2026-10-09 06:30:00,0.0735931,-0.16382341453645188,1.0399999767541885,17.299999613314867,0.050295884167620715,1.3984024593684625,1.4486983435360832,1.3584680313951658,0.006518641168156775,8.0
2026-10-09 06:40:00,0.0735931,-0.21640500925666387,1.0399999767541885,17.299999613314867,0.050295884167620715,1.3984024593684625,1.4486983435360832,1.3058864366749539,0.006518641168156775,8.0
2026-10-09 06:50:00,0.0735931,-0.2665239268228667,1.0399999767541885,17.299999613314867,0.050295884167620715,1.3984024593684625,1.4486983435360832,1.255767519108751,0.006518641168156775,8.0
2026-10-09 07:00:00,0.0735931,-0.31382470497382053,1.0399999767541885,17.299999613314867,0.050295884167620715,1.3984024593684625,1.4486983435360832,1.2084667409577972,0.006518641168156775,8.0
2026-10-09 07:10:00,0.0735931,-0.3579853713043323,1.0399999767541885,17.299999613314867,0.050295884167620715,1.3984024593684625,1.4486983435360832,1.1643060746272855,0.006518641168156775,8.0
2026-10-09 07:20:00,0.0735931,-0.39871951297443675,1.0399999767541885,17.299999613314867,0.050295884167620715,1.3984024593684625,1.4486983435360832,1.123571932957181,0.006518641168156775,8.0
2026-10-09 07:30:00,0.0735931,-0.4357776124573768,1.0399999767541885,17.299999613314867,0.050295884167620715,1.3984024593684625,1.4486983435360832,1.0865138334742408,0.006518641168156775,8.0
2026-10-09 07:40:00,0.0735931,-0.46894767055867065,1.0399999767541885,17.299999613314867,0.050295884167620715,1.3984024593684625,1.4486983435360832,1.053343775372947,0.006518641168156775,8.0
2026-10-09 07:50:00,0.0735931,-0.49805517210119077,1.0399999767541885,17.299999613314867,0.050295884167620715,1.3984024593684625,1.4486983435360832,1.024236273830427,0.006518641168156775,8.0
2026-10-09 08:00:00,0.0735931,-0.5229624793257178,1.0399999767541885,17.299999613314867,0.050295884167620715,1.3984024593684625,1.4486983435360832,0.9993289666058999,0.006518641168156775,8.0
2026-10-09 08:10:00,0.0735931,-0.5435677607288979,1.0399999767541885,17.299999613314867,0.050295884167620715,1.3984024593684625,1.4486983435360832,0.9787236852027198,0.006518641168156775,8.0
2026-10-09 08:20:00,0.0735931,-0.5598035764686443,1.0399999767541885,17.299999613314867,0.050295884167620715,1.3984024593684625,1.4486983435360832,0.9624878694629734,0.006518641168156775,8.0
2026-10-09 08:30:00,0.0735931,-0.5716352444853721,1.0399999767541885,17.299999613314867,0.050295884167620715,1.3984024593684625,1.4486983435360832,0.9506562014462456,0.006518641168156775,8.0
2026-10-09 08:40:00,0.0735931,-0.5790591039286673,1.0399999767541885,17.299999613314867,0.050295884167620715,1.3984024593684625,1.4486983435360832,0.9432323420029504,0.006518641168156775,8.0
2026-10-09 08:50:00,0.0735931,-0.5821007753567249,1.0399999767541885,17.299999613314867,0.050295884167620715,1.3984024593684625,1.4486983435360832,0.9401906705748928,0.006518641168156775,8.0
2026-10-09 09:00:00,0.0735931,-0.5808134923363362,1.0699999760836363,17.209999615326524,0.05075074636150243,1.4110492280081801,1.4617999743696826,0.9545795844288809,0.006518641168156775,8.0
2026-10-09 09:10:00,0.0735931,-0.5752765494854296,1.0699999760836363,17.209999615326524,0.05075074636150243,1.4110492280081801,1.4617999743696826,0.9601165272797875,0.006518641168156775,8.0
2026-10-09 09:20:00,0.0735931,-0.5655938807332416,1.0699999760836363,17.209999615326524,0.05075074636150243,1.4110492280081801,1.4617999743696826,0.9697991960319755,0.006518641168156775,8.0
2026-10-09 09:30:00,0.0735931,-0.5518927522833543,1.0699999760836363,17.209999615326524,0.05075074636150243,1.4110492280081801,1.4617999743696826,0.9835003244818628,0.006518641168156775,8.0
2026-10-09 09:40:00,0.0735931,-0.5343225305856324,1.0699999760836363,17.209999615326524,0.05075074636150243,1.4110492280081801,1.4617999743696826,1.0010705461795846,0.006518641168156775,8.0
2026-10-09 09:50:00,0.0735931,-0.5130534691328418,1.0699999760836363,17.209999615326524,0.05075074636150243,1.4110492280081801,1.4617999743696826,1.0223396076323752,0.006518641168156775,8.0
2026-10-09 10:00:00,0.0735931,-0.48827545116766163,1.0699999760836363,17.209999615326524,0.05075074636150243,1.4110492280081801,1.4617999743696826,1.0471176255975554,0.006518641168156775,8.0
2026-10-09 10:10:00,0.0735931,-0.46019662854195226,1.0699999760836363,17.209999615326524,0.05075074636150243,1.4110492280081801,1.4617999743696826,1.0751964482232648,0.006518641168156775,8.0
2026-10-09 10:20:00,0.0735931,-0.42904191028846006,1.0699999760836363,17.209999615326524,0.05075074636150243,1.4110492280081801,1.4617999743696826,1.106351166476757,0.006518641168156775,8.0
2026-10-09 10:30:00,0.0735931,-0.39505127538332063,1.0699999760836363,17.209999615326524,0.05075074636150243,1.4110492280081801,1.4617999743696826,1.1403418013818964,0.006518641168156775,8.0
2026-10-09 10:40:00,0.0735931,-0.3584779110776914,1.0699999760836363,17.209999615326524,0.05075074636150243,1.4110492280081801,1.4617999743696826,1.1769151656875256,0.006518641168156775,8.0
2026-10-09 10:50:00,0.0735931,-0.3195862068456199,1.0699999760836363,17.209999615326524,0.05075074636150243,1.4110492280081801,1.4617999743696826,1.2158068699195972,0.006518641168156775,8.0
2026-10-09 11:00:00,0.0735931,-0.2786496615931248,1.0699999760836363,17.209999615326524,0.05075074636150243,1.4110492280081801,1.4617999743696826,1.2567434151720922,0.006518641168156775,8.0
2026-10-09 11:10:00,0.0735931,-0.23594878416730994,1.0699999760836363,17.209999615326524,0.05075074636150243,1.4110492280081801,1.4617999743696826,1.299444292597907,0.006518641168156775,8.0
2026-10-09 11:20:00,0.0735931,-0.191769081722399,1.0699999760836363,17.209999615326524,0.05075074636150243,1.4110492280081801,1.4617999743696826,1.3436239950428182,0.006518641168156775,8.0
2026-10-09 11:30:00,0.0735931,-0.14639923474880978,1.0699999760836363,17.209999615326524,0.05075074636150243,1.4110492280081801,1.4617999743696826,1.3889938420164074,0.006518641168156775,8.0
2026-10-09 11:40:00,0.0735931,-0.1001295501723493,1.0699999760836363,17.209999615326524,0.05075074636150243,1.4110492280081801,1.4617999743696826,1.4352635265928677,0.006518641168156775,8.0
2026-10-09 11:50:00,0.0735931,-0.0532507656293776,1.0699999760836363,17.209999615326524,0.05075074636150243,1.4110492280081801,1.4617999743696826,1.4821423111358394,0.006518641168156775,8.0
2026-10-09 12:00:00,0.0735931,-0.006053249152061492,1.0899999756366014,16.95999962091446,0.05047877083884366,1.403487352000463,1.4539661228393066,1.5215059760827796,0.006518641168156775,8.0
2026-10-09 12:10:00,0.0735931,0.0411733972701329,1.0899999756366014,16.95999962091446,0.05047877083884366,1.403487352000463,1.4539661228393066,1.568732622504974,0.006518641168156775,8.0
2026-10-09 12:20:00,0.0735931,0.088140362232367,1.0899999756366014,16.95999962091446,0.05047877083884366,1.403487352000463,1.4539661228393066,1.615699587467208,0.006518641168156775,8.0
2026-10-09 12:30:00,0.0735931,0.13455934965677202,1.0899999756366014,16.95999962091446,0.05047877083884366,1.403487352000463,1.4539661228393066,1.6621185748916132,0.006518641168156775,8.0
2026-10-09 12:40:00,0.0735931,0.18014211242060413,1.0899999756366014,16.95999962091446,0.05047877083884366,1.403487352000463,1.4539661228393066,1.7077013376554453,0.006518641168156775,8.0
2026-10-09 12:50:00,0.0735931,0.22459993211380158,1.0899999756366014,16.95999962091446,0.05047877083884366,1.403487352000463,1.4539661228393066,1.7521591573486428,0.006518641168156775,8.0
2026-10-09 13:00:00,0.0735931,0.2676431998781263,1.0899999756366014,16.95999962091446,0.05047877083884366,1.403487352000463,1.4539661228393066,1.7952024251129675,0.006518641168156775,8.0
2026-10-09 13:10:00,0.0735931,0.30898125810558147,1.0899999756366014,16.95999962091446,0.05047877083884366,1.403487352000463,1.4539661228393066,1.8365404833404226,0.006518641168156775,8.0
2026-10-09 13:20:00,0.0735931,0.3483226532442323,1.0899999756366014,16.95999962091446,0.05047877083884366,1.403487352000463,1.4539661228393066,1.8758818784790734,0.006518641168156775,8.0
2026-10-09 13:30:00,0.0735931,0.3853759273729465,1.0899999756366014,16.95999962091446,0.05047877083884366,1.403487352000463,1.4539661228393066,1.9129351526077876,0.006518641168156775,8.0
2026-10-09 13:40:00,0.0735931,0.4198510413064392,1.0899999756366014,16.95999962091446,0.05047877083884366,1.403487352000463,1.4539661228393066,1.9474102665412802,0.006518641168156775,8.0
2026-10-09 13:50:00,0.0735931,0.4514614785217843,1.0899999756366014,16.95999962091446,0.05047877083884366,1.403487352000463,1.4539661228393066,1.9790207037566254,0.006518641168156775,8.0
2026-10-09 14:00:00,0.0735931,0.4799270301479078,1.0899999756366014,16.95999962091446,0.05047877083884366,1.403487352000463,1.4539661228393066,2.007486255382749,0.006518641168156775,8.0
2026-10-09 14:10:00,0.0735931,0.5049772112860799,1.0899999756366014,16.95999962091446,0.05047877083884366,1.403487352000463,1.4539661228393066,2.032536436520921,0.006518641168156775,8.0
2026-10-09 14:20:00,0.0735931,0.5263552119235209,1.0899999756366014,16.95999962091446,0.05047877083884366,1.403487352000463,1.4539661228393066,2.0539144371583617,0.006518641168156775,8.0
2026-10-09 14:30:00,0.0735931,0.543822245711739,1.0899999756366014,16.95999962091446,0.05047877083884366,1.403487352000463,1.4539661228393066,2.07138147094658,0.006518641168156775,8.0
2026-10-09 14:40:00,0.0735931,0.5571621299837051,1.0899999756366014,16.95999962091446,0.05047877083884366,1.403487352000463,1.4539661228393066,2.084721355218546,0.006518641168156775,8.0
2026-10-09 14:50:00,0.0735931,0.5661859126361531,1.0899999756366014,16.95999962091446,0.05047877083884366,1.403487352000463,1.4539661228393066,2.0937451378709944,0.006518641168156775,8.0
2026-10-09 15:00:00,0.0735931,0.570736356955022,1.1299999747425318,16.699999626725912,0.05060872163501845,1.4071004411423518,1.4577091627773702,2.102038622127927,0.006518641168156775,8.0
2026-10-09 15:10:00,0.0735931,0.5706921036496604,1.1299999747425318,16.699999626725912,0.05060872163501845,1.4071004411423518,1.4577091627773702,2.101994368822565,0.006518641168156775,8.0
2026-10-09 15:20:00,0.0735931,0.5659713489437125,1.1299999747425318,16.699999626725912,0.05060872163501845,1.4071004411423518,1.4577091627773702,2.097273614116617,0.006518641168156775,8.0
2026-10-09 15:30:00,0.0735931,0.556534906014448,1.1299999747425318,16.699999626725912,0.05060872163501845,1.4071004411423518,1.4577091627773702,2.0878371711873527,0.006518641168156775,8.0
2026-10-09 15:40:00,0.0735931,0.5423885513358462,1.1299999747425318,16.699999626725912,0.05060872163501845,1.4071004411423518,1.4577091627773702,2.073690816508751,0.006518641168156775,8.0
2026-10-09 15:50:00,0.0735931,0.5235845941469109,1.1299999747425318,16.699999626725912,0.05060872163501845,1.4071004411423518,1.4577091627773702,2.0548868593198155,0.006518641168156775,8.0
2026-10-09 16:00:00,0.0735931,0.5002226430113043,1.1299999747425318,16.699999626725912,0.05060872163501845,1.4071004411423518,1.4577091627773702,2.031524908184209,0.006518641168156775,8.0
2026-10-09 16:10:00,0.0735931,0.4724495752870317,1.1299999747425318,16.699999626725912,0.05060872163501845,1.4071004411423518,1.4577091627773702,2.0037518404599366,0.006518641168156775,8.0
2026-10-09 16:20:00,0.0735931,0.4404587412199322,1.1299999747425318,16.699999626725912,0.05060872163501845,1.4071004411423518,1.4577091627773702,1.9717610063928368,0.006518641168156775,8.0
2026-10-09 16:30:00,0.0735931,0.40448845272271433,1.1299999747425318,16.699999626725912,0.05060872163501845,1.4071004411423518,1.4577091627773702,1.935790717895619,0.006518641168156775,8.0
2026-10-09 16:40:00,0.0735931,0.36481981782695355,1.1299999747425318,16.699999626725912,0.05060872163501845,1.4071004411423518,1.4577091627773702,1.8961220829998582,0.006518641168156775,8.0
2026-10-09 16:50:00,0.0735931,0.3217739853999371,1.1299999747425318,16.699999626725912,0.05060872163501845,1.4071004411423518,1.4577091627773702,1.8530762505728418,0.006518641168156775,8.0
2026-10-09 17:00:00,0.0735931,0.2757088630110062,1.1299999747425318,16.699999626725912,0.05060872163501845,1.4071004411423518,1.4577091627773702,1.807011128183911,0.006518641168156775,8.0
2026-10-09 17:10:00,0.0735931,0.22701536535863678,1.1299999747425318,16.699999626725912,0.05060872163501845,1.4071004411423518,1.4577091627773702,1.7583176305315416,0.006518641168156775,8.0
2026-10-09 17:20:00,0.0735931,0.17611324412125773,1.1299999747425318,16.699999626725912,0.05060872163501845,1.4071004411423518,1.4577091627773702,1.7074155092941625,0.006518641168156775,8.0
2026-10-09 17:30:00,0.0735931,0.12344654453109223,1.1299999747425318,16.699999626725912,0.05060872163501845,1.4071004411423518,1.4577091627773702,1.6547488097039968,0.006518641168156775,8.0
2026-10-09 17:40:00,0.0735931,0.06947873129254915,1.1299999747425318,16.699999626725912,0.05060872163501845,1.4071004411423518,1.4577091627773702,1.6007809964654538,0.006518641168156775,8.0
2026-10-09 17:50:00,0.0735931,0.014687528231912493,1.1299999747425318,16.699999626725912,0.05060872163501845,1.4071004411423518,1.4577091627773702,1.5459897934048172,0.006518641168156775,8.0
2026-10-09 18:00:00,0.0735931,-0.04044047766038175,1.1799999736249447,16.329999634996057,0.05057045518834608,1.4060364993502241,1.4566069545385703,1.489759579273723,0.006518641168156775,8.0
2026-10-09 18:10:00,0.0735931,-0.09541540605945854,1.1799999736249447,16.329999634996057,0.05057045518834608,1.4060364993502241,1.4566069545385703,1.4347846508746462,0.006518641168156775,8.0
2026-10-09 18:20:00,0.0735931,-0.14974975130893275,1.1799999736249447,16.329999634996057,0.05057045518834608,1.4060364993502241,1.4566069545385703,1.380450305625172,0.006518641168156775,8.0
2026-10-09 18:30:00,0.0735931,-0.2029640570995589,1.1799999736249447,16.329999634996057,0.05057045518834608,1.4060364993502241,1.4566069545385703,1.3272359998345458,0.006518641168156775,8.0
2026-10-09 18:40:00,0.0735931,-0.2545924916709375,1.1799999736249447,16.329999634996057,0.05057045518834608,1.4060364993502241,1.4566069545385703,1.2756075652631673,0.006518641168156775,8.0
2026-10-09 18:50:00,0.0735931,-0.3041882057544809,1.1799999736249447,16.329999634996057,0.05057045518834608,1.4060364993502241,1.4566069545385703,1.2260118511796239,0.006518641168156775,8.0
2026-10-09 19:00:00,0.0735931,-0.35132834946369484,1.1799999736249447,16.329999634996057,0.05057045518834608,1.4060364993502241,1.4566069545385703,1.1788717074704098,0.006518641168156775,8.0
2026-10-09 19:10:00,0.0735931,-0.3956186256814966,1.1799999736249447,16.329999634996057,0.05057045518834608,1.4060364993502241,1.4566069545385703,1.1345814312526081,0.006518641168156775,8.0
2026-10-09 19:20:00,0.0735931,-0.43669726700297856,1.1799999736249447,16.329999634996057,0.05057045518834608,1.4060364993502241,1.4566069545385703,1.0935027899311263,0.006518641168156775,8.0
2026-10-09 19:30:00,0.0735931,-0.4742383416711888,1.1799999736249447,16.329999634996057,0.05057045518834608,1.4060364993502241,1.4566069545385703,1.055961715262916,0.006518641168156775,8.0
2026-10-09 19:40:00,0.0735931,-0.5079543196565293,1.1799999736249447,16.329999634996057,0.05057045518834608,1.4060364993502241,1.4566069545385703,1.0222457372775755,0.006518641168156775,8.0
2026-10-09 19:50:00,0.0735931,-0.5375978621647197,1.1799999736249447,16.329999634996057,0.05057045518834608,1.4060364993502241,1.4566069545385703,0.992602194769385,0.006518641168156775,8.0
2026-10-09 20:00:00,0.0735931,-0.562962833233443,1.1799999736249447,16.329999634996057,0.05057045518834608,1.4060364993502241,1.4566069545385703,0.9672372237006618,0.006518641168156775,8.0
2026-10-09 20:10:00,0.0735931,-0.583884568230451,1.1799999736249447,16.329999634996057,0.05057045518834608,1.4060364993502241,1.4566069545385703,0.9463154887036538,0.006518641168156775,8.0
2026-10-09 20:20:00,0.0735931,-0.6002394674726446,1.1799999736249447,16.329999634996057,0.05057045518834608,1.4060364993502241,1.4566069545385703,0.9299605894614602,0.006518641168156775,8.0
2026-10-09 20:30:00,0.0735931,-0.6119440110380621,1.1799999736249447,16.329999634996057,0.05057045518834608,1.4060364993502241,1.4566069545385703,0.9182560458960427,0.006518641168156775,8.0
2026-10-09 20:40:00,0.0735931,-0.618953310506217,1.1799999736249447,16.329999634996057,0.05057045518834608,1.4060364993502241,1.4566069545385703,0.9112467464278877,0.006518641168156775,8.0
2026-10-09 20:50:00,0.0735931,-0.6212593231215651,1.1799999736249447,16.329999634996057,0.05057045518834608,1.4060364993502241,1.4566069545385703,0.9089407338125397,0.006518641168156775,8.0
2026-10-09 21:00:00,0.0735931,-0.6188888530320611,1.1999999731779099,15.999999642372131,0.04996665538321055,1.3892487413369892,1.4392153967201997,0.8939196460836731,0.006518641168156775,8.0
2026-10-09 21:10:00,0.0735931,-0.6119014530621988,1.1999999731779099,15.999999642372131,0.04996665538321055,1.3892487413369892,1.4392153967201997,0.9009070460535354,0.006518641168156775,8.0
2026-10-09 21:20:00,0.0735931,-0.6003873204751102,1.1999999731779099,15.999999642372131,0.04996665538321055,1.3892487413369892,1.4392153967201997,0.912421178640624,0.006518641168156775,8.0
2026-10-09 21:30:00,0.0735931,-0.5844652536349749,1.1999999731779099,15.999999642372131,0.04996665538321055,1.3892487413369892,1.4392153967201997,0.9283432454807593,0.006518641168156775,8.0
2026-10-09 21:40:00,0.0735931,-0.5642807064726431,1.1999999731779099,15.999999642372131,0.04996665538321055,1.3892487413369892,1.4392153967201997,0.9485277926430912,0.006518641168156775,8.0
2026-10-09 21:50:00,0.0735931,-0.5400039475863313,1.1999999731779099,15.999999642372131,0.04996665538321055,1.3892487413369892,1.4392153967201997,0.9728045515294029,0.006518641168156775,8.0
2026-10-09 22:00:00,0.0735931,-0.5118283040479183,1.1999999731779099,15.999999642372131,0.04996665538321055,1.3892487413369892,1.4392153967201997,1.0009801950678159,0.006518641168156775,8.0
2026-10-09 22:10:00,0.0735931,-0.47996844949650785,1.1999999731779099,15.999999642372131,0.04996665538321055,1.3892487413369892,1.4392153967201997,1.0328400496192263,0.006518641168156775,8.0
2026-10-09 22:20:00,0.0735931,-0.4446586842100323,1.1999999731779099,15.999999642372131,0.04996665538321055,1.3892487413369892,1.4392153967201997,1.068149814905702,0.006518641168156775,8.0
2026-10-09 22:30:00,0.0735931,-0.40615115270473306,1.1999999731779099,15.999999642372131,0.04996665538321055,1.3892487413369892,1.4392153967201997,1.1066573464110012,0.006518641168156775,8.0
2026-10-09 22:40:00,0.0735931,-0.36471395229914017,1.1999999731779099,15.999999642372131,0.04996665538321055,1.3892487413369892,1.4392153967201997,1.1480945468165942,0.006518641168156775,8.0
2026-10-09 22:50:00,0.0735931,-0.3206291027484611,1.1999999731779099,15.999999642372131,0.04996665538321055,1.3892487413369892,1.4392153967201997,1.192179396367273,0.006518641168156775,8.0
2026-10-09 23:00:00,0.0735931,-0.2741903706556937,1.1999999731779099,15.999999642372131,0.04996665538321055,1.3892487413369892,1.4392153967201997,1.2386181284600406,0.006518641168156775,8.0
2026-10-09 23:10:00,0.0735931,-0.22570096961962322,1.1999999731779099,15.999999642372131,0.04996665538321055,1.3892487413369892,1.4392153967201997,1.287107529496111,0.006518641168156775,8.0
2026-10-09 23:20:00,0.0735931,-0.175471184884724,1.1999999731779099,15.999999642372131,0.04996665538321055,1.3892487413369892,1.4392153967201997,1.3373373142310103,0.006518641168156775,8.0
2026-10-09 23:30:00,0.0735931,-0.12381599568732905,1.1999999731779099,15.999999642372131,0.04996665538321055,1.3892487413369892,1.4392153967201997,1.3889925034284052,0.006518641168156775,8.0
2026-10-09 23:40:00,0.0735931,-0.07105278636659272,1.1999999731779099,15.999999642372131,0.04996665538321055,1.3892487413369892,1.4392153967201997,1.4417557127491416,0.006518641168156775,8.0
2026-10-09 23:50:00,0.0735931,-0.017499245993798252,1.1999999731779099,15.999999642372131,0.04996665538321055,1.3892487413369892,1.4392153967201997,1.495309253121936,0.006518641168156775,8.0
2026-10-10 00:00:00,0.10040816,0.03652844616583946,1.219999972730875,15.719999648630619,0.049499650371992665,1.3762643596717212,1.425764010043714,1.5627006154059302,0.006518641168156775,8.0
2026-10-10 00:10:00,0.10040816,0.09071706586443559,1.219999972730875,15.719999648630619,0.049499650371992665,1.3762643596717212,1.425764010043714,1.6168892351045263,0.006518641168156775,8.0
2026-10-10 00:20:00,0.10040816,0.14475736105353534,1.219999972730875,15.719999648630619,0.049499650371992665,1.3762643596717212,1.425764010043714,1.670929530293626,0.006518641168156775,8.0
2026-10-10 00:30:00,0.10040816,0.19834461581581278,1.219999972730875,15.719999648630619,0.049499650371992665,1.3762643596717212,1.425764010043714,1.7245167850559033,0.006518641168156775,8.0
2026-10-10 00:40:00,0.10040816,0.2511787753687516,1.219999972730875,15.719999648630619,0.049499650371992665,1.3762643596717212,1.425764010043714,1.7773509446088422,0.006518641168156775,8.0
2026-10-10 00:50:00,0.10040816,0.3029641880071735,1.219999972730875,15.719999648630619,0.049499650371992665,1.3762643596717212,1.425764010043714,1.8291363572472643,0.006518641168156775,8.0
2026-10-10 01:00:00,0.10040816,0.3534090595373875,1.219999972730875,15.719999648630619,0.049499650371992665,1.3762643596717212,1.425764010043714,1.8795812287774782,0.006518641168156775,8.0
2026-10-10 01:10:00,0.10040816,0.40222474948226455,1.219999972730875,15.719999648630619,0.049499650371992665,1.3762643596717212,1.425764010043714,1.9283969187223553,0.006518641168156775,8.0
2026-10-10 01:20:00,0.10040816,0.4491250624209338,1.219999972730875,15.719999648630619,0.049499650371992665,1.3762643596717212,1.425764010043714,1.9752972316610244,0.006518641168156775,8.0
2026-10-10 01:30:00,0.10040816,0.49382569980113594,1.219999972730875,15.719999648630619,0.049499650371992665,1.3762643596717212,1.425764010043714,2.0199978690412266,0.006518641168156775,8.0
2026-10-10 01:40:00,0.10040816,0.5360440355356775,1.219999972730875,15.719999648630619,0.049499650371992665,1.3762643596717212,1.425764010043714,2.062216204775768,0.006518641168156775,8.0
2026-10-10 01:50:00,0.10040816,0.5754993627169981,1.219999972730875,15.719999648630619,0.049499650371992665,1.3762643596717212,1.425764010043714,2.1016715319570887,0.006518641168156775,8.0
2026-10-10 02:00:00,0.10040816,0.6119137296216834,1.219999972730875,15.719999648630619,0.049499650371992665,1.3762643596717212,1.425764010043714,2.138085898861774,0.006518641168156775,8.0
2026-10-10 02:10:00,0.10040816,0.6450134433580331,1.219999972730875,15.719999648630619,0.049499650371992665,1.3762643596717212,1.425764010043714,2.1711856125981237,0.006518641168156775,8.0
2026-10-10 02:20:00,0.10040816,0.6745312722190526,1.219999972730875,15.719999648630619,0.049499650371992665,1.3762643596717212,1.425764010043714,2.2007034414591433,0.006518641168156775,8.0
2026-10-10 02:30:00,0.10040816,0.7002093270534877,1.219999972730875,15.719999648630619,0.049499650371992665,1.3762643596717212,1.425764010043714,2.2263814962935786,0.006518641168156775,8.0
2026-10-10 02:40:00,0.10040816,0.7218025520807794,1.219999972730875,15.719999648630619,0.049499650371992665,1.3762643596717212,1.425764010043714,2.24797472132087,0.006518641168156775,8.0
2026-10-10 02:50:00,0.10040816,0.7390827105537352,1.219999972730875,15.719999648630619,0.049499650371992665,1.3762643596717212,1.425764010043714,2.265254879793826,0.006518641168156775,8.0
2026-10-10 03:00:00,0.10040816,0.7518427142614907,1.2399999722838402,15.29999965801835,0.04857042993544132,1.3504287636726875,1.3989991936081287,2.251250067065996,0.006518641168156775,8.0
2026-10-10 03:10:00,0.10040816,0.7599011205979531,1.2399999722838402,15.29999965801835,0.04857042993544132,1.3504287636726875,1.3989991936081287,2.2593084734024584,0.006518641168156775,8.0
2026-10-10 03:20:00,0.10040816,0.7631066085504743,1.2399999722838402,15.29999965801835,0.04857042993544132,1.3504287636726875,1.3989991936081287,2.26251396135498,0.006518641168156775,8.0
2026-10-10 03:30:00,0.10040816,0.7613422457041914,1.2399999722838402,15.29999965801835,0.04857042993544132,1.3504287636726875,1.3989991936081287,2.260749598508697,0.006518641168156775,8.0
2026-10-10 03:40:00,0.10040816,0.7545293714674355,1.2399999722838402,15.29999965801835,0.04857042993544132,1.3504287636726875,1.3989991936081287,2.253936724271941,0.006518641168156775,8.0
2026-10-10 03:50:00,0.10040816,0.742630945169806,1.2399999722838402,15.29999965801835,0.04857042993544132,1.3504287636726875,1.3989991936081287,2.2420382979743114,0.006518641168156775,8.0
2026-10-10 04:00:00,0.10040816,0.7256542387636927,1.2399999722838402,15.29999965801835,0.04857042993544132,1.3504287636726875,1.3989991936081287,2.225061591568198,0.006518641168156775,8.0
2026-10-10 04:10:00,0.10040816,0.7036527892535926,1.2399999722838402,15.29999965801835,0.04857042993544132,1.3504287636726875,1.3989991936081287,2.2030601420580984,0.006518641168156775,8.0
2026-10-10 04:20:00,0.10040816,0.6767275623215963,1.2399999722838402,15.29999965801835,0.04857042993544132,1.3504287636726875,1.3989991936081287,2.176134915126102,0.006518641168156775,8.0
2026-10-10 04:30:00,0.10040816,0.6450273126990314,1.2399999722838402,15.29999965801835,0.04857042993544132,1.3504287636726875,1.3989991936081287,2.144434665503537,0.006518641168156775,8.0
2026-10-10 04:40:00,0.10040816,0.6087481560911865,1.2399999722838402,15.29999965801835,0.04857042993544132,1.3504287636726875,1.3989991936081287,2.108155508895692,0.006518641168156775,8.0
2026-10-10 04:50:00,0.10040816,0.5681323900488496,1.2399999722838402,15.29999965801835,0.04857042993544132,1.3504287636726875,1.3989991936081287,2.0675397428533553,0.006518641168156775,8.0
2026-10-10 05:00:00,0.10040816,0.5234666163152234,1.2399999722838402,15.29999965801835,0.04857042993544132,1.3504287636726875,1.3989991936081287,2.022873969119729,0.006518641168156775,8.0
2026-10-10 05:10:00,0.10040816,0.47507922489895776,1.2399999722838402,15.29999965801835,0.04857042993544132,1.3504287636726875,1.3989991936081287,1.9744865777034633,0.006518641168156775,8.0
2026-10-10 05:20:00,0.10040816,0.42333730161418653,1.2399999722838402,15.29999965801835,0.04857042993544132,1.3504287636726875,1.3989991936081287,1.9227446544186921,0.006518641168156775,8.0
2026-10-10 05:30:00,0.10040816,0.36864301772384217,1.2399999722838402,15.29999965801835,0.04857042993544132,1.3504287636726875,1.3989991936081287,1.8680503705283478,0.006518641168156775,8.0
2026-10-10 05:40:00,0.10040816,0.31142955479986373,1.2399999722838402,15.29999965801835,0.04857042993544132,1.3504287636726875,1.3989991936081287,1.8108369076043693,0.006518641168156775,8.0
2026-10-10 05:50:00,0.10040816,0.2521566124433265,1.2399999722838402,15.29999965801835,0.04857042993544132,1.3504287636726875,1.3989991936081287,1.751563965247832,0.006518641168156775,8.0
2026-10-10 06:00:00,0.10040816,0.19130554291940038,1.2399999722838402,14.939999666064978,0.04742759628990152,1.3186539692333301,1.3660815655232317,1.6577952676390089,0.006518641168156775,8.0
2026-10-10 06:10:00,0.10040816,0.12937415702539154,1.2399999722838402,14.939999666064978,0.04742759628990152,1.3186539692333301,1.3660815655232317,1.595863881745,0.006518641168156775,8.0
2026-10-10 06:20:00,0.10040816,0.0668712501780024,1.2399999722838402,14.939999666064978,0.04742759628990152,1.3186539692333301,1.3660815655232317,1.533360974897611,0.006518641168156775,8.0
2026-10-10 06:30:00,0.10040816,0.00431090724833753,1.2399999722838402,14.939999666064978,0.04742759628990152,1.3186539692333301,1.3660815655232317,1.470800631967946,0.006518641168156775,8.0
2026-10-10 06:40:00,0.10040816,-0.05779334206083391,1.2399999722838402,14.939999666064978,0.04742759628990152,1.3186539692333301,1.3660815655232317,1.4086963826587746,0.006518641168156775,8.0
2026-10-10 06:50:00,0.10040816,-0.11893442969353377,1.2399999722838402,14.939999666064978,0.04742759628990152,1.3186539692333301,1.3660815655232317,1.3475552950260747,0.006518641168156775,8.0
2026-10-10 07:00:00,0.10040816,-0.1786176139521544,1.2399999722838402,14.939999666064978,0.04742759628990152,1.3186539692333301,1.3660815655232317,1.287872110767454,0.006518641168156775,8.0
2026-10-10 07:10:00,0.10040816,-0.2363661849364764,1.2399999722838402,14.939999666064978,0.04742759628990152,1.3186539692333301,1.3660815655232317,1.230123539783132,0.006518641168156775,8.0
2026-10-10 07:20:00,0.10040816,-0.2917268837669914,1.2399999722838402,14.939999666064978,0.04742759628990152,1.3186539692333301,1.3660815655232317,1.1747628409526172,0.006518641168156775,8.0
2026-10-10 07:30:00,0.10040816,-0.344274905890748,1.2399999722838402,14.939999666064978,0.04742759628990152,1.3186539692333301,1.3660815655232317,1.1222148188288605,0.006518641168156775,8.0
2026-10-10 07:40:00,0.10040816,-0.3936183640137273,1.2399999722838402,14.939999666064978,0.04742759628990152,1.3186539692333301,1.3660815655232317,1.0728713607058813,0.006518641168156775,8.0
2026-10-10 07:50:00,0.10040816,-0.4394021002738934,1.2399999722838402,14.939999666064978,0.04742759628990152,1.3186539692333301,1.3660815655232317,1.027087624445715,0.006518641168156775,8.0
2026-10-10 08:00:00,0.10040816,-0.481310759642712,1.2399999722838402,14.939999666064978,0.04742759628990152,1.3186539692333301,1.3660815655232317,0.9851789650768965,0.006518641168156775,8.0
2026-10-10 08:10:00,0.10040816,-0.5190710662334569,1.2399999722838402,14.939999666064978,0.04742759628990152,1.3186539692333301,1.3660815655232317,0.9474186584861516,0.006518641168156775,8.0
2026-10-10 08:20:00,0.10040816,-0.5524532788333868,1.2399999722838402,14.939999666064978,0.04742759628990152,1.3186539692333301,1.3660815655232317,0.9140364458862217,0.006518641168156775,8.0
2026-10-10 08:30:00,0.10040816,-0.5812718389591852,1.2399999722838402,14.939999666064978,0.04742759628990152,1.3186539692333301,1.3660815655232317,0.8852178857604233,0.006518641168156775,8.0
2026-10-10 08:40:00,0.10040816,-0.6053852608687924,1.2399999722838402,14.939999666064978,0.04742759628990152,1.3186539692333301,1.3660815655232317,0.8611044638508161,0.006518641168156775,8.0
2026-10-10 08:50:00,0.10040816,-0.6246953450314728,1.2399999722838402,14.939999666064978,0.04742759628990152,1.3186539692333301,1.3660815655232317,0.8417943796881356,0.006518641168156775,8.0
2026-10-10 09:00:00,0.10040816,-0.6391458218011028,1.2499999720603228,14.569999674335122,0.046439146859456486,1.2911715989087706,1.3376107457682271,0.7988730831635011,0.006518641168156775,8.0
2026-10-10 09:10:00,0.10040816,-0.6487205481594113,1.2499999720603228,14.569999674335122,0.046439146859456486,1.2911715989087706,1.3376107457682271,0.7892983568051927,0.006518641168156775,8.0
2026-10-10 09:20:00,0.10040816,-0.6534413861416891,1.2499999720603228,14.569999674335122,0.046439146859456486,1.2911715989087706,1.3376107457682271,0.7845775188229148,0.006518641168156775,8.0
2026-10-10 09:30:00,0.10040816,-0.6533658866447405,1.2499999720603228,14.569999674335122,0.046439146859456486,1.2911715989087706,1.3376107457682271,0.7846530183198634,0.006518641168156775,8.0
2026-10-10 09:40:00,0.10040816,-0.6485848875913418,1.2499999720603228,14.569999674335122,0.046439146859456486,1.2911715989087706,1.3376107457682271,0.7894340173732621,0.006518641168156775,8.0
2026-10-10 09:50:00,0.10040816,-0.6392201127767996,1.2499999720603228,14.569999674335122,0.046439146859456486,1.2911715989087706,1.3376107457682271,0.7987987921878044,0.006518641168156775,8.0
2026-10-10 10:00:00,0.10040816,-0.6254218298172068,1.2499999720603228,14.569999674335122,0.046439146859456486,1.2911715989087706,1.3376107457682271,0.8125970751473971,0.006518641168156775,8.0
2026-10-10 10:10:00,0.10040816,-0.60736659573961,1.2499999720603228,14.569999674335122,0.046439146859456486,1.2911715989087706,1.3376107457682271,0.8306523092249939,0.006518641168156775,8.0
2026-10-10 10:20:00,0.10040816,-0.5852550902463564,1.2499999720603228,14.569999674335122,0.046439146859456486,1.2911715989087706,1.3376107457682271,0.8527638147182476,0.006518641168156775,8.0
2026-10-10 10:30:00,0.10040816,-0.5593100128819591,1.2499999720603228,14.569999674335122,0.046439146859456486,1.2911715989087706,1.3376107457682271,0.8787088920826448,0.006518641168156775,8.0
2026-10-10 10:40:00,0.10040816,-0.5297740037849595,1.2499999720603228,14.569999674335122,0.046439146859456486,1.2911715989087706,1.3376107457682271,0.9082449011796444,0.006518641168156775,8.0
2026-10-10 10:50:00,0.10040816,-0.49690754033760914,1.2499999720603228,14.569999674335122,0.046439146859456486,1.2911715989087706,1.3376107457682271,0.9411113646269949,0.006518641168156775,8.0
2026-10-10 11:00:00,0.10040816,-0.46098676446925757,1.2499999720603228,14.569999674335122,0.046439146859456486,1.2911715989087706,1.3376107457682271,0.9770321404953464,0.006518641168156775,8.0
2026-10-10 11:10:00,0.10040816,-0.42230120725491793,1.2499999720603228,14.569999674335122,0.046439146859456486,1.2911715989087706,1.3376107457682271,1.015717697709686,0.006518641168156775,8.0
2026-10-10 11:20:00,0.10040816,-0.3811513972184706,1.2499999720603228,14.569999674335122,0.046439146859456486,1.2911715989087706,1.3376107457682271,1.0568675077461334,0.006518641168156775,8.0
2026-10-10 11:30:00,0.10040816,-0.3378463638413859,1.2499999720603228,14.569999674335122,0.046439146859456486,1.2911715989087706,1.3376107457682271,1.100172541123218,0.006518641168156775,8.0
2026-10-10 11:40:00,0.10040816,-0.29270107492474073,1.2499999720603228,14.569999674335122,0.046439146859456486,1.2911715989087706,1.3376107457682271,1.1453178300398632,0.006518641168156775,8.0
2026-10-10 11:50:00,0.10040816,-0.24603387226725149,1.2499999720603228,14.569999674335122,0.046439146859456486,1.2911715989087706,1.3376107457682271,1.1919850326973525,0.006518641168156775,8.0
2026-10-10 12:00:00,0.10040816,-0.19816399081910366,1.269999971613288,14.4099996779114,0.046295152140927893,1.2871680393360754,1.3334631914770032,1.2357073598542763,0.006518641168156775,8.0
2026-10-10 12:10:00,0.10040816,-0.14940925929364762,1.269999971613288,14.4099996779114,0.046295152140927893,1.2871680393360754,1.3334631914770032,1.2844620913797324,0.006518641168156775,8.0
2026-10-10 12:20:00,0.10040816,-0.1000840827533333,1.269999971613288,14.4099996779114,0.046295152140927893,1.2871680393360754,1.3334631914770032,1.3337872679200466,0.006518641168156775,8.0
2026-10-10 12:30:00,0.10040816,-0.05049779875365773,1.269999971613288,14.4099996779114,0.046295152140927893,1.2871680393360754,1.3334631914770032,1.3833735519197223,0.006518641168156775,8.0
2026-10-10 12:40:00,0.10040816,-0.0009534785530387468,1.269999971613288,14.4099996779114,0.046295152140927893,1.2871680393360754,1.3334631914770032,1.4329178721203413,0.006518641168156775,8.0
2026-10-10 12:50:00,0.10040816,0.048252785351067466,1.269999971613288,14.4099996779114,0.046295152140927893,1.2871680393360754,1.3334631914770032,1.4821241360244475,0.006518641168156775,8.0
2026-10-10 13:00:00,0.10040816,0.09683210163944267,1.269999971613288,14.4099996779114,0.046295152140927893,1.2871680393360754,1.3334631914770032,1.5307034523128227,0.006518641168156775,8.0
2026-10-10 13:10:00,0.10040816,0.1445025505613353,1.269999971613288,14.4099996779114,0.046295152140927893,1.2871680393360754,1.3334631914770032,1.5783739012347153,0.006518641168156775,8.0
2026-10-10 13:20:00,0.10040816,0.1909885820706175,1.269999971613288,14.4099996779114,0.046295152140927893,1.2871680393360754,1.3334631914770032,1.6248599327439974,0.006518641168156775,8.0
2026-10-10 13:30:00,0.10040816,0.236020159292746,1.269999971613288,14.4099996779114,0.046295152140927893,1.2871680393360754,1.3334631914770032,1.669891509966126,0.006518641168156775,8.0
2026-10-10 13:40:00,0.10040816,0.279331794728449,1.269999971613288,14.4099996779114,0.046295152140927893,1.2871680393360754,1.3334631914770032,1.713203145401829,0.006518641168156775,8.0
2026-10-10 13:50:00,0.10040816,0.3206616453450297,1.269999971613288,14.4099996779114,0.046295152140927893,1.2871680393360754,1.3334631914770032,1.7545329960184097,0.006518641168156775,8.0
2026-10-10 14:00:00,0.10040816,0.3597508381935649,1.269999971613288,14.4099996779114,0.046295152140927893,1.2871680393360754,1.3334631914770032,1.7936221888669448,0.006518641168156775,8.0
2026-10-10 14:10:00,0.10040816,0.39634318925707285,1.269999971613288,14.4099996779114,0.046295152140927893,1.2871680393360754,1.3334631914770032,1.8302145399304528,0.006518641168156775,8.0
2026-10-10 14:20:00,0.10040816,0.4301854555671969,1.269999971613288,14.4099996779114,0.046295152140927893,1.2871680393360754,1.3334631914770032,1.864056806240577,0.006518641168156775,8.0
2026-10-10 14:30:00,0.10040816,0.46102822555771483,1.269999971613288,14.4099996779114,0.046295152140927893,1.2871680393360754,1.3334631914770032,1.894899576231095,0.006518641168156775,8.0
2026-10-10 14:40:00,0.10040816,0.4886275083368457,1.269999971613288,14.4099996779114,0.046295152140927893,1.2871680393360754,1.3334631914770032,1.9224988590102257,0.006518641168156775,8.0
2026-10-10 14:50:00,0.10040816,0.5127470324229823,1.269999971613288,14.4099996779114,0.046295152140927893,1.2871680393360754,1.3334631914770032,1.9466183830963621,0.006518641168156775,8.0
2026-10-10 15:00:00,0.10040816,0.5331612129905696,1.289999971166253,14.169999683275819,0.0458811589715258,1.2756575733042181,1.321538732275744,1.9551081044626903,0.006518641168156775,8.0
2026-10-10 15:10:00,0.10040816,0.5496586978446478,1.289999971166253,14.169999683275819,0.0458811589715258,1.2756575733042181,1.321538732275744,1.9716055893167685,0.006518641168156775,8.0
2026-10-10 15:20:00,0.10040816,0.5620463602698702,1.289999971166253,14.169999683275819,0.0458811589715258,1.2756575733042181,1.321538732275744,1.983993251741991,0.006518641168156775,8.0
2026-10-10 15:30:00,0.10040816,0.5701535747777535,1.289999971166253,14.169999683275819,0.0458811589715258,1.2756575733042181,1.321538732275744,1.9921004662498742,0.006518641168156775,8.0
2026-10-10 15:40:00,0.10040816,0.5738365917623426,1.289999971166253,14.169999683275819,0.0458811589715258,1.2756575733042181,1.321538732275744,1.9957834832344634,0.006518641168156775,8.0
2026-10-10 15:50:00,0.10040816,0.5729828202963855,1.289999971166253,14.169999683275819,0.0458811589715258,1.2756575733042181,1.321538732275744,1.9949297117685063,0.006518641168156775,8.0
2026-10-10 16:00:00,0.10040816,0.5675148344712032,1.289999971166253,14.169999683275819,0.0458811589715258,1.2756575733042181,1.321538732275744,1.989461725943324,0.006518641168156775,8.0
2026-10-10 16:10:00,0.10040816,0.5573939364679372,1.289999971166253,14.169999683275819,0.0458811589715258,1.2756575733042181,1.321538732275744,1.979340827940058,0.006518641168156775,8.0
2026-10-10 16:20:00,0.10040816,0.5426231365595132,1.289999971166253,14.169999683275819,0.0458811589715258,1.2756575733042181,1.321538732275744,1.964570028031634,0.006518641168156775,8.0
2026-10-10 16:30:00,0.10040816,0.5232494434625267,1.289999971166253,14.169999683275819,0.0458811589715258,1.2756575733042181,1.321538732275744,1.9451963349346473,0.006518641168156775,8.0
2026-10-10 16:40:00,0.10040816,0.49936539449929895,1.289999971166253,14.169999683275819,0.0458811589715258,1.2756575733042181,1.321538732275744,1.9213122859714198,0.006518641168156775,8.0
2026-10-10 16:50:00,0.10040816,0.4711097905865988,1.289999971166253,14.169999683275819,0.0458811589715258,1.2756575733042181,1.321538732275744,1.8930566820587196,0.006518641168156775,8.0
2026-10-10 17:00:00,0.10040816,0.4386676331382103,1.289999971166253,14.169999683275819,0.0458811589715258,1.2756575733042181,1.321538732275744,1.860614524610331,0.006518641168156775,8.0
2026-10-10 17:10:00,0.10040816,0.4022692864232245,1.289999971166253,14.169999683275819,0.0458811589715258,1.2756575733042181,1.321538732275744,1.8242161778953452,0.006518641168156775,8.0
2026-10-10 17:20:00,0.10040816,0.36218890822562977,1.289999971166253,14.169999683275819,0.0458811589715258,1.2756575733042181,1.321538732275744,1.7841357996977505,0.006518641168156775,8.0
2026-10-10 17:30:00,0.10040816,0.3187422036347453,1.289999971166253,14.169999683275819,0.0458811589715258,1.2756575733042181,1.321538732275744,1.740689095106866,0.006518641168156775,8.0
2026-10-10 17:40:00,0.10040816,0.27228356180284713,1.289999971166253,14.169999683275819,0.0458811589715258,1.2756575733042181,1.321538732275744,1.694230453274968,0.006518641168156775,8.0
2026-10-10 17:50:00,0.10040816,0.22320263517154368,1.289999971166253,14.169999683275819,0.0458811589715258,1.2756575733042181,1.321538732275744,1.6451495266436644,0.006518641168156775,8.0
2026-10-10 18:00:00,0.10040816,0.17192041671438582,1.2799999713897705,13.839999690651894,0.04463861890736096,1.2411105897816468,1.2857492086890077,1.5580777845997704,0.006518641168156775,8.0
2026-10-10 18:10:00,0.10040816,0.11888486566681972,1.2799999713897705,13.839999690651894,0.04463861890736096,1.2411105897816468,1.2857492086890077,1.5050422335522042,0.006518641168156775,8.0
2026-10-10 18:20:00,0.10040816,0.0645661280723411,1.2799999713897705,13.839999690651894,0.04463861890736096,1.2411105897816468,1.2857492086890077,1.4507234959577255,0.006518641168156775,8.0
2026-10-10 18:30:00,0.10040816,0.009451397236446085,1.2799999713897705,13.839999690651894,0.04463861890736096,1.2411105897816468,1.2857492086890077,1.3956087651218305,0.006518641168156775,8.0
2026-10-10 18:40:00,0.10040816,-0.04596053782613492,1.2799999713897705,13.839999690651894,0.04463861890736096,1.2411105897816468,1.2857492086890077,1.3401968300592495,0.006518641168156775,8.0
2026-10-10 18:50:00,0.10040816,-0.10116500030336902,1.2799999713897705,13.839999690651894,0.04463861890736096,1.2411105897816468,1.2857492086890077,1.2849923675820154,0.006518641168156775,8.0
2026-10-10 19:00:00,0.10040816,-0.15565732210905686,1.2799999713897705,13.839999690651894,0.04463861890736096,1.2411105897816468,1.2857492086890077,1.2305000457763275,0.006518641168156775,8.0
2026-10-10 19:10:00,0.10040816,-0.2089388462101932,1.2799999713897705,13.839999690651894,0.04463861890736096,1.2411105897816468,1.2857492086890077,1.1772185216751914,0.006518641168156775,8.0
2026-10-10 19:20:00,0.10040816,-0.260522935327509,1.2799999713897705,13.839999690651894,0.04463861890736096,1.2411105897816468,1.2857492086890077,1.1256344325578755,0.006518641168156775,8.0
2026-10-10 19:30:00,0.10040816,-0.3099408721156199,1.2799999713897705,13.839999690651894,0.04463861890736096,1.2411105897816468,1.2857492086890077,1.0762164957697646,0.006518641168156775,8.0
2026-10-10 19:40:00,0.10040816,-0.3567475237305308,1.2799999713897705,13.839999690651894,0.04463861890736096,1.2411105897816468,1.2857492086890077,1.0294098441548536,0.006518641168156775,8.0
2026-10-10 19:50:00,0.10040816,-0.4005266372415437,1.2799999713897705,13.839999690651894,0.04463861890736096,1.2411105897816468,1.2857492086890077,0.9856307306438408,0.006518641168156775,8.0
2026-10-10 20:00:00,0.10040816,-0.44089563350184874,1.2799999713897705,13.839999690651894,0.04463861890736096,1.2411105897816468,1.2857492086890077,0.9452617343835357,0.006518641168156775,8.0
2026-10-10 20:10:00,0.10040816,-0.4775097767166428,1.2799999713897705,13.839999690651894,0.04463861890736096,1.2411105897816468,1.2857492086890077,0.9086475911687417,0.006518641168156775,8.0
2026-10-10 20:20:00,0.10040816,-0.5100656156087153,1.2799999713897705,13.839999690651894,0.04463861890736096,1.2411105897816468,1.2857492086890077,0.8760917522766691,0.006518641168156775,8.0
2026-10-10 20:30:00,0.10040816,-0.5383036186164374,1.2799999713897705,13.839999690651894,0.04463861890736096,1.2411105897816468,1.2857492086890077,0.8478537492689471,0.006518641168156775,8.0
2026-10-10 20:40:00,0.10040816,-0.5620099586422173,1.2799999713897705,13.839999690651894,0.04463861890736096,1.2411105897816468,1.2857492086890077,0.8241474092431672,0.006518641168156775,8.0
2026-10-10 20:50:00,0.10040816,-0.5810174396819576,1.2799999713897705,13.839999690651894,0.04463861890736096,1.2411105897816468,1.2857492086890077,0.8051399282034268,0.006518641168156775,8.0
2026-10-10 21:00:00,0.10040816,-0.5952055955021619,1.269999971613288,13.729999693110585,0.04411050929180708,1.2264272852244493,1.2705377945162564,0.7757403582104713,0.006518641168156775,8.0
2026-10-10 21:10:00,0.10040816,-0.6045000259451488,1.269999971613288,13.729999693110585,0.04411050929180708,1.2264272852244493,1.2705377945162564,0.7664459277674843,0.006518641168156775,8.0
2026-10-10 21:20:00,0.10040816,-0.6088710664506708,1.269999971613288,13.729999693110585,0.04411050929180708,1.2264272852244493,1.2705377945162564,0.7620748872619624,0.006518641168156775,8.0
2026-10-10 21:30:00,0.10040816,-0.608331908424651,1.269999971613288,13.729999693110585,0.04411050929180708,1.2264272852244493,1.2705377945162564,0.7626140452879822,0.006518641168156775,8.0
2026-10-10 21:40:00,0.10040816,-0.6029363001836618,1.269999971613288,13.729999693110585,0.04411050929180708,1.2264272852244493,1.2705377945162564,0.7680096535289713,0.006518641168156775,8.0
2026-10-10 21:50:00,0.10040816,-0.5927759596751874,1.269999971613288,13.729999693110585,0.04411050929180708,1.2264272852244493,1.2705377945162564,0.7781699940374458,0.006518641168156775,8.0
2026-10-10 22:00:00,0.10040816,-0.5779778211424619,1.269999971613288,13.729999693110585,0.04411050929180708,1.2264272852244493,1.2705377945162564,0.7929681325701713,0.006518641168156775,8.0
2026-10-10 22:10:00,0.10040816,-0.5587012197796241,1.269999971613288,13.729999693110585,0.04411050929180708,1.2264272852244493,1.2705377945162564,0.8122447339330091,0.006518641168156775,8.0
2026-10-10 22:20:00,0.10040816,-0.5351350934422383,1.269999971613288,13.729999693110585,0.04411050929180708,1.2264272852244493,1.2705377945162564,0.8358108602703949,0.006518641168156775,8.0
2026-10-10 22:30:00,0.10040816,-0.5074952516327199,1.269999971613288,13.729999693110585,0.04411050929180708,1.2264272852244493,1.2705377945162564,0.8634507020799133,0.006518641168156775,8.0
2026-10-10 22:40:00,0.10040816,-0.476021732635365,1.269999971613288,13.729999693110585,0.04411050929180708,1.2264272852244493,1.2705377945162564,0.8949242210772681,0.006518641168156775,8.0
2026-10-10 22:50:00,0.10040816,-0.44097624320303597,1.269999971613288,13.729999693110585,0.04411050929180708,1.2264272852244493,1.2705377945162564,0.9299697105095972,0.006518641168156775,8.0
2026-10-10 23:00:00,0.10040816,-0.40263965454860695,1.269999971613288,13.729999693110585,0.04411050929180708,1.2264272852244493,1.2705377945162564,0.9683062991640262,0.006518641168156775,8.0
2026-10-10 23:10:00,0.10040816,-0.36130951597870914,1.269999971613288,13.729999693110585,0.04411050929180708,1.2264272852244493,1.2705377945162564,1.009636437733924,0.006518641168156775,8.0
2026-10-10 23:20:00,0.10040816,-0.3172975444315428,1.269999971613288,13.729999693110585,0.04411050929180708,1.2264272852244493,1.2705377945162564,1.0536484092810903,0.006518641168156775,8.0
2026-10-10 23:30:00,0.10040816,-0.27092705496964237,1.269999971613288,13.729999693110585,0.04411050929180708,1.2264272852244493,1.2705377945162564,1.1000188987429909,0.006518641168156775,8.0
2026-10-10 23:40:00,0.10040816,-0.22253031251300434,1.269999971613288,13.729999693110585,0.04411050929180708,1.2264272852244493,1.2705377945162564,1.148415641199629,0.006518641168156775,8.0
2026-10-10 23:50:00,0.10040816,-0.17244580720855543,1.269999971613288,13.729999693110585,0.04411050929180708,1.2264272852244493,1.2705377945162564,1.1985001465040777,0.006518641168156775,8.0
2026-10-11 00:00:00,0.13484727,-0.1210154815768322,1.269999971613288,13.74999969266355,0.0441747634932518,1.2282137779924385,1.2723885414856904,1.2862203283710392,0.006518641168156775,8.0
2026-10-11 00:10:00,0.13484727,-0.06858196370937769,1.269999971613288,13.74999969266355,0.0441747634932518,1.2282137779924385,1.2723885414856904,1.3386538462384938,0.006518641168156775,8.0
2026-10-11 00:20:00,0.13484727,-0.015485883750836036,1.269999971613288,13.74999969266355,0.0441747634932518,1.2282137779924385,1.2723885414856904,1.3917499261970354,0.006518641168156775,8.0
2026-10-11 00:30:00,0.13484727,0.03793663276063251,1.269999971613288,13.74999969266355,0.0441747634932518,1.2282137779924385,1.2723885414856904,1.445172442708504,0.006518641168156775,8.0
2026-10-11 00:40:00,0.13484727,0.0913561938323188,1.269999971613288,13.74999969266355,0.0441747634932518,1.2282137779924385,1.2723885414856904,1.4985920037801903,0.006518641168156775,8.0
2026-10-11 00:50:00,0.13484727,0.14445199522626112,1.269999971613288,13.74999969266355,0.0441747634932518,1.2282137779924385,1.2723885414856904,1.5516878051741325,0.006518641168156775,8.0
2026-10-11 01:00:00,0.13484727,0.19691321796372926,1.269999971613288,13.74999969266355,0.0441747634932518,1.2282137779924385,1.2723885414856904,1.6041490279116006,0.006518641168156775,8.0
2026-10-11 01:10:00,0.13484727,0.24843991331600898,1.269999971613288,13.74999969266355,0.0441747634932518,1.2282137779924385,1.2723885414856904,1.6556757232638804,0.006518641168156775,8.0
2026-10-11 01:20:00,0.13484727,0.29874335410689784,1.269999971613288,13.74999969266355,0.0441747634932518,1.2282137779924385,1.2723885414856904,1.7059791640547692,0.006518641168156775,8.0
2026-10-11 01:30:00,0.13484727,0.3475458719336958,1.269999971613288,13.74999969266355,0.0441747634932518,1.2282137779924385,1.2723885414856904,1.7547816818815671,0.006518641168156775,8.0
2026-10-11 01:40:00,0.13484727,0.3945802426429916,1.269999971613288,13.74999969266355,0.0441747634932518,1.2282137779924385,1.2723885414856904,1.801816052590863,0.006518641168156775,8.0
2026-10-11 01:50:00,0.13484727,0.43958872318373937,1.269999971613288,13.74999969266355,0.0441747634932518,1.2282137779924385,1.2723885414856904,1.8468245331316109,0.006518641168156775,8.0
2026-10-11 02:00:00,0.13484727,0.48232187775796703,1.269999971613288,13.74999969266355,0.0441747634932518,1.2282137779924385,1.2723885414856904,1.8895576877058384,0.006518641168156775,8.0
2026-10-11 02:10:00,0.13484727,0.522537356160752,1.269999971613288,13.74999969266355,0.0441747634932518,1.2282137779924385,1.2723885414856904,1.9297731661086235,0.006518641168156775,8.0
2026-10-11 02:20:00,0.13484727,0.5599987999614905,1.269999971613288,13.74999969266355,0.0441747634932518,1.2282137779924385,1.2723885414856904,1.967234609909362,0.006518641168156775,8.0
2026-10-11 02:30:00,0.13484727,0.5944750506143671,1.269999971613288,13.74999969266355,0.0441747634932518,1.2282137779924385,1.2723885414856904,2.0017108605622385,0.006518641168156775,8.0
2026-10-11 02:40:00,0.13484727,0.6257398178967246,1.269999971613288,13.74999969266355,0.0441747634932518,1.2282137779924385,1.2723885414856904,2.0329756278445963,0.006518641168156775,8.0
2026-10-11 02:50:00,0.13484727,0.6535719377769611,1.269999971613288,13.74999969266355,0.0441747634932518,1.2282137779924385,1.2723885414856904,2.0608077477248328,0.006518641168156775,8.0
2026-10-11 03:00:00,0.13484727,0.6777563086082665,1.2599999718368053,14.119999684393406,0.04518451693773858,1.2562884748288672,1.3014729917666057,2.1140765688370533,0.006518641168156775,8.0
2026-10-11 03:10:00,0.13484727,0.6980855464196674,1.2599999718368053,14.119999684393406,0.04518451693773858,1.2562884748288672,1.3014729917666057,2.134405806648454,0.006518641168156775,8.0
2026-10-11 03:20:00,0.13484727,0.7143623482094185,1.2599999718368053,14.119999684393406,0.04518451693773858,1.2562884748288672,1.3014729917666057,2.1506826084382054,0.006518641168156775,8.0
2026-10-11 03:30:00,0.13484727,0.7264025008147806,1.2599999718368053,14.119999684393406,0.04518451693773858,1.2562884748288672,1.3014729917666057,2.1627227610435673,0.006518641168156775,8.0
2026-10-11 03:40:00,0.13484727,0.734038426201922,1.2599999718368053,14.119999684393406,0.04518451693773858,1.2562884748288672,1.3014729917666057,2.170358686430709,0.006518641168156775,8.0
2026-10-11 03:50:00,0.13484727,0.7371231157706991,1.2599999718368053,14.119999684393406,0.04518451693773858,1.2562884748288672,1.3014729917666057,2.173443375999486,0.006518641168156775,8.0
2026-10-11 04:00:00,0.13484727,0.7355342790091105,1.2599999718368053,14.119999684393406,0.04518451693773858,1.2562884748288672,1.3014729917666057,2.171854539237897,0.006518641168156775,8.0
2026-10-11 04:10:00,0.13484727,0.7291785175916846,1.2599999718368053,14.119999684393406,0.04518451693773858,1.2562884748288672,1.3014729917666057,2.1654987778204715,0.006518641168156775,8.0
2026-10-11 04:20:00,0.13484727,0.7179953348812335,1.2599999718368053,14.119999684393406,0.04518451693773858,1.2562884748288672,1.3014729917666057,2.1543155951100204,0.006518641168156775,8.0
2026-10-11 04:30:00,0.13484727,0.7019608023407327,1.2599999718368053,14.119999684393406,0.04518451693773858,1.2562884748288672,1.3014729917666057,2.1382810625695194,0.006518641168156775,8.0
2026-10-11 04:40:00,0.13484727,0.6810907264496084,1.2599999718368053,14.119999684393406,0.04518451693773858,1.2562884748288672,1.3014729917666057,2.1174109866783954,0.006518641168156775,8.0
2026-10-11 04:50:00,0.13484727,0.6554431898179461,1.2599999718368053,14.119999684393406,0.04518451693773858,1.2562884748288672,1.3014729917666057,2.091763450046733,0.006518641168156775,8.0
2026-10-11 05:00:00,0.13484727,0.625120374962386,1.2599999718368053,14.119999684393406,0.04518451693773858,1.2562884748288672,1.3014729917666057,2.0614406351911727,0.006518641168156775,8.0
2026-10-11 05:10:00,0.13484727,0.5902696153147617,1.2599999718368053,14.119999684393406,0.04518451693773858,1.2562884748288672,1.3014729917666057,2.0265898755435483,0.006518641168156775,8.0
2026-10-11 05:20:00,0.13484727,0.5510836522256777,1.2599999718368053,14.119999684393406,0.04518451693773858,1.2562884748288672,1.3014729917666057,1.9874039124544645,0.006518641168156775,8.0
2026-10-11 05:30:00,0.13484727,0.5078001064707279,1.2599999718368053,14.119999684393406,0.04518451693773858,1.2562884748288672,1.3014729917666057,1.9441203666995146,0.006518641168156775,8.0
2026-10-11 05:40:00,0.13484727,0.4607001960497086,1.2599999718368053,14.119999684393406,0.04518451693773858,1.2562884748288672,1.3014729917666057,1.8970204562784954,0.006518641168156775,8.0
2026-10-11 05:50:00,0.13484727,0.4101067481758678,1.2599999718368053,14.119999684393406,0.04518451693773858,1.2562884748288672,1.3014729917666057,1.8464270084046546,0.006518641168156775,8.0
2026-10-11 06:00:00,0.13484727,0.3563815621754528,1.2499999720603228,14.4099996779114,0.04592917681844666,1.2769926383167731,1.3229218151352198,1.8141506457728536,0.006518641168156775,8.0
2026-10-11 06:10:00,0.13484727,0.29992218266427356,1.2499999720603228,14.4099996779114,0.04592917681844666,1.2769926383167731,1.3229218151352198,1.7576912662616744,0.006518641168156775,8.0
2026-10-11 06:20:00,0.13484727,0.24115814048572567,1.2499999720603228,14.4099996779114,0.04592917681844666,1.2769926383167731,1.3229218151352198,1.6989272240831266,0.006518641168156775,8.0
2026-10-11 06:30:00,0.13484727,0.1805467145253477,1.2499999720603228,14.4099996779114,0.04592917681844666,1.2769926383167731,1.3229218151352198,1.6383157981227485,0.006518641168156775,8.0
2026-10-11 06:40:00,0.13484727,0.11856826316814437,1.2499999720603228,14.4099996779114,0.04592917681844666,1.2769926383167731,1.3229218151352198,1.5763373467655453,0.006518641168156775,8.0
2026-10-11 06:50:00,0.13484727,0.05572117154851101,1.2499999720603228,14.4099996779114,0.04592917681844666,1.2769926383167731,1.3229218151352198,1.513490255145912,0.006518641168156775,8.0
2026-10-11 07:00:00,0.13484727,-0.007483537985773324,1.2499999720603228,14.4099996779114,0.04592917681844666,1.2769926383167731,1.3229218151352198,1.4502855456116275,0.006518641168156775,8.0
2026-10-11 07:10:00,0.13484727,-0.07052787944053111,1.2499999720603228,14.4099996779114,0.04592917681844666,1.2769926383167731,1.3229218151352198,1.3872412041568698,0.006518641168156775,8.0
2026-10-11 07:20:00,0.13484727,-0.13289279759400066,1.2499999720603228,14.4099996779114,0.04592917681844666,1.2769926383167731,1.3229218151352198,1.3248762860034002,0.006518641168156775,8.0
2026-10-11 07:30:00,0.13484727,-0.19406420635058935,1.2499999720603228,14.4099996779114,0.04592917681844666,1.2769926383167731,1.3229218151352198,1.2637048772468116,0.006518641168156775,8.0
2026-10-11 07:40:00,0.13484727,-0.25353907768012024,1.2499999720603228,14.4099996779114,0.04592917681844666,1.2769926383167731,1.3229218151352198,1.2042300059172806,0.006518641168156775,8.0
2026-10-11 07:50:00,0.13484727,-0.3108314713541252,1.2499999720603228,14.4099996779114,0.04592917681844666,1.2769926383167731,1.3229218151352198,1.1469376122432757,0.006518641168156775,8.0
2026-10-11 08:00:00,0.13484727,-0.3654783815151359,1.2499999720603228,14.4099996779114,0.04592917681844666,1.2769926383167731,1.3229218151352198,1.092290702082265,0.006518641168156775,8.0
2026-10-11 08:10:00,0.13484727,-0.4170452663427652,1.2499999720603228,14.4099996779114,0.04592917681844666,1.2769926383167731,1.3229218151352198,1.0407238172546358,0.006518641168156775,8.0
2026-10-11 08:20:00,0.13484727,-0.46513112440097004,1.2499999720603228,14.4099996779114,0.04592917681844666,1.2769926383167731,1.3229218151352198,0.9926379591964308,0.006518641168156775,8.0
2026-10-11 08:30:00,0.13484727,-0.5093729864227227,1.2499999720603228,14.4099996779114,0.04592917681844666,1.2769926383167731,1.3229218151352198,0.9483960971746782,0.006518641168156775,8.0
2026-10-11 08:40:00,0.13484727,-0.5494497058232257,1.2499999720603228,14.4099996779114,0.04592917681844666,1.2769926383167731,1.3229218151352198,0.9083193777741752,0.006518641168156775,8.0
2026-10-11 08:50:00,0.13484727,-0.5850849540080387,1.2499999720603228,14.4099996779114,0.04592917681844666,1.2769926383167731,1.3229218151352198,0.8726841295893621,0.006518641168156775,8.0
2026-10-11 09:00:00,0.13484727,-0.6160493571386243,1.2299999725073576,14.309999680146575,0.04524409064985519,1.257944833533288,1.3031889241831431,0.8219868355066999,0.006518641168156775,8.0
2026-10-11 09:10:00,0.13484727,-0.6421617466546705,1.2299999725073576,14.309999680146575,0.04524409064985519,1.257944833533288,1.3031889241831431,0.7958744459906537,0.006518641168156775,8.0
2026-10-11 09:20:00,0.13484727,-0.6632895341841047,1.2299999725073576,14.309999680146575,0.04524409064985519,1.257944833533288,1.3031889241831431,0.7747466584612195,0.006518641168156775,8.0
2026-10-11 09:30:00,0.13484727,-0.6793482591538452,1.2299999725073576,14.309999680146575,0.04524409064985519,1.257944833533288,1.3031889241831431,0.758687933491479,0.006518641168156775,8.0
2026-10-11 09:40:00,0.13484727,-0.6903003912177015,1.2299999725073576,14.309999680146575,0.04524409064985519,1.257944833533288,1.3031889241831431,0.7477358014276227,0.006518641168156775,8.0
2026-10-11 09:50:00,0.13484727,-0.6961534967340295,1.2299999725073576,14.309999680146575,0.04524409064985519,1.257944833533288,1.3031889241831431,0.7418826959112947,0.006518641168156775,8.0
2026-10-11 10:00:00,0.13484727,-0.6969578965420706,1.2299999725073576,14.309999680146575,0.04524409064985519,1.257944833533288,1.3031889241831431,0.7410782961032536,0.006518641168156775,8.0
2026-10-11 10:10:00,0.13484727,-0.692803949911194,1.2299999725073576,14.309999680146575,0.04524409064985519,1.257944833533288,1.3031889241831431,0.7452322427341302,0.006518641168156775,8.0
2026-10-11 10:20:00,0.13484727,-0.6838190963647973,1.2299999725073576,14.309999680146575,0.04524409064985519,1.257944833533288,1.3031889241831431,0.7542170962805269,0.006518641168156775,8.0
2026-10-11 10:30:00,0.13484727,-0.670164773863087,1.2299999725073576,14.309999680146575,0.04524409064985519,1.257944833533288,1.3031889241831431,0.7678714187822372,0.006518641168156775,8.0
2026-10-11 10:40:00,0.13484727,-0.6520333104455288,1.2299999725073576,14.309999680146575,0.04524409064985519,1.257944833533288,1.3031889241831431,0.7860028821997954,0.006518641168156775,8.0
2026-10-11 10:50:00,0.13484727,-0.6296448593902493,1.2299999725073576,14.309999680146575,0.04524409064985519,1.257944833533288,1.3031889241831431,0.808391333255075,0.006518641168156775,8.0
2026-10-11 11:00:00,0.13484727,-0.6032444185711147,1.2299999725073576,14.309999680146575,0.04524409064985519,1.257944833533288,1.3031889241831431,0.8347917740742096,0.006518641168156775,8.0
2026-10-11 11:10:00,0.13484727,-0.5730989463356501,1.2299999725073576,14.309999680146575,0.04524409064985519,1.257944833533288,1.3031889241831431,0.8649372463096742,0.006518641168156775,8.0
2026-10-11 11:20:00,0.13484727,-0.5394945620442937,1.2299999725073576,14.309999680146575,0.04524409064985519,1.257944833533288,1.3031889241831431,0.8985416306010305,0.006518641168156775,8.0
2026-10-11 11:30:00,0.13484727,-0.5027338023776329,1.2299999725073576,14.309999680146575,0.04524409064985519,1.257944833533288,1.3031889241831431,0.9353023902676914,0.006518641168156775,8.0
2026-10-11 11:40:00,0.13484727,-0.46313289600650975,1.2299999725073576,14.309999680146575,0.04524409064985519,1.257944833533288,1.3031889241831431,0.9749032966388145,0.006518641168156775,8.0
2026-10-11 11:50:00,0.13484727,-0.42101902071713065,1.2299999725073576,14.309999680146575,0.04524409064985519,1.257944833533288,1.3031889241831431,1.0170171719281935,0.006518641168156775,8.0
2026-10-11 12:00:00,0.13484727,-0.3767275174096832,1.2499999720603228,14.159999683499336,0.045132348629368824,1.254838012391777,1.299970361021146,1.058090112073644,0.006518641168156775,8.0
2026-10-11 12:10:00,0.13484727,-0.3305990539097796,1.2499999720603228,14.159999683499336,0.045132348629368824,1.254838012391777,1.299970361021146,1.1042185755735474,0.006518641168156775,8.0
2026-10-11 12:20:00,0.13484727,-0.28297675504637865,1.2499999720603228,14.159999683499336,0.045132348629368824,1.254838012391777,1.299970361021146,1.1518408744369484,0.006518641168156775,8.0
2026-10-11 12:30:00,0.13484727,-0.23420334126045803,1.2499999720603228,14.159999683499336,0.045132348629368824,1.254838012391777,1.299970361021146,1.200614288222869,0.006518641168156775,8.0
2026-10-11 12:40:00,0.13484727,-0.1846183424838116,1.2499999720603228,14.159999683499336,0.045132348629368824,1.254838012391777,1.299970361021146,1.2501992869995155,0.006518641168156775,8.0
2026-10-11 12:50:00,0.13484727,-0.13455547344578153,1.2499999720603228,14.159999683499336,0.045132348629368824,1.254838012391777,1.299970361021146,1.3002621560375456,0.006518641168156775,8.0
2026-10-11 13:00:00,0.13484727,-0.08434026843362498,1.2499999720603228,14.159999683499336,0.045132348629368824,1.254838012391777,1.299970361021146,1.350477361049702,0.006518641168156775,8.0
2026-10-11 13:10:00,0.13484727,-0.03428807481719568,1.2499999720603228,14.159999683499336,0.045132348629368824,1.254838012391777,1.299970361021146,1.4005295546661314,0.006518641168156775,8.0
2026-10-11 13:20:00,0.13484727,0.015297504875990171,1.2499999720603228,14.159999683499336,0.045132348629368824,1.254838012391777,1.299970361021146,1.4501151343593173,0.006518641168156775,8.0
2026-10-11 13:30:00,0.13484727,0.0641256537616118,1.2499999720603228,14.159999683499336,0.045132348629368824,1.254838012391777,1.299970361021146,1.4989432832449388,0.006518641168156775,8.0
2026-10-11 13:40:00,0.13484727,0.1119188265343115,1.2499999720603228,14.159999683499336,0.045132348629368824,1.254838012391777,1.299970361021146,1.5467364560176384,0.006518641168156775,8.0
2026-10-11 13:50:00,0.13484727,0.15841268121567084,1.2499999720603228,14.159999683499336,0.045132348629368824,1.254838012391777,1.299970361021146,1.5932303106989978,0.006518641168156775,8.0
2026-10-11 14:00:00,0.13484727,0.20335549991220686,1.2499999720603228,14.159999683499336,0.045132348629368824,1.254838012391777,1.299970361021146,1.638173129395534,0.006518641168156775,8.0
2026-10-11 14:10:00,0.13484727,0.24650718424069026,1.2499999720603228,14.159999683499336,0.045132348629368824,1.254838012391777,1.299970361021146,1.6813248137240173,0.006518641168156775,8.0
2026-10-11 14:20:00,0.13484727,0.2876379497423012,1.2499999720603228,14.159999683499336,0.045132348629368824,1.254838012391777,1.299970361021146,1.7224555792256282,0.006518641168156775,8.0
2026-10-11 14:30:00,0.13484727,0.3265268739730645,1.2499999720603228,14.159999683499336,0.045132348629368824,1.254838012391777,1.299970361021146,1.7613445034563915,0.006518641168156775,8.0
2026-10-11 14:40:00,0.13484727,0.3629604725753163,1.2499999720603228,14.159999683499336,0.045132348629368824,1.254838012391777,1.299970361021146,1.7977781020586434,0.006518641168156775,8.0
2026-10-11 14:50:00,0.13484727,0.3967314832954606,1.2499999720603228,14.159999683499336,0.045132348629368824,1.254838012391777,1.299970361021146,1.8315491127787875,0.006518641168156775,8.0
2026-10-11 15:00:00,0.13484727,0.4276380296327639,1.269999971613288,14.009999686852098,0.04501006811203329,1.2514381839762954,1.2964482520883287,1.8589335501832738,0.006518641168156775,8.0
2026-10-11 15:10:00,0.13484727,0.455483312911924,1.269999971613288,14.009999686852098,0.04501006811203329,1.2514381839762954,1.2964482520883287,1.8867788334624338,0.006518641168156775,8.0
2026-10-11 15:20:00,0.13484727,0.48007594658883024,1.269999971613288,14.009999686852098,0.04501006811203329,1.2514381839762954,1.2964482520883287,1.91137146713934,0.006518641168156775,8.0
2026-10-11 15:30:00,0.13484727,0.5012310016626211,1.269999971613288,14.009999686852098,0.04501006811203329,1.2514381839762954,1.2964482520883287,1.932526522213131,0.006518641168156775,8.0
2026-10-11 15:40:00,0.13484727,0.5187717813177342,1.269999971613288,14.009999686852098,0.04501006811203329,1.2514381839762954,1.2964482520883287,1.950067301868244,0.006518641168156775,8.0
2026-10-11 15:50:00,0.13484727,0.5325322903631242,1.269999971613288,14.009999686852098,0.04501006811203329,1.2514381839762954,1.2964482520883287,1.963827810913634,0.006518641168156775,8.0
2026-10-11 16:00:00,0.13484727,0.5423603149265886,1.269999971613288,14.009999686852098,0.04501006811203329,1.2514381839762954,1.2964482520883287,1.9736558354770986,0.006518641168156775,8.0
2026-10-11 16:10:00,0.13484727,0.548120984495897,1.269999971613288,14.009999686852098,0.04501006811203329,1.2514381839762954,1.2964482520883287,1.9794165050464068,0.006518641168156775,8.0
2026-10-11 16:20:00,0.13484727,0.5497006546168814,1.269999971613288,14.009999686852098,0.04501006811203329,1.2514381839762954,1.2964482520883287,1.9809961751673912,0.006518641168156775,8.0
2026-10-11 16:30:00,0.13484727,0.5470109271475336,1.269999971613288,14.009999686852098,0.04501006811203329,1.2514381839762954,1.2964482520883287,1.9783064476980434,0.006518641168156775,8.0
2026-10-11 16:40:00,0.13484727,0.5399926166334691,1.269999971613288,14.009999686852098,0.04501006811203329,1.2514381839762954,1.2964482520883287,1.9712881371839788,0.006518641168156775,8.0
2026-10-11 16:50:00,0.13484727,0.5286194762897861,1.269999971613288,14.009999686852098,0.04501006811203329,1.2514381839762954,1.2964482520883287,1.959914996840296,0.006518641168156775,8.0
2026-10-11 17:00:00,0.13484727,0.5129015137269587,1.269999971613288,14.009999686852098,0.04501006811203329,1.2514381839762954,1.2964482520883287,1.9441970342774684,0.006518641168156775,8.0
2026-10-11 17:10:00,0.13484727,0.49288775277585284,1.269999971613288,14.009999686852098,0.04501006811203329,1.2514381839762954,1.2964482520883287,1.9241832733263626,0.006518641168156775,8.0
2026-10-11 17:20:00,0.13484727,0.4686683304543727,1.269999971613288,14.009999686852098,0.04501006811203329,1.2514381839762954,1.2964482520883287,1.8999638510048824,0.006518641168156775,8.0
2026-10-11 17:30:00,0.13484727,0.4403758540036158,1.269999971613288,14.009999686852098,0.04501006811203329,1.2514381839762954,1.2964482520883287,1.8716713745541256,0.006518641168156775,8.0
2026-10-11 17:40:00,0.13484727,0.40818597852661226,1.269999971613288,14.009999686852098,0.04501006811203329,1.2514381839762954,1.2964482520883287,1.839481499077122,0.006518641168156775,8.0
2026-10-11 17:50:00,0.13484727,0.3723171983373716,1.269999971613288,14.009999686852098,0.04501006811203329,1.2514381839762954,1.2964482520883287,1.8036127188878814,0.006518641168156775,8.0
2026-10-11 18:00:00,0.13484727,0.3330298720550325,1.219999972730875,13.809999691322446,0.04348537987514114,1.2090464889991392,1.2525318688742804,1.7204090093914939,0.006518641168156775,8.0
2026-10-11 18:10:00,0.13484727,0.2906245217357219,1.219999972730875,13.809999691322446,0.04348537987514114,1.2090464889991392,1.2525318688742804,1.6780036590721834,0.006518641168156775,8.0
2026-10-11 18:20:00,0.13484727,0.24543945904729136,1.219999972730875,13.809999691322446,0.04348537987514114,1.2090464889991392,1.2525318688742804,1.632818596383753,0.006518641168156775,8.0
2026-10-11 18:30:00,0.13484727,0.1978477975587153,1.219999972730875,13.809999691322446,0.04348537987514114,1.2090464889991392,1.2525318688742804,1.5852269348951769,0.006518641168156775,8.0
2026-10-11 18:40:00,0.13484727,0.14825391068972693,1.219999972730875,13.809999691322446,0.04348537987514114,1.2090464889991392,1.2525318688742804,1.5356330480261884,0.006518641168156775,8.0
2026-10-11 18:50:00,0.13484727,0.09708939175869555,1.219999972730875,13.809999691322446,0.04348537987514114,1.2090464889991392,1.2525318688742804,1.484468529095157,0.006518641168156775,8.0
2026-10-11 19:00:00,0.13484727,0.04480856828372009,1.219999972730875,13.809999691322446,0.04348537987514114,1.2090464889991392,1.2525318688742804,1.4321877056201815,0.006518641168156775,8.0
2026-10-11 19:10:00,0.13484727,-0.008116381015111081,1.219999972730875,13.809999691322446,0.04348537987514114,1.2090464889991392,1.2525318688742804,1.3792627563213504,0.006518641168156775,8.0
2026-10-11 19:20:00,0.13484727,-0.06120065860418808,1.219999972730875,13.809999691322446,0.04348537987514114,1.2090464889991392,1.2525318688742804,1.3261784787322735,0.006518641168156775,8.0
2026-10-11 19:30:00,0.13484727,-0.11395237897784394,1.219999972730875,13.809999691322446,0.04348537987514114,1.2090464889991392,1.2525318688742804,1.2734267583586174,0.006518641168156775,8.0
2026-10-11 19:40:00,0.13484727,-0.1658783388820251,1.219999972730875,13.809999691322446,0.04348537987514114,1.2090464889991392,1.2525318688742804,1.2215007984544364,0.006518641168156775,8.0
2026-10-11 19:50:00,0.13484727,-0.21648995593212317,1.219999972730875,13.809999691322446,0.04348537987514114,1.2090464889991392,1.2525318688742804,1.1708891814043383,0.006518641168156775,8.0
2026-10-11 20:00:00,0.13484727,-0.2653092892343209,1.219999972730875,13.809999691322446,0.04348537987514114,1.2090464889991392,1.2525318688742804,1.1220698481021405,0.006518641168156775,8.0
2026-10-11 20:10:00,0.13484727,-0.3118750391505268,1.219999972730875,13.809999691322446,0.04348537987514114,1.2090464889991392,1.2525318688742804,1.0755040981859347,0.006518641168156775,8.0
2026-10-11 20:20:00,0.13484727,-0.3557484078554876,1.219999972730875,13.809999691322446,0.04348537987514114,1.2090464889991392,1.2525318688742804,1.031630729480974,0.006518641168156775,8.0
2026-10-11 20:30:00,0.13484727,-0.3965186900818216,1.219999972730875,13.809999691322446,0.04348537987514114,1.2090464889991392,1.2525318688742804,0.9908604472546398,0.006518641168156775,8.0
2026-10-11 20:40:00,0.13484727,-0.4338084573905877,1.219999972730875,13.809999691322446,0.04348537987514114,1.2090464889991392,1.2525318688742804,0.9535706799458737,0.006518641168156775,8.0
2026-10-11 20:50:00,0.13484727,-0.4672782002903344,1.219999972730875,13.809999691322446,0.04348537987514114,1.2090464889991392,1.2525318688742804,0.920100937046127,0.006518641168156775,8.0
2026-10-11 21:00:00,0.13484727,-0.49663030283488535,1.1799999736249447,13.569999696686864,0.04202333600158336,1.1683965276290595,1.210419863630643,0.8486368292579387,0.006518641168156775,8.0
2026-10-11 21:10:00,0.13484727,-0.5216122430698044,1.1799999736249447,13.569999696686864,0.04202333600158336,1.1683965276290595,1.210419863630643,0.8236548890230196,0.006518641168156775,8.0
2026-10-11 21:20:00,0.13484727,-0.5420189400880174,1.1799999736249447,13.569999696686864,0.04202333600158336,1.1683965276290595,1.210419863630643,0.8032481920048066,0.006518641168156775,8.0
2026-10-11 21:30:00,0.13484727,-0.5576942020761603,1.1799999736249447,13.569999696686864,0.04202333600158336,1.1683965276290595,1.210419863630643,0.7875729300166637,0.006518641168156775,8.0
2026-10-11 21:40:00,0.13484727,-0.5685312676258015,1.1799999736249447,13.569999696686864,0.04202333600158336,1.1683965276290595,1.210419863630643,0.7767358644670225,0.006518641168156775,8.0
2026-10-11 21:50:00,0.13484727,-0.5744724713987358,1.1799999736249447,13.569999696686864,0.04202333600158336,1.1683965276290595,1.210419863630643,0.7707946606940882,0.006518641168156775,8.0
2026-10-11 22:00:00,0.13484727,-0.5755081019075129,1.1799999736249447,13.569999696686864,0.04202333600158336,1.1683965276290595,1.210419863630643,0.7697590301853111,0.006518641168156775,8.0
2026-10-11 22:10:00,0.13484727,-0.5716745505442996,1.1799999736249447,13.569999696686864,0.04202333600158336,1.1683965276290595,1.210419863630643,0.7735925815485244,0.006518641168156775,8.0
2026-10-11 22:20:00,0.13484727,-0.5630518742836012,1.1799999736249447,13.569999696686864,0.04202333600158336,1.1683965276290595,1.210419863630643,0.7822152578092229,0.006518641168156775,8.0
2026-10-11 22:30:00,0.13484727,-0.5497609080148577,1.1799999736249447,13.569999696686864,0.04202333600158336,1.1683965276290595,1.210419863630643,0.7955062240779663,0.006518641168156775,8.0
2026-10-11 22:40:00,0.13484727,-0.5319600650618159,1.1799999736249447,13.569999696686864,0.04202333600158336,1.1683965276290595,1.210419863630643,0.8133070670310081,0.006518641168156775,8.0
2026-10-11 22:50:00,0.13484727,-0.5098419565052554,1.1799999736249447,13.569999696686864,0.04202333600158336,1.1683965276290595,1.210419863630643,0.8354251755875686,0.006518641168156775,8.0
2026-10-11 23:00:00,0.13484727,-0.4836299425760224,1.1799999736249447,13.569999696686864,0.04202333600158336,1.1683965276290595,1.210419863630643,0.8616371895168016,0.006518641168156775,8.0
2026-10-11 23:10:00,0.13484727,-0.45357470490961477,1.1799999736249447,13.569999696686864,0.04202333600158336,1.1683965276290595,1.210419863630643,0.8916924271832092,0.006518641168156775,8.0
2026-10-11 23:20:00,0.13484727,-0.4199508997822976,1.1799999736249447,13.569999696686864,0.04202333600158336,1.1683965276290595,1.210419863630643,0.9253162323105264,0.006518641168156775,8.0
2026-10-11 23:30:00,0.13484727,-0.38305392296167823,1.1799999736249447,13.569999696686864,0.04202333600158336,1.1683965276290595,1.210419863630643,0.9622132091311457,0.006518641168156775,8.0
2026-10-11 23:40:00,0.13484727,-0.3431967897655094,1.1799999736249447,13.569999696686864,0.04202333600158336,1.1683965276290595,1.210419863630643,1.0020703423273147,0.006518641168156775,8.0
2026-10-11 23:50:00,0.13484727,-0.30070711260813926,1.1799999736249447,13.569999696686864,0.04202333600158336,1.1683965276290595,1.210419863630643,1.0445600194846847,0.006518641168156775,8.0
2026-10-12 00:00:00,0.1400073,-0.25592414468680214,1.1599999740719795,13.369999701157212,0.04105159883662345,1.1413788170583308,1.1824304158949541,1.0665135733731834,0.006518641168156775,8.0
2026-10-12 00:10:00,0.1400073,-0.20919585437542826,1.1599999740719795,13.369999701157212,0.04105159883662345,1.1413788170583308,1.1824304158949541,1.1132418636845574,0.006518641168156775,8.0
2026-10-12 00:20:00,0.1400073,-0.16087600013519607,1.1599999740719795,13.369999701157212,0.04105159883662345,1.1413788170583308,1.1824304158949541,1.1615617179247895,0.006518641168156775,8.0
2026-10-12 00:30:00,0.1400073,-0.11132118983082055,1.1599999740719795,13.369999701157212,0.04105159883662345,1.1413788170583308,1.1824304158949541,1.211116528229165,0.006518641168156775,8.0
2026-10-12 00:40:00,0.1400073,-0.0608879290102159,1.1599999740719795,13.369999701157212,0.04105159883662345,1.1413788170583308,1.1824304158949541,1.2615497890497696,0.006518641168156775,8.0
2026-10-12 00:50:00,0.1400073,-0.009929687270716407,1.1599999740719795,13.369999701157212,0.04105159883662345,1.1413788170583308,1.1824304158949541,1.3125080307892691,0.006518641168156775,8.0
2026-10-12 01:00:00,0.1400073,0.04120596303213299,1.1599999740719795,13.369999701157212,0.04105159883662345,1.1413788170583308,1.1824304158949541,1.3636436810921184,0.006518641168156775,8.0
2026-10-12 01:10:00,0.1400073,0.09218005959141737,1.1599999740719795,13.369999701157212,0.04105159883662345,1.1413788170583308,1.1824304158949541,1.4146177776514028,0.006518641168156775,8.0
2026-10-12 01:20:00,0.1400073,0.14266472244625425,1.1599999740719795,13.369999701157212,0.04105159883662345,1.1413788170583308,1.1824304158949541,1.4651024405062398,0.006518641168156775,8.0
2026-10-12 01:30:00,0.1400073,0.19234528733984024,1.1599999740719795,13.369999701157212,0.04105159883662345,1.1413788170583308,1.1824304158949541,1.514783005399826,0.006518641168156775,8.0
2026-10-12 01:40:00,0.1400073,0.24092200563776703,1.1599999740719795,13.369999701157212,0.04105159883662345,1.1413788170583308,1.1824304158949541,1.5633597236977526,0.006518641168156775,8.0
2026-10-12 01:50:00,0.1400073,0.28811123201713656,1.1599999740719795,13.369999701157212,0.04105159883662345,1.1413788170583308,1.1824304158949541,1.6105489500771222,0.006518641168156775,8.0
2026-10-12 02:00:00,0.1400073,0.3336460472404503,1.1599999740719795,13.369999701157212,0.04105159883662345,1.1413788170583308,1.1824304158949541,1.6560837653004359,0.006518641168156775,8.0
2026-10-12 02:10:00,0.1400073,0.37727629848903144,1.1599999740719795,13.369999701157212,0.04105159883662345,1.1413788170583308,1.1824304158949541,1.699714016549017,0.006518641168156775,8.0
2026-10-12 02:20:00,0.1400073,0.4187680805992454,1.1599999740719795,13.369999701157212,0.04105159883662345,1.1413788170583308,1.1824304158949541,1.741205798659231,0.006518641168156775,8.0
2026-10-12 02:30:00,0.1400073,0.45790272464920373,1.1599999740719795,13.369999701157212,0.04105159883662345,1.1413788170583308,1.1824304158949541,1.7803404427091893,0.006518641168156775,8.0
2026-10-12 02:40:00,0.1400073,0.49447540154522196,1.1599999740719795,13.369999701157212,0.04105159883662345,1.1413788170583308,1.1824304158949541,1.8169131196052075,0.006518641168156775,8.0
2026-10-12 02:50:00,0.1400073,0.5282934832782326,1.1599999740719795,13.369999701157212,0.04105159883662345,1.1413788170583308,1.1824304158949541,1.8507312013382182,0.006518641168156775,8.0
2026-10-12 03:00:00,0.1400073,0.5591748301581858,1.1399999745190144,13.219999704509974,0.040239590754007605,1.1188021367086476,1.1590417274626552,1.8582238597858725,0.006518641168156775,8.0
2026-10-12 03:10:00,0.1400073,0.5869461851784349,1.1399999745190144,13.219999704509974,0.040239590754007605,1.1188021367086476,1.1590417274626552,1.8859952148061216,0.006518641168156775,8.0
2026-10-12 03:20:00,0.1400073,0.6114418557386299,1.1399999745190144,13.219999704509974,0.040239590754007605,1.1188021367086476,1.1590417274626552,1.9104908853663165,0.006518641168156775,8.0
2026-10-12 03:30:00,0.1400073,0.6325028471956483,1.1399999745190144,13.219999704509974,0.040239590754007605,1.1188021367086476,1.1590417274626552,1.931551876823335,0.006518641168156775,8.0
2026-10-12 03:40:00,0.1400073,0.6499765837048368,1.1399999745190144,13.219999704509974,0.040239590754007605,1.1188021367086476,1.1590417274626552,1.9490256133325234,0.006518641168156775,8.0
2026-10-12 03:50:00,0.1400073,0.6637173113364904,1.1399999745190144,13.219999704509974,0.040239590754007605,1.1188021367086476,1.1590417274626552,1.9627663409641771,0.006518641168156775,8.0
2026-10-12 04:00:00,0.1400073,0.673587230061796,1.1399999745190144,13.219999704509974,0.040239590754007605,1.1188021367086476,1.1590417274626552,1.9726362596894826,0.006518641168156775,8.0
2026-10-12 04:10:00,0.1400073,0.6794583488272492,1.1399999745190144,13.219999704509974,0.040239590754007605,1.1188021367086476,1.1590417274626552,1.9785073784549358,0.006518641168156775,8.0
2026-10-12 04:20:00,0.1400073,0.6812150057789228,1.1399999745190144,13.219999704509974,0.040239590754007605,1.1188021367086476,1.1590417274626552,1.9802640354066094,0.006518641168156775,8.0
2026-10-12 04:30:00,0.1400073,0.678756948238935,1.1399999745190144,13.219999704509974,0.040239590754007605,1.1188021367086476,1.1590417274626552,1.9778059778666215,0.006518641168156775,8.0
2026-10-12 04:40:00,0.1400073,0.6720028276269622,1.1399999745190144,13.219999704509974,0.040239590754007605,1.1188021367086476,1.1590417274626552,1.9710518572546487,0.006518641168156775,8.0
2026-10-12 04:50:00,0.1400073,0.6608939364072832,1.1399999745190144,13.219999704509974,0.040239590754007605,1.1188021367086476,1.1590417274626552,1.9599429660349699,0.006518641168156775,8.0
2026-10-12 05:00:00,0.1400073,0.6453979987467899,1.1399999745190144,13.219999704509974,0.040239590754007605,1.1188021367086476,1.1590417274626552,1.9444470283744766,0.006518641168156775,8.0
2026-10-12 05:10:00,0.1400073,0.6255128246563713,1.1399999745190144,13.219999704509974,0.040239590754007605,1.1188021367086476,1.1590417274626552,1.924561854284058,0.006518641168156775,8.0
2026-10-12 05:20:00,0.1400073,0.6012696480955049,1.1399999745190144,13.219999704509974,0.040239590754007605,1.1188021367086476,1.1590417274626552,1.9003186777231915,0.006518641168156775,8.0
2026-10-12 05:30:00,0.1400073,0.572735991118226,1.1399999745190144,13.219999704509974,0.040239590754007605,1.1188021367086476,1.1590417274626552,1.8717850207459126,0.006518641168156775,8.0
2026-10-12 05:40:00,0.1400073,0.5400179259054835,1.1399999745190144,13.219999704509974,0.040239590754007605,1.1188021367086476,1.1590417274626552,1.8390669555331702,0.006518641168156775,8.0
2026-10-12 05:50:00,0.1400073,0.5032616412510739,1.1399999745190144,13.219999704509974,0.040239590754007605,1.1188021367086476,1.1590417274626552,1.8023106708787604,0.006518641168156775,8.0
2026-10-12 06:00:00,0.1400073,0.46265425633392326,1.1199999749660492,13.119999706745148,0.03958334765881316,1.1005562708003138,1.140139618459127,1.7428011769580818,0.006518641168156775,8.0
2026-10-12 06:10:00,0.1400073,0.4184238592215066,1.1199999749660492,13.119999706745148,0.03958334765881316,1.1005562708003138,1.140139618459127,1.698570779845665,0.006518641168156775,8.0
2026-10-12 06:20:00,0.1400073,0.37083877778375807,1.1199999749660492,13.119999706745148,0.03958334765881316,1.1005562708003138,1.140139618459127,1.6509856984079165,0.006518641168156775,8.0
2026-10-12 06:30:00,0.1400073,0.32020611470690485,1.1199999749660492,13.119999706745148,0.03958334765881316,1.1005562708003138,1.140139618459127,1.6003530353310633,0.006518641168156775,8.0
2026-10-12 06:40:00,0.1400073,0.2668695950111668,1.1199999749660492,13.119999706745148,0.03958334765881316,1.1005562708003138,1.140139618459127,1.5470165156353253,0.006518641168156775,8.0
2026-10-12 06:50:00,0.1400073,0.2112067840333377,1.1199999749660492,13.119999706745148,0.03958334765881316,1.1005562708003138,1.140139618459127,1.491353704657496,0.006518641168156775,8.0
2026-10-12 07:00:00,0.1400073,0.15362573705697594,1.1199999749660492,13.119999706745148,0.03958334765881316,1.1005562708003138,1.140139618459127,1.4337726576811343,0.006518641168156775,8.0
2026-10-12 07:10:00,0.1400073,0.09456114028280835,1.1199999749660492,13.119999706745148,0.03958334765881316,1.1005562708003138,1.140139618459127,1.3747080609069668,0.006518641168156775,8.0
2026-10-12 07:20:00,0.1400073,0.03446999892652187,1.1199999749660492,13.119999706745148,0.03958334765881316,1.1005562708003138,1.140139618459127,1.3146169195506803,0.006518641168156775,8.0
2026-10-12 07:30:00,0.1400073,-0.026173076231052663,1.1199999749660492,13.119999706745148,0.03958334765881316,1.1005562708003138,1.140139618459127,1.2539738443931059,0.006518641168156775,8.0
2026-10-12 07:40:00,0.1400073,-0.0868809348644877,1.1199999749660492,13.119999706745148,0.03958334765881316,1.1005562708003138,1.140139618459127,1.1932659857596708,0.006518641168156775,8.0
2026-10-12 07:50:00,0.1400073,-0.14715925598757643,1.1199999749660492,13.119999706745148,0.03958334765881316,1.1005562708003138,1.140139618459127,1.132987664636582,0.006518641168156775,8.0
2026-10-12 08:00:00,0.1400073,-0.20651216460481966,1.1199999749660492,13.119999706745148,0.03958334765881316,1.1005562708003138,1.140139618459127,1.0736347560193389,0.006518641168156775,8.0
2026-10-12 08:10:00,0.1400073,-0.26444803138338957,1.1199999749660492,13.119999706745148,0.03958334765881316,1.1005562708003138,1.140139618459127,1.015698889240769,0.006518641168156775,8.0
2026-10-12 08:20:00,0.1400073,-0.32048537700820107,1.1199999749660492,13.119999706745148,0.03958334765881316,1.1005562708003138,1.140139618459127,0.9596615436159575,0.006518641168156775,8.0
2026-10-12 08:30:00,0.1400073,-0.3741587870922317,1.1199999749660492,13.119999706745148,0.03958334765881316,1.1005562708003138,1.140139618459127,0.9059881335319268,0.006518641168156775,8.0
2026-10-12 08:40:00,0.1400073,-0.4250247275349037,1.1199999749660492,13.119999706745148,0.03958334765881316,1.1005562708003138,1.140139618459127,0.8551221930892547,0.006518641168156775,8.0
2026-10-12 08:50:00,0.1400073,-0.47266713631135415,1.1199999749660492,13.119999706745148,0.03958334765881316,1.1005562708003138,1.140139618459127,0.8074797843128043,0.006518641168156775,8.0
2026-10-12 09:00:00,0.1400073,-0.516702658566735,1.099999975413084,13.04999970830977,0.03901903537742841,1.0848664048162442,1.1238854401936726,0.747190083791969,0.006518641168156775,8.0
2026-10-12 09:10:00,0.1400073,-0.5567853892343718,1.099999975413084,13.04999970830977,0.03901903537742841,1.0848664048162442,1.1238854401936726,0.7071073531243323,0.006518641168156775,8.0
2026-10-12 09:20:00,0.1400073,-0.5926109932661301,1.099999975413084,13.04999970830977,0.03901903537742841,1.0848664048162442,1.1238854401936726,0.671281749092574,0.006518641168156775,8.0
2026-10-12 09:30:00,0.1400073,-0.6239200881190269,1.099999975413084,13.04999970830977,0.03901903537742841,1.0848664048162442,1.1238854401936726,0.6399726542396772,0.006518641168156775,8.0
2026-10-12 09:40:00,0.1400073,-0.6505007965989217,1.099999975413084,13.04999970830977,0.03901903537742841,1.0848664048162442,1.1238854401936726,0.6133919457597824,0.006518641168156775,8.0
2026-10-12 09:50:00,0.1400073,-0.6721904089805036,1.099999975413084,13.04999970830977,0.03901903537742841,1.0848664048162442,1.1238854401936726,0.5917023333782004,0.006518641168156775,8.0
2026-10-12 10:00:00,0.1400073,-0.6888761296030717,1.099999975413084,13.04999970830977,0.03901903537742841,1.0848664048162442,1.1238854401936726,0.5750166127556324,0.006518641168156775,8.0
2026-10-12 10:10:00,0.1400073,-0.7004949220465443,1.099999975413084,13.04999970830977,0.03901903537742841,1.0848664048162442,1.1238854401936726,0.5633978203121598,0.006518641168156775,8.0
2026-10-12 10:20:00,0.1400073,-0.7070325053037259,1.099999975413084,13.04999970830977,0.03901903537742841,1.0848664048162442,1.1238854401936726,0.5568602370549782,0.006518641168156775,8.0
2026-10-12 10:30:00,0.1400073,-0.7085215879450476,1.099999975413084,13.04999970830977,0.03901903537742841,1.0848664048162442,1.1238854401936726,0.5553711544136565,0.006518641168156775,8.0
2026-10-12 10:40:00,0.1400073,-0.7050394550617961,1.099999975413084,13.04999970830977,0.03901903537742841,1.0848664048162442,1.1238854401936726,0.558853287296908,0.006518641168156775,8.0
2026-10-12 10:50:00,0.1400073,-0.6967050415316984,1.099999975413084,13.04999970830977,0.03901903537742841,1.0848664048162442,1.1238854401936726,0.5671877008270056,0.006518641168156775,8.0
2026-10-12 11:00:00,0.1400073,-0.6836756333552495,1.099999975413084,13.04999970830977,0.03901903537742841,1.0848664048162442,1.1238854401936726,0.5802171090034546,0.006518641168156775,8.0
2026-10-12 11:10:00,0.1400073,-0.6661433361062576,1.099999975413084,13.04999970830977,0.03901903537742841,1.0848664048162442,1.1238854401936726,0.5977494062524464,0.006518641168156775,8.0
2026-10-12 11:20:00,0.1400073,-0.6443314366131004,1.099999975413084,13.04999970830977,0.03901903537742841,1.0848664048162442,1.1238854401936726,0.6195613057456036,0.006518641168156775,8.0
2026-10-12 11:30:00,0.1400073,-0.6184907625993982,1.099999975413084,13.04999970830977,0.03901903537742841,1.0848664048162442,1.1238854401936726,0.6454019797593059,0.006518641168156775,8.0
2026-10-12 11:40:00,0.1400073,-0.5888961177700538,1.099999975413084,13.04999970830977,0.03901903537742841,1.0848664048162442,1.1238854401936726,0.6749966245886503,0.006518641168156775,8.0
2026-10-12 11:50:00,0.1400073,-0.5558428399449303,1.099999975413084,13.04999970830977,0.03901903537742841,1.0848664048162442,1.1238854401936726,0.7080499024137737,0.006518641168156775,8.0
2026-10-12 12:00:00,0.1400073,-0.5196435006782973,1.0899999756366014,13.019999708980322,0.0387519809151972,1.077441351594695,1.1161933325098923,0.7365571339966264,0.006518641168156775,8.0
2026-10-12 12:10:00,0.1400073,-0.48062473973785247,1.0899999756366014,13.019999708980322,0.0387519809151972,1.077441351594695,1.1161933325098923,0.7755758949370712,0.006518641168156775,8.0
2026-10-12 12:20:00,0.1400073,-0.4391242094439008,1.0899999756366014,13.019999708980322,0.0387519809151972,1.077441351594695,1.1161933325098923,0.817076425231023,0.006518641168156775,8.0
2026-10-12 12:30:00,0.1400073,-0.3954875943190351,1.0899999756366014,13.019999708980322,0.0387519809151972,1.077441351594695,1.1161933325098923,0.8607130403558887,0.006518641168156775,8.0
2026-10-12 12:40:00,0.1400073,-0.35006567141164563,1.0899999756366014,13.019999708980322,0.0387519809151972,1.077441351594695,1.1161933325098923,0.906134963263278,0.006518641168156775,8.0
2026-10-12 12:50:00,0.1400073,-0.30321138597560354,1.0899999756366014,13.019999708980322,0.0387519809151972,1.077441351594695,1.1161933325098923,0.9529892486993201,0.006518641168156775,8.0
2026-10-12 13:00:00,0.1400073,-0.2552769343502747,1.0899999756366014,13.019999708980322,0.0387519809151972,1.077441351594695,1.1161933325098923,1.000923700324649,0.006518641168156775,8.0
2026-10-12 13:10:00,0.1400073,-0.20661086848877344,1.0899999756366014,13.019999708980322,0.0387519809151972,1.077441351594695,1.1161933325098923,1.0495897661861502,0.006518641168156775,8.0
2026-10-12 13:20:00,0.1400073,-0.15755526166510808,1.0899999756366014,13.019999708980322,0.0387519809151972,1.077441351594695,1.1161933325098923,1.0986453730098156,0.006518641168156775,8.0
2026-10-12 13:30:00,0.1400073,-0.10844299867678682,1.0899999756366014,13.019999708980322,0.0387519809151972,1.077441351594695,1.1161933325098923,1.147757635998137,0.006518641168156775,8.0
2026-10-12 13:40:00,0.1400073,-0.0595952732137929,1.0899999756366014,13.019999708980322,0.0387519809151972,1.077441351594695,1.1161933325098923,1.1966053614611307,0.006518641168156775,8.0
2026-10-12 13:50:00,0.1400073,-0.011319386560728116,1.0899999756366014,13.019999708980322,0.0387519809151972,1.077441351594695,1.1161933325098923,1.2448812481141955,0.006518641168156775,8.0
2026-10-12 14:00:00,0.1400073,0.036093056445156875,1.0899999756366014,13.019999708980322,0.0387519809151972,1.077441351594695,1.1161933325098923,1.2922936911200806,0.006518641168156775,8.0
2026-10-12 14:10:00,0.1400073,0.08236746792705849,1.0899999756366014,13.019999708980322,0.0387519809151972,1.077441351594695,1.1161933325098923,1.3385681026019822,0.006518641168156775,8.0
2026-10-12 14:20:00,0.1400073,0.12724704821647437,1.0899999756366014,13.019999708980322,0.0387519809151972,1.077441351594695,1.1161933325098923,1.383447682891398,0.006518641168156775,8.0
2026-10-12 14:30:00,0.1400073,0.1704929728371178,1.0899999756366014,13.019999708980322,0.0387519809151972,1.077441351594695,1.1161933325098923,1.4266936075120416,0.006518641168156775,8.0
2026-10-12 14:40:00,0.1400073,0.21188399821993223,1.0899999756366014,13.019999708980322,0.0387519809151972,1.077441351594695,1.1161933325098923,1.4680846328948558,0.006518641168156775,8.0
2026-10-12 14:50:00,0.1400073,0.2512155314041514,1.0899999756366014,13.019999708980322,0.0387519809151972,1.077441351594695,1.1161933325098923,1.507416166079075,0.006518641168156775,8.0
2026-10-12 15:00:00,0.1400073,0.28829825146462523,1.0899999756366014,13.059999708086252,0.03887103462000579,1.0807514632739414,1.1196224978939473,1.547928051523604,0.006518641168156775,8.0
2026-10-12 15:10:00,0.1400073,0.32295640885455273,1.0899999756366014,13.059999708086252,0.03887103462000579,1.0807514632739414,1.1196224978939473,1.5825862089135314,0.006518641168156775,8.0
2026-10-12 15:20:00,0.1400073,0.35502595963193573,1.0899999756366014,13.059999708086252,0.03887103462000579,1.0807514632739414,1.1196224978939473,1.6146557596909146,0.006518641168156775,8.0
2026-10-12 15:30:00,0.1400073,0.38435271104131397,1.0899999756366014,13.059999708086252,0.03887103462000579,1.0807514632739414,1.1196224978939473,1.6439825111002926,0.006518641168156775,8.0
2026-10-12 15:40:00,0.1400073,0.410790661213307,1.0899999756366014,13.059999708086252,0.03887103462000579,1.0807514632739414,1.1196224978939473,1.6704204612722857,0.006518641168156775,8.0
2026-10-12 15:50:00,0.1400073,0.4342007074556709,1.0899999756366014,13.059999708086252,0.03887103462000579,1.0807514632739414,1.1196224978939473,1.6938305075146496,0.006518641168156775,8.0
2026-10-12 16:00:00,0.1400073,0.45444987521747415,1.0899999756366014,13.059999708086252,0.03887103462000579,1.0807514632739414,1.1196224978939473,1.7140796752764529,0.006518641168156775,8.0
2026-10-12 16:10:00,0.1400073,0.4714111848887555,1.0899999756366014,13.059999708086252,0.03887103462000579,1.0807514632739414,1.1196224978939473,1.7310409849477342,0.006518641168156775,8.0
2026-10-12 16:20:00,0.1400073,0.48496422880835244,1.0899999756366014,13.059999708086252,0.03887103462000579,1.0807514632739414,1.1196224978939473,1.7445940288673312,0.006518641168156775,8.0
2026-10-12 16:30:00,0.1400073,0.4949964800661581,1.0899999756366014,13.059999708086252,0.03887103462000579,1.0807514632739414,1.1196224978939473,1.7546262801251369,0.006518641168156775,8.0
2026-10-12 16:40:00,0.1400073,0.5014053019096053,1.0899999756366014,13.059999708086252,0.03887103462000579,1.0807514632739414,1.1196224978939473,1.761035101968584,0.006518641168156775,8.0
2026-10-12 16:50:00,0.1400073,0.5041005762432138,1.0899999756366014,13.059999708086252,0.03887103462000579,1.0807514632739414,1.1196224978939473,1.7637303763021925,0.006518641168156775,8.0
2026-10-12 17:00:00,0.1400073,0.5030078258497089,1.0899999756366014,13.059999708086252,0.03887103462000579,1.0807514632739414,1.1196224978939473,1.7626376259086878,0.006518641168156775,8.0
2026-10-12 17:10:00,0.1400073,0.4980716708315848,1.0899999756366014,13.059999708086252,0.03887103462000579,1.0807514632739414,1.1196224978939473,1.7577014708905636,0.006518641168156775,8.0
2026-10-12 17:20:00,0.1400073,0.4892594378187968,1.0899999756366014,13.059999708086252,0.03887103462000579,1.0807514632739414,1.1196224978939473,1.7488892378777756,0.006518641168156775,8.0
2026-10-12 17:30:00,0.1400073,0.4765647318067228,1.0899999756366014,13.059999708086252,0.03887103462000579,1.0807514632739414,1.1196224978939473,1.7361945318657015,0.006518641168156775,8.0
2026-10-12 17:40:00,0.1400073,0.4600107850477935,1.0899999756366014,13.059999708086252,0.03887103462000579,1.0807514632739414,1.1196224978939473,1.7196405851067722,0.006518641168156775,8.0
2026-10-12 17:50:00,0.1400073,0.43965341390192353,1.0899999756366014,13.059999708086252,0.03887103462000579,1.0807514632739414,1.1196224978939473,1.6992832139609022,0.006518641168156775,8.0
2026-10-12 18:00:00,0.1400073,0.41558344072536685,1.0899999756366014,13.079999707639217,0.03893056147241009,1.0824065191135648,1.1213370805859748,1.6769278234763731,0.006518641168156775,8.0
2026-10-12 18:10:00,0.1400073,0.3879284707153301,1.0899999756366014,13.079999707639217,0.03893056147241009,1.0824065191135648,1.1213370805859748,1.6492728534663363,0.006518641168156775,8.0
2026-10-12 18:20:00,0.1400073,0.3568539497643204,1.0899999756366014,13.079999707639217,0.03893056147241009,1.0824065191135648,1.1213370805859748,1.6181983325153266,0.006518641168156775,8.0
2026-10-12 18:30:00,0.1400073,0.32256346546964976,1.0899999756366014,13.079999707639217,0.03893056147241009,1.0824065191135648,1.1213370805859748,1.583907848220656,0.006518641168156775,8.0
2026-10-12 18:40:00,0.1400073,0.28529828642315913,1.0899999756366014,13.079999707639217,0.03893056147241009,1.0824065191135648,1.1213370805859748,1.5466426691741653,0.006518641168156775,8.0
2026-10-12 18:50:00,0.1400073,0.24533616248386853,1.0899999756366014,13.079999707639217,0.03893056147241009,1.0824065191135648,1.1213370805859748,1.5066805452348748,0.006518641168156775,8.0
2026-10-12 19:00:00,0.1400073,0.202989429393722,1.0899999756366014,13.079999707639217,0.03893056147241009,1.0824065191135648,1.1213370805859748,1.4643338121447282,0.006518641168156775,8.0
2026-10-12 19:10:00,0.1400073,0.15860247429885346,1.0899999756366014,13.079999707639217,0.03893056147241009,1.0824065191135648,1.1213370805859748,1.4199468570498597,0.006518641168156775,8.0
2026-10-12 19:20:00,0.1400073,0.11254862504906726,1.0899999756366014,13.079999707639217,0.03893056147241009,1.0824065191135648,1.1213370805859748,1.3738930078000735,0.006518641168156775,8.0
2026-10-12 19:30:00,0.1400073,0.06522652668459278,1.0899999756366014,13.079999707639217,0.03893056147241009,1.0824065191135648,1.1213370805859748,1.326570909435599,0.006518641168156775,8.0
2026-10-12 19:40:00,0.1400073,0.017056065368556757,1.0899999756366014,13.079999707639217,0.03893056147241009,1.0824065191135648,1.1213370805859748,1.278400448119563,0.006518641168156775,8.0
2026-10-12 19:50:00,0.1400073,-0.031526104758879445,1.0899999756366014,13.079999707639217,0.03893056147241009,1.0824065191135648,1.1213370805859748,1.2298182779921267,0.006518641168156775,8.0
2026-10-12 20:00:00,0.1400073,-0.08007138038411386,1.0899999756366014,13.079999707639217,0.03893056147241009,1.0824065191135648,1.1213370805859748,1.1812730023668925,0.006518641168156775,8.0
2026-10-12 20:10:00,0.1400073,-0.12812432362378887,1.0899999756366014,13.079999707639217,0.03893056147241009,1.0824065191135648,1.1213370805859748,1.1332200591272175,0.006518641168156775,8.0
2026-10-12 20:20:00,0.1400073,-0.1752280201327848,1.0899999756366014,13.079999707639217,0.03893056147241009,1.0824065191135648,1.1213370805859748,1.0861163626182215,0.006518641168156775,8.0
2026-10-12 20:30:00,0.1400073,-0.22092962153171058,1.0899999756366014,13.079999707639217,0.03893056147241009,1.0824065191135648,1.1213370805859748,1.0404147612192958,0.006518641168156775,8.0
2026-10-12 20:40:00,0.1400073,-0.26478600190156537,1.0899999756366014,13.079999707639217,0.03893056147241009,1.0824065191135648,1.1213370805859748,0.9965583808494409,0.006518641168156775,8.0
2026-10-12 20:50:00,0.1400073,-0.3063694437689473,1.0899999756366014,13.079999707639217,0.03893056147241009,1.0824065191135648,1.1213370805859748,0.954974938982059,0.006518641168156775,8.0
2026-10-12 21:00:00,0.1400073,-0.345273253478842,1.0899999756366014,13.0899997074157,0.03896032489861223,1.0832340470333763,1.1221943719319887,0.916928420618178,0.006518641168156775,8.0
2026-10-12 21:10:00,0.1400073,-0.38111719109745174,1.0899999756366014,13.0899997074157,0.03896032489861223,1.0832340470333763,1.1221943719319887,0.8810844829995683,0.006518641168156775,8.0
2026-10-12 21:20:00,0.1400073,-0.4135525886159551,1.0899999756366014,13.0899997074157,0.03896032489861223,1.0832340470333763,1.1221943719319887,0.848649085481065,0.006518641168156775,8.0
2026-10-12 21:30:00,0.1400073,-0.44226702448034455,1.0899999756366014,13.0899997074157,0.03896032489861223,1.0832340470333763,1.1221943719319887,0.8199346496166755,0.006518641168156775,8.0
2026-10-12 21:40:00,0.1400073,-0.4669884241894966,1.0899999756366014,13.0899997074157,0.03896032489861223,1.0832340470333763,1.1221943719319887,0.7952132499075235,0.006518641168156775,8.0
2026-10-12 21:50:00,0.1400073,-0.48748846701924997,1.0899999756366014,13.0899997074157,0.03896032489861223,1.0832340470333763,1.1221943719319887,0.7747132070777701,0.006518641168156775,8.0
2026-10-12 22:00:00,0.1400073,-0.5035851981378194,1.0899999756366014,13.0899997074157,0.03896032489861223,1.0832340470333763,1.1221943719319887,0.7586164759592007,0.006518641168156775,8.0
2026-10-12 22:10:00,0.1400073,-0.51514477276846,1.0899999756366014,13.0899997074157,0.03896032489861223,1.0832340470333763,1.1221943719319887,0.7470569013285601,0.006518641168156775,8.0
2026-10-12 22:20:00,0.1400073,-0.5220822928788007,1.0899999756366014,13.0899997074157,0.03896032489861223,1.0832340470333763,1.1221943719319887,0.7401193812182194,0.006518641168156775,8.0
2026-10-12 22:30:00,0.1400073,-0.5243617348108052,1.0899999756366014,13.0899997074157,0.03896032489861223,1.0832340470333763,1.1221943719319887,0.7378399392862149,0.006518641168156775,8.0
2026-10-12 22:40:00,0.1400073,-0.5219950052143925,1.0899999756366014,13.0899997074157,0.03896032489861223,1.0832340470333763,1.1221943719319887,0.7402066688826276,0.006518641168156775,8.0
2026-10-12 22:50:00,0.1400073,-0.5150401993873468,1.0899999756366014,13.0899997074157,0.03896032489861223,1.0832340470333763,1.1221943719319887,0.7471614747096733,0.006518641168156775,8.0
2026-10-12 23:00:00,0.1400073,-0.5035991675413294,1.0899999756366014,13.0899997074157,0.03896032489861223,1.0832340470333763,1.1221943719319887,0.7586025065556907,0.006518641168156775,8.0
2026-10-12 23:10:00,0.1400073,-0.4878145178792134,1.0899999756366014,13.0899997074157,0.03896032489861223,1.0832340470333763,1.1221943719319887,0.7743871562178066,0.006518641168156775,8.0
2026-10-12 23:20:00,0.1400073,-0.46786619877544616,1.0899999756366014,13.0899997074157,0.03896032489861223,1.0832340470333763,1.1221943719319887,0.7943354753215739,0.006518641168156775,8.0
2026-10-12 23:30:00,0.1400073,-0.44396780484275544,1.0899999756366014,13.0899997074157,0.03896032489861223,1.0832340470333763,1.1221943719319887,0.8182338692542647,0.006518641168156775,8.0
2026-10-12 23:40:00,0.1400073,-0.4163627433802994,1.0899999756366014,13.0899997074157,0.03896032489861223,1.0832340470333763,1.1221943719319887,0.8458389307167207,0.006518641168156775,8.0
2026-10-12 23:50:00,0.1400073,-0.3853203798712273,1.0899999756366014,13.0899997074157,0.03896032489861223,1.0832340470333763,1.1221943719319887,0.8768812942257929,0.006518641168156775,8.0
2026-10-13 00:00:00,0.13455983,-0.351132256034605,1.0699999760836363,13.059999708086252,0.038512768592749665,1.0707904077737846,1.1093031763665344,0.8927307453946811,0.006518641168156775,8.0
2026-10-13 00:10:00,0.13455983,-0.31410844439082547,1.0699999760836363,13.059999708086252,0.038512768592749665,1.0707904077737846,1.1093031763665344,0.9297545570384607,0.006518641168156775,8.0
2026-10-13 00:20:00,0.13455983,-0.27457407274091533,1.0699999760836363,13.059999708086252,0.038512768592749665,1.0707904077737846,1.1093031763665344,0.9692889286883708,0.006518641168156775,8.0
2026-10-13 00:30:00,0.13455983,-0.23286602374642917,1.0699999760836363,13.059999708086252,0.038512768592749665,1.0707904077737846,1.1093031763665344,1.010996977682857,0.006518641168156775,8.0
2026-10-13 00:40:00,0.13455983,-0.18932979212725218,1.0699999760836363,13.059999708086252,0.038512768592749665,1.0707904077737846,1.1093031763665344,1.054533209302034,0.006518641168156775,8.0
2026-10-13 00:50:00,0.13455983,-0.14431646710543805,1.0699999760836363,13.059999708086252,0.038512768592749665,1.0707904077737846,1.1093031763665344,1.0995465343238482,0.006518641168156775,8.0
2026-10-13 01:00:00,0.13455983,-0.09817980227011187,1.0699999760836363,13.059999708086252,0.038512768592749665,1.0707904077737846,1.1093031763665344,1.1456831991591743,0.006518641168156775,8.0
2026-10-13 01:10:00,0.13455983,-0.05127333916429668,1.0699999760836363,13.059999708086252,0.038512768592749665,1.0707904077737846,1.1093031763665344,1.1925896622649894,0.006518641168156775,8.0
2026-10-13 01:20:00,0.13455983,-0.003947563937142064,1.0699999760836363,13.059999708086252,0.038512768592749665,1.0707904077737846,1.1093031763665344,1.2399154374921442,0.006518641168156775,8.0
2026-10-13 01:30:00,0.13455983,0.043452903648043925,1.0699999760836363,13.059999708086252,0.038512768592749665,1.0707904077737846,1.1093031763665344,1.2873159050773302,0.006518641168156775,8.0
2026-10-13 01:40:00,0.13455983,0.09059206546197913,1.0699999760836363,13.059999708086252,0.038512768592749665,1.0707904077737846,1.1093031763665344,1.3344550668912654,0.006518641168156775,8.0
2026-10-13 01:50:00,0.13455983,0.13714519617480894,1.0699999760836363,13.059999708086252,0.038512768592749665,1.0707904077737846,1.1093031763665344,1.381008197604095,0.006518641168156775,8.0
2026-10-13 02:00:00,0.13455983,0.18280131987350512,1.0699999760836363,13.059999708086252,0.038512768592749665,1.0707904077737846,1.1093031763665344,1.4266643213027912,0.006518641168156775,8.0
2026-10-13 02:10:00,0.13455983,0.22726542547183368,1.0699999760836363,13.059999708086252,0.038512768592749665,1.0707904077737846,1.1093031763665344,1.47112842690112,0.006518641168156775,8.0
2026-10-13 02:20:00,0.13455983,0.2702603270194091,1.0699999760836363,13.059999708086252,0.038512768592749665,1.0707904077737846,1.1093031763665344,1.5141233284486952,0.006518641168156775,8.0
2026-10-13 02:30:00,0.13455983,0.311528078223873,1.0699999760836363,13.059999708086252,0.038512768592749665,1.0707904077737846,1.1093031763665344,1.5553910796531591,0.006518641168156775,8.0
2026-10-13 02:40:00,0.13455983,0.3508308651563332,1.0699999760836363,13.059999708086252,0.038512768592749665,1.0707904077737846,1.1093031763665344,1.5946938665856194,0.006518641168156775,8.0
2026-10-13 02:50:00,0.13455983,0.3879513262920975,1.0699999760836363,13.059999708086252,0.038512768592749665,1.0707904077737846,1.1093031763665344,1.6318143277213837,0.006518641168156775,8.0
2026-10-13 03:00:00,0.13455983,0.42269228323491204,1.0499999765306711,13.00999970920384,0.038005077324105935,1.056674805067503,1.0946798823916088,1.6519319906892727,0.006518641168156775,8.0
2026-10-13 03:10:00,0.13455983,0.45487590556323076,1.0499999765306711,13.00999970920384,0.038005077324105935,1.056674805067503,1.0946798823916088,1.6841156130175914,0.006518641168156775,8.0
2026-10-13 03:20:00,0.13455983,0.48434237568859523,1.0499999765306711,13.00999970920384,0.038005077324105935,1.056674805067503,1.0946798823916088,1.7135820831429558,0.006518641168156775,8.0
2026-10-13 03:30:00,0.13455983,0.5109481603956266,1.0499999765306711,13.00999970920384,0.038005077324105935,1.056674805067503,1.0946798823916088,1.7401878678499871,0.006518641168156775,8.0
2026-10-13 03:40:00,0.13455983,0.5345640305868014,1.0499999765306711,13.00999970920384,0.038005077324105935,1.056674805067503,1.0946798823916088,1.763803738041162,0.006518641168156775,8.0
2026-10-13 03:50:00,0.13455983,0.5550729963171338,1.0499999765306711,13.00999970920384,0.038005077324105935,1.056674805067503,1.0946798823916088,1.7843127037714943,0.006518641168156775,8.0
2026-10-13 04:00:00,0.13455983,0.5723683373822971,1.0499999765306711,13.00999970920384,0.038005077324105935,1.056674805067503,1.0946798823916088,1.8016080448366578,0.006518641168156775,8.0
2026-10-13 04:10:00,0.13455983,0.5863519090042072,1.0499999765306711,13.00999970920384,0.038005077324105935,1.056674805067503,1.0946798823916088,1.8155916164585677,0.006518641168156775,8.0
2026-10-13 04:20:00,0.13455983,0.5969328869780861,1.0499999765306711,13.00999970920384,0.038005077324105935,1.056674805067503,1.0946798823916088,1.8261725944324467,0.006518641168156775,8.0
2026-10-13 04:30:00,0.13455983,0.6040270880552159,1.0499999765306711,13.00999970920384,0.038005077324105935,1.056674805067503,1.0946798823916088,1.8332667955095765,0.006518641168156775,8.0
2026-10-13 04:40:00,0.13455983,0.6075569614031904,1.0499999765306711,13.00999970920384,0.038005077324105935,1.056674805067503,1.0946798823916088,1.836796668857551,0.006518641168156775,8.0
2026-10-13 04:50:00,0.13455983,0.6074522990423517,1.0499999765306711,13.00999970920384,0.038005077324105935,1.056674805067503,1.0946798823916088,1.8366920064967123,0.006518641168156775,8.0
2026-10-13 05:00:00,0.13455983,0.6036516611753959,1.0499999765306711,13.00999970920384,0.038005077324105935,1.056674805067503,1.0946798823916088,1.8328913686297565,0.006518641168156775,8.0
2026-10-13 05:10:00,0.13455983,0.5961044605048416,1.0499999765306711,13.00999970920384,0.038005077324105935,1.056674805067503,1.0946798823916088,1.8253441679592022,0.006518641168156775,8.0
2026-10-13 05:20:00,0.13455983,0.5847736023612283,1.0499999765306711,13.00999970920384,0.038005077324105935,1.056674805067503,1.0946798823916088,1.8140133098155888,0.006518641168156775,8.0
2026-10-13 05:30:00,0.13455983,0.5696385382861071,1.0499999765306711,13.00999970920384,0.038005077324105935,1.056674805067503,1.0946798823916088,1.7988782457404677,0.006518641168156775,8.0
2026-10-13 05:40:00,0.13455983,0.550698562682648,1.0499999765306711,13.00999970920384,0.038005077324105935,1.056674805067503,1.0946798823916088,1.7799382701370088,0.006518641168156775,8.0
2026-10-13 05:50:00,0.13455983,0.5279761669063373,1.0499999765306711,13.00999970920384,0.038005077324105935,1.056674805067503,1.0946798823916088,1.757215874360698,0.006518641168156775,8.0
2026-10-13 06:00:00,0.13455983,0.501520263396316,0.9999999776482582,12.939999710768461,0.036889600389327024,1.0256606233948038,1.0625502237841309,1.6986303122431985,0.006518641168156775,8.0
2026-10-13 06:10:00,0.13455983,0.47140910336576114,0.9999999776482582,12.939999710768461,0.036889600389327024,1.0256606233948038,1.0625502237841309,1.6685191522126437,0.006518641168156775,8.0
2026-10-13 06:20:00,0.13455983,0.4377527334494913,0.9999999776482582,12.939999710768461,0.036889600389327024,1.0256606233948038,1.0625502237841309,1.634862782296374,0.006518641168156775,8.0
2026-10-13 06:30:00,0.13455983,0.40069486682961397,0.9999999776482582,12.939999710768461,0.036889600389327024,1.0256606233948038,1.0625502237841309,1.5978049156764966,0.006518641168156775,8.0
2026-10-13 06:40:00,0.13455983,0.3604140795122454,0.9999999776482582,12.939999710768461,0.036889600389327024,1.0256606233948038,1.0625502237841309,1.5575241283591281,0.006518641168156775,8.0
2026-10-13 06:50:00,0.13455983,0.31712427916185354,0.9999999776482582,12.939999710768461,0.036889600389327024,1.0256606233948038,1.0625502237841309,1.5142343280087363,0.006518641168156775,8.0
2026-10-13 07:00:00,0.13455983,0.2710744289913093,0.9999999776482582,12.939999710768461,0.036889600389327024,1.0256606233948038,1.0625502237841309,1.468184477838192,0.006518641168156775,8.0
2026-10-13 07:10:00,0.13455983,0.22254753985804165,0.9999999776482582,12.939999710768461,0.036889600389327024,1.0256606233948038,1.0625502237841309,1.4196575887049243,0.006518641168156775,8.0
2026-10-13 07:20:00,0.13455983,0.1718589680538233,0.9999999776482582,12.939999710768461,0.036889600389327024,1.0256606233948038,1.0625502237841309,1.368969016900706,0.006518641168156775,8.0
2026-10-13 07:30:00,0.13455983,0.11935407316418827,0.9999999776482582,12.939999710768461,0.036889600389327024,1.0256606233948038,1.0625502237841309,1.3164641220110709,0.006518641168156775,8.0
2026-10-13 07:40:00,0.13455983,0.06540529987092059,0.9999999776482582,12.939999710768461,0.036889600389327024,1.0256606233948038,1.0625502237841309,1.2625153487178031,0.006518641168156775,8.0
2026-10-13 07:50:00,0.13455983,0.010408750517759477,0.9999999776482582,12.939999710768461,0.036889600389327024,1.0256606233948038,1.0625502237841309,1.2075187993646421,0.006518641168156775,8.0
2026-10-13 08:00:00,0.13455983,-0.04521968678780911,0.9999999776482582,12.939999710768461,0.036889600389327024,1.0256606233948038,1.0625502237841309,1.1518903620590735,0.006518641168156775,8.0
2026-10-13 08:10:00,0.13455983,-0.10104859453420766,0.9999999776482582,12.939999710768461,0.036889600389327024,1.0256606233948038,1.0625502237841309,1.096061454312675,0.006518641168156775,8.0
2026-10-13 08:20:00,0.13455983,-0.15663561209204532,0.9999999776482582,12.939999710768461,0.036889600389327024,1.0256606233948038,1.0625502237841309,1.0404744367548373,0.006518641168156775,8.0
2026-10-13 08:30:00,0.13455983,-0.21153230114061825,0.9999999776482582,12.939999710768461,0.036889600389327024,1.0256606233948038,1.0625502237841309,0.9855777477062644,0.006518641168156775,8.0
2026-10-13 08:40:00,0.13455983,-0.2652892401009247,0.9999999776482582,12.939999710768461,0.036889600389327024,1.0256606233948038,1.0625502237841309,0.931820808745958,0.006518641168156775,8.0
2026-10-13 08:50:00,0.13455983,-0.31746129366044307,0.9999999776482582,12.939999710768461,0.036889600389327024,1.0256606233948038,1.0625502237841309,0.8796487551864396,0.006518641168156775,8.0
2026-10-13 09:00:00,0.13455983,-0.3676129953844823,0.9699999783188105,12.839999713003635,0.03605126973120868,1.0023520828754708,1.0384033526066796,0.8053501822849491,0.006518641168156775,8.0
2026-10-13 09:10:00,0.13455983,-0.41532396938208804,0.9699999783188105,12.839999713003635,0.03605126973120868,1.0023520828754708,1.0384033526066796,0.7576392082873433,0.006518641168156775,8.0
2026-10-13 09:20:00,0.13455983,-0.46019430258555083,0.9699999783188105,12.839999713003635,0.03605126973120868,1.0023520828754708,1.0384033526066796,0.7127688750838805,0.006518641168156775,8.0
2026-10-13 09:30:00,0.13455983,-0.501849764524777,0.9699999783188105,12.839999713003635,0.03605126973120868,1.0023520828754708,1.0384033526066796,0.6711134131446543,0.006518641168156775,8.0
2026-10-13 09:40:00,0.13455983,-0.5399467585394983,0.9699999783188105,12.839999713003635,0.03605126973120868,1.0023520828754708,1.0384033526066796,0.6330164191299331,0.006518641168156775,8.0
2026-10-13 09:50:00,0.13455983,-0.5741768800713434,0.9699999783188105,12.839999713003635,0.03605126973120868,1.0023520828754708,1.0384033526066796,0.598786297598088,0.006518641168156775,8.0
2026-10-13 10:00:00,0.13455983,-0.6042709555902156,0.9699999783188105,12.839999713003635,0.03605126973120868,1.0023520828754708,1.0384033526066796,0.5686922220792158,0.006518641168156775,8.0
2026-10-13 10:10:00,0.13455983,-0.6300024418118397,0.9699999783188105,12.839999713003635,0.03605126973120868,1.0023520828754708,1.0384033526066796,0.5429607358575916,0.006518641168156775,8.0
2026-10-13 10:20:00,0.13455983,-0.6511900795377696,0.9699999783188105,12.839999713003635,0.03605126973120868,1.0023520828754708,1.0384033526066796,0.5217730981316617,0.006518641168156775,8.0
2026-10-13 10:30:00,0.13455983,-0.6676997197661276,0.9699999783188105,12.839999713003635,0.03605126973120868,1.0023520828754708,1.0384033526066796,0.5052634579033037,0.006518641168156775,8.0
2026-10-13 10:40:00,0.13455983,-0.6794452702766104,0.9699999783188105,12.839999713003635,0.03605126973120868,1.0023520828754708,1.0384033526066796,0.493517907392821,0.006518641168156775,8.0
2026-10-13 10:50:00,0.13455983,-0.6863887467736143,0.9699999783188105,12.839999713003635,0.03605126973120868,1.0023520828754708,1.0384033526066796,0.4865744308958171,0.006518641168156775,8.0
2026-10-13 11:00:00,0.13455983,-0.6885394511053938,0.9699999783188105,12.839999713003635,0.03605126973120868,1.0023520828754708,1.0384033526066796,0.48442372656403754,0.006518641168156775,8.0
2026-10-13 11:10:00,0.13455983,-0.6859523368222932,0.9699999783188105,12.839999713003635,0.03605126973120868,1.0023520828754708,1.0384033526066796,0.4870108408471382,0.006518641168156775,8.0
2026-10-13 11:20:00,0.13455983,-0.6787256563294658,0.9699999783188105,12.839999713003635,0.03605126973120868,1.0023520828754708,1.0384033526066796,0.49423752133996557,0.006518641168156775,8.0
2026-10-13 11:30:00,0.13455983,-0.6669980109860282,0.9699999783188105,12.839999713003635,0.03605126973120868,1.0023520828754708,1.0384033526066796,0.5059651666834032,0.006518641168156775,8.0
2026-10-13 11:40:00,0.13455983,-0.6509449435547927,0.9699999783188105,12.839999713003635,0.03605126973120868,1.0023520828754708,1.0384033526066796,0.5220182341146387,0.006518641168156775,8.0
2026-10-13 11:50:00,0.13455983,-0.6307752197778114,0.9699999783188105,12.839999713003635,0.03605126973120868,1.0023520828754708,1.0384033526066796,0.54218795789162,0.006518641168156775,8.0
2026-10-13 12:00:00,0.13455983,-0.6067269422481217,0.9599999785423279,12.609999718144536,0.035222516193738146,0.9793098199907633,1.0145323361845013,0.5423652189991314,0.006518641168156775,8.0
2026-10-13 12:10:00,0.13455983,-0.5790636257849897,0.9599999785423279,12.609999718144536,0.035222516193738146,0.9793098199907633,1.0145323361845013,0.5700285354622634,0.006518641168156775,8.0
2026-10-13 12:20:00,0.13455983,-0.5480703410102763,0.9599999785423279,12.609999718144536,0.035222516193738146,0.9793098199907633,1.0145323361845013,0.6010218202369768,0.006518641168156775,8.0
2026-10-13 12:30:00,0.13455983,-0.5140500042971172,0.9599999785423279,12.609999718144536,0.035222516193738146,0.9793098199907633,1.0145323361845013,0.6350421569501359,0.006518641168156775,8.0
2026-10-13 12:40:00,0.13455983,-0.4773198610558253,0.9599999785423279,12.609999718144536,0.035222516193738146,0.9793098199907633,1.0145323361845013,0.6717723001914278,0.006518641168156775,8.0
2026-10-13 12:50:00,0.13455983,-0.43820817870702633,0.9599999785423279,12.609999718144536,0.035222516193738146,0.9793098199907633,1.0145323361845013,0.7108839825402268,0.006518641168156775,8.0
2026-10-13 13:00:00,0.13455983,-0.3970511392570358,0.9599999785423279,12.609999718144536,0.035222516193738146,0.9793098199907633,1.0145323361845013,0.7520410219902174,0.006518641168156775,8.0
2026-10-13 13:10:00,0.13455983,-0.35418990158084024,0.9599999785423279,12.609999718144536,0.035222516193738146,0.9793098199907633,1.0145323361845013,0.7949022596664128,0.006518641168156775,8.0
2026-10-13 13:20:00,0.13455983,-0.3099677927555715,0.9599999785423279,12.609999718144536,0.035222516193738146,0.9793098199907633,1.0145323361845013,0.8391243684916816,0.006518641168156775,8.0
2026-10-13 13:30:00,0.13455983,-0.2647275866198674,0.9599999785423279,12.609999718144536,0.035222516193738146,0.9793098199907633,1.0145323361845013,0.8843645746273857,0.006518641168156775,8.0
2026-10-13 13:40:00,0.13455983,-0.21880883623937034,0.9599999785423279,12.609999718144536,0.035222516193738146,0.9793098199907633,1.0145323361845013,0.9302833250078828,0.006518641168156775,8.0
2026-10-13 13:50:00,0.13455983,-0.17254524364145327,0.9599999785423279,12.609999718144536,0.035222516193738146,0.9793098199907633,1.0145323361845013,0.9765469176057998,0.006518641168156775,8.0
2026-10-13 14:00:00,0.13455983,-0.12626207263885,0.9599999785423279,12.609999718144536,0.035222516193738146,0.9793098199907633,1.0145323361845013,1.0228300886084032,0.006518641168156775,8.0
2026-10-13 14:10:00,0.13455983,-0.08027363589830536,0.9599999785423279,12.609999718144536,0.035222516193738146,0.9793098199907633,1.0145323361845013,1.0688185253489477,0.006518641168156775,8.0
2026-10-13 14:20:00,0.13455983,-0.03488091176764903,0.9599999785423279,12.609999718144536,0.035222516193738146,0.9793098199907633,1.0145323361845013,1.1142112494796041,0.006518641168156775,8.0
2026-10-13 14:30:00,0.13455983,0.009630633239314993,0.9599999785423279,12.609999718144536,0.035222516193738146,0.9793098199907633,1.0145323361845013,1.1587227944865681,0.006518641168156775,8.0
2026-10-13 14:40:00,0.13455983,0.05299292778611244,0.9599999785423279,12.609999718144536,0.035222516193738146,0.9793098199907633,1.0145323361845013,1.2020850890333656,0.006518641168156775,8.0
2026-10-13 14:50:00,0.13455983,0.09495679305659183,0.9599999785423279,12.609999718144536,0.035222516193738146,0.9793098199907633,1.0145323361845013,1.2440489543038449,0.006518641168156775,8.0
2026-10-13 15:00:00,0.13455983,0.1352929703850303,0.9599999785423279,12.669999716803432,0.03539010945080589,0.9839695019256915,1.0193596113764973,1.2892124068242794,0.006518641168156775,8.0
2026-10-13 15:10:00,0.13455983,0.17379261445091185,0.9599999785423279,12.669999716803432,0.03539010945080589,0.9839695019256915,1.0193596113764973,1.327712050890161,0.006518641168156775,8.0
2026-10-13 15:20:00,0.13455983,0.210267216385189,0.9599999785423279,12.669999716803432,0.03539010945080589,0.9839695019256915,1.0193596113764973,1.3641866528244382,0.006518641168156775,8.0
2026-10-13 15:30:00,0.13455983,0.24454795789506623,0.9599999785423279,12.669999716803432,0.03539010945080589,0.9839695019256915,1.0193596113764973,1.3984673943343153,0.006518641168156775,8.0
2026-10-13 15:40:00,0.13455983,0.27648453850533566,0.9599999785423279,12.669999716803432,0.03539010945080589,0.9839695019256915,1.0193596113764973,1.4304039749445847,0.006518641168156775,8.0
2026-10-13 15:50:00,0.13455983,0.3059435597296615,0.9599999785423279,12.669999716803432,0.03539010945080589,0.9839695019256915,1.0193596113764973,1.4598629961689107,0.006518641168156775,8.0
2026-10-13 16:00:00,0.13455983,0.33280658778802774,0.9599999785423279,12.669999716803432,0.03539010945080589,0.9839695019256915,1.0193596113764973,1.4867260242272768,0.006518641168156775,8.0
2026-10-13 16:10:00,0.13455983,0.3569680471742075,0.9599999785423279,12.669999716803432,0.03539010945080589,0.9839695019256915,1.0193596113764973,1.5108874836134567,0.006518641168156775,8.0
2026-10-13 16:20:00,0.13455983,0.37833311684595516,0.9599999785423279,12.669999716803432,0.03539010945080589,0.9839695019256915,1.0193596113764973,1.5322525532852043,0.006518641168156775,8.0
2026-10-13 16:30:00,0.13455983,0.3968158075895812,0.9599999785423279,12.669999716803432,0.03539010945080589,0.9839695019256915,1.0193596113764973,1.5507352440288302,0.006518641168156775,8.0
2026-10-13 16:40:00,0.13455983,0.41233739136219527,0.9599999785423279,12.669999716803432,0.03539010945080589,0.9839695019256915,1.0193596113764973,1.5662568278014444,0.006518641168156775,8.0
2026-10-13 16:50:00,0.13455983,0.42482533183617366,0.9599999785423279,12.669999716803432,0.03539010945080589,0.9839695019256915,1.0193596113764973,1.5787447682754228,0.006518641168156775,8.0
2026-10-13 17:00:00,0.13455983,0.4342128313371761,0.9599999785423279,12.669999716803432,0.03539010945080589,0.9839695019256915,1.0193596113764973,1.5881322677764251,0.006518641168156775,8.0
2026-10-13 17:10:00,0.13455983,0.44043906552072254,0.9599999785423279,12.669999716803432,0.03539010945080589,0.9839695019256915,1.0193596113764973,1.5943585019599715,0.006518641168156775,8.0
2026-10-13 17:20:00,0.13455983,0.443450127323469,0.9599999785423279,12.669999716803432,0.03539010945080589,0.9839695019256915,1.0193596113764973,1.597369563762718,0.006518641168156775,8.0
2026-10-13 17:30:00,0.13455983,0.44320064981185225,0.9599999785423279,12.669999716803432,0.03539010945080589,0.9839695019256915,1.0193596113764973,1.5971200862511012,0.006518641168156775,8.0
2026-10-13 17:40:00,0.13455983,0.4396560281717053,0.9599999785423279,12.669999716803432,0.03539010945080589,0.9839695019256915,1.0193596113764973,1.5935754646109543,0.006518641168156775,8.0
2026-10-13 17:50:00,0.13455983,0.43279511792752673,0.9599999785423279,12.669999716803432,0.03539010945080589,0.9839695019256915,1.0193596113764973,1.5867145543667758,0.006518641168156775,8.0
2026-10-13 18:00:00,0.13455983,0.42261325314915144,0.9699999783188105,12.309999724850059,0.0345631721488457,0.9609777367754707,0.9955409089243165,1.5527139871362197,0.006518641168156775,8.0
2026-10-13 18:10:00,0.13455983,0.40912540708127704,0.9699999783188105,12.309999724850059,0.0345631721488457,0.9609777367754707,0.9955409089243165,1.5392261410683452,0.006518641168156775,8.0
2026-10-13 18:20:00,0.13455983,0.3923693096039573,0.9699999783188105,12.309999724850059,0.0345631721488457,0.9609777367754707,0.9955409089243165,1.5224700435910257,0.006518641168156775,8.0
2026-10-13 18:30:00,0.13455983,0.3724083410984521,0.9699999783188105,12.309999724850059,0.0345631721488457,0.9609777367754707,0.9955409089243165,1.5025090750855203,0.006518641168156775,8.0
2026-10-13 18:40:00,0.13455983,0.3493340393796468,0.9699999783188105,12.309999724850059,0.0345631721488457,0.9609777367754707,0.9955409089243165,1.479434773366715,0.006518641168156775,8.0
2026-10-13 18:50:00,0.13455983,0.3232680831132531,0.9699999783188105,12.309999724850059,0.0345631721488457,0.9609777367754707,0.9955409089243165,1.4533688171003214,0.006518641168156775,8.0
2026-10-13 19:00:00,0.13455983,0.294363648557118,0.9699999783188105,12.309999724850059,0.0345631721488457,0.9609777367754707,0.9955409089243165,1.4244643825441863,0.006518641168156775,8.0
2026-10-13 19:10:00,0.13455983,0.2628060731014035,0.9699999783188105,12.309999724850059,0.0345631721488457,0.9609777367754707,0.9955409089243165,1.3929068070884718,0.006518641168156775,8.0
2026-10-13 19:20:00,0.13455983,0.22881279565182636,0.9699999783188105,12.309999724850059,0.0345631721488457,0.9609777367754707,0.9955409089243165,1.3589135296388946,0.006518641168156775,8.0
2026-10-13 19:30:00,0.13455983,0.19263257716489357,0.9699999783188105,12.309999724850059,0.0345631721488457,0.9609777367754707,0.9955409089243165,1.322733311151962,0.006518641168156775,8.0
2026-10-13 19:40:00,0.13455983,0.15454403239003203,0.9699999783188105,12.309999724850059,0.0345631721488457,0.9609777367754707,0.9955409089243165,1.2846447663771001,0.006518641168156775,8.0
2026-10-13 19:50:00,0.13455983,0.11485352444551988,0.9699999783188105,12.309999724850059,0.0345631721488457,0.9609777367754707,0.9955409089243165,1.2449542584325881,0.006518641168156775,8.0
2026-10-13 20:00:00,0.13455983,0.07389248670406807,0.9699999783188105,12.309999724850059,0.0345631721488457,0.9609777367754707,0.9955409089243165,1.2039932206911363,0.006518641168156775,8.0
2026-10-13 20:10:00,0.13455983,0.03201424214600419,0.9699999783188105,12.309999724850059,0.0345631721488457,0.9609777367754707,0.9955409089243165,1.1621149761330725,0.006518641168156775,8.0
2026-10-13 20:20:00,0.13455983,-0.010409610131720702,0.9699999783188105,12.309999724850059,0.0345631721488457,0.9609777367754707,0.9955409089243165,1.1196911238553475,0.006518641168156775,8.0
2026-10-13 20:30:00,0.13455983,-0.05299317591101432,0.9699999783188105,12.309999724850059,0.0345631721488457,0.9609777367754707,0.9955409089243165,1.0771075580760539,0.006518641168156775,8.0
2026-10-13 20:40:00,0.13455983,-0.09534055548395605,0.9699999783188105,12.309999724850059,0.0345631721488457,0.9609777367754707,0.9955409089243165,1.0347601785031122,0.006518641168156775,8.0
2026-10-13 20:50:00,0.13455983,-0.13705038877709802,0.9699999783188105,12.309999724850059,0.0345631721488457,0.9609777367754707,0.9955409089243165,0.9930503452099702,0.006518641168156775,8.0
2026-10-13 21:00:00,0.13455983,-0.17772060650662613,0.979999978095293,12.07999972999096,0.034091777590376106,0.947871310259538,0.981963087849914,0.9388023064060397,0.006518641168156775,8.0
2026-10-13 21:10:00,0.13455983,-0.21695333747543213,0.979999978095293,12.07999972999096,0.034091777590376106,0.947871310259538,0.981963087849914,0.8995695754372337,0.006518641168156775,8.0
2026-10-13 21:20:00,0.13455983,-0.2543599173757621,0.979999978095293,12.07999972999096,0.034091777590376106,0.947871310259538,0.981963087849914,0.8621629955369037,0.006518641168156775,8.0
2026-10-13 21:30:00,0.13455983,-0.28956593542077075,0.979999978095293,12.07999972999096,0.034091777590376106,0.947871310259538,0.981963087849914,0.826956977491895,0.006518641168156775,8.0
2026-10-13 21:40:00,0.13455983,-0.32221624265481424,0.979999978095293,12.07999972999096,0.034091777590376106,0.947871310259538,0.981963087849914,0.7943066702578516,0.006518641168156775,8.0
2026-10-13 21:50:00,0.13455983,-0.351979831959428,0.979999978095293,12.07999972999096,0.034091777590376106,0.947871310259538,0.981963087849914,0.7645430809532379,0.006518641168156775,8.0
2026-10-13 22:00:00,0.13455983,-0.37855448620894744,0.979999978095293,12.07999972999096,0.034091777590376106,0.947871310259538,0.981963087849914,0.7379684267037183,0.006518641168156775,8.0
2026-10-13 22:10:00,0.13455983,-0.4016710808809931,0.979999978095293,12.07999972999096,0.034091777590376106,0.947871310259538,0.981963087849914,0.7148518320316727,0.006518641168156775,8.0
2026-10-13 22:20:00,0.13455983,-0.4210974220470262,0.979999978095293,12.07999972999096,0.034091777590376106,0.947871310259538,0.981963087849914,0.6954254908656397,0.006518641168156775,8.0
2026-10-13 22:30:00,0.13455983,-0.4366415029033556,0.979999978095293,12.07999972999096,0.034091777590376106,0.947871310259538,0.981963087849914,0.6798814100093102,0.006518641168156775,8.0
2026-10-13 22:40:00,0.13455983,-0.44815407206486646,0.979999978095293,12.07999972999096,0.034091777590376106,0.947871310259538,0.981963087849914,0.6683688408477994,0.006518641168156775,8.0
2026-10-13 22:50:00,0.13455983,-0.4555304258050482,0.979999978095293,12.07999972999096,0.034091777590376106,0.947871310259538,0.981963087849914,0.6609924871076176,0.006518641168156775,8.0
2026-10-13 23:00:00,0.13455983,-0.45871136309407207,0.979999978095293,12.07999972999096,0.034091777590376106,0.947871310259538,0.981963087849914,0.6578115498185937,0.006518641168156775,8.0
2026-10-13 23:10:00,0.13455983,-0.45768327528168207,0.979999978095293,12.07999972999096,0.034091777590376106,0.947871310259538,0.981963087849914,0.6588396376309837,0.006518641168156775,8.0
2026-10-13 23:20:00,0.13455983,-0.4524773791847958,0.979999978095293,12.07999972999096,0.034091777590376106,0.947871310259538,0.981963087849914,0.66404553372787,0.006518641168156775,8.0
2026-10-13 23:30:00,0.13455983,-0.44316814007056243,0.979999978095293,12.07999972999096,0.034091777590376106,0.947871310259538,0.981963087849914,0.6733547728421034,0.006518641168156775,8.0
2026-10-13 23:40:00,0.13455983,-0.42987096659875507,0.979999978095293,12.07999972999096,0.034091777590376106,0.947871310259538,0.981963087849914,0.6866519463139107,0.006518641168156775,8.0
2026-10-13 23:50:00,0.13455983,-0.41273928977182567,0.979999978095293,12.07999972999096,0.034091777590376106,0.947871310259538,0.981963087849914,0.7037836231408401,0.006518641168156775,8.0
2026-10-14 00:00:00,0.16811737,-0.3919611600048641,0.9599999785423279,11.959999732673168,0.03340692257550422,0.9288299323623734,0.9622368549378777,0.7383930691147611,0.006518641168156775,8.0
2026-10-14 00:10:00,0.16811737,-0.36775550834485893,0.9599999785423279,11.959999732673168,0.03340692257550422,0.9288299323623734,0.9622368549378777,0.7625987207747662,0.006518641168156775,8.0
2026-10-14 00:20:00,0.16811737,-0.3403682189089107,0.9599999785423279,11.959999732673168,0.03340692257550422,0.9288299323623734,0.9622368549378777,0.7899860102107144,0.006518641168156775,8.0
2026-10-14 00:30:00,0.16811737,-0.31006814977184644,0.9599999785423279,11.959999732673168,0.03340692257550422,0.9288299323623734,0.9622368549378777,0.8202860793477786,0.006518641168156775,8.0
2026-10-14 00:40:00,0.16811737,-0.2771432201548903,0.9599999785423279,11.959999732673168,0.03340692257550422,0.9288299323623734,0.9622368549378777,0.8532110089647349,0.006518641168156775,8.0
2026-10-14 00:50:00,0.16811737,-0.24189665497212418,0.9599999785423279,11.959999732673168,0.03340692257550422,0.9288299323623734,0.9622368549378777,0.8884575741475009,0.006518641168156775,8.0
2026-10-14 01:00:00,0.16811737,-0.20464344668912546,0.9599999785423279,11.959999732673168,0.03340692257550422,0.9288299323623734,0.9622368549378777,0.9257107824304996,0.006518641168156775,8.0
2026-10-14 01:10:00,0.16811737,-0.16570706220943315,0.9599999785423279,11.959999732673168,0.03340692257550422,0.9288299323623734,0.9622368549378777,0.9646471669101919,0.006518641168156775,8.0
2026-10-14 01:20:00,0.16811737,-0.12541639291436985,0.9599999785423279,11.959999732673168,0.03340692257550422,0.9288299323623734,0.9622368549378777,1.0049378362052552,0.006518641168156775,8.0
2026-10-14 01:30:00,0.16811737,-0.08410292175968294,0.9599999785423279,11.959999732673168,0.03340692257550422,0.9288299323623734,0.9622368549378777,1.0462513073599422,0.006518641168156775,8.0
2026-10-14 01:40:00,0.16811737,-0.04209806542753898,0.9599999785423279,11.959999732673168,0.03340692257550422,0.9288299323623734,0.9622368549378777,1.0882561636920862,0.006518641168156775,8.0
2026-10-14 01:50:00,0.16811737,0.0002693569983107541,0.9599999785423279,11.959999732673168,0.03340692257550422,0.9288299323623734,0.9622368549378777,1.130623586117936,0.006518641168156775,8.0
2026-10-14 02:00:00,0.16811737,0.042675573755097194,0.9599999785423279,11.959999732673168,0.03340692257550422,0.9288299323623734,0.9622368549378777,1.1730298028747224,0.006518641168156775,8.0
2026-10-14 02:10:00,0.16811737,0.08480426064118472,0.9599999785423279,11.959999732673168,0.03340692257550422,0.9288299323623734,0.9622368549378777,1.2151584897608099,0.006518641168156775,8.0
2026-10-14 02:20:00,0.16811737,0.12634890383629876,0.9599999785423279,11.959999732673168,0.03340692257550422,0.9288299323623734,0.9622368549378777,1.256703132955924,0.006518641168156775,8.0
2026-10-14 02:30:00,0.16811737,0.16701511249442574,0.9599999785423279,11.959999732673168,0.03340692257550422,0.9288299323623734,0.9622368549378777,1.2973693416140508,0.006518641168156775,8.0
2026-10-14 02:40:00,0.16811737,0.2065228425411976,0.9599999785423279,11.959999732673168,0.03340692257550422,0.9288299323623734,0.9622368549378777,1.3368770716608227,0.006518641168156775,8.0
2026-10-14 02:50:00,0.16811737,0.24460846928101213,0.9599999785423279,11.959999732673168,0.03340692257550422,0.9288299323623734,0.9622368549378777,1.3749626984006373,0.006518641168156775,8.0
2026-10-14 03:00:00,0.16811737,0.28102662877510154,0.9299999792128801,11.859999734908342,0.03260587337871483,0.906557947578645,0.9391638209573598,1.3883078239142088,0.006518641168156775,8.0
2026-10-14 03:10:00,0.16811737,0.31555173843340006,0.9299999792128801,11.859999734908342,0.03260587337871483,0.906557947578645,0.9391638209573598,1.4228329335725074,0.006518641168156775,8.0
2026-10-14 03:20:00,0.16811737,0.34797910858276027,0.9299999792128801,11.859999734908342,0.03260587337871483,0.906557947578645,0.9391638209573598,1.4552603037218677,0.006518641168156775,8.0
2026-10-14 03:30:00,0.16811737,0.3781255690574579,0.9299999792128801,11.859999734908342,0.03260587337871483,0.906557947578645,0.9391638209573598,1.4854067641965651,0.006518641168156775,8.0
2026-10-14 03:40:00,0.16811737,0.4058295580743009,0.9299999792128801,11.859999734908342,0.03260587337871483,0.906557947578645,0.9391638209573598,1.5131107532134083,0.006518641168156775,8.0
2026-10-14 03:50:00,0.16811737,0.43095065290205997,0.9299999792128801,11.859999734908342,0.03260587337871483,0.906557947578645,0.9391638209573598,1.5382318480411672,0.006518641168156775,8.0
2026-10-14 04:00:00,0.16811737,0.45336856020957017,0.9299999792128801,11.859999734908342,0.03260587337871483,0.906557947578645,0.9391638209573598,1.5606497553486776,0.006518641168156775,8.0
2026-10-14 04:10:00,0.16811737,0.47298162535077426,0.9299999792128801,11.859999734908342,0.03260587337871483,0.906557947578645,0.9391638209573598,1.5802628204898816,0.006518641168156775,8.0
2026-10-14 04:20:00,0.16811737,0.4897049594802185,0.9299999792128801,11.859999734908342,0.03260587337871483,0.906557947578645,0.9391638209573598,1.5969861546193258,0.006518641168156775,8.0
2026-10-14 04:30:00,0.16811737,0.5034683180899178,0.9299999792128801,11.859999734908342,0.03260587337871483,0.906557947578645,0.9391638209573598,1.610749513229025,0.006518641168156775,8.0
2026-10-14 04:40:00,0.16811737,0.5142138898715997,0.9299999792128801,11.859999734908342,0.03260587337871483,0.906557947578645,0.9391638209573598,1.6214950850107068,0.006518641168156775,8.0
2026-10-14 04:50:00,0.16811737,0.521894168531451,0.9299999792128801,11.859999734908342,0.03260587337871483,0.906557947578645,0.9391638209573598,1.6291753636705582,0.006518641168156775,8.0
2026-10-14 05:00:00,0.16811737,0.526470080121439,0.9299999792128801,11.859999734908342,0.03260587337871483,0.906557947578645,0.9391638209573598,1.6337512752605463,0.006518641168156775,8.0
2026-10-14 05:10:00,0.16811737,0.5279095243517017,0.9299999792128801,11.859999734908342,0.03260587337871483,0.906557947578645,0.9391638209573598,1.6351907194908089,0.006518641168156775,8.0
2026-10-14 05:20:00,0.16811737,0.5261864609985263,0.9299999792128801,11.859999734908342,0.03260587337871483,0.906557947578645,0.9391638209573598,1.6334676561376336,0.006518641168156775,8.0
2026-10-14 05:30:00,0.16811737,0.521280633938897,0.9299999792128801,11.859999734908342,0.03260587337871483,0.906557947578645,0.9391638209573598,1.6285618290780044,0.006518641168156775,8.0
2026-10-14 05:40:00,0.16811737,0.5131779789863474,0.9299999792128801,11.859999734908342,0.03260587337871483,0.906557947578645,0.9391638209573598,1.6204591741254548,0.006518641168156775,8.0
2026-10-14 05:50:00,0.16811737,0.5018717110467722,0.9299999792128801,11.859999734908342,0.03260587337871483,0.906557947578645,0.9391638209573598,1.6091529061858796,0.006518641168156775,8.0
2026-10-14 06:00:00,0.16811737,0.4873640359061678,0.8899999801069498,11.749999737367034,0.03160112503859138,0.8786224102453626,0.9102235352839539,1.565704945371869,0.006518641168156775,8.0
2026-10-14 06:10:00,0.16811737,0.4696683859257988,0.8899999801069498,11.749999737367034,0.03160112503859138,0.8786224102453626,0.9102235352839539,1.5480092953915001,0.006518641168156775,8.0
2026-10-14 06:20:00,0.16811737,0.4488120411415956,0.8899999801069498,11.749999737367034,0.03160112503859138,0.8786224102453626,0.9102235352839539,1.527152950607297,0.006518641168156775,8.0
2026-10-14 06:30:00,0.16811737,0.42483897034526785,0.8899999801069498,11.749999737367034,0.03160112503859138,0.8786224102453626,0.9102235352839539,1.5031798798109692,0.006518641168156775,8.0
2026-10-14 06:40:00,0.16811737,0.39781271262416085,0.8899999801069498,11.749999737367034,0.03160112503859138,0.8786224102453626,0.9102235352839539,1.4761536220898623,0.006518641168156775,8.0
2026-10-14 06:50:00,0.16811737,0.367819119019763,0.8899999801069498,11.749999737367034,0.03160112503859138,0.8786224102453626,0.9102235352839539,1.4461600284854645,0.006518641168156775,8.0
2026-10-14 07:00:00,0.16811737,0.33496878579925865,0.8899999801069498,11.749999737367034,0.03160112503859138,0.8786224102453626,0.9102235352839539,1.4133096952649602,0.006518641168156775,8.0
2026-10-14 07:10:00,0.16811737,0.2993990334884544,0.8899999801069498,11.749999737367034,0.03160112503859138,0.8786224102453626,0.9102235352839539,1.3777399429541557,0.006518641168156775,8.0
2026-10-14 07:20:00,0.16811737,0.2612753166461926,0.8899999801069498,11.749999737367034,0.03160112503859138,0.8786224102453626,0.9102235352839539,1.339616226111894,0.006518641168156775,8.0
2026-10-14 07:30:00,0.16811737,0.22079198503338768,0.8899999801069498,11.749999737367034,0.03160112503859138,0.8786224102453626,0.9102235352839539,1.2991328944990892,0.006518641168156775,8.0
2026-10-14 07:40:00,0.16811737,0.17817235401008477,0.8899999801069498,11.749999737367034,0.03160112503859138,0.8786224102453626,0.9102235352839539,1.256513263475786,0.006518641168156775,8.0
2026-10-14 07:50:00,0.16811737,0.13366807722354074,0.8899999801069498,11.749999737367034,0.03160112503859138,0.8786224102453626,0.9102235352839539,1.212008986689242,0.006518641168156775,8.0
2026-10-14 08:00:00,0.16811737,0.0875578453328251,0.8899999801069498,11.749999737367034,0.03160112503859138,0.8786224102453626,0.9102235352839539,1.1658987547985264,0.006518641168156775,8.0
2026-10-14 08:10:00,0.16811737,0.04014545848991114,0.8899999801069498,11.749999737367034,0.03160112503859138,0.8786224102453626,0.9102235352839539,1.1184863679556125,0.006518641168156775,8.0
2026-10-14 08:20:00,0.16811737,-0.008242663459400305,0.8899999801069498,11.749999737367034,0.03160112503859138,0.8786224102453626,0.9102235352839539,1.070098246006301,0.006518641168156775,8.0
2026-10-14 08:30:00,0.16811737,-0.05726046047148209,0.8899999801069498,11.749999737367034,0.03160112503859138,0.8786224102453626,0.9102235352839539,1.0210804489942193,0.006518641168156775,8.0
2026-10-14 08:40:00,0.16811737,-0.10654562748681072,0.8899999801069498,11.749999737367034,0.03160112503859138,0.8786224102453626,0.9102235352839539,0.9717952819788906,0.006518641168156775,8.0
2026-10-14 08:50:00,0.16811737,-0.15572335475414353,0.8899999801069498,11.749999737367034,0.03160112503859138,0.8786224102453626,0.9102235352839539,0.9226175547115578,0.006518641168156775,8.0
2026-10-14 09:00:00,0.16811737,-0.2044103497970214,0.8599999807775021,11.609999740496278,0.030693832566945585,0.8533964887865098,0.8840903213534553,0.8477973457381813,0.006518641168156775,8.0
2026-10-14 09:10:00,0.16811737,-0.2522190849658493,0.8599999807775021,11.609999740496278,0.030693832566945585,0.8533964887865098,0.8840903213534553,0.7999886105693534,0.006518641168156775,8.0
2026-10-14 09:20:00,0.16811737,-0.2987622209531312,0.8599999807775021,11.609999740496278,0.030693832566945585,0.8533964887865098,0.8840903213534553,0.7534454745820716,0.006518641168156775,8.0
2026-10-14 09:30:00,0.16811737,-0.34365715963861043,0.8599999807775021,11.609999740496278,0.030693832566945585,0.8533964887865098,0.8840903213534553,0.7085505358965923,0.006518641168156775,8.0
2026-10-14 09:40:00,0.16811737,-0.3865306785797957,0.8599999807775021,11.609999740496278,0.030693832566945585,0.8533964887865098,0.8840903213534553,0.6656770169554072,0.006518641168156775,8.0
2026-10-14 09:50:00,0.16811737,-0.4270235936861868,0.8599999807775021,11.609999740496278,0.030693832566945585,0.8533964887865098,0.8840903213534553,0.625184101849016,0.006518641168156775,8.0
2026-10-14 10:00:00,0.16811737,-0.46479538687322425,0.8599999807775021,11.609999740496278,0.030693832566945585,0.8533964887865098,0.8840903213534553,0.5874123086619785,0.006518641168156775,8.0
2026-10-14 10:10:00,0.16811737,-0.499528723155446,0.8599999807775021,11.609999740496278,0.030693832566945585,0.8533964887865098,0.8840903213534553,0.5526789723797567,0.006518641168156775,8.0
2026-10-14 10:20:00,0.16811737,-0.5309337682776796,0.8599999807775021,11.609999740496278,0.030693832566945585,0.8533964887865098,0.8840903213534553,0.5212739272575232,0.006518641168156775,8.0
2026-10-14 10:30:00,0.16811737,-0.5587522065808206,0.8599999807775021,11.609999740496278,0.030693832566945585,0.8533964887865098,0.8840903213534553,0.4934554889543822,0.006518641168156775,8.0
2026-10-14 10:40:00,0.16811737,-0.5827608508446643,0.8599999807775021,11.609999740496278,0.030693832566945585,0.8533964887865098,0.8840903213534553,0.46944684469053843,0.006518641168156775,8.0
2026-10-14 10:50:00,0.16811737,-0.6027747343019407,0.8599999807775021,11.609999740496278,0.030693832566945585,0.8533964887865098,0.8840903213534553,0.44943296123326204,0.006518641168156775,8.0
2026-10-14 11:00:00,0.16811737,-0.6186495807142834,0.8599999807775021,11.609999740496278,0.030693832566945585,0.8533964887865098,0.8840903213534553,0.4335581148209193,0.006518641168156775,8.0
2026-10-14 11:10:00,0.16811737,-0.6302835626098157,0.8599999807775021,11.609999740496278,0.030693832566945585,0.8533964887865098,0.8840903213534553,0.4219241329253871,0.006518641168156775,8.0
2026-10-14 11:20:00,0.16811737,-0.6376182800162711,0.8599999807775021,11.609999740496278,0.030693832566945585,0.8533964887865098,0.8840903213534553,0.4145894155189317,0.006518641168156775,8.0
2026-10-14 11:30:00,0.16811737,-0.640638921315504,0.8599999807775021,11.609999740496278,0.030693832566945585,0.8533964887865098,0.8840903213534553,0.41156877421969873,0.006518641168156775,8.0
2026-10-14 11:40:00,0.16811737,-0.6393736022559233,0.8599999807775021,11.609999740496278,0.030693832566945585,0.8533964887865098,0.8840903213534553,0.41283409327927945,0.006518641168156775,8.0
2026-10-14 11:50:00,0.16811737,-0.6338919157338948,0.8599999807775021,11.609999740496278,0.030693832566945585,0.8533964887865098,0.8840903213534553,0.41831577980130796,0.006518641168156775,8.0
2026-10-14 12:00:00,0.16811737,-0.6243027610137937,0.8499999810010195,11.379999745637178,0.02991034340739806,0.8316127347928751,0.8615230782002732,0.40533769136822695,0.006518641168156775,8.0
2026-10-14 12:10:00,0.16811737,-0.6107515529695474,0.8499999810010195,11.379999745637178,0.02991034340739806,0.8316127347928751,0.8615230782002732,0.4188888994124732,0.006518641168156775,8.0
2026-10-14 12:20:00,0.16811737,-0.5934169371686496,0.8499999810010195,11.379999745637178,0.02991034340739806,0.8316127347928751,0.8615230782002732,0.436223515213371,0.006518641168156775,8.0
2026-10-14 12:30:00,0.16811737,-0.5725071525977093,0.8499999810010195,11.379999745637178,0.02991034340739806,0.8316127347928751,0.8615230782002732,0.4571332997843113,0.006518641168156775,8.0
2026-10-14 12:40:00,0.16811737,-0.5482561892608284,0.8499999810010195,11.379999745637178,0.02991034340739806,0.8316127347928751,0.8615230782002732,0.4813842631211922,0.006518641168156775,8.0
2026-10-14 12:50:00,0.16811737,-0.5209198822801274,0.8499999810010195,11.379999745637178,0.02991034340739806,0.8316127347928751,0.8615230782002732,0.5087205701018932,0.006518641168156775,8.0
2026-10-14 13:00:00,0.16811737,-0.490772068258174,0.8499999810010195,11.379999745637178,0.02991034340739806,0.8316127347928751,0.8615230782002732,0.5388683841238466,0.006518641168156775,8.0
2026-10-14 13:10:00,0.16811737,-0.4581009052180351,0.8499999810010195,11.379999745637178,0.02991034340739806,0.8316127347928751,0.8615230782002732,0.5715395471639855,0.006518641168156775,8.0
2026-10-14 13:20:00,0.16811737,-0.42320542718674176,0.8499999810010195,11.379999745637178,0.02991034340739806,0.8316127347928751,0.8615230782002732,0.6064350251952788,0.006518641168156775,8.0
2026-10-14 13:30:00,0.16811737,-0.3863923714631419,0.8499999810010195,11.379999745637178,0.02991034340739806,0.8316127347928751,0.8615230782002732,0.6432480809188788,0.006518641168156775,8.0
2026-10-14 13:40:00,0.16811737,-0.34797328459941584,0.8499999810010195,11.379999745637178,0.02991034340739806,0.8316127347928751,0.8615230782002732,0.6816671677826047,0.006518641168156775,8.0
2026-10-14 13:50:00,0.16811737,-0.30826188516695924,0.8499999810010195,11.379999745637178,0.02991034340739806,0.8316127347928751,0.8615230782002732,0.7213785672150614,0.006518641168156775,8.0
2026-10-14 14:00:00,0.16811737,-0.26757164066485895,0.8499999810010195,11.379999745637178,0.02991034340739806,0.8316127347928751,0.8615230782002732,0.7620688117171617,0.006518641168156775,8.0
2026-10-14 14:10:00,0.16811737,-0.22621350423533718,0.8499999810010195,11.379999745637178,0.02991034340739806,0.8316127347928751,0.8615230782002732,0.8034269481466835,0.006518641168156775,8.0
2026-10-14 14:20:00,0.16811737,-0.18449375540409577,0.8499999810010195,11.379999745637178,0.02991034340739806,0.8316127347928751,0.8615230782002732,0.8451466969779249,0.006518641168156775,8.0
2026-10-14 14:30:00,0.16811737,-0.1427118975653035,0.8499999810010195,11.379999745637178,0.02991034340739806,0.8316127347928751,0.8615230782002732,0.8869285548167172,0.006518641168156775,8.0
2026-10-14 14:40:00,0.16811737,-0.10115858204022342,0.8499999810010195,11.379999745637178,0.02991034340739806,0.8316127347928751,0.8615230782002732,0.9284818703417972,0.006518641168156775,8.0
2026-10-14 14:50:00,0.16811737,-0.060113552108670934,0.8499999810010195,11.379999745637178,0.02991034340739806,0.8316127347928751,0.8615230782002732,0.9695269002733496,0.006518641168156775,8.0
2026-10-14 15:00:00,0.16811737,-0.01984362692243772,0.8499999810010195,11.209999749436975,0.029463528084088947,0.8191896974541414,0.8486532255382303,0.9969269727975401,0.006518641168156775,8.0
2026-10-14 15:10:00,0.16811737,0.01939922830339595,0.8499999810010195,11.209999749436975,0.029463528084088947,0.8191896974541414,0.8486532255382303,1.0361698280233738,0.006518641168156775,8.0
2026-10-14 15:20:00,0.16811737,0.05737967717472289,0.8499999810010195,11.209999749436975,0.029463528084088947,0.8191896974541414,0.8486532255382303,1.0741502768947007,0.006518641168156775,8.0
2026-10-14 15:30:00,0.16811737,0.0938805480533745,0.8499999810010195,11.209999749436975,0.029463528084088947,0.8191896974541414,0.8486532255382303,1.1106511477733523,0.006518641168156775,8.0
2026-10-14 15:40:00,0.16811737,0.12870404135039895,0.8499999810010195,11.209999749436975,0.029463528084088947,0.8191896974541414,0.8486532255382303,1.1454746410703767,0.006518641168156775,8.0
2026-10-14 15:50:00,0.16811737,0.16167252376710348,0.8499999810010195,11.209999749436975,0.029463528084088947,0.8191896974541414,0.8486532255382303,1.1784431234870811,0.006518641168156775,8.0
2026-10-14 16:00:00,0.16811737,0.1926288415689026,0.8499999810010195,11.209999749436975,0.029463528084088947,0.8191896974541414,0.8486532255382303,1.2093994412888804,0.006518641168156775,8.0
2026-10-14 16:10:00,0.16811737,0.22143611173195915,0.8499999810010195,11.209999749436975,0.029463528084088947,0.8191896974541414,0.8486532255382303,1.2382067114519368,0.006518641168156775,8.0
2026-10-14 16:20:00,0.16811737,0.24797698435947457,0.8499999810010195,11.209999749436975,0.029463528084088947,0.8191896974541414,0.8486532255382303,1.2647475840794522,0.006518641168156775,8.0
2026-10-14 16:30:00,0.16811737,0.2721524093760604,0.8499999810010195,11.209999749436975,0.029463528084088947,0.8191896974541414,0.8486532255382303,1.2889230090960382,0.006518641168156775,8.0
2026-10-14 16:40:00,0.16811737,0.29387998075645827,0.8499999810010195,11.209999749436975,0.029463528084088947,0.8191896974541414,0.8486532255382303,1.3106505804764361,0.006518641168156775,8.0
2026-10-14 16:50:00,0.16811737,0.3130919690456488,0.8499999810010195,11.209999749436975,0.029463528084088947,0.8191896974541414,0.8486532255382303,1.3298625687656265,0.006518641168156775,8.0
2026-10-14 17:00:00,0.16811737,0.32973318316967837,0.8499999810010195,11.209999749436975,0.029463528084088947,0.8191896974541414,0.8486532255382303,1.346503782889656,0.006518641168156775,8.0
2026-10-14 17:10:00,0.16811737,0.3437588227026979,0.8499999810010195,11.209999749436975,0.029463528084088947,0.8191896974541414,0.8486532255382303,1.3605294224226756,0.006518641168156775,8.0
2026-10-14 17:20:00,0.16811737,0.35513248914951845,0.8499999810010195,11.209999749436975,0.029463528084088947,0.8191896974541414,0.8486532255382303,1.3719030888694963,0.006518641168156775,8.0
2026-10-14 17:30:00,0.16811737,0.36382451843233243,0.8499999810010195,11.209999749436975,0.029463528084088947,0.8191896974541414,0.8486532255382303,1.3805951181523102,0.006518641168156775,8.0
2026-10-14 17:40:00,0.16811737,0.3698107767435574,0.8499999810010195,11.209999749436975,0.029463528084088947,0.8191896974541414,0.8486532255382303,1.386581376463535,0.006518641168156775,8.0
2026-10-14 17:50:00,0.16811737,0.37307202960862595,0.8499999810010195,11.209999749436975,0.029463528084088947,0.8191896974541414,0.8486532255382303,1.3898426293286037,0.006518641168156775,8.0
2026-10-14 18:00:00,0.16811737,0.37359395219832214,0.8399999812245369,11.099999751895666,0.02900229035799807,0.8063656665976715,0.8353679569556696,1.377079283335739,0.006518641168156775,8.0
2026-10-14 18:10:00,0.16811737,0.3713678009722555,0.8399999812245369,11.099999751895666,0.02900229035799807,0.8063656665976715,0.8353679569556696,1.3748531321096724,0.006518641168156775,8.0
2026-10-14 18:20:00,0.16811737,0.36639171694415495,0.8399999812245369,11.099999751895666,0.02900229035799807,0.8063656665976715,0.8353679569556696,1.3698770480815718,0.006518641168156775,8.0
2026-10-14 18:30:00,0.16811737,0.3586725832254291,0.8399999812245369,11.099999751895666,0.02900229035799807,0.8063656665976715,0.8353679569556696,1.3621579143628462,0.006518641168156775,8.0
2026-10-14 18:40:00,0.16811737,0.3482283182608671,0.8399999812245369,11.099999751895666,0.02900229035799807,0.8063656665976715,0.8353679569556696,1.3517136493982842,0.006518641168156775,8.0
2026-10-14 18:50:00,0.16811737,0.3350904543936127,0.8399999812245369,11.099999751895666,0.02900229035799807,0.8063656665976715,0.8353679569556696,1.3385757855310296,0.006518641168156775,8.0
2026-10-14 19:00:00,0.16811737,0.319306831589952,0.8399999812245369,11.099999751895666,0.02900229035799807,0.8063656665976715,0.8353679569556696,1.322792162727369,0.006518641168156775,8.0
2026-10-14 19:10:00,0.16811737,0.30094422943171584,0.8399999812245369,11.099999751895666,0.02900229035799807,0.8063656665976715,0.8353679569556696,1.3044295605691327,0.006518641168156775,8.0
2026-10-14 19:20:00,0.16811737,0.2800907667628894,0.8399999812245369,11.099999751895666,0.02900229035799807,0.8063656665976715,0.8353679569556696,1.2835760979003064,0.006518641168156775,8.0
2026-10-14 19:30:00,0.16811737,0.2568579164317305,0.8399999812245369,11.099999751895666,0.02900229035799807,0.8063656665976715,0.8353679569556696,1.2603432475691476,0.006518641168156775,8.0
2026-10-14 19:40:00,0.16811737,0.23138201007932302,0.8399999812245369,11.099999751895666,0.02900229035799807,0.8063656665976715,0.8353679569556696,1.2348673412167401,0.006518641168156775,8.0
2026-10-14 19:50:00,0.16811737,0.20382514188343728,0.8399999812245369,11.099999751895666,0.02900229035799807,0.8063656665976715,0.8353679569556696,1.2073104730208541,0.006518641168156775,8.0
2026-10-14 20:00:00,0.16811737,0.17437541717048,0.8399999812245369,11.099999751895666,0.02900229035799807,0.8063656665976715,0.8353679569556696,1.1778607483078969,0.006518641168156775,8.0
2026-10-14 20:10:00,0.16811737,0.1432465283819322,0.8399999812245369,11.099999751895666,0.02900229035799807,0.8063656665976715,0.8353679569556696,1.1467318595193492,0.006518641168156775,8.0
2026-10-14 20:20:00,0.16811737,0.11067667399132317,0.8399999812245369,11.099999751895666,0.02900229035799807,0.8063656665976715,0.8353679569556696,1.1141620051287402,0.006518641168156775,8.0
2026-10-14 20:30:00,0.16811737,0.07692686314136593,0.8399999812245369,11.099999751895666,0.02900229035799807,0.8063656665976715,0.8353679569556696,1.080412194278783,0.006518641168156775,8.0
2026-10-14 20:40:00,0.16811737,0.042278668428326754,0.8399999812245369,11.099999751895666,0.02900229035799807,0.8063656665976715,0.8353679569556696,1.0457639995657437,0.006518641168156775,8.0
2026-10-14 20:50:00,0.16811737,0.007031500924415904,0.8399999812245369,11.099999751895666,0.02900229035799807,0.8063656665976715,0.8353679569556696,1.010516832061833,0.006518641168156775,8.0
2026-10-14 21:00:00,0.16811737,-0.02850051453411701,0.8299999814480543,11.029999753460288,0.028647335415863825,0.7964966709082575,0.8251440063241213,0.9647608659717517,0.006518641168156775,8.0
2026-10-14 21:10:00,0.16811737,-0.06399198809560888,0.8299999814480543,11.029999753460288,0.028647335415863825,0.7964966709082575,0.8251440063241213,0.9292693924102599,0.006518641168156775,8.0
2026-10-14 21:20:00,0.16811737,-0.09910996880476665,0.8299999814480543,11.029999753460288,0.028647335415863825,0.7964966709082575,0.8251440063241213,0.8941514117011021,0.006518641168156775,8.0
2026-10-14 21:30:00,0.16811737,-0.13351784367714586,0.8299999814480543,11.029999753460288,0.028647335415863825,0.7964966709082575,0.8251440063241213,0.859743536828723,0.006518641168156775,8.0
2026-10-14 21:40:00,0.16811737,-0.16687938066475524,0.8299999814480543,11.029999753460288,0.028647335415863825,0.7964966709082575,0.8251440063241213,0.8263819998411135,0.006518641168156775,8.0
2026-10-14 21:50:00,0.16811737,-0.19886287059416866,0.8299999814480543,11.029999753460288,0.028647335415863825,0.7964966709082575,0.8251440063241213,0.7943985099117001,0.006518641168156775,8.0
2026-10-14 22:00:00,0.16811737,-0.22914532572891172,0.8299999814480543,11.029999753460288,0.028647335415863825,0.7964966709082575,0.8251440063241213,0.764116054776957,0.006518641168156775,8.0
2026-10-14 22:10:00,0.16811737,-0.25741669061992395,0.8299999814480543,11.029999753460288,0.028647335415863825,0.7964966709082575,0.8251440063241213,0.7358446898859448,0.006518641168156775,8.0
2026-10-14 22:20:00,0.16811737,-0.2833840142828176,0.8299999814480543,11.029999753460288,0.028647335415863825,0.7964966709082575,0.8251440063241213,0.7098773662230511,0.006518641168156775,8.0
2026-10-14 22:30:00,0.16811737,-0.30677552262744073,0.8299999814480543,11.029999753460288,0.028647335415863825,0.7964966709082575,0.8251440063241213,0.6864858578784281,0.006518641168156775,8.0
2026-10-14 22:40:00,0.16811737,-0.32734451778426044,0.8299999814480543,11.029999753460288,0.028647335415863825,0.7964966709082575,0.8251440063241213,0.6659168627216083,0.006518641168156775,8.0
2026-10-14 22:50:00,0.16811737,-0.34487301896545347,0.8299999814480543,11.029999753460288,0.028647335415863825,0.7964966709082575,0.8251440063241213,0.6483883615404153,0.006518641168156775,8.0
2026-10-14 23:00:00,0.16811737,-0.35917504977889375,0.8299999814480543,11.029999753460288,0.028647335415863825,0.7964966709082575,0.8251440063241213,0.6340863307269751,0.006518641168156775,8.0
2026-10-14 23:10:00,0.16811737,-0.37009947207275146,0.8299999814480543,11.029999753460288,0.028647335415863825,0.7964966709082575,0.8251440063241213,0.6231619084331173,0.006518641168156775,8.0
2026-10-14 23:20:00,0.16811737,-0.37753226799675454,0.8299999814480543,11.029999753460288,0.028647335415863825,0.7964966709082575,0.8251440063241213,0.6157291125091142,0.006518641168156775,8.0
2026-10-14 23:30:00,0.16811737,-0.3813981814067468,0.8299999814480543,11.029999753460288,0.028647335415863825,0.7964966709082575,0.8251440063241213,0.6118631990991219,0.006518641168156775,8.0
2026-10-14 23:40:00,0.16811737,-0.381661647310917,0.8299999814480543,11.029999753460288,0.028647335415863825,0.7964966709082575,0.8251440063241213,0.6115997331949518,0.006518641168156775,8.0
2026-10-14 23:50:00,0.16811737,-0.37832696307674923,0.8299999814480543,11.029999753460288,0.028647335415863825,0.7964966709082575,0.8251440063241213,0.6149344174291196,0.006518641168156775,8.0
2026-10-15 00:00:00,0.13326894,-0.37143768616957645,0.8199999816715717,10.989999754354358,0.028370977085777193,0.7888129374406808,0.817183914526458,0.5790151658254103,0.006518641168156775,8.0
2026-10-15 00:10:00,0.13326894,-0.3610752778524875,0.8199999816715717,10.989999754354358,0.028370977085777193,0.7888129374406808,0.817183914526458,0.5893775741424992,0.006518641168156775,8.0
2026-10-15 00:20:00,0.13326894,-0.3473570477370615,0.8199999816715717,10.989999754354358,0.028370977085777193,0.7888129374406808,0.817183914526458,0.6030958042579253,0.006518641168156775,8.0
2026-10-15 00:30:00,0.13326894,-0.3304334870943367,0.8199999816715717,10.989999754354358,0.028370977085777193,0.7888129374406808,0.817183914526458,0.62001936490065,0.006518641168156775,8.0
2026-10-15 00:40:00,0.13326894,-0.3104851064683973,0.8199999816715717,10.989999754354358,0.028370977085777193,0.7888129374406808,0.817183914526458,0.6399677455265895,0.006518641168156775,8.0
2026-10-15 00:50:00,0.13326894,-0.28771891265257155,0.8199999816715717,10.989999754354358,0.028370977085777193,0.7888129374406808,0.817183914526458,0.6627339393424152,0.006518641168156775,8.0
2026-10-15 01:00:00,0.13326894,-0.2623646696744897,0.8199999816715717,10.989999754354358,0.028370977085777193,0.7888129374406808,0.817183914526458,0.6880881823204971,0.006518641168156775,8.0
2026-10-15 01:10:00,0.13326894,-0.23467108712713772,0.8199999816715717,10.989999754354358,0.028370977085777193,0.7888129374406808,0.817183914526458,0.7157817648678491,0.006518641168156775,8.0
2026-10-15 01:20:00,0.13326894,-0.20490206716578022,0.8199999816715717,10.989999754354358,0.028370977085777193,0.7888129374406808,0.817183914526458,0.7455507848292066,0.006518641168156775,8.0
2026-10-15 01:30:00,0.13326894,-0.17333312000834575,0.8199999816715717,10.989999754354358,0.028370977085777193,0.7888129374406808,0.817183914526458,0.777119731986641,0.006518641168156775,8.0
2026-10-15 01:40:00,0.13326894,-0.140248029110435,0.8199999816715717,10.989999754354358,0.028370977085777193,0.7888129374406808,0.817183914526458,0.8102048228845518,0.006518641168156775,8.0
2026-10-15 01:50:00,0.13326894,-0.10593581427002143,0.8199999816715717,10.989999754354358,0.028370977085777193,0.7888129374406808,0.817183914526458,0.8445170377249653,0.006518641168156775,8.0
2026-10-15 02:00:00,0.13326894,-0.07068800727330496,0.8199999816715717,10.989999754354358,0.028370977085777193,0.7888129374406808,0.817183914526458,0.8797648447216818,0.006518641168156775,8.0
2026-10-15 02:10:00,0.13326894,-0.03479622371153942,0.8199999816715717,10.989999754354358,0.028370977085777193,0.7888129374406808,0.817183914526458,0.9156566282834473,0.006518641168156775,8.0
2026-10-15 02:20:00,0.13326894,0.0014500104144906678,0.8199999816715717,10.989999754354358,0.028370977085777193,0.7888129374406808,0.817183914526458,0.9519028624094774,0.006518641168156775,8.0
2026-10-15 02:30:00,0.13326894,0.03776523531080479,0.8199999816715717,10.989999754354358,0.028370977085777193,0.7888129374406808,0.817183914526458,0.9882180873057915,0.006518641168156775,8.0
2026-10-15 02:40:00,0.13326894,0.07386990183529207,0.8199999816715717,10.989999754354358,0.028370977085777193,0.7888129374406808,0.817183914526458,1.0243227538302788,0.006518641168156775,8.0
2026-10-15 02:50:00,0.13326894,0.1094921445203441,0.8199999816715717,10.989999754354358,0.028370977085777193,0.7888129374406808,0.817183914526458,1.059944996515331,0.006518641168156775,8.0
2026-10-15 03:00:00,0.13326894,0.14436953041578587,0.7999999821186066,10.99999975413084,0.028048352255539945,0.7798428325598615,0.8078911848154015,1.085529652699716,0.006518641168156775,8.0
2026-10-15 03:10:00,0.13326894,0.17825080955002065,0.7999999821186066,10.99999975413084,0.028048352255539945,0.7798428325598615,0.8078911848154015,1.119410931833951,0.006518641168156775,8.0
2026-10-15 03:20:00,0.13326894,0.21089766643333488,0.7999999821186066,10.99999975413084,0.028048352255539945,0.7798428325598615,0.8078911848154015,1.152057788717265,0.006518641168156775,8.0
2026-10-15 03:30:00,0.13326894,0.24208644384669722,0.7999999821186066,10.99999975413084,0.028048352255539945,0.7798428325598615,0.8078911848154015,1.1832465661306273,0.006518641168156775,8.0
2026-10-15 03:40:00,0.13326894,0.27160978409686803,0.7999999821186066,10.99999975413084,0.028048352255539945,0.7798428325598615,0.8078911848154015,1.2127699063807982,0.006518641168156775,8.0
2026-10-15 03:50:00,0.13326894,0.2992781122085803,0.7999999821186066,10.99999975413084,0.028048352255539945,0.7798428325598615,0.8078911848154015,1.2404382344925104,0.006518641168156775,8.0
2026-10-15 04:00:00,0.13326894,0.32492087324199664,0.7999999821186066,10.99999975413084,0.028048352255539945,0.7798428325598615,0.8078911848154015,1.266080995525927,0.006518641168156775,8.0
2026-10-15 04:10:00,0.13326894,0.3483874341068704,0.7999999821186066,10.99999975413084,0.028048352255539945,0.7798428325598615,0.8078911848154015,1.2895475563908005,0.006518641168156775,8.0
2026-10-15 04:20:00,0.13326894,0.36954756966040675,0.7999999821186066,10.99999975413084,0.028048352255539945,0.7798428325598615,0.8078911848154015,1.3107076919443368,0.006518641168156775,8.0
2026-10-15 04:30:00,0.13326894,0.38829147339786707,0.7999999821186066,10.99999975413084,0.028048352255539945,0.7798428325598615,0.8078911848154015,1.3294515956817974,0.006518641168156775,8.0
2026-10-15 04:40:00,0.13326894,0.4045292628734785,0.7999999821186066,10.99999975413084,0.028048352255539945,0.7798428325598615,0.8078911848154015,1.3456893851574088,0.006518641168156775,8.0
2026-10-15 04:50:00,0.13326894,0.4181899865840982,0.7999999821186066,10.99999975413084,0.028048352255539945,0.7798428325598615,0.8078911848154015,1.3593501088680284,0.006518641168156775,8.0
2026-10-15 05:00:00,0.13326894,0.4292201788567908,0.7999999821186066,10.99999975413084,0.028048352255539945,0.7798428325598615,0.8078911848154015,1.3703803011407212,0.006518641168156775,8.0
2026-10-15 05:10:00,0.13326894,0.43758204837279935,0.7999999821186066,10.99999975413084,0.028048352255539945,0.7798428325598615,0.8078911848154015,1.3787421706567295,0.006518641168156775,8.0
2026-10-15 05:20:00,0.13326894,0.4432514201778422,0.7999999821186066,10.99999975413084,0.028048352255539945,0.7798428325598615,0.8078911848154015,1.3844115424617724,0.006518641168156775,8.0
2026-10-15 05:30:00,0.13326894,0.4462155769912263,0.7999999821186066,10.99999975413084,0.028048352255539945,0.7798428325598615,0.8078911848154015,1.3873756992751565,0.006518641168156775,8.0
2026-10-15 05:40:00,0.13326894,0.4464711601242288,0.7999999821186066,10.99999975413084,0.028048352255539945,0.7798428325598615,0.8078911848154015,1.387631282408159,0.006518641168156775,8.0
2026-10-15 05:50:00,0.13326894,0.44402229174326335,0.7999999821186066,10.99999975413084,0.028048352255539945,0.7798428325598615,0.8078911848154015,1.3851824140271936,0.006518641168156775,8.0
2026-10-15 06:00:00,0.13326894,0.438879067930428,0.7799999825656414,11.149999750778079,0.02807319504935224,0.7805335495944585,0.8086067446438108,1.3807547500427675,0.006518641168156775,8.0
2026-10-15 06:10:00,0.13326894,0.4310565466894575,0.7799999825656414,11.149999750778079,0.02807319504935224,0.7805335495944585,0.8086067446438108,1.372932228801797,0.006518641168156775,8.0
2026-10-15 06:20:00,0.13326894,0.420574318879958,0.7799999825656414,11.149999750778079,0.02807319504935224,0.7805335495944585,0.8086067446438108,1.3624500009922975,0.006518641168156775,8.0
2026-10-15 06:30:00,0.13326894,0.40745670594534544,0.7799999825656414,11.149999750778079,0.02807319504935224,0.7805335495944585,0.8086067446438108,1.349332388057685,0.006518641168156775,8.0
2026-10-15 06:40:00,0.13326894,0.3917335802004099,0.7799999825656414,11.149999750778079,0.02807319504935224,0.7805335495944585,0.8086067446438108,1.3336092623127493,0.006518641168156775,8.0
2026-10-15 06:50:00,0.13326894,0.3734417554149173,0.7799999825656414,11.149999750778079,0.02807319504935224,0.7805335495944585,0.8086067446438108,1.315317437527257,0.006518641168156775,8.0
2026-10-15 07:00:00,0.13326894,0.3526268516763848,0.7799999825656414,11.149999750778079,0.02807319504935224,0.7805335495944585,0.8086067446438108,1.2945025337887244,0.006518641168156775,8.0
2026-10-15 07:10:00,0.13326894,0.3293455026661863,0.7799999825656414,11.149999750778079,0.02807319504935224,0.7805335495944585,0.8086067446438108,1.2712211847785257,0.006518641168156775,8.0
2026-10-15 07:20:00,0.13326894,0.30366774836990984,0.7799999825656414,11.149999750778079,0.02807319504935224,0.7805335495944585,0.8086067446438108,1.2455434304822495,0.006518641168156775,8.0
2026-10-15 07:30:00,0.13326894,0.2756794436669662,0.7799999825656414,11.149999750778079,0.02807319504935224,0.7805335495944585,0.8086067446438108,1.2175551257793056,0.006518641168156775,8.0
2026-10-15 07:40:00,0.13326894,0.24548451371973215,0.7799999825656414,11.149999750778079,0.02807319504935224,0.7805335495944585,0.8086067446438108,1.1873601958320716,0.006518641168156775,8.0
2026-10-15 07:50:00,0.13326894,0.21320689995355224,0.7799999825656414,11.149999750778079,0.02807319504935224,0.7805335495944585,0.8086067446438108,1.1550825820658916,0.006518641168156775,8.0
2026-10-15 08:00:00,0.13326894,0.17899206384417254,0.7799999825656414,11.149999750778079,0.02807319504935224,0.7805335495944585,0.8086067446438108,1.1208677459565122,0.006518641168156775,8.0
2026-10-15 08:10:00,0.13326894,0.14300794705456413,0.7799999825656414,11.149999750778079,0.02807319504935224,0.7805335495944585,0.8086067446438108,1.0848836291669035,0.006518641168156775,8.0
2026-10-15 08:20:00,0.13326894,0.10544532237847047,0.7799999825656414,11.149999750778079,0.02807319504935224,0.7805335495944585,0.8086067446438108,1.0473210044908101,0.006518641168156775,8.0
2026-10-15 08:30:00,0.13326894,0.06651750701610902,0.7799999825656414,11.149999750778079,0.02807319504935224,0.7805335495944585,0.8086067446438108,1.0083931891284486,0.006518641168156775,8.0
2026-10-15 08:40:00,0.13326894,0.026459444557700273,0.7799999825656414,11.149999750778079,0.02807319504935224,0.7805335495944585,0.8086067446438108,0.9683351266700397,0.006518641168156775,8.0
2026-10-15 08:50:00,0.13326894,-0.014473808027417653,0.7799999825656414,11.149999750778079,0.02807319504935224,0.7805335495944585,0.8086067446438108,0.9274018740849219,0.006518641168156775,8.0
2026-10-15 09:00:00,0.13326894,-0.056009129255773143,0.7599999830126762,12.749999715015292,0.03168740358732007,0.8810212573226076,0.9127086609099276,0.9899684691226832,0.006518641168156775,8.0
2026-10-15 09:10:00,0.13326894,-0.0978578438965034,0.7599999830126762,12.749999715015292,0.03168740358732007,0.8810212573226076,0.9127086609099276,0.948119754481953,0.006518641168156775,8.0
2026-10-15 09:20:00,0.13326894,-0.13971861504255895,0.7599999830126762,12.749999715015292,0.03168740358732007,0.8810212573226076,0.9127086609099276,0.9062589833358974,0.006518641168156775,8.0
2026-10-15 09:30:00,0.13326894,-0.18128063751915138,0.7599999830126762,12.749999715015292,0.03168740358732007,0.8810212573226076,0.9127086609099276,0.864696960859305,0.006518641168156775,8.0
2026-10-15 09:40:00,0.13326894,-0.2222270588888174,0.7599999830126762,12.749999715015292,0.03168740358732007,0.8810212573226076,0.9127086609099276,0.8237505394896389,0.006518641168156775,8.0
2026-10-15 09:50:00,0.13326894,-0.2622385639314228,0.7599999830126762,12.749999715015292,0.03168740358732007,0.8810212573226076,0.9127086609099276,0.7837390344470336,0.006518641168156775,8.0
2026-10-15 10:00:00,0.13326894,-0.3009970691047295,0.7599999830126762,12.749999715015292,0.03168740358732007,0.8810212573226076,0.9127086609099276,0.7449805292737268,0.006518641168156775,8.0
2026-10-15 10:10:00,0.13326894,-0.33818948289460465,0.7599999830126762,12.749999715015292,0.03168740358732007,0.8810212573226076,0.9127086609099276,0.7077881154838517,0.006518641168156775,8.0
2026-10-15 10:20:00,0.13326894,-0.3735114940655495,0.7599999830126762,12.749999715015292,0.03168740358732007,0.8810212573226076,0.9127086609099276,0.6724661043129069,0.006518641168156775,8.0
2026-10-15 10:30:00,0.13326894,-0.40667135168124596,0.7599999830126762,12.749999715015292,0.03168740358732007,0.8810212573226076,0.9127086609099276,0.6393062466972104,0.006518641168156775,8.0
2026-10-15 10:40:00,0.13326894,-0.4373935976694112,0.7599999830126762,12.749999715015292,0.03168740358732007,0.8810212573226076,0.9127086609099276,0.6085840007090452,0.006518641168156775,8.0
2026-10-15 10:50:00,0.13326894,-0.4654227053158478,0.7599999830126762,12.749999715015292,0.03168740358732007,0.8810212573226076,0.9127086609099276,0.5805548930626085,0.006518641168156775,8.0
2026-10-15 11:00:00,0.13326894,-0.4905265664683155,0.7599999830126762,12.749999715015292,0.03168740358732007,0.8810212573226076,0.9127086609099276,0.5554510319101409,0.006518641168156775,8.0
2026-10-15 11:10:00,0.13326894,-0.5124997584272201,0.7599999830126762,12.749999715015292,0.03168740358732007,0.8810212573226076,0.9127086609099276,0.5334778399512363,0.006518641168156775,8.0
2026-10-15 11:20:00,0.13326894,-0.5311665105628692,0.7599999830126762,12.749999715015292,0.03168740358732007,0.8810212573226076,0.9127086609099276,0.5148110878155872,0.006518641168156775,8.0
2026-10-15 11:30:00,0.13326894,-0.5463832831219297,0.7599999830126762,12.749999715015292,0.03168740358732007,0.8810212573226076,0.9127086609099276,0.49959431525652664,0.006518641168156775,8.0
2026-10-15 11:40:00,0.13326894,-0.5580408685357425,0.7599999830126762,12.749999715015292,0.03168740358732007,0.8810212573226076,0.9127086609099276,0.48793672984271386,0.006518641168156775,8.0
2026-10-15 11:50:00,0.13326894,-0.5660659302718822,0.7599999830126762,12.749999715015292,0.03168740358732007,0.8810212573226076,0.9127086609099276,0.47991166810657415,0.006518641168156775,8.0
2026-10-15 12:00:00,0.13326894,-0.5704219069284229,0.7399999834597111,12.169999727979302,0.02984531125425809,0.8298046122318743,0.8596499234861323,0.4224969540262382,0.006518641168156775,8.0
2026-10-15 12:10:00,0.13326894,-0.5711092295301817,0.7399999834597111,12.169999727979302,0.02984531125425809,0.8298046122318743,0.8596499234861323,0.42180963142447936,0.006518641168156775,8.0
2026-10-15 12:20:00,0.13326894,-0.5681648269742754,0.7399999834597111,12.169999727979302,0.02984531125425809,0.8298046122318743,0.8596499234861323,0.4247540339803857,0.006518641168156775,8.0
2026-10-15 12:30:00,0.13326894,-0.5616609263565856,0.7399999834597111,12.169999727979302,0.02984531125425809,0.8298046122318743,0.8596499234861323,0.4312579345980755,0.006518641168156775,8.0
2026-10-15 12:40:00,0.13326894,-0.5517031888031221,0.7399999834597111,12.169999727979302,0.02984531125425809,0.8298046122318743,0.8596499234861323,0.441215672151539,0.006518641168156775,8.0
2026-10-15 12:50:00,0.13326894,-0.5384282545816649,0.7399999834597111,12.169999727979302,0.02984531125425809,0.8298046122318743,0.8596499234861323,0.4544906063729962,0.006518641168156775,8.0
2026-10-15 13:00:00,0.13326894,-0.5220008004043311,0.7399999834597111,12.169999727979302,0.02984531125425809,0.8298046122318743,0.8596499234861323,0.47091806055033003,0.006518641168156775,8.0
2026-10-15 13:10:00,0.13326894,-0.5026102342420127,0.7399999834597111,12.169999727979302,0.02984531125425809,0.8298046122318743,0.8596499234861323,0.4903086267126484,0.006518641168156775,8.0
2026-10-15 13:20:00,0.13326894,-0.480467166293134,0.7399999834597111,12.169999727979302,0.02984531125425809,0.8298046122318743,0.8596499234861323,0.5124516946615271,0.006518641168156775,8.0
2026-10-15 13:30:00,0.13326894,-0.4557997976354269,0.7399999834597111,12.169999727979302,0.02984531125425809,0.8298046122318743,0.8596499234861323,0.5371190633192342,0.006518641168156775,8.0
2026-10-15 13:40:00,0.13326894,-0.42885036013631933,0.7399999834597111,12.169999727979302,0.02984531125425809,0.8298046122318743,0.8596499234861323,0.5640685008183417,0.006518641168156775,8.0
2026-10-15 13:50:00,0.13326894,-0.39987172316260255,0.7399999834597111,12.169999727979302,0.02984531125425809,0.8298046122318743,0.8596499234861323,0.5930471377920585,0.006518641168156775,8.0
2026-10-15 14:00:00,0.13326894,-0.36912425626727696,0.7399999834597111,12.169999727979302,0.02984531125425809,0.8298046122318743,0.8596499234861323,0.6237946046873841,0.006518641168156775,8.0
2026-10-15 14:10:00,0.13326894,-0.3368730050650355,0.7399999834597111,12.169999727979302,0.02984531125425809,0.8298046122318743,0.8596499234861323,0.6560458558896256,0.006518641168156775,8.0
2026-10-15 14:20:00,0.13326894,-0.303385203118424,0.7399999834597111,12.169999727979302,0.02984531125425809,0.8298046122318743,0.8596499234861323,0.6895336578362371,0.006518641168156775,8.0
2026-10-15 14:30:00,0.13326894,-0.26892810949418333,0.7399999834597111,12.169999727979302,0.02984531125425809,0.8298046122318743,0.8596499234861323,0.7239907514604778,0.006518641168156775,8.0
2026-10-15 14:40:00,0.13326894,-0.233767132974388,0.7399999834597111,12.169999727979302,0.02984531125425809,0.8298046122318743,0.8596499234861323,0.7591517279802731,0.006518641168156775,8.0
2026-10-15 14:50:00,0.13326894,-0.19816418279753198,0.7399999834597111,12.169999727979302,0.02984531125425809,0.8298046122318743,0.8596499234861323,0.7947546781571291,0.006518641168156775,8.0
2026-10-15 15:00:00,0.13326894,-0.16237617418186986,0.7299999836832285,12.019999731332064,0.029277606679705716,0.8140204285677992,0.8432980352475049,0.8141907985341638,0.006518641168156775,8.0
2026-10-15 15:10:00,0.13326894,-0.12665361592955285,0.7299999836832285,12.019999731332064,0.029277606679705716,0.8140204285677992,0.8432980352475049,0.8499133567864808,0.006518641168156775,8.0
2026-10-15 15:20:00,0.13326894,-0.09123921691152859,0.7299999836832285,12.019999731332064,0.029277606679705716,0.8140204285677992,0.8432980352475049,0.8853277558045051,0.006518641168156775,8.0
2026-10-15 15:30:00,0.13326894,-0.05636646681266346,0.7299999836832285,12.019999731332064,0.029277606679705716,0.8140204285677992,0.8432980352475049,0.9202005059033702,0.006518641168156775,8.0
2026-10-15 15:40:00,0.13326894,-0.022258171992861727,0.7299999836832285,12.019999731332064,0.029277606679705716,0.8140204285677992,0.8432980352475049,0.9543088007231719,0.006518641168156775,8.0
2026-10-15 15:50:00,0.13326894,0.010875043726917681,0.7299999836832285,12.019999731332064,0.029277606679705716,0.8140204285677992,0.8432980352475049,0.9874420164429514,0.006518641168156775,8.0
2026-10-15 16:00:00,0.13326894,0.04283623441873119,0.7299999836832285,12.019999731332064,0.029277606679705716,0.8140204285677992,0.8432980352475049,1.019403207134765,0.006518641168156775,8.0
2026-10-15 16:10:00,0.13326894,0.07344355926493011,0.7299999836832285,12.019999731332064,0.029277606679705716,0.8140204285677992,0.8432980352475049,1.0500105319809638,0.006518641168156775,8.0
2026-10-15 16:20:00,0.13326894,0.10253155884298563,0.7299999836832285,12.019999731332064,0.029277606679705716,0.8140204285677992,0.8432980352475049,1.0790985315590194,0.006518641168156775,8.0
2026-10-15 16:30:00,0.13326894,0.12995218876919384,0.7299999836832285,12.019999731332064,0.029277606679705716,0.8140204285677992,0.8432980352475049,1.1065191614852274,0.006518641168156775,8.0
2026-10-15 16:40:00,0.13326894,0.15557552115564105,0.7299999836832285,12.019999731332064,0.029277606679705716,0.8140204285677992,0.8432980352475049,1.1321424938716746,0.006518641168156775,8.0
2026-10-15 16:50:00,0.13326894,0.17929003790647044,0.7299999836832285,12.019999731332064,0.029277606679705716,0.8140204285677992,0.8432980352475049,1.1558570106225041,0.006518641168156775,8.0
2026-10-15 17:00:00,0.13326894,0.20100246409283276,0.7299999836832285,12.019999731332064,0.029277606679705716,0.8140204285677992,0.8432980352475049,1.1775694368088665,0.006518641168156775,8.0
2026-10-15 17:10:00,0.13326894,0.22063712214563821,0.7299999836832285,12.019999731332064,0.029277606679705716,0.8140204285677992,0.8432980352475049,1.197204094861672,0.006518641168156775,8.0
2026-10-15 17:20:00,0.13326894,0.23813482562780353,0.7299999836832285,12.019999731332064,0.029277606679705716,0.8140204285677992,0.8432980352475049,1.214701798343837,0.006518641168156775,8.0
2026-10-15 17:30:00,0.13326894,0.2534513707960688,0.7299999836832285,12.019999731332064,0.029277606679705716,0.8140204285677992,0.8432980352475049,1.2300183435121024,0.006518641168156775,8.0
2026-10-15 17:40:00,0.13326894,0.2665557213270069,0.7299999836832285,12.019999731332064,0.029277606679705716,0.8140204285677992,0.8432980352475049,1.2431226940430404,0.006518641168156775,8.0
2026-10-15 17:50:00,0.13326894,0.27742801227132946,0.7299999836832285,12.019999731332064,0.029277606679705716,0.8140204285677992,0.8432980352475049,1.253994984987363,0.006518641168156775,8.0
2026-10-15 18:00:00,0.13326894,0.2860575204491872,0.7199999839067459,11.92999973334372,0.0288586736035847,0.8023726157565957,0.8312312893601804,1.2505577472778964,0.006518641168156775,8.0
2026-10-15 18:10:00,0.13326894,0.29244075744430187,0.7199999839067459,11.92999973334372,0.0288586736035847,0.8023726157565957,0.8312312893601804,1.256940984273011,0.006518641168156775,8.0
2026-10-15 18:20:00,0.13326894,0.2965798369751584,0.7199999839067459,11.92999973334372,0.0288586736035847,0.8023726157565957,0.8312312893601804,1.2610800638038675,0.006518641168156775,8.0
2026-10-15 18:30:00,0.13326894,0.2984812507399441,0.7199999839067459,11.92999973334372,0.0288586736035847,0.8023726157565957,0.8312312893601804,1.2629814775686532,0.006518641168156775,8.0
2026-10-15 18:40:00,0.13326894,0.2981551570846894,0.7199999839067459,11.92999973334372,0.0288586736035847,0.8023726157565957,0.8312312893601804,1.2626553839133985,0.006518641168156775,8.0
2026-10-15 18:50:00,0.13326894,0.2956152477309541,0.7199999839067459,11.92999973334372,0.0288586736035847,0.8023726157565957,0.8312312893601804,1.2601154745596632,0.006518641168156775,8.0
2026-10-15 19:00:00,0.13326894,0.29087921256344784,0.7199999839067459,11.92999973334372,0.0288586736035847,0.8023726157565957,0.8312312893601804,1.255379439392157,0.006518641168156775,8.0
2026-10-15 19:10:00,0.13326894,0.2839697752667747,0.7199999839067459,11.92999973334372,0.0288586736035847,0.8023726157565957,0.8312312893601804,1.248470002095484,0.006518641168156775,8.0
2026-10-15 19:20:00,0.13326894,0.27491622747976197,0.7199999839067459,11.92999973334372,0.0288586736035847,0.8023726157565957,0.8312312893601804,1.2394164543084711,0.006518641168156775,8.0
2026-10-15 19:30:00,0.13326894,0.2637563500783666,0.7199999839067459,11.92999973334372,0.0288586736035847,0.8023726157565957,0.8312312893601804,1.228256576907076,0.006518641168156775,8.0
2026-10-15 19:40:00,0.13326894,0.2505385804141789,0.7199999839067459,11.92999973334372,0.0288586736035847,0.8023726157565957,0.8312312893601804,1.2150388072428882,0.006518641168156775,8.0
2026-10-15 19:50:00,0.13326894,0.23532426619052588,0.7199999839067459,11.92999973334372,0.0288586736035847,0.8023726157565957,0.8312312893601804,1.199824493019235,0.006518641168156775,8.0
2026-10-15 20:00:00,0.13326894,0.21818984129295246,0.7199999839067459,11.92999973334372,0.0288586736035847,0.8023726157565957,0.8312312893601804,1.1826900681216617,0.006518641168156775,8.0
2026-10-15 20:10:00,0.13326894,0.19922876621705862,0.7199999839067459,11.92999973334372,0.0288586736035847,0.8023726157565957,0.8312312893601804,1.1637289930457677,0.006518641168156775,8.0
2026-10-15 20:20:00,0.13326894,0.17855309450725337,0.7199999839067459,11.92999973334372,0.0288586736035847,0.8023726157565957,0.8312312893601804,1.1430533213359626,0.006518641168156775,8.0
2026-10-15 20:30:00,0.13326894,0.15629455454008148,0.7199999839067459,11.92999973334372,0.0288586736035847,0.8023726157565957,0.8312312893601804,1.1207947813687906,0.006518641168156775,8.0
2026-10-15 20:40:00,0.13326894,0.132605070017447,0.7199999839067459,11.92999973334372,0.0288586736035847,0.8023726157565957,0.8312312893601804,1.097105296846156,0.006518641168156775,8.0
2026-10-15 20:50:00,0.13326894,0.10765667929467006,0.7199999839067459,11.92999973334372,0.0288586736035847,0.8023726157565957,0.8312312893601804,1.072156906123379,0.006518641168156775,8.0
2026-10-15 21:00:00,0.13326894,0.08164084965434716,0.7099999841302633,11.839999735355377,0.02844137254841297,0.7907701788672392,0.8192115514156522,1.0341213385385282,0.006518641168156775,8.0
2026-10-15 21:10:00,0.13326894,0.054767214807347364,0.7099999841302633,11.839999735355377,0.02844137254841297,0.7907701788672392,0.8192115514156522,1.0072477036915282,0.006518641168156775,8.0
2026-10-15 21:20:00,0.13326894,0.027261789789462088,0.7099999841302633,11.839999735355377,0.02844137254841297,0.7907701788672392,0.8192115514156522,0.9797422786736429,0.006518641168156775,8.0
2026-10-15 21:30:00,0.13326894,-0.0006352645803412454,0.7099999841302633,11.839999735355377,0.02844137254841297,0.7907701788672392,0.8192115514156522,0.9518452243038397,0.006518641168156775,8.0
2026-10-15 21:40:00,0.13326894,-0.02867224587062118,0.7099999841302633,11.839999735355377,0.02844137254841297,0.7907701788672392,0.8192115514156522,0.9238082430135597,0.006518641168156775,8.0
2026-10-15 21:50:00,0.13326894,-0.05658879941764365,0.7099999841302633,11.839999735355377,0.02844137254841297,0.7907701788672392,0.8192115514156522,0.8958916894665373,0.006518641168156775,8.0
2026-10-15 22:00:00,0.13326894,-0.08411901448587632,0.7099999841302633,11.839999735355377,0.02844137254841297,0.7907701788672392,0.8192115514156522,0.8683614743983046,0.006518641168156775,8.0
2026-10-15 22:10:00,0.13326894,-0.11099465850330892,0.7099999841302633,11.839999735355377,0.02844137254841297,0.7907701788672392,0.8192115514156522,0.841485830380872,0.006518641168156775,8.0
2026-10-15 22:20:00,0.13326894,-0.1369484925770417,0.7099999841302633,11.839999735355377,0.02844137254841297,0.7907701788672392,0.8192115514156522,0.8155319963071392,0.006518641168156775,8.0
2026-10-15 22:30:00,0.13326894,-0.161717623371913,0.7099999841302633,11.839999735355377,0.02844137254841297,0.7907701788672392,0.8192115514156522,0.7907628655122679,0.006518641168156775,8.0
2026-10-15 22:40:00,0.13326894,-0.18504685589037734,0.7099999841302633,11.839999735355377,0.02844137254841297,0.7907701788672392,0.8192115514156522,0.7674336329938036,0.006518641168156775,8.0
2026-10-15 22:50:00,0.13326894,-0.20669201721443478,0.7099999841302633,11.839999735355377,0.02844137254841297,0.7907701788672392,0.8192115514156522,0.7457884716697462,0.006518641168156775,8.0
2026-10-15 23:00:00,0.13326894,-0.2264232219896903,0.7099999841302633,11.839999735355377,0.02844137254841297,0.7907701788672392,0.8192115514156522,0.7260572668944906,0.006518641168156775,8.0
2026-10-15 23:10:00,0.13326894,-0.2440280461047858,0.7099999841302633,11.839999735355377,0.02844137254841297,0.7907701788672392,0.8192115514156522,0.7084524427793951,0.006518641168156775,8.0
2026-10-15 23:20:00,0.13326894,-0.25931456680044596,0.7099999841302633,11.839999735355377,0.02844137254841297,0.7907701788672392,0.8192115514156522,0.693165922083735,0.006518641168156775,8.0
2026-10-15 23:30:00,0.13326894,-0.27211421637935057,0.7099999841302633,11.839999735355377,0.02844137254841297,0.7907701788672392,0.8192115514156522,0.6803662725048303,0.006518641168156775,8.0
2026-10-15 23:40:00,0.13326894,-0.2822843854506022,0.7099999841302633,11.839999735355377,0.02844137254841297,0.7907701788672392,0.8192115514156522,0.6701961034335787,0.006518641168156775,8.0
2026-10-15 23:50:00,0.13326894,-0.2897107019135905,0.7099999841302633,11.839999735355377,0.02844137254841297,0.7907701788672392,0.8192115514156522,0.6627697869705904,0.006518641168156775,8.0
2026-10-16 00:00:00,0.13326894,-0.2943089064799532,0.7099999841302633,11.839999735355377,0.02844137254841297,0.7907701788672392,0.8192115514156522,0.6581715824042277,0.006518641168156775,8.0
2026-10-16 00:10:00,,-0.29602624595618304,,,,,,,0.006518641168156775,8.0
2026-10-16 00:20:00,,-0.29484231320508086,,,,,,,0.006518641168156775,8.0
2026-10-16 00:30:00,,-0.2907692780985136,,,,,,,0.006518641168156775,8.0
2026-10-16 00:40:00,,-0.28385147616758216,,,,,,,0.006518641168156775,8.0
2026-10-16 00:50:00,,-0.27416434993400435,,,,,,,0.006518641168156775,8.0
2026-10-16 01:00:00,,-0.2618127694632104,,,,,,,0.006518641168156775,8.0
2026-10-16 01:10:00,,-0.24692879111176513,,,,,,,0.006518641168156775,8.0
2026-10-16 01:20:00,,-0.22966894334841004,,,,,,,0.006518641168156775,8.0
2026-10-16 01:30:00,,-0.210211153192261,,,,,,,0.006518641168156775,8.0
2026-10-16 01:40:00,,-0.1887514434978933,,,,,,,0.006518641168156775,8.0
2026-10-16 01:50:00,,-0.16550053827839153,,,,,,,0.006518641168156775,8.0
2026-10-16 02:00:00,,-0.1406805095552275,,,,,,,0.006518641168156775,8.0
2026-10-16 02:10:00,,-0.11452158508580194,,,,,,,0.006518641168156775,8.0
2026-10-16 02:20:00,,-0.08725921297597253,,,,,,,0.006518641168156775,8.0
2026-10-16 02:30:00,,-0.05913144900133809,,,,,,,0.006518641168156775,8.0
2026-10-16 02:40:00,,-0.030376698266526593,,,,,,,0.006518641168156775,8.0
2026-10-16 02:50:00,,-0.0012318083511259836,,,,,,,0.006518641168156775,8.0
2026-10-16 03:00:00,,0.02806952047127246,,,,,,,0.006518641168156775,8.0
2026-10-16 03:10:00,,0.05729806750017186,,,,,,,0.006518641168156775,8.0
2026-10-16 03:20:00,,0.08623024224031976,,,,,,,0.006518641168156775,8.0
2026-10-16 03:30:00,,0.11464913523358028,,,,,,,0.006518641168156775,8.0
2026-10-16 03:40:00,,0.1423455458353946,,,,,,,0.006518641168156775,8.0
2026-10-16 03:50:00,,0.16911904861727908,,,,,,,0.006518641168156775,8.0
2026-10-16 04:00:00,,0.1947791364907794,,,,,,,0.006518641168156775,8.0
2026-10-16 04:10:00,,0.2191464499071114,,,,,,,0.006518641168156775,8.0
2026-10-16 04:20:00,,0.24205407037150647,,,,,,,0.006518641168156775,8.0
2026-10-16 04:30:00,,0.2633488274659903,,,,,,,0.006518641168156775,8.0
2026-10-16 04:40:00,,0.28289254455087115,,,,,,,0.006518641168156775,8.0
2026-10-16 04:50:00,,0.3005631327722972,,,,,,,0.006518641168156775,8.0
2026-10-16 05:00:00,,0.31625543798057737,,,,,,,0.006518641168156775,8.0
2026-10-16 05:10:00,,0.3298817515914227,,,,,,,0.006518641168156775,8.0
2026-10-16 05:20:00,,0.34137191437044423,,,,,,,0.006518641168156775,8.0
2026-10-16 05:30:00,,0.35067296969382866,,,,,,,0.006518641168156775,8.0
2026-10-16 05:40:00,,0.3577483580142012,,,,,,,0.006518641168156775,8.0
2026-10-16 05:50:00,,0.3625766829586793,,,,,,,0.006518641168156775,8.0
2026-10-16 06:00:00,,0.36515011839469197,,,,,,,0.006518641168156775,8.0
2026-10-16 06:10:00,,0.3654725604253132,,,,,,,0.006518641168156775,8.0
2026-10-16 06:20:00,,0.363557655198909,,,,,,,0.006518641168156775,8.0
2026-10-16 06:30:00,,0.35942684961792226,,,,,,,0.006518641168156775,8.0
2026-10-16 06:40:00,,0.35310761549940195,,,,,,,0.006518641168156775,8.0
2026-10-16 06:50:00,,0.3446319879743374,,,,,,,0.006518641168156775,8.0
2026-10-16 07:00:00,,0.3340355363121925,,,,,,,0.006518641168156775,8.0
2026-10-16 07:10:00,,0.32135685210882586,,,,,,,0.006518641168156775,8.0
2026-10-16 07:20:00,,0.30663759850077965,,,,,,,0.006518641168156775,8.0
2026-10-16 07:30:00,,0.2899231188004644,,,,,,,0.006518641168156775,8.0
2026-10-16 07:40:00,,0.27126355750600645,,,,,,,0.006518641168156775,8.0
2026-10-16 07:50:00,,0.2507154052512135,,,,,,,0.006518641168156775,8.0
2026-10-16 08:00:00,,0.22834334544380278,,,,,,,0.006518641168156775,8.0
2026-10-16 08:10:00,,0.2042222569387242,,,,,,,0.006518641168156775,8.0
2026-10-16 08:20:00,,0.17843921583514713,,,,,,,0.006518641168156775,8.0
2026-10-16 08:30:00,,0.15109534095851648,,,,,,,0.006518641168156775,8.0
2026-10-16 08:40:00,,0.12230734103586953,,,,,,,0.006518641168156775,8.0
2026-10-16 08:50:00,,0.09220864529302038,,,,,,,0.006518641168156775,8.0
2026-10-16 09:00:00,,0.06095003040147666,,,,,,,0.006518641168156775,8.0
2026-10-16 09:10:00,,0.028699692215269183,,,,,,,0.006518641168156775,8.0
2026-10-16 09:20:00,,-0.004357252959001629,,,,,,,0.006518641168156775,8.0
2026-10-16 09:30:00,,-0.038019819074745886,,,,,,,0.006518641168156775,8.0
2026-10-16 09:40:00,,-0.07207270602521858,,,,,,,0.006518641168156775,8.0
2026-10-16 09:50:00,,-0.1062882922568191,,,,,,,0.006518641168156775,8.0
2026-10-16 10:00:00,,-0.14042898340799148,,,,,,,0.006518641168156775,8.0
2026-10-16 10:10:00,,-0.1742498319913761,,,,,,,0.006518641168156775,8.0
2026-10-16 10:20:00,,-0.20750134615641094,,,,,,,0.006518641168156775,8.0
2026-10-16 10:30:00,,-0.23993241486803926,,,,,,,0.006518641168156775,8.0
2026-10-16 10:40:00,,-0.271293289242977,,,,,,,0.006518641168156775,8.0
2026-10-16 10:50:00,,-0.30133857359937,,,,,,,0.006518641168156775,8.0
2026-10-16 11:00:00,,-0.32983019208435904,,,,,,,0.006518641168156775,8.0
2026-10-16 11:10:00,,-0.35654030571888096,,,,,,,0.006518641168156775,8.0
2026-10-16 11:20:00,,-0.38125415917758626,,,,,,,0.006518641168156775,8.0
2026-10-16 11:30:00,,-0.4037728356295526,,,,,,,0.006518641168156775,8.0
2026-10-16 11:40:00,,-0.42391589248039024,,,,,,,0.006518641168156775,8.0
2026-10-16 11:50:00,,-0.44152384124507504,,,,,,,0.006518641168156775,8.0
2026-10-16 12:00:00,,-0.45646042374824747,,,,,,,0.006518641168156775,8.0
2026-10-16 12:10:00,,-0.4686146256799936,,,,,,,0.006518641168156775,8.0
2026-10-16 12:20:00,,-0.47790236038699724,,,,,,,0.006518641168156775,8.0
2026-10-16 12:30:00,,-0.48426775223514174,,,,,,,0.006518641168156775,8.0
2026-10-16 12:40:00,,-0.48768395176566,,,,,,,0.006518641168156775,8.0
2026-10-16 12:50:00,,-0.4881534252028793,,,,,,,0.006518641168156775,8.0
2026-10-16 13:00:00,,-0.485707678322921,,,,,,,0.006518641168156775,8.0
2026-10-16 13:10:00,,-0.48040639882494296,,,,,,,0.006518641168156775,8.0
2026-10-16 13:20:00,,-0.4723360297888846,,,,,,,0.006518641168156775,8.0
2026-10-16 13:30:00,,-0.4616078176663359,,,,,,,0.006518641168156775,8.0
2026-10-16 13:40:00,,-0.4483554080770545,,,,,,,0.006518641168156775,8.0
2026-10-16 13:50:00,,-0.43273208889138853,,,,,,,0.006518641168156775,8.0
2026-10-16 14:00:00,,-0.4149077995791889,,,,,,,0.006518641168156775,8.0
2026-10-16 14:10:00,,-0.39506603657664996,,,,,,,0.006518641168156775,8.0
2026-10-16 14:20:00,,-0.3734007849844185,,,,,,,0.006518641168156775,8.0
2026-10-16 14:30:00,,-0.3501135969921074,,,,,,,0.006518641168156775,8.0
2026-10-16 14:40:00,,-0.32541091768805075,,,,,,,0.006518641168156775,8.0
2026-10-16 14:50:00,,-0.2995017312842804,,,,,,,0.006518641168156775,8.0
2026-10-16 15:00:00,,-0.27259556774516086,,,,,,,0.006518641168156775,8.0
2026-10-16 15:10:00,,-0.24490087488074141,,,,,,,0.006518641168156775,8.0
2026-10-16 15:20:00,,-0.2166237274161293,,,,,,,0.006518641168156775,8.0
2026-10-16 15:30:00,,-0.18796681605596294,,,,,,,0.006518641168156775,8.0
2026-10-16 15:40:00,,-0.15912863886349177,,,,,,,0.006518641168156775,8.0
2026-10-16 15:50:00,,-0.1303028065286535,,,,,,,0.006518641168156775,8.0
2026-10-16 16:00:00,,-0.1016773735185974,,,,,,,0.006518641168156775,8.0
2026-10-16 16:10:00,,-0.07343411811606215,,,,,,,0.006518641168156775,8.0
2026-10-16 16:20:00,,-0.04574771527544837,,,,,,,0.006518641168156775,8.0
2026-10-16 16:30:00,,-0.01878477387800315,,,,,,,0.006518641168156775,8.0
2026-10-16 16:40:00,,0.007297258027129407,,,,,,,0.006518641168156775,8.0
2026-10-16 16:50:00,,0.03235128452617687,,,,,,,0.006518641168156775,8.0
2026-10-16 17:00:00,,0.05624178548969377,,,,,,,0.006518641168156775,8.0
2026-10-16 17:10:00,,0.0788459867889741,,,,,,,0.006518641168156775,8.0
2026-10-16 17:20:00,,0.1000548792521143,,,,,,,0.006518641168156775,8.0
2026-10-16 17:30:00,,0.1197739876572571,,,,,,,0.006518641168156775,8.0
2026-10-16 17:40:00,,0.13792380230643114,,,,,,,0.006518641168156775,8.0
2026-10-16 17:50:00,,0.1544398075082135,,,,,,,0.006518641168156775,8.0
2026-10-16 18:00:00,,0.16927207256506038,,,,,,,0.006518641168156775,8.0
2026-10-16 18:10:00,,0.18238440763768168,,,,,,,0.006518641168156775,8.0
2026-10-16 18:20:00,,0.19375312628264263,,,,,,,0.006518641168156775,8.0
2026-10-16 18:30:00,,0.20336549383994323,,,,,,,0.006518641168156775,8.0
2026-10-16 18:40:00,,0.21121797269804407,,,,,,,0.006518641168156775,8.0
2026-10-16 18:50:00,,0.2173143982096657,,,,,,,0.006518641168156775,8.0
2026-10-16 19:00:00,,0.2216642300525766,,,,,,,0.006518641168156775,8.0
2026-10-16 19:10:00,,0.22428102211995804,,,,,,,0.006518641168156775,8.0
2026-10-16 19:20:00,,0.22518123894067382,,,,,,,0.006518641168156775,8.0
2026-10-16 19:30:00,,0.2243835200191385,,,,,,,0.006518641168156775,8.0
2026-10-16 19:40:00,,0.22190845714898444,,,,,,,0.006518641168156775,8.0
2026-10-16 19:50:00,,0.21777890747520876,,,,,,,0.006518641168156775,8.0
2026-10-16 20:00:00,,0.21202082044660484,,,,,,,0.006518641168156775,8.0
2026-10-16 20:10:00,,0.2046645140656854,,,,,,,0.006518641168156775,8.0
2026-10-16 20:20:00,,0.19574629878497313,,,,,,,0.006518641168156775,8.0
2026-10-16 20:30:00,,0.18531031923505467,,,,,,,0.006518641168156775,8.0
2026-10-16 20:40:00,,0.1734104670845951,,,,,,,0.006518641168156775,8.0
2026-10-16 20:50:00,,0.16011221376813087,,,,,,,0.006518641168156775,8.0
2026-10-16 21:00:00,,0.14549421960623526,,,,,,,0.006518641168156775,8.0
2026-10-16 21:10:00,,0.1296495946840576,,,,,,,0.006518641168156775,8.0
2026-10-16 21:20:00,,0.11268671448187634,,,,,,,0.006518641168156775,8.0
2026-10-16 21:30:00,,0.09472952670296819,,,,,,,0.006518641168156775,8.0
2026-10-16 21:40:00,,0.07591732154832995,,,,,,,0.006518641168156775,8.0
2026-10-16 21:50:00,,0.05640397247792409,,,,,,,0.006518641168156775,8.0
2026-10-16 22:00:00,,0.03635668518191722,,,,,,,0.006518641168156775,8.0
2026-10-16 22:10:00,,0.01595431650518913,,,,,,,0.006518641168156775,8.0
2026-10-16 22:20:00,,-0.004614658843854738,,,,,,,0.006518641168156775,8.0
2026-10-16 22:30:00,,-0.02515444876375299,,,,,,,0.006518641168156775,8.0
2026-10-16 22:40:00,,-0.04546442711875558,,,,,,,0.006518641168156775,8.0
2026-10-16 22:50:00,,-0.06534172348269829,,,,,,,0.006518641168156775,8.0
2026-10-16 23:00:00,,-0.08458385513075829,,,,,,,0.006518641168156775,8.0
2026-10-16 23:10:00,,-0.10299135198350479,,,,,,,0.006518641168156775,8.0
2026-10-16 23:20:00,,-0.12037033974803142,,,,,,,0.006518641168156775,8.0
2026-10-16 23:30:00,,-0.13653505855771714,,,,,,,0.006518641168156775,8.0
2026-10-16 23:40:00,,-0.15131030241084573,,,,,,,0.006518641168156775,8.0
2026-10-16 23:50:00,,-0.16453376717301108,,,,,,,0.006518641168156775,8.0
