,SSH_10min,Tide_10min,Significant_Wave_Height,Peak_Wave_Period,Wave_Setup,Wave_Swash,Wave_Runup,Total_Water_Level,beach_slope,water_depth
2026-08-28 00:00:00,-0.025461895,-0.2586281403289486,0.9199999794363976,9.71999978274107,0.02533539163753268,0.7387740239805485,0.7641094156180812,0.4800193798977876,0.00621376528075129,6.0
2026-08-28 00:10:00,-0.025461895,-0.20695875910952416,0.9199999794363976,9.71999978274107,0.02533539163753268,0.7387740239805485,0.7641094156180812,0.5316887611172121,0.00621376528075129,6.0
2026-08-28 00:20:00,-0.025461895,-0.15425593223924636,0.9199999794363976,9.71999978274107,0.02533539163753268,0.7387740239805485,0.7641094156180812,0.5843915879874898,0.00621376528075129,6.0
2026-08-28 00:30:00,-0.025461895,-0.10088113570501438,0.9199999794363976,9.71999978274107,0.02533539163753268,0.7387740239805485,0.7641094156180812,0.6377663845217219,0.00621376528075129,6.0
2026-08-28 00:40:00,-0.025461895,-0.04719462950217752,0.9199999794363976,9.71999978274107,0.02533539163753268,0.7387740239805485,0.7641094156180812,0.6914528907245587,0.00621376528075129,6.0
2026-08-28 00:50:00,-0.025461895,0.006447731775713073,0.9199999794363976,9.71999978274107,0.02533539163753268,0.7387740239805485,0.7641094156180812,0.7450952520024493,0.00621376528075129,6.0
2026-08-28 01:00:00,-0.025461895,0.05969733451988333,0.9199999794363976,9.71999978274107,0.02533539163753268,0.7387740239805485,0.7641094156180812,0.7983448547466195,0.00621376528075129,6.0
2026-08-28 01:10:00,-0.025461895,0.11221520027643832,0.9199999794363976,9.71999978274107,0.02533539163753268,0.7387740239805485,0.7641094156180812,0.8508627205031745,0.00621376528075129,6.0
2026-08-28 01:20:00,-0.025461895,0.16367388515452036,0.9199999794363976,9.71999978274107,0.02533539163753268,0.7387740239805485,0.7641094156180812,0.9023214053812565,0.00621376528075129,6.0
2026-08-28 01:30:00,-0.025461895,0.213758870684654,0.9199999794363976,9.71999978274107,0.02533539163753268,0.7387740239805485,0.7641094156180812,0.9524063909113902,0.00621376528075129,6.0
2026-08-28 01:40:00,-0.025461895,0.2621694727221048,0.9199999794363976,9.71999978274107,0.02533539163753268,0.7387740239805485,0.7641094156180812,1.0008169929488409,0.00621376528075129,6.0
2026-08-28 01:50:00,-0.025461895,0.30861933294997873,0.9199999794363976,9.71999978274107,0.02533539163753268,0.7387740239805485,0.7641094156180812,1.0472668531767149,0.00621376528075129,6.0
2026-08-28 02:00:00,-0.025461895,0.35283658904416504,0.9199999794363976,9.71999978274107,0.02533539163753268,0.7387740239805485,0.7641094156180812,1.0914841092709011,0.00621376528075129,6.0
2026-08-28 02:10:00,-0.025461895,0.3945638418155676,0.9199999794363976,9.71999978274107,0.02533539163753268,0.7387740239805485,0.7641094156180812,1.1332113620423039,0.00621376528075129,6.0
2026-08-28 02:20:00,-0.025461895,0.4335580487180181,0.9199999794363976,9.71999978274107,0.02533539163753268,0.7387740239805485,0.7641094156180812,1.1722055689447544,0.00621376528075129,6.0
2026-08-28 02:30:00,-0.025461895,0.4695904719044484,0.9199999794363976,9.71999978274107,0.02533539163753268,0.7387740239805485,0.7641094156180812,1.2082379921311845,0.00621376528075129,6.0
2026-08-28 02:40:00,-0.025461895,0.5024467961987059,0.9199999794363976,9.71999978274107,0.02533539163753268,0.7387740239805485,0.7641094156180812,1.2410943164254422,0.00621376528075129,6.0
2026-08-28 02:50:00,-0.025461895,0.5319275090627573,0.9199999794363976,9.71999978274107,0.02533539163753268,0.7387740239805485,0.7641094156180812,1.2705750292894935,0.00621376528075129,6.0
2026-08-28 03:00:00,-0.025461895,0.5578486037181813,0.8799999803304672,9.499999787658453,0.024217671550064258,0.7061815707626691,0.7303992423127333,1.2627859506395698,0.00621376528075129,6.0
2026-08-28 03:10:00,-0.025461895,0.5800426308849891,0.8799999803304672,9.499999787658453,0.024217671550064258,0.7061815707626691,0.7303992423127333,1.2849799778063775,0.00621376528075129,6.0
2026-08-28 03:20:00,-0.025461895,0.5983600878964604,0.8799999803304672,9.499999787658453,0.024217671550064258,0.7061815707626691,0.7303992423127333,1.3032974348178488,0.00621376528075129,6.0
2026-08-28 03:30:00,-0.025461895,0.6126710995756427,0.8799999803304672,9.499999787658453,0.024217671550064258,0.7061815707626691,0.7303992423127333,1.317608446497031,0.00621376528075129,6.0
2026-08-28 03:40:00,-0.025461895,0.6228673164065326,0.8799999803304672,9.499999787658453,0.024217671550064258,0.7061815707626691,0.7303992423127333,1.327804663327921,0.00621376528075129,6.0
2026-08-28 03:50:00,-0.025461895,0.6288639345597258,0.8799999803304672,9.499999787658453,0.024217671550064258,0.7061815707626691,0.7303992423127333,1.3338012814811142,0.00621376528075129,6.0
2026-08-28 04:00:00,-0.025461895,0.6306017307791906,0.8799999803304672,9.499999787658453,0.024217671550064258,0.7061815707626691,0.7303992423127333,1.335539077700579,0.00621376528075129,6.0
2026-08-28 04:10:00,-0.025461895,0.6280490032800036,0.8799999803304672,9.499999787658453,0.024217671550064258,0.7061815707626691,0.7303992423127333,1.332986350201392,0.00621376528075129,6.0
2026-08-28 04:20:00,-0.025461895,0.6212033172842542,0.8799999803304672,9.499999787658453,0.024217671550064258,0.7061815707626691,0.7303992423127333,1.3261406642056426,0.00621376528075129,6.0
2026-08-28 04:30:00,-0.025461895,0.6100929687135617,0.8799999803304672,9.499999787658453,0.024217671550064258,0.7061815707626691,0.7303992423127333,1.3150303156349499,0.00621376528075129,6.0
2026-08-28 04:40:00,-0.025461895,0.5947781000267679,0.8799999803304672,9.499999787658453,0.024217671550064258,0.7061815707626691,0.7303992423127333,1.2997154469481562,0.00621376528075129,6.0
2026-08-28 04:50:00,-0.025461895,0.5753514251110953,0.8799999803304672,9.499999787658453,0.024217671550064258,0.7061815707626691,0.7303992423127333,1.2802887720324836,0.00621376528075129,6.0
2026-08-28 05:00:00,-0.025461895,0.5519385431122291,0.8799999803304672,9.499999787658453,0.024217671550064258,0.7061815707626691,0.7303992423127333,1.2568758900336174,0.00621376528075129,6.0
2026-08-28 05:10:00,-0.025461895,0.5246978413092435,0.8799999803304672,9.499999787658453,0.024217671550064258,0.7061815707626691,0.7303992423127333,1.2296351882306318,0.00621376528075129,6.0
2026-08-28 05:20:00,-0.025461895,0.49382000267757975,0.8799999803304672,9.499999787658453,0.024217671550064258,0.7061815707626691,0.7303992423127333,1.198757349598968,0.00621376528075129,6.0
2026-08-28 05:30:00,-0.025461895,0.4595271435865582,0.8799999803304672,9.499999787658453,0.024217671550064258,0.7061815707626691,0.7303992423127333,1.1644644905079464,0.00621376528075129,6.0
2026-08-28 05:40:00,-0.025461895,0.42207161022663714,0.8799999803304672,9.499999787658453,0.024217671550064258,0.7061815707626691,0.7303992423127333,1.1270089571480255,0.00621376528075129,6.0
2026-08-28 05:50:00,-0.025461895,0.3817344602007411,0.8799999803304672,9.499999787658453,0.024217671550064258,0.7061815707626691,0.7303992423127333,1.0866718071221295,0.00621376528075129,6.0
2026-08-28 06:00:00,-0.025461895,0.3388236485489789,0.8499999810010195,9.239999793469906,0.023149887110164365,0.6750452292095339,0.6981951163196983,1.0115568694773323,0.00621376528075129,6.0
2026-08-28 06:10:00,-0.025461895,0.29367192827711275,0.8499999810010195,9.239999793469906,0.023149887110164365,0.6750452292095339,0.6981951163196983,0.966405149205466,0.00621376528075129,6.0
2026-08-28 06:20:00,-0.025461895,0.24663446547197626,0.8499999810010195,9.239999793469906,0.023149887110164365,0.6750452292095339,0.6981951163196983,0.9193676864003295,0.00621376528075129,6.0
2026-08-28 06:30:00,-0.025461895,0.19808616151013023,0.8499999810010195,9.239999793469906,0.023149887110164365,0.6750452292095339,0.6981951163196983,0.8708193824384836,0.00621376528075129,6.0
2026-08-28 06:40:00,-0.025461895,0.14841867099219364,0.8499999810010195,9.239999793469906,0.023149887110164365,0.6750452292095339,0.6981951163196983,0.8211518919205469,0.00621376528075129,6.0
2026-08-28 06:50:00,-0.025461895,0.0980371057471271,0.8499999810010195,9.239999793469906,0.023149887110164365,0.6750452292095339,0.6981951163196983,0.7707703266754804,0.00621376528075129,6.0
2026-08-28 07:00:00,-0.025461895,0.047356423316401185,0.8499999810010195,9.239999793469906,0.023149887110164365,0.6750452292095339,0.6981951163196983,0.7200896442447545,0.00621376528075129,6.0
2026-08-28 07:10:00,-0.025461895,-0.003202487976000078,0.8499999810010195,9.239999793469906,0.023149887110164365,0.6750452292095339,0.6981951163196983,0.6695307329523532,0.00621376528075129,6.0
2026-08-28 07:20:00,-0.025461895,-0.053216996011018626,0.8499999810010195,9.239999793469906,0.023149887110164365,0.6750452292095339,0.6981951163196983,0.6195162249173347,0.00621376528075129,6.0
2026-08-28 07:30:00,-0.025461895,-0.10226713072364838,0.8499999810010195,9.239999793469906,0.023149887110164365,0.6750452292095339,0.6981951163196983,0.570466090204705,0.00621376528075129,6.0
2026-08-28 07:40:00,-0.025461895,-0.14994013243274468,0.8499999810010195,9.239999793469906,0.023149887110164365,0.6750452292095339,0.6981951163196983,0.5227930884956087,0.00621376528075129,6.0
2026-08-28 07:50:00,-0.025461895,-0.19583504543700236,0.8499999810010195,9.239999793469906,0.023149887110164365,0.6750452292095339,0.6981951163196983,0.47689817549135094,0.00621376528075129,6.0
2026-08-28 08:00:00,-0.025461895,-0.23956724308252125,0.8499999810010195,9.239999793469906,0.023149887110164365,0.6750452292095339,0.6981951163196983,0.43316597784583205,0.00621376528075129,6.0
2026-08-28 08:10:00,-0.025461895,-0.2807727610590553,0.8499999810010195,9.239999793469906,0.023149887110164365,0.6750452292095339,0.6981951163196983,0.391960459869298,0.00621376528075129,6.0
2026-08-28 08:20:00,-0.025461895,-0.3191123147127242,0.8499999810010195,9.239999793469906,0.023149887110164365,0.6750452292095339,0.6981951163196983,0.3536209062156291,0.00621376528075129,6.0
2026-08-28 08:30:00,-0.025461895,-0.3542748846697253,0.8499999810010195,9.239999793469906,0.023149887110164365,0.6750452292095339,0.6981951163196983,0.318458336258628,0.00621376528075129,6.0
2026-08-28 08:40:00,-0.025461895,-0.3859807729402397,0.8499999810010195,9.239999793469906,0.023149887110164365,0.6750452292095339,0.6981951163196983,0.2867524479881136,0.00621376528075129,6.0
2026-08-28 08:50:00,-0.025461895,-0.4139840574510422,0.8499999810010195,9.239999793469906,0.023149887110164365,0.6750452292095339,0.6981951163196983,0.2587491634773111,0.00621376528075129,6.0
2026-08-28 09:00:00,-0.025461895,-0.43807440497449357,0.8099999818950891,9.09999979659915,0.022256216904666854,0.6489860175236626,0.6712422344283294,0.20770593406249083,0.00621376528075129,6.0
2026-08-28 09:10:00,-0.025461895,-0.45807823740349507,0.8099999818950891,9.09999979659915,0.022256216904666854,0.6489860175236626,0.6712422344283294,0.18770210163348933,0.00621376528075129,6.0
2026-08-28 09:20:00,-0.025461895,-0.47385928139655825,0.8099999818950891,9.09999979659915,0.022256216904666854,0.6489860175236626,0.6712422344283294,0.17192105764042614,0.00621376528075129,6.0
2026-08-28 09:30:00,-0.025461895,-0.4853185630240912,0.8099999818950891,9.09999979659915,0.022256216904666854,0.6489860175236626,0.6712422344283294,0.16046177601289313,0.00621376528075129,6.0
2026-08-28 09:40:00,-0.025461895,-0.49239393426802636,0.8099999818950891,9.09999979659915,0.022256216904666854,0.6489860175236626,0.6712422344283294,0.15338640476895804,0.00621376528075129,6.0
2026-08-28 09:50:00,-0.025461895,-0.4950592345712615,0.8099999818950891,9.09999979659915,0.022256216904666854,0.6489860175236626,0.6712422344283294,0.15072110446572295,0.00621376528075129,6.0
2026-08-28 10:00:00,-0.025461895,-0.49332319665189583,0.8099999818950891,9.09999979659915,0.022256216904666854,0.6489860175236626,0.6712422344283294,0.15245714238508856,0.00621376528075129,6.0
2026-08-28 10:10:00,-0.025461895,-0.4872282009078386,0.8099999818950891,9.09999979659915,0.022256216904666854,0.6489860175236626,0.6712422344283294,0.15855213812914581,0.00621376528075129,6.0
2026-08-28 10:20:00,-0.025461895,-0.47684896784947406,0.8099999818950891,9.09999979659915,0.022256216904666854,0.6489860175236626,0.6712422344283294,0.16893137118751034,0.00621376528075129,6.0
2026-08-28 10:30:00,-0.025461895,-0.46229125457642845,0.8099999818950891,9.09999979659915,0.022256216904666854,0.6489860175236626,0.6712422344283294,0.18348908446055595,0.00621376528075129,6.0
2026-08-28 10:40:00,-0.025461895,-0.4436905924209676,0.8099999818950891,9.09999979659915,0.022256216904666854,0.6489860175236626,0.6712422344283294,0.2020897466160168,0.00621376528075129,6.0
2026-08-28 10:50:00,-0.025461895,-0.42121107140870684,0.8099999818950891,9.09999979659915,0.022256216904666854,0.6489860175236626,0.6712422344283294,0.22456926762827756,0.00621376528075129,6.0
2026-08-28 11:00:00,-0.025461895,-0.3950441470886341,0.8099999818950891,9.09999979659915,0.022256216904666854,0.6489860175236626,0.6712422344283294,0.2507361919483503,0.00621376528075129,6.0
2026-08-28 11:10:00,-0.025461895,-0.36540741968730095,0.8099999818950891,9.09999979659915,0.022256216904666854,0.6489860175236626,0.6712422344283294,0.28037291934968345,0.00621376528075129,6.0
2026-08-28 11:20:00,-0.025461895,-0.3325433176460173,0.8099999818950891,9.09999979659915,0.022256216904666854,0.6489860175236626,0.6712422344283294,0.3132370213909671,0.00621376528075129,6.0
2026-08-28 11:30:00,-0.025461895,-0.2967176094646571,0.8099999818950891,9.09999979659915,0.022256216904666854,0.6489860175236626,0.6712422344283294,0.3490627295723273,0.00621376528075129,6.0
2026-08-28 11:40:00,-0.025461895,-0.2582176702791979,0.8099999818950891,9.09999979659915,0.022256216904666854,0.6489860175236626,0.6712422344283294,0.3875626687577865,0.00621376528075129,6.0
2026-08-28 11:50:00,-0.025461895,-0.21735044313840388,0.8099999818950891,9.09999979659915,0.022256216904666854,0.6489860175236626,0.6712422344283294,0.4284298958985805,0.00621376528075129,6.0
2026-08-28 12:00:00,-0.025461895,-0.17444005746906543,0.8099999818950891,9.109999796375632,0.022280674285880774,0.6496991889714908,0.6719798632573716,0.4720779103969611,0.00621376528075129,6.0
2026-08-28 12:10:00,-0.025461895,-0.1298250971895632,0.8099999818950891,9.109999796375632,0.022280674285880774,0.6496991889714908,0.6719798632573716,0.5166928706764633,0.00621376528075129,6.0
2026-08-28 12:20:00,-0.025461895,-0.08385554439074515,0.8099999818950891,9.109999796375632,0.022280674285880774,0.6496991889714908,0.6719798632573716,0.5626624234752814,0.00621376528075129,6.0
2026-08-28 12:30:00,-0.025461895,-0.03688945848443684,0.8099999818950891,9.109999796375632,0.022280674285880774,0.6496991889714908,0.6719798632573716,0.6096285093815897,0.00621376528075129,6.0
2026-08-28 12:40:00,-0.025461895,0.010710519070580925,0.8099999818950891,9.109999796375632,0.022280674285880774,0.6496991889714908,0.6719798632573716,0.6572284869366075,0.00621376528075129,6.0
2026-08-28 12:50:00,-0.025461895,0.0585807209224485,0.8099999818950891,9.109999796375632,0.022280674285880774,0.6496991889714908,0.6719798632573716,0.705098688788475,0.00621376528075129,6.0
2026-08-28 13:00:00,-0.025461895,0.10635994357216776,0.8099999818950891,9.109999796375632,0.022280674285880774,0.6496991889714908,0.6719798632573716,0.7528779114381943,0.00621376528075129,6.0
2026-08-28 13:10:00,-0.025461895,0.1536927412904913,0.8099999818950891,9.109999796375632,0.022280674285880774,0.6496991889714908,0.6719798632573716,0.8002107091565178,0.00621376528075129,6.0
2026-08-28 13:20:00,-0.025461895,0.20023240423056676,0.8099999818950891,9.109999796375632,0.022280674285880774,0.6496991889714908,0.6719798632573716,0.8467503720965933,0.00621376528075129,6.0
2026-08-28 13:30:00,-0.025461895,0.24564352205437057,0.8099999818950891,9.109999796375632,0.022280674285880774,0.6496991889714908,0.6719798632573716,0.8921614899203971,0.00621376528075129,6.0
2026-08-28 13:40:00,-0.025461895,0.2896040645895496,0.8099999818950891,9.109999796375632,0.022280674285880774,0.6496991889714908,0.6719798632573716,0.9361220324555761,0.00621376528075129,6.0
2026-08-28 13:50:00,-0.025461895,0.33180694831493535,0.8099999818950891,9.109999796375632,0.022280674285880774,0.6496991889714908,0.6719798632573716,0.978324916180962,0.00621376528075129,6.0
2026-08-28 14:00:00,-0.025461895,0.3719610974807472,0.8099999818950891,9.109999796375632,0.022280674285880774,0.6496991889714908,0.6719798632573716,1.0184790653467737,0.00621376528075129,6.0
2026-08-28 14:10:00,-0.025461895,0.4097920481276334,0.8099999818950891,9.109999796375632,0.022280674285880774,0.6496991889714908,0.6719798632573716,1.05631001599366,0.00621376528075129,6.0
2026-08-28 14:20:00,-0.025461895,0.4450421780053984,0.8099999818950891,9.109999796375632,0.022280674285880774,0.6496991889714908,0.6719798632573716,1.091560145871425,0.00621376528075129,6.0
2026-08-28 14:30:00,-0.025461895,0.4774706722924376,0.8099999818950891,9.109999796375632,0.022280674285880774,0.6496991889714908,0.6719798632573716,1.1239886401584642,0.00621376528075129,6.0
2026-08-28 14:40:00,-0.025461895,0.5068533515628185,0.8099999818950891,9.109999796375632,0.022280674285880774,0.6496991889714908,0.6719798632573716,1.153371319428845,0.00621376528075129,6.0
2026-08-28 14:50:00,-0.025461895,0.5329824929653366,0.8099999818950891,9.109999796375632,0.022280674285880774,0.6496991889714908,0.6719798632573716,1.1795004608313633,0.00621376528075129,6.0
2026-08-28 15:00:00,-0.025461895,0.5556667682059748,0.8399999812245369,9.249999793246388,0.023038214591042067,0.6717888849816513,0.6948270995726934,1.225031972387323,0.00621376528075129,6.0
2026-08-28 15:10:00,-0.025461895,0.5747314030960565,0.8399999812245369,9.249999793246388,0.023038214591042067,0.6717888849816513,0.6948270995726934,1.244096607277405,0.00621376528075129,6.0
2026-08-28 15:20:00,-0.025461895,0.590018635645807,0.8399999812245369,9.249999793246388,0.023038214591042067,0.6717888849816513,0.6948270995726934,1.2593838398271555,0.00621376528075129,6.0
2026-08-28 15:30:00,-0.025461895,0.6013885154355283,0.8399999812245369,9.249999793246388,0.023038214591042067,0.6717888849816513,0.6948270995726934,1.2707537196168768,0.00621376528075129,6.0
2026-08-28 15:40:00,-0.025461895,0.608720049948729,0.8399999812245369,9.249999793246388,0.023038214591042067,0.6717888849816513,0.6948270995726934,1.2780852541300773,0.00621376528075129,6.0
2026-08-28 15:50:00,-0.025461895,0.6119126671218694,0.8399999812245369,9.249999793246388,0.023038214591042067,0.6717888849816513,0.6948270995726934,1.2812778713032178,0.00621376528075129,6.0
2026-08-28 16:00:00,-0.025461895,0.6108879310142734,0.8399999812245369,9.249999793246388,0.023038214591042067,0.6717888849816513,0.6948270995726934,1.280253135195622,0.00621376528075129,6.0
2026-08-28 16:10:00,-0.025461895,0.6055914219919699,0.8399999812245369,9.249999793246388,0.023038214591042067,0.6717888849816513,0.6948270995726934,1.2749566261733183,0.00621376528075129,6.0
2026-08-28 16:20:00,-0.025461895,0.5959946761898162,0.8399999812245369,9.249999793246388,0.023038214591042067,0.6717888849816513,0.6948270995726934,1.2653598803711645,0.00621376528075129,6.0
2026-08-28 16:30:00,-0.025461895,0.5820970721713618,0.8399999812245369,9.249999793246388,0.023038214591042067,0.6717888849816513,0.6948270995726934,1.2514622763527101,0.00621376528075129,6.0
2026-08-28 16:40:00,-0.025461895,0.563927555698241,0.8399999812245369,9.249999793246388,0.023038214591042067,0.6717888849816513,0.6948270995726934,1.2332927598795895,0.00621376528075129,6.0
2026-08-28 16:50:00,-0.025461895,0.5415461050756817,0.8399999812245369,9.249999793246388,0.023038214591042067,0.6717888849816513,0.6948270995726934,1.21091130925703,0.00621376528075129,6.0
2026-08-28 17:00:00,-0.025461895,0.515044857923427,0.8399999812245369,9.249999793246388,0.023038214591042067,0.6717888849816513,0.6948270995726934,1.1844100621047753,0.00621376528075129,6.0
2026-08-28 17:10:00,-0.025461895,0.4845488427147485,0.8399999812245369,9.249999793246388,0.023038214591042067,0.6717888849816513,0.6948270995726934,1.153914046896097,0.00621376528075129,6.0
2026-08-28 17:20:00,-0.025461895,0.4502162824185643,0.8399999812245369,9.249999793246388,0.023038214591042067,0.6717888849816513,0.6948270995726934,1.1195814865999127,0.00621376528075129,6.0
2026-08-28 17:30:00,-0.025461895,0.41223846020875987,0.8399999812245369,9.249999793246388,0.023038214591042067,0.6717888849816513,0.6948270995726934,1.0816036643901081,0.00621376528075129,6.0
2026-08-28 17:40:00,-0.025461895,0.3708391561918245,0.8399999812245369,9.249999793246388,0.023038214591042067,0.6717888849816513,0.6948270995726934,1.0402043603731728,0.00621376528075129,6.0
2026-08-28 17:50:00,-0.025461895,0.326273677831447,0.8399999812245369,9.249999793246388,0.023038214591042067,0.6717888849816513,0.6948270995726934,0.9956388820127954,0.00621376528075129,6.0
2026-08-28 18:00:00,-0.025461895,0.2788275140494666,0.8099999818950891,9.17999979481101,0.02245187595437821,0.6546913891062882,0.6771432650606665,0.930508883718788,0.00621376528075129,6.0
2026-08-28 18:10:00,-0.025461895,0.22881464442884883,0.8099999818950891,9.17999979481101,0.02245187595437821,0.6546913891062882,0.6771432650606665,0.8804960140981702,0.00621376528075129,6.0
2026-08-28 18:20:00,-0.025461895,0.17657553072133275,0.8099999818950891,9.17999979481101,0.02245187595437821,0.6546913891062882,0.6771432650606665,0.8282569003906541,0.00621376528075129,6.0
2026-08-28 18:30:00,-0.025461895,0.12247481027058252,0.8099999818950891,9.17999979481101,0.02245187595437821,0.6546913891062882,0.6771432650606665,0.7741561799399039,0.00621376528075129,6.0
2026-08-28 18:40:00,-0.025461895,0.06689870152135013,0.8099999818950891,9.17999979481101,0.02245187595437821,0.6546913891062882,0.6771432650606665,0.7185800711906716,0.00621376528075129,6.0
2026-08-28 18:50:00,-0.025461895,0.010252123206003598,0.8099999818950891,9.17999979481101,0.02245187595437821,0.6546913891062882,0.6771432650606665,0.661933492875325,0.00621376528075129,6.0
2026-08-28 19:00:00,-0.025461895,-0.04704447696799397,0.8099999818950891,9.17999979481101,0.02245187595437821,0.6546913891062882,0.6771432650606665,0.6046368927013275,0.00621376528075129,6.0
2026-08-28 19:10:00,-0.025461895,-0.10455858946556496,0.8099999818950891,9.17999979481101,0.02245187595437821,0.6546913891062882,0.6771432650606665,0.5471227802037565,0.00621376528075129,6.0
2026-08-28 19:20:00,-0.025461895,-0.16184940648884624,0.8099999818950891,9.17999979481101,0.02245187595437821,0.6546913891062882,0.6771432650606665,0.48983196318047517,0.00621376528075129,6.0
2026-08-28 19:30:00,-0.025461895,-0.21847187189247622,0.8099999818950891,9.17999979481101,0.02245187595437821,0.6546913891062882,0.6771432650606665,0.43320949777684525,0.00621376528075129,6.0
2026-08-28 19:40:00,-0.025461895,-0.2739809910356588,0.8099999818950891,9.17999979481101,0.02245187595437821,0.6546913891062882,0.6771432650606665,0.3777003786336626,0.00621376528075129,6.0
2026-08-28 19:50:00,-0.025461895,-0.3279363539387773,0.8099999818950891,9.17999979481101,0.02245187595437821,0.6546913891062882,0.6771432650606665,0.32374501573054415,0.00621376528075129,6.0
2026-08-28 20:00:00,-0.025461895,-0.3799068027496656,0.8099999818950891,9.17999979481101,0.02245187595437821,0.6546913891062882,0.6771432650606665,0.27177456691965585,0.00621376528075129,6.0
2026-08-28 20:10:00,-0.025461895,-0.4294751528889935,0.8099999818950891,9.17999979481101,0.02245187595437821,0.6546913891062882,0.6771432650606665,0.22220621678032793,0.00621376528075129,6.0
2026-08-28 20:20:00,-0.025461895,-0.47624285886147555,0.8099999818950891,9.17999979481101,0.02245187595437821,0.6546913891062882,0.6771432650606665,0.1754385108078459,0.00621376528075129,6.0
2026-08-28 20:30:00,-0.025461895,-0.5198345031653878,0.8099999818950891,9.17999979481101,0.02245187595437821,0.6546913891062882,0.6771432650606665,0.13184686650393362,0.00621376528075129,6.0
2026-08-28 20:40:00,-0.025461895,-0.5599019821546378,0.8099999818950891,9.17999979481101,0.02245187595437821,0.6546913891062882,0.6771432650606665,0.09177938751468362,0.00621376528075129,6.0
2026-08-28 20:50:00,-0.025461895,-0.596128267131491,0.8099999818950891,9.17999979481101,0.02245187595437821,0.6546913891062882,0.6771432650606665,0.05555310253783041,0.00621376528075129,6.0
2026-08-28 21:00:00,-0.025461895,-0.6282306331282228,0.8199999816715717,9.13999979570508,0.022491611090570237,0.655850056273466,0.6783416673640362,0.0246491388444684,0.00621376528075129,6.0
2026-08-28 21:10:00,-0.025461895,-0.6559632705586468,0.8199999816715717,9.13999979570508,0.022491611090570237,0.655850056273466,0.6783416673640362,-0.0030834985859555797,0.00621376528075129,6.0
2026-08-28 21:20:00,-0.025461895,-0.6791192250923227,0.8199999816715717,9.13999979570508,0.022491611090570237,0.655850056273466,0.6783416673640362,-0.026239453119631495,0.00621376528075129,6.0
2026-08-28 21:30:00,-0.025461895,-0.6975316457270644,0.8199999816715717,9.13999979570508,0.022491611090570237,0.655850056273466,0.6783416673640362,-0.044651873754373184,0.00621376528075129,6.0
2026-08-28 21:40:00,-0.025461895,-0.7110743573914514,0.8199999816715717,9.13999979570508,0.022491611090570237,0.655850056273466,0.6783416673640362,-0.058194585418760214,0.00621376528075129,6.0
2026-08-28 21:50:00,-0.025461895,-0.7196618089105585,0.8199999816715717,9.13999979570508,0.022491611090570237,0.655850056273466,0.6783416673640362,-0.06678203693786733,0.00621376528075129,6.0
2026-08-28 22:00:00,-0.025461895,-0.7232484767049537,0.8199999816715717,9.13999979570508,0.022491611090570237,0.655850056273466,0.6783416673640362,-0.07036870473226253,0.00621376528075129,6.0
2026-08-28 22:10:00,-0.025461895,-0.7218278263011702,0.8199999816715717,9.13999979570508,0.022491611090570237,0.655850056273466,0.6783416673640362,-0.06894805432847895,0.00621376528075129,6.0
2026-08-28 22:20:00,-0.025461895,-0.715430945580834,0.8199999816715717,9.13999979570508,0.022491611090570237,0.655850056273466,0.6783416673640362,-0.06255117360814277,0.00621376528075129,6.0
2026-08-28 22:30:00,-0.025461895,-0.7041249646663486,0.8199999816715717,9.13999979570508,0.022491611090570237,0.655850056273466,0.6783416673640362,-0.05124519269365735,0.00621376528075129,6.0
2026-08-28 22:40:00,-0.025461895,-0.6880113675206,0.8199999816715717,9.13999979570508,0.022491611090570237,0.655850056273466,0.6783416673640362,-0.03513159554790879,0.00621376528075129,6.0
2026-08-28 22:50:00,-0.025461895,-0.6672242809148682,0.8199999816715717,9.13999979570508,0.022491611090570237,0.655850056273466,0.6783416673640362,-0.014344508942176981,0.00621376528075129,6.0
2026-08-28 23:00:00,-0.025461895,-0.6419287997252863,0.8199999816715717,9.13999979570508,0.022491611090570237,0.655850056273466,0.6783416673640362,0.010950972247404933,0.00621376528075129,6.0
2026-08-28 23:10:00,-0.025461895,-0.6123193764434939,0.8199999816715717,9.13999979570508,0.022491611090570237,0.655850056273466,0.6783416673640362,0.040560395529197324,0.00621376528075129,6.0
2026-08-28 23:20:00,-0.025461895,-0.57861827096254,0.8199999816715717,9.13999979570508,0.022491611090570237,0.655850056273466,0.6783416673640362,0.07426150101015117,0.00621376528075129,6.0
2026-08-28 23:30:00,-0.025461895,-0.5410740276187628,0.8199999816715717,9.13999979570508,0.022491611090570237,0.655850056273466,0.6783416673640362,0.11180574435392843,0.00621376528075129,6.0
2026-08-28 23:40:00,-0.025461895,-0.4999599234121861,0.8199999816715717,9.13999979570508,0.022491611090570237,0.655850056273466,0.6783416673640362,0.1529198485605051,0.00621376528075129,6.0
2026-08-28 23:50:00,-0.025461895,-0.4555723170235998,0.8199999816715717,9.13999979570508,0.022491611090570237,0.655850056273466,0.6783416673640362,0.1973074549490914,0.00621376528075129,6.0
2026-08-29 00:00:00,-0.045710497,-0.4082288241921142,0.8399999812245369,9.169999795034528,0.02283896516755197,0.6659788189493776,0.6888177841169296,0.23487846332037282,0.00621376528075129,6.0
2026-08-29 00:10:00,-0.045710497,-0.35826625199209244,0.8399999812245369,9.169999795034528,0.02283896516755197,0.6659788189493776,0.6888177841169296,0.2848410355203946,0.00621376528075129,6.0
2026-08-29 00:20:00,-0.045710497,-0.30603824160760135,0.8399999812245369,9.169999795034528,0.02283896516755197,0.6659788189493776,0.6888177841169296,0.3370690459048857,0.00621376528075129,6.0
2026-08-29 00:30:00,-0.045710497,-0.25191259484882644,0.8399999812245369,9.169999795034528,0.02283896516755197,0.6659788189493776,0.6888177841169296,0.3911946926636606,0.00621376528075129,6.0
2026-08-29 00:40:00,-0.045710497,-0.19626829080862218,0.8399999812245369,9.169999795034528,0.02283896516755197,0.6659788189493776,0.6888177841169296,0.44683899670386484,0.00621376528075129,6.0
2026-08-29 00:50:00,-0.045710497,-0.13949223257101945,0.8399999812245369,9.169999795034528,0.02283896516755197,0.6659788189493776,0.6888177841169296,0.5036150549414675,0.00621376528075129,6.0
2026-08-29 01:00:00,-0.045710497,-0.08197579587018897,0.8399999812245369,9.169999795034528,0.02283896516755197,0.6659788189493776,0.6888177841169296,0.561131491642298,0.00621376528075129,6.0
2026-08-29 01:10:00,-0.045710497,-0.02411127845526385,0.8399999812245369,9.169999795034528,0.02283896516755197,0.6659788189493776,0.6888177841169296,0.6189960090572232,0.00621376528075129,6.0
2026-08-29 01:20:00,-0.045710497,0.03371163237655281,0.8399999812245369,9.169999795034528,0.02283896516755197,0.6659788189493776,0.6888177841169296,0.6768189198890399,0.00621376528075129,6.0
2026-08-29 01:30:00,-0.045710497,0.09110924842590261,0.8399999812245369,9.169999795034528,0.02283896516755197,0.6659788189493776,0.6888177841169296,0.7342165359383896,0.00621376528075129,6.0
2026-08-29 01:40:00,-0.045710497,0.1477070033265174,0.8399999812245369,9.169999795034528,0.02283896516755197,0.6659788189493776,0.6888177841169296,0.7908142908390045,0.00621376528075129,6.0
2026-08-29 01:50:00,-0.045710497,0.20314220242987152,0.8399999812245369,9.169999795034528,0.02283896516755197,0.6659788189493776,0.6888177841169296,0.8462494899423585,0.00621376528075129,6.0
2026-08-29 02:00:00,-0.045710497,0.2570663185031903,0.8399999812245369,9.169999795034528,0.02283896516755197,0.6659788189493776,0.6888177841169296,0.9001736060156773,0.00621376528075129,6.0
2026-08-29 02:10:00,-0.045710497,0.30914678563873865,0.8399999812245369,9.169999795034528,0.02283896516755197,0.6659788189493776,0.6888177841169296,0.9522540731512257,0.00621376528075129,6.0
2026-08-29 02:20:00,-0.045710497,0.3590682822749806,0.8399999812245369,9.169999795034528,0.02283896516755197,0.6659788189493776,0.6888177841169296,1.0021755697874677,0.00621376528075129,6.0
2026-08-29 02:30:00,-0.045710497,0.4065335339479155,0.8399999812245369,9.169999795034528,0.02283896516755197,0.6659788189493776,0.6888177841169296,1.0496408214604025,0.00621376528075129,6.0
2026-08-29 02:40:00,-0.045710497,0.45126370340539346,0.8399999812245369,9.169999795034528,0.02283896516755197,0.6659788189493776,0.6888177841169296,1.0943709909178805,0.00621376528075129,6.0
2026-08-29 02:50:00,-0.045710497,0.4929984663543226,0.8399999812245369,9.169999795034528,0.02283896516755197,0.6659788189493776,0.6888177841169296,1.1361057538668096,0.00621376528075129,6.0
2026-08-29 03:00:00,-0.045710497,0.531495892605766,0.8299999814480543,9.259999793022871,0.022925429265122612,0.6685000915709336,0.6914255208360562,1.1772109168373797,0.00621376528075129,6.0
2026-08-29 03:10:00,-0.045710497,0.5665322625114065,0.8299999814480543,9.259999793022871,0.022925429265122612,0.6685000915709336,0.6914255208360562,1.21224728674302,0.00621376528075129,6.0
2026-08-29 03:20:00,-0.045710497,0.5979019466763654,0.8299999814480543,9.259999793022871,0.022925429265122612,0.6685000915709336,0.6914255208360562,1.2436169709079792,0.00621376528075129,6.0
2026-08-29 03:30:00,-0.045710497,0.6254174631436752,0.8299999814480543,9.259999793022871,0.022925429265122612,0.6685000915709336,0.6914255208360562,1.2711324873752887,0.00621376528075129,6.0
2026-08-29 03:40:00,-0.045710497,0.6489098022395919,0.8299999814480543,9.259999793022871,0.022925429265122612,0.6685000915709336,0.6914255208360562,1.2946248264712055,0.00621376528075129,6.0
2026-08-29 03:50:00,-0.045710497,0.6682290773816935,0.8299999814480543,9.259999793022871,0.022925429265122612,0.6685000915709336,0.6914255208360562,1.313944101613307,0.00621376528075129,6.0
2026-08-29 04:00:00,-0.045710497,0.6832455236881037,0.8299999814480543,9.259999793022871,0.022925429265122612,0.6685000915709336,0.6914255208360562,1.3289605479197173,0.00621376528075129,6.0
2026-08-29 04:10:00,-0.045710497,0.6938508286659142,0.8299999814480543,9.259999793022871,0.022925429265122612,0.6685000915709336,0.6914255208360562,1.3395658528975278,0.00621376528075129,6.0
2026-08-29 04:20:00,-0.045710497,0.699959744169672,0.8299999814480543,9.259999793022871,0.022925429265122612,0.6685000915709336,0.6914255208360562,1.3456747684012855,0.00621376528075129,6.0
2026-08-29 04:30:00,-0.045710497,0.701511899348275,0.8299999814480543,9.259999793022871,0.022925429265122612,0.6685000915709336,0.6914255208360562,1.3472269235798886,0.00621376528075129,6.0
2026-08-29 04:40:00,-0.045710497,0.6984737129132239,0.8299999814480543,9.259999793022871,0.022925429265122612,0.6685000915709336,0.6914255208360562,1.3441887371448376,0.00621376528075129,6.0
2026-08-29 04:50:00,-0.045710497,0.6908402912535406,0.8299999814480543,9.259999793022871,0.022925429265122612,0.6685000915709336,0.6914255208360562,1.3365553154851542,0.00621376528075129,6.0
2026-08-29 05:00:00,-0.045710497,0.6786371972301306,0.8299999814480543,9.259999793022871,0.022925429265122612,0.6685000915709336,0.6914255208360562,1.3243522214617443,0.00621376528075129,6.0
2026-08-29 05:10:00,-0.045710497,0.6619219822264866,0.8299999814480543,9.259999793022871,0.022925429265122612,0.6685000915709336,0.6914255208360562,1.3076370064581002,0.00621376528075129,6.0
2026-08-29 05:20:00,-0.045710497,0.6407853897723318,0.8299999814480543,9.259999793022871,0.022925429265122612,0.6685000915709336,0.6914255208360562,1.2865004140039455,0.00621376528075129,6.0
2026-08-29 05:30:00,-0.045710497,0.615352160472698,0.8299999814480543,9.259999793022871,0.022925429265122612,0.6685000915709336,0.6914255208360562,1.2610671847043116,0.00621376528075129,6.0
2026-08-29 05:40:00,-0.045710497,0.5857813923232368,0.8299999814480543,9.259999793022871,0.022925429265122612,0.6685000915709336,0.6914255208360562,1.2314964165548505,0.00621376528075129,6.0
2026-08-29 05:50:00,-0.045710497,0.5522664350782873,0.8299999814480543,9.259999793022871,0.022925429265122612,0.6685000915709336,0.6914255208360562,1.197981459309901,0.00621376528075129,6.0
2026-08-29 06:00:00,-0.045710497,0.5150343193656992,0.8199999816715717,9.249999793246388,0.022762297876124146,0.6637432188763194,0.6865055167524435,1.1558293395137,0.00621376528075129,6.0
2026-08-29 06:10:00,-0.045710497,0.47434473881505207,0.8199999816715717,9.249999793246388,0.022762297876124146,0.6637432188763194,0.6865055167524435,1.115139758963053,0.00621376528075129,6.0
2026-08-29 06:20:00,-0.045710497,0.43048861511759823,0.8199999816715717,9.249999793246388,0.022762297876124146,0.6637432188763194,0.6865055167524435,1.0712836352655992,0.00621376528075129,6.0
2026-08-29 06:30:00,-0.045710497,0.38378628122097735,0.8199999816715717,9.249999793246388,0.022762297876124146,0.6637432188763194,0.6865055167524435,1.0245813013689782,0.00621376528075129,6.0
2026-08-29 06:40:00,-0.045710497,0.3345853172131982,0.8199999816715717,9.249999793246388,0.022762297876124146,0.6637432188763194,0.6865055167524435,0.9753803373611991,0.00621376528075129,6.0
2026-08-29 06:50:00,-0.045710497,0.2832580681269255,0.8199999816715717,9.249999793246388,0.022762297876124146,0.6637432188763194,0.6865055167524435,0.9240530882749265,0.00621376528075129,6.0
2026-08-29 07:00:00,-0.045710497,0.23019886466377032,0.8199999816715717,9.249999793246388,0.022762297876124146,0.6637432188763194,0.6865055167524435,0.8709938848117713,0.00621376528075129,6.0
2026-08-29 07:10:00,-0.045710497,0.17582095898084724,0.8199999816715717,9.249999793246388,0.022762297876124146,0.6637432188763194,0.6865055167524435,0.8166159791288482,0.00621376528075129,6.0
2026-08-29 07:20:00,-0.045710497,0.12055318046486652,0.8199999816715717,9.249999793246388,0.022762297876124146,0.6637432188763194,0.6865055167524435,0.7613482006128675,0.00621376528075129,6.0
2026-08-29 07:30:00,-0.045710497,0.0648363127585534,0.8199999816715717,9.249999793246388,0.022762297876124146,0.6637432188763194,0.6865055167524435,0.7056313329065543,0.00621376528075129,6.0
2026-08-29 07:40:00,-0.045710497,0.009119194837572895,0.8199999816715717,9.249999793246388,0.022762297876124146,0.6637432188763194,0.6865055167524435,0.6499142149855739,0.00621376528075129,6.0
2026-08-29 07:50:00,-0.045710497,-0.04614544370506282,0.8199999816715717,9.249999793246388,0.022762297876124146,0.6637432188763194,0.6865055167524435,0.5946495764429381,0.00621376528075129,6.0
2026-08-29 08:00:00,-0.045710497,-0.10050538993179359,0.8199999816715717,9.249999793246388,0.022762297876124146,0.6637432188763194,0.6865055167524435,0.5402896302162074,0.00621376528075129,6.0
2026-08-29 08:10:00,-0.045710497,-0.15351355629795854,0.8199999816715717,9.249999793246388,0.022762297876124146,0.6637432188763194,0.6865055167524435,0.4872814638500424,0.00621376528075129,6.0
2026-08-29 08:20:00,-0.045710497,-0.20473272889145022,0.8199999816715717,9.249999793246388,0.022762297876124146,0.6637432188763194,0.6865055167524435,0.4360622912565507,0.00621376528075129,6.0
2026-08-29 08:30:00,-0.045710497,-0.25374037171569147,0.8199999816715717,9.249999793246388,0.022762297876124146,0.6637432188763194,0.6865055167524435,0.38705464843230947,0.00621376528075129,6.0
2026-08-29 08:40:00,-0.045710497,-0.3001333841026417,0.8199999816715717,9.249999793246388,0.022762297876124146,0.6637432188763194,0.6865055167524435,0.34066163604535926,0.00621376528075129,6.0
2026-08-29 08:50:00,-0.045710497,-0.34353269342178744,0.8199999816715717,9.249999793246388,0.022762297876124146,0.6637432188763194,0.6865055167524435,0.2972623267262135,0.00621376528075129,6.0
2026-08-29 09:00:00,-0.045710497,-0.3835875574332641,0.8199999816715717,10.239999771118164,0.025198478946109326,0.7347816823020012,0.7599801612481105,0.3306821072104038,0.00621376528075129,6.0
2026-08-29 09:10:00,-0.045710497,-0.41997945133193965,0.8199999816715717,10.239999771118164,0.025198478946109326,0.7347816823020012,0.7599801612481105,0.2942902133117283,0.00621376528075129,6.0
2026-08-29 09:20:00,-0.045710497,-0.4524254247526948,0.8199999816715717,10.239999771118164,0.025198478946109326,0.7347816823020012,0.7599801612481105,0.2618442398909731,0.00621376528075129,6.0
2026-08-29 09:30:00,-0.045710497,-0.4806808335131731,0.8199999816715717,10.239999771118164,0.025198478946109326,0.7347816823020012,0.7599801612481105,0.23358883113049478,0.00621376528075129,6.0
2026-08-29 09:40:00,-0.045710497,-0.5045413784803041,0.8199999816715717,10.239999771118164,0.025198478946109326,0.7347816823020012,0.7599801612481105,0.2097282861633638,0.00621376528075129,6.0
2026-08-29 09:50:00,-0.045710497,-0.5238444174962704,0.8199999816715717,10.239999771118164,0.025198478946109326,0.7347816823020012,0.7599801612481105,0.1904252471473975,0.00621376528075129,6.0
2026-08-29 10:00:00,-0.045710497,-0.538469553087284,0.8199999816715717,10.239999771118164,0.025198478946109326,0.7347816823020012,0.7599801612481105,0.17580011155638398,0.00621376528075129,6.0
2026-08-29 10:10:00,-0.045710497,-0.5483385352426307,0.8199999816715717,10.239999771118164,0.025198478946109326,0.7347816823020012,0.7599801612481105,0.16593112940103727,0.00621376528075129,6.0
2026-08-29 10:20:00,-0.045710497,-0.5534145516865341,0.8199999816715717,10.239999771118164,0.025198478946109326,0.7347816823020012,0.7599801612481105,0.16085511295713384,0.00621376528075129,6.0
2026-08-29 10:30:00,-0.045710497,-0.5537010045770855,0.8199999816715717,10.239999771118164,0.025198478946109326,0.7347816823020012,0.7599801612481105,0.16056866006658244,0.00621376528075129,6.0
2026-08-29 10:40:00,-0.045710497,-0.5492398900184473,0.8199999816715717,10.239999771118164,0.025198478946109326,0.7347816823020012,0.7599801612481105,0.16502977462522062,0.00621376528075129,6.0
2026-08-29 10:50:00,-0.045710497,-0.5401099035674709,0.8199999816715717,10.239999771118164,0.025198478946109326,0.7347816823020012,0.7599801612481105,0.17415976107619702,0.00621376528075129,6.0
2026-08-29 11:00:00,-0.045710497,-0.526424390537129,0.8199999816715717,10.239999771118164,0.025198478946109326,0.7347816823020012,0.7599801612481105,0.18784527410653895,0.00621376528075129,6.0
2026-08-29 11:10:00,-0.045710497,-0.508329244993181,0.8199999816715717,10.239999771118164,0.025198478946109326,0.7347816823020012,0.7599801612481105,0.20594041965048693,0.00621376528075129,6.0
2026-08-29 11:20:00,-0.045710497,-0.48600083766001495,0.8199999816715717,10.239999771118164,0.025198478946109326,0.7347816823020012,0.7599801612481105,0.22826882698365303,0.00621376528075129,6.0
2026-08-29 11:30:00,-0.045710497,-0.4596440231608178,0.8199999816715717,10.239999771118164,0.025198478946109326,0.7347816823020012,0.7599801612481105,0.25462564148285005,0.00621376528075129,6.0
2026-08-29 11:40:00,-0.045710497,-0.4294902443632214,0.8199999816715717,10.239999771118164,0.025198478946109326,0.7347816823020012,0.7599801612481105,0.2847794202804465,0.00621376528075129,6.0
2026-08-29 11:50:00,-0.045710497,-0.39579571983967093,0.8199999816715717,10.239999771118164,0.025198478946109326,0.7347816823020012,0.7599801612481105,0.318473944803997,0.00621376528075129,6.0
2026-08-29 12:00:00,-0.045710497,-0.3588396728805919,0.7999999821186066,14.549999674782157,0.03536514395838139,1.0312392278980849,1.0666043718564662,0.6620542023714318,0.00621376528075129,6.0
2026-08-29 12:10:00,-0.045710497,-0.31892254036396567,0.7999999821186066,14.549999674782157,0.03536514395838139,1.0312392278980849,1.0666043718564662,0.7019713348880579,0.00621376528075129,6.0
2026-08-29 12:20:00,-0.045710497,-0.2763640892101807,0.7999999821186066,14.549999674782157,0.03536514395838139,1.0312392278980849,1.0666043718564662,0.744529786041843,0.00621376528075129,6.0
2026-08-29 12:30:00,-0.045710497,-0.23150136827733359,0.7999999821186066,14.549999674782157,0.03536514395838139,1.0312392278980849,1.0666043718564662,0.78939250697469,0.00621376528075129,6.0
2026-08-29 12:40:00,-0.045710497,-0.18468643453859224,0.7999999821186066,14.549999674782157,0.03536514395838139,1.0312392278980849,1.0666043718564662,0.8362074407134313,0.00621376528075129,6.0
2026-08-29 12:50:00,-0.045710497,-0.13628381283849714,0.7999999821186066,14.549999674782157,0.03536514395838139,1.0312392278980849,1.0666043718564662,0.8846100624135265,0.00621376528075129,6.0
2026-08-29 13:00:00,-0.045710497,-0.08666767635460276,0.7999999821186066,14.549999674782157,0.03536514395838139,1.0312392278980849,1.0666043718564662,0.9342261988974208,0.00621376528075129,6.0
2026-08-29 13:10:00,-0.045710497,-0.03621876680344592,0.7999999821186066,14.549999674782157,0.03536514395838139,1.0312392278980849,1.0666043718564662,0.9846751084485776,0.00621376528075129,6.0
2026-08-29 13:20:00,-0.045710497,0.014678893886664626,0.7999999821186066,14.549999674782157,0.03536514395838139,1.0312392278980849,1.0666043718564662,1.0355727691386882,0.00621376528075129,6.0
2026-08-29 13:30:00,-0.045710497,0.06564141932451324,0.7999999821186066,14.549999674782157,0.03536514395838139,1.0312392278980849,1.0666043718564662,1.0865352945765367,0.00621376528075129,6.0
2026-08-29 13:40:00,-0.045710497,0.11628849768875364,0.7999999821186066,14.549999674782157,0.03536514395838139,1.0312392278980849,1.0666043718564662,1.1371823729407773,0.00621376528075129,6.0
2026-08-29 13:50:00,-0.045710497,0.16624673619344268,0.7999999821186066,14.549999674782157,0.03536514395838139,1.0312392278980849,1.0666043718564662,1.1871406114454663,0.00621376528075129,6.0
2026-08-29 14:00:00,-0.045710497,0.21515279056282002,0.7999999821186066,14.549999674782157,0.03536514395838139,1.0312392278980849,1.0666043718564662,1.2360466658148437,0.00621376528075129,6.0
2026-08-29 14:10:00,-0.045710497,0.26265616801304137,0.7999999821186066,14.549999674782157,0.03536514395838139,1.0312392278980849,1.0666043718564662,1.2835500432650648,0.00621376528075129,6.0
2026-08-29 14:20:00,-0.045710497,0.30842161246374666,0.7999999821186066,14.549999674782157,0.03536514395838139,1.0312392278980849,1.0666043718564662,1.3293154877157702,0.00621376528075129,6.0
2026-08-29 14:30:00,-0.045710497,0.352131009987279,0.7999999821186066,14.549999674782157,0.03536514395838139,1.0312392278980849,1.0666043718564662,1.3730248852393026,0.00621376528075129,6.0
2026-08-29 14:40:00,-0.045710497,0.3934847885092166,0.7999999821186066,14.549999674782157,0.03536514395838139,1.0312392278980849,1.0666043718564662,1.41437866376124,0.00621376528075129,6.0
2026-08-29 14:50:00,-0.045710497,0.43220282462080356,0.7999999821186066,14.549999674782157,0.03536514395838139,1.0312392278980849,1.0666043718564662,1.4530966998728272,0.00621376528075129,6.0
2026-08-29 15:00:00,-0.045710497,0.46802490860137647,0.8399999812245369,14.569999674335122,0.03628830125313329,1.0581582761278552,1.0944465773809884,1.5167609893779224,0.00621376528075129,6.0
2026-08-29 15:10:00,-0.045710497,0.5007108523083402,0.8399999812245369,14.569999674335122,0.03628830125313329,1.0581582761278552,1.0944465773809884,1.549446933084886,0.00621376528075129,6.0
2026-08-29 15:20:00,-0.045710497,0.5300403504049898,0.8399999812245369,14.569999674335122,0.03628830125313329,1.0581582761278552,1.0944465773809884,1.5787764311815355,0.00621376528075129,6.0
2026-08-29 15:30:00,-0.045710497,0.5558127208386658,0.8399999812245369,14.569999674335122,0.03628830125313329,1.0581582761278552,1.0944465773809884,1.6045488016152116,0.00621376528075129,6.0
2026-08-29 15:40:00,-0.045710497,0.5778466540964331,0.8399999812245369,14.569999674335122,0.03628830125313329,1.0581582761278552,1.0944465773809884,1.6265827348729789,0.00621376528075129,6.0
2026-08-29 15:50:00,-0.045710497,0.5959800923783733,0.8399999812245369,14.569999674335122,0.03628830125313329,1.0581582761278552,1.0944465773809884,1.6447161731549191,0.00621376528075129,6.0
2026-08-29 16:00:00,-0.045710497,0.610070340206835,0.8399999812245369,14.569999674335122,0.03628830125313329,1.0581582761278552,1.0944465773809884,1.6588064209833808,0.00621376528075129,6.0
2026-08-29 16:10:00,-0.045710497,0.6199944793422607,0.8399999812245369,14.569999674335122,0.03628830125313329,1.0581582761278552,1.0944465773809884,1.6687305601188065,0.00621376528075129,6.0
2026-08-29 16:20:00,-0.045710497,0.6256501259033306,0.8399999812245369,14.569999674335122,0.03628830125313329,1.0581582761278552,1.0944465773809884,1.6743862066798765,0.00621376528075129,6.0
2026-08-29 16:30:00,-0.045710497,0.6269565298606427,0.8399999812245369,14.569999674335122,0.03628830125313329,1.0581582761278552,1.0944465773809884,1.6756926106371886,0.00621376528075129,6.0
2026-08-29 16:40:00,-0.045710497,0.6238559800839826,0.8399999812245369,14.569999674335122,0.03628830125313329,1.0581582761278552,1.0944465773809884,1.6725920608605285,0.00621376528075129,6.0
2026-08-29 16:50:00,-0.045710497,0.6163154453499684,0.8399999812245369,14.569999674335122,0.03628830125313329,1.0581582761278552,1.0944465773809884,1.6650515261265142,0.00621376528075129,6.0
2026-08-29 17:00:00,-0.045710497,0.604328355980392,0.8399999812245369,14.569999674335122,0.03628830125313329,1.0581582761278552,1.0944465773809884,1.6530644367569378,0.00621376528075129,6.0
2026-08-29 17:10:00,-0.045710497,0.5879164141352766,0.8399999812245369,14.569999674335122,0.03628830125313329,1.0581582761278552,1.0944465773809884,1.6366524949118224,0.00621376528075129,6.0
2026-08-29 17:20:00,-0.045710497,0.5671313142301275,0.8399999812245369,14.569999674335122,0.03628830125313329,1.0581582761278552,1.0944465773809884,1.6158673950066733,0.00621376528075129,6.0
2026-08-29 17:30:00,-0.045710497,0.5420562584771367,0.8399999812245369,14.569999674335122,0.03628830125313329,1.0581582761278552,1.0944465773809884,1.5907923392536825,0.00621376528075129,6.0
2026-08-29 17:40:00,-0.045710497,0.5128071650188997,0.8399999812245369,14.569999674335122,0.03628830125313329,1.0581582761278552,1.0944465773809884,1.5615432457954455,0.00621376528075129,6.0
2026-08-29 17:50:00,-0.045710497,0.47953348567608983,0.8399999812245369,14.569999674335122,0.03628830125313329,1.0581582761278552,1.0944465773809884,1.5282695664526356,0.00621376528075129,6.0
2026-08-29 18:00:00,-0.045710497,0.44241857435891235,0.909999979659915,15.479999653995037,0.040129070090804825,1.170154186433113,1.2102832565239179,1.6069913342783877,0.00621376528075129,6.0
2026-08-29 18:10:00,-0.045710497,0.4016795728872776,0.909999979659915,15.479999653995037,0.040129070090804825,1.170154186433113,1.2102832565239179,1.5662523328067528,0.00621376528075129,6.0
2026-08-29 18:20:00,-0.045710497,0.35756680558291953,0.909999979659915,15.479999653995037,0.040129070090804825,1.170154186433113,1.2102832565239179,1.5221395655023948,0.00621376528075129,6.0
2026-08-29 18:30:00,-0.045710497,0.3103626949875774,0.909999979659915,15.479999653995037,0.040129070090804825,1.170154186433113,1.2102832565239179,1.4749354549070528,0.00621376528075129,6.0
2026-08-29 18:40:00,-0.045710497,0.26038022686239276,0.909999979659915,15.479999653995037,0.040129070090804825,1.170154186433113,1.2102832565239179,1.424952986781868,0.00621376528075129,6.0
2026-08-29 18:50:00,-0.045710497,0.20796100197439718,0.909999979659915,15.479999653995037,0.040129070090804825,1.170154186433113,1.2102832565239179,1.3725337618938724,0.00621376528075129,6.0
2026-08-29 19:00:00,-0.045710497,0.15347291533822238,0.909999979659915,15.479999653995037,0.040129070090804825,1.170154186433113,1.2102832565239179,1.3180456752576977,0.00621376528075129,6.0
2026-08-29 19:10:00,-0.045710497,0.09730750100992981,0.909999979659915,15.479999653995037,0.040129070090804825,1.170154186433113,1.2102832565239179,1.261880260929405,0.00621376528075129,6.0
2026-08-29 19:20:00,-0.045710497,0.039876974112782876,0.909999979659915,15.479999653995037,0.040129070090804825,1.170154186433113,1.2102832565239179,1.2044497340322582,0.00621376528075129,6.0
2026-08-29 19:30:00,-0.045710497,-0.018389006806887664,0.909999979659915,15.479999653995037,0.040129070090804825,1.170154186433113,1.2102832565239179,1.1461837531125876,0.00621376528075129,6.0
2026-08-29 19:40:00,-0.045710497,-0.07704684216125444,0.909999979659915,15.479999653995037,0.040129070090804825,1.170154186433113,1.2102832565239179,1.0875259177582208,0.00621376528075129,6.0
2026-08-29 19:50:00,-0.045710497,-0.135642749268853,0.909999979659915,15.479999653995037,0.040129070090804825,1.170154186433113,1.2102832565239179,1.0289300106506223,0.00621376528075129,6.0
2026-08-29 20:00:00,-0.045710497,-0.1937167682997841,0.909999979659915,15.479999653995037,0.040129070090804825,1.170154186433113,1.2102832565239179,0.9708559916196912,0.00621376528075129,6.0
2026-08-29 20:10:00,-0.045710497,-0.2508070046677021,0.909999979659915,15.479999653995037,0.040129070090804825,1.170154186433113,1.2102832565239179,0.9137657552517732,0.00621376528075129,6.0
2026-08-29 20:20:00,-0.045710497,-0.3064540868277041,0.909999979659915,15.479999653995037,0.040129070090804825,1.170154186433113,1.2102832565239179,0.8581186730917711,0.00621376528075129,6.0
2026-08-29 20:30:00,-0.045710497,-0.3602058034855212,0.909999979659915,15.479999653995037,0.040129070090804825,1.170154186433113,1.2102832565239179,0.8043669564339541,0.00621376528075129,6.0
2026-08-29 20:40:00,-0.045710497,-0.41162186561594893,0.909999979659915,15.479999653995037,0.040129070090804825,1.170154186433113,1.2102832565239179,0.7529508943035264,0.00621376528075129,6.0
2026-08-29 20:50:00,-0.045710497,-0.4602787181063138,0.909999979659915,15.479999653995037,0.040129070090804825,1.170154186433113,1.2102832565239179,0.7042940418131615,0.00621376528075129,6.0
2026-08-29 21:00:00,-0.045710497,-0.5057743060335773,0.9299999792128801,15.21999965980649,0.03988628335314304,1.1630745826236426,1.2029608659767856,0.6514760633387657,0.00621376528075129,6.0
2026-08-29 21:10:00,-0.045710497,-0.5477326841112746,0.9299999792128801,15.21999965980649,0.03988628335314304,1.1630745826236426,1.2029608659767856,0.6095176852610684,0.00621376528075129,6.0
2026-08-29 21:20:00,-0.045710497,-0.5858083471693266,0.9299999792128801,15.21999965980649,0.03988628335314304,1.1630745826236426,1.2029608659767856,0.5714420222030164,0.00621376528075129,6.0
2026-08-29 21:30:00,-0.045710497,-0.6196901568163165,0.9299999792128801,15.21999965980649,0.03988628335314304,1.1630745826236426,1.2029608659767856,0.5375602125560266,0.00621376528075129,6.0
2026-08-29 21:40:00,-0.045710497,-0.6491047457005178,0.9299999792128801,15.21999965980649,0.03988628335314304,1.1630745826236426,1.2029608659767856,0.5081456236718253,0.00621376528075129,6.0
2026-08-29 21:50:00,-0.045710497,-0.6738192966701005,0.9299999792128801,15.21999965980649,0.03988628335314304,1.1630745826236426,1.2029608659767856,0.4834310727022425,0.00621376528075129,6.0
2026-08-29 22:00:00,-0.045710497,-0.6936436186189155,0.9299999792128801,15.21999965980649,0.03988628335314304,1.1630745826236426,1.2029608659767856,0.4636067507534275,0.00621376528075129,6.0
2026-08-29 22:10:00,-0.045710497,-0.7084314725226171,0.9299999792128801,15.21999965980649,0.03988628335314304,1.1630745826236426,1.2029608659767856,0.448818896849726,0.00621376528075129,6.0
2026-08-29 22:20:00,-0.045710497,-0.7180811373376618,0.9299999792128801,15.21999965980649,0.03988628335314304,1.1630745826236426,1.2029608659767856,0.4391692320346813,0.00621376528075129,6.0
2026-08-29 22:30:00,-0.045710497,-0.7225352431661142,0.9299999792128801,15.21999965980649,0.03988628335314304,1.1630745826236426,1.2029608659767856,0.4347151262062289,0.00621376528075129,6.0
2026-08-29 22:40:00,-0.045710497,-0.7217799348353829,0.9299999792128801,15.21999965980649,0.03988628335314304,1.1630745826236426,1.2029608659767856,0.4354704345369601,0.00621376528075129,6.0
2026-08-29 22:50:00,-0.045710497,-0.7158434596145711,0.9299999792128801,15.21999965980649,0.03988628335314304,1.1630745826236426,1.2029608659767856,0.44140690975777197,0.00621376528075129,6.0
2026-08-29 23:00:00,-0.045710497,-0.704794295301285,0.9299999792128801,15.21999965980649,0.03988628335314304,1.1630745826236426,1.2029608659767856,0.45245607407105803,0.00621376528075129,6.0
2026-08-29 23:10:00,-0.045710497,-0.6887389472715654,0.9299999792128801,15.21999965980649,0.03988628335314304,1.1630745826236426,1.2029608659767856,0.4685114221007777,0.00621376528075129,6.0
2026-08-29 23:20:00,-0.045710497,-0.6678195442184841,0.9299999792128801,15.21999965980649,0.03988628335314304,1.1630745826236426,1.2029608659767856,0.48943082515385894,0.00621376528075129,6.0
2026-08-29 23:30:00,-0.045710497,-0.6422113522763376,0.9299999792128801,15.21999965980649,0.03988628335314304,1.1630745826236426,1.2029608659767856,0.5150390170960054,0.00621376528075129,6.0
2026-08-29 23:40:00,-0.045710497,-0.6121203071751503,0.9299999792128801,15.21999965980649,0.03988628335314304,1.1630745826236426,1.2029608659767856,0.5451300621971927,0.00621376528075129,6.0
2026-08-29 23:50:00,-0.045710497,-0.57778063631448,0.9299999792128801,15.21999965980649,0.03988628335314304,1.1630745826236426,1.2029608659767856,0.5794697330578631,0.00621376528075129,6.0
2026-08-30 00:00:00,-0.05916841,-0.5394526101140849,0.909999979659915,14.94999966584146,0.038755141980460726,1.1300907679053647,1.1688459098858255,0.5702248902155902,0.00621376528075129,6.0
2026-08-30 00:10:00,-0.05916841,-0.4974204283072375,0.909999979659915,14.94999966584146,0.038755141980460726,1.1300907679053647,1.1688459098858255,0.6122570720224376,0.00621376528075129,6.0
2026-08-30 00:20:00,-0.05916841,-0.4519902155973459,0.909999979659915,14.94999966584146,0.038755141980460726,1.1300907679053647,1.1688459098858255,0.6576872847323292,0.00621376528075129,6.0
2026-08-30 00:30:00,-0.05916841,-0.40348807558956135,0.909999979659915,14.94999966584146,0.038755141980460726,1.1300907679053647,1.1688459098858255,0.7061894247401137,0.00621376528075129,6.0
2026-08-30 00:40:00,-0.05916841,-0.35225813505665693,0.909999979659915,14.94999966584146,0.038755141980460726,1.1300907679053647,1.1688459098858255,0.7574193652730181,0.00621376528075129,6.0
2026-08-30 00:50:00,-0.05916841,-0.29866050386726045,0.909999979659915,14.94999966584146,0.038755141980460726,1.1300907679053647,1.1688459098858255,0.8110169964624145,0.00621376528075129,6.0
2026-08-30 01:00:00,-0.05916841,-0.24306908041195407,0.909999979659915,14.94999966584146,0.038755141980460726,1.1300907679053647,1.1688459098858255,0.866608419917721,0.00621376528075129,6.0
2026-08-30 01:10:00,-0.05916841,-0.18586914696755247,0.909999979659915,14.94999966584146,0.038755141980460726,1.1300907679053647,1.1688459098858255,0.9238083533621226,0.00621376528075129,6.0
2026-08-30 01:20:00,-0.05916841,-0.12745472307572356,0.909999979659915,14.94999966584146,0.038755141980460726,1.1300907679053647,1.1688459098858255,0.9822227772539515,0.00621376528075129,6.0
2026-08-30 01:30:00,-0.05916841,-0.06822567443694681,0.909999979659915,14.94999966584146,0.038755141980460726,1.1300907679053647,1.1688459098858255,1.0414518258927283,0.00621376528075129,6.0
2026-08-30 01:40:00,-0.05916841,-0.008584607068451816,0.909999979659915,14.94999966584146,0.038755141980460726,1.1300907679053647,1.1688459098858255,1.1010928932612232,0.00621376528075129,6.0
2026-08-30 01:50:00,-0.05916841,0.05106639232323436,0.909999979659915,14.94999966584146,0.038755141980460726,1.1300907679053647,1.1688459098858255,1.1607438926529094,0.00621376528075129,6.0
2026-08-30 02:00:00,-0.05916841,0.11032908227367311,0.909999979659915,14.94999966584146,0.038755141980460726,1.1300907679053647,1.1688459098858255,1.2200065826033482,0.00621376528075129,6.0
2026-08-30 02:10:00,-0.05916841,0.16881235242841897,0.909999979659915,14.94999966584146,0.038755141980460726,1.1300907679053647,1.1688459098858255,1.278489852758094,0.00621376528075129,6.0
2026-08-30 02:20:00,-0.05916841,0.22613535428279938,0.909999979659915,14.94999966584146,0.038755141980460726,1.1300907679053647,1.1688459098858255,1.3358128546124743,0.00621376528075129,6.0
2026-08-30 02:30:00,-0.05916841,0.2819303642630009,0.909999979659915,14.94999966584146,0.038755141980460726,1.1300907679053647,1.1688459098858255,1.391607864592676,0.00621376528075129,6.0
2026-08-30 02:40:00,-0.05916841,0.33584528066931824,0.909999979659915,14.94999966584146,0.038755141980460726,1.1300907679053647,1.1688459098858255,1.4455227809989932,0.00621376528075129,6.0
2026-08-30 02:50:00,-0.05916841,0.3875456801221084,0.909999979659915,14.94999966584146,0.038755141980460726,1.1300907679053647,1.1688459098858255,1.4972231804517835,0.00621376528075129,6.0
2026-08-30 03:00:00,-0.05916841,0.43671639137782214,0.8799999803304672,14.759999670088291,0.03762661390304721,1.0971831562586312,1.1348097701616784,1.51235775198335,0.00621376528075129,6.0
2026-08-30 03:10:00,-0.05916841,0.48306258132572355,0.8799999803304672,14.759999670088291,0.03762661390304721,1.0971831562586312,1.1348097701616784,1.5587039419312516,0.00621376528075129,6.0
2026-08-30 03:20:00,-0.05916841,0.5263103861215496,0.8799999803304672,14.759999670088291,0.03762661390304721,1.0971831562586312,1.1348097701616784,1.6019517467270776,0.00621376528075129,6.0
2026-08-30 03:30:00,-0.05916841,0.5662071559658476,0.8799999803304672,14.759999670088291,0.03762661390304721,1.0971831562586312,1.1348097701616784,1.6418485165713754,0.00621376528075129,6.0
2026-08-30 03:40:00,-0.05916841,0.6025214112768077,0.8799999803304672,14.759999670088291,0.03762661390304721,1.0971831562586312,1.1348097701616784,1.6781627718823358,0.00621376528075129,6.0
2026-08-30 03:50:00,-0.05916841,0.6350426282891868,0.8799999803304672,14.759999670088291,0.03762661390304721,1.0971831562586312,1.1348097701616784,1.7106839888947147,0.00621376528075129,6.0
2026-08-30 04:00:00,-0.05916841,0.6635809810539983,0.8799999803304672,14.759999670088291,0.03762661390304721,1.0971831562586312,1.1348097701616784,1.7392223416595263,0.00621376528075129,6.0
2026-08-30 04:10:00,-0.05916841,0.6879671640166539,0.8799999803304672,14.759999670088291,0.03762661390304721,1.0971831562586312,1.1348097701616784,1.7636085246221818,0.00621376528075129,6.0
2026-08-30 04:20:00,-0.05916841,0.7080524046034059,0.8799999803304672,14.759999670088291,0.03762661390304721,1.0971831562586312,1.1348097701616784,1.783693765208934,0.00621376528075129,6.0
2026-08-30 04:30:00,-0.05916841,0.7237087505833742,0.8799999803304672,14.759999670088291,0.03762661390304721,1.0971831562586312,1.1348097701616784,1.799350111188902,0.00621376528075129,6.0
2026-08-30 04:40:00,-0.05916841,0.7348296844307197,0.8799999803304672,14.759999670088291,0.03762661390304721,1.0971831562586312,1.1348097701616784,1.8104710450362478,0.00621376528075129,6.0
2026-08-30 04:50:00,-0.05916841,0.7413310799688287,0.8799999803304672,14.759999670088291,0.03762661390304721,1.0971831562586312,1.1348097701616784,1.8169724405743568,0.00621376528075129,6.0
2026-08-30 05:00:00,-0.05916841,0.743152478683985,0.8799999803304672,14.759999670088291,0.03762661390304721,1.0971831562586312,1.1348097701616784,1.8187938392895129,0.00621376528075129,6.0
2026-08-30 05:10:00,-0.05916841,0.7402586278149818,0.8799999803304672,14.759999670088291,0.03762661390304721,1.0971831562586312,1.1348097701616784,1.8158999884205098,0.00621376528075129,6.0
2026-08-30 05:20:00,-0.05916841,0.7326411928679287,0.8799999803304672,14.759999670088291,0.03762661390304721,1.0971831562586312,1.1348097701616784,1.8082825534734566,0.00621376528075129,6.0
2026-08-30 05:30:00,-0.05916841,0.7203205360671691,0.8799999803304672,14.759999670088291,0.03762661390304721,1.0971831562586312,1.1348097701616784,1.7959618966726971,0.00621376528075129,6.0
2026-08-30 05:40:00,-0.05916841,0.7033474409101789,0.8799999803304672,14.759999670088291,0.03762661390304721,1.0971831562586312,1.1348097701616784,1.7789888015157067,0.00621376528075129,6.0
2026-08-30 05:50:00,-0.05916841,0.681804662109382,0.8799999803304672,14.759999670088291,0.03762661390304721,1.0971831562586312,1.1348097701616784,1.7574460227149098,0.00621376528075129,6.0
2026-08-30 06:00:00,-0.05916841,0.6558081889705533,0.8699999805539846,14.55999967455864,0.036905274908016136,1.076149081884043,1.113054356792059,1.709694136206462,0.00621376528075129,6.0
2026-08-30 06:10:00,-0.05916841,0.6255081273733477,0.8699999805539846,14.55999967455864,0.036905274908016136,1.076149081884043,1.113054356792059,1.6793940746092564,0.00621376528075129,6.0
2026-08-30 06:20:00,-0.05916841,0.5910891285423017,0.8699999805539846,14.55999967455864,0.036905274908016136,1.076149081884043,1.113054356792059,1.6449750757782102,0.00621376528075129,6.0
2026-08-30 06:30:00,-0.05916841,0.5527703189831638,0.8699999805539846,14.55999967455864,0.036905274908016136,1.076149081884043,1.113054356792059,1.6066562662190722,0.00621376528075129,6.0
2026-08-30 06:40:00,-0.05916841,0.5108047125752561,0.8699999805539846,14.55999967455864,0.036905274908016136,1.076149081884043,1.113054356792059,1.5646906598111645,0.00621376528075129,6.0
2026-08-30 06:50:00,-0.05916841,0.4654781098708201,0.8699999805539846,14.55999967455864,0.036905274908016136,1.076149081884043,1.113054356792059,1.5193640571067286,0.00621376528075129,6.0
2026-08-30 07:00:00,-0.05916841,0.41710750945946695,0.8699999805539846,14.55999967455864,0.036905274908016136,1.076149081884043,1.113054356792059,1.4709934566953755,0.00621376528075129,6.0
2026-08-30 07:10:00,-0.05916841,0.3660390696779165,0.8699999805539846,14.55999967455864,0.036905274908016136,1.076149081884043,1.113054356792059,1.419925016913825,0.00621376528075129,6.0
2026-08-30 07:20:00,-0.05916841,0.3126456663062005,0.8699999805539846,14.55999967455864,0.036905274908016136,1.076149081884043,1.113054356792059,1.366531613542109,0.00621376528075129,6.0
2026-08-30 07:30:00,-0.05916841,0.2573240925061004,0.8699999805539846,14.55999967455864,0.036905274908016136,1.076149081884043,1.113054356792059,1.311210039742009,0.00621376528075129,6.0
2026-08-30 07:40:00,-0.05916841,0.20049194327081693,0.8699999805539846,14.55999967455864,0.036905274908016136,1.076149081884043,1.113054356792059,1.2543778905067255,0.00621376528075129,6.0
2026-08-30 07:50:00,-0.05916841,0.1425842190850293,0.8699999805539846,14.55999967455864,0.036905274908016136,1.076149081884043,1.113054356792059,1.1964701663209378,0.00621376528075129,6.0
2026-08-30 08:00:00,-0.05916841,0.0840496749045266,0.8699999805539846,14.55999967455864,0.036905274908016136,1.076149081884043,1.113054356792059,1.137935622140435,0.00621376528075129,6.0
2026-08-30 08:10:00,-0.05916841,0.02534693323974673,0.8699999805539846,14.55999967455864,0.036905274908016136,1.076149081884043,1.113054356792059,1.0792328804756552,0.00621376528075129,6.0
2026-08-30 08:20:00,-0.05916841,-0.03305962428900994,0.8699999805539846,14.55999967455864,0.036905274908016136,1.076149081884043,1.113054356792059,1.0208263229468986,0.00621376528075129,6.0
2026-08-30 08:30:00,-0.05916841,-0.09070417187011665,0.8699999805539846,14.55999967455864,0.036905274908016136,1.076149081884043,1.113054356792059,0.9631817753657919,0.00621376528075129,6.0
2026-08-30 08:40:00,-0.05916841,-0.14712394019586142,0.8699999805539846,14.55999967455864,0.036905274908016136,1.076149081884043,1.113054356792059,0.9067620070400472,0.00621376528075129,6.0
2026-08-30 08:50:00,-0.05916841,-0.2018638705252951,0.8699999805539846,14.55999967455864,0.036905274908016136,1.076149081884043,1.113054356792059,0.8520220767106135,0.00621376528075129,6.0
2026-08-30 09:00:00,-0.05916841,-0.25448137405537624,0.8499999810010195,14.069999685510993,0.035250964463204824,1.0279097808417903,1.0631607453049952,0.7495109616934685,0.00621376528075129,6.0
2026-08-30 09:10:00,-0.05916841,-0.3045511295924761,0.8499999810010195,14.069999685510993,0.035250964463204824,1.0279097808417903,1.0631607453049952,0.6994412061563686,0.00621376528075129,6.0
2026-08-30 09:20:00,-0.05916841,-0.35166983320879786,0.8499999810010195,14.069999685510993,0.035250964463204824,1.0279097808417903,1.0631607453049952,0.6523225025400469,0.00621376528075129,6.0
2026-08-30 09:30:00,-0.05916841,-0.39546079627324504,0.8499999810010195,14.069999685510993,0.035250964463204824,1.0279097808417903,1.0631607453049952,0.6085315394755997,0.00621376528075129,6.0
2026-08-30 09:40:00,-0.05916841,-0.43557827540948657,0.8499999810010195,14.069999685510993,0.035250964463204824,1.0279097808417903,1.0631607453049952,0.5684140603393582,0.00621376528075129,6.0
2026-08-30 09:50:00,-0.05916841,-0.47171141218495766,0.8499999810010195,14.069999685510993,0.035250964463204824,1.0279097808417903,1.0631607453049952,0.532280923563887,0.00621376528075129,6.0
2026-08-30 10:00:00,-0.05916841,-0.5035876628388279,0.8499999810010195,14.069999685510993,0.035250964463204824,1.0279097808417903,1.0631607453049952,0.5004046729100168,0.00621376528075129,6.0
2026-08-30 10:10:00,-0.05916841,-0.5309756105100085,0.8499999810010195,14.069999685510993,0.035250964463204824,1.0279097808417903,1.0631607453049952,0.4730167252388362,0.00621376528075129,6.0
2026-08-30 10:20:00,-0.05916841,-0.5536870733940823,0.8499999810010195,14.069999685510993,0.035250964463204824,1.0279097808417903,1.0631607453049952,0.4503052623547624,0.00621376528075129,6.0
2026-08-30 10:30:00,-0.05916841,-0.5715784514529403,0.8499999810010195,14.069999685510993,0.035250964463204824,1.0279097808417903,1.0631607453049952,0.43241388429590444,0.00621376528075129,6.0
2026-08-30 10:40:00,-0.05916841,-0.5845512891340026,0.8499999810010195,14.069999685510993,0.035250964463204824,1.0279097808417903,1.0631607453049952,0.41944104661484216,0.00621376528075129,6.0
2026-08-30 10:50:00,-0.05916841,-0.5925520694462835,0.8499999810010195,14.069999685510993,0.035250964463204824,1.0279097808417903,1.0631607453049952,0.41144026630256125,0.00621376528075129,6.0
2026-08-30 11:00:00,-0.05916841,-0.595571292292551,0.8499999810010195,14.069999685510993,0.035250964463204824,1.0279097808417903,1.0631607453049952,0.4084210434562937,0.00621376528075129,6.0
2026-08-30 11:10:00,-0.05916841,-0.5936419237721456,0.8499999810010195,14.069999685510993,0.035250964463204824,1.0279097808417903,1.0631607453049952,0.4103504119766991,0.00621376528075129,6.0
2026-08-30 11:20:00,-0.05916841,-0.5868373301546145,0.8499999810010195,14.069999685510993,0.035250964463204824,1.0279097808417903,1.0631607453049952,0.41715500559423024,0.00621376528075129,6.0
2026-08-30 11:30:00,-0.05916841,-0.5752688278647359,0.8499999810010195,14.069999685510993,0.035250964463204824,1.0279097808417903,1.0631607453049952,0.42872350788410885,0.00621376528075129,6.0
2026-08-30 11:40:00,-0.05916841,-0.5590829874041071,0.8499999810010195,14.069999685510993,0.035250964463204824,1.0279097808417903,1.0631607453049952,0.4449093483447376,0.00621376528075129,6.0
2026-08-30 11:50:00,-0.05916841,-0.5384588243127884,0.8499999810010195,14.069999685510993,0.035250964463204824,1.0279097808417903,1.0631607453049952,0.46553351143605637,0.00621376528075129,6.0
2026-08-30 12:00:00,-0.05916841,-0.5136049943695437,0.8399999812245369,13.689999694004655,0.034096557594742255,0.9942475497728439,1.028344107367586,0.455570703441892,0.00621376528075129,6.0
2026-08-30 12:10:00,-0.05916841,-0.4847570853415622,0.8399999812245369,13.689999694004655,0.034096557594742255,0.9942475497728439,1.028344107367586,0.4844186124698735,0.00621376528075129,6.0
2026-08-30 12:20:00,-0.05916841,-0.45217506604003604,0.8399999812245369,13.689999694004655,0.034096557594742255,0.9942475497728439,1.028344107367586,0.5170006317713995,0.00621376528075129,6.0
2026-08-30 12:30:00,-0.05916841,-0.4161409187939234,0.8399999812245369,13.689999694004655,0.034096557594742255,0.9942475497728439,1.028344107367586,0.5530347790175123,0.00621376528075129,6.0
2026-08-30 12:40:00,-0.05916841,-0.3769564473505729,0.8399999812245369,13.689999694004655,0.034096557594742255,0.9942475497728439,1.028344107367586,0.5922192504608628,0.00621376528075129,6.0
2026-08-30 12:50:00,-0.05916841,-0.33494122203219634,0.8399999812245369,13.689999694004655,0.034096557594742255,0.9942475497728439,1.028344107367586,0.6342344757792393,0.00621376528075129,6.0
2026-08-30 13:00:00,-0.05916841,-0.2904306012623762,0.8399999812245369,13.689999694004655,0.034096557594742255,0.9942475497728439,1.028344107367586,0.6787450965490595,0.00621376528075129,6.0
2026-08-30 13:10:00,-0.05916841,-0.24377375512788935,0.8399999812245369,13.689999694004655,0.034096557594742255,0.9942475497728439,1.028344107367586,0.7254019426835463,0.00621376528075129,6.0
2026-08-30 13:20:00,-0.05916841,-0.19533161434539956,0.8399999812245369,13.689999694004655,0.034096557594742255,0.9942475497728439,1.028344107367586,0.7738440834660361,0.00621376528075129,6.0
2026-08-30 13:30:00,-0.05916841,-0.14547467637295328,0.8399999812245369,13.689999694004655,0.034096557594742255,0.9942475497728439,1.028344107367586,0.8237010214384823,0.00621376528075129,6.0
2026-08-30 13:40:00,-0.05916841,-0.09458061896243612,0.8399999812245369,13.689999694004655,0.034096557594742255,0.9942475497728439,1.028344107367586,0.8745950788489996,0.00621376528075129,6.0
2026-08-30 13:50:00,-0.05916841,-0.043031697423541106,0.8399999812245369,13.689999694004655,0.034096557594742255,0.9942475497728439,1.028344107367586,0.9261440003878946,0.00621376528075129,6.0
2026-08-30 14:00:00,-0.05916841,0.008788067340355915,0.8399999812245369,13.689999694004655,0.034096557594742255,0.9942475497728439,1.028344107367586,0.9779637651517915,0.00621376528075129,6.0
2026-08-30 14:10:00,-0.05916841,0.06049587100940044,0.8399999812245369,13.689999694004655,0.034096557594742255,0.9942475497728439,1.028344107367586,1.029671568820836,0.00621376528075129,6.0
2026-08-30 14:20:00,-0.05916841,0.11171321008659316,0.8399999812245369,13.689999694004655,0.034096557594742255,0.9942475497728439,1.028344107367586,1.0808889078980288,0.00621376528075129,6.0
2026-08-30 14:30:00,-0.05916841,0.1620689764984906,0.8399999812245369,13.689999694004655,0.034096557594742255,0.9942475497728439,1.028344107367586,1.1312446743099263,0.00621376528075129,6.0
2026-08-30 14:40:00,-0.05916841,0.21120245668494664,0.8399999812245369,13.689999694004655,0.034096557594742255,0.9942475497728439,1.028344107367586,1.1803781544963823,0.00621376528075129,6.0
2026-08-30 14:50:00,-0.05916841,0.25876612509419294,0.8399999812245369,13.689999694004655,0.034096557594742255,0.9942475497728439,1.028344107367586,1.2279418229056285,0.00621376528075129,6.0
2026-08-30 15:00:00,-0.05916841,0.3044281298867991,0.909999979659915,13.519999697804451,0.035048128399721004,1.0219951292361558,1.0570432576358768,1.3023029779665256,0.00621376528075129,6.0
2026-08-30 15:10:00,-0.05916841,0.3478743866931634,0.909999979659915,13.519999697804451,0.035048128399721004,1.0219951292361558,1.0570432576358768,1.3457492347728897,0.00621376528075129,6.0
2026-08-30 15:20:00,-0.05916841,0.38881022404423105,0.909999979659915,13.519999697804451,0.035048128399721004,1.0219951292361558,1.0570432576358768,1.3866850721239574,0.00621376528075129,6.0
2026-08-30 15:30:00,-0.05916841,0.42696155792617374,0.909999979659915,13.519999697804451,0.035048128399721004,1.0219951292361558,1.0570432576358768,1.4248364060059,0.00621376528075129,6.0
2026-08-30 15:40:00,-0.05916841,0.4620756100473996,0.909999979659915,13.519999697804451,0.035048128399721004,1.0219951292361558,1.0570432576358768,1.459950458127126,0.00621376528075129,6.0
2026-08-30 15:50:00,-0.05916841,0.49392122082340245,0.909999979659915,13.519999697804451,0.035048128399721004,1.0219951292361558,1.0570432576358768,1.4917960689031289,0.00621376528075129,6.0
2026-08-30 16:00:00,-0.05916841,0.5222888399740481,0.909999979659915,13.519999697804451,0.035048128399721004,1.0219951292361558,1.0570432576358768,1.5201636880537746,0.00621376528075129,6.0
2026-08-30 16:10:00,-0.05916841,0.5469903021620691,0.909999979659915,13.519999697804451,0.035048128399721004,1.0219951292361558,1.0570432576358768,1.5448651502417956,0.00621376528075129,6.0
2026-08-30 16:20:00,-0.05916841,0.5678585091170826,0.909999979659915,13.519999697804451,0.035048128399721004,1.0219951292361558,1.0570432576358768,1.5657333571968088,0.00621376528075129,6.0
2026-08-30 16:30:00,-0.05916841,0.5847471425245525,0.909999979659915,13.519999697804451,0.035048128399721004,1.0219951292361558,1.0570432576358768,1.5826219906042789,0.00621376528075129,6.0
2026-08-30 16:40:00,-0.05916841,0.5975305225167331,0.909999979659915,13.519999697804451,0.035048128399721004,1.0219951292361558,1.0570432576358768,1.5954053705964595,0.00621376528075129,6.0
2026-08-30 16:50:00,-0.05916841,0.6061037065552755,0.909999979659915,13.519999697804451,0.035048128399721004,1.0219951292361558,1.0570432576358768,1.6039785546350018,0.00621376528075129,6.0
2026-08-30 17:00:00,-0.05916841,0.6103828942593954,0.909999979659915,13.519999697804451,0.035048128399721004,1.0219951292361558,1.0570432576358768,1.6082577423391218,0.00621376528075129,6.0
2026-08-30 17:10:00,-0.05916841,0.6103061685718687,0.909999979659915,13.519999697804451,0.035048128399721004,1.0219951292361558,1.0570432576358768,1.608181016651595,0.00621376528075129,6.0
2026-08-30 17:20:00,-0.05916841,0.6058345657975903,0.909999979659915,13.519999697804451,0.035048128399721004,1.0219951292361558,1.0570432576358768,1.6037094138773167,0.00621376528075129,6.0
2026-08-30 17:30:00,-0.05916841,0.5969534301292013,0.909999979659915,13.519999697804451,0.035048128399721004,1.0219951292361558,1.0570432576358768,1.5948282782089276,0.00621376528075129,6.0
2026-08-30 17:40:00,-0.05916841,0.5836739758170194,0.909999979659915,13.519999697804451,0.035048128399721004,1.0219951292361558,1.0570432576358768,1.5815488238967457,0.00621376528075129,6.0
2026-08-30 17:50:00,-0.05916841,0.5660349548609761,0.909999979659915,13.519999697804451,0.035048128399721004,1.0219951292361558,1.0570432576358768,1.5639098029407026,0.00621376528075129,6.0
2026-08-30 18:00:00,-0.05916841,0.5441043121906055,0.9699999783188105,13.39999970048666,0.035863949056165155,1.0457842664964152,1.0816482155525804,1.5665841181870355,0.00621376528075129,6.0
2026-08-30 18:10:00,-0.05916841,0.5179807047308838,0.9699999783188105,13.39999970048666,0.035863949056165155,1.0457842664964152,1.0816482155525804,1.5404605107273137,0.00621376528075129,6.0
2026-08-30 18:20:00,-0.05916841,0.48779476547045447,0.9699999783188105,13.39999970048666,0.035863949056165155,1.0457842664964152,1.0816482155525804,1.5102745714668844,0.00621376528075129,6.0
2026-08-30 18:30:00,-0.05916841,0.4537100076408153,0.9699999783188105,13.39999970048666,0.035863949056165155,1.0457842664964152,1.0816482155525804,1.4761898136372453,0.00621376528075129,6.0
2026-08-30 18:40:00,-0.05916841,0.4159232853320648,0.9699999783188105,13.39999970048666,0.035863949056165155,1.0457842664964152,1.0816482155525804,1.4384030913284946,0.00621376528075129,6.0
2026-08-30 18:50:00,-0.05916841,0.3746647527872479,0.9699999783188105,13.39999970048666,0.035863949056165155,1.0457842664964152,1.0816482155525804,1.397144558783678,0.00621376528075129,6.0
2026-08-30 19:00:00,-0.05916841,0.33019729242439616,0.9699999783188105,13.39999970048666,0.035863949056165155,1.0457842664964152,1.0816482155525804,1.352677098420826,0.00621376528075129,6.0
2026-08-30 19:10:00,-0.05916841,0.28281540815707185,0.9699999783188105,13.39999970048666,0.035863949056165155,1.0457842664964152,1.0816482155525804,1.3052952141535017,0.00621376528075129,6.0
2026-08-30 19:20:00,-0.05916841,0.23284360389704137,0.9699999783188105,13.39999970048666,0.035863949056165155,1.0457842664964152,1.0816482155525804,1.2553234098934714,0.00621376528075129,6.0
2026-08-30 19:30:00,-0.05916841,0.18063428456065278,0.9699999783188105,13.39999970048666,0.035863949056165155,1.0457842664964152,1.0816482155525804,1.2031140905570827,0.00621376528075129,6.0
2026-08-30 19:40:00,-0.05916841,0.1265652282781179,0.9699999783188105,13.39999970048666,0.035863949056165155,1.0457842664964152,1.0816482155525804,1.1490450342745477,0.00621376528075129,6.0
2026-08-30 19:50:00,-0.05916841,0.0710366828241789,0.9699999783188105,13.39999970048666,0.035863949056165155,1.0457842664964152,1.0816482155525804,1.0935164888206088,0.00621376528075129,6.0
2026-08-30 20:00:00,-0.05916841,0.014468137984362493,0.9699999783188105,13.39999970048666,0.035863949056165155,1.0457842664964152,1.0816482155525804,1.0369479439807925,0.00621376528075129,6.0
2026-08-30 20:10:00,-0.05916841,-0.0427051804371751,0.9699999783188105,13.39999970048666,0.035863949056165155,1.0457842664964152,1.0816482155525804,0.9797746255592549,0.00621376528075129,6.0
2026-08-30 20:20:00,-0.05916841,-0.10003605759062163,0.9699999783188105,13.39999970048666,0.035863949056165155,1.0457842664964152,1.0816482155525804,0.9224437484058083,0.00621376528075129,6.0
2026-08-30 20:30:00,-0.05916841,-0.1570692486904938,0.9699999783188105,13.39999970048666,0.035863949056165155,1.0457842664964152,1.0816482155525804,0.8654105573059362,0.00621376528075129,6.0
2026-08-30 20:40:00,-0.05916841,-0.21334562821823214,0.9699999783188105,13.39999970048666,0.035863949056165155,1.0457842664964152,1.0816482155525804,0.8091341777781978,0.00621376528075129,6.0
2026-08-30 20:50:00,-0.05916841,-0.2684065096978877,0.9699999783188105,13.39999970048666,0.035863949056165155,1.0457842664964152,1.0816482155525804,0.7540732962985423,0.00621376528075129,6.0
2026-08-30 21:00:00,-0.05916841,-0.3217981146657753,0.9399999789893627,13.389999700710177,0.03527864915008685,1.0287170597590887,1.0639957089091756,0.6830291846872498,0.00621376528075129,6.0
2026-08-30 21:10:00,-0.05916841,-0.37307616148723677,0.9399999789893627,13.389999700710177,0.03527864915008685,1.0287170597590887,1.0639957089091756,0.6317511378657884,0.00621376528075129,6.0
2026-08-30 21:20:00,-0.05916841,-0.4218105323264405,0.9399999789893627,13.389999700710177,0.03527864915008685,1.0287170597590887,1.0639957089091756,0.5830167670265847,0.00621376528075129,6.0
2026-08-30 21:30:00,-0.05916841,-0.4675899599785224,0.9399999789893627,13.389999700710177,0.03527864915008685,1.0287170597590887,1.0639957089091756,0.5372373393745028,0.00621376528075129,6.0
2026-08-30 21:40:00,-0.05916841,-0.5100266582765965,0.9399999789893627,13.389999700710177,0.03527864915008685,1.0287170597590887,1.0639957089091756,0.4948006410764286,0.00621376528075129,6.0
2026-08-30 21:50:00,-0.05916841,-0.5487608023194018,0.9399999789893627,13.389999700710177,0.03527864915008685,1.0287170597590887,1.0639957089091756,0.45606649703362334,0.00621376528075129,6.0
2026-08-30 22:00:00,-0.05916841,-0.5834647504014295,0.9399999789893627,13.389999700710177,0.03527864915008685,1.0287170597590887,1.0639957089091756,0.42136254895159564,0.00621376528075129,6.0
2026-08-30 22:10:00,-0.05916841,-0.6138468912594995,0.9399999789893627,13.389999700710177,0.03527864915008685,1.0287170597590887,1.0639957089091756,0.39098040809352563,0.00621376528075129,6.0
2026-08-30 22:20:00,-0.05916841,-0.6396549991354162,0.9399999789893627,13.389999700710177,0.03527864915008685,1.0287170597590887,1.0639957089091756,0.36517230021760894,0.00621376528075129,6.0
2026-08-30 22:30:00,-0.05916841,-0.660678987500075,0.9399999789893627,13.389999700710177,0.03527864915008685,1.0287170597590887,1.0639957089091756,0.34414831185295014,0.00621376528075129,6.0
2026-08-30 22:40:00,-0.05916841,-0.6767529693764489,0.9399999789893627,13.389999700710177,0.03527864915008685,1.0287170597590887,1.0639957089091756,0.32807432997657626,0.00621376528075129,6.0
2026-08-30 22:50:00,-0.05916841,-0.6877565582198519,0.9399999789893627,13.389999700710177,0.03527864915008685,1.0287170597590887,1.0639957089091756,0.31707074113317324,0.00621376528075129,6.0
2026-08-30 23:00:00,-0.05916841,-0.6936153759177751,0.9399999789893627,13.389999700710177,0.03527864915008685,1.0287170597590887,1.0639957089091756,0.31121192343525006,0.00621376528075129,6.0
2026-08-30 23:10:00,-0.05916841,-0.6943007716022409,0.9399999789893627,13.389999700710177,0.03527864915008685,1.0287170597590887,1.0639957089091756,0.31052652775078426,0.00621376528075129,6.0
2026-08-30 23:20:00,-0.05916841,-0.6898287932165034,0.9399999789893627,13.389999700710177,0.03527864915008685,1.0287170597590887,1.0639957089091756,0.3149985061365218,0.00621376528075129,6.0
2026-08-30 23:30:00,-0.05916841,-0.6802584899129601,0.9399999789893627,13.389999700710177,0.03527864915008685,1.0287170597590887,1.0639957089091756,0.32456880944006505,0.00621376528075129,6.0
2026-08-30 23:40:00,-0.05916841,-0.6656896540393149,0.9399999789893627,13.389999700710177,0.03527864915008685,1.0287170597590887,1.0639957089091756,0.33913764531371027,0.00621376528075129,6.0
2026-08-30 23:50:00,-0.05916841,-0.6462601337501362,0.9399999789893627,13.389999700710177,0.03527864915008685,1.0287170597590887,1.0639957089091756,0.3585671656028889,0.00621376528075129,6.0
2026-08-31 00:00:00,-0.05914869,-0.6221428591752471,0.8999999798834324,13.389999700710177,0.034519879830006914,1.0065915259647735,1.0411114057947803,0.3598198550249325,0.00621376528075129,6.0
2026-08-31 00:10:00,-0.05914869,-0.5935427253677535,0.8999999798834324,13.389999700710177,0.034519879830006914,1.0065915259647735,1.0411114057947803,0.3884199888324261,0.00621376528075129,6.0
2026-08-31 00:20:00,-0.05914869,-0.5606934640361455,0.8999999798834324,13.389999700710177,0.034519879830006914,1.0065915259647735,1.0411114057947803,0.42126925016403416,0.00621376528075129,6.0
2026-08-31 00:30:00,-0.05914869,-0.5238546145223777,0.8999999798834324,13.389999700710177,0.034519879830006914,1.0065915259647735,1.0411114057947803,0.45810809967780197,0.00621376528075129,6.0
2026-08-31 00:40:00,-0.05914869,-0.48330867481770023,0.8999999798834324,13.389999700710177,0.034519879830006914,1.0065915259647735,1.0411114057947803,0.49865403938247943,0.00621376528075129,6.0
2026-08-31 00:50:00,-0.05914869,-0.4393584787360981,0.8999999798834324,13.389999700710177,0.034519879830006914,1.0065915259647735,1.0411114057947803,0.5426042354640815,0.00621376528075129,6.0
2026-08-31 01:00:00,-0.05914869,-0.39232480925952423,0.8999999798834324,13.389999700710177,0.034519879830006914,1.0065915259647735,1.0411114057947803,0.5896379049406555,0.00621376528075129,6.0
2026-08-31 01:10:00,-0.05914869,-0.3425442240844288,0.8999999798834324,13.389999700710177,0.034519879830006914,1.0065915259647735,1.0411114057947803,0.6394184901157509,0.00621376528075129,6.0
2026-08-31 01:20:00,-0.05914869,-0.2903670413729043,0.8999999798834324,13.389999700710177,0.034519879830006914,1.0065915259647735,1.0411114057947803,0.6915956728272754,0.00621376528075129,6.0
2026-08-31 01:30:00,-0.05914869,-0.23615541386162245,0.8999999798834324,13.389999700710177,0.034519879830006914,1.0065915259647735,1.0411114057947803,0.7458073003385572,0.00621376528075129,6.0
2026-08-31 01:40:00,-0.05914869,-0.18028141045069482,0.8999999798834324,13.389999700710177,0.034519879830006914,1.0065915259647735,1.0411114057947803,0.8016813037494849,0.00621376528075129,6.0
2026-08-31 01:50:00,-0.05914869,-0.12312502620009694,0.8999999798834324,13.389999700710177,0.034519879830006914,1.0065915259647735,1.0411114057947803,0.8588376880000828,0.00621376528075129,6.0
2026-08-31 02:00:00,-0.05914869,-0.06507205450979199,0.8999999798834324,13.389999700710177,0.034519879830006914,1.0065915259647735,1.0411114057947803,0.9168906596903876,0.00621376528075129,6.0
2026-08-31 02:10:00,-0.05914869,-0.006511777026808285,0.8999999798834324,13.389999700710177,0.034519879830006914,1.0065915259647735,1.0411114057947803,0.9754509371733714,0.00621376528075129,6.0
2026-08-31 02:20:00,-0.05914869,0.052165544729791506,0.8999999798834324,13.389999700710177,0.034519879830006914,1.0065915259647735,1.0411114057947803,1.0341282589299712,0.00621376528075129,6.0
2026-08-31 02:30:00,-0.05914869,0.11057136043194075,0.8999999798834324,13.389999700710177,0.034519879830006914,1.0065915259647735,1.0411114057947803,1.0925340746321204,0.00621376528075129,6.0
2026-08-31 02:40:00,-0.05914869,0.16832165798907878,0.8999999798834324,13.389999700710177,0.034519879830006914,1.0065915259647735,1.0411114057947803,1.1502843721892584,0.00621376528075129,6.0
2026-08-31 02:50:00,-0.05914869,0.22503985269731705,0.8999999798834324,13.389999700710177,0.034519879830006914,1.0065915259647735,1.0411114057947803,1.2070025668974966,0.00621376528075129,6.0
2026-08-31 03:00:00,-0.05914869,0.2803596449077093,0.8799999803304672,13.429999699816108,0.034236139886038214,0.9983177363518575,1.0325538762378956,1.2537648295510042,0.00621376528075129,6.0
2026-08-31 03:10:00,-0.05914869,0.33392774227900546,0.8799999803304672,13.429999699816108,0.034236139886038214,0.9983177363518575,1.0325538762378956,1.3073329269223004,0.00621376528075129,6.0
2026-08-31 03:20:00,-0.05914869,0.38540634365866994,0.8799999803304672,13.429999699816108,0.034236139886038214,0.9983177363518575,1.0325538762378956,1.3588115283019648,0.00621376528075129,6.0
2026-08-31 03:30:00,-0.05914869,0.43447529343679064,0.8799999803304672,13.429999699816108,0.034236139886038214,0.9983177363518575,1.0325538762378956,1.4078804780800855,0.00621376528075129,6.0
2026-08-31 03:40:00,-0.05914869,0.4808338373686496,0.8799999803304672,13.429999699816108,0.034236139886038214,0.9983177363518575,1.0325538762378956,1.4542390220119445,0.00621376528075129,6.0
2026-08-31 03:50:00,-0.05914869,0.5242019407480303,0.8799999803304672,13.429999699816108,0.034236139886038214,0.9983177363518575,1.0325538762378956,1.4976071253913252,0.00621376528075129,6.0
2026-08-31 04:00:00,-0.05914869,0.5643211646620361,0.8799999803304672,13.429999699816108,0.034236139886038214,0.9983177363518575,1.0325538762378956,1.537726349305331,0.00621376528075129,6.0
2026-08-31 04:10:00,-0.05914869,0.6009551322577186,0.8799999803304672,13.429999699816108,0.034236139886038214,0.9983177363518575,1.0325538762378956,1.5743603169010134,0.00621376528075129,6.0
2026-08-31 04:20:00,-0.05914869,0.6338896505502273,0.8799999803304672,13.429999699816108,0.034236139886038214,0.9983177363518575,1.0325538762378956,1.6072948351935223,0.00621376528075129,6.0
2026-08-31 04:30:00,-0.05914869,0.6629325812050126,0.8799999803304672,13.429999699816108,0.034236139886038214,0.9983177363518575,1.0325538762378956,1.6363377658483076,0.00621376528075129,6.0
2026-08-31 04:40:00,-0.05914869,0.6879135724635853,0.8799999803304672,13.429999699816108,0.034236139886038214,0.9983177363518575,1.0325538762378956,1.6613187571068804,0.00621376528075129,6.0
2026-08-31 04:50:00,-0.05914869,0.7086837725718399,0.8799999803304672,13.429999699816108,0.034236139886038214,0.9983177363518575,1.0325538762378956,1.682088957215135,0.00621376528075129,6.0
2026-08-31 05:00:00,-0.05914869,0.7251156412835872,0.8799999803304672,13.429999699816108,0.034236139886038214,0.9983177363518575,1.0325538762378956,1.6985208259268822,0.00621376528075129,6.0
2026-08-31 05:10:00,-0.05914869,0.7371029609846561,0.8799999803304672,13.429999699816108,0.034236139886038214,0.9983177363518575,1.0325538762378956,1.710508145627951,0.00621376528075129,6.0
2026-08-31 05:20:00,-0.05914869,0.7445611238995931,0.8799999803304672,13.429999699816108,0.034236139886038214,0.9983177363518575,1.0325538762378956,1.717966308542888,0.00621376528075129,6.0
2026-08-31 05:30:00,-0.05914869,0.7474277393597306,0.8799999803304672,13.429999699816108,0.034236139886038214,0.9983177363518575,1.0325538762378956,1.7208329240030256,0.00621376528075129,6.0
2026-08-31 05:40:00,-0.05914869,0.7456635682878314,0.8799999803304672,13.429999699816108,0.034236139886038214,0.9983177363518575,1.0325538762378956,1.7190687529311264,0.00621376528075129,6.0
2026-08-31 05:50:00,-0.05914869,0.7392537545205292,0.8799999803304672,13.429999699816108,0.034236139886038214,0.9983177363518575,1.0325538762378956,1.7126589391638243,0.00621376528075129,6.0
2026-08-31 06:00:00,-0.05914869,0.7282092878610484,0.8599999807775021,13.449999699369073,0.03389525873719868,0.9883777227286138,1.0222729814658125,1.6913335777322602,0.00621376528075129,6.0
2026-08-31 06:10:00,-0.05914869,0.7125686050345067,0.8599999807775021,13.449999699369073,0.03389525873719868,0.9883777227286138,1.0222729814658125,1.6756928949057186,0.00621376528075129,6.0
2026-08-31 06:20:00,-0.05914869,0.6923992145042378,0.8599999807775021,13.449999699369073,0.03389525873719868,0.9883777227286138,1.0222729814658125,1.6555235043754495,0.00621376528075129,6.0
2026-08-31 06:30:00,-0.05914869,0.6677992209611717,0.8599999807775021,13.449999699369073,0.03389525873719868,0.9883777227286138,1.0222729814658125,1.6309235108323836,0.00621376528075129,6.0
2026-08-31 06:40:00,-0.05914869,0.6388986256986467,0.8599999807775021,13.449999699369073,0.03389525873719868,0.9883777227286138,1.0222729814658125,1.6020229155698584,0.00621376528075129,6.0
2026-08-31 06:50:00,-0.05914869,0.6058602894829244,0.8599999807775021,13.449999699369073,0.03389525873719868,0.9883777227286138,1.0222729814658125,1.5689845793541362,0.00621376528075129,6.0
2026-08-31 07:00:00,-0.05914869,0.568880463351657,0.8599999807775021,13.449999699369073,0.03389525873719868,0.9883777227286138,1.0222729814658125,1.5320047532228687,0.00621376528075129,6.0
2026-08-31 07:10:00,-0.05914869,0.5281888176567794,0.8599999807775021,13.449999699369073,0.03389525873719868,0.9883777227286138,1.0222729814658125,1.4913131075279913,0.00621376528075129,6.0
2026-08-31 07:20:00,-0.05914869,0.48404792791795964,0.8599999807775021,13.449999699369073,0.03389525873719868,0.9883777227286138,1.0222729814658125,1.4471722177891715,0.00621376528075129,6.0
2026-08-31 07:30:00,-0.05914869,0.4367522045502976,0.8599999807775021,13.449999699369073,0.03389525873719868,0.9883777227286138,1.0222729814658125,1.3998764944215094,0.00621376528075129,6.0
2026-08-31 07:40:00,-0.05914869,0.3866262797307987,0.8599999807775021,13.449999699369073,0.03389525873719868,0.9883777227286138,1.0222729814658125,1.3497505696020105,0.00621376528075129,6.0
2026-08-31 07:50:00,-0.05914869,0.33402288604570407,0.8599999807775021,13.449999699369073,0.03389525873719868,0.9883777227286138,1.0222729814658125,1.297147175916916,0.00621376528075129,6.0
2026-08-31 08:00:00,-0.05914869,0.27932027689386135,0.8599999807775021,13.449999699369073,0.03389525873719868,0.9883777227286138,1.0222729814658125,1.2424445667650732,0.00621376528075129,6.0
2026-08-31 08:10:00,-0.05914869,0.22291924691020149,0.8599999807775021,13.449999699369073,0.03389525873719868,0.9883777227286138,1.0222729814658125,1.1860435367814133,0.00621376528075129,6.0
2026-08-31 08:20:00,-0.05914869,0.16523981250581962,0.8599999807775021,13.449999699369073,0.03389525873719868,0.9883777227286138,1.0222729814658125,1.1283641023770314,0.00621376528075129,6.0
2026-08-31 08:30:00,-0.05914869,0.10671760883642822,0.8599999807775021,13.449999699369073,0.03389525873719868,0.9883777227286138,1.0222729814658125,1.0698418987076401,0.00621376528075129,6.0
2026-08-31 08:40:00,-0.05914869,0.04780005198009281,0.8599999807775021,13.449999699369073,0.03389525873719868,0.9883777227286138,1.0222729814658125,1.0109243418513045,0.00621376528075129,6.0
2026-08-31 08:50:00,-0.05914869,-0.011057693933920112,0.8599999807775021,13.449999699369073,0.03389525873719868,0.9883777227286138,1.0222729814658125,0.9520665959372917,0.00621376528075129,6.0
2026-08-31 09:00:00,-0.05914869,-0.06939691353782738,0.8399999812245369,13.419999700039625,0.03342409079046319,0.97463857691392,1.0080626677043831,0.879517062571955,0.00621376528075129,6.0
2026-08-31 09:10:00,-0.05914869,-0.12675967537571542,0.8399999812245369,13.419999700039625,0.03342409079046319,0.97463857691392,1.0080626677043831,0.822154300734067,0.00621376528075129,6.0
2026-08-31 09:20:00,-0.05914869,-0.18269328143916558,0.8399999812245369,13.419999700039625,0.03342409079046319,0.97463857691392,1.0080626677043831,0.7662206946706169,0.00621376528075129,6.0
2026-08-31 09:30:00,-0.05914869,-0.23675480319796186,0.8399999812245369,13.419999700039625,0.03342409079046319,0.97463857691392,1.0080626677043831,0.7121591729118206,0.00621376528075129,6.0
2026-08-31 09:40:00,-0.05914869,-0.28851566738381546,0.8399999812245369,13.419999700039625,0.03342409079046319,0.97463857691392,1.0080626677043831,0.660398308725967,0.00621376528075129,6.0
2026-08-31 09:50:00,-0.05914869,-0.3375662413014696,0.8399999812245369,13.419999700039625,0.03342409079046319,0.97463857691392,1.0080626677043831,0.6113477348083128,0.00621376528075129,6.0
2026-08-31 10:00:00,-0.05914869,-0.3835203512399352,0.8399999812245369,13.419999700039625,0.03342409079046319,0.97463857691392,1.0080626677043831,0.5653936248698472,0.00621376528075129,6.0
2026-08-31 10:10:00,-0.05914869,-0.42601965074202985,0.8399999812245369,13.419999700039625,0.03342409079046319,0.97463857691392,1.0080626677043831,0.5228943253677526,0.00621376528075129,6.0
2026-08-31 10:20:00,-0.05914869,-0.46473774042059135,0.8399999812245369,13.419999700039625,0.03342409079046319,0.97463857691392,1.0080626677043831,0.4841762356891911,0.00621376528075129,6.0
2026-08-31 10:30:00,-0.05914869,-0.49938393051597446,0.8399999812245369,13.419999700039625,0.03342409079046319,0.97463857691392,1.0080626677043831,0.44953004559380805,0.00621376528075129,6.0
2026-08-31 10:40:00,-0.05914869,-0.529706533346366,0.8399999812245369,13.419999700039625,0.03342409079046319,0.97463857691392,1.0080626677043831,0.4192074427634165,0.00621376528075129,6.0
2026-08-31 10:50:00,-0.05914869,-0.5554955771768336,0.8399999812245369,13.419999700039625,0.03342409079046319,0.97463857691392,1.0080626677043831,0.39341839893294883,0.00621376528075129,6.0
2026-08-31 11:00:00,-0.05914869,-0.5765848462928975,0.8399999812245369,13.419999700039625,0.03342409079046319,0.97463857691392,1.0080626677043831,0.37232912981688493,0.00621376528075129,6.0
2026-08-31 11:10:00,-0.05914869,-0.5928531743390825,0.8399999812245369,13.419999700039625,0.03342409079046319,0.97463857691392,1.0080626677043831,0.3560608017707,0.00621376528075129,6.0
2026-08-31 11:20:00,-0.05914869,-0.6042249477715058,0.8399999812245369,13.419999700039625,0.03342409079046319,0.97463857691392,1.0080626677043831,0.34468902833827664,0.00621376528075129,6.0
2026-08-31 11:30:00,-0.05914869,-0.6106698117311872,0.8399999812245369,13.419999700039625,0.03342409079046319,0.97463857691392,1.0080626677043831,0.3382441643785953,0.00621376528075129,6.0
2026-08-31 11:40:00,-0.05914869,-0.6122016087467528,0.8399999812245369,13.419999700039625,0.03342409079046319,0.97463857691392,1.0080626677043831,0.3367123673630297,0.00621376528075129,6.0
2026-08-31 11:50:00,-0.05914869,-0.6088766181971259,0.8399999812245369,13.419999700039625,0.03342409079046319,0.97463857691392,1.0080626677043831,0.34003735791265655,0.00621376528075129,6.0
2026-08-31 12:00:00,-0.05914869,-0.6007911980277784,0.8199999816715717,13.339999701827765,0.032826924720810384,0.9572253556551461,0.9900522803759565,0.33011239075357746,0.00621376528075129,6.0
2026-08-31 12:10:00,-0.05914869,-0.5880789566464867,0.8199999816715717,13.339999701827765,0.032826924720810384,0.9572253556551461,0.9900522803759565,0.34282463213486913,0.00621376528075129,6.0
2026-08-31 12:20:00,-0.05914869,-0.5709075997204763,0.8199999816715717,13.339999701827765,0.032826924720810384,0.9572253556551461,0.9900522803759565,0.3599959890608795,0.00621376528075129,6.0
2026-08-31 12:30:00,-0.05914869,-0.5494756021301973,0.8199999816715717,13.339999701827765,0.032826924720810384,0.9572253556551461,0.9900522803759565,0.3814279866511585,0.00621376528075129,6.0
2026-08-31 12:40:00,-0.05914869,-0.5240088490153303,0.8199999816715717,13.339999701827765,0.032826924720810384,0.9572253556551461,0.9900522803759565,0.4068947397660255,0.00621376528075129,6.0
2026-08-31 12:50:00,-0.05914869,-0.4947573723494837,0.8199999816715717,13.339999701827765,0.032826924720810384,0.9572253556551461,0.9900522803759565,0.4361462164318721,0.00621376528075129,6.0
2026-08-31 13:00:00,-0.05914869,-0.4619922825200201,0.8199999816715717,13.339999701827765,0.032826924720810384,0.9572253556551461,0.9900522803759565,0.4689113062613357,0.00621376528075129,6.0
2026-08-31 13:10:00,-0.05914869,-0.42600296062162424,0.8199999816715717,13.339999701827765,0.032826924720810384,0.9572253556551461,0.9900522803759565,0.5049006281597316,0.00621376528075129,6.0
2026-08-31 13:20:00,-0.05914869,-0.3870945401190886,0.8199999816715717,13.339999701827765,0.032826924720810384,0.9572253556551461,0.9900522803759565,0.5438090486622672,0.00621376528075129,6.0
2026-08-31 13:30:00,-0.05914869,-0.34558566970460197,0.8199999816715717,13.339999701827765,0.032826924720810384,0.9572253556551461,0.9900522803759565,0.5853179190767539,0.00621376528075129,6.0
2026-08-31 13:40:00,-0.05914869,-0.30180651651590107,0.8199999816715717,13.339999701827765,0.032826924720810384,0.9572253556551461,0.9900522803759565,0.6290970722654547,0.00621376528075129,6.0
2026-08-31 13:50:00,-0.05914869,-0.25609694325480115,0.8199999816715717,13.339999701827765,0.032826924720810384,0.9572253556551461,0.9900522803759565,0.6748066455265547,0.00621376528075129,6.0
2026-08-31 14:00:00,-0.05914869,-0.20880477708248318,0.8199999816715717,13.339999701827765,0.032826924720810384,0.9572253556551461,0.9900522803759565,0.7220988116988727,0.00621376528075129,6.0
2026-08-31 14:10:00,-0.05914869,-0.16028408329738167,0.8199999816715717,13.339999701827765,0.032826924720810384,0.9572253556551461,0.9900522803759565,0.7706195054839742,0.00621376528075129,6.0
2026-08-31 14:20:00,-0.05914869,-0.11089336347424394,0.8199999816715717,13.339999701827765,0.032826924720810384,0.9572253556551461,0.9900522803759565,0.8200102253071119,0.00621376528075129,6.0
2026-08-31 14:30:00,-0.05914869,-0.060993614621393376,0.8199999816715717,13.339999701827765,0.032826924720810384,0.9572253556551461,0.9900522803759565,0.8699099741599624,0.00621376528075129,6.0
2026-08-31 14:40:00,-0.05914869,-0.010946210934869775,0.8199999816715717,13.339999701827765,0.032826924720810384,0.9572253556551461,0.9900522803759565,0.919957377846486,0.00621376528075129,6.0
2026-08-31 14:50:00,-0.05914869,0.038889399866735175,0.8199999816715717,13.339999701827765,0.032826924720810384,0.9572253556551461,0.9900522803759565,0.9697929886480909,0.00621376528075129,6.0
2026-08-31 15:00:00,-0.05914869,0.08815816176700594,0.8199999816715717,13.239999704062939,0.03258084582485229,0.9500497532889156,0.9826305991137679,1.0116400692861731,0.00621376528075129,6.0
2026-08-31 15:10:00,-0.05914869,0.1365119832867467,0.8199999816715717,13.239999704062939,0.03258084582485229,0.9500497532889156,0.9826305991137679,1.0599938908059139,0.00621376528075129,6.0
2026-08-31 15:20:00,-0.05914869,0.18361233961953619,0.8199999816715717,13.239999704062939,0.03258084582485229,0.9500497532889156,0.9826305991137679,1.1070942471387035,0.00621376528075129,6.0
2026-08-31 15:30:00,-0.05914869,0.2291328094961595,0.8199999816715717,13.239999704062939,0.03258084582485229,0.9500497532889156,0.9826305991137679,1.1526147170153267,0.00621376528075129,6.0
2026-08-31 15:40:00,-0.05914869,0.27276144648894773,0.8199999816715717,13.239999704062939,0.03258084582485229,0.9500497532889156,0.9826305991137679,1.196243354008115,0.00621376528075129,6.0
2026-08-31 15:50:00,-0.05914869,0.31420288965258875,0.8199999816715717,13.239999704062939,0.03258084582485229,0.9500497532889156,0.9826305991137679,1.237684797171756,0.00621376528075129,6.0
2026-08-31 16:00:00,-0.05914869,0.353180134391861,0.8199999816715717,13.239999704062939,0.03258084582485229,0.9500497532889156,0.9826305991137679,1.2766620419110284,0.00621376528075129,6.0
2026-08-31 16:10:00,-0.05914869,0.38943590958870156,0.8199999816715717,13.239999704062939,0.03258084582485229,0.9500497532889156,0.9826305991137679,1.3129178171078688,0.00621376528075129,6.0
2026-08-31 16:20:00,-0.05914869,0.4227336386288371,0.8199999816715717,13.239999704062939,0.03258084582485229,0.9500497532889156,0.9826305991137679,1.3462155461480043,0.00621376528075129,6.0
2026-08-31 16:30:00,-0.05914869,0.45285799685740374,0.8199999816715717,13.239999704062939,0.03258084582485229,0.9500497532889156,0.9826305991137679,1.376339904376571,0.00621376528075129,6.0
2026-08-31 16:40:00,-0.05914869,0.47961511249659516,0.8199999816715717,13.239999704062939,0.03258084582485229,0.9500497532889156,0.9826305991137679,1.4030970200157624,0.00621376528075129,6.0
2026-08-31 16:50:00,-0.05914869,0.5028324883793601,0.8199999816715717,13.239999704062939,0.03258084582485229,0.9500497532889156,0.9826305991137679,1.4263143958985274,0.00621376528075129,6.0
2026-08-31 17:00:00,-0.05914869,0.5223587448997661,0.8199999816715717,13.239999704062939,0.03258084582485229,0.9500497532889156,0.9826305991137679,1.4458406524189333,0.00621376528075129,6.0
2026-08-31 17:10:00,-0.05914869,0.5380632978606935,0.8199999816715717,13.239999704062939,0.03258084582485229,0.9500497532889156,0.9826305991137679,1.4615452053798608,0.00621376528075129,6.0
2026-08-31 17:20:00,-0.05914869,0.5498360868254968,0.8199999816715717,13.239999704062939,0.03258084582485229,0.9500497532889156,0.9826305991137679,1.4733179943446642,0.00621376528075129,6.0
2026-08-31 17:30:00,-0.05914869,0.5575874600022416,0.8199999816715717,13.239999704062939,0.03258084582485229,0.9500497532889156,0.9826305991137679,1.4810693675214088,0.00621376528075129,6.0
2026-08-31 17:40:00,-0.05914869,0.561248301456523,0.8199999816715717,13.239999704062939,0.03258084582485229,0.9500497532889156,0.9826305991137679,1.4847302089756904,0.00621376528075129,6.0
2026-08-31 17:50:00,-0.05914869,0.5607704574497782,0.8199999816715717,13.239999704062939,0.03258084582485229,0.9500497532889156,0.9826305991137679,1.4842523649689454,0.00621376528075129,6.0
2026-08-31 18:00:00,-0.05914869,0.5561274839479953,0.8099999818950891,13.109999706968665,0.032063626771448625,0.9349677681027712,0.9670313948742197,1.4640101872276143,0.00621376528075129,6.0
2026-08-31 18:10:00,-0.05914869,0.5473157000686462,0.8099999818950891,13.109999706968665,0.032063626771448625,0.9349677681027712,0.9670313948742197,1.4551984033482652,0.00621376528075129,6.0
2026-08-31 18:20:00,-0.05914869,0.5343554961431354,0.8099999818950891,13.109999706968665,0.032063626771448625,0.9349677681027712,0.9670313948742197,1.4422381994227544,0.00621376528075129,6.0
2026-08-31 18:30:00,-0.05914869,0.5172928135293507,0.8099999818950891,13.109999706968665,0.032063626771448625,0.9349677681027712,0.9670313948742197,1.4251755168089697,0.00621376528075129,6.0
2026-08-31 18:40:00,-0.05914869,0.4962006891824512,0.8099999818950891,13.109999706968665,0.032063626771448625,0.9349677681027712,0.9670313948742197,1.4040833924620704,0.00621376528075129,6.0
2026-08-31 18:50:00,-0.05914869,0.4711807433426204,0.8099999818950891,13.109999706968665,0.032063626771448625,0.9349677681027712,0.9670313948742197,1.3790634466222396,0.00621376528075129,6.0
2026-08-31 19:00:00,-0.05914869,0.4423644845706683,0.8099999818950891,13.109999706968665,0.032063626771448625,0.9349677681027712,0.9670313948742197,1.3502471878502873,0.00621376528075129,6.0
2026-08-31 19:10:00,-0.05914869,0.409914312674099,0.8099999818950891,13.109999706968665,0.032063626771448625,0.9349677681027712,0.9670313948742197,1.317797015953718,0.00621376528075129,6.0
2026-08-31 19:20:00,-0.05914869,0.3740241157499662,0.8099999818950891,13.109999706968665,0.032063626771448625,0.9349677681027712,0.9670313948742197,1.2819068190295853,0.00621376528075129,6.0
2026-08-31 19:30:00,-0.05914869,0.3349193806197638,0.8099999818950891,13.109999706968665,0.032063626771448625,0.9349677681027712,0.9670313948742197,1.2428020838993827,0.00621376528075129,6.0
2026-08-31 19:40:00,-0.05914869,0.29285676371588854,0.8099999818950891,13.109999706968665,0.032063626771448625,0.9349677681027712,0.9670313948742197,1.2007394669955076,0.00621376528075129,6.0
2026-08-31 19:50:00,-0.05914869,0.24812309908984376,0.8099999818950891,13.109999706968665,0.032063626771448625,0.9349677681027712,0.9670313948742197,1.1560058023694628,0.00621376528075129,6.0
2026-08-31 20:00:00,-0.05914869,0.20103384866107316,0.8099999818950891,13.109999706968665,0.032063626771448625,0.9349677681027712,0.9670313948742197,1.1089165519406923,0.00621376528075129,6.0
2026-08-31 20:10:00,-0.05914869,0.15193102456808386,0.8099999818950891,13.109999706968665,0.032063626771448625,0.9349677681027712,0.9670313948742197,1.059813727847703,0.00621376528075129,6.0
2026-08-31 20:20:00,-0.05914869,0.10118063257076351,0.8099999818950891,13.109999706968665,0.032063626771448625,0.9349677681027712,0.9670313948742197,1.0090633358503827,0.00621376528075129,6.0
2026-08-31 20:30:00,-0.05914869,0.0491696977194242,0.8099999818950891,13.109999706968665,0.032063626771448625,0.9349677681027712,0.9670313948742197,0.9570524009990433,0.00621376528075129,6.0
2026-08-31 20:40:00,-0.05914869,-0.0036970613360519863,0.8099999818950891,13.109999706968665,0.032063626771448625,0.9349677681027712,0.9670313948742197,0.9041856419435671,0.00621376528075129,6.0
2026-08-31 20:50:00,-0.05914869,-0.05700084411081084,0.8099999818950891,13.109999706968665,0.032063626771448625,0.9349677681027712,0.9670313948742197,0.8508818591688082,0.00621376528075129,6.0
2026-08-31 21:00:00,-0.05914869,-0.1103126070372646,0.7999999821186066,12.999999709427357,0.031597723124327015,0.9213821280189075,0.9529798511432346,0.7835185525113693,0.00621376528075129,6.0
2026-08-31 21:10:00,-0.05914869,-0.16319707914249418,0.7999999821186066,12.999999709427357,0.031597723124327015,0.9213821280189075,0.9529798511432346,0.7306340804061398,0.00621376528075129,6.0
2026-08-31 21:20:00,-0.05914869,-0.2152169143577575,0.7999999821186066,12.999999709427357,0.031597723124327015,0.9213821280189075,0.9529798511432346,0.6786142451908764,0.00621376528075129,6.0
2026-08-31 21:30:00,-0.05914869,-0.26593694843169413,0.7999999821186066,12.999999709427357,0.031597723124327015,0.9213821280189075,0.9529798511432346,0.6278942111169398,0.00621376528075129,6.0
2026-08-31 21:40:00,-0.05914869,-0.31492853323813513,0.7999999821186066,12.999999709427357,0.031597723124327015,0.9213821280189075,0.9529798511432346,0.5789026263104988,0.00621376528075129,6.0
2026-08-31 21:50:00,-0.05914869,-0.36177392135323644,0.7999999821186066,12.999999709427357,0.031597723124327015,0.9213821280189075,0.9529798511432346,0.5320572381953974,0.00621376528075129,6.0
2026-08-31 22:00:00,-0.05914869,-0.4060706686886066,0.7999999821186066,12.999999709427357,0.031597723124327015,0.9213821280189075,0.9529798511432346,0.4877604908600273,0.00621376528075129,6.0
2026-08-31 22:10:00,-0.05914869,-0.4474360129443686,0.7999999821186066,12.999999709427357,0.031597723124327015,0.9213821280189075,0.9529798511432346,0.44639514660426527,0.00621376528075129,6.0
2026-08-31 22:20:00,-0.05914869,-0.48551117188247644,0.7999999821186066,12.999999709427357,0.031597723124327015,0.9213821280189075,0.9529798511432346,0.4083199876661574,0.00621376528075129,6.0
2026-08-31 22:30:00,-0.05914869,-0.5199654898788403,0.7999999821186066,12.999999709427357,0.031597723124327015,0.9213821280189075,0.9529798511432346,0.3738656696697936,0.00621376528075129,6.0
2026-08-31 22:40:00,-0.05914869,-0.5505003460496404,0.7999999821186066,12.999999709427357,0.031597723124327015,0.9213821280189075,0.9529798511432346,0.3433308134989935,0.00621376528075129,6.0
2026-08-31 22:50:00,-0.05914869,-0.5768527251583959,0.7999999821186066,12.999999709427357,0.031597723124327015,0.9213821280189075,0.9529798511432346,0.316978434390238,0.00621376528075129,6.0
2026-08-31 23:00:00,-0.05914869,-0.5987983458293246,0.7999999821186066,12.999999709427357,0.031597723124327015,0.9213821280189075,0.9529798511432346,0.29503281371930934,0.00621376528075129,6.0
2026-08-31 23:10:00,-0.05914869,-0.6161542412389702,0.7999999821186066,12.999999709427357,0.031597723124327015,0.9213821280189075,0.9529798511432346,0.2776769183096637,0.00621376528075129,6.0
2026-08-31 23:20:00,-0.05914869,-0.6287806966796267,0.7999999821186066,12.999999709427357,0.031597723124327015,0.9213821280189075,0.9529798511432346,0.26505046286900724,0.00621376528075129,6.0
2026-08-31 23:30:00,-0.05914869,-0.6365824665099221,0.7999999821186066,12.999999709427357,0.031597723124327015,0.9213821280189075,0.9529798511432346,0.2572486930387118,0.00621376528075129,6.0
2026-08-31 23:40:00,-0.05914869,-0.6395092193809452,0.7999999821186066,12.999999709427357,0.031597723124327015,0.9213821280189075,0.9529798511432346,0.2543219401676887,0.00621376528075129,6.0
2026-08-31 23:50:00,-0.05914869,-0.6375551934652713,0.7999999821186066,12.999999709427357,0.031597723124327015,0.9213821280189075,0.9529798511432346,0.25627596608336256,0.00621376528075129,6.0
2026-09-01 00:00:00,-0.08220942,-0.6307580804156996,0.7799999825656414,12.929999710991979,0.031032250310139845,0.9048930745886151,0.935925324898755,0.2229578212986606,0.00621376528075129,6.0
2026-09-01 00:10:00,-0.08220942,-0.6191971946617169,0.7799999825656414,12.929999710991979,0.031032250310139845,0.9048930745886151,0.935925324898755,0.23451870705264333,0.00621376528075129,6.0
2026-09-01 00:20:00,-0.08220942,-0.6029910201634217,0.7799999825656414,12.929999710991979,0.031032250310139845,0.9048930745886151,0.935925324898755,0.2507248815509385,0.00621376528075129,6.0
2026-09-01 00:30:00,-0.08220942,-0.5822942565398873,0.7799999825656414,12.929999710991979,0.031032250310139845,0.9048930745886151,0.935925324898755,0.27142164517447287,0.00621376528075129,6.0
2026-09-01 00:40:00,-0.08220942,-0.5572945076868722,0.7799999825656414,12.929999710991979,0.031032250310139845,0.9048930745886151,0.935925324898755,0.296421394027488,0.00621376528075129,6.0
2026-09-01 00:50:00,-0.08220942,-0.528208766534263,0.7799999825656414,12.929999710991979,0.031032250310139845,0.9048930745886151,0.935925324898755,0.3255071351800972,0.00621376528075129,6.0
2026-09-01 01:00:00,-0.08220942,-0.49527984831743255,0.7799999825656414,12.929999710991979,0.031032250310139845,0.9048930745886151,0.935925324898755,0.35843605339692763,0.00621376528075129,6.0
2026-09-01 01:10:00,-0.08220942,-0.45877291170768447,0.7799999825656414,12.929999710991979,0.031032250310139845,0.9048930745886151,0.935925324898755,0.39494299000667576,0.00621376528075129,6.0
2026-09-01 01:20:00,-0.08220942,-0.41897218357299465,0.7799999825656414,12.929999710991979,0.031032250310139845,0.9048930745886151,0.935925324898755,0.4347437181413655,0.00621376528075129,6.0
2026-09-01 01:30:00,-0.08220942,-0.3761779712459923,0.7799999825656414,12.929999710991979,0.031032250310139845,0.9048930745886151,0.935925324898755,0.4775379304683679,0.00621376528075129,6.0
2026-09-01 01:40:00,-0.08220942,-0.3307040091133239,0.7799999825656414,12.929999710991979,0.031032250310139845,0.9048930745886151,0.935925324898755,0.5230118926010363,0.00621376528075129,6.0
2026-09-01 01:50:00,-0.08220942,-0.2828751477237098,0.7799999825656414,12.929999710991979,0.031032250310139845,0.9048930745886151,0.935925324898755,0.5708407539906504,0.00621376528075129,6.0
2026-09-01 02:00:00,-0.08220942,-0.23302535714406877,0.7799999825656414,12.929999710991979,0.031032250310139845,0.9048930745886151,0.935925324898755,0.6206905445702914,0.00621376528075129,6.0
2026-09-01 02:10:00,-0.08220942,-0.18149598568414294,0.7799999825656414,12.929999710991979,0.031032250310139845,0.9048930745886151,0.935925324898755,0.6722199160302172,0.00621376528075129,6.0
2026-09-01 02:20:00,-0.08220942,-0.1286341930345177,0.7799999825656414,12.929999710991979,0.031032250310139845,0.9048930745886151,0.935925324898755,0.7250817086798425,0.00621376528075129,6.0
2026-09-01 02:30:00,-0.08220942,-0.07479146559832947,0.7799999825656414,12.929999710991979,0.031032250310139845,0.9048930745886151,0.935925324898755,0.7789244361160307,0.00621376528075129,6.0
2026-09-01 02:40:00,-0.08220942,-0.020322121914596623,0.7799999825656414,12.929999710991979,0.031032250310139845,0.9048930745886151,0.935925324898755,0.8333937797997636,0.00621376528075129,6.0
2026-09-01 02:50:00,-0.08220942,0.03441827248419023,0.7799999825656414,12.929999710991979,0.031032250310139845,0.9048930745886151,0.935925324898755,0.8881341741985505,0.00621376528075129,6.0
2026-09-01 03:00:00,-0.08220942,0.08907464051893625,0.7699999827891588,12.849999712780118,0.030641917130211985,0.8935110514427314,0.9241529685729434,0.9310181859074848,0.00621376528075129,6.0
2026-09-01 03:10:00,-0.08220942,0.1432943109407962,0.7699999827891588,12.849999712780118,0.030641917130211985,0.8935110514427314,0.9241529685729434,0.9852378563293447,0.00621376528075129,6.0
2026-09-01 03:20:00,-0.08220942,0.1967291173955621,0.7699999827891588,12.849999712780118,0.030641917130211985,0.8935110514427314,0.9241529685729434,1.0386726627841107,0.00621376528075129,6.0
2026-09-01 03:30:00,-0.08220942,0.24903764709253634,0.7699999827891588,12.849999712780118,0.030641917130211985,0.8935110514427314,0.9241529685729434,1.0909811924810848,0.00621376528075129,6.0
2026-09-01 03:40:00,-0.08220942,0.29988757842724495,0.7699999827891588,12.849999712780118,0.030641917130211985,0.8935110514427314,0.9241529685729434,1.1418311238157934,0.00621376528075129,6.0
2026-09-01 03:50:00,-0.08220942,0.3489580254948599,0.7699999827891588,12.849999712780118,0.030641917130211985,0.8935110514427314,0.9241529685729434,1.1909015708834083,0.00621376528075129,6.0
2026-09-01 04:00:00,-0.08220942,0.3959417949682797,0.7699999827891588,12.849999712780118,0.030641917130211985,0.8935110514427314,0.9241529685729434,1.2378853403568282,0.00621376528075129,6.0
2026-09-01 04:10:00,-0.08220942,0.4405474593567284,0.7699999827891588,12.849999712780118,0.030641917130211985,0.8935110514427314,0.9241529685729434,1.2824910047452769,0.00621376528075129,6.0
2026-09-01 04:20:00,-0.08220942,0.4825011599913846,0.7699999827891588,12.849999712780118,0.030641917130211985,0.8935110514427314,0.9241529685729434,1.324444705379933,0.00621376528075129,6.0
2026-09-01 04:30:00,-0.08220942,0.5215480726583136,0.7699999827891588,12.849999712780118,0.030641917130211985,0.8935110514427314,0.9241529685729434,1.3634916180468621,0.00621376528075129,6.0
2026-09-01 04:40:00,-0.08220942,0.5574534962496103,0.7699999827891588,12.849999712780118,0.030641917130211985,0.8935110514427314,0.9241529685729434,1.3993970416381587,0.00621376528075129,6.0
2026-09-01 04:50:00,-0.08220942,0.590003557375222,0.7699999827891588,12.849999712780118,0.030641917130211985,0.8935110514427314,0.9241529685729434,1.4319471027637705,0.00621376528075129,6.0
2026-09-01 05:00:00,-0.08220942,0.6190055580897722,0.7699999827891588,12.849999712780118,0.030641917130211985,0.8935110514427314,0.9241529685729434,1.4609491034783209,0.00621376528075129,6.0
2026-09-01 05:10:00,-0.08220942,0.6442880258444202,0.7699999827891588,12.849999712780118,0.030641917130211985,0.8935110514427314,0.9241529685729434,1.4862315712329688,0.00621376528075129,6.0
2026-09-01 05:20:00,-0.08220942,0.6657005513340087,0.7699999827891588,12.849999712780118,0.030641917130211985,0.8935110514427314,0.9241529685729434,1.5076440967225573,0.00621376528075129,6.0
2026-09-01 05:30:00,-0.08220942,0.6831135178035782,0.7699999827891588,12.849999712780118,0.030641917130211985,0.8935110514427314,0.9241529685729434,1.5250570631921267,0.00621376528075129,6.0
2026-09-01 05:40:00,-0.08220942,0.6964178329741313,0.7699999827891588,12.849999712780118,0.030641917130211985,0.8935110514427314,0.9241529685729434,1.53836137836268,0.00621376528075129,6.0
2026-09-01 05:50:00,-0.08220942,0.7055247707983441,0.7699999827891588,12.849999712780118,0.030641917130211985,0.8935110514427314,0.9241529685729434,1.5474683161868925,0.00621376528075129,6.0
2026-09-01 06:00:00,-0.08220942,0.7103660153493394,0.7699999827891588,12.839999713003635,0.030618071280305203,0.8928157121030872,0.9234337833833924,1.551590375548337,0.00621376528075129,6.0
2026-09-01 06:10:00,-0.08220942,0.71089397446753,0.7699999827891588,12.839999713003635,0.030618071280305203,0.8928157121030872,0.9234337833833924,1.5521183346665275,0.00621376528075129,6.0
2026-09-01 06:20:00,-0.08220942,0.7070823989282363,0.7699999827891588,12.839999713003635,0.030618071280305203,0.8928157121030872,0.9234337833833924,1.548306759127234,0.00621376528075129,6.0
2026-09-01 06:30:00,-0.08220942,0.6989273069104036,0.7699999827891588,12.839999713003635,0.030618071280305203,0.8928157121030872,0.9234337833833924,1.5401516671094013,0.00621376528075129,6.0
2026-09-01 06:40:00,-0.08220942,0.6864481769784349,0.7699999827891588,12.839999713003635,0.030618071280305203,0.8928157121030872,0.9234337833833924,1.5276725371774325,0.00621376528075129,6.0
2026-09-01 06:50:00,-0.08220942,0.6696893392002905,0.7699999827891588,12.839999713003635,0.030618071280305203,0.8928157121030872,0.9234337833833924,1.5109136993992882,0.00621376528075129,6.0
2026-09-01 07:00:00,-0.08220942,0.648721466533734,0.7699999827891588,12.839999713003635,0.030618071280305203,0.8928157121030872,0.9234337833833924,1.4899458267327317,0.00621376528075129,6.0
2026-09-01 07:10:00,-0.08220942,0.6236430497527851,0.7699999827891588,12.839999713003635,0.030618071280305203,0.8928157121030872,0.9234337833833924,1.4648674099517827,0.00621376528075129,6.0
2026-09-01 07:20:00,-0.08220942,0.5945817304814104,0.7699999827891588,12.839999713003635,0.030618071280305203,0.8928157121030872,0.9234337833833924,1.435806090680408,0.00621376528075129,6.0
2026-09-01 07:30:00,-0.08220942,0.5616953688422455,0.7699999827891588,12.839999713003635,0.030618071280305203,0.8928157121030872,0.9234337833833924,1.4029197290412432,0.00621376528075129,6.0
2026-09-01 07:40:00,-0.08220942,0.5251727342280793,0.7699999827891588,12.839999713003635,0.030618071280305203,0.8928157121030872,0.9234337833833924,1.366397094427077,0.00621376528075129,6.0
2026-09-01 07:50:00,-0.08220942,0.4852337281893956,0.7699999827891588,12.839999713003635,0.030618071280305203,0.8928157121030872,0.9234337833833924,1.3264580883883932,0.00621376528075129,6.0
2026-09-01 08:00:00,-0.08220942,0.4421290749806599,0.7699999827891588,12.839999713003635,0.030618071280305203,0.8928157121030872,0.9234337833833924,1.2833534351796576,0.00621376528075129,6.0
2026-09-01 08:10:00,-0.08220942,0.3961394452202292,0.7699999827891588,12.839999713003635,0.030618071280305203,0.8928157121030872,0.9234337833833924,1.2373638054192269,0.00621376528075129,6.0
2026-09-01 08:20:00,-0.08220942,0.3475740081286301,0.7699999827891588,12.839999713003635,0.030618071280305203,0.8928157121030872,0.9234337833833924,1.1887983683276278,0.00621376528075129,6.0
2026-09-01 08:30:00,-0.08220942,0.2967684354838559,0.7699999827891588,12.839999713003635,0.030618071280305203,0.8928157121030872,0.9234337833833924,1.1379927956828535,0.00621376528075129,6.0
2026-09-01 08:40:00,-0.08220942,0.244082402920355,0.7699999827891588,12.839999713003635,0.030618071280305203,0.8928157121030872,0.9234337833833924,1.0853067631193527,0.00621376528075129,6.0
2026-09-01 08:50:00,-0.08220942,0.1898966504208435,0.7699999827891588,12.839999713003635,0.030618071280305203,0.8928157121030872,0.9234337833833924,1.0311210106198412,0.00621376528075129,6.0
2026-09-01 09:00:00,-0.08220942,0.1346096727454154,0.7499999832361937,12.769999714568257,0.030053078960592568,0.8763406697779527,0.9063937487385453,0.9587939982995659,0.00621376528075129,6.0
2026-09-01 09:10:00,-0.08220942,0.07863411231776972,0.7499999832361937,12.769999714568257,0.030053078960592568,0.8763406697779527,0.9063937487385453,0.9028184378719202,0.00621376528075129,6.0
2026-09-01 09:20:00,-0.08220942,0.022392923150018833,0.7499999832361937,12.769999714568257,0.030053078960592568,0.8763406697779527,0.9063937487385453,0.8465772487041693,0.00621376528075129,6.0
2026-09-01 09:30:00,-0.08220942,-0.03368463411003322,0.7499999832361937,12.769999714568257,0.030053078960592568,0.8763406697779527,0.9063937487385453,0.7904996914441172,0.00621376528075129,6.0
2026-09-01 09:40:00,-0.08220942,-0.08916711616128273,0.7499999832361937,12.769999714568257,0.030053078960592568,0.8763406697779527,0.9063937487385453,0.7350172093928677,0.00621376528075129,6.0
2026-09-01 09:50:00,-0.08220942,-0.1436251004937014,0.7499999832361937,12.769999714568257,0.030053078960592568,0.8763406697779527,0.9063937487385453,0.6805592250604491,0.00621376528075129,6.0
2026-09-01 10:00:00,-0.08220942,-0.1966354363854601,0.7499999832361937,12.769999714568257,0.030053078960592568,0.8763406697779527,0.9063937487385453,0.6275488891686903,0.00621376528075129,6.0
2026-09-01 10:10:00,-0.08220942,-0.24778551542216615,0.7499999832361937,12.769999714568257,0.030053078960592568,0.8763406697779527,0.9063937487385453,0.5763988101319844,0.00621376528075129,6.0
2026-09-01 10:20:00,-0.08220942,-0.29667753216205756,0.7499999832361937,12.769999714568257,0.030053078960592568,0.8763406697779527,0.9063937487385453,0.5275067933920929,0.00621376528075129,6.0
2026-09-01 10:30:00,-0.08220942,-0.34293269928575654,0.7499999832361937,12.769999714568257,0.030053078960592568,0.8763406697779527,0.9063937487385453,0.4812516262683939,0.00621376528075129,6.0
2026-09-01 10:40:00,-0.08220942,-0.38619537071312837,0.7499999832361937,12.769999714568257,0.030053078960592568,0.8763406697779527,0.9063937487385453,0.43798895484102207,0.00621376528075129,6.0
2026-09-01 10:50:00,-0.08220942,-0.4261370124091253,0.7499999832361937,12.769999714568257,0.030053078960592568,0.8763406697779527,0.9063937487385453,0.3980473131450252,0.00621376528075129,6.0
2026-09-01 11:00:00,-0.08220942,-0.4624599460832251,0.7499999832361937,12.769999714568257,0.030053078960592568,0.8763406697779527,0.9063937487385453,0.3617243794709254,0.00621376528075129,6.0
2026-09-01 11:10:00,-0.08220942,-0.4949007778727393,0.7499999832361937,12.769999714568257,0.030053078960592568,0.8763406697779527,0.9063937487385453,0.3292835476814112,0.00621376528075129,6.0
2026-09-01 11:20:00,-0.08220942,-0.523233415315596,0.7499999832361937,12.769999714568257,0.030053078960592568,0.8763406697779527,0.9063937487385453,0.30095091023855447,0.00621376528075129,6.0
2026-09-01 11:30:00,-0.08220942,-0.5472715730687431,0.7499999832361937,12.769999714568257,0.030053078960592568,0.8763406697779527,0.9063937487385453,0.27691275248540737,0.00621376528075129,6.0
2026-09-01 11:40:00,-0.08220942,-0.5668706732171651,0.7499999832361937,12.769999714568257,0.030053078960592568,0.8763406697779527,0.9063937487385453,0.25731365233698533,0.00621376528075129,6.0
2026-09-01 11:50:00,-0.08220942,-0.5819290597472178,0.7499999832361937,12.769999714568257,0.030053078960592568,0.8763406697779527,0.9063937487385453,0.24225526580693268,0.00621376528075129,6.0
2026-09-01 12:00:00,-0.08220942,-0.5923884692017382,0.7499999832361937,12.619999717921019,0.029700067069904326,0.8660469265934034,0.8957469936633078,0.2211491012771748,0.00621376528075129,6.0
2026-09-01 12:10:00,-0.08220942,-0.5982337292348879,0.7499999832361937,12.619999717921019,0.029700067069904326,0.8660469265934034,0.8957469936633078,0.21530384124402502,0.00621376528075129,6.0
2026-09-01 12:20:00,-0.08220942,-0.5994916917366915,0.7499999832361937,12.619999717921019,0.029700067069904326,0.8660469265934034,0.8957469936633078,0.21404587874222147,0.00621376528075129,6.0
2026-09-01 12:30:00,-0.08220942,-0.5962294446462646,0.7499999832361937,12.619999717921019,0.029700067069904326,0.8660469265934034,0.8957469936633078,0.21730812583264836,0.00621376528075129,6.0
2026-09-01 12:40:00,-0.08220942,-0.5885518831383417,0.7499999832361937,12.619999717921019,0.029700067069904326,0.8660469265934034,0.8957469936633078,0.22498568734057123,0.00621376528075129,6.0
2026-09-01 12:50:00,-0.08220942,-0.5765987533174901,0.7499999832361937,12.619999717921019,0.029700067069904326,0.8660469265934034,0.8957469936633078,0.23693881716142284,0.00621376528075129,6.0
2026-09-01 13:00:00,-0.08220942,-0.5605413066530794,0.7499999832361937,12.619999717921019,0.029700067069904326,0.8660469265934034,0.8957469936633078,0.2529962638258335,0.00621376528075129,6.0
2026-09-01 13:10:00,-0.08220942,-0.5405787186982325,0.7499999832361937,12.619999717921019,0.029700067069904326,0.8660469265934034,0.8957469936633078,0.27295885178068047,0.00621376528075129,6.0
2026-09-01 13:20:00,-0.08220942,-0.5169344294968159,0.7499999832361937,12.619999717921019,0.029700067069904326,0.8660469265934034,0.8957469936633078,0.29660314098209706,0.00621376528075129,6.0
2026-09-01 13:30:00,-0.08220942,-0.4898525549399699,0.7499999832361937,12.619999717921019,0.029700067069904326,0.8660469265934034,0.8957469936633078,0.323685015538943,0.00621376528075129,6.0
2026-09-01 13:40:00,-0.08220942,-0.459594498849852,0.7499999832361937,12.619999717921019,0.029700067069904326,0.8660469265934034,0.8957469936633078,0.353943071629061,0.00621376528075129,6.0
2026-09-01 13:50:00,-0.08220942,-0.42643586649306875,0.7499999832361937,12.619999717921019,0.029700067069904326,0.8660469265934034,0.8957469936633078,0.3871017039858442,0.00621376528075129,6.0
2026-09-01 14:00:00,-0.08220942,-0.3906637442315168,0.7499999832361937,12.619999717921019,0.029700067069904326,0.8660469265934034,0.8957469936633078,0.42287382624739617,0.00621376528075129,6.0
2026-09-01 14:10:00,-0.08220942,-0.3525743706854293,0.7499999832361937,12.619999717921019,0.029700067069904326,0.8660469265934034,0.8957469936633078,0.46096319979348366,0.00621376528075129,6.0
2026-09-01 14:20:00,-0.08220942,-0.31247118562285175,0.7499999832361937,12.619999717921019,0.029700067069904326,0.8660469265934034,0.8957469936633078,0.5010663848560613,0.00621376528075129,6.0
2026-09-01 14:30:00,-0.08220942,-0.27066320792602616,0.7499999832361937,12.619999717921019,0.029700067069904326,0.8660469265934034,0.8957469936633078,0.5428743625528868,0.00621376528075129,6.0
2026-09-01 14:40:00,-0.08220942,-0.22746366624591707,0.7499999832361937,12.619999717921019,0.029700067069904326,0.8660469265934034,0.8957469936633078,0.5860739042329959,0.00621376528075129,6.0
2026-09-01 14:50:00,-0.08220942,-0.18318878837828628,0.7499999832361937,12.619999717921019,0.029700067069904326,0.8660469265934034,0.8957469936633078,0.6303487821006266,0.00621376528075129,6.0
2026-09-01 15:00:00,-0.08220942,-0.138156649019078,0.7999999821186066,12.679999716579914,0.030819933016651268,0.8987019525599805,0.9295218855766318,0.709155813373159,0.00621376528075129,6.0
2026-09-01 15:10:00,-0.08220942,-0.09268598101359611,0.7999999821186066,12.679999716579914,0.030819933016651268,0.8987019525599805,0.9295218855766318,0.754626481378641,0.00621376528075129,6.0
2026-09-01 15:20:00,-0.08220942,-0.04709487140189167,0.7999999821186066,12.679999716579914,0.030819933016651268,0.8987019525599805,0.9295218855766318,0.8002175909903453,0.00621376528075129,6.0
2026-09-01 15:30:00,-0.08220942,-0.0016992883734005043,0.7999999821186066,12.679999716579914,0.030819933016651268,0.8987019525599805,0.9295218855766318,0.8456131740188365,0.00621376528075129,6.0
2026-09-01 15:40:00,-0.08220942,0.0431885839924937,0.7999999821186066,12.679999716579914,0.030819933016651268,0.8987019525599805,0.9295218855766318,0.8905010463847307,0.00621376528075129,6.0
2026-09-01 15:50:00,-0.08220942,0.08726219365452802,0.7999999821186066,12.679999716579914,0.030819933016651268,0.8987019525599805,0.9295218855766318,0.934574656046765,0.00621376528075129,6.0
2026-09-01 16:00:00,-0.08220942,0.13022261005967142,0.7999999821186066,12.679999716579914,0.030819933016651268,0.8987019525599805,0.9295218855766318,0.9775350724519084,0.00621376528075129,6.0
2026-09-01 16:10:00,-0.08220942,0.17178058802394688,0.7999999821186066,12.679999716579914,0.030819933016651268,0.8987019525599805,0.9295218855766318,1.019093050416184,0.00621376528075129,6.0
2026-09-01 16:20:00,-0.08220942,0.21165862028587806,0.7999999821186066,12.679999716579914,0.030819933016651268,0.8987019525599805,0.9295218855766318,1.0589710826781151,0.00621376528075129,6.0
2026-09-01 16:30:00,-0.08220942,0.2495928850545673,0.7999999821186066,12.679999716579914,0.030819933016651268,0.8987019525599805,0.9295218855766318,1.0969053474468042,0.00621376528075129,6.0
2026-09-01 16:40:00,-0.08220942,0.28533499738782103,0.7999999821186066,12.679999716579914,0.030819933016651268,0.8987019525599805,0.9295218855766318,1.132647459780058,0.00621376528075129,6.0
2026-09-01 16:50:00,-0.08220942,0.3186534867014607,0.7999999821186066,12.679999716579914,0.030819933016651268,0.8987019525599805,0.9295218855766318,1.1659659490936978,0.00621376528075129,6.0
2026-09-01 17:00:00,-0.08220942,0.34933494540047866,0.7999999821186066,12.679999716579914,0.030819933016651268,0.8987019525599805,0.9295218855766318,1.1966474077927156,0.00621376528075129,6.0
2026-09-01 17:10:00,-0.08220942,0.3771848229251086,0.7999999821186066,12.679999716579914,0.030819933016651268,0.8987019525599805,0.9295218855766318,1.2244972853173457,0.00621376528075129,6.0
2026-09-01 17:20:00,-0.08220942,0.4020278724898177,0.7999999821186066,12.679999716579914,0.030819933016651268,0.8987019525599805,0.9295218855766318,1.2493403348820546,0.00621376528075129,6.0
2026-09-01 17:30:00,-0.08220942,0.42370829055340076,0.7999999821186066,12.679999716579914,0.030819933016651268,0.8987019525599805,0.9295218855766318,1.2710207529456379,0.00621376528075129,6.0
2026-09-01 17:40:00,-0.08220942,0.44208961832721927,0.7999999821186066,12.679999716579914,0.030819933016651268,0.8987019525599805,0.9295218855766318,1.2894020807194564,0.00621376528075129,6.0
2026-09-01 17:50:00,-0.08220942,0.45705449666173514,0.7999999821186066,12.679999716579914,0.030819933016651268,0.8987019525599805,0.9295218855766318,1.3043669590539722,0.00621376528075129,6.0
2026-09-01 18:00:00,-0.08220942,0.4685043786900867,0.8199999816715717,12.599999718368053,0.03100594089072046,0.9041258981450405,0.935131839035761,1.3214267945414528,0.00621376528075129,6.0
2026-09-01 18:10:00,-0.08220942,0.47635930638239227,0.8199999816715717,12.599999718368053,0.03100594089072046,0.9041258981450405,0.935131839035761,1.3292817222337585,0.00621376528075129,6.0
2026-09-01 18:20:00,-0.08220942,0.4805578479244257,0.8199999816715717,12.599999718368053,0.03100594089072046,0.9041258981450405,0.935131839035761,1.3334802637757919,0.00621376528075129,6.0
2026-09-01 18:30:00,-0.08220942,0.4810572731827753,0.8199999816715717,12.599999718368053,0.03100594089072046,0.9041258981450405,0.935131839035761,1.3339796890341415,0.00621376528075129,6.0
2026-09-01 18:40:00,-0.08220942,0.47783401630090544,0.8199999816715717,12.599999718368053,0.03100594089072046,0.9041258981450405,0.935131839035761,1.3307564321522716,0.00621376528075129,6.0
2026-09-01 18:50:00,-0.08220942,0.47088444075381786,0.8199999816715717,12.599999718368053,0.03100594089072046,0.9041258981450405,0.935131839035761,1.323806856605184,0.00621376528075129,6.0
2026-09-01 19:00:00,-0.08220942,0.46022588595315783,0.8199999816715717,12.599999718368053,0.03100594089072046,0.9041258981450405,0.935131839035761,1.313148301804524,0.00621376528075129,6.0
2026-09-01 19:10:00,-0.08220942,0.44589793973105385,0.8199999816715717,12.599999718368053,0.03100594089072046,0.9041258981450405,0.935131839035761,1.29882035558242,0.00621376528075129,6.0
2026-09-01 19:20:00,-0.08220942,0.42796385066020814,0.8199999816715717,12.599999718368053,0.03100594089072046,0.9041258981450405,0.935131839035761,1.2808862665115743,0.00621376528075129,6.0
2026-09-01 19:30:00,-0.08220942,0.40651197147299345,0.8199999816715717,12.599999718368053,0.03100594089072046,0.9041258981450405,0.935131839035761,1.2594343873243596,0.00621376528075129,6.0
2026-09-01 19:40:00,-0.08220942,0.3816571115111719,0.8199999816715717,12.599999718368053,0.03100594089072046,0.9041258981450405,0.935131839035761,1.2345795273625382,0.00621376528075129,6.0
2026-09-01 19:50:00,-0.08220942,0.35354167344673565,0.8199999816715717,12.599999718368053,0.03100594089072046,0.9041258981450405,0.935131839035761,1.2064640892981018,0.00621376528075129,6.0
2026-09-01 20:00:00,-0.08220942,0.32233645722926896,0.8199999816715717,12.599999718368053,0.03100594089072046,0.9041258981450405,0.935131839035761,1.1752588730806353,0.00621376528075129,6.0
2026-09-01 20:10:00,-0.08220942,0.2882410313570915,0.8199999816715717,12.599999718368053,0.03100594089072046,0.9041258981450405,0.935131839035761,1.1411634472084577,0.00621376528075129,6.0
2026-09-01 20:20:00,-0.08220942,0.25148359597003056,0.8199999816715717,12.599999718368053,0.03100594089072046,0.9041258981450405,0.935131839035761,1.1044060118213967,0.00621376528075129,6.0
2026-09-01 20:30:00,-0.08220942,0.21232029150118265,0.8199999816715717,12.599999718368053,0.03100594089072046,0.9041258981450405,0.935131839035761,1.0652427073525488,0.00621376528075129,6.0
2026-09-01 20:40:00,-0.08220942,0.17103393735565375,0.8199999816715717,12.599999718368053,0.03100594089072046,0.9041258981450405,0.935131839035761,1.02395635320702,0.00621376528075129,6.0
2026-09-01 20:50:00,-0.08220942,0.12793221481193479,0.8199999816715717,12.599999718368053,0.03100594089072046,0.9041258981450405,0.935131839035761,0.980854630663301,0.00621376528075129,6.0
2026-09-01 21:00:00,-0.08220942,0.08334533386289485,0.8199999816715717,12.499999720603228,0.03075986199476236,0.8969502957788101,0.9277101577735725,0.9288460684520725,0.00621376528075129,6.0
2026-09-01 21:10:00,-0.08220942,0.037623243523827475,0.8199999816715717,12.499999720603228,0.03075986199476236,0.8969502957788101,0.9277101577735725,0.8831239781130051,0.00621376528075129,6.0
2026-09-01 21:20:00,-0.08220942,-0.008867542290897501,0.8199999816715717,12.499999720603228,0.03075986199476236,0.8969502957788101,0.9277101577735725,0.8366331922982801,0.00621376528075129,6.0
2026-09-01 21:30:00,-0.08220942,-0.05574742610863,0.8199999816715717,12.499999720603228,0.03075986199476236,0.8969502957788101,0.9277101577735725,0.7897533084805477,0.00621376528075129,6.0
2026-09-01 21:40:00,-0.08220942,-0.10262743975126043,0.8199999816715717,12.499999720603228,0.03075986199476236,0.8969502957788101,0.9277101577735725,0.7428732948379172,0.00621376528075129,6.0
2026-09-01 21:50:00,-0.08220942,-0.14911312012856132,0.8199999816715717,12.499999720603228,0.03075986199476236,0.8969502957788101,0.9277101577735725,0.6963876144606163,0.00621376528075129,6.0
2026-09-01 22:00:00,-0.08220942,-0.1948084895248796,0.8199999816715717,12.499999720603228,0.03075986199476236,0.8969502957788101,0.9277101577735725,0.650692245064298,0.00621376528075129,6.0
2026-09-01 22:10:00,-0.08220942,-0.23932009365121887,0.8199999816715717,12.499999720603228,0.03075986199476236,0.8969502957788101,0.9277101577735725,0.6061806409379588,0.00621376528075129,6.0
2026-09-01 22:20:00,-0.08220942,-0.28226106062236705,0.8199999816715717,12.499999720603228,0.03075986199476236,0.8969502957788101,0.9277101577735725,0.5632396739668106,0.00621376528075129,6.0
2026-09-01 22:30:00,-0.08220942,-0.32325515143195144,0.8199999816715717,12.499999720603228,0.03075986199476236,0.8969502957788101,0.9277101577735725,0.5222455831572261,0.00621376528075129,6.0
2026-09-01 22:40:00,-0.08220942,-0.3619407747026429,0.8199999816715717,12.499999720603228,0.03075986199476236,0.8969502957788101,0.9277101577735725,0.4835599598865347,0.00621376528075129,6.0
2026-09-01 22:50:00,-0.08220942,-0.39797493608113144,0.8199999816715717,12.499999720603228,0.03075986199476236,0.8969502957788101,0.9277101577735725,0.4475257985080462,0.00621376528075129,6.0
2026-09-01 23:00:00,-0.08220942,-0.43103708495282905,0.8199999816715717,12.499999720603228,0.03075986199476236,0.8969502957788101,0.9277101577735725,0.4144636496363485,0.00621376528075129,6.0
2026-09-01 23:10:00,-0.08220942,-0.46083280971435,0.8199999816715717,12.499999720603228,0.03075986199476236,0.8969502957788101,0.9277101577735725,0.3846679248748277,0.00621376528075129,6.0
2026-09-01 23:20:00,-0.08220942,-0.48709731944465956,0.8199999816715717,12.499999720603228,0.03075986199476236,0.8969502957788101,0.9277101577735725,0.3584034151445181,0.00621376528075129,6.0
2026-09-01 23:30:00,-0.08220942,-0.5095986362652585,0.8199999816715717,12.499999720603228,0.03075986199476236,0.8969502957788101,0.9277101577735725,0.33590209832391915,0.00621376528075129,6.0
2026-09-01 23:40:00,-0.08220942,-0.528140412282242,0.8199999816715717,12.499999720603228,0.03075986199476236,0.8969502957788101,0.9277101577735725,0.31736032230693567,0.00621376528075129,6.0
2026-09-01 23:50:00,-0.08220942,-0.5425642790405156,0.8199999816715717,12.499999720603228,0.03075986199476236,0.8969502957788101,0.9277101577735725,0.302936455548662,0.00621376528075129,6.0
2026-09-02 00:00:00,-0.08848665,-0.5527516389970328,0.8299999814480543,12.309999724850059,0.030476461582468615,0.8886864068291784,0.9191628684116471,0.2779245803186021,0.00621376528075129,6.0
2026-09-02 00:10:00,-0.08848665,-0.5586248177592646,0.8299999814480543,12.309999724850059,0.030476461582468615,0.8886864068291784,0.9191628684116471,0.2720514015563703,0.00621376528075129,6.0
2026-09-02 00:20:00,-0.08848665,-0.5601475139920884,0.8299999814480543,12.309999724850059,0.030476461582468615,0.8886864068291784,0.9191628684116471,0.27052870532354656,0.00621376528075129,6.0
2026-09-02 00:30:00,-0.08848665,-0.5573245097305649,0.8299999814480543,12.309999724850059,0.030476461582468615,0.8886864068291784,0.9191628684116471,0.27335170958507005,0.00621376528075129,6.0
2026-09-02 00:40:00,-0.08848665,-0.5502006359724797,0.8299999814480543,12.309999724850059,0.030476461582468615,0.8886864068291784,0.9191628684116471,0.28047558334315525,0.00621376528075129,6.0
2026-09-02 00:50:00,-0.08848665,-0.5388590244683037,0.8299999814480543,12.309999724850059,0.030476461582468615,0.8886864068291784,0.9191628684116471,0.29181719484733126,0.00621376528075129,6.0
2026-09-02 01:00:00,-0.08848665,-0.523418713284547,0.8299999814480543,12.309999724850059,0.030476461582468615,0.8886864068291784,0.9191628684116471,0.3072575060310879,0.00621376528075129,6.0
2026-09-02 01:10:00,-0.08848665,-0.5040317079848061,0.8299999814480543,12.309999724850059,0.030476461582468615,0.8886864068291784,0.9191628684116471,0.32664451133082884,0.00621376528075129,6.0
2026-09-02 01:20:00,-0.08848665,-0.48087962852708865,0.8299999814480543,12.309999724850059,0.030476461582468615,0.8886864068291784,0.9191628684116471,0.3497965907885463,0.00621376528075129,6.0
2026-09-02 01:30:00,-0.08848665,-0.4541700916723327,0.8299999814480543,12.309999724850059,0.030476461582468615,0.8886864068291784,0.9191628684116471,0.37650612764330227,0.00621376528075129,6.0
2026-09-02 01:40:00,-0.08848665,-0.4241329875321656,0.8299999814480543,12.309999724850059,0.030476461582468615,0.8886864068291784,0.9191628684116471,0.4065432317834694,0.00621376528075129,6.0
2026-09-02 01:50:00,-0.08848665,-0.3910168058723283,0.8299999814480543,12.309999724850059,0.030476461582468615,0.8886864068291784,0.9191628684116471,0.43965941344330667,0.00621376528075129,6.0
2026-09-02 02:00:00,-0.08848665,-0.3550851529066101,0.8299999814480543,12.309999724850059,0.030476461582468615,0.8886864068291784,0.9191628684116471,0.4755910664090249,0.00621376528075129,6.0
2026-09-02 02:10:00,-0.08848665,-0.31661357384836636,0.8299999814480543,12.309999724850059,0.030476461582468615,0.8886864068291784,0.9191628684116471,0.5140626454672685,0.00621376528075129,6.0
2026-09-02 02:20:00,-0.08848665,-0.27588676258592193,0.8299999814480543,12.309999724850059,0.030476461582468615,0.8886864068291784,0.9191628684116471,0.554789456729713,0.00621376528075129,6.0
2026-09-02 02:30:00,-0.08848665,-0.23319620087838985,0.8299999814480543,12.309999724850059,0.030476461582468615,0.8886864068291784,0.9191628684116471,0.5974800184372451,0.00621376528075129,6.0
2026-09-02 02:40:00,-0.08848665,-0.18883822870745243,0.8299999814480543,12.309999724850059,0.030476461582468615,0.8886864068291784,0.9191628684116471,0.6418379906081826,0.00621376528075129,6.0
2026-09-02 02:50:00,-0.08848665,-0.1431125092581897,0.8299999814480543,12.309999724850059,0.030476461582468615,0.8886864068291784,0.9191628684116471,0.6875637100574452,0.00621376528075129,6.0
2026-09-02 03:00:00,-0.08848665,-0.09632081933854308,0.8399999812245369,12.089999729767442,0.030111569124940386,0.8780462291273691,0.9081577982523095,0.7233503298177543,0.00621376528075129,6.0
2026-09-02 03:10:00,-0.08848665,-0.048766072640796805,0.8399999812245369,12.089999729767442,0.030111569124940386,0.8780462291273691,0.9081577982523095,0.7709050765155006,0.00621376528075129,6.0
2026-09-02 03:20:00,-0.08848665,-0.0007514704364037201,0.8399999812245369,12.089999729767442,0.030111569124940386,0.8780462291273691,0.9081577982523095,0.8189196787198936,0.00621376528075129,6.0
2026-09-02 03:30:00,-0.08848665,0.04742032637257626,0.8399999812245369,12.089999729767442,0.030111569124940386,0.8780462291273691,0.9081577982523095,0.8670914755288737,0.00621376528075129,6.0
2026-09-02 03:40:00,-0.08848665,0.09544809915638489,0.8399999812245369,12.089999729767442,0.030111569124940386,0.8780462291273691,0.9081577982523095,0.9151192483126822,0.00621376528075129,6.0
2026-09-02 03:50:00,-0.08848665,0.14303312189183137,0.8399999812245369,12.089999729767442,0.030111569124940386,0.8780462291273691,0.9081577982523095,0.9627042710481287,0.00621376528075129,6.0
2026-09-02 04:00:00,-0.08848665,0.18988040577385296,0.8399999812245369,12.089999729767442,0.030111569124940386,0.8780462291273691,0.9081577982523095,1.0095515549301504,0.00621376528075129,6.0
2026-09-02 04:10:00,-0.08848665,0.23570015149552784,0.8399999812245369,12.089999729767442,0.030111569124940386,0.8780462291273691,0.9081577982523095,1.0553713006518253,0.00621376528075129,6.0
2026-09-02 04:20:00,-0.08848665,0.2802093890072961,0.8399999812245369,12.089999729767442,0.030111569124940386,0.8780462291273691,0.9081577982523095,1.0998805381635934,0.00621376528075129,6.0
2026-09-02 04:30:00,-0.08848665,0.3231337546996317,0.8399999812245369,12.089999729767442,0.030111569124940386,0.8780462291273691,0.9081577982523095,1.1428049038559291,0.00621376528075129,6.0
2026-09-02 04:40:00,-0.08848665,0.3642093320210332,0.8399999812245369,12.089999729767442,0.030111569124940386,0.8780462291273691,0.9081577982523095,1.1838804811773307,0.00621376528075129,6.0
2026-09-02 04:50:00,-0.08848665,0.40318446711572475,0.8399999812245369,12.089999729767442,0.030111569124940386,0.8780462291273691,0.9081577982523095,1.222855616272022,0.00621376528075129,6.0
2026-09-02 05:00:00,-0.08848665,0.43982146687701645,0.8399999812245369,12.089999729767442,0.030111569124940386,0.8780462291273691,0.9081577982523095,1.2594926160333137,0.00621376528075129,6.0
2026-09-02 05:10:00,-0.08848665,0.4738980938332096,0.8399999812245369,12.089999729767442,0.030111569124940386,0.8780462291273691,0.9081577982523095,1.293569242989507,0.00621376528075129,6.0
2026-09-02 05:20:00,-0.08848665,0.5052087894534286,0.8399999812245369,12.089999729767442,0.030111569124940386,0.8780462291273691,0.9081577982523095,1.324879938609726,0.00621376528075129,6.0
2026-09-02 05:30:00,-0.08848665,0.5335655825975225,0.8399999812245369,12.089999729767442,0.030111569124940386,0.8780462291273691,0.9081577982523095,1.3532367317538199,0.00621376528075129,6.0
2026-09-02 05:40:00,-0.08848665,0.5587986708213736,0.8399999812245369,12.089999729767442,0.030111569124940386,0.8780462291273691,0.9081577982523095,1.378469819977671,0.00621376528075129,6.0
2026-09-02 05:50:00,-0.08848665,0.5807566945524988,0.8399999812245369,12.089999729767442,0.030111569124940386,0.8780462291273691,0.9081577982523095,1.4004278437087962,0.00621376528075129,6.0
2026-09-02 06:00:00,-0.08848665,0.5993067553981939,0.8299999814480543,11.919999733567238,0.02951091974516863,0.8605314353699275,0.8900423551150961,1.4008624614172778,0.00621376528075129,6.0
2026-09-02 06:10:00,-0.08848665,0.6143342553374194,0.8299999814480543,11.919999733567238,0.02951091974516863,0.8605314353699275,0.8900423551150961,1.4158899613565032,0.00621376528075129,6.0
2026-09-02 06:20:00,-0.08848665,0.625742651461313,0.8299999814480543,11.919999733567238,0.02951091974516863,0.8605314353699275,0.8900423551150961,1.427298357480397,0.00621376528075129,6.0
2026-09-02 06:30:00,-0.08848665,0.6334532283849538,0.8299999814480543,11.919999733567238,0.02951091974516863,0.8605314353699275,0.8900423551150961,1.4350089344040378,0.00621376528075129,6.0
2026-09-02 06:40:00,-0.08848665,0.6374049871151747,0.8299999814480543,11.919999733567238,0.02951091974516863,0.8605314353699275,0.8900423551150961,1.4389606931342587,0.00621376528075129,6.0
2026-09-02 06:50:00,-0.08848665,0.6375547348408592,0.8299999814480543,11.919999733567238,0.02951091974516863,0.8605314353699275,0.8900423551150961,1.439110440859943,0.00621376528075129,6.0
2026-09-02 07:00:00,-0.08848665,0.6338774364152547,0.8299999814480543,11.919999733567238,0.02951091974516863,0.8605314353699275,0.8900423551150961,1.4354331424343387,0.00621376528075129,6.0
2026-09-02 07:10:00,-0.08848665,0.6263668575504889,0.8299999814480543,11.919999733567238,0.02951091974516863,0.8605314353699275,0.8900423551150961,1.427922563569573,0.00621376528075129,6.0
2026-09-02 07:20:00,-0.08848665,0.6150364948560985,0.8299999814480543,11.919999733567238,0.02951091974516863,0.8605314353699275,0.8900423551150961,1.4165922008751823,0.00621376528075129,6.0
2026-09-02 07:30:00,-0.08848665,0.5999207526395981,0.8299999814480543,11.919999733567238,0.02951091974516863,0.8605314353699275,0.8900423551150961,1.401476458658682,0.00621376528075129,6.0
2026-09-02 07:40:00,-0.08848665,0.5810762939425662,0.8299999814480543,11.919999733567238,0.02951091974516863,0.8605314353699275,0.8900423551150961,1.3826319999616503,0.00621376528075129,6.0
2026-09-02 07:50:00,-0.08848665,0.5585834671213697,0.8299999814480543,11.919999733567238,0.02951091974516863,0.8605314353699275,0.8900423551150961,1.3601391731404537,0.00621376528075129,6.0
2026-09-02 08:00:00,-0.08848665,0.5325476916066675,0.8299999814480543,11.919999733567238,0.02951091974516863,0.8605314353699275,0.8900423551150961,1.3341033976257515,0.00621376528075129,6.0
2026-09-02 08:10:00,-0.08848665,0.5031006789811501,0.8299999814480543,11.919999733567238,0.02951091974516863,0.8605314353699275,0.8900423551150961,1.304656385000234,0.00621376528075129,6.0
2026-09-02 08:20:00,-0.08848665,0.47040136861464915,0.8299999814480543,11.919999733567238,0.02951091974516863,0.8605314353699275,0.8900423551150961,1.2719570746337332,0.00621376528075129,6.0
2026-09-02 08:30:00,-0.08848665,0.4346364702477481,0.8299999814480543,11.919999733567238,0.02951091974516863,0.8605314353699275,0.8900423551150961,1.2361921762668322,0.00621376528075129,6.0
2026-09-02 08:40:00,-0.08848665,0.3960205274022281,0.8299999814480543,11.919999733567238,0.02951091974516863,0.8605314353699275,0.8900423551150961,1.197576233421312,0.00621376528075129,6.0
2026-09-02 08:50:00,-0.08848665,0.3547954431953228,0.8299999814480543,11.919999733567238,0.02951091974516863,0.8605314353699275,0.8900423551150961,1.1563511492144067,0.00621376528075129,6.0
2026-09-02 09:00:00,-0.08848665,0.31122944077270714,0.8199999816715717,11.84999973513186,0.02916034917103472,0.850308880398312,0.8794692295693467,1.1022120212460418,0.00621376528075129,6.0
2026-09-02 09:10:00,-0.08848665,0.2656154616176804,0.8199999816715717,11.84999973513186,0.02916034917103472,0.850308880398312,0.8794692295693467,1.056598042091015,0.00621376528075129,6.0
2026-09-02 09:20:00,-0.08848665,0.21826903302802675,0.8199999816715717,11.84999973513186,0.02916034917103472,0.850308880398312,0.8794692295693467,1.0092516135013614,0.00621376528075129,6.0
2026-09-02 09:30:00,-0.08848665,0.16952565919496349,0.8199999816715717,11.84999973513186,0.02916034917103472,0.850308880398312,0.8794692295693467,0.960508239668298,0.00621376528075129,6.0
2026-09-02 09:40:00,-0.08848665,0.11973780652308104,0.8199999816715717,11.84999973513186,0.02916034917103472,0.850308880398312,0.8794692295693467,0.9107203869964157,0.00621376528075129,6.0
2026-09-02 09:50:00,-0.08848665,0.06927156255751075,0.8199999816715717,11.84999973513186,0.02916034917103472,0.850308880398312,0.8794692295693467,0.8602541430308454,0.00621376528075129,6.0
2026-09-02 10:00:00,-0.08848665,0.01850304937886827,0.8199999816715717,11.84999973513186,0.02916034917103472,0.850308880398312,0.8794692295693467,0.8094856298522028,0.00621376528075129,6.0
2026-09-02 10:10:00,-0.08848665,-0.03218533286235594,0.8199999816715717,11.84999973513186,0.02916034917103472,0.850308880398312,0.8794692295693467,0.7587972476109787,0.00621376528075129,6.0
2026-09-02 10:20:00,-0.08848665,-0.08240876582005659,0.8199999816715717,11.84999973513186,0.02916034917103472,0.850308880398312,0.8794692295693467,0.7085738146532781,0.00621376528075129,6.0
2026-09-02 10:30:00,-0.08848665,-0.13178392204078987,0.8199999816715717,11.84999973513186,0.02916034917103472,0.850308880398312,0.8794692295693467,0.6591986584325447,0.00621376528075129,6.0
2026-09-02 10:40:00,-0.08848665,-0.17993288072651367,0.8199999816715717,11.84999973513186,0.02916034917103472,0.850308880398312,0.8794692295693467,0.6110496997468209,0.00621376528075129,6.0
2026-09-02 10:50:00,-0.08848665,-0.22648701770964327,0.8199999816715717,11.84999973513186,0.02916034917103472,0.850308880398312,0.8794692295693467,0.5644955627636913,0.00621376528075129,6.0
2026-09-02 11:00:00,-0.08848665,-0.27109084292253743,0.8199999816715717,11.84999973513186,0.02916034917103472,0.850308880398312,0.8794692295693467,0.5198917375507972,0.00621376528075129,6.0
2026-09-02 11:10:00,-0.08848665,-0.3134057597732882,0.8199999816715717,11.84999973513186,0.02916034917103472,0.850308880398312,0.8794692295693467,0.47757682070004637,0.00621376528075129,6.0
2026-09-02 11:20:00,-0.08848665,-0.3531137165737253,0.8199999816715717,11.84999973513186,0.02916034917103472,0.850308880398312,0.8794692295693467,0.4378688638996093,0.00621376528075129,6.0
2026-09-02 11:30:00,-0.08848665,-0.38992071133890455,0.8199999816715717,11.84999973513186,0.02916034917103472,0.850308880398312,0.8794692295693467,0.40106186913443004,0.00621376528075129,6.0
2026-09-02 11:40:00,-0.08848665,-0.4235600995221088,0.8199999816715717,11.84999973513186,0.02916034917103472,0.850308880398312,0.8794692295693467,0.36742248095122576,0.00621376528075129,6.0
2026-09-02 11:50:00,-0.08848665,-0.45379564086032637,0.8199999816715717,11.84999973513186,0.02916034917103472,0.850308880398312,0.8794692295693467,0.3371869396130083,0.00621376528075129,6.0
2026-09-02 12:00:00,-0.08848665,-0.48042420996722374,0.8199999816715717,11.829999735578895,0.029111133391843094,0.8488737599250659,0.877984893316909,0.3090740342536731,0.00621376528075129,6.0
2026-09-02 12:10:00,-0.08848665,-0.5032780868391089,0.8199999816715717,11.829999735578895,0.029111133391843094,0.8488737599250659,0.877984893316909,0.28622015738178797,0.00621376528075129,6.0
2026-09-02 12:20:00,-0.08848665,-0.5222267413287568,0.8199999816715717,11.829999735578895,0.029111133391843094,0.8488737599250659,0.877984893316909,0.2672715028921401,0.00621376528075129,6.0
2026-09-02 12:30:00,-0.08848665,-0.5371780306804241,0.8199999816715717,11.829999735578895,0.029111133391843094,0.8488737599250659,0.877984893316909,0.25232021354047274,0.00621376528075129,6.0
2026-09-02 12:40:00,-0.08848665,-0.5480787427472373,0.8199999816715717,11.829999735578895,0.029111133391843094,0.8488737599250659,0.877984893316909,0.24141950147365954,0.00621376528075129,6.0
2026-09-02 12:50:00,-0.08848665,-0.5549144391647787,0.8199999816715717,11.829999735578895,0.029111133391843094,0.8488737599250659,0.877984893316909,0.2345838050561182,0.00621376528075129,6.0
2026-09-02 13:00:00,-0.08848665,-0.5577085814584785,0.8199999816715717,11.829999735578895,0.029111133391843094,0.8488737599250659,0.877984893316909,0.2317896627624184,0.00621376528075129,6.0
2026-09-02 13:10:00,-0.08848665,-0.5565209569399678,0.8199999816715717,11.829999735578895,0.029111133391843094,0.8488737599250659,0.877984893316909,0.23297728728092904,0.00621376528075129,6.0
2026-09-02 13:20:00,-0.08848665,-0.5514454572084974,0.8199999816715717,11.829999735578895,0.029111133391843094,0.8488737599250659,0.877984893316909,0.2380527870123995,0.00621376528075129,6.0
2026-09-02 13:30:00,-0.08848665,-0.5426072973659336,0.8199999816715717,11.829999735578895,0.029111133391843094,0.8488737599250659,0.877984893316909,0.24689094685496327,0.00621376528075129,6.0
2026-09-02 13:40:00,-0.08848665,-0.5301597948679242,0.8199999816715717,11.829999735578895,0.029111133391843094,0.8488737599250659,0.877984893316909,0.2593384493529727,0.00621376528075129,6.0
2026-09-02 13:50:00,-0.08848665,-0.5142808505713969,0.8199999816715717,11.829999735578895,0.029111133391843094,0.8488737599250659,0.877984893316909,0.27521739364949993,0.00621376528075129,6.0
2026-09-02 14:00:00,-0.08848665,-0.4951692882405846,0.8199999816715717,11.829999735578895,0.029111133391843094,0.8488737599250659,0.877984893316909,0.2943289559803123,0.00621376528075129,6.0
2026-09-02 14:10:00,-0.08848665,-0.4730412110539401,0.8199999816715717,11.829999735578895,0.029111133391843094,0.8488737599250659,0.877984893316909,0.3164570331669567,0.00621376528075129,6.0
2026-09-02 14:20:00,-0.08848665,-0.4481265239172427,0.8199999816715717,11.829999735578895,0.029111133391843094,0.8488737599250659,0.877984893316909,0.34137172030365415,0.00621376528075129,6.0
2026-09-02 14:30:00,-0.08848665,-0.42066574929808653,0.8199999816715717,11.829999735578895,0.029111133391843094,0.8488737599250659,0.877984893316909,0.36883249492281034,0.00621376528075129,6.0
2026-09-02 14:40:00,-0.08848665,-0.39090723355498996,0.8199999816715717,11.829999735578895,0.029111133391843094,0.8488737599250659,0.877984893316909,0.3985910106659069,0.00621376528075129,6.0
2026-09-02 14:50:00,-0.08848665,-0.3591048032244223,0.8199999816715717,11.829999735578895,0.029111133391843094,0.8488737599250659,0.877984893316909,0.4303934409964746,0.00621376528075129,6.0
2026-09-02 15:00:00,-0.08848665,-0.3255158896446067,0.8599999807775021,11.799999736249447,0.029737104319624126,0.8671269240295645,0.8968640283491887,0.48286148960856984,0.00621376528075129,6.0
2026-09-02 15:10:00,-0.08848665,-0.2904000998059192,0.8599999807775021,11.799999736249447,0.029737104319624126,0.8671269240295645,0.8968640283491887,0.5179772794472574,0.00621376528075129,6.0
2026-09-02 15:20:00,-0.08848665,-0.25401817481807903,0.8599999807775021,11.799999736249447,0.029737104319624126,0.8671269240295645,0.8968640283491887,0.5543592044350976,0.00621376528075129,6.0
2026-09-02 15:30:00,-0.08848665,-0.21663124858298832,0.8599999807775021,11.799999736249447,0.029737104319624126,0.8671269240295645,0.8968640283491887,0.5917461306701882,0.00621376528075129,6.0
2026-09-02 15:40:00,-0.08848665,-0.17850030046515503,0.8599999807775021,11.799999736249447,0.029737104319624126,0.8671269240295645,0.8968640283491887,0.6298770787880215,0.00621376528075129,6.0
2026-09-02 15:50:00,-0.08848665,-0.13988568875057125,0.8599999807775021,11.799999736249447,0.029737104319624126,0.8671269240295645,0.8968640283491887,0.6684916905026053,0.00621376528075129,6.0
2026-09-02 16:00:00,-0.08848665,-0.10104665669004514,0.8599999807775021,11.799999736249447,0.029737104319624126,0.8671269240295645,0.8968640283491887,0.7073307225631313,0.00621376528075129,6.0
2026-09-02 16:10:00,-0.08848665,-0.06224071899508961,0.8599999807775021,11.799999736249447,0.029737104319624126,0.8671269240295645,0.8968640283491887,0.746136660258087,0.00621376528075129,6.0
2026-09-02 16:20:00,-0.08848665,-0.023722862086197238,0.8599999807775021,11.799999736249447,0.029737104319624126,0.8671269240295645,0.8968640283491887,0.7846545171669793,0.00621376528075129,6.0
2026-09-02 16:30:00,-0.08848665,0.014255477372824912,0.8599999807775021,11.799999736249447,0.029737104319624126,0.8671269240295645,0.8968640283491887,0.8226328566260015,0.00621376528075129,6.0
2026-09-02 16:40:00,-0.08848665,0.05144765677105219,0.8599999807775021,11.799999736249447,0.029737104319624126,0.8671269240295645,0.8968640283491887,0.8598250360242288,0.00621376528075129,6.0
2026-09-02 16:50:00,-0.08848665,0.08761326309603433,0.8599999807775021,11.799999736249447,0.029737104319624126,0.8671269240295645,0.8968640283491887,0.8959906423492109,0.00621376528075129,6.0
2026-09-02 17:00:00,-0.08848665,0.12251967975161375,0.8599999807775021,11.799999736249447,0.029737104319624126,0.8671269240295645,0.8968640283491887,0.9308970590047903,0.00621376528075129,6.0
2026-09-02 17:10:00,-0.08848665,0.15594370438698824,0.8599999807775021,11.799999736249447,0.029737104319624126,0.8671269240295645,0.8968640283491887,0.9643210836401648,0.00621376528075129,6.0
2026-09-02 17:20:00,-0.08848665,0.1876731268751361,0.8599999807775021,11.799999736249447,0.029737104319624126,0.8671269240295645,0.8968640283491887,0.9960505061283127,0.00621376528075129,6.0
2026-09-02 17:30:00,-0.08848665,0.21750817703319836,0.8599999807775021,11.799999736249447,0.029737104319624126,0.8671269240295645,0.8968640283491887,1.025885556286375,0.00621376528075129,6.0
2026-09-02 17:40:00,-0.08848665,0.24526276297009036,0.8599999807775021,11.799999736249447,0.029737104319624126,0.8671269240295645,0.8968640283491887,1.0536401422232669,0.00621376528075129,6.0
2026-09-02 17:50:00,-0.08848665,0.27076544145857934,0.8599999807775021,11.799999736249447,0.029737104319624126,0.8671269240295645,0.8968640283491887,1.079142820711756,0.00621376528075129,6.0
2026-09-02 18:00:00,-0.08848665,0.2938600895789606,0.9199999794363976,11.739999737590551,0.030600565619818276,0.8923052511863826,0.9229058168062009,1.1282792572891494,0.00621376528075129,6.0
2026-09-02 18:10:00,-0.08848665,0.3144062782280295,0.9199999794363976,11.739999737590551,0.030600565619818276,0.8923052511863826,0.9229058168062009,1.1488254459382183,0.00621376528075129,6.0
2026-09-02 18:20:00,-0.08848665,0.3322793801506142,0.9199999794363976,11.739999737590551,0.030600565619818276,0.8923052511863826,0.9229058168062009,1.166698547860803,0.00621376528075129,6.0
2026-09-02 18:30:00,-0.08848665,0.3473704735655377,0.9199999794363976,11.739999737590551,0.030600565619818276,0.8923052511863826,0.9229058168062009,1.1817896412757265,0.00621376528075129,6.0
2026-09-02 18:40:00,-0.08848665,0.3595861246465078,0.9199999794363976,11.739999737590551,0.030600565619818276,0.8923052511863826,0.9229058168062009,1.1940052923566966,0.00621376528075129,6.0
2026-09-02 18:50:00,-0.08848665,0.36884814508394287,0.9199999794363976,11.739999737590551,0.030600565619818276,0.8923052511863826,0.9229058168062009,1.2032673127941316,0.00621376528075129,6.0
2026-09-02 19:00:00,-0.08848665,0.37509342343655094,0.9199999794363976,11.739999737590551,0.030600565619818276,0.8923052511863826,0.9229058168062009,1.2095125911467397,0.00621376528075129,6.0
2026-09-02 19:10:00,-0.08848665,0.37827392052415887,0.9199999794363976,11.739999737590551,0.030600565619818276,0.8923052511863826,0.9229058168062009,1.2126930882343476,0.00621376528075129,6.0
2026-09-02 19:20:00,-0.08848665,0.37835690035143676,0.9199999794363976,11.739999737590551,0.030600565619818276,0.8923052511863826,0.9229058168062009,1.2127760680616255,0.00621376528075129,6.0
2026-09-02 19:30:00,-0.08848665,0.37532544110186083,0.9199999794363976,11.739999737590551,0.030600565619818276,0.8923052511863826,0.9229058168062009,1.2097446088120496,0.00621376528075129,6.0
2026-09-02 19:40:00,-0.08848665,0.36917923802987057,0.9199999794363976,11.739999737590551,0.030600565619818276,0.8923052511863826,0.9229058168062009,1.2035984057400593,0.00621376528075129,6.0
2026-09-02 19:50:00,-0.08848665,0.3599356752020372,0.9199999794363976,11.739999737590551,0.030600565619818276,0.8923052511863826,0.9229058168062009,1.194354842912226,0.00621376528075129,6.0
2026-09-02 20:00:00,-0.08848665,0.3476311092414737,0.9199999794363976,11.739999737590551,0.030600565619818276,0.8923052511863826,0.9229058168062009,1.1820502769516625,0.00621376528075129,6.0
2026-09-02 20:10:00,-0.08848665,0.33232227909776063,0.9199999794363976,11.739999737590551,0.030600565619818276,0.8923052511863826,0.9229058168062009,1.1667414468079493,0.00621376528075129,6.0
2026-09-02 20:20:00,-0.08848665,0.3140877340529795,0.9199999794363976,11.739999737590551,0.030600565619818276,0.8923052511863826,0.9229058168062009,1.1485069017631684,0.00621376528075129,6.0
2026-09-02 20:30:00,-0.08848665,0.293029159839069,0.9199999794363976,11.739999737590551,0.030600565619818276,0.8923052511863826,0.9229058168062009,1.1274483275492577,0.00621376528075129,6.0
2026-09-02 20:40:00,-0.08848665,0.2692724808468605,0.9199999794363976,11.739999737590551,0.030600565619818276,0.8923052511863826,0.9229058168062009,1.1036916485570494,0.00621376528075129,6.0
2026-09-02 20:50:00,-0.08848665,0.2429686249163205,0.9199999794363976,11.739999737590551,0.030600565619818276,0.8923052511863826,0.9229058168062009,1.0773877926265092,0.00621376528075129,6.0
2026-09-02 21:00:00,-0.08848665,0.21429385499430112,0.9399999789893627,11.649999739602208,0.030694269051419854,0.8950376210749351,0.9257318901263549,1.051539096024644,0.00621376528075129,6.0
2026-09-02 21:10:00,-0.08848665,0.18344959703872005,0.9399999789893627,11.649999739602208,0.030694269051419854,0.8950376210749351,0.9257318901263549,1.0206948380690628,0.00621376528075129,6.0
2026-09-02 21:20:00,-0.08848665,0.1506617232147066,0.9399999789893627,11.649999739602208,0.030694269051419854,0.8950376210749351,0.9257318901263549,0.9879069642450494,0.00621376528075129,6.0
2026-09-02 21:30:00,-0.08848665,0.11617928077025631,0.9399999789893627,11.649999739602208,0.030694269051419854,0.8950376210749351,0.9257318901263549,0.9534245218005991,0.00621376528075129,6.0
2026-09-02 21:40:00,-0.08848665,0.0802726868353001,0.9399999789893627,11.649999739602208,0.030694269051419854,0.8950376210749351,0.9257318901263549,0.9175179278656429,0.00621376528075129,6.0
2026-09-02 21:50:00,-0.08848665,0.04323143524557291,0.9399999789893627,11.649999739602208,0.030694269051419854,0.8950376210749351,0.9257318901263549,0.8804766762759157,0.00621376528075129,6.0
2026-09-02 22:00:00,-0.08848665,0.005361381195344914,0.9399999789893627,11.649999739602208,0.030694269051419854,0.8950376210749351,0.9257318901263549,0.8426066222256877,0.00621376528075129,6.0
2026-09-02 22:10:00,-0.08848665,-0.03301831819237378,0.9399999789893627,11.649999739602208,0.030694269051419854,0.8950376210749351,0.9257318901263549,0.804226922837969,0.00621376528075129,6.0
2026-09-02 22:20:00,-0.08848665,-0.07157852455224199,0.9399999789893627,11.649999739602208,0.030694269051419854,0.8950376210749351,0.9257318901263549,0.7656667164781008,0.00621376528075129,6.0
2026-09-02 22:30:00,-0.08848665,-0.10998361988226937,0.9399999789893627,11.649999739602208,0.030694269051419854,0.8950376210749351,0.9257318901263549,0.7272616211480735,0.00621376528075129,6.0
2026-09-02 22:40:00,-0.08848665,-0.14789511667309524,0.9399999789893627,11.649999739602208,0.030694269051419854,0.8950376210749351,0.9257318901263549,0.6893501243572475,0.00621376528075129,6.0
2026-09-02 22:50:00,-0.08848665,-0.1849753159428182,0.9399999789893627,11.649999739602208,0.030694269051419854,0.8950376210749351,0.9257318901263549,0.6522699250875246,0.00621376528075129,6.0
2026-09-02 23:00:00,-0.08848665,-0.2208909654277973,0.9399999789893627,11.649999739602208,0.030694269051419854,0.8950376210749351,0.9257318901263549,0.6163542756025455,0.00621376528075129,6.0
2026-09-02 23:10:00,-0.08848665,-0.2553168822464373,0.9399999789893627,11.649999739602208,0.030694269051419854,0.8950376210749351,0.9257318901263549,0.5819283587839055,0.00621376528075129,6.0
2026-09-02 23:20:00,-0.08848665,-0.2879395131705497,0.9399999789893627,11.649999739602208,0.030694269051419854,0.8950376210749351,0.9257318901263549,0.549305727859793,0.00621376528075129,6.0
2026-09-02 23:30:00,-0.08848665,-0.3184604100791599,0.9399999789893627,11.649999739602208,0.030694269051419854,0.8950376210749351,0.9257318901263549,0.5187848309511829,0.00621376528075129,6.0
2026-09-02 23:40:00,-0.08848665,-0.34659959732488793,0.9399999789893627,11.649999739602208,0.030694269051419854,0.8950376210749351,0.9257318901263549,0.4906456437054549,0.00621376528075129,6.0
2026-09-02 23:50:00,-0.08848665,-0.3720988018066687,0.9399999789893627,11.649999739602208,0.030694269051419854,0.8950376210749351,0.9257318901263549,0.4651464392236741,0.00621376528075129,6.0
2026-09-03 00:00:00,-0.08727147,-0.39472450662340186,0.9299999792128801,11.509999742731452,0.030163674204643654,0.8795656009197192,0.9097292751243629,0.42773330164972656,0.00621376528075129,6.0
2026-09-03 00:10:00,-0.08727147,-0.4142707767086298,0.9299999792128801,11.509999742731452,0.030163674204643654,0.8795656009197192,0.9097292751243629,0.40818703156449865,0.00621376528075129,6.0
2026-09-03 00:20:00,-0.08727147,-0.4305617924348929,0.9299999792128801,11.509999742731452,0.030163674204643654,0.8795656009197192,0.9097292751243629,0.3918960158382355,0.00621376528075129,6.0
2026-09-03 00:30:00,-0.08727147,-0.44345401681612007,0.9299999792128801,11.509999742731452,0.030163674204643654,0.8795656009197192,0.9097292751243629,0.37900379145700835,0.00621376528075129,6.0
2026-09-03 00:40:00,-0.08727147,-0.45283791642605636,0.9299999792128801,11.509999742731452,0.030163674204643654,0.8795656009197192,0.9097292751243629,0.3696198918470721,0.00621376528075129,6.0
2026-09-03 00:50:00,-0.08727147,-0.4586391570602396,0.9299999792128801,11.509999742731452,0.030163674204643654,0.8795656009197192,0.9097292751243629,0.3638186512128888,0.00621376528075129,6.0
2026-09-03 01:00:00,-0.08727147,-0.4608192040095812,0.9299999792128801,11.509999742731452,0.030163674204643654,0.8795656009197192,0.9097292751243629,0.3616386042635472,0.00621376528075129,6.0
2026-09-03 01:10:00,-0.08727147,-0.45937527392179983,0.9299999792128801,11.509999742731452,0.030163674204643654,0.8795656009197192,0.9097292751243629,0.36308253435132865,0.00621376528075129,6.0
2026-09-03 01:20:00,-0.08727147,-0.45433960989801564,0.9299999792128801,11.509999742731452,0.030163674204643654,0.8795656009197192,0.9097292751243629,0.3681181983751127,0.00621376528075129,6.0
2026-09-03 01:30:00,-0.08727147,-0.44577808237459854,0.9299999792128801,11.509999742731452,0.030163674204643654,0.8795656009197192,0.9097292751243629,0.37667972589852994,0.00621376528075129,6.0
2026-09-03 01:40:00,-0.08727147,-0.43378815283971206,0.9299999792128801,11.509999742731452,0.030163674204643654,0.8795656009197192,0.9097292751243629,0.38866965543341636,0.00621376528075129,6.0
2026-09-03 01:50:00,-0.08727147,-0.41849627276445034,0.9299999792128801,11.509999742731452,0.030163674204643654,0.8795656009197192,0.9097292751243629,0.4039615355086781,0.00621376528075129,6.0
2026-09-03 02:00:00,-0.08727147,-0.4000548227925669,0.9299999792128801,11.509999742731452,0.030163674204643654,0.8795656009197192,0.9097292751243629,0.42240298548056154,0.00621376528075129,6.0
2026-09-03 02:10:00,-0.08727147,-0.3786387241646111,0.9299999792128801,11.509999742731452,0.030163674204643654,0.8795656009197192,0.9097292751243629,0.44381908410851734,0.00621376528075129,6.0
2026-09-03 02:20:00,-0.08727147,-0.35444187257662585,0.9299999792128801,11.509999742731452,0.030163674204643654,0.8795656009197192,0.9097292751243629,0.46801593569650257,0.00621376528075129,6.0
2026-09-03 02:30:00,-0.08727147,-0.3276735522198144,0.9299999792128801,11.509999742731452,0.030163674204643654,0.8795656009197192,0.9097292751243629,0.494784256053314,0.00621376528075129,6.0
2026-09-03 02:40:00,-0.08727147,-0.2985549834240688,0.9299999792128801,11.509999742731452,0.030163674204643654,0.8795656009197192,0.9097292751243629,0.5239028248490596,0.00621376528075129,6.0
2026-09-03 02:50:00,-0.08727147,-0.2673161412339919,0.9299999792128801,11.509999742731452,0.030163674204643654,0.8795656009197192,0.9097292751243629,0.5551416670391365,0.00621376528075129,6.0
2026-09-03 03:00:00,-0.08727147,-0.23419295552941027,0.9199999794363976,11.319999746978283,0.029505826474986615,0.8603829168168527,0.8898887432918393,0.5684243209111945,0.00621376528075129,6.0
2026-09-03 03:10:00,-0.08727147,-0.19942496830981685,0.9199999794363976,11.319999746978283,0.029505826474986615,0.8603829168168527,0.8898887432918393,0.6031923081307881,0.00621376528075129,6.0
2026-09-03 03:20:00,-0.08727147,-0.1632534835203928,0.9199999794363976,11.319999746978283,0.029505826474986615,0.8603829168168527,0.8898887432918393,0.6393637929202121,0.00621376528075129,6.0
2026-09-03 03:30:00,-0.08727147,-0.12592020313704522,0.9199999794363976,11.319999746978283,0.029505826474986615,0.8603829168168527,0.8898887432918393,0.6766970733035597,0.00621376528075129,6.0
2026-09-03 03:40:00,-0.08727147,-0.08766630381793995,0.9199999794363976,11.319999746978283,0.029505826474986615,0.8603829168168527,0.8898887432918393,0.7149509726226649,0.00621376528075129,6.0
2026-09-03 03:50:00,-0.08727147,-0.04873187509624633,0.9199999794363976,11.319999746978283,0.029505826474986615,0.8603829168168527,0.8898887432918393,0.7538854013443586,0.00621376528075129,6.0
2026-09-03 04:00:00,-0.08727147,-0.009355615747609895,0.9199999794363976,11.319999746978283,0.029505826474986615,0.8603829168168527,0.8898887432918393,0.793261660692995,0.00621376528075129,6.0
2026-09-03 04:10:00,-0.08727147,0.030225328274892122,0.9199999794363976,11.319999746978283,0.029505826474986615,0.8603829168168527,0.8898887432918393,0.832842604715497,0.00621376528075129,6.0
2026-09-03 04:20:00,-0.08727147,0.06977550192503289,0.9199999794363976,11.319999746978283,0.029505826474986615,0.8603829168168527,0.8898887432918393,0.8723927783656378,0.00621376528075129,6.0
2026-09-03 04:30:00,-0.08727147,0.10906136200753981,0.9199999794363976,11.319999746978283,0.029505826474986615,0.8603829168168527,0.8898887432918393,0.9116786384481447,0.00621376528075129,6.0
2026-09-03 04:40:00,-0.08727147,0.14785166650511639,0.9199999794363976,11.319999746978283,0.029505826474986615,0.8603829168168527,0.8898887432918393,0.9504689429457213,0.00621376528075129,6.0
2026-09-03 04:50:00,-0.08727147,0.18591808869290968,0.9199999794363976,11.319999746978283,0.029505826474986615,0.8603829168168527,0.8898887432918393,0.9885353651335146,0.00621376528075129,6.0
2026-09-03 05:00:00,-0.08727147,0.22303607862146968,0.9199999794363976,11.319999746978283,0.029505826474986615,0.8603829168168527,0.8898887432918393,1.0256533550620746,0.00621376528075129,6.0
2026-09-03 05:10:00,-0.08727147,0.2589859599464899,0.9199999794363976,11.319999746978283,0.029505826474986615,0.8603829168168527,0.8898887432918393,1.0616032363870946,0.00621376528075129,6.0
2026-09-03 05:20:00,-0.08727147,0.2935542182369212,0.9199999794363976,11.319999746978283,0.029505826474986615,0.8603829168168527,0.8898887432918393,1.096171494677526,0.00621376528075129,6.0
2026-09-03 05:30:00,-0.08727147,0.3265349113632626,0.9199999794363976,11.319999746978283,0.029505826474986615,0.8603829168168527,0.8898887432918393,1.1291521878038675,0.00621376528075129,6.0
2026-09-03 05:40:00,-0.08727147,0.35773111602069607,0.9199999794363976,11.319999746978283,0.029505826474986615,0.8603829168168527,0.8898887432918393,1.160348392461301,0.00621376528075129,6.0
2026-09-03 05:50:00,-0.08727147,0.38695631832479044,0.9199999794363976,11.319999746978283,0.029505826474986615,0.8603829168168527,0.8898887432918393,1.1895735947653954,0.00621376528075129,6.0
2026-09-03 06:00:00,-0.08727147,0.41403566155861576,0.9199999794363976,11.18999974988401,0.029166978644443484,0.850502194273903,0.8796691729183465,1.2064333676257277,0.00621376528075129,6.0
2026-09-03 06:10:00,-0.08727147,0.43880697946679337,0.9199999794363976,11.18999974988401,0.029166978644443484,0.850502194273903,0.8796691729183465,1.2312046855339054,0.00621376528075129,6.0
2026-09-03 06:20:00,-0.08727147,0.46112156734857385,0.9199999794363976,11.18999974988401,0.029166978644443484,0.850502194273903,0.8796691729183465,1.253519273415686,0.00621376528075129,6.0
2026-09-03 06:30:00,-0.08727147,0.48084467275317416,0.9199999794363976,11.18999974988401,0.029166978644443484,0.850502194273903,0.8796691729183465,1.2732423788202862,0.00621376528075129,6.0
2026-09-03 06:40:00,-0.08727147,0.497855719418144,0.9199999794363976,11.18999974988401,0.029166978644443484,0.850502194273903,0.8796691729183465,1.290253425485256,0.00621376528075129,6.0
2026-09-03 06:50:00,-0.08727147,0.5120483085883486,0.9199999794363976,11.18999974988401,0.029166978644443484,0.850502194273903,0.8796691729183465,1.3044460146554606,0.00621376528075129,6.0
2026-09-03 07:00:00,-0.08727147,0.5233300675732556,0.9199999794363976,11.18999974988401,0.029166978644443484,0.850502194273903,0.8796691729183465,1.3157277736403676,0.00621376528075129,6.0
2026-09-03 07:10:00,-0.08727147,0.5316224334622079,0.9199999794363976,11.18999974988401,0.029166978644443484,0.850502194273903,0.8796691729183465,1.32402013952932,0.00621376528075129,6.0
2026-09-03 07:20:00,-0.08727147,0.5368604680484256,0.9199999794363976,11.18999974988401,0.029166978644443484,0.850502194273903,0.8796691729183465,1.3292581741155376,0.00621376528075129,6.0
2026-09-03 07:30:00,-0.08727147,0.5389927974782376,0.9199999794363976,11.18999974988401,0.029166978644443484,0.850502194273903,0.8796691729183465,1.3313905035453497,0.00621376528075129,6.0
2026-09-03 07:40:00,-0.08727147,0.5379817568536537,0.9199999794363976,11.18999974988401,0.029166978644443484,0.850502194273903,0.8796691729183465,1.3303794629207657,0.00621376528075129,6.0
2026-09-03 07:50:00,-0.08727147,0.5338037973634369,0.9199999794363976,11.18999974988401,0.029166978644443484,0.850502194273903,0.8796691729183465,1.326201503430549,0.00621376528075129,6.0
2026-09-03 08:00:00,-0.08727147,0.5264501838709967,0.9199999794363976,11.18999974988401,0.029166978644443484,0.850502194273903,0.8796691729183465,1.3188478899381089,0.00621376528075129,6.0
2026-09-03 08:10:00,-0.08727147,0.515927977116951,0.9199999794363976,11.18999974988401,0.029166978644443484,0.850502194273903,0.8796691729183465,1.308325683184063,0.00621376528075129,6.0
2026-09-03 08:20:00,-0.08727147,0.5022612603413434,0.9199999794363976,11.18999974988401,0.029166978644443484,0.850502194273903,0.8796691729183465,1.2946589664084556,0.00621376528075129,6.0
2026-09-03 08:30:00,-0.08727147,0.485492538637876,0.9199999794363976,11.18999974988401,0.029166978644443484,0.850502194273903,0.8796691729183465,1.277890244704988,0.00621376528075129,6.0
2026-09-03 08:40:00,-0.08727147,0.4656842138505135,0.9199999794363976,11.18999974988401,0.029166978644443484,0.850502194273903,0.8796691729183465,1.2580819199176254,0.00621376528075129,6.0
2026-09-03 08:50:00,-0.08727147,0.4429200207541233,0.9199999794363976,11.18999974988401,0.029166978644443484,0.850502194273903,0.8796691729183465,1.2353177268212354,0.00621376528075129,6.0
2026-09-03 09:00:00,-0.08727147,0.4173063032329964,0.9299999792128801,11.079999752342701,0.029036794977189546,0.8467060693475663,0.8757428643247559,1.2057777007065178,0.00621376528075129,6.0
2026-09-03 09:10:00,-0.08727147,0.38897301263043593,0.9299999792128801,11.079999752342701,0.029036794977189546,0.8467060693475663,0.8757428643247559,1.1774444101039574,0.00621376528075129,6.0
2026-09-03 09:20:00,-0.08727147,0.35807432385450577,0.9299999792128801,11.079999752342701,0.029036794977189546,0.8467060693475663,0.8757428643247559,1.1465457213280272,0.00621376528075129,6.0
2026-09-03 09:30:00,-0.08727147,0.3247887865716662,0.9299999792128801,11.079999752342701,0.029036794977189546,0.8467060693475663,0.8757428643247559,1.1132601840451877,0.00621376528075129,6.0
2026-09-03 09:40:00,-0.08727147,0.28931895655842643,0.9299999792128801,11.079999752342701,0.029036794977189546,0.8467060693475663,0.8757428643247559,1.077790354031948,0.00621376528075129,6.0
2026-09-03 09:50:00,-0.08727147,0.2518904831426827,0.9299999792128801,11.079999752342701,0.029036794977189546,0.8467060693475663,0.8757428643247559,1.0403618806162043,0.00621376528075129,6.0
2026-09-03 10:00:00,-0.08727147,0.2127506595937422,0.9299999792128801,11.079999752342701,0.029036794977189546,0.8467060693475663,0.8757428643247559,1.0012220570672636,0.00621376528075129,6.0
2026-09-03 10:10:00,-0.08727147,0.17216647138543095,0.9299999792128801,11.079999752342701,0.029036794977189546,0.8467060693475663,0.8757428643247559,0.9606378688589524,0.00621376528075129,6.0
2026-09-03 10:20:00,-0.08727147,0.13042220014877534,0.9299999792128801,11.079999752342701,0.029036794977189546,0.8467060693475663,0.8757428643247559,0.9188935976222968,0.00621376528075129,6.0
2026-09-03 10:30:00,-0.08727147,0.08781665706897843,0.9299999792128801,11.079999752342701,0.029036794977189546,0.8467060693475663,0.8757428643247559,0.8762880545424999,0.00621376528075129,6.0
2026-09-03 10:40:00,-0.08727147,0.044660127729869055,0.9299999792128801,11.079999752342701,0.029036794977189546,0.8467060693475663,0.8757428643247559,0.8331315252033905,0.00621376528075129,6.0
2026-09-03 10:50:00,-0.08727147,0.0012711111462793345,0.9299999792128801,11.079999752342701,0.029036794977189546,0.8467060693475663,0.8757428643247559,0.7897425086198008,0.00621376528075129,6.0
2026-09-03 11:00:00,-0.08727147,-0.042027070108494734,0.9299999792128801,11.079999752342701,0.029036794977189546,0.8467060693475663,0.8757428643247559,0.7464443273650267,0.00621376528075129,6.0
2026-09-03 11:10:00,-0.08727147,-0.08490972234730963,0.9299999792128801,11.079999752342701,0.029036794977189546,0.8467060693475663,0.8757428643247559,0.7035616751262118,0.00621376528075129,6.0
2026-09-03 11:20:00,-0.08727147,-0.1270542425699324,0.9299999792128801,11.079999752342701,0.029036794977189546,0.8467060693475663,0.8757428643247559,0.6614171549035891,0.00621376528075129,6.0
2026-09-03 11:30:00,-0.08727147,-0.16814354969869372,0.9299999792128801,11.079999752342701,0.029036794977189546,0.8467060693475663,0.8757428643247559,0.6203278477748277,0.00621376528075129,6.0
2026-09-03 11:40:00,-0.08727147,-0.20786945662821452,0.9299999792128801,11.079999752342701,0.029036794977189546,0.8467060693475663,0.8757428643247559,0.5806019408453069,0.00621376528075129,6.0
2026-09-03 11:50:00,-0.08727147,-0.24593596173436477,0.9299999792128801,11.079999752342701,0.029036794977189546,0.8467060693475663,0.8757428643247559,0.5425354357391567,0.00621376528075129,6.0
2026-09-03 12:00:00,-0.08727147,-0.2820624409427482,0.9499999787658453,10.99999975413084,0.029135463488348404,0.8495832197809156,0.878718683269264,0.5093847754752814,0.00621376528075129,6.0
2026-09-03 12:10:00,-0.08727147,-0.3159867184252381,0.9499999787658453,10.99999975413084,0.029135463488348404,0.8495832197809156,0.878718683269264,0.4754604979927914,0.00621376528075129,6.0
2026-09-03 12:20:00,-0.08727147,-0.3474679862316573,0.9499999787658453,10.99999975413084,0.029135463488348404,0.8495832197809156,0.878718683269264,0.4439792301863722,0.00621376528075129,6.0
2026-09-03 12:30:00,-0.08727147,-0.37628953204681787,0.9499999787658453,10.99999975413084,0.029135463488348404,0.8495832197809156,0.878718683269264,0.41515768437121164,0.00621376528075129,6.0
2026-09-03 12:40:00,-0.08727147,-0.40226122149524457,0.9499999787658453,10.99999975413084,0.029135463488348404,0.8495832197809156,0.878718683269264,0.38918599492278494,0.00621376528075129,6.0
2026-09-03 12:50:00,-0.08727147,-0.425221669765389,0.9499999787658453,10.99999975413084,0.029135463488348404,0.8495832197809156,0.878718683269264,0.3662255466526405,0.00621376528075129,6.0
2026-09-03 13:00:00,-0.08727147,-0.44504002881905275,0.9499999787658453,10.99999975413084,0.029135463488348404,0.8495832197809156,0.878718683269264,0.3464071875989767,0.00621376528075129,6.0
2026-09-03 13:10:00,-0.08727147,-0.4616173136047453,0.9499999787658453,10.99999975413084,0.029135463488348404,0.8495832197809156,0.878718683269264,0.3298299028132843,0.00621376528075129,6.0
2026-09-03 13:20:00,-0.08727147,-0.47488719495629467,0.9499999787658453,10.99999975413084,0.029135463488348404,0.8495832197809156,0.878718683269264,0.3165600214617348,0.00621376528075129,6.0
2026-09-03 13:30:00,-0.08727147,-0.4848161992699525,0.9499999787658453,10.99999975413084,0.029135463488348404,0.8495832197809156,0.878718683269264,0.30663101714807706,0.00621376528075129,6.0
2026-09-03 13:40:00,-0.08727147,-0.491403275397077,0.9499999787658453,10.99999975413084,0.029135463488348404,0.8495832197809156,0.878718683269264,0.30004394102095255,0.00621376528075129,6.0
2026-09-03 13:50:00,-0.08727147,-0.49467871653447526,0.9499999787658453,10.99999975413084,0.029135463488348404,0.8495832197809156,0.878718683269264,0.29676849988355425,0.00621376528075129,6.0
2026-09-03 14:00:00,-0.08727147,-0.4947024572886086,0.9499999787658453,10.99999975413084,0.029135463488348404,0.8495832197809156,0.878718683269264,0.2967447591294209,0.00621376528075129,6.0
2026-09-03 14:10:00,-0.08727147,-0.49156180069511785,0.9499999787658453,10.99999975413084,0.029135463488348404,0.8495832197809156,0.878718683269264,0.2998854157229116,0.00621376528075129,6.0
2026-09-03 14:20:00,-0.08727147,-0.4853686638387435,0.9499999787658453,10.99999975413084,0.029135463488348404,0.8495832197809156,0.878718683269264,0.30607855257928596,0.00621376528075129,6.0
2026-09-03 14:30:00,-0.08727147,-0.4762564603335497,0.9499999787658453,10.99999975413084,0.029135463488348404,0.8495832197809156,0.878718683269264,0.3151907560844798,0.00621376528075129,6.0
2026-09-03 14:40:00,-0.08727147,-0.464376760388112,0.9499999787658453,10.99999975413084,0.029135463488348404,0.8495832197809156,0.878718683269264,0.3270704560299176,0.00621376528075129,6.0
2026-09-03 14:50:00,-0.08727147,-0.44989588187651774,0.9499999787658453,10.99999975413084,0.029135463488348404,0.8495832197809156,0.878718683269264,0.34155133454151176,0.00621376528075129,6.0
2026-09-03 15:00:00,-0.08727147,-0.4329915672144277,0.9999999776482582,10.939999755471945,0.02972930560892007,0.8668995154711684,0.8966288210800885,0.37636578701442625,0.00621376528075129,6.0
2026-09-03 15:10:00,-0.08727147,-0.41384989029012514,0.9999999776482582,10.939999755471945,0.02972930560892007,0.8668995154711684,0.8966288210800885,0.39550746393872893,0.00621376528075129,6.0
2026-09-03 15:20:00,-0.08727147,-0.3926625158776671,0.9999999776482582,10.939999755471945,0.02972930560892007,0.8668995154711684,0.8966288210800885,0.4166948383511869,0.00621376528075129,6.0
2026-09-03 15:30:00,-0.08727147,-0.36962440254560214,0.9999999776482582,10.939999755471945,0.02972930560892007,0.8668995154711684,0.8966288210800885,0.4397329516832519,0.00621376528075129,6.0
2026-09-03 15:40:00,-0.08727147,-0.34493200189055045,0.9999999776482582,10.939999755471945,0.02972930560892007,0.8668995154711684,0.8966288210800885,0.46442535233830357,0.00621376528075129,6.0
2026-09-03 15:50:00,-0.08727147,-0.3187819652867032,0.9999999776482582,10.939999755471945,0.02972930560892007,0.8668995154711684,0.8966288210800885,0.4905753889421508,0.00621376528075129,6.0
2026-09-03 16:00:00,-0.08727147,-0.2913703282010068,0.9999999776482582,10.939999755471945,0.02972930560892007,0.8668995154711684,0.8966288210800885,0.5179870260278472,0.00621376528075129,6.0
2026-09-03 16:10:00,-0.08727147,-0.262892105167087,0.9999999776482582,10.939999755471945,0.02972930560892007,0.8668995154711684,0.8966288210800885,0.546465249061767,0.00621376528075129,6.0
2026-09-03 16:20:00,-0.08727147,-0.23354119922753439,0.9999999776482582,10.939999755471945,0.02972930560892007,0.8668995154711684,0.8966288210800885,0.5758161550013197,0.00621376528075129,6.0
2026-09-03 16:30:00,-0.08727147,-0.20351051056475405,0.9999999776482582,10.939999755471945,0.02972930560892007,0.8668995154711684,0.8966288210800885,0.6058468436641,0.00621376528075129,6.0
2026-09-03 16:40:00,-0.08727147,-0.17299212187001659,0.9999999776482582,10.939999755471945,0.02972930560892007,0.8668995154711684,0.8966288210800885,0.6363652323588375,0.00621376528075129,6.0
2026-09-03 16:50:00,-0.08727147,-0.14217744306373825,0.9999999776482582,10.939999755471945,0.02972930560892007,0.8668995154711684,0.8966288210800885,0.6671799111651158,0.00621376528075129,6.0
2026-09-03 17:00:00,-0.08727147,-0.11125721435678472,0.9999999776482582,10.939999755471945,0.02972930560892007,0.8668995154711684,0.8966288210800885,0.6981001398720693,0.00621376528075129,6.0
2026-09-03 17:10:00,-0.08727147,-0.08042129257892447,0.9999999776482582,10.939999755471945,0.02972930560892007,0.8668995154711684,0.8966288210800885,0.7289360616499295,0.00621376528075129,6.0
2026-09-03 17:20:00,-0.08727147,-0.04985817786953708,0.9999999776482582,10.939999755471945,0.02972930560892007,0.8668995154711684,0.8966288210800885,0.759499176359317,0.00621376528075129,6.0
2026-09-03 17:30:00,-0.08727147,-0.019754273123887445,0.9999999776482582,10.939999755471945,0.02972930560892007,0.8668995154711684,0.8966288210800885,0.7896030811049666,0.00621376528075129,6.0
2026-09-03 17:40:00,-0.08727147,0.00970709728031866,0.9999999776482582,10.939999755471945,0.02972930560892007,0.8668995154711684,0.8966288210800885,0.8190644515091727,0.00621376528075129,6.0
2026-09-03 17:50:00,-0.08727147,0.038346853141026295,0.9999999776482582,10.939999755471945,0.02972930560892007,0.8668995154711684,0.8966288210800885,0.8477042073698803,0.00621376528075129,6.0
2026-09-03 18:00:00,-0.08727147,0.06599143021852136,1.0599999763071537,10.899999756366014,0.030496280533694187,0.8892643227563315,0.9197606032900256,0.8984805666573126,0.00621376528075129,6.0
2026-09-03 18:10:00,-0.08727147,0.09247406770420112,1.0599999763071537,10.899999756366014,0.030496280533694187,0.8892643227563315,0.9197606032900256,0.9249632041429923,0.00621376528075129,6.0
2026-09-03 18:20:00,-0.08727147,0.11763601977541084,1.0599999763071537,10.899999756366014,0.030496280533694187,0.8892643227563315,0.9197606032900256,0.950125156214202,0.00621376528075129,6.0
2026-09-03 18:30:00,-0.08727147,0.14132760957426901,1.0599999763071537,10.899999756366014,0.030496280533694187,0.8892643227563315,0.9197606032900256,0.9738167460130602,0.00621376528075129,6.0
2026-09-03 18:40:00,-0.08727147,0.16340906318956427,1.0599999763071537,10.899999756366014,0.030496280533694187,0.8892643227563315,0.9197606032900256,0.9958981996283555,0.00621376528075129,6.0
2026-09-03 18:50:00,-0.08727147,0.18375108818122546,1.0599999763071537,10.899999756366014,0.030496280533694187,0.8892643227563315,0.9197606032900256,1.0162402246200166,0.00621376528075129,6.0
2026-09-03 19:00:00,-0.08727147,0.2022351919642665,1.0599999763071537,10.899999756366014,0.030496280533694187,0.8892643227563315,0.9197606032900256,1.0347243284030576,0.00621376528075129,6.0
2026-09-03 19:10:00,-0.08727147,0.21875376711353714,1.0599999763071537,10.899999756366014,0.030496280533694187,0.8892643227563315,0.9197606032900256,1.0512429035523283,0.00621376528075129,6.0
2026-09-03 19:20:00,-0.08727147,0.23320999918204544,1.0599999763071537,10.899999756366014,0.030496280533694187,0.8892643227563315,0.9197606032900256,1.0656991356208367,0.00621376528075129,6.0
2026-09-03 19:30:00,-0.08727147,0.2455176751803219,1.0599999763071537,10.899999756366014,0.030496280533694187,0.8892643227563315,0.9197606032900256,1.078006811619113,0.00621376528075129,6.0
2026-09-03 19:40:00,-0.08727147,0.25560098447745333,1.0599999763071537,10.899999756366014,0.030496280533694187,0.8892643227563315,0.9197606032900256,1.0880901209162446,0.00621376528075129,6.0
2026-09-03 19:50:00,-0.08727147,0.2633944071855372,1.0599999763071537,10.899999756366014,0.030496280533694187,0.8892643227563315,0.9197606032900256,1.0958835436243284,0.00621376528075129,6.0
2026-09-03 20:00:00,-0.08727147,0.26884277760704717,1.0599999763071537,10.899999756366014,0.030496280533694187,0.8892643227563315,0.9197606032900256,1.1013319140458384,0.00621376528075129,6.0
2026-09-03 20:10:00,-0.08727147,0.27190159253040647,1.0599999763071537,10.899999756366014,0.030496280533694187,0.8892643227563315,0.9197606032900256,1.1043907289691977,0.00621376528075129,6.0
2026-09-03 20:20:00,-0.08727147,0.2725376082298969,1.0599999763071537,10.899999756366014,0.030496280533694187,0.8892643227563315,0.9197606032900256,1.105026744668688,0.00621376528075129,6.0
2026-09-03 20:30:00,-0.08727147,0.27072973812302326,1.0599999763071537,10.899999756366014,0.030496280533694187,0.8892643227563315,0.9197606032900256,1.1032188745618146,0.00621376528075129,6.0
2026-09-03 20:40:00,-0.08727147,0.26647022899343903,1.0599999763071537,10.899999756366014,0.030496280533694187,0.8892643227563315,0.9197606032900256,1.0989593654322303,0.00621376528075129,6.0
2026-09-03 20:50:00,-0.08727147,0.2597660604063921,1.0599999763071537,10.899999756366014,0.030496280533694187,0.8892643227563315,0.9197606032900256,1.0922551968451832,0.00621376528075129,6.0
2026-09-03 21:00:00,-0.08727147,0.2506404832454404,1.0799999758601189,10.849999757483602,0.030641432111739645,0.8934969084188681,0.9241383405306077,1.0875073569248137,0.00621376528075129,6.0
2026-09-03 21:10:00,-0.08727147,0.23913459170513565,1.0799999758601189,10.849999757483602,0.030641432111739645,0.8934969084188681,0.9241383405306077,1.076001465384509,0.00621376528075129,6.0
2026-09-03 21:20:00,-0.08727147,0.2253088108098218,1.0799999758601189,10.849999757483602,0.030641432111739645,0.8934969084188681,0.9241383405306077,1.062175684489195,0.00621376528075129,6.0
2026-09-03 21:30:00,-0.08727147,0.20924417957212973,1.0799999758601189,10.849999757483602,0.030641432111739645,0.8934969084188681,0.9241383405306077,1.046111053251503,0.00621376528075129,6.0
2026-09-03 21:40:00,-0.08727147,0.19104331826183796,1.0799999758601189,10.849999757483602,0.030641432111739645,0.8934969084188681,0.9241383405306077,1.0279101919412112,0.00621376528075129,6.0
2026-09-03 21:50:00,-0.08727147,0.17083098582668008,1.0799999758601189,10.849999757483602,0.030641432111739645,0.8934969084188681,0.9241383405306077,1.0076978595060533,0.00621376528075129,6.0
2026-09-03 22:00:00,-0.08727147,0.14875415834450093,1.0799999758601189,10.849999757483602,0.030641432111739645,0.8934969084188681,0.9241383405306077,0.9856210320238742,0.00621376528075129,6.0
2026-09-03 22:10:00,-0.08727147,0.12498158878159842,1.0799999758601189,10.849999757483602,0.030641432111739645,0.8934969084188681,0.9241383405306077,0.9618484624609717,0.00621376528075129,6.0
2026-09-03 22:20:00,-0.08727147,0.09970283938338498,1.0799999758601189,10.849999757483602,0.030641432111739645,0.8934969084188681,0.9241383405306077,0.9365697130627583,0.00621376528075129,6.0
2026-09-03 22:30:00,-0.08727147,0.07312680759874794,1.0799999758601189,10.849999757483602,0.030641432111739645,0.8934969084188681,0.9241383405306077,0.9099936812781212,0.00621376528075129,6.0
2026-09-03 22:40:00,-0.08727147,0.04547979197029457,1.0799999758601189,10.849999757483602,0.030641432111739645,0.8934969084188681,0.9241383405306077,0.8823466656496679,0.00621376528075129,6.0
2026-09-03 22:50:00,-0.08727147,0.017003163778365245,1.0799999758601189,10.849999757483602,0.030641432111739645,0.8934969084188681,0.9241383405306077,0.8538700374577386,0.00621376528075129,6.0
2026-09-03 23:00:00,-0.08727147,-0.012049277915857644,1.0799999758601189,10.849999757483602,0.030641432111739645,0.8934969084188681,0.9241383405306077,0.8248175957635157,0.00621376528075129,6.0
2026-09-03 23:10:00,-0.08727147,-0.04141418593377681,1.0799999758601189,10.849999757483602,0.030641432111739645,0.8934969084188681,0.9241383405306077,0.7954526877455965,0.00621376528075129,6.0
2026-09-03 23:20:00,-0.08727147,-0.0708217006006701,1.0799999758601189,10.849999757483602,0.030641432111739645,0.8934969084188681,0.9241383405306077,0.7660451730787032,0.00621376528075129,6.0
2026-09-03 23:30:00,-0.08727147,-0.09999857112967908,1.0799999758601189,10.849999757483602,0.030641432111739645,0.8934969084188681,0.9241383405306077,0.7368683025496943,0.00621376528075129,6.0
2026-09-03 23:40:00,-0.08727147,-0.12867130527312096,1.0799999758601189,10.849999757483602,0.030641432111739645,0.8934969084188681,0.9241383405306077,0.7081955684062523,0.00621376528075129,6.0
2026-09-03 23:50:00,-0.08727147,-0.15656930346048914,1.0799999758601189,10.849999757483602,0.030641432111739645,0.8934969084188681,0.9241383405306077,0.6802975702188842,0.00621376528075129,6.0
2026-09-04 00:00:00,-0.08727147,-0.1834279465588855,1.0799999758601189,10.849999757483602,0.030641432111739645,0.8934969084188681,0.9241383405306077,0.6534389271204878,0.00621376528075129,6.0
2026-09-04 00:10:00,,-0.20899161632666327,,,,,,,0.00621376528075129,6.0
2026-09-04 00:20:00,,-0.23301663269672976,,,,,,,0.00621376528075129,6.0
2026-09-04 00:30:00,,-0.25527409214044755,,,,,,,0.00621376528075129,6.0
2026-09-04 00:40:00,,-0.27555258582748393,,,,,,,0.00621376528075129,6.0
2026-09-04 00:50:00,,-0.29366076683079473,,,,,,,0.00621376528075129,6.0
2026-09-04 01:00:00,,-0.30942972308156047,,,,,,,0.00621376528075129,6.0
2026-09-04 01:10:00,,-0.32271510027138606,,,,,,,0.00621376528075129,6.0
2026-09-04 01:20:00,,-0.3333989079044686,,,,,,,0.00621376528075129,6.0
2026-09-04 01:30:00,,-0.341390935439809,,,,,,,0.00621376528075129,6.0
2026-09-04 01:40:00,,-0.3466297053138391,,,,,,,0.00621376528075129,6.0
2026-09-04 01:50:00,,-0.3490828972364391,,,,,,,0.00621376528075129,6.0
2026-09-04 02:00:00,,-0.3487471939167041,,,,,,,0.00621376528075129,6.0
2026-09-04 02:10:00,,-0.345647521610505,,,,,,,0.00621376528075129,6.0
2026-09-04 02:20:00,,-0.3398356884288656,,,,,,,0.00621376528075129,6.0
2026-09-04 02:30:00,,-0.33138845645678805,,,,,,,0.00621376528075129,6.0
2026-09-04 02:40:00,,-0.32040511795791227,,,,,,,0.00621376528075129,6.0
2026-09-04 02:50:00,,-0.30700467749844096,,,,,,,0.00621376528075129,6.0
2026-09-04 03:00:00,,-0.2913227679621128,,,,,,,0.00621376528075129,6.0
2026-09-04 03:10:00,,-0.27350844597736373,,,,,,,0.00621376528075129,6.0
2026-09-04 03:20:00,,-0.2537210193328438,,,,,,,0.00621376528075129,6.0
2026-09-04 03:30:00,,-0.23212705429412478,,,,,,,0.00621376528075129,6.0
2026-09-04 03:40:00,,-0.20889769440465164,,,,,,,0.00621376528075129,6.0
2026-09-04 03:50:00,,-0.1842063954522069,,,,,,,0.00621376528075129,6.0
2026-09-04 04:00:00,,-0.1582271462020021,,,,,,,0.00621376528075129,6.0
2026-09-04 04:10:00,,-0.13113320406837475,,,,,,,0.00621376528075129,6.0
2026-09-04 04:20:00,,-0.10309633319256836,,,,,,,0.00621376528075129,6.0
2026-09-04 04:30:00,,-0.07428649278176531,,,,,,,0.00621376528075129,6.0
2026-09-04 04:40:00,,-0.04487189014838183,,,,,,,0.00621376528075129,6.0
2026-09-04 04:50:00,,-0.015019288442027991,,,,,,,0.00621376528075129,6.0
2026-09-04 05:00:00,,0.015105554210555004,,,,,,,0.00621376528075129,6.0
2026-09-04 05:10:00,,0.045337438331814764,,,,,,,0.00621376528075129,6.0
2026-09-04 05:20:00,,0.07551138275473458,,,,,,,0.00621376528075129,6.0
2026-09-04 05:30:00,,0.10546248177898367,,,,,,,0.00621376528075129,6.0
2026-09-04 05:40:00,,0.1350260217733774,,,,,,,0.00621376528075129,6.0
2026-09-04 05:50:00,,0.1640378843843908,,,,,,,0.00621376528075129,6.0
2026-09-04 06:00:00,,0.19233522816043203,,,,,,,0.00621376528075129,6.0
2026-09-04 06:10:00,,0.21975740735554095,,,,,,,0.00621376528075129,6.0
2026-09-04 06:20:00,,0.24614706001778758,,,,,,,0.00621376528075129,6.0
2026-09-04 06:30:00,,0.27135127971867484,,,,,,,0.00621376528075129,6.0
2026-09-04 06:40:00,,0.2952227779517853,,,,,,,0.00621376528075129,6.0
2026-09-04 06:50:00,,0.3176209484053089,,,,,,,0.00621376528075129,6.0
2026-09-04 07:00:00,,0.33841275854062297,,,,,,,0.00621376528075129,6.0
2026-09-04 07:10:00,,0.35747341742351846,,,,,,,0.00621376528075129,6.0
2026-09-04 07:20:00,,0.37468679754217726,,,,,,,0.00621376528075129,6.0
2026-09-04 07:30:00,,0.38994562043232783,,,,,,,0.00621376528075129,6.0
2026-09-04 07:40:00,,0.4031514463292794,,,,,,,0.00621376528075129,6.0
2026-09-04 07:50:00,,0.41421453442522543,,,,,,,0.00621376528075129,6.0
2026-09-04 08:00:00,,0.423053658896728,,,,,,,0.00621376528075129,6.0
2026-09-04 08:10:00,,0.4295959748725688,,,,,,,0.00621376528075129,6.0
2026-09-04 08:20:00,,0.4337770268217222,,,,,,,0.00621376528075129,6.0
2026-09-04 08:30:00,,0.4355409794116622,,,,,,,0.00621376528075129,6.0
2026-09-04 08:40:00,,0.43484112916094914,,,,,,,0.00621376528075129,6.0
2026-09-04 08:50:00,,0.4316407260722438,,,,,,,0.00621376528075129,6.0
2026-09-04 09:00:00,,0.42591410132628277,,,,,,,0.00621376528075129,6.0
2026-09-04 09:10:00,,0.41764806296141926,,,,,,,0.00621376528075129,6.0
2026-09-04 09:20:00,,0.4068434900806919,,,,,,,0.00621376528075129,6.0
2026-09-04 09:30:00,,0.3935170304814302,,,,,,,0.00621376528075129,6.0
2026-09-04 09:40:00,,0.3777027892073869,,,,,,,0.00621376528075129,6.0
2026-09-04 09:50:00,,0.3594538880128952,,,,,,,0.00621376528075129,6.0
2026-09-04 10:00:00,,0.3388437786331743,,,,,,,0.00621376528075129,6.0
2026-09-04 10:10:00,,0.31596720547746054,,,,,,,0.00621376528075129,6.0
2026-09-04 10:20:00,,0.2909407345393859,,,,,,,0.00621376528075129,6.0
2026-09-04 10:30:00,,0.2639027923391291,,,,,,,0.00621376528075129,6.0
2026-09-04 10:40:00,,0.2350131890969992,,,,,,,0.00621376528075129,6.0
2026-09-04 10:50:00,,0.2044521306913149,,,,,,,0.00621376528075129,6.0
2026-09-04 11:00:00,,0.17241875158129283,,,,,,,0.00621376528075129,6.0
2026-09-04 11:10:00,,0.13912922346634707,,,,,,,0.00621376528075129,6.0
2026-09-04 11:20:00,,0.10481450987339408,,,,,,,0.00621376528075129,6.0
2026-09-04 11:30:00,,0.06971784502769648,,,,,,,0.00621376528075129,6.0
2026-09-04 11:40:00,,0.03409201543851457,,,,,,,0.00621376528075129,6.0
2026-09-04 11:50:00,,-0.0018034831965329829,,,,,,,0.00621376528075129,6.0
2026-09-04 12:00:00,,-0.037705352485942284,,,,,,,0.00621376528075129,6.0
2026-09-04 12:10:00,,-0.07334941318372913,,,,,,,0.00621376528075129,6.0
2026-09-04 12:20:00,,-0.10847350825641158,,,,,,,0.00621376528075129,6.0
2026-09-04 12:30:00,,-0.14282036463847284,,,,,,,0.00621376528075129,6.0
2026-09-04 12:40:00,,-0.1761403987588672,,,,,,,0.00621376528075129,6.0
2026-09-04 12:50:00,,-0.20819445371127404,,,,,,,0.00621376528075129,6.0
2026-09-04 13:00:00,,-0.23875645275648186,,,,,,,0.00621376528075129,6.0
2026-09-04 13:10:00,,-0.2676159463700941,,,,,,,0.00621376528075129,6.0
2026-09-04 13:20:00,,-0.2945805181167931,,,,,,,0.00621376528075129,6.0
2026-09-04 13:30:00,,-0.31947800182664865,,,,,,,0.00621376528075129,6.0
2026-09-04 13:40:00,,-0.3421584496381353,,,,,,,0.00621376528075129,6.0
2026-09-04 13:50:00,,-0.3624957812942466,,,,,,,0.00621376528075129,6.0
2026-09-04 14:00:00,,-0.3803890408480802,,,,,,,0.00621376528075129,6.0
2026-09-04 14:10:00,,-0.3957631899234647,,,,,,,0.00621376528075129,6.0
2026-09-04 14:20:00,,-0.4085693777474398,,,,,,,0.00621376528075129,6.0
2026-09-04 14:30:00,,-0.41878464697497314,,,,,,,0.00621376528075129,6.0
2026-09-04 14:40:00,,-0.42641106059192596,,,,,,,0.00621376528075129,6.0
2026-09-04 14:50:00,,-0.4314742661023325,,,,,,,0.00621376528075129,6.0
2026-09-04 15:00:00,,-0.4340215471026836,,,,,,,0.00621376528075129,6.0
2026-09-04 15:10:00,,-0.4341194452029393,,,,,,,0.00621376528075129,6.0
2026-09-04 15:20:00,,-0.4318510645090716,,,,,,,0.00621376528075129,6.0
2026-09-04 15:30:00,,-0.4273131929569111,,,,,,,0.00621376528075129,6.0
2026-09-04 15:40:00,,-0.4206133874740116,,,,,,,0.00621376528075129,6.0
2026-09-04 15:50:00,,-0.41186717141739854,,,,,,,0.00621376528075129,6.0
2026-09-04 16:00:00,,-0.40119548246333353,,,,,,,0.00621376528075129,6.0
2026-09-04 16:10:00,,-0.388722487621093,,,,,,,0.00621376528075129,6.0
2026-09-04 16:20:00,,-0.37457385106595203,,,,,,,0.00621376528075129,6.0
2026-09-04 16:30:00,,-0.3588755025937244,,,,,,,0.00621376528075129,6.0
2026-09-04 16:40:00,,-0.3417529132911281,,,,,,,0.00621376528075129,6.0
2026-09-04 16:50:00,,-0.3233308440428921,,,,,,,0.00621376528075129,6.0
2026-09-04 17:00:00,,-0.3037334958126925,,,,,,,0.00621376528075129,6.0
2026-09-04 17:10:00,,-0.28308496144324186,,,,,,,0.00621376528075129,6.0
2026-09-04 17:20:00,,-0.2615098597168785,,,,,,,0.00621376528075129,6.0
2026-09-04 17:30:00,,-0.239134025466152,,,,,,,0.00621376528075129,6.0
2026-09-04 17:40:00,,-0.21608513447570293,,,,,,,0.00621376528075129,6.0
2026-09-04 17:50:00,,-0.19249315884436563,,,,,,,0.00621376528075129,6.0
2026-09-04 18:00:00,,-0.16849057431764283,,,,,,,0.00621376528075129,6.0
2026-09-04 18:10:00,,-0.14421227408973553,,,,,,,0.00621376528075129,6.0
2026-09-04 18:20:00,,-0.11979517906073021,,,,,,,0.00621376528075129,6.0
2026-09-04 18:30:00,,-0.09537756962377358,,,,,,,0.00621376528075129,6.0
2026-09-04 18:40:00,,-0.07109819434789992,,,,,,,0.00621376528075129,6.0
2026-09-04 18:50:00,,-0.04709523378422607,,,,,,,0.00621376528075129,6.0
2026-09-04 19:00:00,,-0.023505210569557195,,,,,,,0.00621376528075129,6.0
2026-09-04 19:10:00,,-0.00046193861100048974,,,,,,,0.00621376528075129,6.0
2026-09-04 19:20:00,,0.02190440481973571,,,,,,,0.00621376528075129,6.0
2026-09-04 19:30:00,,0.043468019618032094,,,,,,,0.00621376528075129,6.0
2026-09-04 19:40:00,,0.06410799784447263,,,,,,,0.00621376528075129,6.0
2026-09-04 19:50:00,,0.08370860626742603,,,,,,,0.00621376528075129,6.0
2026-09-04 20:00:00,,0.10215936123554287,,,,,,,0.00621376528075129,6.0
2026-09-04 20:10:00,,0.11935494994273833,,,,,,,0.00621376528075129,6.0
2026-09-04 20:20:00,,0.13519507517840773,,,,,,,0.00621376528075129,6.0
2026-09-04 20:30:00,,0.149584315055475,,,,,,,0.00621376528075129,6.0
2026-09-04 20:40:00,,0.16243209346226348,,,,,,,0.00621376528075129,6.0
2026-09-04 20:50:00,,0.17365284994708216,,,,,,,0.00621376528075129,6.0
2026-09-04 21:00:00,,0.18316648098228924,,,,,,,0.00621376528075129,6.0
2026-09-04 21:10:00,,0.19089909873273903,,,,,,,0.00621376528075129,6.0
2026-09-04 21:20:00,,0.1967841221532991,,,,,,,0.00621376528075129,6.0
2026-09-04 21:30:00,,0.2007636809413555,,,,,,,0.00621376528075129,6.0
2026-09-04 21:40:00,,0.2027902795540988,,,,,,,0.00621376528075129,6.0
2026-09-04 21:50:00,,0.20282863920184827,,,,,,,0.00621376528075129,6.0
2026-09-04 22:00:00,,0.20085761349556322,,,,,,,0.00621376528075129,6.0
2026-09-04 22:10:00,,0.19687206029748758,,,,,,,0.00621376528075129,6.0
2026-09-04 22:20:00,,0.19088454937625923,,,,,,,0.00621376528075129,6.0
2026-09-04 22:30:00,,0.18292679281878052,,,,,,,0.00621376528075129,6.0
2026-09-04 22:40:00,,0.1730507017109705,,,,,,,0.00621376528075129,6.0
2026-09-04 22:50:00,,0.16132899646161245,,,,,,,0.00621376528075129,6.0
2026-09-04 23:00:00,,0.14785532674173119,,,,,,,0.00621376528075129,6.0
2026-09-04 23:10:00,,0.13274388729327632,,,,,,,0.00621376528075129,6.0
2026-09-04 23:20:00,,0.11612854491251123,,,,,,,0.00621376528075129,6.0
2026-09-04 23:30:00,,0.09816151706020841,,,,,,,0.00621376528075129,6.0
2026-09-04 23:40:00,,0.07901166147819973,,,,,,,0.00621376528075129,6.0
2026-09-04 23:50:00,,0.058862448137432674,,,,,,,0.00621376528075129,6.0
