,SSH_10min,Tide_10min,Significant_Wave_Height,Peak_Wave_Period,Wave_Setup,Wave_Swash,Wave_Runup,Total_Water_Level,beach_slope,water_depth
2026-08-25 00:00:00,0.007768306,0.07666081539009871,0.7999999821186066,10.37999976798892,0.02269723498229177,0.7353089991657107,0.7580062341480025,0.842435355487968,0.005590079799583065,5.0
2026-08-25 00:10:00,0.007768306,0.10662190718398834,0.7999999821186066,10.37999976798892,0.02269723498229177,0.7353089991657107,0.7580062341480025,0.8723964472818576,0.005590079799583065,5.0
2026-08-25 00:20:00,0.007768306,0.13545855653339844,0.7999999821186066,10.37999976798892,0.02269723498229177,0.7353089991657107,0.7580062341480025,0.9012330966312677,0.005590079799583065,5.0
2026-08-25 00:30:00,0.007768306,0.16299691975029656,0.7999999821186066,10.37999976798892,0.02269723498229177,0.7353089991657107,0.7580062341480025,0.9287714598481658,0.005590079799583065,5.0
2026-08-25 00:40:00,0.007768306,0.18906570873040848,0.7999999821186066,10.37999976798892,0.02269723498229177,0.7353089991657107,0.7580062341480025,0.9548402488282778,0.005590079799583065,5.0
2026-08-25 00:50:00,0.007768306,0.21349739454679995,0.7999999821186066,10.37999976798892,0.02269723498229177,0.7353089991657107,0.7580062341480025,0.9792719346446692,0.005590079799583065,5.0
2026-08-25 01:00:00,0.007768306,0.23612974902254213,0.7999999821186066,10.37999976798892,0.02269723498229177,0.7353089991657107,0.7580062341480025,1.0019042891204113,0.005590079799583065,5.0
2026-08-25 01:10:00,0.007768306,0.2568076572560331,0.7999999821186066,10.37999976798892,0.02269723498229177,0.7353089991657107,0.7580062341480025,1.0225821973539024,0.005590079799583065,5.0
2026-08-25 01:20:00,0.007768306,0.2753851145398266,0.7999999821186066,10.37999976798892,0.02269723498229177,0.7353089991657107,0.7580062341480025,1.041159654637696,0.005590079799583065,5.0
2026-08-25 01:30:00,0.007768306,0.29172731076575736,0.7999999821186066,10.37999976798892,0.02269723498229177,0.7353089991657107,0.7580062341480025,1.0575018508636267,0.005590079799583065,5.0
2026-08-25 01:40:00,0.007768306,0.30571270451152277,0.7999999821186066,10.37999976798892,0.02269723498229177,0.7353089991657107,0.7580062341480025,1.0714872446093922,0.005590079799583065,5.0
2026-08-25 01:50:00,0.007768306,0.3172349968803035,0.7999999821186066,10.37999976798892,0.02269723498229177,0.7353089991657107,0.7580062341480025,1.0830095369781727,0.005590079799583065,5.0
2026-08-25 02:00:00,0.007768306,0.3262049301250097,0.7999999821186066,10.37999976798892,0.02269723498229177,0.7353089991657107,0.7580062341480025,1.091979470222879,0.005590079799583065,5.0
2026-08-25 02:10:00,0.007768306,0.33255185589815356,0.7999999821186066,10.37999976798892,0.02269723498229177,0.7353089991657107,0.7580062341480025,1.0983263959960228,0.005590079799583065,5.0
2026-08-25 02:20:00,0.007768306,0.33622503978108603,0.7999999821186066,10.37999976798892,0.02269723498229177,0.7353089991657107,0.7580062341480025,1.1019995798789552,0.005590079799583065,5.0
2026-08-25 02:30:00,0.007768306,0.33719468999129315,0.7999999821186066,10.37999976798892,0.02269723498229177,0.7353089991657107,0.7580062341480025,1.1029692300891625,0.005590079799583065,5.0
2026-08-25 02:40:00,0.007768306,0.3354527160637392,0.7999999821186066,10.37999976798892,0.02269723498229177,0.7353089991657107,0.7580062341480025,1.1012272561616085,0.005590079799583065,5.0
2026-08-25 02:50:00,0.007768306,0.33101323624393025,0.7999999821186066,10.37999976798892,0.02269723498229177,0.7353089991657107,0.7580062341480025,1.0967877763417995,0.005590079799583065,5.0
2026-08-25 03:00:00,0.007768306,0.32391285884728527,0.7699999827891588,10.269999770447612,0.022031619024344147,0.713745429671495,0.7357770486958392,1.067458213492991,0.005590079799583065,5.0
2026-08-25 03:10:00,0.007768306,0.31421076290054767,0.7699999827891588,10.269999770447612,0.022031619024344147,0.713745429671495,0.7357770486958392,1.0577561175462535,0.005590079799583065,5.0
2026-08-25 03:20:00,0.007768306,0.3019885975187771,0.7699999827891588,10.269999770447612,0.022031619024344147,0.713745429671495,0.7357770486958392,1.045533952164483,0.005590079799583065,5.0
2026-08-25 03:30:00,0.007768306,0.28735020908854586,0.7699999827891588,10.269999770447612,0.022031619024344147,0.713745429671495,0.7357770486958392,1.0308955637342518,0.005590079799583065,5.0
2026-08-25 03:40:00,0.007768306,0.27042119264526215,0.7699999827891588,10.269999770447612,0.022031619024344147,0.713745429671495,0.7357770486958392,1.013966547290968,0.005590079799583065,5.0
2026-08-25 03:50:00,0.007768306,0.251348250901432,0.7699999827891588,10.269999770447612,0.022031619024344147,0.713745429671495,0.7357770486958392,0.9948936055471379,0.005590079799583065,5.0
2026-08-25 04:00:00,0.007768306,0.23029833405330716,0.7699999827891588,10.269999770447612,0.022031619024344147,0.713745429671495,0.7357770486958392,0.973843688699013,0.005590079799583065,5.0
2026-08-25 04:10:00,0.007768306,0.2074575272204109,0.7699999827891588,10.269999770447612,0.022031619024344147,0.713745429671495,0.7357770486958392,0.9510028818661168,0.005590079799583065,5.0
2026-08-25 04:20:00,0.007768306,0.18302965243682873,0.7699999827891588,10.269999770447612,0.022031619024344147,0.713745429671495,0.7357770486958392,0.9265750070825347,0.005590079799583065,5.0
2026-08-25 04:30:00,0.007768306,0.15723455849579762,0.7699999827891588,10.269999770447612,0.022031619024344147,0.713745429671495,0.7357770486958392,0.9007799131415035,0.005590079799583065,5.0
2026-08-25 04:40:00,0.007768306,0.13030608510071917,0.7699999827891588,10.269999770447612,0.022031619024344147,0.713745429671495,0.7357770486958392,0.8738514397464251,0.005590079799583065,5.0
2026-08-25 04:50:00,0.007768306,0.10248970632827911,0.7699999827891588,10.269999770447612,0.022031619024344147,0.713745429671495,0.7357770486958392,0.8460350609739851,0.005590079799583065,5.0
2026-08-25 05:00:00,0.007768306,0.07403988057504135,0.7699999827891588,10.269999770447612,0.022031619024344147,0.713745429671495,0.7357770486958392,0.8175852352207473,0.005590079799583065,5.0
2026-08-25 05:10:00,0.007768306,0.04521715772528229,0.7699999827891588,10.269999770447612,0.022031619024344147,0.713745429671495,0.7357770486958392,0.7887625123709883,0.005590079799583065,5.0
2026-08-25 05:20:00,0.007768306,0.016285116175170193,0.7699999827891588,10.269999770447612,0.022031619024344147,0.713745429671495,0.7357770486958392,0.7598304708208761,0.005590079799583065,5.0
2026-08-25 05:30:00,0.007768306,-0.012492779616423085,0.7699999827891588,10.269999770447612,0.022031619024344147,0.713745429671495,0.7357770486958392,0.7310525750292829,0.005590079799583065,5.0
2026-08-25 05:40:00,0.007768306,-0.04085629918500477,0.7699999827891588,10.269999770447612,0.022031619024344147,0.713745429671495,0.7357770486958392,0.7026890554607012,0.005590079799583065,5.0
2026-08-25 05:50:00,0.007768306,-0.0685514384666711,0.7699999827891588,10.269999770447612,0.022031619024344147,0.713745429671495,0.7357770486958392,0.6749939161790348,0.005590079799583065,5.0
2026-08-25 06:00:00,0.007768306,-0.0953331853019868,0.7399999834597111,10.129999773576856,0.02130374289203639,0.6901648538532776,0.711468596745314,0.6239037173931941,0.005590079799583065,5.0
2026-08-25 06:10:00,0.007768306,-0.12096797340138939,0.7399999834597111,10.129999773576856,0.02130374289203639,0.6901648538532776,0.711468596745314,0.5982689292937914,0.005590079799583065,5.0
2026-08-25 06:20:00,0.007768306,-0.14523576262133256,0.7399999834597111,10.129999773576856,0.02130374289203639,0.6901648538532776,0.711468596745314,0.5740011400738483,0.005590079799583065,5.0
2026-08-25 06:30:00,0.007768306,-0.16793171153075964,0.7399999834597111,10.129999773576856,0.02130374289203639,0.6901648538532776,0.711468596745314,0.5513051911644211,0.005590079799583065,5.0
2026-08-25 06:40:00,0.007768306,-0.18886743922899069,0.7399999834597111,10.129999773576856,0.02130374289203639,0.6901648538532776,0.711468596745314,0.5303694634661902,0.005590079799583065,5.0
2026-08-25 06:50:00,0.007768306,-0.20787190419075857,0.7399999834597111,10.129999773576856,0.02130374289203639,0.6901648538532776,0.711468596745314,0.5113649985044222,0.005590079799583065,5.0
2026-08-25 07:00:00,0.007768306,-0.2247919551558972,0.7399999834597111,10.129999773576856,0.02130374289203639,0.6901648538532776,0.711468596745314,0.4944449475392836,0.005590079799583065,5.0
2026-08-25 07:10:00,0.007768306,-0.23949263002092813,0.7399999834597111,10.129999773576856,0.02130374289203639,0.6901648538532776,0.711468596745314,0.4797442726742527,0.005590079799583065,5.0
2026-08-25 07:20:00,0.007768306,-0.25185729088111414,0.7399999834597111,10.129999773576856,0.02130374289203639,0.6901648538532776,0.711468596745314,0.4673796118140667,0.005590079799583065,5.0
2026-08-25 07:30:00,0.007768306,-0.26178768554981363,0.7399999834597111,10.129999773576856,0.02130374289203639,0.6901648538532776,0.711468596745314,0.4574492171453672,0.005590079799583065,5.0
2026-08-25 07:40:00,0.007768306,-0.2692040176774511,0.7399999834597111,10.129999773576856,0.02130374289203639,0.6901648538532776,0.711468596745314,0.4500328850177297,0.005590079799583065,5.0
2026-08-25 07:50:00,0.007768306,-0.2740450898756142,0.7399999834597111,10.129999773576856,0.02130374289203639,0.6901648538532776,0.711468596745314,0.4451918128195666,0.005590079799583065,5.0
2026-08-25 08:00:00,0.007768306,-0.2762685588744479,0.7399999834597111,10.129999773576856,0.02130374289203639,0.6901648538532776,0.711468596745314,0.4429683438207329,0.005590079799583065,5.0
2026-08-25 08:10:00,0.007768306,-0.2758513115333102,0.7399999834597111,10.129999773576856,0.02130374289203639,0.6901648538532776,0.711468596745314,0.4433855911618706,0.005590079799583065,5.0
2026-08-25 08:20:00,0.007768306,-0.2727899387275359,0.7399999834597111,10.129999773576856,0.02130374289203639,0.6901648538532776,0.711468596745314,0.44644696396764494,0.005590079799583065,5.0
2026-08-25 08:30:00,0.007768306,-0.2671012545218404,0.7399999834597111,10.129999773576856,0.02130374289203639,0.6901648538532776,0.711468596745314,0.4521356481733404,0.005590079799583065,5.0
2026-08-25 08:40:00,0.007768306,-0.25882278372514445,0.7399999834597111,10.129999773576856,0.02130374289203639,0.6901648538532776,0.711468596745314,0.46041411897003637,0.005590079799583065,5.0
2026-08-25 08:50:00,0.007768306,-0.24801312520998456,0.7399999834597111,10.129999773576856,0.02130374289203639,0.6901648538532776,0.711468596745314,0.4712237774851963,0.005590079799583065,5.0
2026-08-25 09:00:00,0.007768306,-0.2347520928075114,0.7199999839067459,9.9899997767061,0.020723463633803875,0.6713658873298017,0.6920893509636056,0.46510556410596093,0.005590079799583065,5.0
2026-08-25 09:10:00,0.007768306,-0.21914054153272053,0.7199999839067459,9.9899997767061,0.020723463633803875,0.6713658873298017,0.6920893509636056,0.4807171153807518,0.005590079799583065,5.0
2026-08-25 09:20:00,0.007768306,-0.2012998037867048,0.7199999839067459,9.9899997767061,0.020723463633803875,0.6713658873298017,0.6920893509636056,0.49855785312676754,0.005590079799583065,5.0
2026-08-25 09:30:00,0.007768306,-0.18137068660712202,0.7199999839067459,9.9899997767061,0.020723463633803875,0.6713658873298017,0.6920893509636056,0.5184869703063504,0.005590079799583065,5.0
2026-08-25 09:40:00,0.007768306,-0.1595120146080306,0.7199999839067459,9.9899997767061,0.020723463633803875,0.6713658873298017,0.6920893509636056,0.5403456423054418,0.005590079799583065,5.0
2026-08-25 09:50:00,0.007768306,-0.1358987403327065,0.7199999839067459,9.9899997767061,0.020723463633803875,0.6713658873298017,0.6920893509636056,0.5639589165807659,0.005590079799583065,5.0
2026-08-25 10:00:00,0.007768306,-0.11071968097472734,0.7199999839067459,9.9899997767061,0.020723463633803875,0.6713658873298017,0.6920893509636056,0.589137975938745,0.005590079799583065,5.0
2026-08-25 10:10:00,0.007768306,-0.08417497343857733,0.7199999839067459,9.9899997767061,0.020723463633803875,0.6713658873298017,0.6920893509636056,0.615682683474895,0.005590079799583065,5.0
2026-08-25 10:20:00,0.007768306,-0.05647336564593313,0.7199999839067459,9.9899997767061,0.020723463633803875,0.6713658873298017,0.6920893509636056,0.6433842912675393,0.005590079799583065,5.0
2026-08-25 10:30:00,0.007768306,-0.027829477405483576,0.7199999839067459,9.9899997767061,0.020723463633803875,0.6713658873298017,0.6920893509636056,0.6720281795079888,0.005590079799583065,5.0
2026-08-25 10:40:00,0.007768306,0.0015388320675003414,0.7199999839067459,9.9899997767061,0.020723463633803875,0.6713658873298017,0.6920893509636056,0.7013964889809727,0.005590079799583065,5.0
2026-08-25 10:50:00,0.007768306,0.031412861754832155,0.7199999839067459,9.9899997767061,0.020723463633803875,0.6713658873298017,0.6920893509636056,0.7312705186683045,0.005590079799583065,5.0
2026-08-25 11:00:00,0.007768306,0.061575123949302875,0.7199999839067459,9.9899997767061,0.020723463633803875,0.6713658873298017,0.6920893509636056,0.7614327808627752,0.005590079799583065,5.0
2026-08-25 11:10:00,0.007768306,0.09181097960408584,0.7199999839067459,9.9899997767061,0.020723463633803875,0.6713658873298017,0.6920893509636056,0.7916686365175581,0.005590079799583065,5.0
2026-08-25 11:20:00,0.007768306,0.12190981410686468,0.7199999839067459,9.9899997767061,0.020723463633803875,0.6713658873298017,0.6920893509636056,0.8217674710203371,0.005590079799583065,5.0
2026-08-25 11:30:00,0.007768306,0.1516657542126258,0.7199999839067459,9.9899997767061,0.020723463633803875,0.6713658873298017,0.6920893509636056,0.8515234111260981,0.005590079799583065,5.0
2026-08-25 11:40:00,0.007768306,0.18087796715500076,0.7199999839067459,9.9899997767061,0.020723463633803875,0.6713658873298017,0.6920893509636056,0.8807356240684732,0.005590079799583065,5.0
2026-08-25 11:50:00,0.007768306,0.20935061848181089,0.7199999839067459,9.9899997767061,0.020723463633803875,0.6713658873298017,0.6920893509636056,0.9092082753952833,0.005590079799583065,5.0
2026-08-25 12:00:00,0.007768306,0.2368925932895862,0.7299999836832285,9.779999781399965,0.020428237188466914,0.661801609468761,0.6822298466572279,0.9268907458966809,0.005590079799583065,5.0
2026-08-25 12:10:00,0.007768306,0.26331710307477907,0.7299999836832285,9.779999781399965,0.020428237188466914,0.661801609468761,0.6822298466572279,0.9533152556818737,0.005590079799583065,5.0
2026-08-25 12:20:00,0.007768306,0.28844130644826477,0.7299999836832285,9.779999781399965,0.020428237188466914,0.661801609468761,0.6822298466572279,0.9784394590553593,0.005590079799583065,5.0
2026-08-25 12:30:00,0.007768306,0.31208606585602444,0.7299999836832285,9.779999781399965,0.020428237188466914,0.661801609468761,0.6822298466572279,1.0020842184631191,0.005590079799583065,5.0
2026-08-25 12:40:00,0.007768306,0.3340759453042362,0.7299999836832285,9.779999781399965,0.020428237188466914,0.661801609468761,0.6822298466572279,1.0240740979113307,0.005590079799583065,5.0
2026-08-25 12:50:00,0.007768306,0.3542395278949584,0.7299999836832285,9.779999781399965,0.020428237188466914,0.661801609468761,0.6822298466572279,1.044237680502053,0.005590079799583065,5.0
2026-08-25 13:00:00,0.007768306,0.3724100995194388,0.7299999836832285,9.779999781399965,0.020428237188466914,0.661801609468761,0.6822298466572279,1.0624082521265334,0.005590079799583065,5.0
2026-08-25 13:10:00,0.007768306,0.38842670980521526,0.7299999836832285,9.779999781399965,0.020428237188466914,0.661801609468761,0.6822298466572279,1.0784248624123098,0.005590079799583065,5.0
2026-08-25 13:20:00,0.007768306,0.4021355867603391,0.7299999836832285,9.779999781399965,0.020428237188466914,0.661801609468761,0.6822298466572279,1.0921337393674337,0.005590079799583065,5.0
2026-08-25 13:30:00,0.007768306,0.4133918509105811,0.7299999836832285,9.779999781399965,0.020428237188466914,0.661801609468761,0.6822298466572279,1.1033900035176758,0.005590079799583065,5.0
2026-08-25 13:40:00,0.007768306,0.42206145073602686,0.7299999836832285,9.779999781399965,0.020428237188466914,0.661801609468761,0.6822298466572279,1.1120596033431216,0.005590079799583065,5.0
2026-08-25 13:50:00,0.007768306,0.42802322580661867,0.7299999836832285,9.779999781399965,0.020428237188466914,0.661801609468761,0.6822298466572279,1.1180213784137134,0.005590079799583065,5.0
2026-08-25 14:00:00,0.007768306,0.43117099805583986,0.7299999836832285,9.779999781399965,0.020428237188466914,0.661801609468761,0.6822298466572279,1.1211691506629344,0.005590079799583065,5.0
2026-08-25 14:10:00,0.007768306,0.43141559498761795,0.7299999836832285,9.779999781399965,0.020428237188466914,0.661801609468761,0.6822298466572279,1.1214137475947126,0.005590079799583065,5.0
2026-08-25 14:20:00,0.007768306,0.4286867200076589,0.7299999836832285,9.779999781399965,0.020428237188466914,0.661801609468761,0.6822298466572279,1.1186848726147536,0.005590079799583065,5.0
2026-08-25 14:30:00,0.007768306,0.4229346027175271,0.7299999836832285,9.779999781399965,0.020428237188466914,0.661801609468761,0.6822298466572279,1.1129327553246218,0.005590079799583065,5.0
2026-08-25 14:40:00,0.007768306,0.41413138303903346,0.7299999836832285,9.779999781399965,0.020428237188466914,0.661801609468761,0.6822298466572279,1.104129535646128,0.005590079799583065,5.0
2026-08-25 14:50:00,0.007768306,0.40227220512206424,0.7299999836832285,9.779999781399965,0.020428237188466914,0.661801609468761,0.6822298466572279,1.0922703577291588,0.005590079799583065,5.0
2026-08-25 15:00:00,0.007768306,0.38737601688551637,0.7699999827891588,9.599999785423279,0.020594307948754022,0.6671817064115241,0.6877760143602781,1.0829203371956613,0.005590079799583065,5.0
2026-08-25 15:10:00,0.007768306,0.3694860871055341,0.7699999827891588,9.599999785423279,0.020594307948754022,0.6671817064115241,0.6877760143602781,1.0650304074156791,0.005590079799583065,5.0
2026-08-25 15:20:00,0.007768306,0.3486702620172815,0.7699999827891588,9.599999785423279,0.020594307948754022,0.6671817064115241,0.6877760143602781,1.0442145823274265,0.005590079799583065,5.0
2026-08-25 15:30:00,0.007768306,0.325020987150801,0.7699999827891588,9.599999785423279,0.020594307948754022,0.6671817064115241,0.6877760143602781,1.020565307460946,0.005590079799583065,5.0
2026-08-25 15:40:00,0.007768306,0.2986551175203564,0.7699999827891588,9.599999785423279,0.020594307948754022,0.6671817064115241,0.6877760143602781,0.9941994378305012,0.005590079799583065,5.0
2026-08-25 15:50:00,0.007768306,0.2697135312981114,0.7699999827891588,9.599999785423279,0.020594307948754022,0.6671817064115241,0.6877760143602781,0.9652578516082563,0.005590079799583065,5.0
2026-08-25 16:00:00,0.007768306,0.23836055085964464,0.7699999827891588,9.599999785423279,0.020594307948754022,0.6671817064115241,0.6877760143602781,0.9339048711697895,0.005590079799583065,5.0
2026-08-25 16:10:00,0.007768306,0.2047831621323911,0.7699999827891588,9.599999785423279,0.020594307948754022,0.6671817064115241,0.6877760143602781,0.900327482442536,0.005590079799583065,5.0
2026-08-25 16:20:00,0.007768306,0.16919001183267077,0.7699999827891588,9.599999785423279,0.020594307948754022,0.6671817064115241,0.6877760143602781,0.8647343321428157,0.005590079799583065,5.0
2026-08-25 16:30:00,0.007768306,0.13181015366025978,0.7699999827891588,9.599999785423279,0.020594307948754022,0.6671817064115241,0.6877760143602781,0.8273544739704046,0.005590079799583065,5.0
2026-08-25 16:40:00,0.007768306,0.09289151174704673,0.7699999827891588,9.599999785423279,0.020594307948754022,0.6671817064115241,0.6877760143602781,0.7884358320571916,0.005590079799583065,5.0
2026-08-25 16:50:00,0.007768306,0.052699032801015316,0.7699999827891588,9.599999785423279,0.020594307948754022,0.6671817064115241,0.6877760143602781,0.7482433531111602,0.005590079799583065,5.0
2026-08-25 17:00:00,0.007768306,0.011512508564331485,0.7699999827891588,9.599999785423279,0.020594307948754022,0.6671817064115241,0.6877760143602781,0.7070568288744764,0.005590079799583065,5.0
2026-08-25 17:10:00,0.007768306,-0.030375933720431295,0.7699999827891588,9.599999785423279,0.020594307948754022,0.6671817064115241,0.6877760143602781,0.6651683865897136,0.005590079799583065,5.0
2026-08-25 17:20:00,0.007768306,-0.07266465438744163,0.7699999827891588,9.599999785423279,0.020594307948754022,0.6671817064115241,0.6877760143602781,0.6228796659227033,0.005590079799583065,5.0
2026-08-25 17:30:00,0.007768306,-0.11504559605190391,0.7699999827891588,9.599999785423279,0.020594307948754022,0.6671817064115241,0.6877760143602781,0.580498724258241,0.005590079799583065,5.0
2026-08-25 17:40:00,0.007768306,-0.15720758503148852,0.7699999827891588,9.599999785423279,0.020594307948754022,0.6671817064115241,0.6877760143602781,0.5383367352786563,0.005590079799583065,5.0
2026-08-25 17:50:00,0.007768306,-0.19883975389504657,0.7699999827891588,9.599999785423279,0.020594307948754022,0.6671817064115241,0.6877760143602781,0.4967045664150983,0.005590079799583065,5.0
2026-08-25 18:00:00,0.007768306,-0.23963498478487083,0.7799999825656414,9.469999788329005,0.020446919502936083,0.6624068494446937,0.6828537689476298,0.4509870901126258,0.005590079799583065,5.0
2026-08-25 18:10:00,0.007768306,-0.2792932654062721,0.7799999825656414,9.469999788329005,0.020446919502936083,0.6624068494446937,0.6828537689476298,0.4113288094912245,0.005590079799583065,5.0
2026-08-25 18:20:00,0.007768306,-0.3175248509283638,0.7799999825656414,9.469999788329005,0.020446919502936083,0.6624068494446937,0.6828537689476298,0.3730972239691328,0.005590079799583065,5.0
2026-08-25 18:30:00,0.007768306,-0.35405313535326505,0.7799999825656414,9.469999788329005,0.020446919502936083,0.6624068494446937,0.6828537689476298,0.33656893954423156,0.005590079799583065,5.0
2026-08-25 18:40:00,0.007768306,-0.3886171548288185,0.7799999825656414,9.469999788329005,0.020446919502936083,0.6624068494446937,0.6828537689476298,0.30200492006867813,0.005590079799583065,5.0
2026-08-25 18:50:00,0.007768306,-0.4209736711928035,0.7799999825656414,9.469999788329005,0.020446919502936083,0.6624068494446937,0.6828537689476298,0.2696484037046931,0.005590079799583065,5.0
2026-08-25 19:00:00,0.007768306,-0.4508988142241549,0.7799999825656414,9.469999788329005,0.020446919502936083,0.6624068494446937,0.6828537689476298,0.2397232606733417,0.005590079799583065,5.0
2026-08-25 19:10:00,0.007768306,-0.4781892929194396,0.7799999825656414,9.469999788329005,0.020446919502936083,0.6624068494446937,0.6828537689476298,0.21243278197805698,0.005590079799583065,5.0
2026-08-25 19:20:00,0.007768306,-0.5026632159431508,0.7799999825656414,9.469999788329005,0.020446919502936083,0.6624068494446937,0.6828537689476298,0.18795885895434583,0.005590079799583065,5.0
2026-08-25 19:30:00,0.007768306,-0.5241605865507479,0.7799999825656414,9.469999788329005,0.020446919502936083,0.6624068494446937,0.6828537689476298,0.16646148834674868,0.005590079799583065,5.0
2026-08-25 19:40:00,0.007768306,-0.5425435546749144,0.7799999825656414,9.469999788329005,0.020446919502936083,0.6624068494446937,0.6828537689476298,0.14807852022258217,0.005590079799583065,5.0
2026-08-25 19:50:00,0.007768306,-0.5576965169222903,0.7799999825656414,9.469999788329005,0.020446919502936083,0.6624068494446937,0.6828537689476298,0.13292555797520633,0.005590079799583065,5.0
2026-08-25 20:00:00,0.007768306,-0.5695261528508203,0.7799999825656414,9.469999788329005,0.020446919502936083,0.6624068494446937,0.6828537689476298,0.1210959220466763,0.005590079799583065,5.0
2026-08-25 20:10:00,0.007768306,-0.5779614734339629,0.7799999825656414,9.469999788329005,0.020446919502936083,0.6624068494446937,0.6828537689476298,0.11266060146353374,0.005590079799583065,5.0
2026-08-25 20:20:00,0.007768306,-0.5829539363315954,0.7799999825656414,9.469999788329005,0.020446919502936083,0.6624068494446937,0.6828537689476298,0.10766813856590118,0.005590079799583065,5.0
2026-08-25 20:30:00,0.007768306,-0.584477654903151,0.7799999825656414,9.469999788329005,0.020446919502936083,0.6624068494446937,0.6828537689476298,0.10614441999434565,0.005590079799583065,5.0
2026-08-25 20:40:00,0.007768306,-0.582529696745238,0.7799999825656414,9.469999788329005,0.020446919502936083,0.6624068494446937,0.6828537689476298,0.10809237815225858,0.005590079799583065,5.0
2026-08-25 20:50:00,0.007768306,-0.5771304366373758,0.7799999825656414,9.469999788329005,0.020446919502936083,0.6624068494446937,0.6828537689476298,0.11349163826012076,0.005590079799583065,5.0
2026-08-25 21:00:00,0.007768306,-0.5683239014055691,0.7699999827891588,9.349999791011214,0.02005799784592189,0.6498071828070573,0.6698651806529792,0.10930958519727685,0.005590079799583065,5.0
2026-08-25 21:10:00,0.007768306,-0.5561780238863377,0.7699999827891588,9.349999791011214,0.02005799784592189,0.6498071828070573,0.6698651806529792,0.1214554627165082,0.005590079799583065,5.0
2026-08-25 21:20:00,0.007768306,-0.5407847120706852,0.7699999827891588,9.349999791011214,0.02005799784592189,0.6498071828070573,0.6698651806529792,0.1368487745321607,0.005590079799583065,5.0
2026-08-25 21:30:00,0.007768306,-0.522259639467619,0.7699999827891588,9.349999791011214,0.02005799784592189,0.6498071828070573,0.6698651806529792,0.15537384713522695,0.005590079799583065,5.0
2026-08-25 21:40:00,0.007768306,-0.5007416738728538,0.7699999827891588,9.349999791011214,0.02005799784592189,0.6498071828070573,0.6698651806529792,0.1768918127299921,0.005590079799583065,5.0
2026-08-25 21:50:00,0.007768306,-0.4763918832843111,0.7699999827891588,9.349999791011214,0.02005799784592189,0.6498071828070573,0.6698651806529792,0.20124160331853486,0.005590079799583065,5.0
2026-08-25 22:00:00,0.007768306,-0.4493920878444918,0.7699999827891588,9.349999791011214,0.02005799784592189,0.6498071828070573,0.6698651806529792,0.22824139875835414,0.005590079799583065,5.0
2026-08-25 22:10:00,0.007768306,-0.41994296199429154,0.7699999827891588,9.349999791011214,0.02005799784592189,0.6498071828070573,0.6698651806529792,0.2576905246085544,0.005590079799583065,5.0
2026-08-25 22:20:00,0.007768306,-0.3882617286294109,0.7699999827891588,9.349999791011214,0.02005799784592189,0.6498071828070573,0.6698651806529792,0.28937175797343506,0.005590079799583065,5.0
2026-08-25 22:30:00,0.007768306,-0.3545795222461838,0.7699999827891588,9.349999791011214,0.02005799784592189,0.6498071828070573,0.6698651806529792,0.32305396435666217,0.005590079799583065,5.0
2026-08-25 22:40:00,0.007768306,-0.31913852801939124,0.7699999827891588,9.349999791011214,0.02005799784592189,0.6498071828070573,0.6698651806529792,0.3584949585834547,0.005590079799583065,5.0
2026-08-25 22:50:00,0.007768306,-0.282189024494158,0.7699999827891588,9.349999791011214,0.02005799784592189,0.6498071828070573,0.6698651806529792,0.39544446210868794,0.005590079799583065,5.0
2026-08-25 23:00:00,0.007768306,-0.24398646744752614,0.7699999827891588,9.349999791011214,0.02005799784592189,0.6498071828070573,0.6698651806529792,0.4336470191553198,0.005590079799583065,5.0
2026-08-25 23:10:00,0.007768306,-0.20478874980569134,0.7699999827891588,9.349999791011214,0.02005799784592189,0.6498071828070573,0.6698651806529792,0.4728447367971546,0.005590079799583065,5.0
2026-08-25 23:20:00,0.007768306,-0.1648537577128294,0.7699999827891588,9.349999791011214,0.02005799784592189,0.6498071828070573,0.6698651806529792,0.5127797288900166,0.005590079799583065,5.0
2026-08-25 23:30:00,0.007768306,-0.1244373170517842,0.7699999827891588,9.349999791011214,0.02005799784592189,0.6498071828070573,0.6698651806529792,0.5531961695510618,0.005590079799583065,5.0
2026-08-25 23:40:00,0.007768306,-0.08379159032087398,0.7699999827891588,9.349999791011214,0.02005799784592189,0.6498071828070573,0.6698651806529792,0.5938418962819719,0.005590079799583065,5.0
2026-08-25 23:50:00,0.007768306,-0.04316394435213407,0.7699999827891588,9.349999791011214,0.02005799784592189,0.6498071828070573,0.6698651806529792,0.6344695422507118,0.005590079799583065,5.0
2026-08-26 00:00:00,0.0042357915,-0.0027962681716688417,0.7299999836832285,9.21999979391694,0.01925852217563036,0.6239070387834331,0.6431655609590635,0.644605084295503,0.005590079799583065,5.0
2026-08-26 00:10:00,0.0042357915,0.03707531803512495,0.7299999836832285,9.21999979391694,0.01925852217563036,0.6239070387834331,0.6431655609590635,0.6844766705022969,0.005590079799583065,5.0
2026-08-26 00:20:00,0.0042357915,0.07622045441272715,0.7299999836832285,9.21999979391694,0.01925852217563036,0.6239070387834331,0.6431655609590635,0.7236218068798991,0.005590079799583065,5.0
2026-08-26 00:30:00,0.0042357915,0.11441434810595906,0.7299999836832285,9.21999979391694,0.01925852217563036,0.6239070387834331,0.6431655609590635,0.761815700573131,0.005590079799583065,5.0
2026-08-26 00:40:00,0.0042357915,0.1514375219938204,0.7299999836832285,9.21999979391694,0.01925852217563036,0.6239070387834331,0.6431655609590635,0.7988388744609923,0.005590079799583065,5.0
2026-08-26 00:50:00,0.0042357915,0.18707563236972843,0.7299999836832285,9.21999979391694,0.01925852217563036,0.6239070387834331,0.6431655609590635,0.8344769848369004,0.005590079799583065,5.0
2026-08-26 01:00:00,0.0042357915,0.22111947073469038,0.7299999836832285,9.21999979391694,0.01925852217563036,0.6239070387834331,0.6431655609590635,0.8685208232018623,0.005590079799583065,5.0
2026-08-26 01:10:00,0.0042357915,0.25336524293594315,0.7299999836832285,9.21999979391694,0.01925852217563036,0.6239070387834331,0.6431655609590635,0.900766595403115,0.005590079799583065,5.0
2026-08-26 01:20:00,0.0042357915,0.2836151890132974,0.7299999836832285,9.21999979391694,0.01925852217563036,0.6239070387834331,0.6431655609590635,0.9310165414804693,0.005590079799583065,5.0
2026-08-26 01:30:00,0.0042357915,0.31167857272794636,0.7299999836832285,9.21999979391694,0.01925852217563036,0.6239070387834331,0.6431655609590635,0.9590799251951183,0.005590079799583065,5.0
2026-08-26 01:40:00,0.0042357915,0.3373730340450053,0.7299999836832285,9.21999979391694,0.01925852217563036,0.6239070387834331,0.6431655609590635,0.9847743865121772,0.005590079799583065,5.0
2026-08-26 01:50:00,0.0042357915,0.3605262645380515,0.7299999836832285,9.21999979391694,0.01925852217563036,0.6239070387834331,0.6431655609590635,1.0079276170052234,0.005590079799583065,5.0
2026-08-26 02:00:00,0.0042357915,0.3809779376812204,0.7299999836832285,9.21999979391694,0.01925852217563036,0.6239070387834331,0.6431655609590635,1.0283792901483924,0.005590079799583065,5.0
2026-08-26 02:10:00,0.0042357915,0.3985818057528979,0.7299999836832285,9.21999979391694,0.01925852217563036,0.6239070387834331,0.6431655609590635,1.0459831582200698,0.005590079799583065,5.0
2026-08-26 02:20:00,0.0042357915,0.41320786398734605,0.7299999836832285,9.21999979391694,0.01925852217563036,0.6239070387834331,0.6431655609590635,1.060609216454518,0.005590079799583065,5.0
2026-08-26 02:30:00,0.0042357915,0.4247444810925539,0.7299999836832285,9.21999979391694,0.01925852217563036,0.6239070387834331,0.6431655609590635,1.0721458335597258,0.005590079799583065,5.0
2026-08-26 02:40:00,0.0042357915,0.4331004025852115,0.7299999836832285,9.21999979391694,0.01925852217563036,0.6239070387834331,0.6431655609590635,1.0805017550523834,0.005590079799583065,5.0
2026-08-26 02:50:00,0.0042357915,0.4382065481264983,0.7299999836832285,9.21999979391694,0.01925852217563036,0.6239070387834331,0.6431655609590635,1.0856079005936703,0.005590079799583065,5.0
2026-08-26 03:00:00,0.0042357915,0.4400175436568786,0.7099999841302633,9.189999794587493,0.018931075722383027,0.6132989482382406,0.6322300239606237,1.0764833591256107,0.005590079799583065,5.0
2026-08-26 03:10:00,0.0042357915,0.43851295124174927,0.7099999841302633,9.189999794587493,0.018931075722383027,0.6132989482382406,0.6322300239606237,1.0749787667104813,0.005590079799583065,5.0
2026-08-26 03:20:00,0.0042357915,0.43369818102655094,0.7099999841302633,9.189999794587493,0.018931075722383027,0.6132989482382406,0.6322300239606237,1.070163996495283,0.005590079799583065,5.0
2026-08-26 03:30:00,0.0042357915,0.42560508836948063,0.7099999841302633,9.189999794587493,0.018931075722383027,0.6132989482382406,0.6322300239606237,1.0620709038382126,0.005590079799583065,5.0
2026-08-26 03:40:00,0.0042357915,0.4142922728171512,0.7099999841302633,9.189999794587493,0.018931075722383027,0.6132989482382406,0.6322300239606237,1.0507580882858831,0.005590079799583065,5.0
2026-08-26 03:50:00,0.0042357915,0.3998451031233269,0.7099999841302633,9.189999794587493,0.018931075722383027,0.6132989482382406,0.6322300239606237,1.036310918592059,0.005590079799583065,5.0
2026-08-26 04:00:00,0.0042357915,0.3823754935464501,0.7099999841302633,9.189999794587493,0.018931075722383027,0.6132989482382406,0.6322300239606237,1.0188413090151822,0.005590079799583065,5.0
2026-08-26 04:10:00,0.0042357915,0.3620214517543517,0.7099999841302633,9.189999794587493,0.018931075722383027,0.6132989482382406,0.6322300239606237,0.9984872672230838,0.005590079799583065,5.0
2026-08-26 04:20:00,0.0042357915,0.33894640942239035,0.7099999841302633,9.189999794587493,0.018931075722383027,0.6132989482382406,0.6322300239606237,0.9754122248911223,0.005590079799583065,5.0
2026-08-26 04:30:00,0.0042357915,0.31333833460626975,0.7099999841302633,9.189999794587493,0.018931075722383027,0.6132989482382406,0.6322300239606237,0.9498041500750019,0.005590079799583065,5.0
2026-08-26 04:40:00,0.0042357915,0.28540861314217053,0.7099999841302633,9.189999794587493,0.018931075722383027,0.6132989482382406,0.6322300239606237,0.9218744286109026,0.005590079799583065,5.0
2026-08-26 04:50:00,0.0042357915,0.2553906763736469,0.7099999841302633,9.189999794587493,0.018931075722383027,0.6132989482382406,0.6322300239606237,0.8918564918423789,0.005590079799583065,5.0
2026-08-26 05:00:00,0.0042357915,0.22353834710039966,0.7099999841302633,9.189999794587493,0.018931075722383027,0.6132989482382406,0.6322300239606237,0.8600041625691317,0.005590079799583065,5.0
2026-08-26 05:10:00,0.0042357915,0.1901238759216384,0.7099999841302633,9.189999794587493,0.018931075722383027,0.6132989482382406,0.6322300239606237,0.8265896913903704,0.005590079799583065,5.0
2026-08-26 05:20:00,0.0042357915,0.1554356470636135,0.7099999841302633,9.189999794587493,0.018931075722383027,0.6132989482382406,0.6322300239606237,0.7919014625323455,0.005590079799583065,5.0
2026-08-26 05:30:00,0.0042357915,0.11977554616998204,0.7099999841302633,9.189999794587493,0.018931075722383027,0.6132989482382406,0.6322300239606237,0.756241361638714,0.005590079799583065,5.0
2026-08-26 05:40:00,0.0042357915,0.08345600128221813,0.7099999841302633,9.189999794587493,0.018931075722383027,0.6132989482382406,0.6322300239606237,0.7199218167509501,0.005590079799583065,5.0
2026-08-26 05:50:00,0.0042357915,0.04679673079313413,0.7099999841302633,9.189999794587493,0.018931075722383027,0.6132989482382406,0.6322300239606237,0.6832625462618662,0.005590079799583065,5.0
2026-08-26 06:00:00,0.0042357915,0.010121255672571218,0.6899999845772982,9.199999794363976,0.018682843659853413,0.6052571198128005,0.6239399634726539,0.6382970106533336,0.005590079799583065,5.0
2026-08-26 06:10:00,0.0042357915,-0.02624674434588099,0.6899999845772982,9.199999794363976,0.018682843659853413,0.6052571198128005,0.6239399634726539,0.6019290106348812,0.005590079799583065,5.0
2026-08-26 06:20:00,0.0042357915,-0.06198713306902345,0.6899999845772982,9.199999794363976,0.018682843659853413,0.6052571198128005,0.6239399634726539,0.5661886219117388,0.005590079799583065,5.0
2026-08-26 06:30:00,0.0042357915,-0.09678696949088292,0.6899999845772982,9.199999794363976,0.018682843659853413,0.6052571198128005,0.6239399634726539,0.5313887854898793,0.005590079799583065,5.0
2026-08-26 06:40:00,0.0042357915,-0.13034399651882525,0.6899999845772982,9.199999794363976,0.018682843659853413,0.6052571198128005,0.6239399634726539,0.49783175846193706,0.005590079799583065,5.0
2026-08-26 06:50:00,0.0042357915,-0.1623698604332466,0.6899999845772982,9.199999794363976,0.018682843659853413,0.6052571198128005,0.6239399634726539,0.46580589454751564,0.005590079799583065,5.0
2026-08-26 07:00:00,0.0042357915,-0.19259296975948328,0.6899999845772982,9.199999794363976,0.018682843659853413,0.6052571198128005,0.6239399634726539,0.435582785221279,0.005590079799583065,5.0
2026-08-26 07:10:00,0.0042357915,-0.22076092518389015,0.6899999845772982,9.199999794363976,0.018682843659853413,0.6052571198128005,0.6239399634726539,0.40741482979687216,0.005590079799583065,5.0
2026-08-26 07:20:00,0.0042357915,-0.2466424809278661,0.6899999845772982,9.199999794363976,0.018682843659853413,0.6052571198128005,0.6239399634726539,0.38153327405289617,0.005590079799583065,5.0
2026-08-26 07:30:00,0.0042357915,-0.27002902997425227,0.6899999845772982,9.199999794363976,0.018682843659853413,0.6052571198128005,0.6239399634726539,0.35814672500651,0.005590079799583065,5.0
2026-08-26 07:40:00,0.0042357915,-0.29073563740871483,0.6899999845772982,9.199999794363976,0.018682843659853413,0.6052571198128005,0.6239399634726539,0.33744011757204745,0.005590079799583065,5.0
2026-08-26 07:50:00,0.0042357915,-0.3086016747768146,0.6899999845772982,9.199999794363976,0.018682843659853413,0.6052571198128005,0.6239399634726539,0.3195740802039477,0.005590079799583065,5.0
2026-08-26 08:00:00,0.0042357915,-0.3234911306739741,0.6899999845772982,9.199999794363976,0.018682843659853413,0.6052571198128005,0.6239399634726539,0.30468462430678817,0.005590079799583065,5.0
2026-08-26 08:10:00,0.0042357915,-0.33529268655265326,0.6899999845772982,9.199999794363976,0.018682843659853413,0.6052571198128005,0.6239399634726539,0.292883068428109,0.005590079799583065,5.0
2026-08-26 08:20:00,0.0042357915,-0.3439196503993411,0.6899999845772982,9.199999794363976,0.018682843659853413,0.6052571198128005,0.6239399634726539,0.2842561045814212,0.005590079799583065,5.0
2026-08-26 08:30:00,0.0042357915,-0.3493098341980565,0.6899999845772982,9.199999794363976,0.018682843659853413,0.6052571198128005,0.6239399634726539,0.2788659207827058,0.005590079799583065,5.0
2026-08-26 08:40:00,0.0042357915,-0.35142544464939235,0.6899999845772982,9.199999794363976,0.018682843659853413,0.6052571198128005,0.6239399634726539,0.27675031033136993,0.005590079799583065,5.0
2026-08-26 08:50:00,0.0042357915,-0.35025303236732386,0.6899999845772982,9.199999794363976,0.018682843659853413,0.6052571198128005,0.6239399634726539,0.2779227226134384,0.005590079799583065,5.0
2026-08-26 09:00:00,0.0042357915,-0.34580351529887154,0.6799999848008156,9.229999793693423,0.018607445868944496,0.6028145018368315,0.621421947705776,0.2798542239150128,0.005590079799583065,5.0
2026-08-26 09:10:00,0.0042357915,-0.3381122609465505,0.6799999848008156,9.229999793693423,0.018607445868944496,0.6028145018368315,0.621421947705776,0.28754547826733384,0.005590079799583065,5.0
2026-08-26 09:20:00,0.0042357915,-0.32723918241488453,0.6799999848008156,9.229999793693423,0.018607445868944496,0.6028145018368315,0.621421947705776,0.2984185567989998,0.005590079799583065,5.0
2026-08-26 09:30:00,0.0042357915,-0.31326877906133677,0.6799999848008156,9.229999793693423,0.018607445868944496,0.6028145018368315,0.621421947705776,0.3123889601525476,0.005590079799583065,5.0
2026-08-26 09:40:00,0.0042357915,-0.2963100362719131,0.6799999848008156,9.229999793693423,0.018607445868944496,0.6028145018368315,0.621421947705776,0.32934770294197124,0.005590079799583065,5.0
2026-08-26 09:50:00,0.0042357915,-0.2764960928761824,0.6799999848008156,9.229999793693423,0.018607445868944496,0.6028145018368315,0.621421947705776,0.34916164633770197,0.005590079799583065,5.0
2026-08-26 10:00:00,0.0042357915,-0.2539835898414253,0.6799999848008156,9.229999793693423,0.018607445868944496,0.6028145018368315,0.621421947705776,0.3716741493724591,0.005590079799583065,5.0
2026-08-26 10:10:00,0.0042357915,-0.22895162991646614,0.6799999848008156,9.229999793693423,0.018607445868944496,0.6028145018368315,0.621421947705776,0.39670610929741823,0.005590079799583065,5.0
2026-08-26 10:20:00,0.0042357915,-0.20160030357111708,0.6799999848008156,9.229999793693423,0.018607445868944496,0.6028145018368315,0.621421947705776,0.42405743564276727,0.005590079799583065,5.0
2026-08-26 10:30:00,0.0042357915,-0.17214876918023148,0.6799999848008156,9.229999793693423,0.018607445868944496,0.6028145018368315,0.621421947705776,0.45350897003365287,0.005590079799583065,5.0
2026-08-26 10:40:00,0.0042357915,-0.14083291191925404,0.6799999848008156,9.229999793693423,0.018607445868944496,0.6028145018368315,0.621421947705776,0.4848248272946303,0.005590079799583065,5.0
2026-08-26 10:50:00,0.0042357915,-0.10790264228748722,0.6799999848008156,9.229999793693423,0.018607445868944496,0.6028145018368315,0.621421947705776,0.5177550969263971,0.005590079799583065,5.0
2026-08-26 11:00:00,0.0042357915,-0.07361892792188962,0.6799999848008156,9.229999793693423,0.018607445868944496,0.6028145018368315,0.621421947705776,0.5520388112919947,0.005590079799583065,5.0
2026-08-26 11:10:00,0.0042357915,-0.03825067774107914,0.6799999848008156,9.229999793693423,0.018607445868944496,0.6028145018368315,0.621421947705776,0.5874070614728052,0.005590079799583065,5.0
2026-08-26 11:20:00,0.0042357915,-0.002071612866535443,0.6799999848008156,9.229999793693423,0.018607445868944496,0.6028145018368315,0.621421947705776,0.6235861263473489,0.005590079799583065,5.0
2026-08-26 11:30:00,0.0042357915,0.03464273771222655,0.6799999848008156,9.229999793693423,0.018607445868944496,0.6028145018368315,0.621421947705776,0.6603004769261109,0.005590079799583065,5.0
2026-08-26 11:40:00,0.0042357915,0.07161778769919307,0.6799999848008156,9.229999793693423,0.018607445868944496,0.6028145018368315,0.621421947705776,0.6972755269130774,0.005590079799583065,5.0
2026-08-26 11:50:00,0.0042357915,0.10858228183045174,0.6799999848008156,9.229999793693423,0.018607445868944496,0.6028145018368315,0.621421947705776,0.734240021044336,0.005590079799583065,5.0
2026-08-26 12:00:00,0.0042357915,0.1452702441205949,0.6799999848008156,9.259999793022871,0.01866792510795515,0.6047738122436683,0.6234417373516234,0.7729477729803267,0.005590079799583065,5.0
2026-08-26 12:10:00,0.0042357915,0.18142244557039677,0.6799999848008156,9.259999793022871,0.01866792510795515,0.6047738122436683,0.6234417373516234,0.8090999744301286,0.005590079799583065,5.0
2026-08-26 12:20:00,0.0042357915,0.21678739186333776,0.6799999848008156,9.259999793022871,0.01866792510795515,0.6047738122436683,0.6234417373516234,0.8444649207230696,0.005590079799583065,5.0
2026-08-26 12:30:00,0.0042357915,0.2511218718913171,0.6799999848008156,9.259999793022871,0.01866792510795515,0.6047738122436683,0.6234417373516234,0.8787994007510489,0.005590079799583065,5.0
2026-08-26 12:40:00,0.0042357915,0.28419114405131496,0.6799999848008156,9.259999793022871,0.01866792510795515,0.6047738122436683,0.6234417373516234,0.9118686729110468,0.005590079799583065,5.0
2026-08-26 12:50:00,0.0042357915,0.3157688655184432,0.6799999848008156,9.259999793022871,0.01866792510795515,0.6047738122436683,0.6234417373516234,0.943446394378175,0.005590079799583065,5.0
2026-08-26 13:00:00,0.0042357915,0.34563688772286877,0.6799999848008156,9.259999793022871,0.01866792510795515,0.6047738122436683,0.6234417373516234,0.9733144165826006,0.005590079799583065,5.0
2026-08-26 13:10:00,0.0042357915,0.373585047485469,0.6799999848008156,9.259999793022871,0.01866792510795515,0.6047738122436683,0.6234417373516234,1.0012625763452008,0.005590079799583065,5.0
2026-08-26 13:20:00,0.0042357915,0.39941107734137526,0.6799999848008156,9.259999793022871,0.01866792510795515,0.6047738122436683,0.6234417373516234,1.027088606201107,0.005590079799583065,5.0
2026-08-26 13:30:00,0.0042357915,0.42292074147447906,0.6799999848008156,9.259999793022871,0.01866792510795515,0.6047738122436683,0.6234417373516234,1.050598270334211,0.005590079799583065,5.0
2026-08-26 13:40:00,0.0042357915,0.44392827731866435,0.6799999848008156,9.259999793022871,0.01866792510795515,0.6047738122436683,0.6234417373516234,1.0716058061783962,0.005590079799583065,5.0
2026-08-26 13:50:00,0.0042357915,0.4622571901349325,0.6799999848008156,9.259999793022871,0.01866792510795515,0.6047738122436683,0.6234417373516234,1.0899347189946642,0.005590079799583065,5.0
2026-08-26 14:00:00,0.0042357915,0.47774141206876636,0.6799999848008156,9.259999793022871,0.01866792510795515,0.6047738122436683,0.6234417373516234,1.1054189409284982,0.005590079799583065,5.0
2026-08-26 14:10:00,0.0042357915,0.4902268019316788,0.6799999848008156,9.259999793022871,0.01866792510795515,0.6047738122436683,0.6234417373516234,1.1179043307914105,0.005590079799583065,5.0
2026-08-26 14:20:00,0.0042357915,0.49957293051094687,0.6799999848008156,9.259999793022871,0.01866792510795515,0.6047738122436683,0.6234417373516234,1.1272504593706787,0.005590079799583065,5.0
2026-08-26 14:30:00,0.0042357915,0.5056550714229959,0.6799999848008156,9.259999793022871,0.01866792510795515,0.6047738122436683,0.6234417373516234,1.1333326002827278,0.005590079799583065,5.0
2026-08-26 14:40:00,0.0042357915,0.5083663012995256,0.6799999848008156,9.259999793022871,0.01866792510795515,0.6047738122436683,0.6234417373516234,1.1360438301592575,0.005590079799583065,5.0
2026-08-26 14:50:00,0.0042357915,0.5076196064365586,0.6799999848008156,9.259999793022871,0.01866792510795515,0.6047738122436683,0.6234417373516234,1.1352971352962904,0.005590079799583065,5.0
2026-08-26 15:00:00,0.0042357915,0.5033498957635448,0.7299999836832285,9.249999793246388,0.019321185479889463,0.6259371050701472,0.6452582905500367,1.15284397782169,0.005590079799583065,5.0
2026-08-26 15:10:00,0.0042357915,0.49551583108218955,0.7299999836832285,9.249999793246388,0.019321185479889463,0.6259371050701472,0.6452582905500367,1.1450099131403346,0.005590079799583065,5.0
2026-08-26 15:20:00,0.0042357915,0.48410140291368436,0.7299999836832285,9.249999793246388,0.019321185479889463,0.6259371050701472,0.6452582905500367,1.1335954849718295,0.005590079799583065,5.0
2026-08-26 15:30:00,0.0042357915,0.46911720160591996,0.7299999836832285,9.249999793246388,0.019321185479889463,0.6259371050701472,0.6452582905500367,1.1186112836640651,0.005590079799583065,5.0
2026-08-26 15:40:00,0.0042357915,0.45060135564178083,0.7299999836832285,9.249999793246388,0.019321185479889463,0.6259371050701472,0.6452582905500367,1.100095437699926,0.005590079799583065,5.0
2026-08-26 15:50:00,0.0042357915,0.428620129828809,0.7299999836832285,9.249999793246388,0.019321185479889463,0.6259371050701472,0.6452582905500367,1.078114211886954,0.005590079799583065,5.0
2026-08-26 16:00:00,0.0042357915,0.40326819280233156,0.7299999836832285,9.249999793246388,0.019321185479889463,0.6259371050701472,0.6452582905500367,1.0527622748604766,0.005590079799583065,5.0
2026-08-26 16:10:00,0.0042357915,0.3746685744828848,0.7299999836832285,9.249999793246388,0.019321185479889463,0.6259371050701472,0.6452582905500367,1.02416265654103,0.005590079799583065,5.0
2026-08-26 16:20:00,0.0042357915,0.34297233898953317,0.7299999836832285,9.249999793246388,0.019321185479889463,0.6259371050701472,0.6452582905500367,0.9924664210476782,0.005590079799583065,5.0
2026-08-26 16:30:00,0.0042357915,0.30835799703495304,0.7299999836832285,9.249999793246388,0.019321185479889463,0.6259371050701472,0.6452582905500367,0.9578520790930981,0.005590079799583065,5.0
2026-08-26 16:40:00,0.0042357915,0.2710306751981467,0.7299999836832285,9.249999793246388,0.019321185479889463,0.6259371050701472,0.6452582905500367,0.9205247572562918,0.005590079799583065,5.0
2026-08-26 16:50:00,0.0042357915,0.23122104907801536,0.7299999836832285,9.249999793246388,0.019321185479889463,0.6259371050701472,0.6452582905500367,0.8807151311361604,0.005590079799583065,5.0
2026-08-26 17:00:00,0.0042357915,0.18918403571915046,0.7299999836832285,9.249999793246388,0.019321185479889463,0.6259371050701472,0.6452582905500367,0.8386781177772955,0.005590079799583065,5.0
2026-08-26 17:10:00,0.0042357915,0.14519722987434192,0.7299999836832285,9.249999793246388,0.019321185479889463,0.6259371050701472,0.6452582905500367,0.794691311932487,0.005590079799583065,5.0
2026-08-26 17:20:00,0.0042357915,0.09955906121380464,0.7299999836832285,9.249999793246388,0.019321185479889463,0.6259371050701472,0.6452582905500367,0.7490531432719497,0.005590079799583065,5.0
2026-08-26 17:30:00,0.0042357915,0.05258664714024356,0.7299999836832285,9.249999793246388,0.019321185479889463,0.6259371050701472,0.6452582905500367,0.7020807291983886,0.005590079799583065,5.0
2026-08-26 17:40:00,0.0042357915,0.004613319612575583,0.7299999836832285,9.249999793246388,0.019321185479889463,0.6259371050701472,0.6452582905500367,0.6541074016707207,0.005590079799583065,5.0
2026-08-26 17:50:00,0.0042357915,-0.04401418518137229,0.7299999836832285,9.249999793246388,0.019321185479889463,0.6259371050701472,0.6452582905500367,0.6054798968767727,0.005590079799583065,5.0
2026-08-26 18:00:00,0.0042357915,-0.09293886917421938,0.7699999827891588,9.229999793693423,0.01980056899656246,0.6414674114769132,0.6612679804734757,0.5725649028073647,0.005590079799583065,5.0
2026-08-26 18:10:00,0.0042357915,-0.1417969206658764,0.7699999827891588,9.229999793693423,0.01980056899656246,0.6414674114769132,0.6612679804734757,0.5237068513157077,0.005590079799583065,5.0
2026-08-26 18:20:00,0.0042357915,-0.19022141894882957,0.7699999827891588,9.229999793693423,0.01980056899656246,0.6414674114769132,0.6612679804734757,0.47528235303275446,0.005590079799583065,5.0
2026-08-26 18:30:00,0.0042357915,-0.2378462225231118,0.7699999827891588,9.229999793693423,0.01980056899656246,0.6414674114769132,0.6612679804734757,0.42765754945847223,0.005590079799583065,5.0
2026-08-26 18:40:00,0.0042357915,-0.28430994776383667,0.7699999827891588,9.229999793693423,0.01980056899656246,0.6414674114769132,0.6612679804734757,0.3811938242177474,0.005590079799583065,5.0
2026-08-26 18:50:00,0.0042357915,-0.32925992987866554,0.7699999827891588,9.229999793693423,0.01980056899656246,0.6414674114769132,0.6612679804734757,0.3362438421029185,0.005590079799583065,5.0
2026-08-26 19:00:00,0.0042357915,-0.3723560507439667,0.7699999827891588,9.229999793693423,0.01980056899656246,0.6414674114769132,0.6612679804734757,0.29314772123761734,0.005590079799583065,5.0
2026-08-26 19:10:00,0.0042357915,-0.41327431966617256,0.7699999827891588,9.229999793693423,0.01980056899656246,0.6414674114769132,0.6612679804734757,0.2522294523154115,0.005590079799583065,5.0
2026-08-26 19:20:00,0.0042357915,-0.45171010397995665,0.7699999827891588,9.229999793693423,0.01980056899656246,0.6414674114769132,0.6612679804734757,0.2137936680016274,0.005590079799583065,5.0
2026-08-26 19:30:00,0.0042357915,-0.48738092596928645,0.7699999827891588,9.229999793693423,0.01980056899656246,0.6414674114769132,0.6612679804734757,0.1781228460122976,0.005590079799583065,5.0
2026-08-26 19:40:00,0.0042357915,-0.5200287691969689,0.7699999827891588,9.229999793693423,0.01980056899656246,0.6414674114769132,0.6612679804734757,0.14547500278461512,0.005590079799583065,5.0
2026-08-26 19:50:00,0.0042357915,-0.5494218687090214,0.7699999827891588,9.229999793693423,0.01980056899656246,0.6414674114769132,0.6612679804734757,0.11608190327256263,0.005590079799583065,5.0
2026-08-26 20:00:00,0.0042357915,-0.5753559925313505,0.7699999827891588,9.229999793693423,0.01980056899656246,0.6414674114769132,0.6612679804734757,0.09014777945023356,0.005590079799583065,5.0
2026-08-26 20:10:00,0.0042357915,-0.5976552533141781,0.7699999827891588,9.229999793693423,0.01980056899656246,0.6414674114769132,0.6612679804734757,0.06784851866740593,0.005590079799583065,5.0
2026-08-26 20:20:00,0.0042357915,-0.6161725155722847,0.7699999827891588,9.229999793693423,0.01980056899656246,0.6414674114769132,0.6612679804734757,0.04933125640929936,0.005590079799583065,5.0
2026-08-26 20:30:00,0.0042357915,-0.6307894831038587,0.7699999827891588,9.229999793693423,0.01980056899656246,0.6414674114769132,0.6612679804734757,0.03471428887772532,0.005590079799583065,5.0
2026-08-26 20:40:00,0.0042357915,-0.6414165608249452,0.7699999827891588,9.229999793693423,0.01980056899656246,0.6414674114769132,0.6612679804734757,0.02408721115663881,0.005590079799583065,5.0
2026-08-26 20:50:00,0.0042357915,-0.6479925844773514,0.7699999827891588,9.229999793693423,0.01980056899656246,0.6414674114769132,0.6612679804734757,0.01751118750423264,0.005590079799583065,5.0
2026-08-26 21:00:00,0.0042357915,-0.650484500606361,0.789999982342124,9.199999794363976,0.01999088311418427,0.6476329062371683,0.6676237893513526,0.021375080253099976,0.005590079799583065,5.0
2026-08-26 21:10:00,0.0042357915,-0.6488870591262874,0.789999982342124,9.199999794363976,0.01999088311418427,0.6476329062371683,0.6676237893513526,0.022972521733173545,0.005590079799583065,5.0
2026-08-26 21:20:00,0.0042357915,-0.6432225539832556,0.789999982342124,9.199999794363976,0.01999088311418427,0.6476329062371683,0.6676237893513526,0.028637026876205396,0.005590079799583065,5.0
2026-08-26 21:30:00,0.0042357915,-0.6335406168852418,0.789999982342124,9.199999794363976,0.01999088311418427,0.6476329062371683,0.6676237893513526,0.03831896397421919,0.005590079799583065,5.0
2026-08-26 21:40:00,0.0042357915,-0.6199180383422447,0.789999982342124,9.199999794363976,0.01999088311418427,0.6476329062371683,0.6676237893513526,0.05194154251721628,0.005590079799583065,5.0
2026-08-26 21:50:00,0.0042357915,-0.6024585628312099,0.789999982342124,9.199999794363976,0.01999088311418427,0.6476329062371683,0.6676237893513526,0.06940101802825105,0.005590079799583065,5.0
2026-08-26 22:00:00,0.0042357915,-0.5812925840667831,0.789999982342124,9.199999794363976,0.01999088311418427,0.6476329062371683,0.6676237893513526,0.09056699679267788,0.005590079799583065,5.0
2026-08-26 22:10:00,0.0042357915,-0.5565766545908981,0.789999982342124,9.199999794363976,0.01999088311418427,0.6476329062371683,0.6676237893513526,0.11528292626856285,0.005590079799583065,5.0
2026-08-26 22:20:00,0.0042357915,-0.5284927229056148,0.789999982342124,9.199999794363976,0.01999088311418427,0.6476329062371683,0.6676237893513526,0.14336685795384618,0.005590079799583065,5.0
2026-08-26 22:30:00,0.0042357915,-0.49724702143603305,0.789999982342124,9.199999794363976,0.01999088311418427,0.6476329062371683,0.6676237893513526,0.1746125594234279,0.005590079799583065,5.0
2026-08-26 22:40:00,0.0042357915,-0.46306854910069895,0.789999982342124,9.199999794363976,0.01999088311418427,0.6476329062371683,0.6676237893513526,0.208791031758762,0.005590079799583065,5.0
2026-08-26 22:50:00,0.0042357915,-0.4262071211595839,0.789999982342124,9.199999794363976,0.01999088311418427,0.6476329062371683,0.6676237893513526,0.24565245969987703,0.005590079799583065,5.0
2026-08-26 23:00:00,0.0042357915,-0.3869309934416578,0.789999982342124,9.199999794363976,0.01999088311418427,0.6476329062371683,0.6676237893513526,0.28492858741780314,0.005590079799583065,5.0
2026-08-26 23:10:00,0.0042357915,-0.3455241045021949,0.789999982342124,9.199999794363976,0.01999088311418427,0.6476329062371683,0.6676237893513526,0.32633547635726606,0.005590079799583065,5.0
2026-08-26 23:20:00,0.0042357915,-0.30228301391702644,0.789999982342124,9.199999794363976,0.01999088311418427,0.6476329062371683,0.6676237893513526,0.3695765669424345,0.005590079799583065,5.0
2026-08-26 23:30:00,0.0042357915,-0.2575136440666087,0.789999982342124,9.199999794363976,0.01999088311418427,0.6476329062371683,0.6676237893513526,0.41434593679285225,0.005590079799583065,5.0
2026-08-26 23:40:00,0.0042357915,-0.2115279531699842,0.789999982342124,9.199999794363976,0.01999088311418427,0.6476329062371683,0.6676237893513526,0.4603316276894768,0.005590079799583065,5.0
2026-08-26 23:50:00,0.0042357915,-0.16464067683269362,0.789999982342124,9.199999794363976,0.01999088311418427,0.6476329062371683,0.6676237893513526,0.5072189040267674,0.005590079799583065,5.0
2026-08-27 00:00:00,-0.018580953,-0.1171662725276873,0.7699999827891588,9.169999795034528,0.01967185457188275,0.6372975258118412,0.6569693803837239,0.5212221551967873,0.005590079799583065,5.0
2026-08-27 00:10:00,-0.018580953,-0.06941618649196342,0.7699999827891588,9.169999795034528,0.01967185457188275,0.6372975258118412,0.6569693803837239,0.5689722412325111,0.005590079799583065,5.0
2026-08-27 00:20:00,-0.018580953,-0.021696536603138132,0.7699999827891588,9.169999795034528,0.01967185457188275,0.6372975258118412,0.6569693803837239,0.6166918911213365,0.005590079799583065,5.0
2026-08-27 00:30:00,-0.018580953,0.02569372959587851,0.7699999827891588,9.169999795034528,0.01967185457188275,0.6372975258118412,0.6569693803837239,0.664082157320353,0.005590079799583065,5.0
2026-08-27 00:40:00,-0.018580953,0.07246418227964402,0.7699999827891588,9.169999795034528,0.01967185457188275,0.6372975258118412,0.6569693803837239,0.7108526100041186,0.005590079799583065,5.0
2026-08-27 00:50:00,-0.018580953,0.11833378380040593,0.7699999827891588,9.169999795034528,0.01967185457188275,0.6372975258118412,0.6569693803837239,0.7567222115248805,0.005590079799583065,5.0
2026-08-27 01:00:00,-0.018580953,0.16303135060694385,0.7699999827891588,9.169999795034528,0.01967185457188275,0.6372975258118412,0.6569693803837239,0.8014197783314184,0.005590079799583065,5.0
2026-08-27 01:10:00,-0.018580953,0.20629569560355562,0.7699999827891588,9.169999795034528,0.01967185457188275,0.6372975258118412,0.6569693803837239,0.8446841233280302,0.005590079799583065,5.0
2026-08-27 01:20:00,-0.018580953,0.24787556732376936,0.7699999827891588,9.169999795034528,0.01967185457188275,0.6372975258118412,0.6569693803837239,0.8862639950482439,0.005590079799583065,5.0
2026-08-27 01:30:00,-0.018580953,0.2875295145544729,0.7699999827891588,9.169999795034528,0.01967185457188275,0.6372975258118412,0.6569693803837239,0.9259179422789474,0.005590079799583065,5.0
2026-08-27 01:40:00,-0.018580953,0.3250258050851598,0.7699999827891588,9.169999795034528,0.01967185457188275,0.6372975258118412,0.6569693803837239,0.9634142328096345,0.005590079799583065,5.0
2026-08-27 01:50:00,-0.018580953,0.3601425154489888,0.7699999827891588,9.169999795034528,0.01967185457188275,0.6372975258118412,0.6569693803837239,0.9985309431734634,0.005590079799583065,5.0
2026-08-27 02:00:00,-0.018580953,0.3926678863169797,0.7699999827891588,9.169999795034528,0.01967185457188275,0.6372975258118412,0.6569693803837239,1.0310563140414541,0.005590079799583065,5.0
2026-08-27 02:10:00,-0.018580953,0.4224010079630548,0.7699999827891588,9.169999795034528,0.01967185457188275,0.6372975258118412,0.6569693803837239,1.0607894356875294,0.005590079799583065,5.0
2026-08-27 02:20:00,-0.018580953,0.4491528651993271,0.7699999827891588,9.169999795034528,0.01967185457188275,0.6372975258118412,0.6569693803837239,1.0875412929238018,0.005590079799583065,5.0
2026-08-27 02:30:00,-0.018580953,0.47274773480317395,0.7699999827891588,9.169999795034528,0.01967185457188275,0.6372975258118412,0.6569693803837239,1.1111361625276486,0.005590079799583065,5.0
2026-08-27 02:40:00,-0.018580953,0.4930248942889908,0.7699999827891588,9.169999795034528,0.01967185457188275,0.6372975258118412,0.6569693803837239,1.1314133220134655,0.005590079799583065,5.0
2026-08-27 02:50:00,-0.018580953,0.5098405720142105,0.7699999827891588,9.169999795034528,0.01967185457188275,0.6372975258118412,0.6569693803837239,1.1482289997386852,0.005590079799583065,5.0
2026-08-27 03:00:00,-0.018580953,0.523070047487256,0.7599999830126762,9.129999795928597,0.019458447213079773,0.6303838928720386,0.6498423400851183,1.154331434913125,0.005590079799583065,5.0
2026-08-27 03:10:00,-0.018580953,0.5326097988657389,0.7599999830126762,9.129999795928597,0.019458447213079773,0.6303838928720386,0.6498423400851183,1.1638711862916078,0.005590079799583065,5.0
2026-08-27 03:20:00,-0.018580953,0.5383795924672752,0.7599999830126762,9.129999795928597,0.019458447213079773,0.6303838928720386,0.6498423400851183,1.1696409798931442,0.005590079799583065,5.0
2026-08-27 03:30:00,-0.018580953,0.5403244160168298,0.7599999830126762,9.129999795928597,0.019458447213079773,0.6303838928720386,0.6498423400851183,1.171585803442699,0.005590079799583065,5.0
2026-08-27 03:40:00,-0.018580953,0.5384161718771808,0.7599999830126762,9.129999795928597,0.019458447213079773,0.6303838928720386,0.6498423400851183,1.1696775593030497,0.005590079799583065,5.0
2026-08-27 03:50:00,-0.018580953,0.5326550662653713,0.7599999830126762,9.129999795928597,0.019458447213079773,0.6303838928720386,0.6498423400851183,1.1639164536912403,0.005590079799583065,5.0
2026-08-27 04:00:00,-0.018580953,0.5230706529240047,0.7599999830126762,9.129999795928597,0.019458447213079773,0.6303838928720386,0.6498423400851183,1.1543320403498738,0.005590079799583065,5.0
2026-08-27 04:10:00,-0.018580953,0.5097225119149437,0.7599999830126762,9.129999795928597,0.019458447213079773,0.6303838928720386,0.6498423400851183,1.1409838993408128,0.005590079799583065,5.0
2026-08-27 04:20:00,-0.018580953,0.49270056379545857,0.7599999830126762,9.129999795928597,0.019458447213079773,0.6303838928720386,0.6498423400851183,1.1239619512213275,0.005590079799583065,5.0
2026-08-27 04:30:00,-0.018580953,0.4721250341797458,0.7599999830126762,9.129999795928597,0.019458447213079773,0.6303838928720386,0.6498423400851183,1.1033864216056148,0.005590079799583065,5.0
2026-08-27 04:40:00,-0.018580953,0.4481460925098361,0.7599999830126762,9.129999795928597,0.019458447213079773,0.6303838928720386,0.6498423400851183,1.0794074799357052,0.005590079799583065,5.0
2026-08-27 04:50:00,-0.018580953,0.42094319126725505,0.7599999830126762,9.129999795928597,0.019458447213079773,0.6303838928720386,0.6498423400851183,1.052204578693124,0.005590079799583065,5.0
2026-08-27 05:00:00,-0.018580953,0.39072412833023684,0.7599999830126762,9.129999795928597,0.019458447213079773,0.6303838928720386,0.6498423400851183,1.0219855157561057,0.005590079799583065,5.0
2026-08-27 05:10:00,-0.018580953,0.3577238472324031,0.7599999830126762,9.129999795928597,0.019458447213079773,0.6303838928720386,0.6498423400851183,0.9889852346582721,0.005590079799583065,5.0
2026-08-27 05:20:00,-0.018580953,0.32220297935909586,0.7599999830126762,9.129999795928597,0.019458447213079773,0.6303838928720386,0.6498423400851183,0.9534643667849649,0.005590079799583065,5.0
2026-08-27 05:30:00,-0.018580953,0.2844461212638563,0.7599999830126762,9.129999795928597,0.019458447213079773,0.6303838928720386,0.6498423400851183,0.9157075086897253,0.005590079799583065,5.0
2026-08-27 05:40:00,-0.018580953,0.2447598312959455,0.7599999830126762,9.129999795928597,0.019458447213079773,0.6303838928720386,0.6498423400851183,0.8760212187218145,0.005590079799583065,5.0
2026-08-27 05:50:00,-0.018580953,0.20347032499049925,0.7599999830126762,9.129999795928597,0.019458447213079773,0.6303838928720386,0.6498423400851183,0.8347317124163682,0.005590079799583065,5.0
2026-08-27 06:00:00,-0.018580953,0.16092084948547844,0.7599999830126762,9.089999796822667,0.019373196622880083,0.6276220795407262,0.6469952761636063,0.7893351729898355,0.005590079799583065,5.0
2026-08-27 06:10:00,-0.018580953,0.11746872447915381,0.7599999830126762,9.089999796822667,0.019373196622880083,0.6276220795407262,0.6469952761636063,0.7458830479835108,0.005590079799583065,5.0
2026-08-27 06:20:00,-0.018580953,0.0734820508488963,0.7599999830126762,9.089999796822667,0.019373196622880083,0.6276220795407262,0.6469952761636063,0.7018963743532532,0.005590079799583065,5.0
2026-08-27 06:30:00,-0.018580953,0.02933610686162128,0.7599999830126762,9.089999796822667,0.019373196622880083,0.6276220795407262,0.6469952761636063,0.6577504303659782,0.005590079799583065,5.0
2026-08-27 06:40:00,-0.018580953,-0.014590525594179764,0.7599999830126762,9.089999796822667,0.019373196622880083,0.6276220795407262,0.6469952761636063,0.6138237979101773,0.005590079799583065,5.0
2026-08-27 06:50:00,-0.018580953,-0.05792003886258918,0.7599999830126762,9.089999796822667,0.019373196622880083,0.6276220795407262,0.6469952761636063,0.5704942846417678,0.005590079799583065,5.0
2026-08-27 07:00:00,-0.018580953,-0.10027959349151955,0.7599999830126762,9.089999796822667,0.019373196622880083,0.6276220795407262,0.6469952761636063,0.5281347300128374,0.005590079799583065,5.0
2026-08-27 07:10:00,-0.018580953,-0.14130552270317343,0.7599999830126762,9.089999796822667,0.019373196622880083,0.6276220795407262,0.6469952761636063,0.4871088008011836,0.005590079799583065,5.0
2026-08-27 07:20:00,-0.018580953,-0.18064743059748867,0.7599999830126762,9.089999796822667,0.019373196622880083,0.6276220795407262,0.6469952761636063,0.44776689290686833,0.005590079799583065,5.0
2026-08-27 07:30:00,-0.018580953,-0.21797206471155817,0.7599999830126762,9.089999796822667,0.019373196622880083,0.6276220795407262,0.6469952761636063,0.41044225879279883,0.005590079799583065,5.0
2026-08-27 07:40:00,-0.018580953,-0.25296685015070713,0.7599999830126762,9.089999796822667,0.019373196622880083,0.6276220795407262,0.6469952761636063,0.37544747335364986,0.005590079799583065,5.0
2026-08-27 07:50:00,-0.018580953,-0.28534298836147165,0.7599999830126762,9.089999796822667,0.019373196622880083,0.6276220795407262,0.6469952761636063,0.34307133514288535,0.005590079799583065,5.0
2026-08-27 08:00:00,-0.018580953,-0.3148380476012686,0.7599999830126762,9.089999796822667,0.019373196622880083,0.6276220795407262,0.6469952761636063,0.3135762759030884,0.005590079799583065,5.0
2026-08-27 08:10:00,-0.018580953,-0.34121800214370285,0.7599999830126762,9.089999796822667,0.019373196622880083,0.6276220795407262,0.6469952761636063,0.28719632136065415,0.005590079799583065,5.0
2026-08-27 08:20:00,-0.018580953,-0.3642787106455544,0.7599999830126762,9.089999796822667,0.019373196622880083,0.6276220795407262,0.6469952761636063,0.2641356128588026,0.005590079799583065,5.0
2026-08-27 08:30:00,-0.018580953,-0.3838468575321903,0.7599999830126762,9.089999796822667,0.019373196622880083,0.6276220795407262,0.6469952761636063,0.24456746597216672,0.005590079799583065,5.0
2026-08-27 08:40:00,-0.018580953,-0.39978041155975236,0.7599999830126762,9.089999796822667,0.019373196622880083,0.6276220795407262,0.6469952761636063,0.22863391194460464,0.005590079799583065,5.0
2026-08-27 08:50:00,-0.018580953,-0.41196867980145313,0.7599999830126762,9.089999796822667,0.019373196622880083,0.6276220795407262,0.6469952761636063,0.21644564370290387,0.005590079799583065,5.0
2026-08-27 09:00:00,-0.018580953,-0.42033205078572594,0.7499999832361937,9.049999797716737,0.019160631466207136,0.6207357309289843,0.6398963623951914,0.20098335895021618,0.005590079799583065,5.0
2026-08-27 09:10:00,-0.018580953,-0.4248215258546435,0.7499999832361937,9.049999797716737,0.019160631466207136,0.6207357309289843,0.6398963623951914,0.19649388388129863,0.005590079799583065,5.0
2026-08-27 09:20:00,-0.018580953,-0.4254181325635063,0.7499999832361937,9.049999797716737,0.019160631466207136,0.6207357309289843,0.6398963623951914,0.19589727717243582,0.005590079799583065,5.0
2026-08-27 09:30:00,-0.018580953,-0.4221322987494916,0.7499999832361937,9.049999797716737,0.019160631466207136,0.6207357309289843,0.6398963623951914,0.19918311098645053,0.005590079799583065,5.0
2026-08-27 09:40:00,-0.018580953,-0.4150032425924164,0.7499999832361937,9.049999797716737,0.019160631466207136,0.6207357309289843,0.6398963623951914,0.20631216714352574,0.005590079799583065,5.0
2026-08-27 09:50:00,-0.018580953,-0.4040984051309435,0.7499999832361937,9.049999797716737,0.019160631466207136,0.6207357309289843,0.6398963623951914,0.2172170046049986,0.005590079799583065,5.0
2026-08-27 10:00:00,-0.018580953,-0.38951292071880916,0.7499999832361937,9.049999797716737,0.019160631466207136,0.6207357309289843,0.6398963623951914,0.23180248901713296,0.005590079799583065,5.0
2026-08-27 10:10:00,-0.018580953,-0.3713690911976126,0.7499999832361937,9.049999797716737,0.019160631466207136,0.6207357309289843,0.6398963623951914,0.24994631853832955,0.005590079799583065,5.0
2026-08-27 10:20:00,-0.018580953,-0.34981580477831453,0.7499999832361937,9.049999797716737,0.019160631466207136,0.6207357309289843,0.6398963623951914,0.2714996049576276,0.005590079799583065,5.0
2026-08-27 10:30:00,-0.018580953,-0.32502782350456555,0.7499999832361937,9.049999797716737,0.019160631466207136,0.6207357309289843,0.6398963623951914,0.2962875862313766,0.005590079799583065,5.0
2026-08-27 10:40:00,-0.018580953,-0.29720485604211294,0.7499999832361937,9.049999797716737,0.019160631466207136,0.6207357309289843,0.6398963623951914,0.3241105536938292,0.005590079799583065,5.0
2026-08-27 10:50:00,-0.018580953,-0.2665703363650539,0.7499999832361937,9.049999797716737,0.019160631466207136,0.6207357309289843,0.6398963623951914,0.35474507337088823,0.005590079799583065,5.0
2026-08-27 11:00:00,-0.018580953,-0.23336984352698215,0.7499999832361937,9.049999797716737,0.019160631466207136,0.6207357309289843,0.6398963623951914,0.38794556620896,0.005590079799583065,5.0
2026-08-27 11:10:00,-0.018580953,-0.19786912193256195,0.7499999832361937,9.049999797716737,0.019160631466207136,0.6207357309289843,0.6398963623951914,0.4234462878033802,0.005590079799583065,5.0
2026-08-27 11:20:00,-0.018580953,-0.1603516927879147,0.7499999832361937,9.049999797716737,0.019160631466207136,0.6207357309289843,0.6398963623951914,0.4609637169480274,0.005590079799583065,5.0
2026-08-27 11:30:00,-0.018580953,-0.1211160826487598,0.7499999832361937,9.049999797716737,0.019160631466207136,0.6207357309289843,0.6398963623951914,0.5001993270871823,0.005590079799583065,5.0
2026-08-27 11:40:00,-0.018580953,-0.08047273033379015,0.7499999832361937,9.049999797716737,0.019160631466207136,0.6207357309289843,0.6398963623951914,0.5408426794021519,0.005590079799583065,5.0
2026-08-27 11:50:00,-0.018580953,-0.0387406653600408,0.7499999832361937,9.049999797716737,0.019160631466207136,0.6207357309289843,0.6398963623951914,0.5825747443759013,0.005590079799583065,5.0
2026-08-27 12:00:00,-0.018580953,0.0037559242801960624,0.7499999832361937,9.009999798610806,0.01907594359232335,0.6179921475878618,0.6370680911801851,0.622243062801132,0.005590079799583065,5.0
2026-08-27 12:10:00,-0.018580953,0.04669110225754704,0.7499999832361937,9.009999798610806,0.01907594359232335,0.6179921475878618,0.6370680911801851,0.6651782407784829,0.005590079799583065,5.0
2026-08-27 12:20:00,-0.018580953,0.089740436010052,0.7499999832361937,9.009999798610806,0.01907594359232335,0.6179921475878618,0.6370680911801851,0.7082275745309878,0.005590079799583065,5.0
2026-08-27 12:30:00,-0.018580953,0.13258396400751132,0.7499999832361937,9.009999798610806,0.01907594359232335,0.6179921475878618,0.6370680911801851,0.7510711025284471,0.005590079799583065,5.0
2026-08-27 12:40:00,-0.018580953,0.17490877200048843,0.7499999832361937,9.009999798610806,0.01907594359232335,0.6179921475878618,0.6370680911801851,0.7933959105214243,0.005590079799583065,5.0
2026-08-27 12:50:00,-0.018580953,0.21641110274899458,0.7499999832361937,9.009999798610806,0.01907594359232335,0.6179921475878618,0.6370680911801851,0.8348982412699304,0.005590079799583065,5.0
2026-08-27 13:00:00,-0.018580953,0.25679796105664154,0.7499999832361937,9.009999798610806,0.01907594359232335,0.6179921475878618,0.6370680911801851,0.8752850995775774,0.005590079799583065,5.0
2026-08-27 13:10:00,-0.018580953,0.29578821700322516,0.7499999832361937,9.009999798610806,0.01907594359232335,0.6179921475878618,0.6370680911801851,0.914275355524161,0.005590079799583065,5.0
2026-08-27 13:20:00,-0.018580953,0.3331132505059164,0.7499999832361937,9.009999798610806,0.01907594359232335,0.6179921475878618,0.6370680911801851,0.9516003890268523,0.005590079799583065,5.0
2026-08-27 13:30:00,-0.018580953,0.36851721646410773,0.7499999832361937,9.009999798610806,0.01907594359232335,0.6179921475878618,0.6370680911801851,0.9870043549850436,0.005590079799583065,5.0
2026-08-27 13:40:00,-0.018580953,0.401757037979939,0.7499999832361937,9.009999798610806,0.01907594359232335,0.6179921475878618,0.6370680911801851,1.0202441765008747,0.005590079799583065,5.0
2026-08-27 13:50:00,-0.018580953,0.43260225308937217,0.7499999832361937,9.009999798610806,0.01907594359232335,0.6179921475878618,0.6370680911801851,1.051089391610308,0.005590079799583065,5.0
2026-08-27 14:00:00,-0.018580953,0.46083484654950474,0.7499999832361937,9.009999798610806,0.01907594359232335,0.6179921475878618,0.6370680911801851,1.0793219850704405,0.005590079799583065,5.0
2026-08-27 14:10:00,-0.018580953,0.48624919200529976,0.7499999832361937,9.009999798610806,0.01907594359232335,0.6179921475878618,0.6370680911801851,1.1047363305262357,0.005590079799583065,5.0
2026-08-27 14:20:00,-0.018580953,0.5086522124471392,0.7499999832361937,9.009999798610806,0.01907594359232335,0.6179921475878618,0.6370680911801851,1.1271393509680752,0.005590079799583065,5.0
2026-08-27 14:30:00,-0.018580953,0.5278638399116244,0.7499999832361937,9.009999798610806,0.01907594359232335,0.6179921475878618,0.6370680911801851,1.1463509784325603,0.005590079799583065,5.0
2026-08-27 14:40:00,-0.018580953,0.5437178220279825,0.7499999832361937,9.009999798610806,0.01907594359232335,0.6179921475878618,0.6370680911801851,1.1622049605489182,0.005590079799583065,5.0
2026-08-27 14:50:00,-0.018580953,0.5560628863863657,0.7499999832361937,9.009999798610806,0.01907594359232335,0.6179921475878618,0.6370680911801851,1.1745500249073015,0.005590079799583065,5.0
2026-08-27 15:00:00,-0.018580953,0.564764237575592,0.7799999825656414,8.959999799728394,0.019345765443115868,0.6267334077111357,0.6460791731542516,1.1922624580705943,0.005590079799583065,5.0
2026-08-27 15:10:00,-0.018580953,0.5697053293708368,0.7799999825656414,8.959999799728394,0.019345765443115868,0.6267334077111357,0.6460791731542516,1.197203549865839,0.005590079799583065,5.0
2026-08-27 15:20:00,-0.018580953,0.570789828851255,0.7799999825656414,8.959999799728394,0.019345765443115868,0.6267334077111357,0.6460791731542516,1.198288049346257,0.005590079799583065,5.0
2026-08-27 15:30:00,-0.018580953,0.5679436721741662,0.7799999825656414,8.959999799728394,0.019345765443115868,0.6267334077111357,0.6460791731542516,1.1954418926691686,0.005590079799583065,5.0
2026-08-27 15:40:00,-0.018580953,0.5611171044011777,0.7799999825656414,8.959999799728394,0.019345765443115868,0.6267334077111357,0.6460791731542516,1.18861532489618,0.005590079799583065,5.0
2026-08-27 15:50:00,-0.018580953,0.5502865980164984,0.7799999825656414,8.959999799728394,0.019345765443115868,0.6267334077111357,0.6460791731542516,1.1777848185115007,0.005590079799583065,5.0
2026-08-27 16:00:00,-0.018580953,0.5354565557175461,0.7799999825656414,8.959999799728394,0.019345765443115868,0.6267334077111357,0.6460791731542516,1.1629547762125485,0.005590079799583065,5.0
2026-08-27 16:10:00,-0.018580953,0.5166607204799819,0.7799999825656414,8.959999799728394,0.019345765443115868,0.6267334077111357,0.6460791731542516,1.1441589409749842,0.005590079799583065,5.0
2026-08-27 16:20:00,-0.018580953,0.49396323772154077,0.7799999825656414,8.959999799728394,0.019345765443115868,0.6267334077111357,0.6460791731542516,1.121461458216543,0.005590079799583065,5.0
2026-08-27 16:30:00,-0.018580953,0.46745933733987644,0.7799999825656414,8.959999799728394,0.019345765443115868,0.6267334077111357,0.6460791731542516,1.0949575578348787,0.005590079799583065,5.0
2026-08-27 16:40:00,-0.018580953,0.4372756251788695,0.7799999825656414,8.959999799728394,0.019345765443115868,0.6267334077111357,0.6460791731542516,1.0647738456738718,0.005590079799583065,5.0
2026-08-27 16:50:00,-0.018580953,0.4035699915316854,0.7799999825656414,8.959999799728394,0.019345765443115868,0.6267334077111357,0.6460791731542516,1.0310682120266876,0.005590079799583065,5.0
2026-08-27 17:00:00,-0.018580953,0.36653115684191506,0.7799999825656414,8.959999799728394,0.019345765443115868,0.6267334077111357,0.6460791731542516,0.9940293773369173,0.005590079799583065,5.0
2026-08-27 17:10:00,-0.018580953,0.3263778812529478,0.7799999825656414,8.959999799728394,0.019345765443115868,0.6267334077111357,0.6460791731542516,0.95387610174795,0.005590079799583065,5.0
2026-08-27 17:20:00,-0.018580953,0.28335786465303664,0.7799999825656414,8.959999799728394,0.019345765443115868,0.6267334077111357,0.6460791731542516,0.910856085148039,0.005590079799583065,5.0
2026-08-27 17:30:00,-0.018580953,0.23774635886716788,0.7799999825656414,8.959999799728394,0.019345765443115868,0.6267334077111357,0.6460791731542516,0.8652445793621701,0.005590079799583065,5.0
2026-08-27 17:40:00,-0.018580953,0.18984450450293444,0.7799999825656414,8.959999799728394,0.019345765443115868,0.6267334077111357,0.6460791731542516,0.8173427249979367,0.005590079799583065,5.0
2026-08-27 17:50:00,-0.018580953,0.13997739476372814,0.7799999825656414,8.959999799728394,0.019345765443115868,0.6267334077111357,0.6460791731542516,0.7674756152587304,0.005590079799583065,5.0
2026-08-27 18:00:00,-0.018580953,0.0884918585896367,0.8499999810010195,8.899999801069498,0.020059960632199735,0.6498707700420076,0.6699307306742073,0.7398416366045947,0.005590079799583065,5.0
2026-08-27 18:10:00,-0.018580953,0.03575394894486972,0.8499999810010195,8.899999801069498,0.020059960632199735,0.6498707700420076,0.6699307306742073,0.6871037269598277,0.005590079799583065,5.0
2026-08-27 18:20:00,-0.018580953,-0.01785387984661091,0.8499999810010195,8.899999801069498,0.020059960632199735,0.6498707700420076,0.6699307306742073,0.6334958981683471,0.005590079799583065,5.0
2026-08-27 18:30:00,-0.018580953,-0.07193591772282482,0.8499999810010195,8.899999801069498,0.020059960632199735,0.6498707700420076,0.6699307306742073,0.5794138602921332,0.005590079799583065,5.0
2026-08-27 18:40:00,-0.018580953,-0.12608666885116052,0.8499999810010195,8.899999801069498,0.020059960632199735,0.6498707700420076,0.6699307306742073,0.5252631091637975,0.005590079799583065,5.0
2026-08-27 18:50:00,-0.018580953,-0.17989463116127963,0.8499999810010195,8.899999801069498,0.020059960632199735,0.6498707700420076,0.6699307306742073,0.47145514685367834,0.005590079799583065,5.0
2026-08-27 19:00:00,-0.018580953,-0.23294634968459935,0.8499999810010195,8.899999801069498,0.020059960632199735,0.6498707700420076,0.6699307306742073,0.4184034283303586,0.005590079799583065,5.0
2026-08-27 19:10:00,-0.018580953,-0.28483068512366905,0.8499999810010195,8.899999801069498,0.020059960632199735,0.6498707700420076,0.6699307306742073,0.3665190928912889,0.005590079799583065,5.0
2026-08-27 19:20:00,-0.018580953,-0.3351432159846372,0.8499999810010195,8.899999801069498,0.020059960632199735,0.6498707700420076,0.6699307306742073,0.31620656203032077,0.005590079799583065,5.0
2026-08-27 19:30:00,-0.018580953,-0.3834906729513709,0.8499999810010195,8.899999801069498,0.020059960632199735,0.6498707700420076,0.6699307306742073,0.26785910506358707,0.005590079799583065,5.0
2026-08-27 19:40:00,-0.018580953,-0.4294952898041145,0.8499999810010195,8.899999801069498,0.020059960632199735,0.6498707700420076,0.6699307306742073,0.22185448821084347,0.005590079799583065,5.0
2026-08-27 19:50:00,-0.018580953,-0.4727989486014106,0.8499999810010195,8.899999801069498,0.020059960632199735,0.6498707700420076,0.6699307306742073,0.17855082941354739,0.005590079799583065,5.0
2026-08-27 20:00:00,-0.018580953,-0.5130669993188927,0.8499999810010195,8.899999801069498,0.020059960632199735,0.6498707700420076,0.6699307306742073,0.1382827786960653,0.005590079799583065,5.0
2026-08-27 20:10:00,-0.018580953,-0.549991645952565,0.8499999810010195,8.899999801069498,0.020059960632199735,0.6498707700420076,0.6699307306742073,0.10135813206239297,0.005590079799583065,5.0
2026-08-27 20:20:00,-0.018580953,-0.5832948119321771,0.8499999810010195,8.899999801069498,0.020059960632199735,0.6498707700420076,0.6699307306742073,0.06805496608278083,0.005590079799583065,5.0
2026-08-27 20:30:00,-0.018580953,-0.6127304255808198,0.8499999810010195,8.899999801069498,0.020059960632199735,0.6498707700420076,0.6699307306742073,0.038619352434138166,0.005590079799583065,5.0
2026-08-27 20:40:00,-0.018580953,-0.6380860993398981,0.8499999810010195,8.899999801069498,0.020059960632199735,0.6498707700420076,0.6699307306742073,0.013263678675059842,0.005590079799583065,5.0
2026-08-27 20:50:00,-0.018580953,-0.6591842109920691,0.8499999810010195,8.899999801069498,0.020059960632199735,0.6498707700420076,0.6699307306742073,-0.007834432977111172,0.005590079799583065,5.0
2026-08-27 21:00:00,-0.018580953,-0.6758824283716461,0.8599999807775021,8.859999801963568,0.020086929457340585,0.6507444632402525,0.6708313926975931,-0.02363198833330238,0.005590079799583065,5.0
2026-08-27 21:10:00,-0.018580953,-0.6880737474004947,0.8599999807775021,8.859999801963568,0.020086929457340585,0.6507444632402525,0.6708313926975931,-0.03582330736215089,0.005590079799583065,5.0
2026-08-27 21:20:00,-0.018580953,-0.6956861342118157,0.8599999807775021,8.859999801963568,0.020086929457340585,0.6507444632402525,0.6708313926975931,-0.04343569417347193,0.005590079799583065,5.0
2026-08-27 21:30:00,-0.018580953,-0.6986818734565629,0.8599999807775021,8.859999801963568,0.020086929457340585,0.6507444632402525,0.6708313926975931,-0.04643143341821909,0.005590079799583065,5.0
2026-08-27 21:40:00,-0.018580953,-0.6970567256163854,0.8599999807775021,8.859999801963568,0.020086929457340585,0.6507444632402525,0.6708313926975931,-0.04480628557804167,0.005590079799583065,5.0
2026-08-27 21:50:00,-0.018580953,-0.6908389863294354,0.8599999807775021,8.859999801963568,0.020086929457340585,0.6507444632402525,0.6708313926975931,-0.03858854629109165,0.005590079799583065,5.0
2026-08-27 22:00:00,-0.018580953,-0.6800885216152217,0.8599999807775021,8.859999801963568,0.020086929457340585,0.6507444632402525,0.6708313926975931,-0.02783808157687795,0.005590079799583065,5.0
2026-08-27 22:10:00,-0.018580953,-0.6648958265980663,0.8599999807775021,8.859999801963568,0.020086929457340585,0.6507444632402525,0.6708313926975931,-0.012645386559722582,0.005590079799583065,5.0
2026-08-27 22:20:00,-0.018580953,-0.6453811249933001,0.8599999807775021,8.859999801963568,0.020086929457340585,0.6507444632402525,0.6708313926975931,0.0068693150450436224,0.005590079799583065,5.0
2026-08-27 22:30:00,-0.018580953,-0.6216934955814534,0.8599999807775021,8.859999801963568,0.020086929457340585,0.6507444632402525,0.6708313926975931,0.03055694445689039,0.005590079799583065,5.0
2026-08-27 22:40:00,-0.018580953,-0.594009983834853,0.8599999807775021,8.859999801963568,0.020086929457340585,0.6507444632402525,0.6708313926975931,0.05824045620349072,0.005590079799583065,5.0
2026-08-27 22:50:00,-0.018580953,-0.5625346349906185,0.8599999807775021,8.859999801963568,0.020086929457340585,0.6507444632402525,0.6708313926975931,0.08971580504772525,0.005590079799583065,5.0
2026-08-27 23:00:00,-0.018580953,-0.5274973717559649,0.8599999807775021,8.859999801963568,0.020086929457340585,0.6507444632402525,0.6708313926975931,0.12475306828237887,0.005590079799583065,5.0
2026-08-27 23:10:00,-0.018580953,-0.4891526373191137,0.8599999807775021,8.859999801963568,0.020086929457340585,0.6507444632402525,0.6708313926975931,0.16309780271923002,0.005590079799583065,5.0
2026-08-27 23:20:00,-0.018580953,-0.4477777326478807,0.8599999807775021,8.859999801963568,0.020086929457340585,0.6507444632402525,0.6708313926975931,0.20447270739046308,0.005590079799583065,5.0
2026-08-27 23:30:00,-0.018580953,-0.40367079594243266,0.8599999807775021,8.859999801963568,0.020086929457340585,0.6507444632402525,0.6708313926975931,0.2485796440959111,0.005590079799583065,5.0
2026-08-27 23:40:00,-0.018580953,-0.3571483991155886,0.8599999807775021,8.859999801963568,0.020086929457340585,0.6507444632402525,0.6708313926975931,0.29510204092275516,0.005590079799583065,5.0
2026-08-27 23:50:00,-0.018580953,-0.30854276927666435,0.8599999807775021,8.859999801963568,0.020086929457340585,0.6507444632402525,0.6708313926975931,0.3437076707616794,0.005590079799583065,5.0
2026-08-28 00:00:00,-0.032429315,-0.25819867803511243,0.8199999816715717,8.809999803081155,0.01950353982585666,0.6318447317802408,0.6513482716060974,0.3607202784212009,0.005590079799583065,5.0
2026-08-28 00:10:00,-0.032429315,-0.20647007513577592,0.8199999816715717,8.809999803081155,0.01950353982585666,0.6318447317802408,0.6513482716060974,0.4124488813205374,0.005590079799583065,5.0
2026-08-28 00:20:00,-0.032429315,-0.1537165710410714,0.8199999816715717,8.809999803081155,0.01950353982585666,0.6318447317802408,0.6513482716060974,0.46520238541524195,0.005590079799583065,5.0
2026-08-28 00:30:00,-0.032429315,-0.10029989291866744,0.8199999816715717,8.809999803081155,0.01950353982585666,0.6318447317802408,0.6513482716060974,0.518619063537646,0.005590079799583065,5.0
2026-08-28 00:40:00,-0.032429315,-0.04658044756398908,0.8199999816715717,8.809999803081155,0.01950353982585666,0.6318447317802408,0.6513482716060974,0.5723385088923243,0.005590079799583065,5.0
2026-08-28 00:50:00,-0.032429315,0.007085878304605724,0.8199999816715717,8.809999803081155,0.01950353982585666,0.6318447317802408,0.6513482716060974,0.6260048347609191,0.005590079799583065,5.0
2026-08-28 01:00:00,-0.032429315,0.06035056481965625,0.8199999816715717,8.809999803081155,0.01950353982585666,0.6318447317802408,0.6513482716060974,0.6792695212759696,0.005590079799583065,5.0
2026-08-28 01:10:00,-0.032429315,0.11287486322794622,0.8199999816715717,8.809999803081155,0.01950353982585666,0.6318447317802408,0.6513482716060974,0.7317938196842596,0.005590079799583065,5.0
2026-08-28 01:20:00,-0.032429315,0.16433170213626588,0.8199999816715717,8.809999803081155,0.01950353982585666,0.6318447317802408,0.6513482716060974,0.7832506585925793,0.005590079799583065,5.0
2026-08-28 01:30:00,-0.032429315,0.214407079894737,0.8199999816715717,8.809999803081155,0.01950353982585666,0.6318447317802408,0.6513482716060974,0.8333260363510504,0.005590079799583065,5.0
2026-08-28 01:40:00,-0.032429315,0.2628009680196362,0.8199999816715717,8.809999803081155,0.01950353982585666,0.6318447317802408,0.6513482716060974,0.8817199244759495,0.005590079799583065,5.0
2026-08-28 01:50:00,-0.032429315,0.3092277891107828,0.8199999816715717,8.809999803081155,0.01950353982585666,0.6318447317802408,0.6513482716060974,0.9281467455670962,0.005590079799583065,5.0
2026-08-28 02:00:00,-0.032429315,0.35341656498945057,0.8199999816715717,8.809999803081155,0.01950353982585666,0.6318447317802408,0.6513482716060974,0.9723355214457639,0.005590079799583065,5.0
2026-08-28 02:10:00,-0.032429315,0.39511085389011136,0.8199999816715717,8.809999803081155,0.01950353982585666,0.6318447317802408,0.6513482716060974,1.0140298103464247,0.005590079799583065,5.0
2026-08-28 02:20:00,-0.032429315,0.4340686074650768,0.8199999816715717,8.809999803081155,0.01950353982585666,0.6318447317802408,0.6513482716060974,1.0529875639213901,0.005590079799583065,5.0
2026-08-28 02:30:00,-0.032429315,0.47006207791507865,0.8199999816715717,8.809999803081155,0.01950353982585666,0.6318447317802408,0.6513482716060974,1.088981034371392,0.005590079799583065,5.0
2026-08-28 02:40:00,-0.032429315,0.5028778933245259,0.8199999816715717,8.809999803081155,0.01950353982585666,0.6318447317802408,0.6513482716060974,1.1217968497808393,0.005590079799583065,5.0
2026-08-28 02:50:00,-0.032429315,0.5323173963302107,0.8199999816715717,8.809999803081155,0.01950353982585666,0.6318447317802408,0.6513482716060974,1.151236352786524,0.005590079799583065,5.0
2026-08-28 03:00:00,-0.032429315,0.5581973103822024,0.7699999827891588,8.799999803304672,0.018878115619691188,0.6115832308772304,0.6304613464969216,1.15622934172934,0.005590079799583065,5.0
2026-08-28 03:10:00,-0.032429315,0.5803507619149743,0.7699999827891588,8.799999803304672,0.018878115619691188,0.6115832308772304,0.6304613464969216,1.1783827932621118,0.005590079799583065,5.0
2026-08-28 03:20:00,-0.032429315,0.5986286495195187,0.7699999827891588,8.799999803304672,0.018878115619691188,0.6115832308772304,0.6304613464969216,1.1966606808666562,0.005590079799583065,5.0
2026-08-28 03:30:00,-0.032429315,0.6129013160841149,0.7699999827891588,8.799999803304672,0.018878115619691188,0.6115832308772304,0.6304613464969216,1.2109333474312525,0.005590079799583065,5.0
2026-08-28 03:40:00,-0.032429315,0.6230604501133806,0.7699999827891588,8.799999803304672,0.018878115619691188,0.6115832308772304,0.6304613464969216,1.2210924814605182,0.005590079799583065,5.0
2026-08-28 03:50:00,-0.032429315,0.6290211204911631,0.7699999827891588,8.799999803304672,0.018878115619691188,0.6115832308772304,0.6304613464969216,1.2270531518383008,0.005590079799583065,5.0
2026-08-28 04:00:00,-0.032429315,0.6307238364592569,0.7699999827891588,8.799999803304672,0.018878115619691188,0.6115832308772304,0.6304613464969216,1.2287558678063943,0.005590079799583065,5.0
2026-08-28 04:10:00,-0.032429315,0.6281365219084579,0.7699999827891588,8.799999803304672,0.018878115619691188,0.6115832308772304,0.6304613464969216,1.2261685532555955,0.005590079799583065,5.0
2026-08-28 04:20:00,-0.032429315,0.6212562999390826,0.7699999827891588,8.799999803304672,0.018878115619691188,0.6115832308772304,0.6304613464969216,1.2192883312862202,0.005590079799583065,5.0
2026-08-28 04:30:00,-0.032429315,0.6101109981796918,0.7699999827891588,8.799999803304672,0.018878115619691188,0.6115832308772304,0.6304613464969216,1.2081430295268294,0.005590079799583065,5.0
2026-08-28 04:40:00,-0.032429315,0.5947603057514274,0.7699999827891588,8.799999803304672,0.018878115619691188,0.6115832308772304,0.6304613464969216,1.192792337098565,0.005590079799583065,5.0
2026-08-28 04:50:00,-0.032429315,0.5752965358993049,0.7699999827891588,8.799999803304672,0.018878115619691188,0.6115832308772304,0.6304613464969216,1.1733285672464424,0.005590079799583065,5.0
2026-08-28 05:00:00,-0.032429315,0.5518449717590178,0.7699999827891588,8.799999803304672,0.018878115619691188,0.6115832308772304,0.6304613464969216,1.1498770031061554,0.005590079799583065,5.0
2026-08-28 05:10:00,-0.032429315,0.524563793616444,0.7699999827891588,8.799999803304672,0.018878115619691188,0.6115832308772304,0.6304613464969216,1.1225958249635815,0.005590079799583065,5.0
2026-08-28 05:20:00,-0.032429315,0.49364360234455085,0.7699999827891588,8.799999803304672,0.018878115619691188,0.6115832308772304,0.6304613464969216,1.0916756336916884,0.005590079799583065,5.0
2026-08-28 05:30:00,-0.032429315,0.45930656433086314,0.7699999827891588,8.799999803304672,0.018878115619691188,0.6115832308772304,0.6304613464969216,1.0573385956780008,0.005590079799583065,5.0
2026-08-28 05:40:00,-0.032429315,0.4218052071289036,0.7699999827891588,8.799999803304672,0.018878115619691188,0.6115832308772304,0.6304613464969216,1.0198372384760412,0.005590079799583065,5.0
2026-08-28 05:50:00,-0.032429315,0.38142089354537606,0.7699999827891588,8.799999803304672,0.018878115619691188,0.6115832308772304,0.6304613464969216,0.9794529248925137,0.005590079799583065,5.0
2026-08-28 06:00:00,-0.032429315,0.3384619951538581,0.7499999832361937,8.799999803304672,0.01863133225443346,0.6035883350469682,0.6222196673014017,0.9282523473054757,0.005590079799583065,5.0
2026-08-28 06:10:00,-0.032429315,0.29326177723841357,0.7499999832361937,8.799999803304672,0.01863133225443346,0.6035883350469682,0.6222196673014017,0.8830521293900311,0.005590079799583065,5.0
2026-08-28 06:20:00,-0.032429315,0.24617599715138716,0.7499999832361937,8.799999803304672,0.01863133225443346,0.6035883350469682,0.6222196673014017,0.8359663493030047,0.005590079799583065,5.0
2026-08-28 06:30:00,-0.032429315,0.19758021023574684,0.7499999832361937,8.799999803304672,0.01863133225443346,0.6035883350469682,0.6222196673014017,0.7873705623873644,0.005590079799583065,5.0
2026-08-28 06:40:00,-0.032429315,0.14786677314962796,0.7499999832361937,8.799999803304672,0.01863133225443346,0.6035883350469682,0.6222196673014017,0.7376571253012455,0.005590079799583065,5.0
2026-08-28 06:50:00,-0.032429315,0.09744153558590725,0.7499999832361937,8.799999803304672,0.01863133225443346,0.6035883350469682,0.6222196673014017,0.6872318877375249,0.005590079799583065,5.0
2026-08-28 07:00:00,-0.032429315,0.046720218846848516,0.7499999832361937,8.799999803304672,0.01863133225443346,0.6035883350469682,0.6222196673014017,0.6365105709984661,0.005590079799583065,5.0
2026-08-28 07:10:00,-0.032429315,-0.0038755071309839917,0.7499999832361937,8.799999803304672,0.01863133225443346,0.6035883350469682,0.6222196673014017,0.5859148450206336,0.005590079799583065,5.0
2026-08-28 07:20:00,-0.032429315,-0.05392221790544657,0.7499999832361937,8.799999803304672,0.01863133225443346,0.6035883350469682,0.6222196673014017,0.535868134246171,0.005590079799583065,5.0
2026-08-28 07:30:00,-0.032429315,-0.10299914785650259,0.7499999832361937,8.799999803304672,0.01863133225443346,0.6035883350469682,0.6222196673014017,0.48679120429511497,0.005590079799583065,5.0
2026-08-28 07:40:00,-0.032429315,-0.15069274764705123,0.7499999832361937,8.799999803304672,0.01863133225443346,0.6035883350469682,0.6222196673014017,0.43909760450456636,0.005590079799583065,5.0
2026-08-28 07:50:00,-0.032429315,-0.19660128977412822,0.7499999832361937,8.799999803304672,0.01863133225443346,0.6035883350469682,0.6222196673014017,0.39318906237748935,0.005590079799583065,5.0
2026-08-28 08:00:00,-0.032429315,-0.24033940924289482,0.7499999832361937,8.799999803304672,0.01863133225443346,0.6035883350469682,0.6222196673014017,0.34945094290872275,0.005590079799583065,5.0
2026-08-28 08:10:00,-0.032429315,-0.28154245644251685,0.7499999832361937,8.799999803304672,0.01863133225443346,0.6035883350469682,0.6222196673014017,0.3082478957091007,0.005590079799583065,5.0
2026-08-28 08:20:00,-0.032429315,-0.31987053773019436,0.7499999832361937,8.799999803304672,0.01863133225443346,0.6035883350469682,0.6222196673014017,0.2699198144214232,0.005590079799583065,5.0
2026-08-28 08:30:00,-0.032429315,-0.35501212710905344,0.7499999832361937,8.799999803304672,0.01863133225443346,0.6035883350469682,0.6222196673014017,0.23477822504256413,0.005590079799583065,5.0
2026-08-28 08:40:00,-0.032429315,-0.38668714968768286,0.7499999832361937,8.799999803304672,0.01863133225443346,0.6035883350469682,0.6222196673014017,0.2031032024639347,0.005590079799583065,5.0
2026-08-28 08:50:00,-0.032429315,-0.41464946294546123,0.7499999832361937,8.799999803304672,0.01863133225443346,0.6035883350469682,0.6222196673014017,0.17514088920615634,0.005590079799583065,5.0
2026-08-28 09:00:00,-0.032429315,-0.43868869359237816,0.7199999839067459,8.779999803751707,0.018213414484964763,0.5900492983739398,0.6082627128589045,0.1371447041167423,0.005590079799583065,5.0
2026-08-28 09:10:00,-0.032429315,-0.4586314227684188,0.7199999839067459,8.779999803751707,0.018213414484964763,0.5900492983739398,0.6082627128589045,0.11720197494070167,0.005590079799583065,5.0
2026-08-28 09:20:00,-0.032429315,-0.4743417476175189,0.7199999839067459,8.779999803751707,0.018213414484964763,0.5900492983739398,0.6082627128589045,0.10149165009160155,0.005590079799583065,5.0
2026-08-28 09:30:00,-0.032429315,-0.4857212793208642,0.7199999839067459,8.779999803751707,0.018213414484964763,0.5900492983739398,0.6082627128589045,0.09011211838825628,0.005590079799583065,5.0
2026-08-28 09:40:00,-0.032429315,-0.49270866352424925,0.7199999839067459,8.779999803751707,0.018213414484964763,0.5900492983739398,0.6082627128589045,0.08312473418487121,0.005590079799583065,5.0
2026-08-28 09:50:00,-0.032429315,-0.4952787261905801,0.7199999839067459,8.779999803751707,0.018213414484964763,0.5900492983739398,0.6082627128589045,0.08055467151854034,0.005590079799583065,5.0
2026-08-28 10:00:00,-0.032429315,-0.49344135472520373,0.7199999839067459,8.779999803751707,0.018213414484964763,0.5900492983739398,0.6082627128589045,0.08239204298391678,0.005590079799583065,5.0
2026-08-28 10:10:00,-0.032429315,-0.48724022008999035,0.7199999839067459,8.779999803751707,0.018213414484964763,0.5900492983739398,0.6082627128589045,0.0885931776191301,0.005590079799583065,5.0
2026-08-28 10:20:00,-0.032429315,-0.4767514313731467,0.7199999839067459,8.779999803751707,0.018213414484964763,0.5900492983739398,0.6082627128589045,0.09908196633597377,0.005590079799583065,5.0
2026-08-28 10:30:00,-0.032429315,-0.462082191307645,0.7199999839067459,8.779999803751707,0.018213414484964763,0.5900492983739398,0.6082627128589045,0.11375120640147546,0.005590079799583065,5.0
2026-08-28 10:40:00,-0.032429315,-0.4433694925487262,0.7199999839067459,8.779999803751707,0.018213414484964763,0.5900492983739398,0.6082627128589045,0.13246390516039425,0.005590079799583065,5.0
2026-08-28 10:50:00,-0.032429315,-0.42077886299725886,0.7199999839067459,8.779999803751707,0.018213414484964763,0.5900492983739398,0.6082627128589045,0.1550545347118616,0.005590079799583065,5.0
2026-08-28 11:00:00,-0.032429315,-0.3945031380508004,0.7199999839067459,8.779999803751707,0.018213414484964763,0.5900492983739398,0.6082627128589045,0.18133025965832006,0.005590079799583065,5.0
2026-08-28 11:10:00,-0.032429315,-0.36476121153793095,0.7199999839067459,8.779999803751707,0.018213414484964763,0.5900492983739398,0.6082627128589045,0.2110721861711895,0.005590079799583065,5.0
2026-08-28 11:20:00,-0.032429315,-0.3317966985032016,0.7199999839067459,8.779999803751707,0.018213414484964763,0.5900492983739398,0.6082627128589045,0.24403669920591886,0.005590079799583065,5.0
2026-08-28 11:30:00,-0.032429315,-0.2958764340951719,0.7199999839067459,8.779999803751707,0.018213414484964763,0.5900492983739398,0.6082627128589045,0.27995696361394856,0.005590079799583065,5.0
2026-08-28 11:40:00,-0.032429315,-0.2572887345319459,0.7199999839067459,8.779999803751707,0.018213414484964763,0.5900492983739398,0.6082627128589045,0.31854466317717456,0.005590079799583065,5.0
2026-08-28 11:50:00,-0.032429315,-0.21634135896090334,0.7199999839067459,8.779999803751707,0.018213414484964763,0.5900492983739398,0.6082627128589045,0.3594920387482171,0.005590079799583065,5.0
2026-08-28 12:00:00,-0.032429315,-0.17335913301671396,0.6999999843537807,8.78999980352819,0.017979122934057023,0.582459092520876,0.600438215454933,0.394649767288435,0.005590079799583065,5.0
2026-08-28 12:10:00,-0.032429315,-0.1286812245353073,0.6999999843537807,8.78999980352819,0.017979122934057023,0.582459092520876,0.600438215454933,0.43932767576984166,0.005590079799583065,5.0
2026-08-28 12:20:00,-0.032429315,-0.08265809527453025,0.6999999843537807,8.78999980352819,0.017979122934057023,0.582459092520876,0.600438215454933,0.48535080503061867,0.005590079799583065,5.0
2026-08-28 12:30:00,-0.032429315,-0.03564818666417136,0.6999999843537807,8.78999980352819,0.017979122934057023,0.582459092520876,0.600438215454933,0.5323607136409776,0.005590079799583065,5.0
2026-08-28 12:40:00,-0.032429315,0.01198557176134881,0.6999999843537807,8.78999980352819,0.017979122934057023,0.582459092520876,0.600438215454933,0.5799944720664978,0.005590079799583065,5.0
2026-08-28 12:50:00,-0.032429315,0.05987931856040981,0.6999999843537807,8.78999980352819,0.017979122934057023,0.582459092520876,0.600438215454933,0.6278882188655588,0.005590079799583065,5.0
2026-08-28 13:00:00,-0.032429315,0.10767175407118622,0.6999999843537807,8.78999980352819,0.017979122934057023,0.582459092520876,0.600438215454933,0.6756806543763352,0.005590079799583065,5.0
2026-08-28 13:10:00,-0.032429315,0.15500744158398055,0.6999999843537807,8.78999980352819,0.017979122934057023,0.582459092520876,0.600438215454933,0.7230163418891296,0.005590079799583065,5.0
2026-08-28 13:20:00,-0.032429315,0.20153979477581113,0.6999999843537807,8.78999980352819,0.017979122934057023,0.582459092520876,0.600438215454933,0.76954869508096,0.005590079799583065,5.0
2026-08-28 13:30:00,-0.032429315,0.2469336509603699,0.6999999843537807,8.78999980352819,0.017979122934057023,0.582459092520876,0.600438215454933,0.8149425512655188,0.005590079799583065,5.0
2026-08-28 13:40:00,-0.032429315,0.2908673596001923,0.6999999843537807,8.78999980352819,0.017979122934057023,0.582459092520876,0.600438215454933,0.8588762599053412,0.005590079799583065,5.0
2026-08-28 13:50:00,-0.032429315,0.333034352759129,0.6999999843537807,8.78999980352819,0.017979122934057023,0.582459092520876,0.600438215454933,0.901043253064278,0.005590079799583065,5.0
2026-08-28 14:00:00,-0.032429315,0.3731442043977283,0.6999999843537807,8.78999980352819,0.017979122934057023,0.582459092520876,0.600438215454933,0.9411531047028772,0.005590079799583065,5.0
2026-08-28 14:10:00,-0.032429315,0.41092322533917724,0.6999999843537807,8.78999980352819,0.017979122934057023,0.582459092520876,0.600438215454933,0.9789321256443262,0.005590079799583065,5.0
2026-08-28 14:20:00,-0.032429315,0.44611467614129885,0.6999999843537807,8.78999980352819,0.017979122934057023,0.582459092520876,0.600438215454933,1.0141235764464478,0.005590079799583065,5.0
2026-08-28 14:30:00,-0.032429315,0.4784787078160097,0.6999999843537807,8.78999980352819,0.017979122934057023,0.582459092520876,0.600438215454933,1.0464876081211587,0.005590079799583065,5.0
2026-08-28 14:40:00,-0.032429315,0.5077921577376698,0.6999999843537807,8.78999980352819,0.017979122934057023,0.582459092520876,0.600438215454933,1.0758010580428188,0.005590079799583065,5.0
2026-08-28 14:50:00,-0.032429315,0.5338483334091633,0.6999999843537807,8.78999980352819,0.017979122934057023,0.582459092520876,0.600438215454933,1.1018572337143122,0.005590079799583065,5.0
2026-08-28 15:00:00,-0.032429315,0.5564569100569997,0.7599999830126762,8.759999804198742,0.01866987925373262,0.6048371195573995,0.6235069988111321,1.1475345937183477,0.005590079799583065,5.0
2026-08-28 15:10:00,-0.032429315,0.5754440496628591,0.7599999830126762,8.759999804198742,0.01866987925373262,0.6048371195573995,0.6235069988111321,1.166521733324207,0.005590079799583065,5.0
2026-08-28 15:20:00,-0.032429315,0.5906528214553712,0.7599999830126762,8.759999804198742,0.01866987925373262,0.6048371195573995,0.6235069988111321,1.1817305051167193,0.005590079799583065,5.0
2026-08-28 15:30:00,-0.032429315,0.6019439695450453,0.7599999830126762,8.759999804198742,0.01866987925373262,0.6048371195573995,0.6235069988111321,1.1930216532063933,0.005590079799583065,5.0
2026-08-28 15:40:00,-0.032429315,0.6091970359544024,0.7599999830126762,8.759999804198742,0.01866987925373262,0.6048371195573995,0.6235069988111321,1.2002747196157504,0.005590079799583065,5.0
2026-08-28 15:50:00,-0.032429315,0.6123118102281058,0.7599999830126762,8.759999804198742,0.01866987925373262,0.6048371195573995,0.6235069988111321,1.2033894938894538,0.005590079799583065,5.0
2026-08-28 16:00:00,-0.032429315,0.6112100436254939,0.7599999830126762,8.759999804198742,0.01866987925373262,0.6048371195573995,0.6235069988111321,1.202287727286842,0.005590079799583065,5.0
2026-08-28 16:10:00,-0.032429315,0.6058373394450375,0.7599999830126762,8.759999804198742,0.01866987925373262,0.6048371195573995,0.6235069988111321,1.1969150231063854,0.005590079799583065,5.0
2026-08-28 16:20:00,-0.032429315,0.5961651134396775,0.7599999830126762,8.759999804198742,0.01866987925373262,0.6048371195573995,0.6235069988111321,1.1872427971010255,0.005590079799583065,5.0
2026-08-28 16:30:00,-0.032429315,0.5821925105524155,0.7599999830126762,8.759999804198742,0.01866987925373262,0.6048371195573995,0.6235069988111321,1.1732701942137636,0.005590079799583065,5.0
2026-08-28 16:40:00,-0.032429315,0.5639481664732291,0.7599999830126762,8.759999804198742,0.01866987925373262,0.6048371195573995,0.6235069988111321,1.1550258501345771,0.005590079799583065,5.0
2026-08-28 16:50:00,-0.032429315,0.5414917135844326,0.7599999830126762,8.759999804198742,0.01866987925373262,0.6048371195573995,0.6235069988111321,1.1325693972457807,0.005590079799583065,5.0
2026-08-28 17:00:00,-0.032429315,0.5149149490325491,0.7599999830126762,8.759999804198742,0.01866987925373262,0.6048371195573995,0.6235069988111321,1.1059926326938971,0.005590079799583065,5.0
2026-08-28 17:10:00,-0.032429315,0.48434260523711004,0.7599999830126762,8.759999804198742,0.01866987925373262,0.6048371195573995,0.6235069988111321,1.075420288898458,0.005590079799583065,5.0
2026-08-28 17:20:00,-0.032429315,0.4499326874935911,0.7599999830126762,8.759999804198742,0.01866987925373262,0.6048371195573995,0.6235069988111321,1.0410103711549392,0.005590079799583065,5.0
2026-08-28 17:30:00,-0.032429315,0.4118763665418279,0.7599999830126762,8.759999804198742,0.01866987925373262,0.6048371195573995,0.6235069988111321,1.002954050203176,0.005590079799583065,5.0
2026-08-28 17:40:00,-0.032429315,0.37039743370664485,0.7599999830126762,8.759999804198742,0.01866987925373262,0.6048371195573995,0.6235069988111321,0.961475117367993,0.005590079799583065,5.0
2026-08-28 17:50:00,-0.032429315,0.32575134077357154,0.7599999830126762,8.759999804198742,0.01866987925373262,0.6048371195573995,0.6235069988111321,0.9168290244349195,0.005590079799583065,5.0
2026-08-28 18:00:00,-0.032429315,0.2782238548825918,0.7799999825656414,8.719999805092812,0.018827575297318124,0.6099459057188732,0.6287734810161913,0.8745680207489991,0.005590079799583065,5.0
2026-08-28 18:10:00,-0.032429315,0.22812936089444752,0.7799999825656414,8.719999805092812,0.018827575297318124,0.6099459057188732,0.6287734810161913,0.8244735267608547,0.005590079799583065,5.0
2026-08-28 18:20:00,-0.032429315,0.1758088400190213,0.7799999825656414,8.719999805092812,0.018827575297318124,0.6099459057188732,0.6287734810161913,0.7721530058854286,0.005590079799583065,5.0
2026-08-28 18:30:00,-0.032429315,0.1216275462437483,0.7799999825656414,8.719999805092812,0.018827575297318124,0.6099459057188732,0.6287734810161913,0.7179717121101555,0.005590079799583065,5.0
2026-08-28 18:40:00,-0.032429315,0.06597239275606077,0.7799999825656414,8.719999805092812,0.018827575297318124,0.6099459057188732,0.6287734810161913,0.6623165586224681,0.005590079799583065,5.0
2026-08-28 18:50:00,-0.032429315,0.009249051831008843,0.7799999825656414,8.719999805092812,0.018827575297318124,0.6099459057188732,0.6287734810161913,0.6055932176974161,0.005590079799583065,5.0
2026-08-28 19:00:00,-0.032429315,-0.0481212344660053,0.7799999825656414,8.719999805092812,0.018827575297318124,0.6099459057188732,0.6287734810161913,0.5482229314004019,0.005590079799583065,5.0
2026-08-28 19:10:00,-0.032429315,-0.1057051370798875,0.7799999825656414,8.719999805092812,0.018827575297318124,0.6099459057188732,0.6287734810161913,0.49063902878651977,0.005590079799583065,5.0
2026-08-28 19:20:00,-0.032429315,-0.163061016428333,0.7799999825656414,8.719999805092812,0.018827575297318124,0.6099459057188732,0.6287734810161913,0.4332831494380742,0.005590079799583065,5.0
2026-08-28 19:30:00,-0.032429315,-0.21974298263440695,0.7799999825656414,8.719999805092812,0.018827575297318124,0.6099459057188732,0.6287734810161913,0.3766011832320003,0.005590079799583065,5.0
2026-08-28 19:40:00,-0.032429315,-0.275305213817329,0.7799999825656414,8.719999805092812,0.018827575297318124,0.6099459057188732,0.6287734810161913,0.3210389520490783,0.005590079799583065,5.0
2026-08-28 19:50:00,-0.032429315,-0.32930648689791026,0.7799999825656414,8.719999805092812,0.018827575297318124,0.6099459057188732,0.6287734810161913,0.267037678968497,0.005590079799583065,5.0
2026-08-28 20:00:00,-0.032429315,-0.38131485321001557,0.7799999825656414,8.719999805092812,0.018827575297318124,0.6099459057188732,0.6287734810161913,0.2150293126563917,0.005590079799583065,5.0
2026-08-28 20:10:00,-0.032429315,-0.4309123695569554,0.7799999825656414,8.719999805092812,0.018827575297318124,0.6099459057188732,0.6287734810161913,0.16543179630945187,0.005590079799583065,5.0
2026-08-28 20:20:00,-0.032429315,-0.4776997767391365,0.7799999825656414,8.719999805092812,0.018827575297318124,0.6099459057188732,0.6287734810161913,0.11864438912727082,0.005590079799583065,5.0
2026-08-28 20:30:00,-0.032429315,-0.5213010046103845,0.7799999825656414,8.719999805092812,0.018827575297318124,0.6099459057188732,0.6287734810161913,0.07504316125602273,0.005590079799583065,5.0
2026-08-28 20:40:00,-0.032429315,-0.5613673775939154,0.7799999825656414,8.719999805092812,0.018827575297318124,0.6099459057188732,0.6287734810161913,0.03497678827249184,0.005590079799583065,5.0
2026-08-28 20:50:00,-0.032429315,-0.5975813983995371,0.7799999825656414,8.719999805092812,0.018827575297318124,0.6099459057188732,0.6287734810161913,-0.001237232533129795,0.005590079799583065,5.0
2026-08-28 21:00:00,-0.032429315,-0.6296600012630781,0.8099999818950891,7.869999824091792,0.017316010826519013,0.5609766387986999,0.5782926496252189,-0.0837966667876433,0.005590079799583065,5.0
2026-08-28 21:10:00,-0.032429315,-0.657357188240927,0.8099999818950891,7.869999824091792,0.017316010826519013,0.5609766387986999,0.5782926496252189,-0.11149385376549226,0.005590079799583065,5.0
2026-08-28 21:20:00,-0.032429315,-0.6804659919116511,0.8099999818950891,7.869999824091792,0.017316010826519013,0.5609766387986999,0.5782926496252189,-0.13460265743621636,0.005590079799583065,5.0
2026-08-28 21:30:00,-0.032429315,-0.6988197423155066,0.8099999818950891,7.869999824091792,0.017316010826519013,0.5609766387986999,0.5782926496252189,-0.1529564078400718,0.005590079799583065,5.0
2026-08-28 21:40:00,-0.032429315,-0.7122926524105523,0.8099999818950891,7.869999824091792,0.017316010826519013,0.5609766387986999,0.5782926496252189,-0.1664293179351175,0.005590079799583065,5.0
2026-08-28 21:50:00,-0.032429315,-0.7207997711533052,0.8099999818950891,7.869999824091792,0.017316010826519013,0.5609766387986999,0.5782926496252189,-0.1749364366778704,0.005590079799583065,5.0
2026-08-28 22:00:00,-0.032429315,-0.7242963833848649,0.8099999818950891,7.869999824091792,0.017316010826519013,0.5609766387986999,0.5782926496252189,-0.17843304890943013,0.005590079799583065,5.0
2026-08-28 22:10:00,-0.032429315,-0.722776958104077,0.8099999818950891,7.869999824091792,0.017316010826519013,0.5609766387986999,0.5782926496252189,-0.17691362362864227,0.005590079799583065,5.0
2026-08-28 22:20:00,-0.032429315,-0.7162737593363986,0.8099999818950891,7.869999824091792,0.017316010826519013,0.5609766387986999,0.5782926496252189,-0.1704104248609638,0.005590079799583065,5.0
2026-08-28 22:30:00,-0.032429315,-0.7048552355590728,0.8099999818950891,7.869999824091792,0.017316010826519013,0.5609766387986999,0.5782926496252189,-0.15899190108363803,0.005590079799583065,5.0
2026-08-28 22:40:00,-0.032429315,-0.6886242945238154,0.8099999818950891,7.869999824091792,0.017316010826519013,0.5609766387986999,0.5782926496252189,-0.14276096004838057,0.005590079799583065,5.0
2026-08-28 22:50:00,-0.032429315,-0.6677165514387194,0.8099999818950891,7.869999824091792,0.017316010826519013,0.5609766387986999,0.5782926496252189,-0.12185321696328466,0.005590079799583065,5.0
2026-08-28 23:00:00,-0.032429315,-0.6422986121047888,0.8099999818950891,7.869999824091792,0.017316010826519013,0.5609766387986999,0.5782926496252189,-0.096435277629354,0.005590079799583065,5.0
2026-08-28 23:10:00,-0.032429315,-0.6125664216013221,0.8099999818950891,7.869999824091792,0.017316010826519013,0.5609766387986999,0.5782926496252189,-0.06670308712588735,0.005590079799583065,5.0
2026-08-28 23:20:00,-0.032429315,-0.5787436771011439,0.8099999818950891,7.869999824091792,0.017316010826519013,0.5609766387986999,0.5782926496252189,-0.03288034262570916,0.005590079799583065,5.0
2026-08-28 23:30:00,-0.032429315,-0.541080273884553,0.8099999818950891,7.869999824091792,0.017316010826519013,0.5609766387986999,0.5782926496252189,0.004783060590881738,0.005590079799583065,5.0
2026-08-28 23:40:00,-0.032429315,-0.49985072993438745,0.8099999818950891,7.869999824091792,0.017316010826519013,0.5609766387986999,0.5782926496252189,0.046012604541047275,0.005590079799583065,5.0
2026-08-28 23:50:00,-0.032429315,-0.4553525194338897,0.8099999818950891,7.869999824091792,0.017316010826519013,0.5609766387986999,0.5782926496252189,0.09051081504154507,0.005590079799583065,5.0
2026-08-29 00:00:00,-0.05425268,-0.40790424063220143,0.7999999821186066,6.299999859184027,0.013775778457460322,0.4462858087421943,0.4600615871996546,-0.002095333823620038,0.005590079799583065,5.0
2026-08-29 00:10:00,-0.05425268,-0.3578435497568981,0.7999999821186066,6.299999859184027,0.013775778457460322,0.4462858087421943,0.4600615871996546,0.04796535705168331,0.005590079799583065,5.0
2026-08-29 00:20:00,-0.05425268,-0.305524809075713,0.7999999821186066,6.299999859184027,0.013775778457460322,0.4462858087421943,0.4600615871996546,0.1002840977328684,0.005590079799583065,5.0
2026-08-29 00:30:00,-0.05425268,-0.25131642241270163,0.7999999821186066,6.299999859184027,0.013775778457460322,0.4462858087421943,0.4600615871996546,0.15449248439587976,0.005590079799583065,5.0
2026-08-29 00:40:00,-0.05425268,-0.1955978623743197,0.7999999821186066,6.299999859184027,0.013775778457460322,0.4462858087421943,0.4600615871996546,0.2102110444342617,0.005590079799583065,5.0
2026-08-29 00:50:00,-0.05425268,-0.1387564271108459,0.7999999821186066,6.299999859184027,0.013775778457460322,0.4462858087421943,0.4600615871996546,0.2670524796977355,0.005590079799583065,5.0
2026-08-29 01:00:00,-0.05425268,-0.08118379673145236,0.7999999821186066,6.299999859184027,0.013775778457460322,0.4462858087421943,0.4600615871996546,0.324625110077129,0.005590079799583065,5.0
2026-08-29 01:10:00,-0.05425268,-0.02327248686618421,0.7999999821186066,6.299999859184027,0.013775778457460322,0.4462858087421943,0.4600615871996546,0.3825364199423972,0.005590079799583065,5.0
2026-08-29 01:20:00,-0.05425268,0.034587683757342134,0.7999999821186066,6.299999859184027,0.013775778457460322,0.4462858087421943,0.4600615871996546,0.4403965905659235,0.005590079799583065,5.0
2026-08-29 01:30:00,-0.05425268,0.09201298592713257,0.7999999821186066,6.299999859184027,0.013775778457460322,0.4462858087421943,0.4600615871996546,0.497821892735714,0.005590079799583065,5.0
2026-08-29 01:40:00,-0.05425268,0.14862890979837423,0.7999999821186066,6.299999859184027,0.013775778457460322,0.4462858087421943,0.4600615871996546,0.5544378166069557,0.005590079799583065,5.0
2026-08-29 01:50:00,-0.05425268,0.20407292356711626,0.7999999821186066,6.299999859184027,0.013775778457460322,0.4462858087421943,0.4600615871996546,0.6098818303756977,0.005590079799583065,5.0
2026-08-29 02:00:00,-0.05425268,0.2579967777189542,0.7999999821186066,6.299999859184027,0.013775778457460322,0.4462858087421943,0.4600615871996546,0.6638056845275355,0.005590079799583065,5.0
2026-08-29 02:10:00,-0.05425268,0.31006830513961353,0.7999999821186066,6.299999859184027,0.013775778457460322,0.4462858087421943,0.4600615871996546,0.7158772119481949,0.005590079799583065,5.0
2026-08-29 02:20:00,-0.05425268,0.3599727059408447,0.7999999821186066,6.299999859184027,0.013775778457460322,0.4462858087421943,0.4600615871996546,0.7657816127494261,0.005590079799583065,5.0
2026-08-29 02:30:00,-0.05425268,0.40741334589935063,0.7999999821186066,6.299999859184027,0.013775778457460322,0.4462858087421943,0.4600615871996546,0.813222252707932,0.005590079799583065,5.0
2026-08-29 02:40:00,-0.05425268,0.4521121349793479,0.7999999821186066,6.299999859184027,0.013775778457460322,0.4462858087421943,0.4600615871996546,0.8579210417879293,0.005590079799583065,5.0
2026-08-29 02:50:00,-0.05425268,0.49380958377940654,0.7999999821186066,6.299999859184027,0.013775778457460322,0.4462858087421943,0.4600615871996546,0.8996184905879879,0.005590079799583065,5.0
2026-08-29 03:00:00,-0.05425268,0.5322646580679689,0.7599999830126762,9.44999978877604,0.02014045193467731,0.6524783995225372,0.6726188514572145,1.15063082913411,0.005590079799583065,5.0
2026-08-29 03:10:00,-0.05425268,0.5672545625353924,0.7599999830126762,9.44999978877604,0.02014045193467731,0.6524783995225372,0.6726188514572145,1.1856207336015336,0.005590079799583065,5.0
2026-08-29 03:20:00,-0.05425268,0.5985745837298391,0.7599999830126762,9.44999978877604,0.02014045193467731,0.6524783995225372,0.6726188514572145,1.2169407547959803,0.005590079799583065,5.0
2026-08-29 03:30:00,-0.05425268,0.6260381089321871,0.7599999830126762,9.44999978877604,0.02014045193467731,0.6524783995225372,0.6726188514572145,1.2444042799983284,0.005590079799583065,5.0
2026-08-29 03:40:00,-0.05425268,0.6494769140581712,0.7599999830126762,9.44999978877604,0.02014045193467731,0.6524783995225372,0.6726188514572145,1.2678430851243125,0.005590079799583065,5.0
2026-08-29 03:50:00,-0.05425268,0.6687417818480899,0.7599999830126762,9.44999978877604,0.02014045193467731,0.6524783995225372,0.6726188514572145,1.287107952914231,0.005590079799583065,5.0
2026-08-29 04:00:00,-0.05425268,0.6837034749073366,0.7599999830126762,9.44999978877604,0.02014045193467731,0.6524783995225372,0.6726188514572145,1.3020696459734777,0.005590079799583065,5.0
2026-08-29 04:10:00,-0.05425268,0.6942540500929354,0.7599999830126762,9.44999978877604,0.02014045193467731,0.6524783995225372,0.6726188514572145,1.3126202211590767,0.005590079799583065,5.0
2026-08-29 04:20:00,-0.05425268,0.7003084649200513,0.7599999830126762,9.44999978877604,0.02014045193467731,0.6524783995225372,0.6726188514572145,1.3186746359861925,0.005590079799583065,5.0
2026-08-29 04:30:00,-0.05425268,0.7018063963011398,0.7599999830126762,9.44999978877604,0.02014045193467731,0.6524783995225372,0.6726188514572145,1.320172567367281,0.005590079799583065,5.0
2026-08-29 04:40:00,-0.05425268,0.6987141695902613,0.7599999830126762,9.44999978877604,0.02014045193467731,0.6524783995225372,0.6726188514572145,1.3170803406564024,0.005590079799583065,5.0
2026-08-29 04:50:00,-0.05425268,0.6910266831715619,0.7599999830126762,9.44999978877604,0.02014045193467731,0.6524783995225372,0.6726188514572145,1.3093928542377031,0.005590079799583065,5.0
2026-08-29 05:00:00,-0.05425268,0.6787692113340751,0.7599999830126762,9.44999978877604,0.02014045193467731,0.6524783995225372,0.6726188514572145,1.2971353824002163,0.005590079799583065,5.0
2026-08-29 05:10:00,-0.05425268,0.66199897531446,0.7599999830126762,9.44999978877604,0.02014045193467731,0.6524783995225372,0.6726188514572145,1.2803651463806012,0.005590079799583065,5.0
2026-08-29 05:20:00,-0.05425268,0.6408063877821951,0.7599999830126762,9.44999978877604,0.02014045193467731,0.6524783995225372,0.6726188514572145,1.2591725588483365,0.005590079799583065,5.0
2026-08-29 05:30:00,-0.05425268,0.6153158973982217,0.7599999830126762,9.44999978877604,0.02014045193467731,0.6524783995225372,0.6726188514572145,1.233682068464363,0.005590079799583065,5.0
2026-08-29 05:40:00,-0.05425268,0.5856863846539929,0.7599999830126762,9.44999978877604,0.02014045193467731,0.6524783995225372,0.6726188514572145,1.2040525557201343,0.005590079799583065,5.0
2026-08-29 05:50:00,-0.05425268,0.5521110852681989,0.7599999830126762,9.44999978877604,0.02014045193467731,0.6524783995225372,0.6726188514572145,1.17047725633434,0.005590079799583065,5.0
2026-08-29 06:00:00,-0.05425268,0.5148170401304395,0.7399999834597111,9.48999978788197,0.01995780059678433,0.6465611513393489,0.6665189519361332,1.1270833116754995,0.005590079799583065,5.0
2026-08-29 06:10:00,-0.05425268,0.4740640891621539,0.7399999834597111,9.48999978788197,0.01995780059678433,0.6465611513393489,0.6665189519361332,1.086330360707214,0.005590079799583065,5.0
2026-08-29 06:20:00,-0.05425268,0.4301434389613209,0.7399999834597111,9.48999978788197,0.01995780059678433,0.6465611513393489,0.6665189519361332,1.042409710506381,0.005590079799583065,5.0
2026-08-29 06:30:00,-0.05425268,0.3833758401739742,0.7399999834597111,9.48999978788197,0.01995780059678433,0.6465611513393489,0.6665189519361332,0.9956421117190342,0.005590079799583065,5.0
2026-08-29 06:40:00,-0.05425268,0.33410941054565507,0.7399999834597111,9.48999978788197,0.01995780059678433,0.6465611513393489,0.6665189519361332,0.946375682090715,0.005590079799583065,5.0
2026-08-29 06:50:00,-0.05425268,0.282717134744527,0.7399999834597111,9.48999978788197,0.01995780059678433,0.6465611513393489,0.6665189519361332,0.894983406289587,0.005590079799583065,5.0
2026-08-29 07:00:00,-0.05425268,0.22959406404244243,0.7399999834597111,9.48999978788197,0.01995780059678433,0.6465611513393489,0.6665189519361332,0.8418603355875024,0.005590079799583065,5.0
2026-08-29 07:10:00,-0.05425268,0.1751542300607883,0.7399999834597111,9.48999978788197,0.01995780059678433,0.6465611513393489,0.6665189519361332,0.7874205016058483,0.005590079799583065,5.0
2026-08-29 07:20:00,-0.05425268,0.119827279317623,0.7399999834597111,9.48999978788197,0.01995780059678433,0.6465611513393489,0.6665189519361332,0.732093550862683,0.005590079799583065,5.0
2026-08-29 07:30:00,-0.05425268,0.06405483121020035,0.7399999834597111,9.48999978788197,0.01995780059678433,0.6465611513393489,0.6665189519361332,0.6763211027552604,0.005590079799583065,5.0
2026-08-29 07:40:00,-0.05425268,0.008286563033086112,0.7399999834597111,9.48999978788197,0.01995780059678433,0.6465611513393489,0.6665189519361332,0.6205528345781461,0.005590079799583065,5.0
2026-08-29 07:50:00,-0.05425268,-0.047023967625583696,0.7399999834597111,9.48999978788197,0.01995780059678433,0.6465611513393489,0.6665189519361332,0.5652423039194763,0.005590079799583065,5.0
2026-08-29 08:00:00,-0.05425268,-0.10142374027448535,0.7399999834597111,9.48999978788197,0.01995780059678433,0.6465611513393489,0.6665189519361332,0.5108425312705747,0.005590079799583065,5.0
2026-08-29 08:10:00,-0.05425268,-0.15446488848412296,0.7399999834597111,9.48999978788197,0.01995780059678433,0.6465611513393489,0.6665189519361332,0.457801383060937,0.005590079799583065,5.0
2026-08-29 08:20:00,-0.05425268,-0.20570945565977267,0.7399999834597111,9.48999978788197,0.01995780059678433,0.6465611513393489,0.6665189519361332,0.4065568158852873,0.005590079799583065,5.0
2026-08-29 08:30:00,-0.05425268,-0.25473420747035996,0.7399999834597111,9.48999978788197,0.01995780059678433,0.6465611513393489,0.6665189519361332,0.3575320640747,0.005590079799583065,5.0
2026-08-29 08:40:00,-0.05425268,-0.3011353992207463,0.7399999834597111,9.48999978788197,0.01995780059678433,0.6465611513393489,0.6665189519361332,0.3111308723243137,0.005590079799583065,5.0
2026-08-29 08:50:00,-0.05425268,-0.3445333812249585,0.7399999834597111,9.48999978788197,0.01995780059678433,0.6465611513393489,0.6665189519361332,0.26773289032010145,0.005590079799583065,5.0
2026-08-29 09:00:00,-0.05425268,-0.38457691694698654,0.7299999836832285,11.819999735802412,0.02468934187808578,0.7998461169653124,0.8245354588433982,0.3857058615053384,0.005590079799583065,5.0
2026-08-29 09:10:00,-0.05425268,-0.4209470887977112,0.7299999836832285,11.819999735802412,0.02468934187808578,0.7998461169653124,0.8245354588433982,0.34933568965461376,0.005590079799583065,5.0
2026-08-29 09:20:00,-0.05425268,-0.45336067609293934,0.7299999836832285,11.819999735802412,0.02468934187808578,0.7998461169653124,0.8245354588433982,0.31692210235938556,0.005590079799583065,5.0
2026-08-29 09:30:00,-0.05425268,-0.48157290862479096,0.7299999836832285,11.819999735802412,0.02468934187808578,0.7998461169653124,0.8245354588433982,0.288709869827534,0.005590079799583065,5.0
2026-08-29 09:40:00,-0.05425268,-0.5053795264718323,0.7299999836832285,11.819999735802412,0.02468934187808578,0.7998461169653124,0.8245354588433982,0.2649032519804927,0.005590079799583065,5.0
2026-08-29 09:50:00,-0.05425268,-0.5246181099688034,0.7299999836832285,11.819999735802412,0.02468934187808578,0.7998461169653124,0.8245354588433982,0.24566466848352153,0.005590079799583065,5.0
2026-08-29 10:00:00,-0.05425268,-0.5391686805125834,0.7299999836832285,11.819999735802412,0.02468934187808578,0.7998461169653124,0.8245354588433982,0.23111409793974158,0.005590079799583065,5.0
2026-08-29 10:10:00,-0.05425268,-0.5489536096505839,0.7299999836832285,11.819999735802412,0.02468934187808578,0.7998461169653124,0.8245354588433982,0.22132916880174103,0.005590079799583065,5.0
2026-08-29 10:20:00,-0.05425268,-0.5539369074618802,0.7299999836832285,11.819999735802412,0.02468934187808578,0.7998461169653124,0.8245354588433982,0.21634587099044478,0.005590079799583065,5.0
2026-08-29 10:30:00,-0.05425268,-0.5541229883660999,0.7299999836832285,11.819999735802412,0.02468934187808578,0.7998461169653124,0.8245354588433982,0.2161597900862251,0.005590079799583065,5.0
2026-08-29 10:40:00,-0.05425268,-0.5495550306827142,0.7299999836832285,11.819999735802412,0.02468934187808578,0.7998461169653124,0.8245354588433982,0.2207277477696108,0.005590079799583065,5.0
2026-08-29 10:50:00,-0.05425268,-0.5403130538390452,0.7299999836832285,11.819999735802412,0.02468934187808578,0.7998461169653124,0.8245354588433982,0.2299697246132798,0.005590079799583065,5.0
2026-08-29 11:00:00,-0.05425268,-0.5265118334886842,0.7299999836832285,11.819999735802412,0.02468934187808578,0.7998461169653124,0.8245354588433982,0.2437709449636407,0.005590079799583065,5.0
2026-08-29 11:10:00,-0.05425268,-0.5082987605184313,0.7299999836832285,11.819999735802412,0.02468934187808578,0.7998461169653124,0.8245354588433982,0.2619840179338937,0.005590079799583065,5.0
2026-08-29 11:20:00,-0.05425268,-0.48585172667496623,0.7299999836832285,11.819999735802412,0.02468934187808578,0.7998461169653124,0.8245354588433982,0.2844310517773587,0.005590079799583065,5.0
2026-08-29 11:30:00,-0.05425268,-0.45937708994716697,0.7299999836832285,11.819999735802412,0.02468934187808578,0.7998461169653124,0.8245354588433982,0.310905688505158,0.005590079799583065,5.0
2026-08-29 11:40:00,-0.05425268,-0.4291077401196391,0.7299999836832285,11.819999735802412,0.02468934187808578,0.7998461169653124,0.8245354588433982,0.34117503833268586,0.005590079799583065,5.0
2026-08-29 11:50:00,-0.05425268,-0.3953012528287363,0.7299999836832285,11.819999735802412,0.02468934187808578,0.7998461169653124,0.8245354588433982,0.37498152562358866,0.005590079799583065,5.0
2026-08-29 12:00:00,-0.05425268,-0.35823809233494686,0.7099999841302633,11.909999733790755,0.02453417974467702,0.7948194204045099,0.8193536001491869,0.4068628274231668,0.005590079799583065,5.0
2026-08-29 12:10:00,-0.05425268,-0.3182198023800669,0.7099999841302633,11.909999733790755,0.02453417974467702,0.7948194204045099,0.8193536001491869,0.44688111737804675,0.005590079799583065,5.0
2026-08-29 12:20:00,-0.05425268,-0.2755671131228179,0.7099999841302633,11.909999733790755,0.02453417974467702,0.7948194204045099,0.8193536001491869,0.4895338066352958,0.005590079799583065,5.0
2026-08-29 12:30:00,-0.05425268,-0.2306178914702278,0.7099999841302633,11.909999733790755,0.02453417974467702,0.7948194204045099,0.8193536001491869,0.5344830282878859,0.005590079799583065,5.0
2026-08-29 12:40:00,-0.05425268,-0.18372487239040125,0.7099999841302633,11.909999733790755,0.02453417974467702,0.7948194204045099,0.8193536001491869,0.5813760473677124,0.005590079799583065,5.0
2026-08-29 12:50:00,-0.05425268,-0.1352531286906688,0.7099999841302633,11.909999733790755,0.02453417974467702,0.7948194204045099,0.8193536001491869,0.6298477910674449,0.005590079799583065,5.0
2026-08-29 13:00:00,-0.05425268,-0.08557726423875836,0.7099999841302633,11.909999733790755,0.02453417974467702,0.7948194204045099,0.8193536001491869,0.6795236555193553,0.005590079799583065,5.0
2026-08-29 13:10:00,-0.05425268,-0.035078347436414345,0.7099999841302633,11.909999733790755,0.02453417974467702,0.7948194204045099,0.8193536001491869,0.7300225723216993,0.005590079799583065,5.0
2026-08-29 13:20:00,-0.05425268,0.015859365380919605,0.7099999841302633,11.909999733790755,0.02453417974467702,0.7948194204045099,0.8193536001491869,0.7809602851390333,0.005590079799583065,5.0
2026-08-29 13:30:00,-0.05425268,0.0668518371379211,0.7099999841302633,11.909999733790755,0.02453417974467702,0.7948194204045099,0.8193536001491869,0.8319527568960348,0.005590079799583065,5.0
2026-08-29 13:40:00,-0.05425268,0.11751868469499273,0.7099999841302633,11.909999733790755,0.02453417974467702,0.7948194204045099,0.8193536001491869,0.8826196044531064,0.005590079799583065,5.0
2026-08-29 13:50:00,-0.05425268,0.16748652346045806,0.7099999841302633,11.909999733790755,0.02453417974467702,0.7948194204045099,0.8193536001491869,0.9325874432185717,0.005590079799583065,5.0
2026-08-29 14:00:00,-0.05425268,0.21639210107171392,0.7099999841302633,11.909999733790755,0.02453417974467702,0.7948194204045099,0.8193536001491869,0.9814930208298276,0.005590079799583065,5.0
2026-08-29 14:10:00,-0.05425268,0.2638851075074704,0.7099999841302633,11.909999733790755,0.02453417974467702,0.7948194204045099,0.8193536001491869,1.0289860272655842,0.005590079799583065,5.0
2026-08-29 14:20:00,-0.05425268,0.30963056866842026,0.7099999841302633,11.909999733790755,0.02453417974467702,0.7948194204045099,0.8193536001491869,1.074731488426534,0.005590079799583065,5.0
2026-08-29 14:30:00,-0.05425268,0.3533107594067568,0.7099999841302633,11.909999733790755,0.02453417974467702,0.7948194204045099,0.8193536001491869,1.1184116791648706,0.005590079799583065,5.0
2026-08-29 14:40:00,-0.05425268,0.39462660790093745,0.7099999841302633,11.909999733790755,0.02453417974467702,0.7948194204045099,0.8193536001491869,1.159727527659051,0.005590079799583065,5.0
2026-08-29 14:50:00,-0.05425268,0.433298602296283,0.7099999841302633,11.909999733790755,0.02453417974467702,0.7948194204045099,0.8193536001491869,1.1983995220543966,0.005590079799583065,5.0
2026-08-29 15:00:00,-0.05425268,0.4690672491990083,0.7399999834597111,11.96999973244965,0.025173326990886036,0.8155254985808226,0.8406988255717086,1.2555133943796437,0.005590079799583065,5.0
2026-08-29 15:10:00,-0.05425268,0.5016931678086199,0.7399999834597111,11.96999973244965,0.025173326990886036,0.8155254985808226,0.8406988255717086,1.2881393129892553,0.005590079799583065,5.0
2026-08-29 15:20:00,-0.05425268,0.5309569300646542,0.7399999834597111,11.96999973244965,0.025173326990886036,0.8155254985808226,0.8406988255717086,1.3174030752452897,0.005590079799583065,5.0
2026-08-29 15:30:00,-0.05425268,0.5566587734598019,0.7399999834597111,11.96999973244965,0.025173326990886036,0.8155254985808226,0.8406988255717086,1.3431049186404374,0.005590079799583065,5.0
2026-08-29 15:40:00,-0.05425268,0.5786183175835133,0.7399999834597111,11.96999973244965,0.025173326990886036,0.8155254985808226,0.8406988255717086,1.3650644627641486,0.005590079799583065,5.0
2026-08-29 15:50:00,-0.05425268,0.5966744077440113,0.7399999834597111,11.96999973244965,0.025173326990886036,0.8155254985808226,0.8406988255717086,1.3831205529246466,0.005590079799583065,5.0
2026-08-29 16:00:00,-0.05425268,0.6106851898628112,0.7399999834597111,11.96999973244965,0.025173326990886036,0.8155254985808226,0.8406988255717086,1.3971313350434467,0.005590079799583065,5.0
2026-08-29 16:10:00,-0.05425268,0.6205284923966479,0.7399999834597111,11.96999973244965,0.025173326990886036,0.8155254985808226,0.8406988255717086,1.4069746375772834,0.005590079799583065,5.0
2026-08-29 16:20:00,-0.05425268,0.6261025559900179,0.7399999834597111,11.96999973244965,0.025173326990886036,0.8155254985808226,0.8406988255717086,1.4125487011706532,0.005590079799583065,5.0
2026-08-29 16:30:00,-0.05425268,0.6273271134685937,0.7399999834597111,11.96999973244965,0.025173326990886036,0.8155254985808226,0.8406988255717086,1.413773258649229,0.005590079799583065,5.0
2026-08-29 16:40:00,-0.05425268,0.624144785177714,0.7399999834597111,11.96999973244965,0.025173326990886036,0.8155254985808226,0.8406988255717086,1.4105909303583495,0.005590079799583065,5.0
2026-08-29 16:50:00,-0.05425268,0.6165227210872491,0.7399999834597111,11.96999973244965,0.025173326990886036,0.8155254985808226,0.8406988255717086,1.4029688662678845,0.005590079799583065,5.0
2026-08-29 17:00:00,-0.05425268,0.6044543944258282,0.7399999834597111,11.96999973244965,0.025173326990886036,0.8155254985808226,0.8406988255717086,1.3909005396064635,0.005590079799583065,5.0
2026-08-29 17:10:00,-0.05425268,0.5879614340200157,0.7399999834597111,11.96999973244965,0.025173326990886036,0.8155254985808226,0.8406988255717086,1.3744075792006512,0.005590079799583065,5.0
2026-08-29 17:20:00,-0.05425268,0.5670953750933466,0.7399999834597111,11.96999973244965,0.025173326990886036,0.8155254985808226,0.8406988255717086,1.353541520273982,0.005590079799583065,5.0
2026-08-29 17:30:00,-0.05425268,0.5419392111063346,0.7399999834597111,11.96999973244965,0.025173326990886036,0.8155254985808226,0.8406988255717086,1.32838535628697,0.005590079799583065,5.0
2026-08-29 17:40:00,-0.05425268,0.5126086412140132,0.7399999834597111,11.96999973244965,0.025173326990886036,0.8155254985808226,0.8406988255717086,1.2990547863946484,0.005590079799583065,5.0
2026-08-29 17:50:00,-0.05425268,0.4792529272728311,0.7399999834597111,11.96999973244965,0.025173326990886036,0.8155254985808226,0.8406988255717086,1.2656990724534665,0.005590079799583065,5.0
2026-08-29 18:00:00,-0.05425268,0.44205529845007596,0.7999999821186066,11.879999734461308,0.025977182234068037,0.8415675250567094,0.8675447072907775,1.2553473253497802,0.005590079799583065,5.0
2026-08-29 18:10:00,-0.05425268,0.40123286755255677,0.7999999821186066,11.879999734461308,0.025977182234068037,0.8415675250567094,0.8675447072907775,1.214524894452261,0.005590079799583065,5.0
2026-08-29 18:20:00,-0.05425268,0.35703604840959297,0.7999999821186066,11.879999734461308,0.025977182234068037,0.8415675250567094,0.8675447072907775,1.1703280753092973,0.005590079799583065,5.0
2026-08-29 18:30:00,-0.05425268,0.3097474854001991,0.7999999821186066,11.879999734461308,0.025977182234068037,0.8415675250567094,0.8675447072907775,1.1230395122999033,0.005590079799583065,5.0
2026-08-29 18:40:00,-0.05425268,0.25968052286057647,0.7999999821186066,11.879999734461308,0.025977182234068037,0.8415675250567094,0.8675447072907775,1.0729725497602807,0.005590079799583065,5.0
2026-08-29 18:50:00,-0.05425268,0.20717725229489647,0.7999999821186066,11.879999734461308,0.025977182234068037,0.8415675250567094,0.8675447072907775,1.0204692791946006,0.005590079799583065,5.0
2026-08-29 19:00:00,-0.05425268,0.15260617921606962,0.7999999821186066,11.879999734461308,0.025977182234068037,0.8415675250567094,0.8675447072907775,0.9658982061157739,0.005590079799583065,5.0
2026-08-29 19:10:00,-0.05425268,0.0963595494447063,0.7999999821186066,11.879999734461308,0.025977182234068037,0.8415675250567094,0.8675447072907775,0.9096515763444105,0.005590079799583065,5.0
2026-08-29 19:20:00,-0.05425268,0.03885036862923131,0.7999999821186066,11.879999734461308,0.025977182234068037,0.8415675250567094,0.8675447072907775,0.8521423955289356,0.005590079799583065,5.0
2026-08-29 19:30:00,-0.05425268,-0.019490859727785352,0.7999999821186066,11.879999734461308,0.025977182234068037,0.8415675250567094,0.8675447072907775,0.793801167171919,0.005590079799583065,5.0
2026-08-29 19:40:00,-0.05425268,-0.07821966075956917,0.7999999821186066,11.879999734461308,0.025977182234068037,0.8415675250567094,0.8675447072907775,0.735072366140135,0.005590079799583065,5.0
2026-08-29 19:50:00,-0.05425268,-0.1368813683832299,0.7999999821186066,11.879999734461308,0.025977182234068037,0.8415675250567094,0.8675447072907775,0.6764106585164744,0.005590079799583065,5.0
2026-08-29 20:00:00,-0.05425268,-0.19501515037078637,0.7999999821186066,11.879999734461308,0.025977182234068037,0.8415675250567094,0.8675447072907775,0.6182768765289179,0.005590079799583065,5.0
2026-08-29 20:10:00,-0.05425268,-0.25215826623862664,0.7999999821186066,11.879999734461308,0.025977182234068037,0.8415675250567094,0.8675447072907775,0.5611337606610776,0.005590079799583065,5.0
2026-08-29 20:20:00,-0.05425268,-0.3078505369854041,0.7999999821186066,11.879999734461308,0.025977182234068037,0.8415675250567094,0.8675447072907775,0.5054414899143002,0.005590079799583065,5.0
2026-08-29 20:30:00,-0.05425268,-0.36163899131273736,0.7999999821186066,11.879999734461308,0.025977182234068037,0.8415675250567094,0.8675447072907775,0.4516530355869669,0.005590079799583065,5.0
2026-08-29 20:40:00,-0.05425268,-0.41308263477831725,0.7999999821186066,11.879999734461308,0.025977182234068037,0.8415675250567094,0.8675447072907775,0.400209392121387,0.005590079799583065,5.0
2026-08-29 20:50:00,-0.05425268,-0.46175726798486444,0.7999999821186066,11.879999734461308,0.025977182234068037,0.8415675250567094,0.8675447072907775,0.35153475891483976,0.005590079799583065,5.0
2026-08-29 21:00:00,-0.05425268,-0.5072602601232351,0.8599999807775021,11.65999973937869,0.02643494328133084,0.8563973410136956,0.8828322842950265,0.32131934378071814,0.005590079799583065,5.0
2026-08-29 21:10:00,-0.05425268,-0.5492151675230036,0.8599999807775021,11.65999973937869,0.02643494328133084,0.8563973410136956,0.8828322842950265,0.27936443638094965,0.005590079799583065,5.0
2026-08-29 21:20:00,-0.05425268,-0.5872760758097036,0.8599999807775021,11.65999973937869,0.02643494328133084,0.8563973410136956,0.8828322842950265,0.2413035280942496,0.005590079799583065,5.0
2026-08-29 21:30:00,-0.05425268,-0.6211315410345984,0.8599999807775021,11.65999973937869,0.02643494328133084,0.8563973410136956,0.8828322842950265,0.2074480628693548,0.005590079799583065,5.0
2026-08-29 21:40:00,-0.05425268,-0.6505080108180572,0.8599999807775021,11.65999973937869,0.02643494328133084,0.8563973410136956,0.8828322842950265,0.17807159308589604,0.005590079799583065,5.0
2026-08-29 21:50:00,-0.05425268,-0.6751726218452484,0.8599999807775021,11.65999973937869,0.02643494328133084,0.8563973410136956,0.8828322842950265,0.15340698205870484,0.005590079799583065,5.0
2026-08-29 22:00:00,-0.05425268,-0.6949352940346805,0.8599999807775021,11.65999973937869,0.02643494328133084,0.8563973410136956,0.8828322842950265,0.13364430986927278,0.005590079799583065,5.0
2026-08-29 22:10:00,-0.05425268,-0.709650073064781,0.8599999807775021,11.65999973937869,0.02643494328133084,0.8563973410136956,0.8828322842950265,0.11892953083917224,0.005590079799583065,5.0
2026-08-29 22:20:00,-0.05425268,-0.7192157089600297,0.8599999807775021,11.65999973937869,0.02643494328133084,0.8563973410136956,0.8828322842950265,0.10936389494392351,0.005590079799583065,5.0
2026-08-29 22:30:00,-0.05425268,-0.7235754962472034,0.8599999807775021,11.65999973937869,0.02643494328133084,0.8563973410136956,0.8828322842950265,0.10500410765674983,0.005590079799583065,5.0
2026-08-29 22:40:00,-0.05425268,-0.7227164372488666,0.8599999807775021,11.65999973937869,0.02643494328133084,0.8563973410136956,0.8828322842950265,0.10586316665508666,0.005590079799583065,5.0
2026-08-29 22:50:00,-0.05425268,-0.7166678211698433,0.8599999807775021,11.65999973937869,0.02643494328133084,0.8563973410136956,0.8828322842950265,0.11191178273410995,0.005590079799583065,5.0
2026-08-29 23:00:00,-0.05425268,-0.7054993348154867,0.8599999807775021,11.65999973937869,0.02643494328133084,0.8563973410136956,0.8828322842950265,0.12308026908846659,0.005590079799583065,5.0
2026-08-29 23:10:00,-0.05425268,-0.6893188338957595,0.8599999807775021,11.65999973937869,0.02643494328133084,0.8563973410136956,0.8828322842950265,0.1392607700081937,0.005590079799583065,5.0
2026-08-29 23:20:00,-0.05425268,-0.6682699057620418,0.8599999807775021,11.65999973937869,0.02643494328133084,0.8563973410136956,0.8828322842950265,0.16030969814191143,0.005590079799583065,5.0
2026-08-29 23:30:00,-0.05425268,-0.6425293450761423,0.8599999807775021,11.65999973937869,0.02643494328133084,0.8563973410136956,0.8828322842950265,0.1860502588278109,0.005590079799583065,5.0
2026-08-29 23:40:00,-0.05425268,-0.6123046443838909,0.8599999807775021,11.65999973937869,0.02643494328133084,0.8563973410136956,0.8828322842950265,0.21627495952006237,0.005590079799583065,5.0
2026-08-29 23:50:00,-0.05425268,-0.577831574120088,0.8599999807775021,11.65999973937869,0.02643494328133084,0.8563973410136956,0.8828322842950265,0.25074802978386523,0.005590079799583065,5.0
2026-08-30 00:00:00,-0.07095212,-0.5393718940971648,0.8799999803304672,11.589999740943313,0.02658002462244145,0.8610974560635197,0.8876774806859612,0.2773534691457117,0.005590079799583065,5.0
2026-08-30 00:10:00,-0.07095212,-0.49721120463317187,0.8799999803304672,11.589999740943313,0.02658002462244145,0.8610974560635197,0.8876774806859612,0.31951415860970467,0.005590079799583065,5.0
2026-08-30 00:20:00,-0.07095212,-0.4516569137813984,0.8799999803304672,11.589999740943313,0.02658002462244145,0.8610974560635197,0.8876774806859612,0.3650684494614781,0.005590079799583065,5.0
2026-08-30 00:30:00,-0.07095212,-0.40303627096960526,0.8799999803304672,11.589999740943313,0.02658002462244145,0.8610974560635197,0.8876774806859612,0.4136890922732712,0.005590079799583065,5.0
2026-08-30 00:40:00,-0.07095212,-0.35169439973043887,0.8799999803304672,11.589999740943313,0.02658002462244145,0.8610974560635197,0.8876774806859612,0.4650309635124376,0.005590079799583065,5.0
2026-08-30 00:50:00,-0.07095212,-0.29799225465260454,0.8799999803304672,11.589999740943313,0.02658002462244145,0.8610974560635197,0.8876774806859612,0.518733108590272,0.005590079799583065,5.0
2026-08-30 01:00:00,-0.07095212,-0.2423044314110828,0.8799999803304672,11.589999740943313,0.02658002462244145,0.8610974560635197,0.8876774806859612,0.5744209318317937,0.005590079799583065,5.0
2026-08-30 01:10:00,-0.07095212,-0.18501677268544284,0.8799999803304672,11.589999740943313,0.02658002462244145,0.8610974560635197,0.8876774806859612,0.6317085905574337,0.005590079799583065,5.0
2026-08-30 01:20:00,-0.07095212,-0.12652373595257305,0.8799999803304672,11.589999740943313,0.02658002462244145,0.8610974560635197,0.8876774806859612,0.6902016272903034,0.005590079799583065,5.0
2026-08-30 01:30:00,-0.07095212,-0.06722551834928436,0.8799999803304672,11.589999740943313,0.02658002462244145,0.8610974560635197,0.8876774806859612,0.7494998448935921,0.005590079799583065,5.0
2026-08-30 01:40:00,-0.07095212,-0.007524966096669461,0.8799999803304672,11.589999740943313,0.02658002462244145,0.8610974560635197,0.8876774806859612,0.8092003971462071,0.005590079799583065,5.0
2026-08-30 01:50:00,-0.07095212,0.05217567251535798,0.8799999803304672,11.589999740943313,0.02658002462244145,0.8610974560635197,0.8876774806859612,0.8689010357582344,0.005590079799583065,5.0
2026-08-30 02:00:00,-0.07095212,0.11147806453082026,0.8799999803304672,11.589999740943313,0.02658002462244145,0.8610974560635197,0.8876774806859612,0.9282034277736968,0.005590079799583065,5.0
2026-08-30 02:10:00,-0.07095212,0.16999107449905507,0.8799999803304672,11.589999740943313,0.02658002462244145,0.8610974560635197,0.8876774806859612,0.9867164377419315,0.005590079799583065,5.0
2026-08-30 02:20:00,-0.07095212,0.2273338963413049,0.8799999803304672,11.589999740943313,0.02658002462244145,0.8610974560635197,0.8876774806859612,1.0440592595841813,0.005590079799583065,5.0
2026-08-30 02:30:00,-0.07095212,0.28313892162680765,0.8799999803304672,11.589999740943313,0.02658002462244145,0.8610974560635197,0.8876774806859612,1.099864284869684,0.005590079799583065,5.0
2026-08-30 02:40:00,-0.07095212,0.3370542443762698,0.8799999803304672,11.589999740943313,0.02658002462244145,0.8610974560635197,0.8876774806859612,1.1537796076191462,0.005590079799583065,5.0
2026-08-30 02:50:00,-0.07095212,0.38874572615777936,0.8799999803304672,11.589999740943313,0.02658002462244145,0.8610974560635197,0.8876774806859612,1.205471089400656,0.005590079799583065,5.0
2026-08-30 03:00:00,-0.07095212,0.437898577226648,0.9299999792128801,11.569999741390347,0.027277554999165936,0.8836949382500999,0.9109724932492659,1.2779189530328292,0.005590079799583065,5.0
2026-08-30 03:10:00,-0.07095212,0.48421844642694667,0.9299999792128801,11.569999741390347,0.027277554999165936,0.8836949382500999,0.9109724932492659,1.3242388222331278,0.005590079799583065,5.0
2026-08-30 03:20:00,-0.07095212,0.5274320510057907,0.9299999792128801,11.569999741390347,0.027277554999165936,0.8836949382500999,0.9109724932492659,1.3674524268119719,0.005590079799583065,5.0
2026-08-30 03:30:00,-0.07095212,0.5672874135662955,0.9299999792128801,11.569999741390347,0.027277554999165936,0.8836949382500999,0.9109724932492659,1.4073077893724766,0.005590079799583065,5.0
2026-08-30 03:40:00,-0.07095212,0.6035538033311313,0.9299999792128801,11.569999741390347,0.027277554999165936,0.8836949382500999,0.9109724932492659,1.4435741791373125,0.005590079799583065,5.0
2026-08-30 03:50:00,-0.07095212,0.6360214999771693,0.9299999792128801,11.569999741390347,0.027277554999165936,0.8836949382500999,0.9109724932492659,1.4760418757833504,0.005590079799583065,5.0
2026-08-30 04:00:00,-0.07095212,0.6645015080665435,0.9299999792128801,11.569999741390347,0.027277554999165936,0.8836949382500999,0.9109724932492659,1.5045218838727248,0.005590079799583065,5.0
2026-08-30 04:10:00,-0.07095212,0.6888253480451197,0.9299999792128801,11.569999741390347,0.027277554999165936,0.8836949382500999,0.9109724932492659,1.528845723851301,0.005590079799583065,5.0
2026-08-30 04:20:00,-0.07095212,0.7088450356129312,0.9299999792128801,11.569999741390347,0.027277554999165936,0.8836949382500999,0.9109724932492659,1.5488654114191123,0.005590079799583065,5.0
2026-08-30 04:30:00,-0.07095212,0.7244333369581871,0.9299999792128801,11.569999741390347,0.027277554999165936,0.8836949382500999,0.9109724932492659,1.5644537127643683,0.005590079799583065,5.0
2026-08-30 04:40:00,-0.07095212,0.7354843548805644,0.9299999792128801,11.569999741390347,0.027277554999165936,0.8836949382500999,0.9109724932492659,1.5755047306867456,0.005590079799583065,5.0
2026-08-30 04:50:00,-0.07095212,0.7419144636750388,0.9299999792128801,11.569999741390347,0.027277554999165936,0.8836949382500999,0.9109724932492659,1.58193483948122,0.005590079799583065,5.0
2026-08-30 05:00:00,-0.07095212,0.7436635722701536,0.9299999792128801,11.569999741390347,0.027277554999165936,0.8836949382500999,0.9109724932492659,1.5836839480763347,0.005590079799583065,5.0
2026-08-30 05:10:00,-0.07095212,0.7406966591261116,0.9299999792128801,11.569999741390347,0.027277554999165936,0.8836949382500999,0.9109724932492659,1.5807170349322928,0.005590079799583065,5.0
2026-08-30 05:20:00,-0.07095212,0.7330054920778765,0.9299999792128801,11.569999741390347,0.027277554999165936,0.8836949382500999,0.9109724932492659,1.5730258678840576,0.005590079799583065,5.0
2026-08-30 05:30:00,-0.07095212,0.7206104242407976,0.9299999792128801,11.569999741390347,0.027277554999165936,0.8836949382500999,0.9109724932492659,1.5606308000469786,0.005590079799583065,5.0
2026-08-30 05:40:00,-0.07095212,0.7035621448497456,0.9299999792128801,11.569999741390347,0.027277554999165936,0.8836949382500999,0.9109724932492659,1.5435825206559266,0.005590079799583065,5.0
2026-08-30 05:50:00,-0.07095212,0.6819432622343818,0.9299999792128801,11.569999741390347,0.027277554999165936,0.8836949382500999,0.9109724932492659,1.521963638040563,0.005590079799583065,5.0
2026-08-30 06:00:00,-0.07095212,0.6558696043129187,0.9399999789893627,11.529999742284417,0.027329006313534028,0.8853617762813967,0.9126907825949307,1.4976082694647648,0.005590079799583065,5.0
2026-08-30 06:10:00,-0.07095212,0.6254911387719367,0.9399999789893627,11.529999742284417,0.027329006313534028,0.8853617762813967,0.9126907825949307,1.4672298039237828,0.005590079799583065,5.0
2026-08-30 06:20:00,-0.07095212,0.590992438077446,0.9399999789893627,11.529999742284417,0.027329006313534028,0.8853617762813967,0.9126907825949307,1.432731103229292,0.005590079799583065,5.0
2026-08-30 06:30:00,-0.07095212,0.5525926408898513,0.9399999789893627,11.529999742284417,0.027329006313534028,0.8853617762813967,0.9126907825949307,1.3943313060416973,0.005590079799583065,5.0
2026-08-30 06:40:00,-0.07095212,0.510544888568996,0.9399999789893627,11.529999742284417,0.027329006313534028,0.8853617762813967,0.9126907825949307,1.352283553720842,0.005590079799583065,5.0
2026-08-30 06:50:00,-0.07095212,0.46513524021295416,0.9399999789893627,11.529999742284417,0.027329006313534028,0.8853617762813967,0.9126907825949307,1.3068739053648002,0.005590079799583065,5.0
2026-08-30 07:00:00,-0.07095212,0.41668109030319983,0.9399999789893627,11.529999742284417,0.027329006313534028,0.8853617762813967,0.9126907825949307,1.2584197554550458,0.005590079799583065,5.0
2026-08-30 07:10:00,-0.07095212,0.36552912730787585,0.9399999789893627,11.529999742284417,0.027329006313534028,0.8853617762813967,0.9126907825949307,1.207267792459722,0.005590079799583065,5.0
2026-08-30 07:20:00,-0.07095212,0.3120528797605384,0.9399999789893627,11.529999742284417,0.027329006313534028,0.8853617762813967,0.9126907825949307,1.1537915449123846,0.005590079799583065,5.0
2026-08-30 07:30:00,-0.07095212,0.2566498976153762,0.9399999789893627,11.529999742284417,0.027329006313534028,0.8853617762813967,0.9126907825949307,1.0983885627672223,0.005590079799583065,5.0
2026-08-30 07:40:00,-0.07095212,0.1997386131638154,0.9399999789893627,11.529999742284417,0.027329006313534028,0.8853617762813967,0.9126907825949307,1.0414772783156614,0.005590079799583065,5.0
2026-08-30 07:50:00,-0.07095212,0.14175491845789054,0.9399999789893627,11.529999742284417,0.027329006313534028,0.8853617762813967,0.9126907825949307,0.9834935836097366,0.005590079799583065,5.0
2026-08-30 08:00:00,-0.07095212,0.08314848757341611,0.9399999789893627,11.529999742284417,0.027329006313534028,0.8853617762813967,0.9126907825949307,0.9248871527252621,0.005590079799583065,5.0
2026-08-30 08:10:00,-0.07095212,0.024378864461710323,0.9399999789893627,11.529999742284417,0.027329006313534028,0.8853617762813967,0.9126907825949307,0.8661175296135564,0.005590079799583065,5.0
2026-08-30 08:20:00,-0.07095212,-0.034088667732756026,0.9399999789893627,11.529999742284417,0.027329006313534028,0.8853617762813967,0.9126907825949307,0.80764999741909,0.005590079799583065,5.0
2026-08-30 08:30:00,-0.07095212,-0.09178741991119768,0.9399999789893627,11.529999742284417,0.027329006313534028,0.8853617762813967,0.9126907825949307,0.7499512452406484,0.005590079799583065,5.0
2026-08-30 08:40:00,-0.07095212,-0.14825381183838474,0.9399999789893627,11.529999742284417,0.027329006313534028,0.8853617762813967,0.9126907825949307,0.6934848533134613,0.005590079799583065,5.0
2026-08-30 08:50:00,-0.07095212,-0.20303203646716,0.9399999789893627,11.529999742284417,0.027329006313534028,0.8853617762813967,0.9126907825949307,0.6387066286846861,0.005590079799583065,5.0
2026-08-30 09:00:00,-0.07095212,-0.25567882656360735,0.9199999794363976,11.479999743402004,0.02691946401966996,0.8720940749753934,0.8990135389950633,0.5723825949883712,0.005590079799583065,5.0
2026-08-30 09:10:00,-0.07095212,-0.3057682578320933,0.9199999794363976,11.479999743402004,0.02691946401966996,0.8720940749753934,0.8990135389950633,0.5222931637198853,0.005590079799583065,5.0
2026-08-30 09:20:00,-0.07095212,-0.35289650358246044,0.9199999794363976,11.479999743402004,0.02691946401966996,0.8720940749753934,0.8990135389950633,0.47516491796951815,0.005590079799583065,5.0
2026-08-30 09:30:00,-0.07095212,-0.39668643861853187,0.9199999794363976,11.479999743402004,0.02691946401966996,0.8720940749753934,0.8990135389950633,0.4313749829334467,0.005590079799583065,5.0
2026-08-30 09:40:00,-0.07095212,-0.4367919769156635,0.9199999794363976,11.479999743402004,0.02691946401966996,0.8720940749753934,0.8990135389950633,0.3912694446363151,0.005590079799583065,5.0
2026-08-30 09:50:00,-0.07095212,-0.4729020214621037,0.9199999794363976,11.479999743402004,0.02691946401966996,0.8720940749753934,0.8990135389950633,0.3551594000898749,0.005590079799583065,5.0
2026-08-30 10:00:00,-0.07095212,-0.5047439065891071,0.9199999794363976,11.479999743402004,0.02691946401966996,0.8720940749753934,0.8990135389950633,0.32331751496287153,0.005590079799583065,5.0
2026-08-30 10:10:00,-0.07095212,-0.53208622467509,0.9199999794363976,11.479999743402004,0.02691946401966996,0.8720940749753934,0.8990135389950633,0.29597519687688856,0.005590079799583065,5.0
2026-08-30 10:20:00,-0.07095212,-0.5547409495248956,0.9199999794363976,11.479999743402004,0.02691946401966996,0.8720940749753934,0.8990135389950633,0.273320472027083,0.005590079799583065,5.0
2026-08-30 10:30:00,-0.07095212,-0.5725647974813368,0.9199999794363976,11.479999743402004,0.02691946401966996,0.8720940749753934,0.8990135389950633,0.2554966240706418,0.005590079799583065,5.0
2026-08-30 10:40:00,-0.07095212,-0.5854598018960698,0.9199999794363976,11.479999743402004,0.02691946401966996,0.8720940749753934,0.8990135389950633,0.24260161965590876,0.005590079799583065,5.0
2026-08-30 10:50:00,-0.07095212,-0.5933731144300095,0.9199999794363976,11.479999743402004,0.02691946401966996,0.8720940749753934,0.8990135389950633,0.2346883071219691,0.005590079799583065,5.0
2026-08-30 11:00:00,-0.07095212,-0.5962960843900198,0.9199999794363976,11.479999743402004,0.02691946401966996,0.8720940749753934,0.8990135389950633,0.2317653371619588,0.005590079799583065,5.0
2026-08-30 11:10:00,-0.07095212,-0.5942627015292242,0.9199999794363976,11.479999743402004,0.02691946401966996,0.8720940749753934,0.8990135389950633,0.23379872002275437,0.005590079799583065,5.0
2026-08-30 11:20:00,-0.07095212,-0.5873475153106991,0.9199999794363976,11.479999743402004,0.02691946401966996,0.8720940749753934,0.8990135389950633,0.24071390624127953,0.005590079799583065,5.0
2026-08-30 11:30:00,-0.07095212,-0.5756631619846607,0.9199999794363976,11.479999743402004,0.02691946401966996,0.8720940749753934,0.8990135389950633,0.2523982595673179,0.005590079799583065,5.0
2026-08-30 11:40:00,-0.07095212,-0.5593576381682428,0.9199999794363976,11.479999743402004,0.02691946401966996,0.8720940749753934,0.8990135389950633,0.2687037833837358,0.005590079799583065,5.0
2026-08-30 11:50:00,-0.07095212,-0.5386114555145162,0.9199999794363976,11.479999743402004,0.02691946401966996,0.8720940749753934,0.8990135389950633,0.2894499660374624,0.005590079799583065,5.0
2026-08-30 12:00:00,-0.07095212,-0.5136347957520015,0.9199999794363976,11.429999744519591,0.026802218967319484,0.8682957558335145,0.895097974800834,0.3105110616057477,0.005590079799583065,5.0
2026-08-30 12:10:00,-0.07095212,-0.4846647609029652,0.9199999794363976,11.429999744519591,0.026802218967319484,0.8682957558335145,0.895097974800834,0.3394810964547841,0.005590079799583065,5.0
2026-08-30 12:20:00,-0.07095212,-0.45196278211137497,0.9199999794363976,11.429999744519591,0.026802218967319484,0.8682957558335145,0.895097974800834,0.3721830752463743,0.005590079799583065,5.0
2026-08-30 12:30:00,-0.07095212,-0.415812215785075,0.9199999794363976,11.429999744519591,0.026802218967319484,0.8682957558335145,0.895097974800834,0.40833364157267427,0.005590079799583065,5.0
2026-08-30 12:40:00,-0.07095212,-0.37651612131526174,0.9199999794363976,11.429999744519591,0.026802218967319484,0.8682957558335145,0.895097974800834,0.4476297360424875,0.005590079799583065,5.0
2026-08-30 12:50:00,-0.07095212,-0.33439518389542067,0.9199999794363976,11.429999744519591,0.026802218967319484,0.8682957558335145,0.895097974800834,0.4897506734623286,0.005590079799583065,5.0
2026-08-30 13:00:00,-0.07095212,-0.28978572252176227,0.9199999794363976,11.429999744519591,0.026802218967319484,0.8682957558335145,0.895097974800834,0.534360134835987,0.005590079799583065,5.0
2026-08-30 13:10:00,-0.07095212,-0.24303770899305488,0.9199999794363976,11.429999744519591,0.026802218967319484,0.8682957558335145,0.895097974800834,0.5811081483646944,0.005590079799583065,5.0
2026-08-30 13:20:00,-0.07095212,-0.1945127206156657,0.9199999794363976,11.429999744519591,0.026802218967319484,0.8682957558335145,0.895097974800834,0.6296331367420835,0.005590079799583065,5.0
2026-08-30 13:30:00,-0.07095212,-0.1445817569577488,0.9199999794363976,11.429999744519591,0.026802218967319484,0.8682957558335145,0.895097974800834,0.6795641004000005,0.005590079799583065,5.0
2026-08-30 13:40:00,-0.07095212,-0.09362286898464453,0.9199999794363976,11.429999744519591,0.026802218967319484,0.8682957558335145,0.895097974800834,0.7305229883731047,0.005590079799583065,5.0
2026-08-30 13:50:00,-0.07095212,-0.042018574536697426,0.9199999794363976,11.429999744519591,0.026802218967319484,0.8682957558335145,0.895097974800834,0.7821272828210518,0.005590079799583065,5.0
2026-08-30 14:00:00,-0.07095212,0.009846935184910446,0.9199999794363976,11.429999744519591,0.026802218967319484,0.8682957558335145,0.895097974800834,0.8339927925426597,0.005590079799583065,5.0
2026-08-30 14:10:00,-0.07095212,0.061590761323248575,0.9199999794363976,11.429999744519591,0.026802218967319484,0.8682957558335145,0.895097974800834,0.8857366186809978,0.005590079799583065,5.0
2026-08-30 14:20:00,-0.07095212,0.11283436890050438,0.9199999794363976,11.429999744519591,0.026802218967319484,0.8682957558335145,0.895097974800834,0.9369802262582536,0.005590079799583065,5.0
2026-08-30 14:30:00,-0.07095212,0.1632066736531179,0.9199999794363976,11.429999744519591,0.026802218967319484,0.8682957558335145,0.895097974800834,0.9873525310108672,0.005590079799583065,5.0
2026-08-30 14:40:00,-0.07095212,0.21234703872613664,0.9199999794363976,11.429999744519591,0.026802218967319484,0.8682957558335145,0.895097974800834,1.036492896083886,0.005590079799583065,5.0
2026-08-30 14:50:00,-0.07095212,0.2599080707967575,0.9199999794363976,11.429999744519591,0.026802218967319484,0.8682957558335145,0.895097974800834,1.0840539281545067,0.005590079799583065,5.0
2026-08-30 15:00:00,-0.07095212,0.3055581123602718,0.9899999778717756,11.34999974630773,0.027608579725637586,0.8944189520126079,0.9220275317382455,1.1566335266554326,0.005590079799583065,5.0
2026-08-30 15:10:00,-0.07095212,0.34898334436488265,0.9899999778717756,11.34999974630773,0.027608579725637586,0.8944189520126079,0.9220275317382455,1.2000587586600435,0.005590079799583065,5.0
2026-08-30 15:20:00,-0.07095212,0.38988944077494425,0.9899999778717756,11.34999974630773,0.027608579725637586,0.8944189520126079,0.9220275317382455,1.240964855070105,0.005590079799583065,5.0
2026-08-30 15:30:00,-0.07095212,0.42800275034218105,0.9899999778717756,11.34999974630773,0.027608579725637586,0.8944189520126079,0.9220275317382455,1.2790781646373417,0.005590079799583065,5.0
2026-08-30 15:40:00,-0.07095212,0.46307101813996077,0.9899999778717756,11.34999974630773,0.027608579725637586,0.8944189520126079,0.9220275317382455,1.3141464324351215,0.005590079799583065,5.0
2026-08-30 15:50:00,-0.07095212,0.49486369622653703,0.9899999778717756,11.34999974630773,0.027608579725637586,0.8944189520126079,0.9220275317382455,1.3459391105216978,0.005590079799583065,5.0
2026-08-30 16:00:00,-0.07095212,0.523171925300312,0.9899999778717756,11.34999974630773,0.027608579725637586,0.8944189520126079,0.9220275317382455,1.3742473395954726,0.005590079799583065,5.0
2026-08-30 16:10:00,-0.07095212,0.5478082944998903,0.9899999778717756,11.34999974630773,0.027608579725637586,0.8944189520126079,0.9220275317382455,1.3988837087950512,0.005590079799583065,5.0
2026-08-30 16:20:00,-0.07095212,0.568606501337282,0.9899999778717756,11.34999974630773,0.027608579725637586,0.8944189520126079,0.9220275317382455,1.4196819156324427,0.005590079799583065,5.0
2026-08-30 16:30:00,-0.07095212,0.5854210373796584,0.9899999778717756,11.34999974630773,0.027608579725637586,0.8944189520126079,0.9220275317382455,1.4364964516748193,0.005590079799583065,5.0
2026-08-30 16:40:00,-0.07095212,0.5981270165278386,0.9899999778717756,11.34999974630773,0.027608579725637586,0.8944189520126079,0.9220275317382455,1.4492024308229994,0.005590079799583065,5.0
2026-08-30 16:50:00,-0.07095212,0.6066202431719535,0.9899999778717756,11.34999974630773,0.027608579725637586,0.8944189520126079,0.9220275317382455,1.4576956574671143,0.005590079799583065,5.0
2026-08-30 17:00:00,-0.07095212,0.6108175884969338,0.9899999778717756,11.34999974630773,0.027608579725637586,0.8944189520126079,0.9220275317382455,1.4618930027920944,0.005590079799583065,5.0
2026-08-30 17:10:00,-0.07095212,0.6106577079944482,0.9899999778717756,11.34999974630773,0.027608579725637586,0.8944189520126079,0.9220275317382455,1.4617331222896088,0.005590079799583065,5.0
2026-08-30 17:20:00,-0.07095212,0.6061020950443349,0.9899999778717756,11.34999974630773,0.027608579725637586,0.8944189520126079,0.9220275317382455,1.4571775093394956,0.005590079799583065,5.0
2026-08-30 17:30:00,-0.07095212,0.5971364279219269,0.9899999778717756,11.34999974630773,0.027608579725637586,0.8944189520126079,0.9220275317382455,1.4482118422170878,0.005590079799583065,5.0
2026-08-30 17:40:00,-0.07095212,0.583772134350698,0.9899999778717756,11.34999974630773,0.027608579725637586,0.8944189520126079,0.9220275317382455,1.4348475486458587,0.005590079799583065,5.0
2026-08-30 17:50:00,-0.07095212,0.5660480715480484,0.9899999778717756,11.34999974630773,0.027608579725637586,0.8944189520126079,0.9220275317382455,1.4171234858432091,0.005590079799583065,5.0
2026-08-30 18:00:00,-0.07095212,0.5440322028853593,1.0699999760836363,11.249999748542905,0.028449524899070978,0.9216625591882386,0.9501120840873095,1.423192169529584,0.005590079799583065,5.0
2026-08-30 18:10:00,-0.07095212,0.5178231458733632,1.0699999760836363,11.249999748542905,0.028449524899070978,0.9216625591882386,0.9501120840873095,1.396983112517588,0.005590079799583065,5.0
2026-08-30 18:20:00,-0.07095212,0.4875514702183865,1.0699999760836363,11.249999748542905,0.028449524899070978,0.9216625591882386,0.9501120840873095,1.3667114368626114,0.005590079799583065,5.0
2026-08-30 18:30:00,-0.07095212,0.4533806382312785,1.0699999760836363,11.249999748542905,0.028449524899070978,0.9216625591882386,0.9501120840873095,1.3325406048755033,0.005590079799583065,5.0
2026-08-30 18:40:00,-0.07095212,0.4155075009043671,1.0699999760836363,11.249999748542905,0.028449524899070978,0.9216625591882386,0.9501120840873095,1.2946674675485919,0.005590079799583065,5.0
2026-08-30 18:50:00,-0.07095212,0.3741622889935407,1.0699999760836363,11.249999748542905,0.028449524899070978,0.9216625591882386,0.9501120840873095,1.2533222556377654,0.005590079799583065,5.0
2026-08-30 19:00:00,-0.07095212,0.32960806662898007,1.0699999760836363,11.249999748542905,0.028449524899070978,0.9216625591882386,0.9501120840873095,1.208768033273205,0.005590079799583065,5.0
2026-08-30 19:10:00,-0.07095212,0.28213964210916787,1.0699999760836363,11.249999748542905,0.028449524899070978,0.9216625591882386,0.9501120840873095,1.1612996087533927,0.005590079799583065,5.0
2026-08-30 19:20:00,-0.07095212,0.23208195461944192,1.0699999760836363,11.249999748542905,0.028449524899070978,0.9216625591882386,0.9501120840873095,1.1112419212636668,0.005590079799583065,5.0
2026-08-30 19:30:00,-0.07095212,0.17978797390759543,1.0699999760836363,11.249999748542905,0.028449524899070978,0.9216625591882386,0.9501120840873095,1.0589479405518203,0.005590079799583065,5.0
2026-08-30 19:40:00,-0.07095212,0.12563616217145307,1.0699999760836363,11.249999748542905,0.028449524899070978,0.9216625591882386,0.9501120840873095,1.004796128815678,0.005590079799583065,5.0
2026-08-30 19:50:00,-0.07095212,0.07002755248035183,1.0699999760836363,11.249999748542905,0.028449524899070978,0.9216625591882386,0.9501120840873095,0.9491875191245767,0.005590079799583065,5.0
2026-08-30 20:00:00,-0.07095212,0.013382497325974546,1.0699999760836363,11.249999748542905,0.028449524899070978,0.9216625591882386,0.9501120840873095,0.8925424639701993,0.005590079799583065,5.0
2026-08-30 20:10:00,-0.07095212,-0.043862864757126994,1.0699999760836363,11.249999748542905,0.028449524899070978,0.9216625591882386,0.9501120840873095,0.8352971018870978,0.005590079799583065,5.0
2026-08-30 20:20:00,-0.07095212,-0.10126038478798485,1.0699999760836363,11.249999748542905,0.028449524899070978,0.9216625591882386,0.9501120840873095,0.77789958185624,0.005590079799583065,5.0
2026-08-30 20:30:00,-0.07095212,-0.1583538901226248,1.0699999760836363,11.249999748542905,0.028449524899070978,0.9216625591882386,0.9501120840873095,0.7208060765216,0.005590079799583065,5.0
2026-08-30 20:40:00,-0.07095212,-0.21468335856550538,1.0699999760836363,11.249999748542905,0.028449524899070978,0.9216625591882386,0.9501120840873095,0.6644766080787194,0.005590079799583065,5.0
2026-08-30 20:50:00,-0.07095212,-0.2697892590147692,1.0699999760836363,11.249999748542905,0.028449524899070978,0.9216625591882386,0.9501120840873095,0.6093707076294557,0.005590079799583065,5.0
2026-08-30 21:00:00,-0.07095212,-0.3232170366257845,1.0899999756366014,11.199999749660492,0.028586558775282885,0.9261019652413454,0.9546885240166283,0.5605193699477591,0.005590079799583065,5.0
2026-08-30 21:10:00,-0.07095212,-0.37452171316502514,1.0899999756366014,11.199999749660492,0.028586558775282885,0.9261019652413454,0.9546885240166283,0.5092146934085184,0.005590079799583065,5.0
2026-08-30 21:20:00,-0.07095212,-0.4232725614727216,1.0899999756366014,11.199999749660492,0.028586558775282885,0.9261019652413454,0.9546885240166283,0.460463845100822,0.005590079799583065,5.0
2026-08-30 21:30:00,-0.07095212,-0.4690577968164788,1.0899999756366014,11.199999749660492,0.028586558775282885,0.9261019652413454,0.9546885240166283,0.4146786097570647,0.005590079799583065,5.0
2026-08-30 21:40:00,-0.07095212,-0.5114892101962167,1.0899999756366014,11.199999749660492,0.028586558775282885,0.9261019652413454,0.9546885240166283,0.37224719637732684,0.005590079799583065,5.0
2026-08-30 21:50:00,-0.07095212,-0.5502066512536632,1.0899999756366014,11.199999749660492,0.028586558775282885,0.9261019652413454,0.9546885240166283,0.3335297553198804,0.005590079799583065,5.0
2026-08-30 22:00:00,-0.07095212,-0.5848822539175381,1.0899999756366014,11.199999749660492,0.028586558775282885,0.9261019652413454,0.9546885240166283,0.29885415265600546,0.005590079799583065,5.0
2026-08-30 22:10:00,-0.07095212,-0.6152242892959641,1.0899999756366014,11.199999749660492,0.028586558775282885,0.9261019652413454,0.9546885240166283,0.2685121172775795,0.005590079799583065,5.0
2026-08-30 22:20:00,-0.07095212,-0.640980528715954,1.0899999756366014,11.199999749660492,0.028586558775282885,0.9261019652413454,0.9546885240166283,0.24275587785758956,0.005590079799583065,5.0
2026-08-30 22:30:00,-0.07095212,-0.6619410075785563,1.0899999756366014,11.199999749660492,0.028586558775282885,0.9261019652413454,0.9546885240166283,0.22179539899498724,0.005590079799583065,5.0
2026-08-30 22:40:00,-0.07095212,-0.6779400972100149,1.0899999756366014,11.199999749660492,0.028586558775282885,0.9261019652413454,0.9546885240166283,0.20579630936352866,0.005590079799583065,5.0
2026-08-30 22:50:00,-0.07095212,-0.6888578174033667,1.0899999756366014,11.199999749660492,0.028586558775282885,0.9261019652413454,0.9546885240166283,0.19487858917017686,0.005590079799583065,5.0
2026-08-30 23:00:00,-0.07095212,-0.6946203545847799,1.0899999756366014,11.199999749660492,0.028586558775282885,0.9261019652413454,0.9546885240166283,0.1891160519887637,0.005590079799583065,5.0
2026-08-30 23:10:00,-0.07095212,-0.6951997875003285,1.0899999756366014,11.199999749660492,0.028586558775282885,0.9261019652413454,0.9546885240166283,0.18853661907321506,0.005590079799583065,5.0
2026-08-30 23:20:00,-0.07095212,-0.6906130606233704,1.0899999756366014,11.199999749660492,0.028586558775282885,0.9261019652413454,0.9546885240166283,0.19312334595017322,0.005590079799583065,5.0
2026-08-30 23:30:00,-0.07095212,-0.6809202819009914,1.0899999756366014,11.199999749660492,0.028586558775282885,0.9261019652413454,0.9546885240166283,0.20281612467255217,0.005590079799583065,5.0
2026-08-30 23:40:00,-0.07095212,-0.6662224526244808,1.0899999756366014,11.199999749660492,0.028586558775282885,0.9261019652413454,0.9546885240166283,0.2175139539490628,0.005590079799583065,5.0
2026-08-30 23:50:00,-0.07095212,-0.6466587601304005,1.0899999756366014,11.199999749660492,0.028586558775282885,0.9261019652413454,0.9546885240166283,0.2370776464431431,0.005590079799583065,5.0
2026-08-31 00:00:00,-0.07900617,-0.6224035766596373,1.0399999767541885,11.149999750778079,0.027798550040585873,0.9005733087994501,0.9283718588400359,0.22696210946378104,0.005590079799583065,5.0
2026-08-31 00:10:00,-0.07900617,-0.5936633087267462,1.0399999767541885,11.149999750778079,0.027798550040585873,0.9005733087994501,0.9283718588400359,0.2557023773966721,0.005590079799583065,5.0
2026-08-31 00:20:00,-0.07900617,-0.5606732307895773,1.0399999767541885,11.149999750778079,0.027798550040585873,0.9005733087994501,0.9283718588400359,0.288692455333841,0.005590079799583065,5.0
2026-08-31 00:30:00,-0.07900617,-0.5236944159708087,1.0399999767541885,11.149999750778079,0.027798550040585873,0.9005733087994501,0.9283718588400359,0.32567127015260966,0.005590079799583065,5.0
2026-08-31 00:40:00,-0.07900617,-0.4830108472040006,1.0399999767541885,11.149999750778079,0.027798550040585873,0.9005733087994501,0.9283718588400359,0.36635483891941767,0.005590079799583065,5.0
2026-08-31 00:50:00,-0.07900617,-0.43892675754627475,1.0399999767541885,11.149999750778079,0.027798550040585873,0.9005733087994501,0.9283718588400359,0.4104389285771436,0.005590079799583065,5.0
2026-08-31 01:00:00,-0.07900617,-0.3917642120751826,1.0399999767541885,11.149999750778079,0.027798550040585873,0.9005733087994501,0.9283718588400359,0.45760147404823576,0.005590079799583065,5.0
2026-08-31 01:10:00,-0.07900617,-0.34186090934181645,1.0399999767541885,11.149999750778079,0.027798550040585873,0.9005733087994501,0.9283718588400359,0.5075047767816019,0.005590079799583065,5.0
2026-08-31 01:20:00,-0.07900617,-0.28956815166990296,1.0399999767541885,11.149999750778079,0.027798550040585873,0.9005733087994501,0.9283718588400359,0.5597975344535153,0.005590079799583065,5.0
2026-08-31 01:30:00,-0.07900617,-0.23524891295506004,1.0399999767541885,11.149999750778079,0.027798550040585873,0.9005733087994501,0.9283718588400359,0.6141167731683583,0.005590079799583065,5.0
2026-08-31 01:40:00,-0.07900617,-0.17927592275716606,1.0399999767541885,11.149999750778079,0.027798550040585873,0.9005733087994501,0.9283718588400359,0.6700897633662523,0.005590079799583065,5.0
2026-08-31 01:50:00,-0.07900617,-0.12202968649572828,1.0399999767541885,11.149999750778079,0.027798550040585873,0.9005733087994501,0.9283718588400359,0.72733599962769,0.005590079799583065,5.0
2026-08-31 02:00:00,-0.07900617,-0.0638963737453157,1.0399999767541885,11.149999750778079,0.027798550040585873,0.9005733087994501,0.9283718588400359,0.7854693123781027,0.005590079799583065,5.0
2026-08-31 02:10:00,-0.07900617,-0.005265527930803623,1.0399999767541885,11.149999750778079,0.027798550040585873,0.9005733087994501,0.9283718588400359,0.8441001581926147,0.005590079799583065,5.0
2026-08-31 02:20:00,-0.07900617,0.053472421047858675,1.0399999767541885,11.149999750778079,0.027798550040585873,0.9005733087994501,0.9283718588400359,0.902838107171277,0.005590079799583065,5.0
2026-08-31 02:30:00,-0.07900617,0.11192882807768856,1.0399999767541885,11.149999750778079,0.027798550040585873,0.9005733087994501,0.9283718588400359,0.9612945142011069,0.005590079799583065,5.0
2026-08-31 02:40:00,-0.07900617,0.16971964337543785,1.0399999767541885,11.149999750778079,0.027798550040585873,0.9005733087994501,0.9283718588400359,1.0190853294988562,0.005590079799583065,5.0
2026-08-31 02:50:00,-0.07900617,0.22646828999203705,1.0399999767541885,11.149999750778079,0.027798550040585873,0.9005733087994501,0.9283718588400359,1.0758339761154554,0.005590079799583065,5.0
2026-08-31 03:00:00,-0.07900617,0.2818085155569471,0.9699999783188105,10.99999975413084,0.02648555995442925,0.8580371396616864,0.8845226996161156,1.0873250424564451,0.005590079799583065,5.0
2026-08-31 03:10:00,-0.07900617,0.3353871144060811,0.9699999783188105,10.99999975413084,0.02648555995442925,0.8580371396616864,0.8845226996161156,1.140903641305579,0.005590079799583065,5.0
2026-08-31 03:20:00,-0.07900617,0.3868664164372491,0.9699999783188105,10.99999975413084,0.02648555995442925,0.8580371396616864,0.8845226996161156,1.1923829433367472,0.005590079799583065,5.0
2026-08-31 03:30:00,-0.07900617,0.43592645015403964,0.9699999783188105,10.99999975413084,0.02648555995442925,0.8580371396616864,0.8845226996161156,1.2414429770535378,0.005590079799583065,5.0
2026-08-31 03:40:00,-0.07900617,0.4822667089984777,0.9699999783188105,10.99999975413084,0.02648555995442925,0.8580371396616864,0.8845226996161156,1.2877832358979757,0.005590079799583065,5.0
2026-08-31 03:50:00,-0.07900617,0.5256074796788036,0.9699999783188105,10.99999975413084,0.02648555995442925,0.8580371396616864,0.8845226996161156,1.3311240065783017,0.005590079799583065,5.0
2026-08-31 04:00:00,-0.07900617,0.5656907260316167,0.9699999783188105,10.99999975413084,0.02648555995442925,0.8580371396616864,0.8845226996161156,1.3712072529311148,0.005590079799583065,5.0
2026-08-31 04:10:00,-0.07900617,0.6022805584092091,0.9699999783188105,10.99999975413084,0.02648555995442925,0.8580371396616864,0.8845226996161156,1.4077970853087072,0.005590079799583065,5.0
2026-08-31 04:20:00,-0.07900617,0.6351633526761249,0.9699999783188105,10.99999975413084,0.02648555995442925,0.8580371396616864,0.8845226996161156,1.4406798795756228,0.005590079799583065,5.0
2026-08-31 04:30:00,-0.07900617,0.6641476114823266,0.9699999783188105,10.99999975413084,0.02648555995442925,0.8580371396616864,0.8845226996161156,1.4696641383818245,0.005590079799583065,5.0
2026-08-31 04:40:00,-0.07900617,0.6890636800105827,0.9699999783188105,10.99999975413084,0.02648555995442925,0.8580371396616864,0.8845226996161156,1.4945802069100806,0.005590079799583065,5.0
2026-08-31 04:50:00,-0.07900617,0.7097634374008597,0.9699999783188105,10.99999975413084,0.02648555995442925,0.8580371396616864,0.8845226996161156,1.5152799643003578,0.005590079799583065,5.0
2026-08-31 05:00:00,-0.07900617,0.7261200820158804,0.9699999783188105,10.99999975413084,0.02648555995442925,0.8580371396616864,0.8845226996161156,1.5316366089153783,0.005590079799583065,5.0
2026-08-31 05:10:00,-0.07900617,0.7380281142779892,0.9699999783188105,10.99999975413084,0.02648555995442925,0.8580371396616864,0.8845226996161156,1.5435446411774874,0.005590079799583065,5.0
2026-08-31 05:20:00,-0.07900617,0.7454035960950524,0.9699999783188105,10.99999975413084,0.02648555995442925,0.8580371396616864,0.8845226996161156,1.5509201229945504,0.005590079799583065,5.0
2026-08-31 05:30:00,-0.07900617,0.7481847335127227,0.9699999783188105,10.99999975413084,0.02648555995442925,0.8580371396616864,0.8845226996161156,1.553701260412221,0.005590079799583065,5.0
2026-08-31 05:40:00,-0.07900617,0.7463327922261823,0.9699999783188105,10.99999975413084,0.02648555995442925,0.8580371396616864,0.8845226996161156,1.5518493191256804,0.005590079799583065,5.0
2026-08-31 05:50:00,-0.07900617,0.7398333176009245,0.9699999783188105,10.99999975413084,0.02648555995442925,0.8580371396616864,0.8845226996161156,1.5453498445004226,0.005590079799583065,5.0
2026-08-31 06:00:00,-0.07900617,0.7286975954490293,0.9299999792128801,14.849999668076634,0.03501051786841955,1.1342151973218655,1.169225715190285,1.8189171379226967,0.005590079799583065,5.0
2026-08-31 06:10:00,-0.07900617,0.7129642602574776,0.9299999792128801,14.849999668076634,0.03501051786841955,1.1342151973218655,1.169225715190285,1.8031838027311449,0.005590079799583065,5.0
2026-08-31 06:20:00,-0.07900617,0.6927009364505956,0.9299999792128801,14.849999668076634,0.03501051786841955,1.1342151973218655,1.169225715190285,1.782920478924263,0.005590079799583065,5.0
2026-08-31 06:30:00,-0.07900617,0.6680057872460387,0.9299999792128801,14.849999668076634,0.03501051786841955,1.1342151973218655,1.169225715190285,1.7582253297197061,0.005590079799583065,5.0
2026-08-31 06:40:00,-0.07900617,0.6390088453017678,0.9299999792128801,14.849999668076634,0.03501051786841955,1.1342151973218655,1.169225715190285,1.7292283877754353,0.005590079799583065,5.0
2026-08-31 06:50:00,-0.07900617,0.6058730091810327,0.9299999792128801,14.849999668076634,0.03501051786841955,1.1342151973218655,1.169225715190285,1.6960925516547,0.005590079799583065,5.0
2026-08-31 07:00:00,-0.07900617,0.5687946081673656,0.9299999792128801,14.849999668076634,0.03501051786841955,1.1342151973218655,1.169225715190285,1.659014150641033,0.005590079799583065,5.0
2026-08-31 07:10:00,-0.07900617,0.5280034628114536,0.9299999792128801,14.849999668076634,0.03501051786841955,1.1342151973218655,1.169225715190285,1.618223005285121,0.005590079799583065,5.0
2026-08-31 07:20:00,-0.07900617,0.48376239709090535,0.9299999792128801,14.849999668076634,0.03501051786841955,1.1342151973218655,1.169225715190285,1.5739819395645727,0.005590079799583065,5.0
2026-08-31 07:30:00,-0.07900617,0.4363661870651789,0.9299999792128801,14.849999668076634,0.03501051786841955,1.1342151973218655,1.169225715190285,1.5265857295388463,0.005590079799583065,5.0
2026-08-31 07:40:00,-0.07900617,0.38613995781174465,0.9299999792128801,14.849999668076634,0.03501051786841955,1.1342151973218655,1.169225715190285,1.476359500285412,0.005590079799583065,5.0
2026-08-31 07:50:00,-0.07900617,0.3334370626326406,0.9299999792128801,14.849999668076634,0.03501051786841955,1.1342151973218655,1.169225715190285,1.423656605106308,0.005590079799583065,5.0
2026-08-31 08:00:00,-0.07900617,0.27863649471500057,0.9299999792128801,14.849999668076634,0.03501051786841955,1.1342151973218655,1.169225715190285,1.368856037188668,0.005590079799583065,5.0
2026-08-31 08:10:00,-0.07900617,0.22213989052450753,0.9299999792128801,14.849999668076634,0.03501051786841955,1.1342151973218655,1.169225715190285,1.312359432998175,0.005590079799583065,5.0
2026-08-31 08:20:00,-0.07900617,0.16436818671377015,0.9299999792128801,14.849999668076634,0.03501051786841955,1.1342151973218655,1.169225715190285,1.2545877291874374,0.005590079799583065,5.0
2026-08-31 08:30:00,-0.07900617,0.10575798901177942,0.9299999792128801,14.849999668076634,0.03501051786841955,1.1342151973218655,1.169225715190285,1.1959775314854468,0.005590079799583065,5.0
2026-08-31 08:40:00,-0.07900617,0.04675770425560544,0.9299999792128801,14.849999668076634,0.03501051786841955,1.1342151973218655,1.169225715190285,1.136977246729273,0.005590079799583065,5.0
2026-08-31 08:50:00,-0.07900617,-0.0121765223446008,0.9299999792128801,14.849999668076634,0.03501051786841955,1.1342151973218655,1.169225715190285,1.0780430201290665,0.005590079799583065,5.0
2026-08-31 09:00:00,-0.07900617,-0.07058503152401124,0.8999999798834324,14.649999672546983,0.03397734862469487,1.100744219770428,1.1347215683951228,0.985130364154494,0.005590079799583065,5.0
2026-08-31 09:10:00,-0.07900617,-0.12800900865842957,0.8999999798834324,14.649999672546983,0.03397734862469487,1.100744219770428,1.1347215683951228,0.9277063870200757,0.005590079799583065,5.0
2026-08-31 09:20:00,-0.07900617,-0.18399495189257872,0.8999999798834324,14.649999672546983,0.03397734862469487,1.100744219770428,1.1347215683951228,0.8717204437859265,0.005590079799583065,5.0
2026-08-31 09:30:00,-0.07900617,-0.2380992214911284,0.8999999798834324,14.649999672546983,0.03397734862469487,1.100744219770428,1.1347215683951228,0.8176161741873769,0.005590079799583065,5.0
2026-08-31 09:40:00,-0.07900617,-0.28989263400091486,0.8999999798834324,14.649999672546983,0.03397734862469487,1.100744219770428,1.1347215683951228,0.7658227616775903,0.005590079799583065,5.0
2026-08-31 09:50:00,-0.07900617,-0.3389650518815829,0.8999999798834324,14.649999672546983,0.03397734862469487,1.100744219770428,1.1347215683951228,0.7167503437969224,0.005590079799583065,5.0
2026-08-31 10:00:00,-0.07900617,-0.3849299034512129,0.8999999798834324,14.649999672546983,0.03397734862469487,1.100744219770428,1.1347215683951228,0.6707854922272923,0.005590079799583065,5.0
2026-08-31 10:10:00,-0.07900617,-0.4274285513655239,0.8999999798834324,14.649999672546983,0.03397734862469487,1.100744219770428,1.1347215683951228,0.6282868443129814,0.005590079799583065,5.0
2026-08-31 10:20:00,-0.07900617,-0.466134412744657,0.8999999798834324,14.649999672546983,0.03397734862469487,1.100744219770428,1.1347215683951228,0.5895809829338483,0.005590079799583065,5.0
2026-08-31 10:30:00,-0.07900617,-0.5007567233214194,0.8999999798834324,14.649999672546983,0.03397734862469487,1.100744219770428,1.1347215683951228,0.5549586723570858,0.005590079799583065,5.0
2026-08-31 10:40:00,-0.07900617,-0.5310438335199978,0.8999999798834324,14.649999672546983,0.03397734862469487,1.100744219770428,1.1347215683951228,0.5246715621585074,0.005590079799583065,5.0
2026-08-31 10:50:00,-0.07900617,-0.5567859282082293,0.8999999798834324,14.649999672546983,0.03397734862469487,1.100744219770428,1.1347215683951228,0.498929467470276,0.005590079799583065,5.0
2026-08-31 11:00:00,-0.07900617,-0.5778170745398236,0.8999999798834324,14.649999672546983,0.03397734862469487,1.100744219770428,1.1347215683951228,0.4778983211386817,0.005590079799583065,5.0
2026-08-31 11:10:00,-0.07900617,-0.5940165240219135,0.8999999798834324,14.649999672546983,0.03397734862469487,1.100744219770428,1.1347215683951228,0.46169887165659174,0.005590079799583065,5.0
2026-08-31 11:20:00,-0.07900617,-0.6053092242821595,0.8999999798834324,14.649999672546983,0.03397734862469487,1.100744219770428,1.1347215683951228,0.45040617139634576,0.005590079799583065,5.0
2026-08-31 11:30:00,-0.07900617,-0.6116655311849448,0.8999999798834324,14.649999672546983,0.03397734862469487,1.100744219770428,1.1347215683951228,0.44404986449356043,0.005590079799583065,5.0
2026-08-31 11:40:00,-0.07900617,-0.6131001499759607,0.8999999798834324,14.649999672546983,0.03397734862469487,1.100744219770428,1.1347215683951228,0.4426152457025445,0.005590079799583065,5.0
2026-08-31 11:50:00,-0.07900617,-0.6096703718119667,0.8999999798834324,14.649999672546983,0.03397734862469487,1.100744219770428,1.1347215683951228,0.44604502386653855,0.005590079799583065,5.0
2026-08-31 12:00:00,-0.07900617,-0.6014737059683539,0.8899999801069498,14.499999675899744,0.03344210548620767,1.0834042619835702,1.116846367469778,0.43636648878480644,0.005590079799583065,5.0
2026-08-31 12:10:00,-0.07900617,-0.5886450350044624,0.8899999801069498,14.499999675899744,0.03344210548620767,1.0834042619835702,1.116846367469778,0.44919515974869795,0.005590079799583065,5.0
2026-08-31 12:20:00,-0.07900617,-0.5713534376397323,0.8899999801069498,14.499999675899744,0.03344210548620767,1.0834042619835702,1.116846367469778,0.466486757113428,0.005590079799583065,5.0
2026-08-31 12:30:00,-0.07900617,-0.5497988303532292,0.8899999801069498,14.499999675899744,0.03344210548620767,1.0834042619835702,1.116846367469778,0.4880413643999312,0.005590079799583065,5.0
2026-08-31 12:40:00,-0.07900617,-0.5242085730910789,0.8899999801069498,14.499999675899744,0.03344210548620767,1.0834042619835702,1.116846367469778,0.5136316216620814,0.005590079799583065,5.0
2026-08-31 12:50:00,-0.07900617,-0.49483416754543047,0.8899999801069498,14.499999675899744,0.03344210548620767,1.0834042619835702,1.116846367469778,0.54300602720773,0.005590079799583065,5.0
2026-08-31 13:00:00,-0.07900617,-0.46194814990365834,0.8899999801069498,14.499999675899744,0.03344210548620767,1.0834042619835702,1.116846367469778,0.575892044849502,0.005590079799583065,5.0
2026-08-31 13:10:00,-0.07900617,-0.42584124636112114,0.8899999801069498,14.499999675899744,0.03344210548620767,1.0834042619835702,1.116846367469778,0.6119989483920392,0.005590079799583065,5.0
2026-08-31 13:20:00,-0.07900617,-0.386819822543551,0.8899999801069498,14.499999675899744,0.03344210548620767,1.0834042619835702,1.116846367469778,0.6510203722096093,0.005590079799583065,5.0
2026-08-31 13:30:00,-0.07900617,-0.34520362080709094,0.8899999801069498,14.499999675899744,0.03344210548620767,1.0834042619835702,1.116846367469778,0.6926365739460694,0.005590079799583065,5.0
2026-08-31 13:40:00,-0.07900617,-0.3013237461569321,0.8899999801069498,14.499999675899744,0.03344210548620767,1.0834042619835702,1.116846367469778,0.7365164485962283,0.005590079799583065,5.0
2026-08-31 13:50:00,-0.07900617,-0.2555208351657752,0.8899999801069498,14.499999675899744,0.03344210548620767,1.0834042619835702,1.116846367469778,0.7823193595873852,0.005590079799583065,5.0
2026-08-31 14:00:00,-0.07900617,-0.20814332579045453,0.8899999801069498,14.499999675899744,0.03344210548620767,1.0834042619835702,1.116846367469778,0.8296968689627058,0.005590079799583065,5.0
2026-08-31 14:10:00,-0.07900617,-0.15954574029233962,0.8899999801069498,14.499999675899744,0.03344210548620767,1.0834042619835702,1.116846367469778,0.8782944544608208,0.005590079799583065,5.0
2026-08-31 14:20:00,-0.07900617,-0.11008689940466931,0.8899999801069498,14.499999675899744,0.03344210548620767,1.0834042619835702,1.116846367469778,0.927753295348491,0.005590079799583065,5.0
2026-08-31 14:30:00,-0.07900617,-0.06012800219775508,0.8899999801069498,14.499999675899744,0.03344210548620767,1.0834042619835702,1.116846367469778,0.9777121925554053,0.005590079799583065,5.0
2026-08-31 14:40:00,-0.07900617,-0.010030530769971615,0.8899999801069498,14.499999675899744,0.03344210548620767,1.0834042619835702,1.116846367469778,1.0278096639831888,0.005590079799583065,5.0
2026-08-31 14:50:00,-0.07900617,0.03984603078403453,0.8899999801069498,14.499999675899744,0.03344210548620767,1.0834042619835702,1.116846367469778,1.0776862255371948,0.005590079799583065,5.0
2026-08-31 15:00:00,-0.07900617,0.08914664161204713,0.909999979659915,14.359999679028988,0.03348927478587066,1.0849323780978721,1.1184216528837427,1.1285621217791724,0.005590079799583065,5.0
2026-08-31 15:10:00,-0.07900617,0.13752326150689528,0.909999979659915,14.359999679028988,0.03348927478587066,1.0849323780978721,1.1184216528837427,1.1769387416740205,0.005590079799583065,5.0
2026-08-31 15:20:00,-0.07900617,0.1846374434329079,0.909999979659915,14.359999679028988,0.03348927478587066,1.0849323780978721,1.1184216528837427,1.224052923600033,0.005590079799583065,5.0
2026-08-31 15:30:00,-0.07900617,0.2301628671096626,0.909999979659915,14.359999679028988,0.03348927478587066,1.0849323780978721,1.1184216528837427,1.2695783472767879,0.005590079799583065,5.0
2026-08-31 15:40:00,-0.07900617,0.27378771306281124,0.909999979659915,14.359999679028988,0.03348927478587066,1.0849323780978721,1.1184216528837427,1.3132031932299364,0.005590079799583065,5.0
2026-08-31 15:50:00,-0.07900617,0.3152167809792747,0.909999979659915,14.359999679028988,0.03348927478587066,1.0849323780978721,1.1184216528837427,1.3546322611464,0.005590079799583065,5.0
2026-08-31 16:00:00,-0.07900617,0.3541732715738761,0.909999979659915,14.359999679028988,0.03348927478587066,1.0849323780978721,1.1184216528837427,1.3935887517410013,0.005590079799583065,5.0
2026-08-31 16:10:00,-0.07900617,0.3904001758965624,0.909999979659915,14.359999679028988,0.03348927478587066,1.0849323780978721,1.1184216528837427,1.4298156560636874,0.005590079799583065,5.0
2026-08-31 16:20:00,-0.07900617,0.4236612474492298,0.909999979659915,14.359999679028988,0.03348927478587066,1.0849323780978721,1.1184216528837427,1.463076727616355,0.005590079799583065,5.0
2026-08-31 16:30:00,-0.07900617,0.45374156747412914,0.909999979659915,14.359999679028988,0.03348927478587066,1.0849323780978721,1.1184216528837427,1.4931570476412543,0.005590079799583065,5.0
2026-08-31 16:40:00,-0.07900617,0.4804477486440708,0.909999979659915,14.359999679028988,0.03348927478587066,1.0849323780978721,1.1184216528837427,1.519863228811196,0.005590079799583065,5.0
2026-08-31 16:50:00,-0.07900617,0.5036078532911712,0.909999979659915,14.359999679028988,0.03348927478587066,1.0849323780978721,1.1184216528837427,1.5430233334582963,0.005590079799583065,5.0
2026-08-31 17:00:00,-0.07900617,0.523071126098966,0.909999979659915,14.359999679028988,0.03348927478587066,1.0849323780978721,1.1184216528837427,1.5624866062660911,0.005590079799583065,5.0
2026-08-31 17:10:00,-0.07900617,0.5387076552773367,0.909999979659915,14.359999679028988,0.03348927478587066,1.0849323780978721,1.1184216528837427,1.5781231354444618,0.005590079799583065,5.0
2026-08-31 17:20:00,-0.07900617,0.5504080789619551,0.909999979659915,14.359999679028988,0.03348927478587066,1.0849323780978721,1.1184216528837427,1.5898235591290804,0.005590079799583065,5.0
2026-08-31 17:30:00,-0.07900617,0.558083444689835,0.909999979659915,14.359999679028988,0.03348927478587066,1.0849323780978721,1.1184216528837427,1.5974989248569602,0.005590079799583065,5.0
2026-08-31 17:40:00,-0.07900617,0.5616653100707724,0.909999979659915,14.359999679028988,0.03348927478587066,1.0849323780978721,1.1184216528837427,1.6010807902378974,0.005590079799583065,5.0
2026-08-31 17:50:00,-0.07900617,0.5611061440307933,0.909999979659915,14.359999679028988,0.03348927478587066,1.0849323780978721,1.1184216528837427,1.6005216241979183,0.005590079799583065,5.0
2026-08-31 18:00:00,-0.07900617,0.5563800532296237,0.9299999792128801,14.199999682605267,0.03347807095835405,1.0845694142741071,1.1180474852324611,1.5954213657454672,0.005590079799583065,5.0
2026-08-31 18:10:00,-0.07900617,0.5474838206761874,0.9299999792128801,14.199999682605267,0.03347807095835405,1.0845694142741071,1.1180474852324611,1.586525133192031,0.005590079799583065,5.0
2026-08-31 18:20:00,-0.07900617,0.5344382069246488,0.9299999792128801,14.199999682605267,0.03347807095835405,1.0845694142741071,1.1180474852324611,1.5734795194404922,0.005590079799583065,5.0
2026-08-31 18:30:00,-0.07900617,0.5172894319460165,0.9299999792128801,14.199999682605267,0.03347807095835405,1.0845694142741071,1.1180474852324611,1.5563307444618601,0.005590079799583065,5.0
2026-08-31 18:40:00,-0.07900617,0.49611073078298384,0.9299999792128801,14.199999682605267,0.03347807095835405,1.0845694142741071,1.1180474852324611,1.5351520432988273,0.005590079799583065,5.0
2026-08-31 18:50:00,-0.07900617,0.4710038605595232,0.9299999792128801,14.199999682605267,0.03347807095835405,1.0845694142741071,1.1180474852324611,1.5100451730753668,0.005590079799583065,5.0
2026-08-31 19:00:00,-0.07900617,0.442100431469608,0.9299999792128801,14.199999682605267,0.03347807095835405,1.0845694142741071,1.1180474852324611,1.4811417439854515,0.005590079799583065,5.0
2026-08-31 19:10:00,-0.07900617,0.4095629400152943,0.9299999792128801,14.199999682605267,0.03347807095835405,1.0845694142741071,1.1180474852324611,1.4486042525311378,0.005590079799583065,5.0
2026-08-31 19:20:00,-0.07900617,0.3735853980053552,0.9299999792128801,14.199999682605267,0.03347807095835405,1.0845694142741071,1.1180474852324611,1.4126267105211987,0.005590079799583065,5.0
2026-08-31 19:30:00,-0.07900617,0.33439347370026823,0.9299999792128801,14.199999682605267,0.03347807095835405,1.0845694142741071,1.1180474852324611,1.3734347862161118,0.005590079799583065,5.0
2026-08-31 19:40:00,-0.07900617,0.2922440893844107,0.9299999792128801,14.199999682605267,0.03347807095835405,1.0845694142741071,1.1180474852324611,1.3312854019002542,0.005590079799583065,5.0
2026-08-31 19:50:00,-0.07900617,0.24742444963912807,0.9299999792128801,14.199999682605267,0.03347807095835405,1.0845694142741071,1.1180474852324611,1.2864657621549715,0.005590079799583065,5.0
2026-08-31 20:00:00,-0.07900617,0.20025050364985947,0.9299999792128801,14.199999682605267,0.03347807095835405,1.0845694142741071,1.1180474852324611,1.239291816165703,0.005590079799583065,5.0
2026-08-31 20:10:00,-0.07900617,0.15106487039654018,0.9299999792128801,14.199999682605267,0.03347807095835405,1.0845694142741071,1.1180474852324611,1.1901061829123838,0.005590079799583065,5.0
2026-08-31 20:20:00,-0.07900617,0.10023427551671052,0.9299999792128801,14.199999682605267,0.03347807095835405,1.0845694142741071,1.1180474852324611,1.139275588032554,0.005590079799583065,5.0
2026-08-31 20:30:00,-0.07900617,0.048146561740161346,0.9299999792128801,14.199999682605267,0.03347807095835405,1.0845694142741071,1.1180474852324611,1.0871878742560048,0.005590079799583065,5.0
2026-08-31 20:40:00,-0.07900617,-0.004792659302804027,0.9299999792128801,14.199999682605267,0.03347807095835405,1.0845694142741071,1.1180474852324611,1.0342486532130395,0.005590079799583065,5.0
2026-08-31 20:50:00,-0.07900617,-0.05816364661099661,0.9299999792128801,14.199999682605267,0.03347807095835405,1.0845694142741071,1.1180474852324611,0.9808776659048469,0.005590079799583065,5.0
2026-08-31 21:00:00,-0.07900617,-0.11153639924462479,0.9199999794363976,14.029999686405063,0.032898961689544384,1.0658083512112169,1.0987073129007612,0.9081647409395188,0.005590079799583065,5.0
2026-08-31 21:10:00,-0.07900617,-0.1644747031565218,0.9199999794363976,14.029999686405063,0.032898961689544384,1.0658083512112169,1.0987073129007612,0.8552264370276218,0.005590079799583065,5.0
2026-08-31 21:20:00,-0.07900617,-0.2165403128507224,0.9199999794363976,14.029999686405063,0.032898961689544384,1.0658083512112169,1.0987073129007612,0.8031608273334212,0.005590079799583065,5.0
2026-08-31 21:30:00,-0.07900617,-0.2672972339503405,0.9199999794363976,14.029999686405063,0.032898961689544384,1.0658083512112169,1.0987073129007612,0.752403906233803,0.005590079799583065,5.0
2026-08-31 21:40:00,-0.07900617,-0.31631607813808404,0.9199999794363976,14.029999686405063,0.032898961689544384,1.0658083512112169,1.0987073129007612,0.7033850620460596,0.005590079799583065,5.0
2026-08-31 21:50:00,-0.07900617,-0.3631784626807581,0.9199999794363976,14.029999686405063,0.032898961689544384,1.0658083512112169,1.0987073129007612,0.6565226775033854,0.005590079799583065,5.0
2026-08-31 22:00:00,-0.07900617,-0.407481422346742,0.9199999794363976,14.029999686405063,0.032898961689544384,1.0658083512112169,1.0987073129007612,0.6122197178374016,0.005590079799583065,5.0
2026-08-31 22:10:00,-0.07900617,-0.4488417921287215,0.9199999794363976,14.029999686405063,0.032898961689544384,1.0658083512112169,1.0987073129007612,0.570859348055422,0.005590079799583065,5.0
2026-08-31 22:20:00,-0.07900617,-0.48690050591481887,0.9199999794363976,14.029999686405063,0.032898961689544384,1.0658083512112169,1.0987073129007612,0.5328006342693248,0.005590079799583065,5.0
2026-08-31 22:30:00,-0.07900617,-0.5213267410177683,0.9199999794363976,14.029999686405063,0.032898961689544384,1.0658083512112169,1.0987073129007612,0.49837439916637527,0.005590079799583065,5.0
2026-08-31 22:40:00,-0.07900617,-0.5518218233992321,0.9199999794363976,14.029999686405063,0.032898961689544384,1.0658083512112169,1.0987073129007612,0.46787931678491146,0.005590079799583065,5.0
2026-08-31 22:50:00,-0.07900617,-0.5781227962061745,0.9199999794363976,14.029999686405063,0.032898961689544384,1.0658083512112169,1.0987073129007612,0.44157834397796913,0.005590079799583065,5.0
2026-08-31 23:00:00,-0.07900617,-0.6000055472241452,0.9199999794363976,14.029999686405063,0.032898961689544384,1.0658083512112169,1.0987073129007612,0.41969559295999836,0.005590079799583065,5.0
2026-08-31 23:10:00,-0.07900617,-0.6172873910148657,0.9199999794363976,14.029999686405063,0.032898961689544384,1.0658083512112169,1.0987073129007612,0.40241374916927786,0.005590079799583065,5.0
2026-08-31 23:20:00,-0.07900617,-0.6298290101552924,0.9199999794363976,14.029999686405063,0.032898961689544384,1.0658083512112169,1.0987073129007612,0.38987213002885124,0.005590079799583065,5.0
2026-08-31 23:30:00,-0.07900617,-0.6375356775334234,0.9199999794363976,14.029999686405063,0.032898961689544384,1.0658083512112169,1.0987073129007612,0.38216546265072016,0.005590079799583065,5.0
2026-08-31 23:40:00,-0.07900617,-0.6403577075105602,0.9199999794363976,14.029999686405063,0.032898961689544384,1.0658083512112169,1.0987073129007612,0.3793434326735834,0.005590079799583065,5.0
2026-08-31 23:50:00,-0.07900617,-0.6382901162152917,0.9199999794363976,14.029999686405063,0.032898961689544384,1.0658083512112169,1.0987073129007612,0.38141102396885185,0.005590079799583065,5.0
2026-09-01 00:00:00,-0.07900617,-0.6313715080391294,0.9199999794363976,14.029999686405063,0.032898961689544384,1.0658083512112169,1.0987073129007612,0.38832963214501415,0.005590079799583065,5.0
2026-09-01 00:10:00,,-0.6196822433101115,,,,,,,0.005590079799583065,5.0
2026-09-01 00:20:00,,-0.6033419778826055,,,,,,,0.005590079799583065,5.0
2026-09-01 00:30:00,,-0.5825066956311858,,,,,,,0.005590079799583065,5.0
2026-09-01 00:40:00,,-0.5573653766425006,,,,,,,0.005590079799583065,5.0
2026-09-01 00:50:00,,-0.5281364551307186,,,,,,,0.005590079799583065,5.0
2026-09-01 01:00:00,,-0.49506422053204435,,,,,,,0.005590079799583065,5.0
2026-09-01 01:10:00,,-0.45841530283833026,,,,,,,0.005590079799583065,5.0
2026-09-01 01:20:00,,-0.41847536014170866,,,,,,,0.005590079799583065,5.0
2026-09-01 01:30:00,,-0.3755460547454272,,,,,,,0.005590079799583065,5.0
2026-09-01 01:40:00,,-0.3299423671649444,,,,,,,0.005590079799583065,5.0
2026-09-01 01:50:00,,-0.2819902585011787,,,,,,,0.005590079799583065,5.0
2026-09-01 02:00:00,,-0.23202465473524636,,,,,,,0.005590079799583065,5.0
2026-09-01 02:10:00,,-0.1803876952263965,,,,,,,0.005590079799583065,5.0
2026-09-01 02:20:00,,-0.12742716483306132,,,,,,,0.005590079799583065,5.0
2026-09-01 02:30:00,,-0.07349501698134855,,,,,,,0.005590079799583065,5.0
2026-09-01 02:40:00,,-0.01894589433485326,,,,,,,0.005590079799583065,5.0
2026-09-01 02:50:00,,0.0358644354959222,,,,,,,0.005590079799583065,5.0
2026-09-01 03:00:00,,0.09058079130929833,,,,,,,0.005590079799583065,5.0
2026-09-01 03:10:00,,0.14485047093765513,,,,,,,0.005590079799583065,5.0
2026-09-01 03:20:00,,0.1983253274196865,,,,,,,0.005590079799583065,5.0
2026-09-01 03:30:00,,0.250663998832709,,,,,,,0.005590079799583065,5.0
2026-09-01 03:40:00,,0.3015342327773221,,,,,,,0.005590079799583065,5.0
2026-09-01 03:50:00,,0.35061522437316,,,,,,,0.005590079799583065,5.0
2026-09-01 04:00:00,,0.3975998733522307,,,,,,,0.005590079799583065,5.0
2026-09-01 04:10:00,,0.4421968635703711,,,,,,,0.005590079799583065,5.0
2026-09-01 04:20:00,,0.484132476871362,,,,,,,0.005590079799583065,5.0
2026-09-01 04:30:00,,0.523152072266028,,,,,,,0.005590079799583065,5.0
2026-09-01 04:40:00,,0.559021188525061,,,,,,,0.005590079799583065,5.0
2026-09-01 04:50:00,,0.5915262608083668,,,,,,,0.005590079799583065,5.0
2026-09-01 05:00:00,,0.6204749763902471,,,,,,,0.005590079799583065,5.0
2026-09-01 05:10:00,,0.6456963269677601,,,,,,,0.005590079799583065,5.0
2026-09-01 05:20:00,,0.6670404422666957,,,,,,,0.005590079799583065,5.0
2026-09-01 05:30:00,,0.684378308341141,,,,,,,0.005590079799583065,5.0
2026-09-01 05:40:00,,0.6976014823780256,,,,,,,0.005590079799583065,5.0
2026-09-01 05:50:00,,0.7066219126289911,,,,,,,0.005590079799583065,5.0
2026-09-01 06:00:00,,0.7113719577982961,,,,,,,0.005590079799583065,5.0
2026-09-01 06:10:00,,0.7118046759356054,,,,,,,0.005590079799583065,5.0
2026-09-01 06:20:00,,0.7078944211555215,,,,,,,0.005590079799583065,5.0
2026-09-01 06:30:00,,0.6996377503780242,,,,,,,0.005590079799583065,5.0
2026-09-01 06:40:00,,0.6870546053025678,,,,,,,0.005590079799583065,5.0
2026-09-01 06:50:00,,0.6701897006006116,,,,,,,0.005590079799583065,5.0
2026-09-01 07:00:00,,0.649114021022703,,,,,,,0.005590079799583065,5.0
2026-09-01 07:10:00,,0.6239263103841545,,,,,,,0.005590079799583065,5.0
2026-09-01 07:20:00,,0.5947544258350032,,,,,,,0.005590079799583065,5.0
2026-09-01 07:30:00,,0.5617564320158754,,,,,,,0.005590079799583065,5.0
2026-09-01 07:40:00,,0.5251213211448955,,,,,,,0.005590079799583065,5.0
2026-09-01 07:50:00,,0.4850692652562602,,,,,,,0.005590079799583065,5.0
2026-09-01 08:00:00,,0.44185133332867205,,,,,,,0.005590079799583065,5.0
2026-09-01 08:10:00,,0.3957486362029685,,,,,,,0.005590079799583065,5.0
2026-09-01 08:20:00,,0.3470708926986274,,,,,,,0.005590079799583065,5.0
2026-09-01 08:30:00,,0.2961544387116768,,,,,,,0.005590079799583065,5.0
2026-09-01 08:40:00,,0.24335972438465617,,,,,,,0.005590079799583065,5.0
2026-09-01 08:50:00,,0.18906836151773132,,,,,,,0.005590079799583065,5.0
2026-09-01 09:00:00,,0.1336797930862728,,,,,,,0.005590079799583065,5.0
2026-09-01 09:10:00,,0.07760765916941927,,,,,,,0.005590079799583065,5.0
2026-09-01 09:20:00,,0.021275930117616467,,,,,,,0.005590079799583065,5.0
2026-09-01 09:30:00,,-0.03488513049430491,,,,,,,0.005590079799583065,5.0
2026-09-01 09:40:00,,-0.09044312086067544,,,,,,,0.005590079799583065,5.0
2026-09-01 09:50:00,,-0.14496773218593326,,,,,,,0.005590079799583065,5.0
2026-09-01 10:00:00,,-0.1980350226242176,,,,,,,0.005590079799583065,5.0
2026-09-01 10:10:00,,-0.24923170488093896,,,,,,,0.005590079799583065,5.0
2026-09-01 10:20:00,,-0.2981594177912566,,,,,,,0.005590079799583065,5.0
2026-09-01 10:30:00,,-0.3444389465839749,,,,,,,0.005590079799583065,5.0
2026-09-01 10:40:00,,-0.3877143462653523,,,,,,,0.005590079799583065,5.0
2026-09-01 10:50:00,,-0.42765690921712657,,,,,,,0.005590079799583065,5.0
2026-09-01 11:00:00,,-0.4639689038002225,,,,,,,0.005590079799583065,5.0
2026-09-01 11:10:00,,-0.49638699763067806,,,,,,,0.005590079799583065,5.0
2026-09-01 11:20:00,,-0.5246852701823297,,,,,,,0.005590079799583065,5.0
2026-09-01 11:30:00,,-0.5486777161119542,,,,,,,0.005590079799583065,5.0
2026-09-01 11:40:00,,-0.5682201455558724,,,,,,,0.005590079799583065,5.0
2026-09-01 11:50:00,,-0.5832114007857692,,,,,,,0.005590079799583065,5.0
2026-09-01 12:00:00,,-0.5935938304882602,,,,,,,0.005590079799583065,5.0
2026-09-01 12:10:00,,-0.5993529921644176,,,,,,,0.005590079799583065,5.0
2026-09-01 12:20:00,,-0.6005165877900919,,,,,,,0.005590079799583065,5.0
2026-09-01 12:30:00,,-0.5971526752245752,,,,,,,0.005590079799583065,5.0
2026-09-01 12:40:00,,-0.5893672345434393,,,,,,,0.005590079799583065,5.0
2026-09-01 12:50:00,,-0.5773012012598651,,,,,,,0.005590079799583065,5.0
2026-09-01 13:00:00,,-0.5611271040195056,,,,,,,0.005590079799583065,5.0
2026-09-01 13:10:00,,-0.5410454603103259,,,,,,,0.005590079799583065,5.0
2026-09-01 13:20:00,,-0.5172810882892226,,,,,,,0.005590079799583065,5.0
2026-09-01 13:30:00,,-0.4900794853541525,,,,,,,0.005590079799583065,5.0
2026-09-01 13:40:00,,-0.4597034051680155,,,,,,,0.005590079799583065,5.0
2026-09-01 13:50:00,,-0.42642973614872126,,,,,,,0.005590079799583065,5.0
2026-09-01 14:00:00,,-0.39054674860043653,,,,,,,0.005590079799583065,5.0
2026-09-01 14:10:00,,-0.35235173823092786,,,,,,,0.005590079799583065,5.0
2026-09-01 14:20:00,,-0.31214905429119627,,,,,,,0.005590079799583065,5.0
2026-09-01 14:30:00,,-0.2702484651438572,,,,,,,0.005590079799583065,5.0
2026-09-01 14:40:00,,-0.226963785597633,,,,,,,0.005590079799583065,5.0
2026-09-01 14:50:00,,-0.18261167195133685,,,,,,,0.005590079799583065,5.0
2026-09-01 15:00:00,,-0.13751048349700745,,,,,,,0.005590079799583065,5.0
2026-09-01 15:10:00,,-0.09197911395731832,,,,,,,0.005590079799583065,5.0
2026-09-01 15:20:00,,-0.04633571195431954,,,,,,,0.005590079799583065,5.0
2026-09-01 15:30:00,,-0.0008962340782187095,,,,,,,0.005590079799583065,5.0
2026-09-01 15:40:00,,0.04402719518554054,,,,,,,0.005590079799583065,5.0
2026-09-01 15:50:00,,0.08812810954527273,,,,,,,0.005590079799583065,5.0
2026-09-01 16:00:00,,0.13110767383006305,,,,,,,0.005590079799583065,5.0
2026-09-01 16:10:00,,0.1726767379784559,,,,,,,0.005590079799583065,5.0
2026-09-01 16:20:00,,0.21255788685958593,,,,,,,0.005590079799583065,5.0
2026-09-01 16:30:00,,0.25048739194664554,,,,,,,0.005590079799583065,5.0
2026-09-01 16:40:00,,0.28621697259004647,,,,,,,0.005590079799583065,5.0
2026-09-01 16:50:00,,0.31951528744976754,,,,,,,0.005590079799583065,5.0
2026-09-01 17:00:00,,0.3501690988862269,,,,,,,0.005590079799583065,5.0
2026-09-01 17:10:00,,0.3779840822151976,,,,,,,0.005590079799583065,5.0
2026-09-01 17:20:00,,0.4027852847960642,,,,,,,0.005590079799583065,5.0
2026-09-01 17:30:00,,0.42441727302772725,,,,,,,0.005590079799583065,5.0
2026-09-01 17:40:00,,0.44274403516769517,,,,,,,0.005590079799583065,5.0
2026-09-01 17:50:00,,0.45764873065915523,,,,,,,0.005590079799583065,5.0
2026-09-01 18:00:00,,0.46903339050695486,,,,,,,0.005590079799583065,5.0
2026-09-01 18:10:00,,0.47681867582613285,,,,,,,0.005590079799583065,5.0
2026-09-01 18:20:00,,0.4809437931537986,,,,,,,0.005590079799583065,5.0
2026-09-01 18:30:00,,0.48136664599045154,,,,,,,0.005590079799583065,5.0
2026-09-01 18:40:00,,0.4780642741058198,,,,,,,0.005590079799583065,5.0
2026-09-01 18:50:00,,0.47103359843975967,,,,,,,0.005590079799583065,5.0
2026-09-01 19:00:00,,0.4602924529278345,,,,,,,0.005590079799583065,5.0
2026-09-01 19:10:00,,0.44588084930090754,,,,,,,0.005590079799583065,5.0
2026-09-01 19:20:00,,0.42786238982490077,,,,,,,0.005590079799583065,5.0
2026-09-01 19:30:00,,0.4063257194182946,,,,,,,0.005590079799583065,5.0
2026-09-01 19:40:00,,0.38138589438957826,,,,,,,0.005590079799583065,5.0
2026-09-01 19:50:00,,0.35318554154233184,,,,,,,0.005590079799583065,5.0
2026-09-01 20:00:00,,0.32189568845480465,,,,,,,0.005590079799583065,5.0
2026-09-01 20:10:00,,0.2877161624445848,,,,,,,0.005590079799583065,5.0
2026-09-01 20:20:00,,0.2508754799544479,,,,,,,0.005590079799583065,5.0
2026-09-01 20:30:00,,0.2116301774420521,,,,,,,0.005590079799583065,5.0
2026-09-01 20:40:00,,0.1702635659614815,,,,,,,0.005590079799583065,5.0
2026-09-01 20:50:00,,0.12708392195530321,,,,,,,0.005590079799583065,5.0
2026-09-01 21:00:00,,0.08242215306091488,,,,,,,0.005590079799583065,5.0
2026-09-01 21:10:00,,0.03662899838968758,,,,,,,0.005590079799583065,5.0
2026-09-01 21:20:00,,-0.00992816385432972,,,,,,,0.005590079799583065,5.0
2026-09-01 21:30:00,,-0.05686882269976591,,,,,,,0.005590079799583065,5.0
2026-09-01 21:40:00,,-0.10380307690399486,,,,,,,0.005590079799583065,5.0
2026-09-01 21:50:00,,-0.1503355426425157,,,,,,,0.005590079799583065,5.0
2026-09-01 22:00:00,,-0.19606936545625822,,,,,,,0.005590079799583065,5.0
2026-09-01 22:10:00,,-0.24061028741571705,,,,,,,0.005590079799583065,5.0
2026-09-01 22:20:00,,-0.28357073075143596,,,,,,,0.005590079799583065,5.0
2026-09-01 22:30:00,,-0.324573867193514,,,,,,,0.005590079799583065,5.0
2026-09-01 22:40:00,,-0.36325764515134723,,,,,,,0.005590079799583065,5.0
2026-09-01 22:50:00,,-0.3992787451657995,,,,,,,0.005590079799583065,5.0
2026-09-01 23:00:00,,-0.4323164270215603,,,,,,,0.005590079799583065,5.0
2026-09-01 23:10:00,,-0.46207622098975876,,,,,,,0.005590079799583065,5.0
2026-09-01 23:20:00,,-0.48829340260560133,,,,,,,0.005590079799583065,5.0
2026-09-01 23:30:00,,-0.5107361769469243,,,,,,,0.005590079799583065,5.0
2026-09-01 23:40:00,,-0.5292084878673057,,,,,,,0.005590079799583065,5.0
2026-09-01 23:50:00,,-0.5435523613549973,,,,,,,0.005590079799583065,5.0
