,SSH_10min,Tide_10min,Significant_Wave_Height,Peak_Wave_Period,Wave_Setup,Wave_Swash,Wave_Runup,Total_Water_Level,beach_slope,water_depth
2026-09-12 00:00:00,0.05735074,-0.37666576097820603,1.0699999760836363,11.489999743178487,0.033882979412763685,0.9420659866248687,0.9759489660376324,0.6566339448961191,0.006518641168156775,8.0
2026-09-12 00:10:00,0.05735074,-0.3232616151193777,1.0699999760836363,11.489999743178487,0.033882979412763685,0.9420659866248687,0.9759489660376324,0.7100380907549475,0.006518641168156775,8.0
2026-09-12 00:20:00,0.05735074,-0.26784199985614693,1.0699999760836363,11.489999743178487,0.033882979412763685,0.9420659866248687,0.9759489660376324,0.7654577060181782,0.006518641168156775,8.0
2026-09-12 00:30:00,0.05735074,-0.21075969011636517,1.0699999760836363,11.489999743178487,0.033882979412763685,0.9420659866248687,0.9759489660376324,0.82254001575796,0.006518641168156775,8.0
2026-09-12 00:40:00,0.05735074,-0.15236973671047158,1.0699999760836363,11.489999743178487,0.033882979412763685,0.9420659866248687,0.9759489660376324,0.8809299691638536,0.006518641168156775,8.0
2026-09-12 00:50:00,0.05735074,-0.09302714112539161,1.0699999760836363,11.489999743178487,0.033882979412763685,0.9420659866248687,0.9759489660376324,0.9402725647489336,0.006518641168156775,8.0
2026-09-12 01:00:00,0.05735074,-0.033084700977263126,1.0699999760836363,11.489999743178487,0.033882979412763685,0.9420659866248687,0.9759489660376324,1.0002150048970622,0.006518641168156775,8.0
2026-09-12 01:10:00,0.05735074,0.027108885518600766,1.0699999760836363,11.489999743178487,0.033882979412763685,0.9420659866248687,0.9759489660376324,1.060408591392926,0.006518641168156775,8.0
2026-09-12 01:20:00,0.05735074,0.08721057356245995,1.0699999760836363,11.489999743178487,0.033882979412763685,0.9420659866248687,0.9759489660376324,1.1205102794367852,0.006518641168156775,8.0
2026-09-12 01:30:00,0.05735074,0.1468841192307272,1.0699999760836363,11.489999743178487,0.033882979412763685,0.9420659866248687,0.9759489660376324,1.1801838251050523,0.006518641168156775,8.0
2026-09-12 01:40:00,0.05735074,0.2058007822135273,1.0699999760836363,11.489999743178487,0.033882979412763685,0.9420659866248687,0.9759489660376324,1.2391004880878524,0.006518641168156775,8.0
2026-09-12 01:50:00,0.05735074,0.26363958074173327,1.0699999760836363,11.489999743178487,0.033882979412763685,0.9420659866248687,0.9759489660376324,1.2969392866160585,0.006518641168156775,8.0
2026-09-12 02:00:00,0.05735074,0.3200871348818841,1.0699999760836363,11.489999743178487,0.033882979412763685,0.9420659866248687,0.9759489660376324,1.3533868407562093,0.006518641168156775,8.0
2026-09-12 02:10:00,0.05735074,0.37483717458281796,1.0699999760836363,11.489999743178487,0.033882979412763685,0.9420659866248687,0.9759489660376324,1.408136880457143,0.006518641168156775,8.0
2026-09-12 02:20:00,0.05735074,0.42758982567929166,1.0699999760836363,11.489999743178487,0.033882979412763685,0.9420659866248687,0.9759489660376324,1.4608895315536168,0.006518641168156775,8.0
2026-09-12 02:30:00,0.05735074,0.4780508164762335,1.0699999760836363,11.489999743178487,0.033882979412763685,0.9420659866248687,0.9759489660376324,1.5113505223505586,0.006518641168156775,8.0
2026-09-12 02:40:00,0.05735074,0.5259307667428619,1.0699999760836363,11.489999743178487,0.033882979412763685,0.9420659866248687,0.9759489660376324,1.559230472617187,0.006518641168156775,8.0
2026-09-12 02:50:00,0.05735074,0.570944726806797,1.0699999760836363,11.489999743178487,0.033882979412763685,0.9420659866248687,0.9759489660376324,1.604244432681122,0.006518641168156775,8.0
2026-09-12 03:00:00,0.05735074,0.6128121266997903,1.0099999774247408,11.26999974809587,0.03228897638099221,0.8977470965852533,0.9300360729662456,1.6001989395027287,0.006518641168156775,8.0
2026-09-12 03:10:00,0.05735074,0.6512572731612251,1.0099999774247408,11.26999974809587,0.03228897638099221,0.8977470965852533,0.9300360729662456,1.6386440859641636,0.006518641168156775,8.0
2026-09-12 03:20:00,0.05735074,0.6860104981273424,1.0099999774247408,11.26999974809587,0.03228897638099221,0.8977470965852533,0.9300360729662456,1.6733973109302807,0.006518641168156775,8.0
2026-09-12 03:30:00,0.05735074,0.7168100180671564,1.0099999774247408,11.26999974809587,0.03228897638099221,0.8977470965852533,0.9300360729662456,1.7041968308700948,0.006518641168156775,8.0
2026-09-12 03:40:00,0.05735074,0.7434045132364923,1.0099999774247408,11.26999974809587,0.03228897638099221,0.8977470965852533,0.9300360729662456,1.7307913260394305,0.006518641168156775,8.0
2026-09-12 03:50:00,0.05735074,0.765556383546901,1.0099999774247408,11.26999974809587,0.03228897638099221,0.8977470965852533,0.9300360729662456,1.7529431963498394,0.006518641168156775,8.0
2026-09-12 04:00:00,0.05735074,0.7830455875261998,1.0099999774247408,11.26999974809587,0.03228897638099221,0.8977470965852533,0.9300360729662456,1.7704324003291383,0.006518641168156775,8.0
2026-09-12 04:10:00,0.05735074,0.7956739271903466,1.0099999774247408,11.26999974809587,0.03228897638099221,0.8977470965852533,0.9300360729662456,1.783060739993285,0.006518641168156775,8.0
2026-09-12 04:20:00,0.05735074,0.8032696074029052,1.0099999774247408,11.26999974809587,0.03228897638099221,0.8977470965852533,0.9300360729662456,1.7906564202058437,0.006518641168156775,8.0
2026-09-12 04:30:00,0.05735074,0.8056918765340837,1.0099999774247408,11.26999974809587,0.03228897638099221,0.8977470965852533,0.9300360729662456,1.793078689337022,0.006518641168156775,8.0
2026-09-12 04:40:00,0.05735074,0.8028355466487429,1.0099999774247408,11.26999974809587,0.03228897638099221,0.8977470965852533,0.9300360729662456,1.7902223594516813,0.006518641168156775,8.0
2026-09-12 04:50:00,0.05735074,0.794635196526498,1.0099999774247408,11.26999974809587,0.03228897638099221,0.8977470965852533,0.9300360729662456,1.7820220093294363,0.006518641168156775,8.0
2026-09-12 05:00:00,0.05735074,0.78106887805498,1.0099999774247408,11.26999974809587,0.03228897638099221,0.8977470965852533,0.9300360729662456,1.7684556908579183,0.006518641168156775,8.0
2026-09-12 05:10:00,0.05735074,0.7621611739045687,1.0099999774247408,11.26999974809587,0.03228897638099221,0.8977470965852533,0.9300360729662456,1.749547986707507,0.006518641168156775,8.0
2026-09-12 05:20:00,0.05735074,0.7379854888216767,1.0099999774247408,11.26999974809587,0.03228897638099221,0.8977470965852533,0.9300360729662456,1.7253723016246152,0.006518641168156775,8.0
2026-09-12 05:30:00,0.05735074,0.7086654950380931,1.0099999774247408,11.26999974809587,0.03228897638099221,0.8977470965852533,0.9300360729662456,1.6960523078410314,0.006518641168156775,8.0
2026-09-12 05:40:00,0.05735074,0.6743756906705628,1.0099999774247408,11.26999974809587,0.03228897638099221,0.8977470965852533,0.9300360729662456,1.661762503473501,0.006518641168156775,8.0
2026-09-12 05:50:00,0.05735074,0.6353410656266376,1.0099999774247408,11.26999974809587,0.03228897638099221,0.8977470965852533,0.9300360729662456,1.622727878429576,0.006518641168156775,8.0
2026-09-12 06:00:00,0.05735074,0.591835899670078,0.9499999787658453,7.999999821186066,0.02222907872995086,0.6180465634496266,0.6402756421795774,1.2894622816863484,0.006518641168156775,8.0
2026-09-12 06:10:00,0.05735074,0.54418174070595,0.9499999787658453,7.999999821186066,0.02222907872995086,0.6180465634496266,0.6402756421795774,1.2418081227222202,0.006518641168156775,8.0
2026-09-12 06:20:00,0.05735074,0.49274462689805276,0.9499999787658453,7.999999821186066,0.02222907872995086,0.6180465634496266,0.6402756421795774,1.190371008914323,0.006518641168156775,8.0
2026-09-12 06:30:00,0.05735074,0.4379316247016914,0.9499999787658453,7.999999821186066,0.02222907872995086,0.6180465634496266,0.6402756421795774,1.1355580067179616,0.006518641168156775,8.0
2026-09-12 06:40:00,0.05735074,0.38018675705804195,0.9499999787658453,7.999999821186066,0.02222907872995086,0.6180465634496266,0.6402756421795774,1.0778131390743122,0.006518641168156775,8.0
2026-09-12 06:50:00,0.05735074,0.31998639396786777,0.9499999787658453,7.999999821186066,0.02222907872995086,0.6180465634496266,0.6402756421795774,1.017612775984138,0.006518641168156775,8.0
2026-09-12 07:00:00,0.05735074,0.25783417353805055,0.9499999787658453,7.999999821186066,0.02222907872995086,0.6180465634496266,0.6402756421795774,0.9554605555543207,0.006518641168156775,8.0
2026-09-12 07:10:00,0.05735074,0.19425551735199093,0.9499999787658453,7.999999821186066,0.02222907872995086,0.6180465634496266,0.6402756421795774,0.8918818993682611,0.006518641168156775,8.0
2026-09-12 07:20:00,0.05735074,0.12979180229347348,0.9499999787658453,7.999999821186066,0.02222907872995086,0.6180465634496266,0.6402756421795774,0.8274181843097437,0.006518641168156775,8.0
2026-09-12 07:30:00,0.05735074,0.06499425216456717,0.9499999787658453,7.999999821186066,0.02222907872995086,0.6180465634496266,0.6402756421795774,0.7626206341808375,0.006518641168156775,8.0
2026-09-12 07:40:00,0.05735074,0.0004176184526703038,0.9499999787658453,7.999999821186066,0.02222907872995086,0.6180465634496266,0.6402756421795774,0.6980440004689406,0.006518641168156775,8.0
2026-09-12 07:50:00,0.05735074,-0.06338627083972932,0.9499999787658453,7.999999821186066,0.02222907872995086,0.6180465634496266,0.6402756421795774,0.6342401111765409,0.006518641168156775,8.0
2026-09-12 08:00:00,0.05735074,-0.1258750023538984,0.9499999787658453,7.999999821186066,0.02222907872995086,0.6180465634496266,0.6402756421795774,0.5717513796623719,0.006518641168156775,8.0
2026-09-12 08:10:00,0.05735074,-0.1865220023220182,0.9499999787658453,7.999999821186066,0.02222907872995086,0.6180465634496266,0.6402756421795774,0.511104379694252,0.006518641168156775,8.0
2026-09-12 08:20:00,0.05735074,-0.24482277550187057,0.9499999787658453,7.999999821186066,0.02222907872995086,0.6180465634496266,0.6402756421795774,0.45280360651439966,0.006518641168156775,8.0
2026-09-12 08:30:00,0.05735074,-0.30030082773777084,0.9499999787658453,7.999999821186066,0.02222907872995086,0.6180465634496266,0.6402756421795774,0.3973255542784994,0.006518641168156775,8.0
2026-09-12 08:40:00,0.05735074,-0.3525131368638526,0.9499999787658453,7.999999821186066,0.02222907872995086,0.6180465634496266,0.6402756421795774,0.34511324515241765,0.006518641168156775,8.0
2026-09-12 08:50:00,0.05735074,-0.40105503855389196,0.9499999787658453,7.999999821186066,0.02222907872995086,0.6180465634496266,0.6402756421795774,0.2965713434623783,0.006518641168156775,8.0
2026-09-12 09:00:00,0.05735074,-0.44556440462120606,0.909999979659915,7.149999840185046,0.019444483534953,0.5406250242228151,0.5600695077577681,0.17185584297325485,0.006518641168156775,8.0
2026-09-12 09:10:00,0.05735074,-0.4857250103933317,0.909999979659915,7.149999840185046,0.019444483534953,0.5406250242228151,0.5600695077577681,0.1316952372011292,0.006518641168156775,8.0
2026-09-12 09:20:00,0.05735074,-0.5212690155010803,0.909999979659915,7.149999840185046,0.019444483534953,0.5406250242228151,0.5600695077577681,0.09615123209338061,0.006518641168156775,8.0
2026-09-12 09:30:00,0.05735074,-0.5519785163787346,0.909999979659915,7.149999840185046,0.019444483534953,0.5406250242228151,0.5600695077577681,0.06544173121572627,0.006518641168156775,8.0
2026-09-12 09:40:00,0.05735074,-0.5776861671090262,0.909999979659915,7.149999840185046,0.019444483534953,0.5406250242228151,0.5600695077577681,0.0397340804854347,0.006518641168156775,8.0
2026-09-12 09:50:00,0.05735074,-0.5982749046586475,0.909999979659915,7.149999840185046,0.019444483534953,0.5406250242228151,0.5600695077577681,0.01914534293581338,0.006518641168156775,8.0
2026-09-12 10:00:00,0.05735074,-0.6136768519881423,0.909999979659915,7.149999840185046,0.019444483534953,0.5406250242228151,0.5600695077577681,0.0037433956063186447,0.006518641168156775,8.0
2026-09-12 10:10:00,0.05735074,-0.6238715047421418,0.909999979659915,7.149999840185046,0.019444483534953,0.5406250242228151,0.5600695077577681,-0.006451257147680911,0.006518641168156775,8.0
2026-09-12 10:20:00,0.05735074,-0.6288833314512081,0.909999979659915,7.149999840185046,0.019444483534953,0.5406250242228151,0.5600695077577681,-0.011463083856747214,0.006518641168156775,8.0
2026-09-12 10:30:00,0.05735074,-0.6287789314767888,0.909999979659915,7.149999840185046,0.019444483534953,0.5406250242228151,0.5600695077577681,-0.011358683882327858,0.006518641168156775,8.0
2026-09-12 10:40:00,0.05735074,-0.6236638981267851,0.909999979659915,7.149999840185046,0.019444483534953,0.5406250242228151,0.5600695077577681,-0.00624365053232423,0.006518641168156775,8.0
2026-09-12 10:50:00,0.05735074,-0.6136795265897406,0.909999979659915,7.149999840185046,0.019444483534953,0.5406250242228151,0.5600695077577681,0.0037407210047203376,0.006518641168156775,8.0
2026-09-12 11:00:00,0.05735074,-0.5989994886717885,0.909999979659915,7.149999840185046,0.019444483534953,0.5406250242228151,0.5600695077577681,0.018420758922672364,0.006518641168156775,8.0
2026-09-12 11:10:00,0.05735074,-0.5798265708855243,0.909999979659915,7.149999840185046,0.019444483534953,0.5406250242228151,0.5600695077577681,0.03759367670893665,0.006518641168156775,8.0
2026-09-12 11:20:00,0.05735074,-0.5563895421743439,0.909999979659915,7.149999840185046,0.019444483534953,0.5406250242228151,0.5600695077577681,0.061030705420117015,0.006518641168156775,8.0
2026-09-12 11:30:00,0.05735074,-0.5289401858360173,0.909999979659915,7.149999840185046,0.019444483534953,0.5406250242228151,0.5600695077577681,0.08848006175844358,0.006518641168156775,8.0
2026-09-12 11:40:00,0.05735074,-0.49775050033698687,0.909999979659915,7.149999840185046,0.019444483534953,0.5406250242228151,0.5600695077577681,0.11966974725747404,0.006518641168156775,8.0
2026-09-12 11:50:00,0.05735074,-0.4631100492113116,0.909999979659915,7.149999840185046,0.019444483534953,0.5406250242228151,0.5600695077577681,0.1543101983831493,0.006518641168156775,8.0
2026-09-12 12:00:00,0.05735074,-0.4253234231100385,0.8699999805539846,7.179999839514494,0.01909210195601439,0.5308275770801894,0.5499196790362038,0.18194699576285805,0.006518641168156775,8.0
2026-09-12 12:10:00,0.05735074,-0.3847077695809783,0.8699999805539846,7.179999839514494,0.01909210195601439,0.5308275770801894,0.5499196790362038,0.22256264929191827,0.006518641168156775,8.0
2026-09-12 12:20:00,0.05735074,-0.34159034816000505,0.8699999805539846,7.179999839514494,0.01909210195601439,0.5308275770801894,0.5499196790362038,0.2656800707128915,0.006518641168156775,8.0
2026-09-12 12:30:00,0.05735074,-0.2963060797798037,0.8699999805539846,7.179999839514494,0.01909210195601439,0.5308275770801894,0.5499196790362038,0.31096433909309285,0.006518641168156775,8.0
2026-09-12 12:40:00,0.05735074,-0.24919507811289696,0.8699999805539846,7.179999839514494,0.01909210195601439,0.5308275770801894,0.5499196790362038,0.3580753407599996,0.006518641168156775,8.0
2026-09-12 12:50:00,0.05735074,-0.20060017395720425,0.8699999805539846,7.179999839514494,0.01909210195601439,0.5308275770801894,0.5499196790362038,0.4066702449156923,0.006518641168156775,8.0
2026-09-12 13:00:00,0.05735074,-0.15086446867423373,0.8699999805539846,7.179999839514494,0.01909210195601439,0.5308275770801894,0.5499196790362038,0.4564059501986628,0.006518641168156775,8.0
2026-09-12 13:10:00,0.05735074,-0.10032897546907284,0.8699999805539846,7.179999839514494,0.01909210195601439,0.5308275770801894,0.5499196790362038,0.5069414434038237,0.006518641168156775,8.0
2026-09-12 13:20:00,0.05735074,-0.049330424815703586,0.8699999805539846,7.179999839514494,0.01909210195601439,0.5308275770801894,0.5499196790362038,0.557939994057193,0.006518641168156775,8.0
2026-09-12 13:30:00,0.05735074,0.0018006805888610429,0.8699999805539846,7.179999839514494,0.01909210195601439,0.5308275770801894,0.5499196790362038,0.6090710994617576,0.006518641168156775,8.0
2026-09-12 13:40:00,0.05735074,0.052741676879071546,0.8699999805539846,7.179999839514494,0.01909210195601439,0.5308275770801894,0.5499196790362038,0.6600120957519682,0.006518641168156775,8.0
2026-09-12 13:50:00,0.05735074,0.10317894367476027,0.8699999805539846,7.179999839514494,0.01909210195601439,0.5308275770801894,0.5499196790362038,0.7104493625476569,0.006518641168156775,8.0
2026-09-12 14:00:00,0.05735074,0.15280865245016587,0.8699999805539846,7.179999839514494,0.01909210195601439,0.5308275770801894,0.5499196790362038,0.7600790713230624,0.006518641168156775,8.0
2026-09-12 14:10:00,0.05735074,0.2013370403186451,0.8699999805539846,7.179999839514494,0.01909210195601439,0.5308275770801894,0.5499196790362038,0.8086074591915416,0.006518641168156775,8.0
2026-09-12 14:20:00,0.05735074,0.2484802285920307,0.8699999805539846,7.179999839514494,0.01909210195601439,0.5308275770801894,0.5499196790362038,0.8557506474649272,0.006518641168156775,8.0
2026-09-12 14:30:00,0.05735074,0.2939636458735238,0.8699999805539846,7.179999839514494,0.01909210195601439,0.5308275770801894,0.5499196790362038,0.9012340647464203,0.006518641168156775,8.0
2026-09-12 14:40:00,0.05735074,0.33752115457262527,0.8699999805539846,7.179999839514494,0.01909210195601439,0.5308275770801894,0.5499196790362038,0.9447915734455219,0.006518641168156775,8.0
2026-09-12 14:50:00,0.05735074,0.37889401329673045,0.8699999805539846,7.179999839514494,0.01909210195601439,0.5308275770801894,0.5499196790362038,0.986164432169627,0.006518641168156775,8.0
2026-09-12 15:00:00,0.05735074,0.4178298324751588,0.8499999810010195,11.61999974027276,0.030541141510893276,0.8491511404475579,0.8796922819584512,1.3548728542703028,0.006518641168156775,8.0
2026-09-12 15:10:00,0.05735074,0.4540816931277415,0.8499999810010195,11.61999974027276,0.030541141510893276,0.8491511404475579,0.8796922819584512,1.3911247149228854,0.006518641168156775,8.0
2026-09-12 15:20:00,0.05735074,0.48740759798736505,0.8499999810010195,11.61999974027276,0.030541141510893276,0.8491511404475579,0.8796922819584512,1.424450619782509,0.006518641168156775,8.0
2026-09-12 15:30:00,0.05735074,0.5175704088690973,0.8499999810010195,11.61999974027276,0.030541141510893276,0.8491511404475579,0.8796922819584512,1.4546134306642413,0.006518641168156775,8.0
2026-09-12 15:40:00,0.05735074,0.5443383956945131,0.8499999810010195,11.61999974027276,0.030541141510893276,0.8491511404475579,0.8796922819584512,1.4813814174896571,0.006518641168156775,8.0
2026-09-12 15:50:00,0.05735074,0.5674864825803067,0.8499999810010195,11.61999974027276,0.030541141510893276,0.8491511404475579,0.8796922819584512,1.5045295043754505,0.006518641168156775,8.0
2026-09-12 16:00:00,0.05735074,0.5867982282862072,0.8499999810010195,11.61999974027276,0.030541141510893276,0.8491511404475579,0.8796922819584512,1.5238412500813512,0.006518641168156775,8.0
2026-09-12 16:10:00,0.05735074,0.6020685259632067,0.8499999810010195,11.61999974027276,0.030541141510893276,0.8491511404475579,0.8796922819584512,1.5391115477583508,0.006518641168156775,8.0
2026-09-12 16:20:00,0.05735074,0.6131069547191738,0.8499999810010195,11.61999974027276,0.030541141510893276,0.8491511404475579,0.8796922819584512,1.5501499765143176,0.006518641168156775,8.0
2026-09-12 16:30:00,0.05735074,0.6197416675414251,0.8499999810010195,11.61999974027276,0.030541141510893276,0.8491511404475579,0.8796922819584512,1.556784689336569,0.006518641168156775,8.0
2026-09-12 16:40:00,0.05735074,0.6218236600475818,0.8499999810010195,11.61999974027276,0.030541141510893276,0.8491511404475579,0.8796922819584512,1.558866681842726,0.006518641168156775,8.0
2026-09-12 16:50:00,0.05735074,0.6192312357471716,0.8499999810010195,11.61999974027276,0.030541141510893276,0.8491511404475579,0.8796922819584512,1.5562742575423156,0.006518641168156775,8.0
2026-09-12 17:00:00,0.05735074,0.6118744675466595,0.8499999810010195,11.61999974027276,0.030541141510893276,0.8491511404475579,0.8796922819584512,1.5489174893418034,0.006518641168156775,8.0
2026-09-12 17:10:00,0.05735074,0.5996994530918973,0.8499999810010195,11.61999974027276,0.030541141510893276,0.8491511404475579,0.8796922819584512,1.5367424748870413,0.006518641168156775,8.0
2026-09-12 17:20:00,0.05735074,0.5826921724577941,0.8499999810010195,11.61999974027276,0.030541141510893276,0.8491511404475579,0.8796922819584512,1.519735194252938,0.006518641168156775,8.0
2026-09-12 17:30:00,0.05735074,0.5608817790819238,0.8499999810010195,11.61999974027276,0.030541141510893276,0.8491511404475579,0.8796922819584512,1.4979248008770678,0.006518641168156775,8.0
2026-09-12 17:40:00,0.05735074,0.5343431860211599,0.8499999810010195,11.61999974027276,0.030541141510893276,0.8491511404475579,0.8796922819584512,1.471386207816304,0.006518641168156775,8.0
2026-09-12 17:50:00,0.05735074,0.5031988463900847,0.8499999810010195,11.61999974027276,0.030541141510893276,0.8491511404475579,0.8796922819584512,1.4402418681852287,0.006518641168156775,8.0
2026-09-12 18:00:00,0.05735074,0.4676196657348642,0.8399999812245369,11.629999740049243,0.0303870844021187,0.8448678110388217,0.8752548954409404,1.4002253010124974,0.006518641168156775,8.0
2026-09-12 18:10:00,0.05735074,0.42782502181417165,0.8399999812245369,11.629999740049243,0.0303870844021187,0.8448678110388217,0.8752548954409404,1.3604306570918048,0.006518641168156775,8.0
2026-09-12 18:20:00,0.05735074,0.38408190085993,0.8399999812245369,11.629999740049243,0.0303870844021187,0.8448678110388217,0.8752548954409404,1.3166875361375632,0.006518641168156775,8.0
2026-09-12 18:30:00,0.05735074,0.33670318689236445,0.8399999812245369,11.629999740049243,0.0303870844021187,0.8448678110388217,0.8752548954409404,1.2693088221699975,0.006518641168156775,8.0
2026-09-12 18:40:00,0.05735074,0.28604516070155095,0.8399999812245369,11.629999740049243,0.0303870844021187,0.8448678110388217,0.8752548954409404,1.2186507959791841,0.006518641168156775,8.0
2026-09-12 18:50:00,0.05735074,0.23250427767609064,0.8399999812245369,11.629999740049243,0.0303870844021187,0.8448678110388217,0.8752548954409404,1.165109912953724,0.006518641168156775,8.0
2026-09-12 19:00:00,0.05735074,0.1765132993159542,0.8399999812245369,11.629999740049243,0.0303870844021187,0.8448678110388217,0.8752548954409404,1.1091189345935875,0.006518641168156775,8.0
2026-09-12 19:10:00,0.05735074,0.11853685361010875,0.8399999812245369,11.629999740049243,0.0303870844021187,0.8448678110388217,0.8752548954409404,1.0511424888877419,0.006518641168156775,8.0
2026-09-12 19:20:00,0.05735074,0.059066496512611776,0.8399999812245369,11.629999740049243,0.0303870844021187,0.8448678110388217,0.8752548954409404,0.9916721317902449,0.006518641168156775,8.0
2026-09-12 19:30:00,0.05735074,-0.0013846573882523871,0.8399999812245369,11.629999740049243,0.0303870844021187,0.8448678110388217,0.8752548954409404,0.9312209778893807,0.006518641168156775,8.0
2026-09-12 19:40:00,0.05735074,-0.06228766984582615,0.8399999812245369,11.629999740049243,0.0303870844021187,0.8448678110388217,0.8752548954409404,0.8703179654318071,0.006518641168156775,8.0
2026-09-12 19:50:00,0.05735074,-0.12310381478340965,0.8399999812245369,11.629999740049243,0.0303870844021187,0.8448678110388217,0.8752548954409404,0.8095018204942235,0.006518641168156775,8.0
2026-09-12 20:00:00,0.05735074,-0.18329084646418903,0.8399999812245369,11.629999740049243,0.0303870844021187,0.8448678110388217,0.8752548954409404,0.7493147888134442,0.006518641168156775,8.0
2026-09-12 20:10:00,0.05735074,-0.2423094238442684,0.8399999812245369,11.629999740049243,0.0303870844021187,0.8448678110388217,0.8752548954409404,0.6902962114333648,0.006518641168156775,8.0
2026-09-12 20:20:00,0.05735074,-0.2996296035073202,0.8399999812245369,11.629999740049243,0.0303870844021187,0.8448678110388217,0.8752548954409404,0.632976031770313,0.006518641168156775,8.0
2026-09-12 20:30:00,0.05735074,-0.3547372999245549,0.8399999812245369,11.629999740049243,0.0303870844021187,0.8448678110388217,0.8752548954409404,0.5778683353530782,0.006518641168156775,8.0
2026-09-12 20:40:00,0.05735074,-0.40714059782387957,0.8399999812245369,11.629999740049243,0.0303870844021187,0.8448678110388217,0.8752548954409404,0.5254650374537536,0.006518641168156775,8.0
2026-09-12 20:50:00,0.05735074,-0.4563757892693235,0.8399999812245369,11.629999740049243,0.0303870844021187,0.8448678110388217,0.8752548954409404,0.4762298460083097,0.006518641168156775,8.0
2026-09-12 21:00:00,0.05735074,-0.5020130003942073,0.8199999816715717,11.749999737367034,0.030332937284611644,0.8433623307486805,0.8736952680332921,0.42903300747577766,0.006518641168156775,8.0
2026-09-12 21:10:00,0.05735074,-0.5436612712431577,0.8199999816715717,11.749999737367034,0.030332937284611644,0.8433623307486805,0.8736952680332921,0.38738473662682726,0.006518641168156775,8.0
2026-09-12 21:20:00,0.05735074,-0.5809729589253331,0.8199999816715717,11.749999737367034,0.030332937284611644,0.8433623307486805,0.8736952680332921,0.35007304894465185,0.006518641168156775,8.0
2026-09-12 21:30:00,0.05735074,-0.6136473495275248,0.8199999816715717,11.749999737367034,0.030332937284611644,0.8433623307486805,0.8736952680332921,0.31739865834246017,0.006518641168156775,8.0
2026-09-12 21:40:00,0.05735074,-0.6414333883969733,0.8199999816715717,11.749999737367034,0.030332937284611644,0.8433623307486805,0.8736952680332921,0.28961261947301165,0.006518641168156775,8.0
2026-09-12 21:50:00,0.05735074,-0.6641314697582483,0.8199999816715717,11.749999737367034,0.030332937284611644,0.8433623307486805,0.8736952680332921,0.2669145381117366,0.006518641168156775,8.0
2026-09-12 22:00:00,0.05735074,-0.6815942638047493,0.8199999816715717,11.749999737367034,0.030332937284611644,0.8433623307486805,0.8736952680332921,0.24945174406523563,0.006518641168156775,8.0
2026-09-12 22:10:00,0.05735074,-0.6937265991329054,0.8199999816715717,11.749999737367034,0.030332937284611644,0.8433623307486805,0.8736952680332921,0.23731940873707957,0.006518641168156775,8.0
2026-09-12 22:20:00,0.05735074,-0.70048445786846,0.8199999816715717,11.749999737367034,0.030332937284611644,0.8433623307486805,0.8736952680332921,0.2305615500015249,0.006518641168156775,8.0
2026-09-12 22:30:00,0.05735074,-0.7018731766833395,0.8199999816715717,11.749999737367034,0.030332937284611644,0.8433623307486805,0.8736952680332921,0.22917283118664544,0.006518641168156775,8.0
2026-09-12 22:40:00,0.05735074,-0.6979449760201104,0.8199999816715717,11.749999737367034,0.030332937284611644,0.8433623307486805,0.8736952680332921,0.23310103184987452,0.006518641168156775,8.0
2026-09-12 22:50:00,0.05735074,-0.6887959599460379,0.8199999816715717,11.749999737367034,0.030332937284611644,0.8433623307486805,0.8736952680332921,0.242250047923947,0.006518641168156775,8.0
2026-09-12 23:00:00,0.05735074,-0.6745627383679124,0.8199999816715717,11.749999737367034,0.030332937284611644,0.8433623307486805,0.8736952680332921,0.25648326950207256,0.006518641168156775,8.0
2026-09-12 23:10:00,0.05735074,-0.6554188214532508,0.8199999816715717,11.749999737367034,0.030332937284611644,0.8433623307486805,0.8736952680332921,0.2756271864167341,0.006518641168156775,8.0
2026-09-12 23:20:00,0.05735074,-0.6315709234625784,0.8199999816715717,11.749999737367034,0.030332937284611644,0.8433623307486805,0.8736952680332921,0.29947508440740656,0.006518641168156775,8.0
2026-09-12 23:30:00,0.05735074,-0.6032552915069515,0.8199999816715717,11.749999737367034,0.030332937284611644,0.8433623307486805,0.8736952680332921,0.3277907163630335,0.006518641168156775,8.0
2026-09-12 23:40:00,0.05735074,-0.5707341464916518,0.8199999816715717,11.749999737367034,0.030332937284611644,0.8433623307486805,0.8736952680332921,0.36031186137833315,0.006518641168156775,8.0
2026-09-12 23:50:00,0.05735074,-0.5342922918890638,0.8199999816715717,11.749999737367034,0.030332937284611644,0.8433623307486805,0.8736952680332921,0.39675371598092113,0.006518641168156775,8.0
2026-09-13 00:00:00,0.08176849,-0.49423391442383585,0.8099999818950891,14.6399996727705,0.03756239371945695,1.0443666440378623,1.0819290377573192,0.6694636137075716,0.006518641168156775,8.0
2026-09-13 00:10:00,0.08176849,-0.4508795726887839,0.8099999818950891,14.6399996727705,0.03756239371945695,1.0443666440378623,1.0819290377573192,0.7128179554426235,0.006518641168156775,8.0
2026-09-13 00:20:00,0.08176849,-0.40456334797814714,0.8099999818950891,14.6399996727705,0.03756239371945695,1.0443666440378623,1.0819290377573192,0.7591341801532603,0.006518641168156775,8.0
2026-09-13 00:30:00,0.08176849,-0.3556301184627734,0.8099999818950891,14.6399996727705,0.03756239371945695,1.0443666440378623,1.0819290377573192,0.808067409668634,0.006518641168156775,8.0
2026-09-13 00:40:00,0.08176849,-0.30443291426766644,0.8099999818950891,14.6399996727705,0.03756239371945695,1.0443666440378623,1.0819290377573192,0.859264613863741,0.006518641168156775,8.0
2026-09-13 00:50:00,0.08176849,-0.2513303170820327,0.8099999818950891,14.6399996727705,0.03756239371945695,1.0443666440378623,1.0819290377573192,0.9123672110493748,0.006518641168156775,8.0
2026-09-13 01:00:00,0.08176849,-0.1966838824330228,0.8099999818950891,14.6399996727705,0.03756239371945695,1.0443666440378623,1.0819290377573192,0.9670136456983847,0.006518641168156775,8.0
2026-09-13 01:10:00,0.08176849,-0.14085558343542395,0.8099999818950891,14.6399996727705,0.03756239371945695,1.0443666440378623,1.0819290377573192,1.0228419446959836,0.006518641168156775,8.0
2026-09-13 01:20:00,0.08176849,-0.08420529884213465,0.8099999818950891,14.6399996727705,0.03756239371945695,1.0443666440378623,1.0819290377573192,1.0794922292892728,0.006518641168156775,8.0
2026-09-13 01:30:00,0.08176849,-0.02708839192378736,0.8099999818950891,14.6399996727705,0.03756239371945695,1.0443666440378623,1.0819290377573192,1.13660913620762,0.006518641168156775,8.0
2026-09-13 01:40:00,0.08176849,0.030146553102588604,0.8099999818950891,14.6399996727705,0.03756239371945695,1.0443666440378623,1.0819290377573192,1.193844081233996,0.006518641168156775,8.0
2026-09-13 01:50:00,0.08176849,0.08715975715950144,0.8099999818950891,14.6399996727705,0.03756239371945695,1.0443666440378623,1.0819290377573192,1.250857285290909,0.006518641168156775,8.0
2026-09-13 02:00:00,0.08176849,0.14362195080096674,0.8099999818950891,14.6399996727705,0.03756239371945695,1.0443666440378623,1.0819290377573192,1.3073194789323743,0.006518641168156775,8.0
2026-09-13 02:10:00,0.08176849,0.19921567965829998,0.8099999818950891,14.6399996727705,0.03756239371945695,1.0443666440378623,1.0819290377573192,1.3629132077897075,0.006518641168156775,8.0
2026-09-13 02:20:00,0.08176849,0.25363615078517043,0.8099999818950891,14.6399996727705,0.03756239371945695,1.0443666440378623,1.0819290377573192,1.4173336789165778,0.006518641168156775,8.0
2026-09-13 02:30:00,0.08176849,0.30659158717172075,0.8099999818950891,14.6399996727705,0.03756239371945695,1.0443666440378623,1.0819290377573192,1.4702891153031281,0.006518641168156775,8.0
2026-09-13 02:40:00,0.08176849,0.3578030927308942,0.8099999818950891,14.6399996727705,0.03756239371945695,1.0443666440378623,1.0819290377573192,1.5215006208623016,0.006518641168156775,8.0
2026-09-13 02:50:00,0.08176849,0.4070040695068309,0.8099999818950891,14.6399996727705,0.03756239371945695,1.0443666440378623,1.0819290377573192,1.5707015976382384,0.006518641168156775,8.0
2026-09-13 03:00:00,0.08176849,0.4539392691640988,0.789999982342124,15.079999662935734,0.03821066196893574,1.0623907811895308,1.1006014431584665,1.6363092026966537,0.006518641168156775,8.0
2026-09-13 03:10:00,0.08176849,0.49836359766318117,0.789999982342124,15.079999662935734,0.03821066196893574,1.0623907811895308,1.1006014431584665,1.6807335311957359,0.006518641168156775,8.0
2026-09-13 03:20:00,0.08176849,0.5400408217298244,0.789999982342124,15.079999662935734,0.03821066196893574,1.0623907811895308,1.1006014431584665,1.7224107552623793,0.006518641168156775,8.0
2026-09-13 03:30:00,0.08176849,0.5787423447912342,0.789999982342124,15.079999662935734,0.03821066196893574,1.0623907811895308,1.1006014431584665,1.7611122783237891,0.006518641168156775,8.0
2026-09-13 03:40:00,0.08176849,0.614246226259283,0.789999982342124,15.079999662935734,0.03821066196893574,1.0623907811895308,1.1006014431584665,1.7966161597918378,0.006518641168156775,8.0
2026-09-13 03:50:00,0.08176849,0.6463366099825717,0.789999982342124,15.079999662935734,0.03821066196893574,1.0623907811895308,1.1006014431584665,1.8287065435151266,0.006518641168156775,8.0
2026-09-13 04:00:00,0.08176849,0.6748037056396526,0.789999982342124,15.079999662935734,0.03821066196893574,1.0623907811895308,1.1006014431584665,1.8571736391722076,0.006518641168156775,8.0
2026-09-13 04:10:00,0.08176849,0.6994444322380204,0.789999982342124,15.079999662935734,0.03821066196893574,1.0623907811895308,1.1006014431584665,1.8818143657705753,0.006518641168156775,8.0
2026-09-13 04:20:00,0.08176849,0.7200637882113228,0.789999982342124,15.079999662935734,0.03821066196893574,1.0623907811895308,1.1006014431584665,1.9024337217438776,0.006518641168156775,8.0
2026-09-13 04:30:00,0.08176849,0.7364769616896973,0.789999982342124,15.079999662935734,0.03821066196893574,1.0623907811895308,1.1006014431584665,1.9188468952222522,0.006518641168156775,8.0
2026-09-13 04:40:00,0.08176849,0.7485121412848532,0.789999982342124,15.079999662935734,0.03821066196893574,1.0623907811895308,1.1006014431584665,1.930882074817408,0.006518641168156775,8.0
2026-09-13 04:50:00,0.08176849,0.7560139366703085,0.789999982342124,15.079999662935734,0.03821066196893574,1.0623907811895308,1.1006014431584665,1.9383838702028633,0.006518641168156775,8.0
2026-09-13 05:00:00,0.08176849,0.7588472734084128,0.789999982342124,15.079999662935734,0.03821066196893574,1.0623907811895308,1.1006014431584665,1.9412172069409677,0.006518641168156775,8.0
2026-09-13 05:10:00,0.08176849,0.7569015913164829,0.789999982342124,15.079999662935734,0.03821066196893574,1.0623907811895308,1.1006014431584665,1.9392715248490378,0.006518641168156775,8.0
2026-09-13 05:20:00,0.08176849,0.7500951526993752,0.789999982342124,15.079999662935734,0.03821066196893574,1.0623907811895308,1.1006014431584665,1.9324650862319301,0.006518641168156775,8.0
2026-09-13 05:30:00,0.08176849,0.7383792573632749,0.789999982342124,15.079999662935734,0.03821066196893574,1.0623907811895308,1.1006014431584665,1.9207491908958296,0.006518641168156775,8.0
2026-09-13 05:40:00,0.08176849,0.7217421655469385,0.789999982342124,15.079999662935734,0.03821066196893574,1.0623907811895308,1.1006014431584665,1.9041120990794933,0.006518641168156775,8.0
2026-09-13 05:50:00,0.08176849,0.7002125465982526,0.789999982342124,15.079999662935734,0.03821066196893574,1.0623907811895308,1.1006014431584665,1.8825824801308073,0.006518641168156775,8.0
2026-09-13 06:00:00,0.08176849,0.6738622982674628,0.7799999825656414,15.25999965891242,0.03842125169983096,1.0682459163059586,1.1066671680057896,1.8622979566473408,0.006518641168156775,8.0
2026-09-13 06:10:00,0.08176849,0.6428086158827434,0.7799999825656414,15.25999965891242,0.03842125169983096,1.0682459163059586,1.1066671680057896,1.8312442742626214,0.006518641168156775,8.0
2026-09-13 06:20:00,0.08176849,0.6072152290541556,0.7799999825656414,15.25999965891242,0.03842125169983096,1.0682459163059586,1.1066671680057896,1.7956508874340336,0.006518641168156775,8.0
2026-09-13 06:30:00,0.08176849,0.5672927624493032,0.7799999825656414,15.25999965891242,0.03842125169983096,1.0682459163059586,1.1066671680057896,1.755728420829181,0.006518641168156775,8.0
2026-09-13 06:40:00,0.08176849,0.5232982134432111,0.7799999825656414,15.25999965891242,0.03842125169983096,1.0682459163059586,1.1066671680057896,1.711733871823089,0.006518641168156775,8.0
2026-09-13 06:50:00,0.08176849,0.47553357053579354,0.7799999825656414,15.25999965891242,0.03842125169983096,1.0682459163059586,1.1066671680057896,1.6639692289156713,0.006518641168156775,8.0
2026-09-13 07:00:00,0.08176849,0.42434362064980347,0.7799999825656414,15.25999965891242,0.03842125169983096,1.0682459163059586,1.1066671680057896,1.6127792790296813,0.006518641168156775,8.0
2026-09-13 07:10:00,0.08176849,0.37011301000693664,0.7799999825656414,15.25999965891242,0.03842125169983096,1.0682459163059586,1.1066671680057896,1.5585486683868144,0.006518641168156775,8.0
2026-09-13 07:20:00,0.08176849,0.3132626325697721,0.7799999825656414,15.25999965891242,0.03842125169983096,1.0682459163059586,1.1066671680057896,1.50169829094965,0.006518641168156775,8.0
2026-09-13 07:30:00,0.08176849,0.25424542300729014,0.7799999825656414,15.25999965891242,0.03842125169983096,1.0682459163059586,1.1066671680057896,1.442681081387168,0.006518641168156775,8.0
2026-09-13 07:40:00,0.08176849,0.19354162970146394,0.7799999825656414,15.25999965891242,0.03842125169983096,1.0682459163059586,1.1066671680057896,1.381977288081342,0.006518641168156775,8.0
2026-09-13 07:50:00,0.08176849,0.13165363955366113,0.7799999825656414,15.25999965891242,0.03842125169983096,1.0682459163059586,1.1066671680057896,1.320089297933539,0.006518641168156775,8.0
2026-09-13 08:00:00,0.08176849,0.06910042242001646,0.7799999825656414,15.25999965891242,0.03842125169983096,1.0682459163059586,1.1066671680057896,1.2575360807998943,0.006518641168156775,8.0
2026-09-13 08:10:00,0.08176849,0.006411661097308675,0.7799999825656414,15.25999965891242,0.03842125169983096,1.0682459163059586,1.1066671680057896,1.1948473194771865,0.006518641168156775,8.0
2026-09-13 08:20:00,0.08176849,-0.05587836599065799,0.7799999825656414,15.25999965891242,0.03842125169983096,1.0682459163059586,1.1066671680057896,1.1325572923892198,0.006518641168156775,8.0
2026-09-13 08:30:00,0.08176849,-0.11723707677116817,0.7799999825656414,15.25999965891242,0.03842125169983096,1.0682459163059586,1.1066671680057896,1.0711985816087097,0.006518641168156775,8.0
2026-09-13 08:40:00,0.08176849,-0.17713997029000905,0.7799999825656414,15.25999965891242,0.03842125169983096,1.0682459163059586,1.1066671680057896,1.0112956880898687,0.006518641168156775,8.0
2026-09-13 08:50:00,0.08176849,-0.23507700997493022,0.7799999825656414,15.25999965891242,0.03842125169983096,1.0682459163059586,1.1066671680057896,0.9533586484049477,0.006518641168156775,8.0
2026-09-13 09:00:00,0.08176849,-0.2905588973696854,0.7799999825656414,15.249999659135938,0.03839607394642347,1.067545886216636,1.1059419601630596,0.8971515531674625,0.006518641168156775,8.0
2026-09-13 09:10:00,0.08176849,-0.3431231153141144,0.7799999825656414,15.249999659135938,0.03839607394642347,1.067545886216636,1.1059419601630596,0.8445873352230335,0.006518641168156775,8.0
2026-09-13 09:20:00,0.08176849,-0.3923396095876428,0.7799999825656414,15.249999659135938,0.03839607394642347,1.067545886216636,1.1059419601630596,0.795370840949505,0.006518641168156775,8.0
2026-09-13 09:30:00,0.08176849,-0.43781597355890095,0.7799999825656414,15.249999659135938,0.03839607394642347,1.067545886216636,1.1059419601630596,0.749894476978247,0.006518641168156775,8.0
2026-09-13 09:40:00,0.08176849,-0.47920200299573834,0.7799999825656414,15.249999659135938,0.03839607394642347,1.067545886216636,1.1059419601630596,0.7085084475414095,0.006518641168156775,8.0
2026-09-13 09:50:00,0.08176849,-0.5161934994314331,0.7799999825656414,15.249999659135938,0.03839607394642347,1.067545886216636,1.1059419601630596,0.6715169511057147,0.006518641168156775,8.0
2026-09-13 10:00:00,0.08176849,-0.5485352203452404,0.7799999825656414,15.249999659135938,0.03839607394642347,1.067545886216636,1.1059419601630596,0.6391752301919075,0.006518641168156775,8.0
2026-09-13 10:10:00,0.08176849,-0.5760229026195769,0.7799999825656414,15.249999659135938,0.03839607394642347,1.067545886216636,1.1059419601630596,0.611687547917571,0.006518641168156775,8.0
2026-09-13 10:20:00,0.08176849,-0.5985043204067412,0.7799999825656414,15.249999659135938,0.03839607394642347,1.067545886216636,1.1059419601630596,0.5892061301304067,0.006518641168156775,8.0
2026-09-13 10:30:00,0.08176849,-0.6158793775746287,0.7799999825656414,15.249999659135938,0.03839607394642347,1.067545886216636,1.1059419601630596,0.5718310729625191,0.006518641168156775,8.0
2026-09-13 10:40:00,0.08176849,-0.6280992751055661,0.7799999825656414,15.249999659135938,0.03839607394642347,1.067545886216636,1.1059419601630596,0.5596111754315818,0.006518641168156775,8.0
2026-09-13 10:50:00,0.08176849,-0.6351648320704394,0.7799999825656414,15.249999659135938,0.03839607394642347,1.067545886216636,1.1059419601630596,0.5525456184667085,0.006518641168156775,8.0
2026-09-13 11:00:00,0.08176849,-0.6371240718714722,0.7799999825656414,15.249999659135938,0.03839607394642347,1.067545886216636,1.1059419601630596,0.5505863786656756,0.006518641168156775,8.0
2026-09-13 11:10:00,0.08176849,-0.6340692104743478,0.7799999825656414,15.249999659135938,0.03839607394642347,1.067545886216636,1.1059419601630596,0.5536412400628,0.006518641168156775,8.0
2026-09-13 11:20:00,0.08176849,-0.6261331983736674,0.7799999825656414,15.249999659135938,0.03839607394642347,1.067545886216636,1.1059419601630596,0.5615772521634804,0.006518641168156775,8.0
2026-09-13 11:30:00,0.08176849,-0.6134859718352343,0.7799999825656414,15.249999659135938,0.03839607394642347,1.067545886216636,1.1059419601630596,0.5742244787019135,0.006518641168156775,8.0
2026-09-13 11:40:00,0.08176849,-0.5963305615739118,0.7799999825656414,15.249999659135938,0.03839607394642347,1.067545886216636,1.1059419601630596,0.591379888963236,0.006518641168156775,8.0
2026-09-13 11:50:00,0.08176849,-0.5748991895263305,0.7799999825656414,15.249999659135938,0.03839607394642347,1.067545886216636,1.1059419601630596,0.6128112610108174,0.006518641168156775,8.0
2026-09-13 12:00:00,0.08176849,-0.5494494588375496,0.7999999821186066,14.749999670311809,0.037610290524474024,1.0456983436598144,1.0833086341842884,0.615627665720827,0.006518641168156775,8.0
2026-09-13 12:10:00,0.08176849,-0.5202607115169636,0.7999999821186066,14.749999670311809,0.037610290524474024,1.0456983436598144,1.0833086341842884,0.644816413041413,0.006518641168156775,8.0
2026-09-13 12:20:00,0.08176849,-0.4876305957838291,0.7999999821186066,14.749999670311809,0.037610290524474024,1.0456983436598144,1.0833086341842884,0.6774465287745475,0.006518641168156775,8.0
2026-09-13 12:30:00,0.08176849,-0.4518718543450701,0.7999999821186066,14.749999670311809,0.037610290524474024,1.0456983436598144,1.0833086341842884,0.7132052702133065,0.006518641168156775,8.0
2026-09-13 12:40:00,0.08176849,-0.4133093190734705,0.7999999821186066,14.749999670311809,0.037610290524474024,1.0456983436598144,1.0833086341842884,0.7517678054849062,0.006518641168156775,8.0
2026-09-13 12:50:00,0.08176849,-0.37227707918286074,0.7999999821186066,14.749999670311809,0.037610290524474024,1.0456983436598144,1.0833086341842884,0.792800045375516,0.006518641168156775,8.0
2026-09-13 13:00:00,0.08176849,-0.3291157809583074,0.7999999821186066,14.749999670311809,0.037610290524474024,1.0456983436598144,1.0833086341842884,0.8359613436000692,0.006518641168156775,8.0
2026-09-13 13:10:00,0.08176849,-0.2841700177181904,0.7999999821186066,14.749999670311809,0.037610290524474024,1.0456983436598144,1.0833086341842884,0.8809071068401862,0.006518641168156775,8.0
2026-09-13 13:20:00,0.08176849,-0.23778577866374112,0.7999999821186066,14.749999670311809,0.037610290524474024,1.0456983436598144,1.0833086341842884,0.9272913458946355,0.006518641168156775,8.0
2026-09-13 13:30:00,0.08176849,-0.1903079426509274,0.7999999821186066,14.749999670311809,0.037610290524474024,1.0456983436598144,1.0833086341842884,0.9747691819074492,0.006518641168156775,8.0
2026-09-13 13:40:00,0.08176849,-0.14207782532969307,0.7999999821186066,14.749999670311809,0.037610290524474024,1.0456983436598144,1.0833086341842884,1.0229992992286836,0.006518641168156775,8.0
2026-09-13 13:50:00,0.08176849,-0.09343081217586419,0.7999999821186066,14.749999670311809,0.037610290524474024,1.0456983436598144,1.0833086341842884,1.0716463123825124,0.006518641168156775,8.0
2026-09-13 14:00:00,0.08176849,-0.044694132165324064,0.7999999821186066,14.749999670311809,0.037610290524474024,1.0456983436598144,1.0833086341842884,1.1203829923930526,0.006518641168156775,8.0
2026-09-13 14:10:00,0.08176849,0.003815156014897191,0.7999999821186066,14.749999670311809,0.037610290524474024,1.0456983436598144,1.0833086341842884,1.1688922805732738,0.006518641168156775,8.0
2026-09-13 14:20:00,0.08176849,0.051791884220932206,0.7999999821186066,14.749999670311809,0.037610290524474024,1.0456983436598144,1.0833086341842884,1.2168690087793088,0.006518641168156775,8.0
2026-09-13 14:30:00,0.08176849,0.09894412151281828,0.7999999821186066,14.749999670311809,0.037610290524474024,1.0456983436598144,1.0833086341842884,1.264021246071195,0.006518641168156775,8.0
2026-09-13 14:40:00,0.08176849,0.14499407886360685,0.7999999821186066,14.749999670311809,0.037610290524474024,1.0456983436598144,1.0833086341842884,1.3100712034219835,0.006518641168156775,8.0
2026-09-13 14:50:00,0.08176849,0.18967852581121555,0.7999999821186066,14.749999670311809,0.037610290524474024,1.0456983436598144,1.0833086341842884,1.3547556503695923,0.006518641168156775,8.0
2026-09-13 15:00:00,0.08176849,0.2327487041549835,0.8399999812245369,14.359999679028988,0.03752008013881552,1.043190177688519,1.0807102578273347,1.3952274523564063,0.006518641168156775,8.0
2026-09-13 15:10:00,0.08176849,0.27396976116571176,0.8399999812245369,14.359999679028988,0.03752008013881552,1.043190177688519,1.0807102578273347,1.4364485093671346,0.006518641168156775,8.0
2026-09-13 15:20:00,0.08176849,0.3131197649181345,0.8399999812245369,14.359999679028988,0.03752008013881552,1.043190177688519,1.0807102578273347,1.4755985131195575,0.006518641168156775,8.0
2026-09-13 15:30:00,0.08176849,0.3499884033527967,0.8399999812245369,14.359999679028988,0.03752008013881552,1.043190177688519,1.0807102578273347,1.5124671515542196,0.006518641168156775,8.0
2026-09-13 15:40:00,0.08176849,0.38437550225730166,0.8399999812245369,14.359999679028988,0.03752008013881552,1.043190177688519,1.0807102578273347,1.5468542504587246,0.006518641168156775,8.0
2026-09-13 15:50:00,0.08176849,0.41608952223402923,0.8399999812245369,14.359999679028988,0.03752008013881552,1.043190177688519,1.0807102578273347,1.5785682704354522,0.006518641168156775,8.0
2026-09-13 16:00:00,0.08176849,0.4449462075747518,0.8399999812245369,14.359999679028988,0.03752008013881552,1.043190177688519,1.0807102578273347,1.6074249557761746,0.006518641168156775,8.0
2026-09-13 16:10:00,0.08176849,0.4707675593404522,0.8399999812245369,14.359999679028988,0.03752008013881552,1.043190177688519,1.0807102578273347,1.6332463075418753,0.006518641168156775,8.0
2026-09-13 16:20:00,0.08176849,0.49338128989760693,0.8399999812245369,14.359999679028988,0.03752008013881552,1.043190177688519,1.0807102578273347,1.6558600380990298,0.006518641168156775,8.0
2026-09-13 16:30:00,0.08176849,0.5126208878066918,0.8399999812245369,14.359999679028988,0.03752008013881552,1.043190177688519,1.0807102578273347,1.6750996360081147,0.006518641168156775,8.0
2026-09-13 16:40:00,0.08176849,0.5283263820451941,0.8399999812245369,14.359999679028988,0.03752008013881552,1.043190177688519,1.0807102578273347,1.6908051302466172,0.006518641168156775,8.0
2026-09-13 16:50:00,0.08176849,0.5403458463794398,0.8399999812245369,14.359999679028988,0.03752008013881552,1.043190177688519,1.0807102578273347,1.7028245945808629,0.006518641168156775,8.0
2026-09-13 17:00:00,0.08176849,0.5485376322121387,0.8399999812245369,14.359999679028988,0.03752008013881552,1.043190177688519,1.0807102578273347,1.7110163804135616,0.006518641168156775,8.0
2026-09-13 17:10:00,0.08176849,0.5527732654743266,0.8399999812245369,14.359999679028988,0.03752008013881552,1.043190177688519,1.0807102578273347,1.7152520136757494,0.006518641168156775,8.0
2026-09-13 17:20:00,0.08176849,0.5529408947796683,0.8399999812245369,14.359999679028988,0.03752008013881552,1.043190177688519,1.0807102578273347,1.7154196429810913,0.006518641168156775,8.0
2026-09-13 17:30:00,0.08176849,0.5489491375219798,0.8399999812245369,14.359999679028988,0.03752008013881552,1.043190177688519,1.0807102578273347,1.7114278857234027,0.006518641168156775,8.0
2026-09-13 17:40:00,0.08176849,0.5407311412687286,0.8399999812245369,14.359999679028988,0.03752008013881552,1.043190177688519,1.0807102578273347,1.7032098894701515,0.006518641168156775,8.0
2026-09-13 17:50:00,0.08176849,0.5282486613848234,0.8399999812245369,14.359999679028988,0.03752008013881552,1.043190177688519,1.0807102578273347,1.6907274095862463,0.006518641168156775,8.0
2026-09-13 18:00:00,0.08176849,0.5114959532461737,0.8699999805539846,14.039999686181545,0.037333302432094984,1.037997100585774,1.075330403017869,1.6685948466381308,0.006518641168156775,8.0
2026-09-13 18:10:00,0.08176849,0.490503288009698,0.8699999805539846,14.039999686181545,0.037333302432094984,1.037997100585774,1.075330403017869,1.6476021814016553,0.006518641168156775,8.0
2026-09-13 18:20:00,0.08176849,0.4653399231274044,0.8699999805539846,14.039999686181545,0.037333302432094984,1.037997100585774,1.075330403017869,1.6224388165193617,0.006518641168156775,8.0
2026-09-13 18:30:00,0.08176849,0.4361163899814852,0.8699999805539846,14.039999686181545,0.037333302432094984,1.037997100585774,1.075330403017869,1.5932152833734425,0.006518641168156775,8.0
2026-09-13 18:40:00,0.08176849,0.40298599797522683,0.8699999805539846,14.039999686181545,0.037333302432094984,1.037997100585774,1.075330403017869,1.560084891367184,0.006518641168156775,8.0
2026-09-13 18:50:00,0.08176849,0.3661454936285986,0.8699999805539846,14.039999686181545,0.037333302432094984,1.037997100585774,1.075330403017869,1.5232443870205559,0.006518641168156775,8.0
2026-09-13 19:00:00,0.08176849,0.32583485142389,0.8699999805539846,14.039999686181545,0.037333302432094984,1.037997100585774,1.075330403017869,1.4829337448158473,0.006518641168156775,8.0
2026-09-13 19:10:00,0.08176849,0.2823362072470468,0.8699999805539846,14.039999686181545,0.037333302432094984,1.037997100585774,1.075330403017869,1.439435100639004,0.006518641168156775,8.0
2026-09-13 19:20:00,0.08176849,0.23597197333276365,0.8699999805539846,14.039999686181545,0.037333302432094984,1.037997100585774,1.075330403017869,1.393070866724721,0.006518641168156775,8.0
2026-09-13 19:30:00,0.08176849,0.18710219417151186,0.8699999805539846,14.039999686181545,0.037333302432094984,1.037997100585774,1.075330403017869,1.3442010875634691,0.006518641168156775,8.0
2026-09-13 19:40:00,0.08176849,0.13612121575178107,0.8699999805539846,14.039999686181545,0.037333302432094984,1.037997100585774,1.075330403017869,1.2932201091437383,0.006518641168156775,8.0
2026-09-13 19:50:00,0.08176849,0.08345374649546548,0.8699999805539846,14.039999686181545,0.037333302432094984,1.037997100585774,1.075330403017869,1.2405526398874227,0.006518641168156775,8.0
2026-09-13 20:00:00,0.08176849,0.02955038853547661,0.8699999805539846,14.039999686181545,0.037333302432094984,1.037997100585774,1.075330403017869,1.186649281927434,0.006518641168156775,8.0
2026-09-13 20:10:00,0.08176849,-0.02511728504348452,0.8699999805539846,14.039999686181545,0.037333302432094984,1.037997100585774,1.075330403017869,1.1319816083484728,0.006518641168156775,8.0
2026-09-13 20:20:00,0.08176849,-0.08006203598491822,0.8699999805539846,14.039999686181545,0.037333302432094984,1.037997100585774,1.075330403017869,1.077036857407039,0.006518641168156775,8.0
2026-09-13 20:30:00,0.08176849,-0.1347865820667063,0.8699999805539846,14.039999686181545,0.037333302432094984,1.037997100585774,1.075330403017869,1.022312311325251,0.006518641168156775,8.0
2026-09-13 20:40:00,0.08176849,-0.1887894673835374,0.8699999805539846,14.039999686181545,0.037333302432094984,1.037997100585774,1.075330403017869,0.9683094260084198,0.006518641168156775,8.0
2026-09-13 20:50:00,0.08176849,-0.24157111243494359,0.8699999805539846,14.039999686181545,0.037333302432094984,1.037997100585774,1.075330403017869,0.9155277809570137,0.006518641168156775,8.0
2026-09-13 21:00:00,0.08176849,-0.29263996809808585,0.909999979659915,13.649999694898725,0.03712128674854664,1.0321023189708287,1.0692236057193754,0.8583521279953779,0.006518641168156775,8.0
2026-09-13 21:10:00,0.08176849,-0.34151868709426836,0.909999979659915,13.649999694898725,0.03712128674854664,1.0321023189708287,1.0692236057193754,0.8094734089991953,0.006518641168156775,8.0
2026-09-13 21:20:00,0.08176849,-0.38775021383262365,0.909999979659915,13.649999694898725,0.03712128674854664,1.0321023189708287,1.0692236057193754,0.76324188226084,0.006518641168156775,8.0
2026-09-13 21:30:00,0.08176849,-0.43090368042928556,0.909999979659915,13.649999694898725,0.03712128674854664,1.0321023189708287,1.0692236057193754,0.720088415664178,0.006518641168156775,8.0
2026-09-13 21:40:00,0.08176849,-0.4705799852347108,0.909999979659915,13.649999694898725,0.03712128674854664,1.0321023189708287,1.0692236057193754,0.6804121108587529,0.006518641168156775,8.0
2026-09-13 21:50:00,0.08176849,-0.5064169232163163,0.909999979659915,13.649999694898725,0.03712128674854664,1.0321023189708287,1.0692236057193754,0.6445751728771474,0.006518641168156775,8.0
2026-09-13 22:00:00,0.08176849,-0.5380937364207179,0.909999979659915,13.649999694898725,0.03712128674854664,1.0321023189708287,1.0692236057193754,0.6128983596727458,0.006518641168156775,8.0
2026-09-13 22:10:00,0.08176849,-0.5653349599819643,0.909999979659915,13.649999694898725,0.03712128674854664,1.0321023189708287,1.0692236057193754,0.5856571361114994,0.006518641168156775,8.0
2026-09-13 22:20:00,0.08176849,-0.5879134545003493,0.909999979659915,13.649999694898725,0.03712128674854664,1.0321023189708287,1.0692236057193754,0.5630786415931144,0.006518641168156775,8.0
2026-09-13 22:30:00,0.08176849,-0.6056525399848408,0.909999979659915,13.649999694898725,0.03712128674854664,1.0321023189708287,1.0692236057193754,0.5453395561086228,0.006518641168156775,8.0
2026-09-13 22:40:00,0.08176849,-0.6184271780742793,0.909999979659915,13.649999694898725,0.03712128674854664,1.0321023189708287,1.0692236057193754,0.5325649180191844,0.006518641168156775,8.0
2026-09-13 22:50:00,0.08176849,-0.6261641863851021,0.909999979659915,13.649999694898725,0.03712128674854664,1.0321023189708287,1.0692236057193754,0.5248279097083616,0.006518641168156775,8.0
2026-09-13 23:00:00,0.08176849,-0.6288415087708776,0.909999979659915,13.649999694898725,0.03712128674854664,1.0321023189708287,1.0692236057193754,0.522150587322586,0.006518641168156775,8.0
2026-09-13 23:10:00,0.08176849,-0.6264866047456829,0.909999979659915,13.649999694898725,0.03712128674854664,1.0321023189708287,1.0692236057193754,0.5245054913477808,0.006518641168156775,8.0
2026-09-13 23:20:00,0.08176849,-0.6191740573140267,0.909999979659915,13.649999694898725,0.03712128674854664,1.0321023189708287,1.0692236057193754,0.5318180387794369,0.006518641168156775,8.0
2026-09-13 23:30:00,0.08176849,-0.607022527577925,0.909999979659915,13.649999694898725,0.03712128674854664,1.0321023189708287,1.0692236057193754,0.5439695685155387,0.006518641168156775,8.0
2026-09-13 23:40:00,0.08176849,-0.5901912046717153,0.909999979659915,13.649999694898725,0.03712128674854664,1.0321023189708287,1.0692236057193754,0.5608008914217484,0.006518641168156775,8.0
2026-09-13 23:50:00,0.08176849,-0.568875908786536,0.909999979659915,13.649999694898725,0.03712128674854664,1.0321023189708287,1.0692236057193754,0.5821161873069276,0.006518641168156775,8.0
2026-09-14 00:00:00,0.06680753,-0.5433050030155935,0.9399999789893627,13.369999701157212,0.03695430240712123,1.0274595670321793,1.0644138694393006,0.5879163972440768,0.006518641168156775,8.0
2026-09-14 00:10:00,0.06680753,-0.5137352567860868,0.9399999789893627,13.369999701157212,0.03695430240712123,1.0274595670321793,1.0644138694393006,0.6174861434735835,0.006518641168156775,8.0
2026-09-14 00:20:00,0.06680753,-0.4804477814724005,0.9399999789893627,13.369999701157212,0.03695430240712123,1.0274595670321793,1.0644138694393006,0.6507736187872698,0.006518641168156775,8.0
2026-09-14 00:30:00,0.06680753,-0.4437441298513188,0.9399999789893627,13.369999701157212,0.03695430240712123,1.0274595670321793,1.0644138694393006,0.6874772704083516,0.006518641168156775,8.0
2026-09-14 00:40:00,0.06680753,-0.4039426185895269,0.9399999789893627,13.369999701157212,0.03695430240712123,1.0274595670321793,1.0644138694393006,0.7272787816701434,0.006518641168156775,8.0
2026-09-14 00:50:00,0.06680753,-0.3613749003537731,0.9399999789893627,13.369999701157212,0.03695430240712123,1.0274595670321793,1.0644138694393006,0.7698464999058972,0.006518641168156775,8.0
2026-09-14 01:00:00,0.06680753,-0.31638278293463357,0.9399999789893627,13.369999701157212,0.03695430240712123,1.0274595670321793,1.0644138694393006,0.8148386173250368,0.006518641168156775,8.0
2026-09-14 01:10:00,0.06680753,-0.26931526978163634,0.9399999789893627,13.369999701157212,0.03695430240712123,1.0274595670321793,1.0644138694393006,0.861906130478034,0.006518641168156775,8.0
2026-09-14 01:20:00,0.06680753,-0.22052578197024986,0.9399999789893627,13.369999701157212,0.03695430240712123,1.0274595670321793,1.0644138694393006,0.9106956182894205,0.006518641168156775,8.0
2026-09-14 01:30:00,0.06680753,-0.17036951683942786,0.9399999789893627,13.369999701157212,0.03695430240712123,1.0274595670321793,1.0644138694393006,0.9608518834202424,0.006518641168156775,8.0
2026-09-14 01:40:00,0.06680753,-0.1192009035645319,0.9399999789893627,13.369999701157212,0.03695430240712123,1.0274595670321793,1.0644138694393006,1.0120204966951385,0.006518641168156775,8.0
2026-09-14 01:50:00,0.06680753,-0.06737112957164453,0.9399999789893627,13.369999701157212,0.03695430240712123,1.0274595670321793,1.0644138694393006,1.0638502706880257,0.006518641168156775,8.0
2026-09-14 02:00:00,0.06680753,-0.01522573173976262,0.9399999789893627,13.369999701157212,0.03695430240712123,1.0274595670321793,1.0644138694393006,1.1159956685199077,0.006518641168156775,8.0
2026-09-14 02:10:00,0.06680753,0.03689772995572218,0.9399999789893627,13.369999701157212,0.03695430240712123,1.0274595670321793,1.0644138694393006,1.1681191302153926,0.006518641168156775,8.0
2026-09-14 02:20:00,0.06680753,0.08867187509911226,0.9399999789893627,13.369999701157212,0.03695430240712123,1.0274595670321793,1.0644138694393006,1.2198932753587826,0.006518641168156775,8.0
2026-09-14 02:30:00,0.06680753,0.13978152001271452,0.9399999789893627,13.369999701157212,0.03695430240712123,1.0274595670321793,1.0644138694393006,1.271002920272385,0.006518641168156775,8.0
2026-09-14 02:40:00,0.06680753,0.18992543409849272,0.9399999789893627,13.369999701157212,0.03695430240712123,1.0274595670321793,1.0644138694393006,1.3211468343581632,0.006518641168156775,8.0
2026-09-14 02:50:00,0.06680753,0.2388177549784317,0.9399999789893627,13.369999701157212,0.03695430240712123,1.0274595670321793,1.0644138694393006,1.3700391552381022,0.006518641168156775,8.0
2026-09-14 03:00:00,0.06680753,0.28618898803189274,0.9499999787658453,13.179999705404043,0.03662240720759405,1.01823171328326,1.054854120490854,1.4078506393431165,0.006518641168156775,8.0
2026-09-14 03:10:00,0.06680753,0.3317865323613885,0.9499999787658453,13.179999705404043,0.03662240720759405,1.01823171328326,1.054854120490854,1.453448183672612,0.006518641168156775,8.0
2026-09-14 03:20:00,0.06680753,0.3753747017160496,0.9499999787658453,13.179999705404043,0.03662240720759405,1.01823171328326,1.054854120490854,1.4970363530272732,0.006518641168156775,8.0
2026-09-14 03:30:00,0.06680753,0.41673424316895213,0.9499999787658453,13.179999705404043,0.03662240720759405,1.01823171328326,1.054854120490854,1.5383958944801757,0.006518641168156775,8.0
2026-09-14 03:40:00,0.06680753,0.4556613951507827,0.9499999787658453,13.179999705404043,0.03662240720759405,1.01823171328326,1.054854120490854,1.5773230464620063,0.006518641168156775,8.0
2026-09-14 03:50:00,0.06680753,0.49196656639486175,0.9499999787658453,13.179999705404043,0.03662240720759405,1.01823171328326,1.054854120490854,1.6136282177060854,0.006518641168156775,8.0
2026-09-14 04:00:00,0.06680753,0.5254727538849712,0.9499999787658453,13.179999705404043,0.03662240720759405,1.01823171328326,1.054854120490854,1.6471344051961947,0.006518641168156775,8.0
2026-09-14 04:10:00,0.06680753,0.5560138477855986,0.9499999787658453,13.179999705404043,0.03662240720759405,1.01823171328326,1.054854120490854,1.6776754990968223,0.006518641168156775,8.0
2026-09-14 04:20:00,0.06680753,0.5834329904663821,0.9499999787658453,13.179999705404043,0.03662240720759405,1.01823171328326,1.054854120490854,1.7050946417776056,0.006518641168156775,8.0
2026-09-14 04:30:00,0.06680753,0.6075811634826032,0.9499999787658453,13.179999705404043,0.03662240720759405,1.01823171328326,1.054854120490854,1.7292428147938268,0.006518641168156775,8.0
2026-09-14 04:40:00,0.06680753,0.628316168763519,0.9499999787658453,13.179999705404043,0.03662240720759405,1.01823171328326,1.054854120490854,1.7499778200747427,0.006518641168156775,8.0
2026-09-14 04:50:00,0.06680753,0.645502148845993,0.9499999787658453,13.179999705404043,0.03662240720759405,1.01823171328326,1.054854120490854,1.7671638001572165,0.006518641168156775,8.0
2026-09-14 05:00:00,0.06680753,0.6590097569909795,0.9499999787658453,13.179999705404043,0.03662240720759405,1.01823171328326,1.054854120490854,1.780671408302203,0.006518641168156775,8.0
2026-09-14 05:10:00,0.06680753,0.6687170439150282,0.9499999787658453,13.179999705404043,0.03662240720759405,1.01823171328326,1.054854120490854,1.7903786952262517,0.006518641168156775,8.0
2026-09-14 05:20:00,0.06680753,0.6745110774977162,0.9499999787658453,13.179999705404043,0.03662240720759405,1.01823171328326,1.054854120490854,1.7961727288089397,0.006518641168156775,8.0
2026-09-14 05:30:00,0.06680753,0.6762902588848269,0.9499999787658453,13.179999705404043,0.03662240720759405,1.01823171328326,1.054854120490854,1.7979519101960504,0.006518641168156775,8.0
2026-09-14 05:40:00,0.06680753,0.6739672477997825,0.9499999787658453,13.179999705404043,0.03662240720759405,1.01823171328326,1.054854120490854,1.795628899111006,0.006518641168156775,8.0
2026-09-14 05:50:00,0.06680753,0.6674723650208568,0.9499999787658453,13.179999705404043,0.03662240720759405,1.01823171328326,1.054854120490854,1.7891340163320804,0.006518641168156775,8.0
2026-09-14 06:00:00,0.06680753,0.6567573050845447,0.9399999789893627,13.069999707862735,0.036125110879661505,1.0044051264854588,1.0405302373651202,1.7640950732700347,0.006518641168156775,8.0
2026-09-14 06:10:00,0.06680753,0.6417989692001332,0.9399999789893627,13.069999707862735,0.036125110879661505,1.0044051264854588,1.0405302373651202,1.7491367373856233,0.006518641168156775,8.0
2026-09-14 06:20:00,0.06680753,0.6226032190258829,0.9399999789893627,13.069999707862735,0.036125110879661505,1.0044051264854588,1.0405302373651202,1.7299409872113727,0.006518641168156775,8.0
2026-09-14 06:30:00,0.06680753,0.5992083561305434,0.9399999789893627,13.069999707862735,0.036125110879661505,1.0044051264854588,1.0405302373651202,1.7065461243160334,0.006518641168156775,8.0
2026-09-14 06:40:00,0.06680753,0.571688148710062,0.9399999789893627,13.069999707862735,0.036125110879661505,1.0044051264854588,1.0405302373651202,1.679025916895552,0.006518641168156775,8.0
2026-09-14 06:50:00,0.06680753,0.5401542542569827,0.9399999789893627,13.069999707862735,0.036125110879661505,1.0044051264854588,1.0405302373651202,1.6474920224424725,0.006518641168156775,8.0
2026-09-14 07:00:00,0.06680753,0.5047579214218842,0.9399999789893627,13.069999707862735,0.036125110879661505,1.0044051264854588,1.0405302373651202,1.6120956896073741,0.006518641168156775,8.0
2026-09-14 07:10:00,0.06680753,0.46569089288039495,0.9399999789893627,13.069999707862735,0.036125110879661505,1.0044051264854588,1.0405302373651202,1.5730286610658848,0.006518641168156775,8.0
2026-09-14 07:20:00,0.06680753,0.42318547015767516,0.9399999789893627,13.069999707862735,0.036125110879661505,1.0044051264854588,1.0405302373651202,1.530523238343165,0.006518641168156775,8.0
2026-09-14 07:30:00,0.06680753,0.37751373780362335,0.9399999789893627,13.069999707862735,0.036125110879661505,1.0044051264854588,1.0405302373651202,1.4848515059891132,0.006518641168156775,8.0
2026-09-14 07:40:00,0.06680753,0.328985975601993,0.9399999789893627,13.069999707862735,0.036125110879661505,1.0044051264854588,1.0405302373651202,1.436323743787483,0.006518641168156775,8.0
2026-09-14 07:50:00,0.06680753,0.27794831172895035,0.9399999789893627,13.069999707862735,0.036125110879661505,1.0044051264854588,1.0405302373651202,1.3852860799144402,0.006518641168156775,8.0
2026-09-14 08:00:00,0.06680753,0.2247796862785885,0.9399999789893627,13.069999707862735,0.036125110879661505,1.0044051264854588,1.0405302373651202,1.3321174544640784,0.006518641168156775,8.0
2026-09-14 08:10:00,0.06680753,0.16988820357596982,0.9399999789893627,13.069999707862735,0.036125110879661505,1.0044051264854588,1.0405302373651202,1.2772259717614598,0.006518641168156775,8.0
2026-09-14 08:20:00,0.06680753,0.1137069540929933,0.9399999789893627,13.069999707862735,0.036125110879661505,1.0044051264854588,1.0405302373651202,1.2210447222784833,0.006518641168156775,8.0
2026-09-14 08:30:00,0.06680753,0.05668938471058767,0.9399999789893627,13.069999707862735,0.036125110879661505,1.0044051264854588,1.0405302373651202,1.1640271528960775,0.006518641168156775,8.0
2026-09-14 08:40:00,0.06680753,-0.0006957088776707232,0.9399999789893627,13.069999707862735,0.036125110879661505,1.0044051264854588,1.0405302373651202,1.1066420593078192,0.006518641168156775,8.0
2026-09-14 08:50:00,0.06680753,-0.05796949865455097,0.9399999789893627,13.069999707862735,0.036125110879661505,1.0044051264854588,1.0405302373651202,1.049368269530939,0.006518641168156775,8.0
2026-09-14 09:00:00,0.06680753,-0.1146486842670131,0.9399999789893627,12.889999711886048,0.03562759596318568,0.9905724621574264,1.026200058120612,0.9783589046739687,0.006518641168156775,8.0
2026-09-14 09:10:00,0.06680753,-0.17025123100356812,0.9399999789893627,12.889999711886048,0.03562759596318568,0.9905724621574264,1.026200058120612,0.9227563579374137,0.006518641168156775,8.0
2026-09-14 09:20:00,0.06680753,-0.22430221651583807,0.9399999789893627,12.889999711886048,0.03562759596318568,0.9905724621574264,1.026200058120612,0.8687053724251438,0.006518641168156775,8.0
2026-09-14 09:30:00,0.06680753,-0.2763397090340154,0.9399999789893627,12.889999711886048,0.03562759596318568,0.9905724621574264,1.026200058120612,0.8166678799069664,0.006518641168156775,8.0
2026-09-14 09:40:00,0.06680753,-0.3259205887928105,0.9399999789893627,12.889999711886048,0.03562759596318568,0.9905724621574264,1.026200058120612,0.7670870001481713,0.006518641168156775,8.0
2026-09-14 09:50:00,0.06680753,-0.3726262118775007,0.9399999789893627,12.889999711886048,0.03562759596318568,0.9905724621574264,1.026200058120612,0.720381377063481,0.006518641168156775,8.0
2026-09-14 10:00:00,0.06680753,-0.4160678034243267,0.9399999789893627,12.889999711886048,0.03562759596318568,0.9905724621574264,1.026200058120612,0.6769397855166551,0.006518641168156775,8.0
2026-09-14 10:10:00,0.06680753,-0.45589145813332976,0.9399999789893627,12.889999711886048,0.03562759596318568,0.9905724621574264,1.026200058120612,0.6371161308076521,0.006518641168156775,8.0
2026-09-14 10:20:00,0.06680753,-0.49178262164681763,0.9399999789893627,12.889999711886048,0.03562759596318568,0.9905724621574264,1.026200058120612,0.6012249672941642,0.006518641168156775,8.0
2026-09-14 10:30:00,0.06680753,-0.5234699294784073,0.9399999789893627,12.889999711886048,0.03562759596318568,0.9905724621574264,1.026200058120612,0.5695376594625745,0.006518641168156775,8.0
2026-09-14 10:40:00,0.06680753,-0.5507282910278701,0.9399999789893627,12.889999711886048,0.03562759596318568,0.9905724621574264,1.026200058120612,0.5422792979131117,0.006518641168156775,8.0
2026-09-14 10:50:00,0.06680753,-0.5733811260631397,0.9399999789893627,12.889999711886048,0.03562759596318568,0.9905724621574264,1.026200058120612,0.5196264628778421,0.006518641168156775,8.0
2026-09-14 11:00:00,0.06680753,-0.5913016886306091,0.9399999789893627,12.889999711886048,0.03562759596318568,0.9905724621574264,1.026200058120612,0.5017059003103728,0.006518641168156775,8.0
2026-09-14 11:10:00,0.06680753,-0.6044134475990852,0.9399999789893627,12.889999711886048,0.03562759596318568,0.9905724621574264,1.026200058120612,0.4885941413418966,0.006518641168156775,8.0
2026-09-14 11:20:00,0.06680753,-0.6126895313980111,0.9399999789893627,12.889999711886048,0.03562759596318568,0.9905724621574264,1.026200058120612,0.48031805754297074,0.006518641168156775,8.0
2026-09-14 11:30:00,0.06680753,-0.6161512840104899,0.9399999789893627,12.889999711886048,0.03562759596318568,0.9905724621574264,1.026200058120612,0.4768563049304919,0.006518641168156775,8.0
2026-09-14 11:40:00,0.06680753,-0.6148660169386717,0.9399999789893627,12.889999711886048,0.03562759596318568,0.9905724621574264,1.026200058120612,0.4781415720023101,0.006518641168156775,8.0
2026-09-14 11:50:00,0.06680753,-0.6089440740958753,0.9399999789893627,12.889999711886048,0.03562759596318568,0.9905724621574264,1.026200058120612,0.48406351484510657,0.006518641168156775,8.0
2026-09-14 12:00:00,0.06680753,-0.598535351022817,0.9399999789893627,12.709999715909362,0.03513008104670986,0.9767397978293941,1.011869878876104,0.4801420586736568,0.006518641168156775,8.0
2026-09-14 12:10:00,0.06680753,-0.5838254240279883,0.9399999789893627,12.709999715909362,0.03513008104670986,0.9767397978293941,1.011869878876104,0.49485198566848543,0.006518641168156775,8.0
2026-09-14 12:20:00,0.06680753,-0.5650314479447736,0.9399999789893627,12.709999715909362,0.03513008104670986,0.9767397978293941,1.011869878876104,0.5136459617517002,0.006518641168156775,8.0
2026-09-14 12:30:00,0.06680753,-0.5423979729767014,0.9399999789893627,12.709999715909362,0.03513008104670986,0.9767397978293941,1.011869878876104,0.5362794367197723,0.006518641168156775,8.0
2026-09-14 12:40:00,0.06680753,-0.516192812729942,0.9399999789893627,12.709999715909362,0.03513008104670986,0.9767397978293941,1.011869878876104,0.5624845969665317,0.006518641168156775,8.0
2026-09-14 12:50:00,0.06680753,-0.4867030690173113,0.9399999789893627,12.709999715909362,0.03513008104670986,0.9767397978293941,1.011869878876104,0.5919743406791624,0.006518641168156775,8.0
2026-09-14 13:00:00,0.06680753,-0.4542313873726673,0.9399999789893627,12.709999715909362,0.03513008104670986,0.9767397978293941,1.011869878876104,0.6244460223238064,0.006518641168156775,8.0
2026-09-14 13:10:00,0.06680753,-0.41909248359505336,0.9399999789893627,12.709999715909362,0.03513008104670986,0.9767397978293941,1.011869878876104,0.6595849261014204,0.006518641168156775,8.0
2026-09-14 13:20:00,0.06680753,-0.3816099498959062,0.9399999789893627,12.709999715909362,0.03513008104670986,0.9767397978293941,1.011869878876104,0.6970674598005675,0.006518641168156775,8.0
2026-09-14 13:30:00,0.06680753,-0.3421133221719121,0.9399999789893627,12.709999715909362,0.03513008104670986,0.9767397978293941,1.011869878876104,0.7365640875245616,0.006518641168156775,8.0
2026-09-14 13:40:00,0.06680753,-0.3009353707232721,0.9399999789893627,12.709999715909362,0.03513008104670986,0.9767397978293941,1.011869878876104,0.7777420389732017,0.006518641168156775,8.0
2026-09-14 13:50:00,0.06680753,-0.2584095666279605,0.9399999789893627,12.709999715909362,0.03513008104670986,0.9767397978293941,1.011869878876104,0.8202678430685133,0.006518641168156775,8.0
2026-09-14 14:00:00,0.06680753,-0.2148676760611215,0.9399999789893627,12.709999715909362,0.03513008104670986,0.9767397978293941,1.011869878876104,0.8638097336353523,0.006518641168156775,8.0
2026-09-14 14:10:00,0.06680753,-0.17063744427804076,0.9399999789893627,12.709999715909362,0.03513008104670986,0.9767397978293941,1.011869878876104,0.908039965418433,0.006518641168156775,8.0
2026-09-14 14:20:00,0.06680753,-0.12604034822652524,0.9399999789893627,12.709999715909362,0.03513008104670986,0.9767397978293941,1.011869878876104,0.9526370614699485,0.006518641168156775,8.0
2026-09-14 14:30:00,0.06680753,-0.08138941943903398,0.9399999789893627,12.709999715909362,0.03513008104670986,0.9767397978293941,1.011869878876104,0.9972879902574397,0.006518641168156775,8.0
2026-09-14 14:40:00,0.06680753,-0.036987163212634316,0.9399999789893627,12.709999715909362,0.03513008104670986,0.9767397978293941,1.011869878876104,1.0416902464838393,0.006518641168156775,8.0
2026-09-14 14:50:00,0.06680753,0.006876376611766963,0.9399999789893627,12.709999715909362,0.03513008104670986,0.9767397978293941,1.011869878876104,1.0855537863082407,0.006518641168156775,8.0
2026-09-14 15:00:00,0.06680753,0.04992534000022144,0.9899999778717756,12.519999720156193,0.035513346647584515,0.9873959293941215,1.022909276041706,1.1396421468622973,0.006518641168156775,8.0
2026-09-14 15:10:00,0.06680753,0.09189948237231949,0.9899999778717756,12.519999720156193,0.035513346647584515,0.9873959293941215,1.022909276041706,1.181616289234395,0.006518641168156775,8.0
2026-09-14 15:20:00,0.06680753,0.13255523736574798,0.9899999778717756,12.519999720156193,0.035513346647584515,0.9873959293941215,1.022909276041706,1.2222720442278237,0.006518641168156775,8.0
2026-09-14 15:30:00,0.06680753,0.17166634273018783,0.9899999778717756,12.519999720156193,0.035513346647584515,0.9873959293941215,1.022909276041706,1.2613831495922636,0.006518641168156775,8.0
2026-09-14 15:40:00,0.06680753,0.20902398229862335,0.9899999778717756,12.519999720156193,0.035513346647584515,0.9873959293941215,1.022909276041706,1.298740789160699,0.006518641168156775,8.0
2026-09-14 15:50:00,0.06680753,0.24443642696013207,0.9899999778717756,12.519999720156193,0.035513346647584515,0.9873959293941215,1.022909276041706,1.3341532338222077,0.006518641168156775,8.0
2026-09-14 16:00:00,0.06680753,0.2777281938078801,0.9899999778717756,12.519999720156193,0.035513346647584515,0.9873959293941215,1.022909276041706,1.367445000669956,0.006518641168156775,8.0
2026-09-14 16:10:00,0.06680753,0.30873878232091995,0.9899999778717756,12.519999720156193,0.035513346647584515,0.9873959293941215,1.022909276041706,1.3984555891829957,0.006518641168156775,8.0
2026-09-14 16:20:00,0.06680753,0.33732108468813493,0.9899999778717756,12.519999720156193,0.035513346647584515,0.9873959293941215,1.022909276041706,1.4270378915502107,0.006518641168156775,8.0
2026-09-14 16:30:00,0.06680753,0.3633396013100677,0.9899999778717756,12.519999720156193,0.035513346647584515,0.9873959293941215,1.022909276041706,1.4530564081721433,0.006518641168156775,8.0
2026-09-14 16:40:00,0.06680753,0.3866686173175608,0.9899999778717756,12.519999720156193,0.035513346647584515,0.9873959293941215,1.022909276041706,1.4763854241796366,0.006518641168156775,8.0
2026-09-14 16:50:00,0.06680753,0.40719050967902365,0.9899999778717756,12.519999720156193,0.035513346647584515,0.9873959293941215,1.022909276041706,1.4969073165410993,0.006518641168156775,8.0
2026-09-14 17:00:00,0.06680753,0.42479435445097,0.9899999778717756,12.519999720156193,0.035513346647584515,0.9873959293941215,1.022909276041706,1.5145111613130458,0.006518641168156775,8.0
2026-09-14 17:10:00,0.06680753,0.4393749898807286,0.9899999778717756,12.519999720156193,0.035513346647584515,0.9873959293941215,1.022909276041706,1.5290917967428044,0.006518641168156775,8.0
2026-09-14 17:20:00,0.06680753,0.4508326637163955,0.9899999778717756,12.519999720156193,0.035513346647584515,0.9873959293941215,1.022909276041706,1.5405494705784712,0.006518641168156775,8.0
2026-09-14 17:30:00,0.06680753,0.4590733544012012,0.9899999778717756,12.519999720156193,0.035513346647584515,0.9873959293941215,1.022909276041706,1.5487901612632768,0.006518641168156775,8.0
2026-09-14 17:40:00,0.06680753,0.46400980886296767,0.9899999778717756,12.519999720156193,0.035513346647584515,0.9873959293941215,1.022909276041706,1.5537266157250433,0.006518641168156775,8.0
2026-09-14 17:50:00,0.06680753,0.46556328806694774,0.9899999778717756,12.519999720156193,0.035513346647584515,0.9873959293941215,1.022909276041706,1.5552800949290235,0.006518641168156775,8.0
2026-09-14 18:00:00,0.06680753,0.4636659599156765,1.0099999774247408,12.27999972552061,0.03518266459259843,0.9782018053298058,1.0133844699224042,1.5438579606584504,0.006518641168156775,8.0
2026-09-14 18:10:00,0.06680753,0.45826383134571075,1.0099999774247408,12.27999972552061,0.03518266459259843,0.9782018053298058,1.0133844699224042,1.5384558320884847,0.006518641168156775,8.0
2026-09-14 18:20:00,0.06680753,0.4493200718137387,1.0099999774247408,12.27999972552061,0.03518266459259843,0.9782018053298058,1.0133844699224042,1.5295120725565126,0.006518641168156775,8.0
2026-09-14 18:30:00,0.06680753,0.4368185514505875,1.0099999774247408,12.27999972552061,0.03518266459259843,0.9782018053298058,1.0133844699224042,1.5170105521933615,0.006518641168156775,8.0
2026-09-14 18:40:00,0.06680753,0.4207674012748095,1.0099999774247408,12.27999972552061,0.03518266459259843,0.9782018053298058,1.0133844699224042,1.5009594020175834,0.006518641168156775,8.0
2026-09-14 18:50:00,0.06680753,0.401202400550244,1.0099999774247408,12.27999972552061,0.03518266459259843,0.9782018053298058,1.0133844699224042,1.4813944012930178,0.006518641168156775,8.0
2026-09-14 19:00:00,0.06680753,0.37819000726185864,1.0099999774247408,12.27999972552061,0.03518266459259843,0.9782018053298058,1.0133844699224042,1.4583820080046326,0.006518641168156775,8.0
2026-09-14 19:10:00,0.06680753,0.35182987010092637,1.0099999774247408,12.27999972552061,0.03518266459259843,0.9782018053298058,1.0133844699224042,1.4320218708437003,0.006518641168156775,8.0
2026-09-14 19:20:00,0.06680753,0.3222566916562108,1.0099999774247408,12.27999972552061,0.03518266459259843,0.9782018053298058,1.0133844699224042,1.4024486923989847,0.006518641168156775,8.0
2026-09-14 19:30:00,0.06680753,0.2896413495521405,1.0099999774247408,12.27999972552061,0.03518266459259843,0.9782018053298058,1.0133844699224042,1.3698333502949143,0.006518641168156775,8.0
2026-09-14 19:40:00,0.06680753,0.25419122152202533,1.0099999774247408,12.27999972552061,0.03518266459259843,0.9782018053298058,1.0133844699224042,1.3343832222647993,0.006518641168156775,8.0
2026-09-14 19:50:00,0.06680753,0.21614969844766993,1.0099999774247408,12.27999972552061,0.03518266459259843,0.9782018053298058,1.0133844699224042,1.2963416991904437,0.006518641168156775,8.0
2026-09-14 20:00:00,0.06680753,0.17579490336750983,1.0099999774247408,12.27999972552061,0.03518266459259843,0.9782018053298058,1.0133844699224042,1.2559869041102838,0.006518641168156775,8.0
2026-09-14 20:10:00,0.06680753,0.13343766203797847,1.0099999774247408,12.27999972552061,0.03518266459259843,0.9782018053298058,1.0133844699224042,1.2136296627807523,0.006518641168156775,8.0
2026-09-14 20:20:00,0.06680753,0.08941879065532543,1.0099999774247408,12.27999972552061,0.03518266459259843,0.9782018053298058,1.0133844699224042,1.1696107913980993,0.006518641168156775,8.0
2026-09-14 20:30:00,0.06680753,0.0441057784617474,1.0099999774247408,12.27999972552061,0.03518266459259843,0.9782018053298058,1.0133844699224042,1.1242977792045212,0.006518641168156775,8.0
2026-09-14 20:40:00,0.06680753,-0.0021110522583804242,1.0099999774247408,12.27999972552061,0.03518266459259843,0.9782018053298058,1.0133844699224042,1.0780809484843934,0.006518641168156775,8.0
2026-09-14 20:50:00,0.06680753,-0.048822827065830667,1.0099999774247408,12.27999972552061,0.03518266459259843,0.9782018053298058,1.0133844699224042,1.0313691736769433,0.006518641168156775,8.0
2026-09-14 21:00:00,0.06680753,-0.09560676430051278,1.0199999772012234,16.389999633654952,0.047189862707950635,1.31204413959863,1.3592340023065805,1.3304347688264375,0.006518641168156775,8.0
2026-09-14 21:10:00,0.06680753,-0.1420311132199231,1.0199999772012234,16.389999633654952,0.047189862707950635,1.31204413959863,1.3592340023065805,1.2840104199070272,0.006518641168156775,8.0
2026-09-14 21:20:00,0.06680753,-0.1876603201727744,1.0199999772012234,16.389999633654952,0.047189862707950635,1.31204413959863,1.3592340023065805,1.2383812129541758,0.006518641168156775,8.0
2026-09-14 21:30:00,0.06680753,-0.23206036047497125,1.0199999772012234,16.389999633654952,0.047189862707950635,1.31204413959863,1.3592340023065805,1.193981172651979,0.006518641168156775,8.0
2026-09-14 21:40:00,0.06680753,-0.27480417298527093,1.0199999772012234,16.389999633654952,0.047189862707950635,1.31204413959863,1.3592340023065805,1.1512373601416792,0.006518641168156775,8.0
2026-09-14 21:50:00,0.06680753,-0.3154771293604571,1.0199999772012234,16.389999633654952,0.047189862707950635,1.31204413959863,1.3592340023065805,1.1105644037664932,0.006518641168156775,8.0
2026-09-14 22:00:00,0.06680753,-0.35368246125250813,1.0199999772012234,16.389999633654952,0.047189862707950635,1.31204413959863,1.3592340023065805,1.072359071874442,0.006518641168156775,8.0
2026-09-14 22:10:00,0.06680753,-0.38904655746610417,1.0199999772012234,16.389999633654952,0.047189862707950635,1.31204413959863,1.3592340023065805,1.036994975660846,0.006518641168156775,8.0
2026-09-14 22:20:00,0.06680753,-0.42122403090071536,1.0199999772012234,16.389999633654952,0.047189862707950635,1.31204413959863,1.3592340023065805,1.004817502226235,0.006518641168156775,8.0
2026-09-14 22:30:00,0.06680753,-0.44990244471276464,1.0199999772012234,16.389999633654952,0.047189862707950635,1.31204413959863,1.3592340023065805,0.9761390884141856,0.006518641168156775,8.0
2026-09-14 22:40:00,0.06680753,-0.4748065801051927,1.0199999772012234,16.389999633654952,0.047189862707950635,1.31204413959863,1.3592340023065805,0.9512349530217575,0.006518641168156775,8.0
2026-09-14 22:50:00,0.06680753,-0.49570212746359005,1.0199999772012234,16.389999633654952,0.047189862707950635,1.31204413959863,1.3592340023065805,0.9303394056633603,0.006518641168156775,8.0
2026-09-14 23:00:00,0.06680753,-0.5123986889940025,1.0199999772012234,16.389999633654952,0.047189862707950635,1.31204413959863,1.3592340023065805,0.9136428441329477,0.006518641168156775,8.0
2026-09-14 23:10:00,0.06680753,-0.5247519960908494,1.0199999772012234,16.389999633654952,0.047189862707950635,1.31204413959863,1.3592340023065805,0.9012895370361008,0.006518641168156775,8.0
2026-09-14 23:20:00,0.06680753,-0.5326652677691882,1.0199999772012234,16.389999633654952,0.047189862707950635,1.31204413959863,1.3592340023065805,0.893376265357762,0.006518641168156775,8.0
2026-09-14 23:30:00,0.06680753,-0.5360896670240486,1.0199999772012234,16.389999633654952,0.047189862707950635,1.31204413959863,1.3592340023065805,0.8899518661029017,0.006518641168156775,8.0
2026-09-14 23:40:00,0.06680753,-0.5350238477934225,1.0199999772012234,16.389999633654952,0.047189862707950635,1.31204413959863,1.3592340023065805,0.8910176853335278,0.006518641168156775,8.0
2026-09-14 23:50:00,0.06680753,-0.5295126236273837,1.0199999772012234,16.389999633654952,0.047189862707950635,1.31204413959863,1.3592340023065805,0.8965289094995665,0.006518641168156775,8.0
2026-09-15 00:00:00,0.07899469,-0.5196448273724901,1.0399999767541885,16.02999964170158,0.04660364295993988,1.295745168998639,1.342348811958579,0.9016986759580066,0.006518641168156775,8.0
2026-09-15 00:10:00,0.07899469,-0.5055504655192831,1.0399999767541885,16.02999964170158,0.04660364295993988,1.295745168998639,1.342348811958579,0.9157930378112136,0.006518641168156775,8.0
2026-09-15 00:20:00,0.07899469,-0.4873972987700079,1.0399999767541885,16.02999964170158,0.04660364295993988,1.295745168998639,1.342348811958579,0.9339462045604887,0.006518641168156775,8.0
2026-09-15 00:30:00,0.07899469,-0.465386999011794,1.0399999767541885,16.02999964170158,0.04660364295993988,1.295745168998639,1.342348811958579,0.9559565043187026,0.006518641168156775,8.0
2026-09-15 00:40:00,0.07899469,-0.4397510408739385,1.0399999767541885,16.02999964170158,0.04660364295993988,1.295745168998639,1.342348811958579,0.9815924624565582,0.006518641168156775,8.0
2026-09-15 00:50:00,0.07899469,-0.41074648264431185,1.0399999767541885,16.02999964170158,0.04660364295993988,1.295745168998639,1.342348811958579,1.0105970206861847,0.006518641168156775,8.0
2026-09-15 01:00:00,0.07899469,-0.37865177713317655,1.0399999767541885,16.02999964170158,0.04660364295993988,1.295745168998639,1.342348811958579,1.04269172619732,0.006518641168156775,8.0
2026-09-15 01:10:00,0.07899469,-0.3437627296539892,1.0399999767541885,16.02999964170158,0.04660364295993988,1.295745168998639,1.342348811958579,1.0775807736765075,0.006518641168156775,8.0
2026-09-15 01:20:00,0.07899469,-0.30638869019483905,1.0399999767541885,16.02999964170158,0.04660364295993988,1.295745168998639,1.342348811958579,1.1149548131356575,0.006518641168156775,8.0
2026-09-15 01:30:00,0.07899469,-0.26684903320981757,1.0399999767541885,16.02999964170158,0.04660364295993988,1.295745168998639,1.342348811958579,1.154494470120679,0.006518641168156775,8.0
2026-09-15 01:40:00,0.07899469,-0.22546994487519464,1.0399999767541885,16.02999964170158,0.04660364295993988,1.295745168998639,1.342348811958579,1.195873558455302,0.006518641168156775,8.0
2026-09-15 01:50:00,0.07899469,-0.18258150741589782,1.0399999767541885,16.02999964170158,0.04660364295993988,1.295745168998639,1.342348811958579,1.2387619959145988,0.006518641168156775,8.0
2026-09-15 02:00:00,0.07899469,-0.138515046446108,1.0399999767541885,16.02999964170158,0.04660364295993988,1.295745168998639,1.342348811958579,1.2828284568843886,0.006518641168156775,8.0
2026-09-15 02:10:00,0.07899469,-0.09360069219504685,1.0399999767541885,16.02999964170158,0.04660364295993988,1.295745168998639,1.342348811958579,1.3277428111354497,0.006518641168156775,8.0
2026-09-15 02:20:00,0.07899469,-0.04816510047126458,1.0399999767541885,16.02999964170158,0.04660364295993988,1.295745168998639,1.342348811958579,1.373178402859232,0.006518641168156775,8.0
2026-09-15 02:30:00,0.07899469,-0.002529284195221141,1.0399999767541885,16.02999964170158,0.04660364295993988,1.295745168998639,1.342348811958579,1.4188142191352755,0.006518641168156775,8.0
2026-09-15 02:40:00,0.07899469,0.04299347977286847,1.0399999767541885,16.02999964170158,0.04660364295993988,1.295745168998639,1.342348811958579,1.464336983103365,0.006518641168156775,8.0
2026-09-15 02:50:00,0.07899469,0.08809968293378577,1.0399999767541885,16.02999964170158,0.04660364295993988,1.295745168998639,1.342348811958579,1.5094431862642823,0.006518641168156775,8.0
2026-09-15 03:00:00,0.07899469,0.132497546502877,1.0599999763071537,16.739999625831842,0.049133540579161944,1.3660852199038005,1.4152187604829625,1.6267109983577572,0.006518641168156775,8.0
2026-09-15 03:10:00,0.07899469,0.17590887651755072,1.0599999763071537,16.739999625831842,0.049133540579161944,1.3660852199038005,1.4152187604829625,1.670122328372431,0.006518641168156775,8.0
2026-09-15 03:20:00,0.07899469,0.2180707555792753,1.0599999763071537,16.739999625831842,0.049133540579161944,1.3660852199038005,1.4152187604829625,1.7122842074341555,0.006518641168156775,8.0
2026-09-15 03:30:00,0.07899469,0.2587369983856867,1.0599999763071537,16.739999625831842,0.049133540579161944,1.3660852199038005,1.4152187604829625,1.7529504502405668,0.006518641168156775,8.0
2026-09-15 03:40:00,0.07899469,0.2976792915877248,1.0599999763071537,16.739999625831842,0.049133540579161944,1.3660852199038005,1.4152187604829625,1.791892743442605,0.006518641168156775,8.0
2026-09-15 03:50:00,0.07899469,0.33468794226086024,1.0599999763071537,16.739999625831842,0.049133540579161944,1.3660852199038005,1.4152187604829625,1.8289013941157404,0.006518641168156775,8.0
2026-09-15 04:00:00,0.07899469,0.36957217400460535,1.0599999763071537,16.739999625831842,0.049133540579161944,1.3660852199038005,1.4152187604829625,1.8637856258594856,0.006518641168156775,8.0
2026-09-15 04:10:00,0.07899469,0.40215993452379706,1.0599999763071537,16.739999625831842,0.049133540579161944,1.3660852199038005,1.4152187604829625,1.8963733863786771,0.006518641168156775,8.0
2026-09-15 04:20:00,0.07899469,0.4322972113358224,1.0599999763071537,16.739999625831842,0.049133540579161944,1.3660852199038005,1.4152187604829625,1.9265106631907025,0.006518641168156775,8.0
2026-09-15 04:30:00,0.07899469,0.4598468902262093,1.0599999763071537,16.739999625831842,0.049133540579161944,1.3660852199038005,1.4152187604829625,1.9540603420810894,0.006518641168156775,8.0
2026-09-15 04:40:00,0.07899469,0.4846872302510793,1.0599999763071537,16.739999625831842,0.049133540579161944,1.3660852199038005,1.4152187604829625,1.9789006821059596,0.006518641168156775,8.0
2026-09-15 04:50:00,0.07899469,0.5067100657081882,1.0599999763071537,16.739999625831842,0.049133540579161944,1.3660852199038005,1.4152187604829625,2.000923517563068,0.006518641168156775,8.0
2026-09-15 05:00:00,0.07899469,0.525818875457493,1.0599999763071537,16.739999625831842,0.049133540579161944,1.3660852199038005,1.4152187604829625,2.0200323273123733,0.006518641168156775,8.0
2026-09-15 05:10:00,0.07899469,0.5419268801020003,1.0599999763071537,16.739999625831842,0.049133540579161944,1.3660852199038005,1.4152187604829625,2.0361403319568803,0.006518641168156775,8.0
2026-09-15 05:20:00,0.07899469,0.5549553351529263,1.0599999763071537,16.739999625831842,0.049133540579161944,1.3660852199038005,1.4152187604829625,2.0491687870078064,0.006518641168156775,8.0
2026-09-15 05:30:00,0.07899469,0.5648321822222387,1.0599999763071537,16.739999625831842,0.049133540579161944,1.3660852199038005,1.4152187604829625,2.059045634077119,0.006518641168156775,8.0
2026-09-15 05:40:00,0.07899469,0.5714912004775293,1.0599999763071537,16.739999625831842,0.049133540579161944,1.3660852199038005,1.4152187604829625,2.0657046523324096,0.006518641168156775,8.0
2026-09-15 05:50:00,0.07899469,0.5748717682274894,1.0599999763071537,16.739999625831842,0.049133540579161944,1.3660852199038005,1.4152187604829625,2.0690852200823695,0.006518641168156775,8.0
2026-09-15 06:00:00,0.07899469,0.5749193023152293,1.0799999758601189,16.319999635219574,0.0483505820499276,1.344316219298982,1.3926668013489096,2.0465807950360566,0.006518641168156775,8.0
2026-09-15 06:10:00,0.07899469,0.5715863941779533,1.0799999758601189,16.319999635219574,0.0483505820499276,1.344316219298982,1.3926668013489096,2.0432478868987807,0.006518641168156775,8.0
2026-09-15 06:20:00,0.07899469,0.5648346103196941,1.0799999758601189,16.319999635219574,0.0483505820499276,1.344316219298982,1.3926668013489096,2.0364961030405215,0.006518641168156775,8.0
2026-09-15 06:30:00,0.07899469,0.5546368755607525,1.0799999758601189,16.319999635219574,0.0483505820499276,1.344316219298982,1.3926668013489096,2.02629836828158,0.006518641168156775,8.0
2026-09-15 06:40:00,0.07899469,0.5409803140872631,1.0799999758601189,16.319999635219574,0.0483505820499276,1.344316219298982,1.3926668013489096,2.0126418068080905,0.006518641168156775,8.0
2026-09-15 06:50:00,0.07899469,0.523869389283232,1.0799999758601189,16.319999635219574,0.0483505820499276,1.344316219298982,1.3926668013489096,1.9955308820040594,0.006518641168156775,8.0
2026-09-15 07:00:00,0.07899469,0.5033291612585147,1.0799999758601189,16.319999635219574,0.0483505820499276,1.344316219298982,1.3926668013489096,1.974990653979342,0.006518641168156775,8.0
2026-09-15 07:10:00,0.07899469,0.4794084722311789,1.0799999758601189,16.319999635219574,0.0483505820499276,1.344316219298982,1.3926668013489096,1.9510699649520062,0.006518641168156775,8.0
2026-09-15 07:20:00,0.07899469,0.4521828745799048,1.0799999758601189,16.319999635219574,0.0483505820499276,1.344316219298982,1.3926668013489096,1.9238443673007322,0.006518641168156775,8.0
2026-09-15 07:30:00,0.07899469,0.4217571334306963,1.0799999758601189,16.319999635219574,0.0483505820499276,1.344316219298982,1.3926668013489096,1.8934186261515236,0.006518641168156775,8.0
2026-09-15 07:40:00,0.07899469,0.38826716288223495,1.0799999758601189,16.319999635219574,0.0483505820499276,1.344316219298982,1.3926668013489096,1.8599286556030623,0.006518641168156775,8.0
2026-09-15 07:50:00,0.07899469,0.3518812894917167,1.0799999758601189,16.319999635219574,0.0483505820499276,1.344316219298982,1.3926668013489096,1.823542782212544,0.006518641168156775,8.0
2026-09-15 08:00:00,0.07899469,0.31280077501759385,1.0799999758601189,16.319999635219574,0.0483505820499276,1.344316219298982,1.3926668013489096,1.7844622677384212,0.006518641168156775,8.0
2026-09-15 08:10:00,0.07899469,0.2712595691571066,1.0799999758601189,16.319999635219574,0.0483505820499276,1.344316219298982,1.3926668013489096,1.7429210618779338,0.006518641168156775,8.0
2026-09-15 08:20:00,0.07899469,0.2275232989203585,1.0799999758601189,16.319999635219574,0.0483505820499276,1.344316219298982,1.3926668013489096,1.6991847916411857,0.006518641168156775,8.0
2026-09-15 08:30:00,0.07899469,0.1818875317354439,1.0799999758601189,16.319999635219574,0.0483505820499276,1.344316219298982,1.3926668013489096,1.6535490244562712,0.006518641168156775,8.0
2026-09-15 08:40:00,0.07899469,0.13467537258753956,1.0799999758601189,16.319999635219574,0.0483505820499276,1.344316219298982,1.3926668013489096,1.606336865308367,0.006518641168156775,8.0
2026-09-15 08:50:00,0.07899469,0.08623447073286986,1.0799999758601189,16.319999635219574,0.0483505820499276,1.344316219298982,1.3926668013489096,1.5578959634536973,0.006518641168156775,8.0
2026-09-15 09:00:00,0.07899469,0.0369335188795213,1.0799999758601189,16.06999964080751,0.04760991749646671,1.3237231399592306,1.3713330574556974,1.4872612677071364,0.006518641168156775,8.0
2026-09-15 09:10:00,0.07899469,-0.012841671547166365,1.0799999758601189,16.06999964080751,0.04760991749646671,1.3237231399592306,1.3713330574556974,1.4374860772804487,0.006518641168156775,8.0
2026-09-15 09:20:00,0.07899469,-0.06269243976450169,1.0799999758601189,16.06999964080751,0.04760991749646671,1.3237231399592306,1.3713330574556974,1.3876353090631135,0.006518641168156775,8.0
2026-09-15 09:30:00,0.07899469,-0.11221181724518198,1.0799999758601189,16.06999964080751,0.04760991749646671,1.3237231399592306,1.3713330574556974,1.3381159315824331,0.006518641168156775,8.0
2026-09-15 09:40:00,0.07899469,-0.1609892766831067,1.0799999758601189,16.06999964080751,0.04760991749646671,1.3237231399592306,1.3713330574556974,1.2893384721445085,0.006518641168156775,8.0
2026-09-15 09:50:00,0.07899469,-0.2086156290911105,1.0799999758601189,16.06999964080751,0.04760991749646671,1.3237231399592306,1.3713330574556974,1.2417121197365046,0.006518641168156775,8.0
2026-09-15 10:00:00,0.07899469,-0.254688012289043,1.0799999758601189,16.06999964080751,0.04760991749646671,1.3237231399592306,1.3713330574556974,1.1956397365385723,0.006518641168156775,8.0
2026-09-15 10:10:00,0.07899469,-0.29881491232862745,1.0799999758601189,16.06999964080751,0.04760991749646671,1.3237231399592306,1.3713330574556974,1.1515128364989877,0.006518641168156775,8.0
2026-09-15 10:20:00,0.07899469,-0.3406211534411782,1.0799999758601189,16.06999964080751,0.04760991749646671,1.3237231399592306,1.3713330574556974,1.109706595386437,0.006518641168156775,8.0
2026-09-15 10:30:00,0.07899469,-0.379752782744702,1.0799999758601189,16.06999964080751,0.04760991749646671,1.3237231399592306,1.3713330574556974,1.0705749660829131,0.006518641168156775,8.0
2026-09-15 10:40:00,0.07899469,-0.41588176451319137,1.0799999758601189,16.06999964080751,0.04760991749646671,1.3237231399592306,1.3713330574556974,1.0344459843144238,0.006518641168156775,8.0
2026-09-15 10:50:00,0.07899469,-0.4487103876143865,1.0799999758601189,16.06999964080751,0.04760991749646671,1.3237231399592306,1.3713330574556974,1.0016173612132286,0.006518641168156775,8.0
2026-09-15 11:00:00,0.07899469,-0.47797528070723866,1.0799999758601189,16.06999964080751,0.04760991749646671,1.3237231399592306,1.3713330574556974,0.9723524681203766,0.006518641168156775,8.0
2026-09-15 11:10:00,0.07899469,-0.5034509255894284,1.0799999758601189,16.06999964080751,0.04760991749646671,1.3237231399592306,1.3713330574556974,0.9468768232381868,0.006518641168156775,8.0
2026-09-15 11:20:00,0.07899469,-0.5249525612582743,1.0799999758601189,16.06999964080751,0.04760991749646671,1.3237231399592306,1.3713330574556974,0.9253751875693409,0.006518641168156775,8.0
2026-09-15 11:30:00,0.07899469,-0.5423383812835644,1.0799999758601189,16.06999964080751,0.04760991749646671,1.3237231399592306,1.3713330574556974,0.9079893675440508,0.006518641168156775,8.0
2026-09-15 11:40:00,0.07899469,-0.5555109453850935,1.0799999758601189,16.06999964080751,0.04760991749646671,1.3237231399592306,1.3713330574556974,0.8948168034425217,0.006518641168156775,8.0
2026-09-15 11:50:00,0.07899469,-0.5644177520294456,1.0799999758601189,16.06999964080751,0.04760991749646671,1.3237231399592306,1.3713330574556974,0.8859099967981696,0.006518641168156775,8.0
2026-09-15 12:00:00,0.07899469,-0.569050951192908,1.1199999749660492,15.889999644830823,0.047940502614218075,1.3329145688275144,1.3808550714417325,0.8907988116207421,0.006518641168156775,8.0
2026-09-15 12:10:00,0.07899469,-0.569446212670729,1.1199999749660492,15.889999644830823,0.047940502614218075,1.3329145688275144,1.3808550714417325,0.8904035501429212,0.006518641168156775,8.0
2026-09-15 12:20:00,0.07899469,-0.5656808028124336,1.1199999749660492,15.889999644830823,0.047940502614218075,1.3329145688275144,1.3808550714417325,0.8941689600012166,0.006518641168156775,8.0
2026-09-15 12:30:00,0.07899469,-0.557870957952098,1.1199999749660492,15.889999644830823,0.047940502614218075,1.3329145688275144,1.3808550714417325,0.9019788048615522,0.006518641168156775,8.0
2026-09-15 12:40:00,0.07899469,-0.5461686731236001,1.1199999749660492,15.889999644830823,0.047940502614218075,1.3329145688275144,1.3808550714417325,0.9136810896900501,0.006518641168156775,8.0
2026-09-15 12:50:00,0.07899469,-0.5307580469981363,1.1199999749660492,15.889999644830823,0.047940502614218075,1.3329145688275144,1.3808550714417325,0.9290917158155139,0.006518641168156775,8.0
2026-09-15 13:00:00,0.07899469,-0.511851336407807,1.1199999749660492,15.889999644830823,0.047940502614218075,1.3329145688275144,1.3808550714417325,0.9479984264058432,0.006518641168156775,8.0
2026-09-15 13:10:00,0.07899469,-0.48968487513609005,1.1199999749660492,15.889999644830823,0.047940502614218075,1.3329145688275144,1.3808550714417325,0.9701648876775602,0.006518641168156775,8.0
2026-09-15 13:20:00,0.07899469,-0.46451500186835043,1.1199999749660492,15.889999644830823,0.047940502614218075,1.3329145688275144,1.3808550714417325,0.9953347609452998,0.006518641168156775,8.0
2026-09-15 13:30:00,0.07899469,-0.43661412235034874,1.1199999749660492,15.889999644830823,0.047940502614218075,1.3329145688275144,1.3808550714417325,1.0232356404633014,0.006518641168156775,8.0
2026-09-15 13:40:00,0.07899469,-0.40626700302926716,1.1199999749660492,15.889999644830823,0.047940502614218075,1.3329145688275144,1.3808550714417325,1.053582759784383,0.006518641168156775,8.0
2026-09-15 13:50:00,0.07899469,-0.3737673605870414,1.1199999749660492,15.889999644830823,0.047940502614218075,1.3329145688275144,1.3808550714417325,1.0860824022266087,0.006518641168156775,8.0
2026-09-15 14:00:00,0.07899469,-0.3394147773005085,1.1199999749660492,15.889999644830823,0.047940502614218075,1.3329145688275144,1.3808550714417325,1.1204349855131417,0.006518641168156775,8.0
2026-09-15 14:10:00,0.07899469,-0.30351193950748157,1.1199999749660492,15.889999644830823,0.047940502614218075,1.3329145688275144,1.3808550714417325,1.1563378233061687,0.006518641168156775,8.0
2026-09-15 14:20:00,0.07899469,-0.2663621690187759,1.1199999749660492,15.889999644830823,0.047940502614218075,1.3329145688275144,1.3808550714417325,1.1934875937948743,0.006518641168156775,8.0
2026-09-15 14:30:00,0.07899469,-0.22826719771945503,1.1199999749660492,15.889999644830823,0.047940502614218075,1.3329145688275144,1.3808550714417325,1.2315825650941952,0.006518641168156775,8.0
2026-09-15 14:40:00,0.07899469,-0.18952512561655405,1.1199999749660492,15.889999644830823,0.047940502614218075,1.3329145688275144,1.3808550714417325,1.2703246371970962,0.006518641168156775,8.0
2026-09-15 14:50:00,0.07899469,-0.15042850300975347,1.1199999749660492,15.889999644830823,0.047940502614218075,1.3329145688275144,1.3808550714417325,1.3094212598038968,0.006518641168156775,8.0
2026-09-15 15:00:00,0.07899469,-0.11126248761995874,1.169999973848462,15.599999651312828,0.04810466600001888,1.3374788882791224,1.3855835542791413,1.3533157580311002,0.006518641168156775,8.0
2026-09-15 15:10:00,0.07899469,-0.07230304594556843,1.169999973848462,15.599999651312828,0.04810466600001888,1.3374788882791224,1.3855835542791413,1.3922751997054905,0.006518641168156775,8.0
2026-09-15 15:20:00,0.07899469,-0.03381519214666854,1.169999973848462,15.599999651312828,0.04810466600001888,1.3374788882791224,1.3855835542791413,1.4307630535043905,0.006518641168156775,8.0
2026-09-15 15:30:00,0.07899469,0.003948715903876617,1.169999973848462,15.599999651312828,0.04810466600001888,1.3374788882791224,1.3855835542791413,1.4685269615549357,0.006518641168156775,8.0
2026-09-15 15:40:00,0.07899469,0.04075057856173621,1.169999973848462,15.599999651312828,0.04810466600001888,1.3374788882791224,1.3855835542791413,1.5053288242127951,0.006518641168156775,8.0
2026-09-15 15:50:00,0.07899469,0.07636798907817767,1.169999973848462,15.599999651312828,0.04810466600001888,1.3374788882791224,1.3855835542791413,1.5409462347292366,0.006518641168156775,8.0
2026-09-15 16:00:00,0.07899469,0.11059542292820936,1.169999973848462,15.599999651312828,0.04810466600001888,1.3374788882791224,1.3855835542791413,1.5751736685792683,0.006518641168156775,8.0
2026-09-15 16:10:00,0.07899469,0.14324510089991319,1.169999973848462,15.599999651312828,0.04810466600001888,1.3374788882791224,1.3855835542791413,1.6078233465509721,0.006518641168156775,8.0
2026-09-15 16:20:00,0.07899469,0.174147453025308,1.169999973848462,15.599999651312828,0.04810466600001888,1.3374788882791224,1.3855835542791413,1.638725698676367,0.006518641168156775,8.0
2026-09-15 16:30:00,0.07899469,0.20315112935246074,1.169999973848462,15.599999651312828,0.04810466600001888,1.3374788882791224,1.3855835542791413,1.6677293750035198,0.006518641168156775,8.0
2026-09-15 16:40:00,0.07899469,0.2301225317726983,1.169999973848462,15.599999651312828,0.04810466600001888,1.3374788882791224,1.3855835542791413,1.6947007774237572,0.006518641168156775,8.0
2026-09-15 16:50:00,0.07899469,0.25494487627094276,1.169999973848462,15.599999651312828,0.04810466600001888,1.3374788882791224,1.3855835542791413,1.7195231219220017,0.006518641168156775,8.0
2026-09-15 17:00:00,0.07899469,0.2775168336679235,1.169999973848462,15.599999651312828,0.04810466600001888,1.3374788882791224,1.3855835542791413,1.7420950793189824,0.006518641168156775,8.0
2026-09-15 17:10:00,0.07899469,0.2977508352452957,1.169999973848462,15.599999651312828,0.04810466600001888,1.3374788882791224,1.3855835542791413,1.7623290808963548,0.006518641168156775,8.0
2026-09-15 17:20:00,0.07899469,0.31557116358911674,1.169999973848462,15.599999651312828,0.04810466600001888,1.3374788882791224,1.3855835542791413,1.7801494092401757,0.006518641168156775,8.0
2026-09-15 17:30:00,0.07899469,0.33091197488753304,1.169999973848462,15.599999651312828,0.04810466600001888,1.3374788882791224,1.3855835542791413,1.795490220538592,0.006518641168156775,8.0
2026-09-15 17:40:00,0.07899469,0.34371541380914616,1.169999973848462,15.599999651312828,0.04810466600001888,1.3374788882791224,1.3855835542791413,1.808293659460205,0.006518641168156775,8.0
2026-09-15 17:50:00,0.07899469,0.3539299838441491,1.169999973848462,15.599999651312828,0.04810466600001888,1.3374788882791224,1.3855835542791413,1.8185082294952082,0.006518641168156775,8.0
2026-09-15 18:00:00,0.07899469,0.36150932412938674,1.1999999731779099,15.189999660477042,0.04743709345443552,1.3189180238068041,1.3663551172612396,1.806859132762544,0.006518641168156775,8.0
2026-09-15 18:10:00,0.07899469,0.36641151862890003,1.1999999731779099,15.189999660477042,0.04743709345443552,1.3189180238068041,1.3663551172612396,1.8117613272620574,0.006518641168156775,8.0
2026-09-15 18:20:00,0.07899469,0.36859902718712034,1.1999999731779099,15.189999660477042,0.04743709345443552,1.3189180238068041,1.3663551172612396,1.8139488358202778,0.006518641168156775,8.0
2026-09-15 18:30:00,0.07899469,0.36803928322797935,1.1999999731779099,15.189999660477042,0.04743709345443552,1.3189180238068041,1.3663551172612396,1.8133890918611366,0.006518641168156775,8.0
2026-09-15 18:40:00,0.07899469,0.36470595362686276,1.1999999731779099,15.189999660477042,0.04743709345443552,1.3189180238068041,1.3663551172612396,1.8100557622600202,0.006518641168156775,8.0
2026-09-15 18:50:00,0.07899469,0.3585808065935005,1.1999999731779099,15.189999660477042,0.04743709345443552,1.3189180238068041,1.3663551172612396,1.8039306152266579,0.006518641168156775,8.0
2026-09-15 19:00:00,0.07899469,0.3496560875701374,1.1999999731779099,15.189999660477042,0.04743709345443552,1.3189180238068041,1.3663551172612396,1.7950058962032946,0.006518641168156775,8.0
2026-09-15 19:10:00,0.07899469,0.33793726493556386,1.1999999731779099,15.189999660477042,0.04743709345443552,1.3189180238068041,1.3663551172612396,1.7832870735687212,0.006518641168156775,8.0
2026-09-15 19:20:00,0.07899469,0.3234459796677161,1.1999999731779099,15.189999660477042,0.04743709345443552,1.3189180238068041,1.3663551172612396,1.7687957883008734,0.006518641168156775,8.0
2026-09-15 19:30:00,0.07899469,0.30622301815477154,1.1999999731779099,15.189999660477042,0.04743709345443552,1.3189180238068041,1.3663551172612396,1.751572826787929,0.006518641168156775,8.0
2026-09-15 19:40:00,0.07899469,0.28633112569444213,1.1999999731779099,15.189999660477042,0.04743709345443552,1.3189180238068041,1.3663551172612396,1.7316809343275994,0.006518641168156775,8.0
2026-09-15 19:50:00,0.07899469,0.2638574894908636,1.1999999731779099,15.189999660477042,0.04743709345443552,1.3189180238068041,1.3663551172612396,1.709207298124021,0.006518641168156775,8.0
2026-09-15 20:00:00,0.07899469,0.2389157424728147,1.1999999731779099,15.189999660477042,0.04743709345443552,1.3189180238068041,1.3663551172612396,1.6842655511059719,0.006518641168156775,8.0
2026-09-15 20:10:00,0.07899469,0.21164737043443724,1.1999999731779099,15.189999660477042,0.04743709345443552,1.3189180238068041,1.3663551172612396,1.6569971790675946,0.006518641168156775,8.0
2026-09-15 20:20:00,0.07899469,0.182222441640646,1.1999999731779099,15.189999660477042,0.04743709345443552,1.3189180238068041,1.3663551172612396,1.6275722502738033,0.006518641168156775,8.0
2026-09-15 20:30:00,0.07899469,0.15083961664601575,1.1999999731779099,15.189999660477042,0.04743709345443552,1.3189180238068041,1.3663551172612396,1.596189425279173,0.006518641168156775,8.0
2026-09-15 20:40:00,0.07899469,0.1177254332343979,1.1999999731779099,15.189999660477042,0.04743709345443552,1.3189180238068041,1.3663551172612396,1.5630752418675553,0.006518641168156775,8.0
2026-09-15 20:50:00,0.07899469,0.0831328941708847,1.1999999731779099,15.189999660477042,0.04743709345443552,1.3189180238068041,1.3663551172612396,1.528482702804042,0.006518641168156775,8.0
2026-09-15 21:00:00,0.07899469,0.04733941166443662,1.219999972730875,14.67999967187643,0.046224864342293406,1.2852137913473833,1.3314386556896767,1.457772758726031,0.006518641168156775,8.0
2026-09-15 21:10:00,0.07899469,0.010644180686847547,1.219999972730875,14.67999967187643,0.046224864342293406,1.2852137913473833,1.3314386556896767,1.421077527748442,0.006518641168156775,8.0
2026-09-15 21:20:00,0.07899469,-0.02663493650419061,1.219999972730875,14.67999967187643,0.046224864342293406,1.2852137913473833,1.3314386556896767,1.3837984105574037,0.006518641168156775,8.0
2026-09-15 21:30:00,0.07899469,-0.06416492974160294,1.219999972730875,14.67999967187643,0.046224864342293406,1.2852137913473833,1.3314386556896767,1.3462684173199915,0.006518641168156775,8.0
2026-09-15 21:40:00,0.07899469,-0.10160148262033185,1.219999972730875,14.67999967187643,0.046224864342293406,1.2852137913473833,1.3314386556896767,1.3088318644412626,0.006518641168156775,8.0
2026-09-15 21:50:00,0.07899469,-0.13859306223869655,1.219999972730875,14.67999967187643,0.046224864342293406,1.2852137913473833,1.3314386556896767,1.2718402848228978,0.006518641168156775,8.0
2026-09-15 22:00:00,0.07899469,-0.17478519162138936,1.219999972730875,14.67999967187643,0.046224864342293406,1.2852137913473833,1.3314386556896767,1.235648155440205,0.006518641168156775,8.0
2026-09-15 22:10:00,0.07899469,-0.20982484773950788,1.219999972730875,14.67999967187643,0.046224864342293406,1.2852137913473833,1.3314386556896767,1.2006084993220865,0.006518641168156775,8.0
2026-09-15 22:20:00,0.07899469,-0.24336493357797345,1.219999972730875,14.67999967187643,0.046224864342293406,1.2852137913473833,1.3314386556896767,1.167068413483621,0.006518641168156775,8.0
2026-09-15 22:30:00,0.07899469,-0.2750687744636942,1.219999972730875,14.67999967187643,0.046224864342293406,1.2852137913473833,1.3314386556896767,1.1353645725979002,0.006518641168156775,8.0
2026-09-15 22:40:00,0.07899469,-0.3046145860511016,1.219999972730875,14.67999967187643,0.046224864342293406,1.2852137913473833,1.3314386556896767,1.1058187610104928,0.006518641168156775,8.0
2026-09-15 22:50:00,0.07899469,-0.3316998544218554,1.219999972730875,14.67999967187643,0.046224864342293406,1.2852137913473833,1.3314386556896767,1.078733492639739,0.006518641168156775,8.0
2026-09-15 23:00:00,0.07899469,-0.3560455588513667,1.219999972730875,14.67999967187643,0.046224864342293406,1.2852137913473833,1.3314386556896767,1.0543877882102277,0.006518641168156775,8.0
2026-09-15 23:10:00,0.07899469,-0.37740015645579295,1.219999972730875,14.67999967187643,0.046224864342293406,1.2852137913473833,1.3314386556896767,1.0330331906058015,0.006518641168156775,8.0
2026-09-15 23:20:00,0.07899469,-0.3955432377027336,1.219999972730875,14.67999967187643,0.046224864342293406,1.2852137913473833,1.3314386556896767,1.014890109358861,0.006518641168156775,8.0
2026-09-15 23:30:00,0.07899469,-0.41028875456676867,1.219999972730875,14.67999967187643,0.046224864342293406,1.2852137913473833,1.3314386556896767,1.0001445924948258,0.006518641168156775,8.0
2026-09-15 23:40:00,0.07899469,-0.42148772143202823,1.219999972730875,14.67999967187643,0.046224864342293406,1.2852137913473833,1.3314386556896767,0.9889456256295661,0.006518641168156775,8.0
2026-09-15 23:50:00,0.07899469,-0.42903029401989146,1.219999972730875,14.67999967187643,0.046224864342293406,1.2852137913473833,1.3314386556896767,0.9814030530417029,0.006518641168156775,8.0
2026-09-16 00:00:00,0.08952527,-0.4328471447747932,1.2399999722838402,14.36999967880547,0.04561810968446352,1.268343878037681,1.3139619877221445,0.9706401104291551,0.006518641168156775,8.0
2026-09-16 00:10:00,0.08952527,-0.43291007418423066,1.2399999722838402,14.36999967880547,0.04561810968446352,1.268343878037681,1.3139619877221445,0.9705771810197177,0.006518641168156775,8.0
2026-09-16 00:20:00,0.08952527,-0.42923182551449673,1.2399999722838402,14.36999967880547,0.04561810968446352,1.268343878037681,1.3139619877221445,0.9742554296894517,0.006518641168156775,8.0
2026-09-16 00:30:00,0.08952527,-0.4218651036784409,1.2399999722838402,14.36999967880547,0.04561810968446352,1.268343878037681,1.3139619877221445,0.9816221515255075,0.006518641168156775,8.0
2026-09-16 00:40:00,0.08952527,-0.41090083470086775,1.2399999722838402,14.36999967880547,0.04561810968446352,1.268343878037681,1.3139619877221445,0.9925864205030805,0.006518641168156775,8.0
2026-09-16 00:50:00,0.08952527,-0.39646573771404514,1.2399999722838402,14.36999967880547,0.04561810968446352,1.268343878037681,1.3139619877221445,1.0070215174899033,0.006518641168156775,8.0
2026-09-16 01:00:00,0.08952527,-0.3787193132184664,1.2399999722838402,14.36999967880547,0.04561810968446352,1.268343878037681,1.3139619877221445,1.0247679419854818,0.006518641168156775,8.0
2026-09-16 01:10:00,0.08952527,-0.35785037672514786,1.2399999722838402,14.36999967880547,0.04561810968446352,1.268343878037681,1.3139619877221445,1.0456368784788004,0.006518641168156775,8.0
2026-09-16 01:20:00,0.08952527,-0.33407328326936686,1.2399999722838402,14.36999967880547,0.04561810968446352,1.268343878037681,1.3139619877221445,1.0694139719345814,0.006518641168156775,8.0
2026-09-16 01:30:00,0.08952527,-0.30762399418898856,1.2399999722838402,14.36999967880547,0.04561810968446352,1.268343878037681,1.3139619877221445,1.09586326101496,0.006518641168156775,8.0
2026-09-16 01:40:00,0.08952527,-0.27875613231184043,1.2399999722838402,14.36999967880547,0.04561810968446352,1.268343878037681,1.3139619877221445,1.124731122892108,0.006518641168156775,8.0
2026-09-16 01:50:00,0.08952527,-0.24773715590021567,1.2399999722838402,14.36999967880547,0.04561810968446352,1.268343878037681,1.3139619877221445,1.1557500993037326,0.006518641168156775,8.0
2026-09-16 02:00:00,0.08952527,-0.21484475691468838,1.2399999722838402,14.36999967880547,0.04561810968446352,1.268343878037681,1.3139619877221445,1.18864249828926,0.006518641168156775,8.0
2026-09-16 02:10:00,0.08952527,-0.18036355794609057,1.2399999722838402,14.36999967880547,0.04561810968446352,1.268343878037681,1.3139619877221445,1.2231236972578579,0.006518641168156775,8.0
2026-09-16 02:20:00,0.08952527,-0.14458214768215816,1.2399999722838402,14.36999967880547,0.04561810968446352,1.268343878037681,1.3139619877221445,1.25890510752179,0.006518641168156775,8.0
2026-09-16 02:30:00,0.08952527,-0.10779046057722252,1.2399999722838402,14.36999967880547,0.04561810968446352,1.268343878037681,1.3139619877221445,1.2956967946267257,0.006518641168156775,8.0
2026-09-16 02:40:00,0.08952527,-0.07027747591696008,1.2399999722838402,14.36999967880547,0.04561810968446352,1.268343878037681,1.3139619877221445,1.3332097792869884,0.006518641168156775,8.0
2026-09-16 02:50:00,0.08952527,-0.03232918778693143,1.2399999722838402,14.36999967880547,0.04561810968446352,1.268343878037681,1.3139619877221445,1.371158067417017,0.006518641168156775,8.0
2026-09-16 03:00:00,0.08952527,0.005773217200797192,1.2499999720603228,14.09999968484044,0.04494110986399014,1.2495209021697782,1.2944620120337684,1.3897604967163695,0.006518641168156775,8.0
2026-09-16 03:10:00,0.08952527,0.043755041883116345,1.2499999720603228,14.09999968484044,0.04494110986399014,1.2495209021697782,1.2944620120337684,1.4277423213986886,0.006518641168156775,8.0
2026-09-16 03:20:00,0.08952527,0.08134968157191004,1.2499999720603228,14.09999968484044,0.04494110986399014,1.2495209021697782,1.2944620120337684,1.4653369610874822,0.006518641168156775,8.0
2026-09-16 03:30:00,0.08952527,0.11830019409502895,1.2499999720603228,14.09999968484044,0.04494110986399014,1.2495209021697782,1.2944620120337684,1.5022874736106013,0.006518641168156775,8.0
2026-09-16 03:40:00,0.08952527,0.15436086013903777,1.2499999720603228,14.09999968484044,0.04494110986399014,1.2495209021697782,1.2944620120337684,1.5383481396546101,0.006518641168156775,8.0
2026-09-16 03:50:00,0.08952527,0.1892987304302762,1.2499999720603228,14.09999968484044,0.04494110986399014,1.2495209021697782,1.2944620120337684,1.5732860099458486,0.006518641168156775,8.0
2026-09-16 04:00:00,0.08952527,0.22289512870624728,1.2499999720603228,14.09999968484044,0.04494110986399014,1.2495209021697782,1.2944620120337684,1.6068824082218196,0.006518641168156775,8.0
2026-09-16 04:10:00,0.08952527,0.2549470548891522,1.2499999720603228,14.09999968484044,0.04494110986399014,1.2495209021697782,1.2944620120337684,1.6389343344047245,0.006518641168156775,8.0
2026-09-16 04:20:00,0.08952527,0.2852684144588757,1.2499999720603228,14.09999968484044,0.04494110986399014,1.2495209021697782,1.2944620120337684,1.669255693974448,0.006518641168156775,8.0
2026-09-16 04:30:00,0.08952527,0.31369099066943934,1.2499999720603228,14.09999968484044,0.04494110986399014,1.2495209021697782,1.2944620120337684,1.6976782701850117,0.006518641168156775,8.0
2026-09-16 04:40:00,0.08952527,0.34006507744565795,1.2499999720603228,14.09999968484044,0.04494110986399014,1.2495209021697782,1.2944620120337684,1.7240523569612303,0.006518641168156775,8.0
2026-09-16 04:50:00,0.08952527,0.3642597032057558,1.2499999720603228,14.09999968484044,0.04494110986399014,1.2495209021697782,1.2944620120337684,1.748246982721328,0.006518641168156775,8.0
2026-09-16 05:00:00,0.08952527,0.38616239876890357,1.2499999720603228,14.09999968484044,0.04494110986399014,1.2495209021697782,1.2944620120337684,1.770149678284476,0.006518641168156775,8.0
2026-09-16 05:10:00,0.08952527,0.40567849385899196,1.2499999720603228,14.09999968484044,0.04494110986399014,1.2495209021697782,1.2944620120337684,1.7896657733745642,0.006518641168156775,8.0
2026-09-16 05:20:00,0.08952527,0.42272996376118455,1.2499999720603228,14.09999968484044,0.04494110986399014,1.2495209021697782,1.2944620120337684,1.8067172432767569,0.006518641168156775,8.0
2026-09-16 05:30:00,0.08952527,0.4372538865878788,1.2499999720603228,14.09999968484044,0.04494110986399014,1.2495209021697782,1.2944620120337684,1.821241166103451,0.006518641168156775,8.0
2026-09-16 05:40:00,0.08952527,0.44920060855142474,1.2499999720603228,14.09999968484044,0.04494110986399014,1.2495209021697782,1.2944620120337684,1.833187888066997,0.006518641168156775,8.0
2026-09-16 05:50:00,0.08952527,0.45853174549820885,1.2499999720603228,14.09999968484044,0.04494110986399014,1.2495209021697782,1.2944620120337684,1.842519025013781,0.006518641168156775,8.0
2026-09-16 06:00:00,0.08952527,0.4652181705551897,1.2599999718368053,13.839999690651894,0.04428850668684859,1.231376238784102,1.2756647454709507,1.8304081835079442,0.006518641168156775,8.0
2026-09-16 06:10:00,0.08952527,0.4692381472969369,1.2599999718368053,13.839999690651894,0.04428850668684859,1.231376238784102,1.2756647454709507,1.8344281602496915,0.006518641168156775,8.0
2026-09-16 06:20:00,0.08952527,0.47057576406527946,1.2599999718368053,13.839999690651894,0.04428850668684859,1.231376238784102,1.2756647454709507,1.835765777018034,0.006518641168156775,8.0
2026-09-16 06:30:00,0.08952527,0.46921980783753364,1.2599999718368053,13.839999690651894,0.04428850668684859,1.231376238784102,1.2756647454709507,1.8344098207902881,0.006518641168156775,8.0
2026-09-16 06:40:00,0.08952527,0.4651631863839971,1.2599999718368053,13.839999690651894,0.04428850668684859,1.231376238784102,1.2756647454709507,1.8303531993367517,0.006518641168156775,8.0
2026-09-16 06:50:00,0.08952527,0.4584029680220857,1.2599999718368053,13.839999690651894,0.04428850668684859,1.231376238784102,1.2756647454709507,1.8235929809748401,0.006518641168156775,8.0
2026-09-16 07:00:00,0.08952527,0.4489410620621779,1.2599999718368053,13.839999690651894,0.04428850668684859,1.231376238784102,1.2756647454709507,1.8141310750149324,0.006518641168156775,8.0
2026-09-16 07:10:00,0.08952527,0.4367855144478012,1.2599999718368053,13.839999690651894,0.04428850668684859,1.231376238784102,1.2756647454709507,1.8019755274005558,0.006518641168156775,8.0
2026-09-16 07:20:00,0.08952527,0.42195234588087316,1.2599999718368053,13.839999690651894,0.04428850668684859,1.231376238784102,1.2756647454709507,1.7871423588336277,0.006518641168156775,8.0
2026-09-16 07:30:00,0.08952527,0.4044678182825894,1.2599999718368053,13.839999690651894,0.04428850668684859,1.231376238784102,1.2756647454709507,1.769657831235344,0.006518641168156775,8.0
2026-09-16 07:40:00,0.08952527,0.38437098293881555,1.2599999718368053,13.839999690651894,0.04428850668684859,1.231376238784102,1.2756647454709507,1.74956099589157,0.006518641168156775,8.0
2026-09-16 07:50:00,0.08952527,0.3617163427716822,1.2599999718368053,13.839999690651894,0.04428850668684859,1.231376238784102,1.2756647454709507,1.7269063557244366,0.006518641168156775,8.0
2026-09-16 08:00:00,0.08952527,0.33657645321773344,1.2599999718368053,13.839999690651894,0.04428850668684859,1.231376238784102,1.2756647454709507,1.701766466170488,0.006518641168156775,8.0
2026-09-16 08:10:00,0.08952527,0.3090442912701245,1.2599999718368053,13.839999690651894,0.04428850668684859,1.231376238784102,1.2756647454709507,1.674234304222879,0.006518641168156775,8.0
2026-09-16 08:20:00,0.08952527,0.2792352393786046,1.2599999718368053,13.839999690651894,0.04428850668684859,1.231376238784102,1.2756647454709507,1.6444252523313592,0.006518641168156775,8.0
2026-09-16 08:30:00,0.08952527,0.24728855787899265,1.2599999718368053,13.839999690651894,0.04428850668684859,1.231376238784102,1.2756647454709507,1.612478570831747,0.006518641168156775,8.0
2026-09-16 08:40:00,0.08952527,0.21336825356756542,1.2599999718368053,13.839999690651894,0.04428850668684859,1.231376238784102,1.2756647454709507,1.57855826652032,0.006518641168156775,8.0
2026-09-16 08:50:00,0.08952527,0.17766328954268087,1.2599999718368053,13.839999690651894,0.04428850668684859,1.231376238784102,1.2756647454709507,1.5428533024954354,0.006518641168156775,8.0
2026-09-16 09:00:00,0.08952527,0.14038711900169257,1.2399999722838402,13.529999697580934,0.04295149784487066,1.1942026910125139,1.2371541888573845,1.467066575340881,0.006518641168156775,8.0
2026-09-16 09:10:00,0.08952527,0.10177656012333836,1.2399999722838402,13.529999697580934,0.04295149784487066,1.1942026910125139,1.2371541888573845,1.4284560164625266,0.006518641168156775,8.0
2026-09-16 09:20:00,0.08952527,0.06209005788769217,1.2399999722838402,13.529999697580934,0.04295149784487066,1.1942026910125139,1.2371541888573845,1.3887695142268806,0.006518641168156775,8.0
2026-09-16 09:30:00,0.08952527,0.02160539985087437,1.2399999722838402,13.529999697580934,0.04295149784487066,1.1942026910125139,1.2371541888573845,1.3482848561900627,0.006518641168156775,8.0
2026-09-16 09:40:00,0.08952527,-0.019383034121075594,1.2399999722838402,13.529999697580934,0.04295149784487066,1.1942026910125139,1.2371541888573845,1.3072964222181127,0.006518641168156775,8.0
2026-09-16 09:50:00,0.08952527,-0.060567403373920796,1.2399999722838402,13.529999697580934,0.04295149784487066,1.1942026910125139,1.2371541888573845,1.2661120529652676,0.006518641168156775,8.0
2026-09-16 10:00:00,0.08952527,-0.10162983637473869,1.2399999722838402,13.529999697580934,0.04295149784487066,1.1942026910125139,1.2371541888573845,1.2250496199644496,0.006518641168156775,8.0
2026-09-16 10:10:00,0.08952527,-0.14224608344150452,1.2399999722838402,13.529999697580934,0.04295149784487066,1.1942026910125139,1.2371541888573845,1.184433372897684,0.006518641168156775,8.0
2026-09-16 10:20:00,0.08952527,-0.1820893264609043,1.2399999722838402,13.529999697580934,0.04295149784487066,1.1942026910125139,1.2371541888573845,1.1445901298782841,0.006518641168156775,8.0
2026-09-16 10:30:00,0.08952527,-0.22083409027261827,1.2399999722838402,13.529999697580934,0.04295149784487066,1.1942026910125139,1.2371541888573845,1.1058453660665701,0.006518641168156775,8.0
2026-09-16 10:40:00,0.08952527,-0.2581602088282339,1.2399999722838402,13.529999697580934,0.04295149784487066,1.1942026910125139,1.2371541888573845,1.0685192475109546,0.006518641168156775,8.0
2026-09-16 10:50:00,0.08952527,-0.29375680434651785,1.2399999722838402,13.529999697580934,0.04295149784487066,1.1942026910125139,1.2371541888573845,1.0329226519926706,0.006518641168156775,8.0
2026-09-16 11:00:00,0.08952527,-0.3273262382725048,1.2399999722838402,13.529999697580934,0.04295149784487066,1.1942026910125139,1.2371541888573845,0.9993532180666835,0.006518641168156775,8.0
2026-09-16 11:10:00,0.08952527,-0.35858798872984166,1.2399999722838402,13.529999697580934,0.04295149784487066,1.1942026910125139,1.2371541888573845,0.9680914676093467,0.006518641168156775,8.0
2026-09-16 11:20:00,0.08952527,-0.3872824012448213,1.2399999722838402,13.529999697580934,0.04295149784487066,1.1942026910125139,1.2371541888573845,0.9393970550943671,0.006518641168156775,8.0
2026-09-16 11:30:00,0.08952527,-0.4131742487886137,1.2399999722838402,13.529999697580934,0.04295149784487066,1.1942026910125139,1.2371541888573845,0.9135052075505747,0.006518641168156775,8.0
2026-09-16 11:40:00,0.08952527,-0.436056026286733,1.2399999722838402,13.529999697580934,0.04295149784487066,1.1942026910125139,1.2371541888573845,0.8906234300524554,0.006518641168156775,8.0
2026-09-16 11:50:00,0.08952527,-0.45575089522607615,1.2399999722838402,13.529999697580934,0.04295149784487066,1.1942026910125139,1.2371541888573845,0.8709285611131122,0.006518641168156775,8.0
2026-09-16 12:00:00,0.08952527,-0.47211518876328606,1.2599999718368053,13.309999702498317,0.04259248728337823,1.1842209348422255,1.2268134221256037,0.8442235008441216,0.006518641168156775,8.0
2026-09-16 12:10:00,0.08952527,-0.4850403883055547,1.2599999718368053,13.309999702498317,0.04259248728337823,1.1842209348422255,1.2268134221256037,0.8312983013018529,0.006518641168156775,8.0
2026-09-16 12:20:00,0.08952527,-0.4944544904465648,1.2599999718368053,13.309999702498317,0.04259248728337823,1.1842209348422255,1.2268134221256037,0.8218841991608428,0.006518641168156775,8.0
2026-09-16 12:30:00,0.08952527,-0.5003226989118692,1.2599999718368053,13.309999702498317,0.04259248728337823,1.1842209348422255,1.2268134221256037,0.8160159906955384,0.006518641168156775,8.0
2026-09-16 12:40:00,0.08952527,-0.5026473992474424,1.2599999718368053,13.309999702498317,0.04259248728337823,1.1842209348422255,1.2268134221256037,0.8136912903599652,0.006518641168156775,8.0
2026-09-16 12:50:00,0.08952527,-0.5014674033032028,1.2599999718368053,13.309999702498317,0.04259248728337823,1.1842209348422255,1.2268134221256037,0.8148712863042048,0.006518641168156775,8.0
2026-09-16 13:00:00,0.08952527,-0.496856483616201,1.2599999718368053,13.309999702498317,0.04259248728337823,1.1842209348422255,1.2268134221256037,0.8194822059912066,0.006518641168156775,8.0
2026-09-16 13:10:00,0.08952527,-0.488921252253728,1.2599999718368053,13.309999702498317,0.04259248728337823,1.1842209348422255,1.2268134221256037,0.8274174373536796,0.006518641168156775,8.0
2026-09-16 13:20:00,0.08952527,-0.4777984709805858,1.2599999718368053,13.309999702498317,0.04259248728337823,1.1842209348422255,1.2268134221256037,0.8385402186268218,0.006518641168156775,8.0
2026-09-16 13:30:00,0.08952527,-0.4636519071456832,1.2599999718368053,13.309999702498317,0.04259248728337823,1.1842209348422255,1.2268134221256037,0.8526867824617244,0.006518641168156775,8.0
2026-09-16 13:40:00,0.08952527,-0.4466688694156293,1.2599999718368053,13.309999702498317,0.04259248728337823,1.1842209348422255,1.2268134221256037,0.8696698201917783,0.006518641168156775,8.0
2026-09-16 13:50:00,0.08952527,-0.42705656758932137,1.2599999718368053,13.309999702498317,0.04259248728337823,1.1842209348422255,1.2268134221256037,0.8892821220180862,0.006518641168156775,8.0
2026-09-16 14:00:00,0.08952527,-0.40503844004014805,1.2599999718368053,13.309999702498317,0.04259248728337823,1.1842209348422255,1.2268134221256037,0.9113002495672595,0.006518641168156775,8.0
2026-09-16 14:10:00,0.08952527,-0.38085058084666196,1.2599999718368053,13.309999702498317,0.04259248728337823,1.1842209348422255,1.2268134221256037,0.9354881087607456,0.006518641168156775,8.0
2026-09-16 14:20:00,0.08952527,-0.3547383774583636,1.2599999718368053,13.309999702498317,0.04259248728337823,1.1842209348422255,1.2268134221256037,0.961600312149044,0.006518641168156775,8.0
2026-09-16 14:30:00,0.08952527,-0.32695344094918577,1.2599999718368053,13.309999702498317,0.04259248728337823,1.1842209348422255,1.2268134221256037,0.9893852486582219,0.006518641168156775,8.0
2026-09-16 14:40:00,0.08952527,-0.29775087730360944,1.2599999718368053,13.309999702498317,0.04259248728337823,1.1842209348422255,1.2268134221256037,1.0185878123037981,0.006518641168156775,8.0
2026-09-16 14:50:00,0.08952527,-0.2673869133715427,1.2599999718368053,13.309999702498317,0.04259248728337823,1.1842209348422255,1.2268134221256037,1.0489517762358649,0.006518641168156775,8.0
2026-09-16 15:00:00,0.08952527,-0.23611685838815186,1.3099999707192183,13.179999705404043,0.04300517630630154,1.1956951410155778,1.2387003173218794,1.0921087264155314,0.006518641168156775,8.0
2026-09-16 15:10:00,0.08952527,-0.20419335485292378,1.3099999707192183,13.179999705404043,0.04300517630630154,1.1956951410155778,1.2387003173218794,1.1240322299507595,0.006518641168156775,8.0
2026-09-16 15:20:00,0.08952527,-0.17186485362146123,1.3099999707192183,13.179999705404043,0.04300517630630154,1.1956951410155778,1.2387003173218794,1.156360731182222,0.006518641168156775,8.0
2026-09-16 15:30:00,0.08952527,-0.1393742391067709,1.3099999707192183,13.179999705404043,0.04300517630630154,1.1956951410155778,1.2387003173218794,1.1888513456969123,0.006518641168156775,8.0
2026-09-16 15:40:00,0.08952527,-0.1069575323364989,1.3099999707192183,13.179999705404043,0.04300517630630154,1.1956951410155778,1.2387003173218794,1.2212680524671844,0.006518641168156775,8.0
2026-09-16 15:50:00,0.08952527,-0.07484261149302113,1.3099999707192183,13.179999705404043,0.04300517630630154,1.1956951410155778,1.2387003173218794,1.253382973310662,0.006518641168156775,8.0
2026-09-16 16:00:00,0.08952527,-0.04324791024107088,1.3099999707192183,13.179999705404043,0.04300517630630154,1.1956951410155778,1.2387003173218794,1.2849776745626125,0.006518641168156775,8.0
2026-09-16 16:10:00,0.08952527,-0.012381080427869767,1.3099999707192183,13.179999705404043,0.04300517630630154,1.1956951410155778,1.2387003173218794,1.3158445043758136,0.006518641168156775,8.0
2026-09-16 16:20:00,0.08952527,0.01756236501077148,1.3099999707192183,13.179999705404043,0.04300517630630154,1.1956951410155778,1.2387003173218794,1.3457879498144547,0.006518641168156775,8.0
2026-09-16 16:30:00,0.08952527,0.04640038521854877,1.3099999707192183,13.179999705404043,0.04300517630630154,1.1956951410155778,1.2387003173218794,1.374625970022232,0.006518641168156775,8.0
2026-09-16 16:40:00,0.08952527,0.07396565346071347,1.3099999707192183,13.179999705404043,0.04300517630630154,1.1956951410155778,1.2387003173218794,1.4021912382643968,0.006518641168156775,8.0
2026-09-16 16:50:00,0.08952527,0.10010662516774833,1.3099999707192183,13.179999705404043,0.04300517630630154,1.1956951410155778,1.2387003173218794,1.4283322099714315,0.006518641168156775,8.0
2026-09-16 17:00:00,0.08952527,0.12468834350415246,1.3099999707192183,13.179999705404043,0.04300517630630154,1.1956951410155778,1.2387003173218794,1.4529139283078356,0.006518641168156775,8.0
2026-09-16 17:10:00,0.08952527,0.14759289946366208,1.3099999707192183,13.179999705404043,0.04300517630630154,1.1956951410155778,1.2387003173218794,1.4758184842673454,0.006518641168156775,8.0
2026-09-16 17:20:00,0.08952527,0.16871948038286025,1.3099999707192183,13.179999705404043,0.04300517630630154,1.1956951410155778,1.2387003173218794,1.4969450651865435,0.006518641168156775,8.0
2026-09-16 17:30:00,0.08952527,0.1879839672434139,1.3099999707192183,13.179999705404043,0.04300517630630154,1.1956951410155778,1.2387003173218794,1.5162095520470973,0.006518641168156775,8.0
2026-09-16 17:40:00,0.08952527,0.2053180755095029,1.3099999707192183,13.179999705404043,0.04300517630630154,1.1956951410155778,1.2387003173218794,1.5335436603131862,0.006518641168156775,8.0
2026-09-16 17:50:00,0.08952527,0.22066807229927893,1.3099999707192183,13.179999705404043,0.04300517630630154,1.1956951410155778,1.2387003173218794,1.5488936571029621,0.006518641168156775,8.0
2026-09-16 18:00:00,0.08952527,0.23399314155282636,1.3699999693781137,13.019999708980322,0.043445114103805034,1.207926958950177,1.2513720730539821,1.5748904820886125,0.006518641168156775,8.0
2026-09-16 18:10:00,0.08952527,0.245263503547021,1.3699999693781137,13.019999708980322,0.043445114103805034,1.207926958950177,1.2513720730539821,1.586160844082807,0.006518641168156775,8.0
2026-09-16 18:20:00,0.08952527,0.25445842268631624,1.3699999693781137,13.019999708980322,0.043445114103805034,1.207926958950177,1.2513720730539821,1.5953557632221023,0.006518641168156775,8.0
2026-09-16 18:30:00,0.08952527,0.2615642543851734,1.3699999693781137,13.019999708980322,0.043445114103805034,1.207926958950177,1.2513720730539821,1.6024615949209595,0.006518641168156775,8.0
2026-09-16 18:40:00,0.08952527,0.26657268614903584,1.3699999693781137,13.019999708980322,0.043445114103805034,1.207926958950177,1.2513720730539821,1.6074700266848219,0.006518641168156775,8.0
2026-09-16 18:50:00,0.08952527,0.26947931893423027,1.3699999693781137,13.019999708980322,0.043445114103805034,1.207926958950177,1.2513720730539821,1.6103766594700164,0.006518641168156775,8.0
2026-09-16 19:00:00,0.08952527,0.270282712653899,1.3699999693781137,13.019999708980322,0.043445114103805034,1.207926958950177,1.2513720730539821,1.6111800531896852,0.006518641168156775,8.0
2026-09-16 19:10:00,0.08952527,0.2689839864958526,1.3699999693781137,13.019999708980322,0.043445114103805034,1.207926958950177,1.2513720730539821,1.6098813270316386,0.006518641168156775,8.0
2026-09-16 19:20:00,0.08952527,0.26558702282714636,1.3699999693781137,13.019999708980322,0.043445114103805034,1.207926958950177,1.2513720730539821,1.6064843633629324,0.006518641168156775,8.0
2026-09-16 19:30:00,0.08952527,0.2600992771224621,1.3699999693781137,13.019999708980322,0.043445114103805034,1.207926958950177,1.2513720730539821,1.6009966176582482,0.006518641168156775,8.0
2026-09-16 19:40:00,0.08952527,0.2525331490629589,1.3699999693781137,13.019999708980322,0.043445114103805034,1.207926958950177,1.2513720730539821,1.5934304895987448,0.006518641168156775,8.0
2026-09-16 19:50:00,0.08952527,0.24290782635311922,1.3699999693781137,13.019999708980322,0.043445114103805034,1.207926958950177,1.2513720730539821,1.5838051668889053,0.006518641168156775,8.0
2026-09-16 20:00:00,0.08952527,0.23125147628330575,1.3699999693781137,13.019999708980322,0.043445114103805034,1.207926958950177,1.2513720730539821,1.5721488168190918,0.006518641168156775,8.0
2026-09-16 20:10:00,0.08952527,0.2176036337635509,1.3699999693781137,13.019999708980322,0.043445114103805034,1.207926958950177,1.2513720730539821,1.558500974299337,0.006518641168156775,8.0
2026-09-16 20:20:00,0.08952527,0.20201762046781263,1.3699999693781137,13.019999708980322,0.043445114103805034,1.207926958950177,1.2513720730539821,1.5429149610035986,0.006518641168156775,8.0
2026-09-16 20:30:00,0.08952527,0.1845628284959181,1.3699999693781137,13.019999708980322,0.043445114103805034,1.207926958950177,1.2513720730539821,1.525460169031704,0.006518641168156775,8.0
2026-09-16 20:40:00,0.08952527,0.16532671329171578,1.3699999693781137,13.019999708980322,0.043445114103805034,1.207926958950177,1.2513720730539821,1.5062240538275018,0.006518641168156775,8.0
2026-09-16 20:50:00,0.08952527,0.14441636266594904,1.3699999693781137,13.019999708980322,0.043445114103805034,1.207926958950177,1.2513720730539821,1.4853137032017352,0.006518641168156775,8.0
2026-09-16 21:00:00,0.08952527,0.12195953924428386,1.3599999696016312,12.849999712780118,0.04272108324543255,1.1877963548309127,1.2305174380763453,1.442002244802433,0.006518641168156775,8.0
2026-09-16 21:10:00,0.08952527,0.09810512922745515,1.3599999696016312,12.849999712780118,0.04272108324543255,1.1877963548309127,1.2305174380763453,1.4181478347856042,0.006518641168156775,8.0
2026-09-16 21:20:00,0.08952527,0.07302296755386532,1.3599999696016312,12.849999712780118,0.04272108324543255,1.1877963548309127,1.2305174380763453,1.3930656731120146,0.006518641168156775,8.0
2026-09-16 21:30:00,0.08952527,0.04690304505304739,1.3599999696016312,12.849999712780118,0.04272108324543255,1.1877963548309127,1.2305174380763453,1.3669457506111966,0.006518641168156775,8.0
2026-09-16 21:40:00,0.08952527,0.019954133980720736,1.3599999696016312,12.849999712780118,0.04272108324543255,1.1877963548309127,1.2305174380763453,1.33999683953887,0.006518641168156775,8.0
2026-09-16 21:50:00,0.08952527,-0.007598107730159438,1.3599999696016312,12.849999712780118,0.04272108324543255,1.1877963548309127,1.2305174380763453,1.3124445978279897,0.006518641168156775,8.0
2026-09-16 22:00:00,0.08952527,-0.035513477280744776,1.3599999696016312,12.849999712780118,0.04272108324543255,1.1877963548309127,1.2305174380763453,1.2845292282774043,0.006518641168156775,8.0
2026-09-16 22:10:00,0.08952527,-0.0635399293286379,1.3599999696016312,12.849999712780118,0.04272108324543255,1.1877963548309127,1.2305174380763453,1.2565027762295113,0.006518641168156775,8.0
2026-09-16 22:20:00,0.08952527,-0.09141655634037228,1.3599999696016312,12.849999712780118,0.04272108324543255,1.1877963548309127,1.2305174380763453,1.2286261492177768,0.006518641168156775,8.0
2026-09-16 22:30:00,0.08952527,-0.11887677000064352,1.3599999696016312,12.849999712780118,0.04272108324543255,1.1877963548309127,1.2305174380763453,1.2011659355575057,0.006518641168156775,8.0
2026-09-16 22:40:00,0.08952527,-0.14565161687180891,1.3599999696016312,12.849999712780118,0.04272108324543255,1.1877963548309127,1.2305174380763453,1.1743910886863402,0.006518641168156775,8.0
2026-09-16 22:50:00,0.08952527,-0.17147317352376512,1.3599999696016312,12.849999712780118,0.04272108324543255,1.1877963548309127,1.2305174380763453,1.148569532034384,0.006518641168156775,8.0
2026-09-16 23:00:00,0.08952527,-0.19607797734400614,1.3599999696016312,12.849999712780118,0.04272108324543255,1.1877963548309127,1.2305174380763453,1.123964728214143,0.006518641168156775,8.0
2026-09-16 23:10:00,0.08952527,-0.219210457520633,1.3599999696016312,12.849999712780118,0.04272108324543255,1.1877963548309127,1.2305174380763453,1.1008322480375161,0.006518641168156775,8.0
2026-09-16 23:20:00,0.08952527,-0.24062633471375056,1.3599999696016312,12.849999712780118,0.04272108324543255,1.1877963548309127,1.2305174380763453,1.0794163708443987,0.006518641168156775,8.0
2026-09-16 23:30:00,0.08952527,-0.260095956881977,1.3599999696016312,12.849999712780118,0.04272108324543255,1.1877963548309127,1.2305174380763453,1.0599467486761722,0.006518641168156775,8.0
2026-09-16 23:40:00,0.08952527,-0.27740753335926177,1.3599999696016312,12.849999712780118,0.04272108324543255,1.1877963548309127,1.2305174380763453,1.0426351721988873,0.006518641168156775,8.0
2026-09-16 23:50:00,0.08952527,-0.29237021980573036,1.3599999696016312,12.849999712780118,0.04272108324543255,1.1877963548309127,1.2305174380763453,1.0276724857524189,0.006518641168156775,8.0
2026-09-17 00:00:00,0.08169471,-0.3048169957853235,1.3099999707192183,12.729999715462327,0.041536866037876985,1.1548709518306757,1.1964078178685527,0.9732855293576661,0.006518641168156775,8.0
2026-09-17 00:10:00,0.08169471,-0.31460726562890345,1.3099999707192183,12.729999715462327,0.041536866037876985,1.1548709518306757,1.1964078178685527,0.9634952595140862,0.006518641168156775,8.0
2026-09-17 00:20:00,0.08169471,-0.3216291051173558,1.3099999707192183,12.729999715462327,0.041536866037876985,1.1548709518306757,1.1964078178685527,0.9564734200256337,0.006518641168156775,8.0
2026-09-17 00:30:00,0.08169471,-0.32580107289142773,1.3099999707192183,12.729999715462327,0.041536866037876985,1.1548709518306757,1.1964078178685527,0.9523014522515618,0.006518641168156775,8.0
2026-09-17 00:40:00,0.08169471,-0.3270735084140067,1.3099999707192183,12.729999715462327,0.041536866037876985,1.1548709518306757,1.1964078178685527,0.951029016728983,0.006518641168156775,8.0
2026-09-17 00:50:00,0.08169471,-0.325429248745715,1.3099999707192183,12.729999715462327,0.041536866037876985,1.1548709518306757,1.1964078178685527,0.9526732763972746,0.006518641168156775,8.0
2026-09-17 01:00:00,0.08169471,-0.32088371421444045,1.3099999707192183,12.729999715462327,0.041536866037876985,1.1548709518306757,1.1964078178685527,0.9572188109285491,0.006518641168156775,8.0
2026-09-17 01:10:00,0.08169471,-0.31348433793400327,1.3099999707192183,12.729999715462327,0.041536866037876985,1.1548709518306757,1.1964078178685527,0.9646181872089863,0.006518641168156775,8.0
2026-09-17 01:20:00,0.08169471,-0.3033093437343935,1.3099999707192183,12.729999715462327,0.041536866037876985,1.1548709518306757,1.1964078178685527,0.9747931814085962,0.006518641168156775,8.0
2026-09-17 01:30:00,0.08169471,-0.2904659096339029,1.3099999707192183,12.729999715462327,0.041536866037876985,1.1548709518306757,1.1964078178685527,0.9876366155090868,0.006518641168156775,8.0
2026-09-17 01:40:00,0.08169471,-0.27508778599267664,1.3099999707192183,12.729999715462327,0.041536866037876985,1.1548709518306757,1.1964078178685527,1.003014739150313,0.006518641168156775,8.0
2026-09-17 01:50:00,0.08169471,-0.25733246636999085,1.3099999707192183,12.729999715462327,0.041536866037876985,1.1548709518306757,1.1964078178685527,1.0207700587729986,0.006518641168156775,8.0
2026-09-17 02:00:00,0.08169471,-0.23737803161607754,1.3099999707192183,12.729999715462327,0.041536866037876985,1.1548709518306757,1.1964078178685527,1.040724493526912,0.006518641168156775,8.0
2026-09-17 02:10:00,0.08169471,-0.21541980172151076,1.3099999707192183,12.729999715462327,0.041536866037876985,1.1548709518306757,1.1964078178685527,1.0626827234214788,0.006518641168156775,8.0
2026-09-17 02:20:00,0.08169471,-0.1916669337393055,1.3099999707192183,12.729999715462327,0.041536866037876985,1.1548709518306757,1.1964078178685527,1.086435591403684,0.006518641168156775,8.0
2026-09-17 02:30:00,0.08169471,-0.16633909717693698,1.3099999707192183,12.729999715462327,0.041536866037876985,1.1548709518306757,1.1964078178685527,1.1117634279660527,0.006518641168156775,8.0
2026-09-17 02:40:00,0.08169471,-0.1396633411416667,1.3099999707192183,12.729999715462327,0.041536866037876985,1.1548709518306757,1.1964078178685527,1.1384391840013228,0.006518641168156775,8.0
2026-09-17 02:50:00,0.08169471,-0.11187124184526342,1.3099999707192183,12.729999715462327,0.041536866037876985,1.1548709518306757,1.1964078178685527,1.1662312832977262,0.006518641168156775,8.0
2026-09-17 03:00:00,0.08169471,-0.08319638728447981,1.2599999718368053,12.58999971859157,0.04028846092394679,1.1201608992985437,1.1604493602224906,1.1589476802124477,0.006518641168156775,8.0
2026-09-17 03:10:00,0.08169471,-0.0538722213041113,1.2599999718368053,12.58999971859157,0.04028846092394679,1.1201608992985437,1.1604493602224906,1.1882718461928161,0.006518641168156775,8.0
2026-09-17 03:20:00,0.08169471,-0.024130235205579935,1.2599999718368053,12.58999971859157,0.04028846092394679,1.1201608992985437,1.1604493602224906,1.2180138322913476,0.006518641168156775,8.0
2026-09-17 03:30:00,0.08169471,0.005801534832988238,1.2599999718368053,12.58999971859157,0.04028846092394679,1.1201608992985437,1.1604493602224906,1.2479456023299158,0.006518641168156775,8.0
2026-09-17 03:40:00,0.08169471,0.03569976905391624,1.2599999718368053,12.58999971859157,0.04028846092394679,1.1201608992985437,1.1604493602224906,1.2778438365508438,0.006518641168156775,8.0
2026-09-17 03:50:00,0.08169471,0.06534696206999212,1.2599999718368053,12.58999971859157,0.04028846092394679,1.1201608992985437,1.1604493602224906,1.3074910295669198,0.006518641168156775,8.0
2026-09-17 04:00:00,0.08169471,0.0945324380215139,1.2599999718368053,12.58999971859157,0.04028846092394679,1.1201608992985437,1.1604493602224906,1.3366765055184415,0.006518641168156775,8.0
2026-09-17 04:10:00,0.08169471,0.12305335558570335,1.2599999718368053,12.58999971859157,0.04028846092394679,1.1201608992985437,1.1604493602224906,1.365197423082631,0.006518641168156775,8.0
2026-09-17 04:20:00,0.08169471,0.15071575760108682,1.2599999718368053,12.58999971859157,0.04028846092394679,1.1201608992985437,1.1604493602224906,1.3928598250980144,0.006518641168156775,8.0
2026-09-17 04:30:00,0.08169471,0.17733569507793656,1.2599999718368053,12.58999971859157,0.04028846092394679,1.1201608992985437,1.1604493602224906,1.419479762574864,0.006518641168156775,8.0
2026-09-17 04:40:00,0.08169471,0.20274042558724698,1.2599999718368053,12.58999971859157,0.04028846092394679,1.1201608992985437,1.1604493602224906,1.4448844930841744,0.006518641168156775,8.0
2026-09-17 04:50:00,0.08169471,0.2267696556877744,1.2599999718368053,12.58999971859157,0.04028846092394679,1.1201608992985437,1.1604493602224906,1.468913723184702,0.006518641168156775,8.0
2026-09-17 05:00:00,0.08169471,0.2492767693276104,1.2599999718368053,12.58999971859157,0.04028846092394679,1.1201608992985437,1.1604493602224906,1.4914208368245379,0.006518641168156775,8.0
2026-09-17 05:10:00,0.08169471,0.2701299628988554,1.2599999718368053,12.58999971859157,0.04028846092394679,1.1201608992985437,1.1604493602224906,1.512274030395783,0.006518641168156775,8.0
2026-09-17 05:20:00,0.08169471,0.2892131953499176,1.2599999718368053,12.58999971859157,0.04028846092394679,1.1201608992985437,1.1604493602224906,1.531357262846845,0.006518641168156775,8.0
2026-09-17 05:30:00,0.08169471,0.3064268604081739,1.2599999718368053,12.58999971859157,0.04028846092394679,1.1201608992985437,1.1604493602224906,1.5485709279051014,0.006518641168156775,8.0
2026-09-17 05:40:00,0.08169471,0.3216880983255264,1.2599999718368053,12.58999971859157,0.04028846092394679,1.1201608992985437,1.1604493602224906,1.5638321658224539,0.006518641168156775,8.0
2026-09-17 05:50:00,0.08169471,0.33493068560856487,1.2599999718368053,12.58999971859157,0.04028846092394679,1.1201608992985437,1.1604493602224906,1.5770747531054923,0.006518641168156775,8.0
2026-09-17 06:00:00,0.08169471,0.34610447169286956,1.2099999729543924,12.419999722391367,0.03894789184845331,1.0828883645146685,1.121836256363122,1.5496354353304285,0.006518641168156775,8.0
2026-09-17 06:10:00,0.08169471,0.35517436793457846,1.2099999729543924,12.419999722391367,0.03894789184845331,1.0828883645146685,1.121836256363122,1.5587053315721373,0.006518641168156775,8.0
2026-09-17 06:20:00,0.08169471,0.3621189336089619,1.2099999729543924,12.419999722391367,0.03894789184845331,1.0828883645146685,1.121836256363122,1.5656498972465207,0.006518641168156775,8.0
2026-09-17 06:30:00,0.08169471,0.36692864131001907,1.2099999729543924,12.419999722391367,0.03894789184845331,1.0828883645146685,1.121836256363122,1.5704596049475779,0.006518641168156775,8.0
2026-09-17 06:40:00,0.08169471,0.3696039366910122,1.2099999729543924,12.419999722391367,0.03894789184845331,1.0828883645146685,1.121836256363122,1.573134900328571,0.006518641168156775,8.0
2026-09-17 06:50:00,0.08169471,0.370153231105666,1.2099999729543924,12.419999722391367,0.03894789184845331,1.0828883645146685,1.121836256363122,1.5736841947432247,0.006518641168156775,8.0
2026-09-17 07:00:00,0.08169471,0.36859097786651324,1.2099999729543924,12.419999722391367,0.03894789184845331,1.0828883645146685,1.121836256363122,1.5721219415040721,0.006518641168156775,8.0
2026-09-17 07:10:00,0.08169471,0.36493598207851635,1.2099999729543924,12.419999722391367,0.03894789184845331,1.0828883645146685,1.121836256363122,1.5684669457160751,0.006518641168156775,8.0
2026-09-17 07:20:00,0.08169471,0.3592100797405246,1.2099999729543924,12.419999722391367,0.03894789184845331,1.0828883645146685,1.121836256363122,1.5627410433780835,0.006518641168156775,8.0
2026-09-17 07:30:00,0.08169471,0.3514372955806512,1.2099999729543924,12.419999722391367,0.03894789184845331,1.0828883645146685,1.121836256363122,1.5549682592182101,0.006518641168156775,8.0
2026-09-17 07:40:00,0.08169471,0.3416435525932757,1.2099999729543924,12.419999722391367,0.03894789184845331,1.0828883645146685,1.121836256363122,1.5451745162308346,0.006518641168156775,8.0
2026-09-17 07:50:00,0.08169471,0.3298569632078476,1.2099999729543924,12.419999722391367,0.03894789184845331,1.0828883645146685,1.121836256363122,1.5333879268454065,0.006518641168156775,8.0
2026-09-17 08:00:00,0.08169471,0.31610868591787894,1.2099999729543924,12.419999722391367,0.03894789184845331,1.0828883645146685,1.121836256363122,1.5196396495554378,0.006518641168156775,8.0
2026-09-17 08:10:00,0.08169471,0.30043428642135306,1.2099999729543924,12.419999722391367,0.03894789184845331,1.0828883645146685,1.121836256363122,1.5039652500589118,0.006518641168156775,8.0
2026-09-17 08:20:00,0.08169471,0.282875502650272,1.2099999729543924,12.419999722391367,0.03894789184845331,1.0828883645146685,1.121836256363122,1.486406466287831,0.006518641168156775,8.0
2026-09-17 08:30:00,0.08169471,0.26348228198783147,1.2099999729543924,12.419999722391367,0.03894789184845331,1.0828883645146685,1.121836256363122,1.4670132456253904,0.006518641168156775,8.0
2026-09-17 08:40:00,0.08169471,0.24231493895659068,1.2099999729543924,12.419999722391367,0.03894789184845331,1.0828883645146685,1.121836256363122,1.4458459025941495,0.006518641168156775,8.0
2026-09-17 08:50:00,0.08169471,0.21944627409032413,1.2099999729543924,12.419999722391367,0.03894789184845331,1.0828883645146685,1.121836256363122,1.422977237727883,0.006518641168156775,8.0
2026-09-17 09:00:00,0.08169471,0.1949634997630497,1.1799999736249447,12.23999972641468,0.03790461552390423,1.0538816137199476,1.0917862292438518,1.3684444362813384,0.006518641168156775,8.0
2026-09-17 09:10:00,0.08169471,0.1689698353873566,1.1799999736249447,12.23999972641468,0.03790461552390423,1.0538816137199476,1.0917862292438518,1.3424507719056453,0.006518641168156775,8.0
2026-09-17 09:20:00,0.08169471,0.1415856605100573,1.1799999736249447,12.23999972641468,0.03790461552390423,1.0538816137199476,1.0917862292438518,1.3150665970283462,0.006518641168156775,8.0
2026-09-17 09:30:00,0.08169471,0.11294914706546028,1.1799999736249447,12.23999972641468,0.03790461552390423,1.0538816137199476,1.0917862292438518,1.286430083583749,0.006518641168156775,8.0
2026-09-17 09:40:00,0.08169471,0.08321632798269178,1.1799999736249447,12.23999972641468,0.03790461552390423,1.0538816137199476,1.0917862292438518,1.2566972645009806,0.006518641168156775,8.0
2026-09-17 09:50:00,0.08169471,0.05256059509752621,1.1799999736249447,12.23999972641468,0.03790461552390423,1.0538816137199476,1.0917862292438518,1.2260415316158149,0.006518641168156775,8.0
2026-09-17 10:00:00,0.08169471,0.021171651666056227,1.1799999736249447,12.23999972641468,0.03790461552390423,1.0538816137199476,1.0917862292438518,1.194652588184345,0.006518641168156775,8.0
2026-09-17 10:10:00,0.08169471,-0.010746028877018064,1.1799999736249447,12.23999972641468,0.03790461552390423,1.0538816137199476,1.0917862292438518,1.1627349076412707,0.006518641168156775,8.0
2026-09-17 10:20:00,0.08169471,-0.042975167540637314,1.1799999736249447,12.23999972641468,0.03790461552390423,1.0538816137199476,1.0917862292438518,1.1305057689776514,0.006518641168156775,8.0
2026-09-17 10:30:00,0.08169471,-0.07528798729828853,1.1799999736249447,12.23999972641468,0.03790461552390423,1.0538816137199476,1.0917862292438518,1.0981929492200002,0.006518641168156775,8.0
2026-09-17 10:40:00,0.08169471,-0.1074487808671596,1.1799999736249447,12.23999972641468,0.03790461552390423,1.0538816137199476,1.0917862292438518,1.0660321556511292,0.006518641168156775,8.0
2026-09-17 10:50:00,0.08169471,-0.1392166612111228,1.1799999736249447,12.23999972641468,0.03790461552390423,1.0538816137199476,1.0917862292438518,1.034264275307166,0.006518641168156775,8.0
2026-09-17 11:00:00,0.08169471,-0.17034842720901403,1.1799999736249447,12.23999972641468,0.03790461552390423,1.0538816137199476,1.0917862292438518,1.0031325093092747,0.006518641168156775,8.0
2026-09-17 11:10:00,0.08169471,-0.20060148983271667,1.1799999736249447,12.23999972641468,0.03790461552390423,1.0538816137199476,1.0917862292438518,0.9728794466855721,0.006518641168156775,8.0
2026-09-17 11:20:00,0.08169471,-0.2297368172149704,1.1799999736249447,12.23999972641468,0.03790461552390423,1.0538816137199476,1.0917862292438518,0.9437441193033184,0.006518641168156775,8.0
2026-09-17 11:30:00,0.08169471,-0.2575218680886238,1.1799999736249447,12.23999972641468,0.03790461552390423,1.0538816137199476,1.0917862292438518,0.915959068429665,0.006518641168156775,8.0
2026-09-17 11:40:00,0.08169471,-0.2837334903326254,1.1799999736249447,12.23999972641468,0.03790461552390423,1.0538816137199476,1.0917862292438518,0.8897474461856634,0.006518641168156775,8.0
2026-09-17 11:50:00,0.08169471,-0.308160763643508,1.1799999736249447,12.23999972641468,0.03790461552390423,1.0538816137199476,1.0917862292438518,0.8653201728747808,0.006518641168156775,8.0
2026-09-17 12:00:00,0.08169471,-0.33060776267061914,1.1399999745190144,12.089999729767442,0.036800049335548556,1.0231707891684982,1.0599708385040467,0.8110577831078645,0.006518641168156775,8.0
2026-09-17 12:10:00,0.08169471,-0.3508962094124429,1.1399999745190144,12.089999729767442,0.036800049335548556,1.0231707891684982,1.0599708385040467,0.7907693363660407,0.006518641168156775,8.0
2026-09-17 12:20:00,0.08169471,-0.368867973327132,1.1399999745190144,12.089999729767442,0.036800049335548556,1.0231707891684982,1.0599708385040467,0.7727975724513516,0.006518641168156775,8.0
2026-09-17 12:30:00,0.08169471,-0.3843873657596574,1.1399999745190144,12.089999729767442,0.036800049335548556,1.0231707891684982,1.0599708385040467,0.7572781800188263,0.006518641168156775,8.0
2026-09-17 12:40:00,0.08169471,-0.39734316477564624,1.1399999745190144,12.089999729767442,0.036800049335548556,1.0231707891684982,1.0599708385040467,0.7443223810028374,0.006518641168156775,8.0
2026-09-17 12:50:00,0.08169471,-0.4076502992258623,1.1399999745190144,12.089999729767442,0.036800049335548556,1.0231707891684982,1.0599708385040467,0.7340152465526213,0.006518641168156775,8.0
2026-09-17 13:00:00,0.08169471,-0.41525111907657325,1.1399999745190144,12.089999729767442,0.036800049335548556,1.0231707891684982,1.0599708385040467,0.7264144267019104,0.006518641168156775,8.0
2026-09-17 13:10:00,0.08169471,-0.42011618412881974,1.1399999745190144,12.089999729767442,0.036800049335548556,1.0231707891684982,1.0599708385040467,0.721549361649664,0.006518641168156775,8.0
2026-09-17 13:20:00,0.08169471,-0.4222445156781918,1.1399999745190144,12.089999729767442,0.036800049335548556,1.0231707891684982,1.0599708385040467,0.7194210301002919,0.006518641168156775,8.0
2026-09-17 13:30:00,0.08169471,-0.42166327549432736,1.1399999745190144,12.089999729767442,0.036800049335548556,1.0231707891684982,1.0599708385040467,0.7200022702841563,0.006518641168156775,8.0
2026-09-17 13:40:00,0.08169471,-0.41842686206363916,1.1399999745190144,12.089999729767442,0.036800049335548556,1.0231707891684982,1.0599708385040467,0.7232386837148446,0.006518641168156775,8.0
2026-09-17 13:50:00,0.08169471,-0.4126154438008065,1.1399999745190144,12.089999729767442,0.036800049335548556,1.0231707891684982,1.0599708385040467,0.7290501019776772,0.006518641168156775,8.0
2026-09-17 14:00:00,0.08169471,-0.40433297981144245,1.1399999745190144,12.089999729767442,0.036800049335548556,1.0231707891684982,1.0599708385040467,0.7373325659670412,0.006518641168156775,8.0
2026-09-17 14:10:00,0.08169471,-0.3937048081315873,1.1399999745190144,12.089999729767442,0.036800049335548556,1.0231707891684982,1.0599708385040467,0.7479607376468964,0.006518641168156775,8.0
2026-09-17 14:20:00,0.08169471,-0.38087490594883905,1.1399999745190144,12.089999729767442,0.036800049335548556,1.0231707891684982,1.0599708385040467,0.7607906398296447,0.006518641168156775,8.0
2026-09-17 14:30:00,0.08169471,-0.3660029436718873,1.1399999745190144,12.089999729767442,0.036800049335548556,1.0231707891684982,1.0599708385040467,0.7756626021065964,0.006518641168156775,8.0
2026-09-17 14:40:00,0.08169471,-0.34926126276212704,1.1399999745190144,12.089999729767442,0.036800049335548556,1.0231707891684982,1.0599708385040467,0.7924042830163567,0.006518641168156775,8.0
2026-09-17 14:50:00,0.08169471,-0.33083190494777287,1.1399999745190144,12.089999729767442,0.036800049335548556,1.0231707891684982,1.0599708385040467,0.8108336408307109,0.006518641168156775,8.0
2026-09-17 15:00:00,0.08169471,-0.31090380778030235,1.1099999751895666,11.979999732226133,0.03598222225858541,1.000432320311843,1.0364145425704285,0.8072054420645631,0.006518641168156775,8.0
2026-09-17 15:10:00,0.08169471,-0.2896702595469953,1.1099999751895666,11.979999732226133,0.03598222225858541,1.000432320311843,1.0364145425704285,0.8284389902978702,0.006518641168156775,8.0
2026-09-17 15:20:00,0.08169471,-0.2673266773654609,1.1099999751895666,11.979999732226133,0.03598222225858541,1.000432320311843,1.0364145425704285,0.8507825724794046,0.006518641168156775,8.0
2026-09-17 15:30:00,0.08169471,-0.24406873879045074,1.1099999751895666,11.979999732226133,0.03598222225858541,1.000432320311843,1.0364145425704285,0.8740405110544147,0.006518641168156775,8.0
2026-09-17 15:40:00,0.08169471,-0.22009086276470932,1.1099999751895666,11.979999732226133,0.03598222225858541,1.000432320311843,1.0364145425704285,0.8980183870801561,0.006518641168156775,8.0
2026-09-17 15:50:00,0.08169471,-0.19558500384517877,1.1099999751895666,11.979999732226133,0.03598222225858541,1.000432320311843,1.0364145425704285,0.9225242459996867,0.006518641168156775,8.0
2026-09-17 16:00:00,0.08169471,-0.1707396975788333,1.1099999751895666,11.979999732226133,0.03598222225858541,1.000432320311843,1.0364145425704285,0.9473695522660321,0.006518641168156775,8.0
2026-09-17 16:10:00,0.08169471,-0.14573927735607378,1.1099999751895666,11.979999732226133,0.03598222225858541,1.000432320311843,1.0364145425704285,0.9723699724887918,0.006518641168156775,8.0
2026-09-17 16:20:00,0.08169471,-0.12076317591927507,1.1099999751895666,11.979999732226133,0.03598222225858541,1.000432320311843,1.0364145425704285,0.9973460739255904,0.006518641168156775,8.0
2026-09-17 16:30:00,0.08169471,-0.0959852284601265,1.1099999751895666,11.979999732226133,0.03598222225858541,1.000432320311843,1.0364145425704285,1.022124021384739,0.006518641168156775,8.0
2026-09-17 16:40:00,0.08169471,-0.07157290860012061,1.1099999751895666,11.979999732226133,0.03598222225858541,1.000432320311843,1.0364145425704285,1.0465363412447448,0.006518641168156775,8.0
2026-09-17 16:50:00,0.08169471,-0.04768645154313592,1.1099999751895666,11.979999732226133,0.03598222225858541,1.000432320311843,1.0364145425704285,1.0704227983017296,0.006518641168156775,8.0
2026-09-17 17:00:00,0.08169471,-0.02447784801494754,1.1099999751895666,11.979999732226133,0.03598222225858541,1.000432320311843,1.0364145425704285,1.093631401829918,0.006518641168156775,8.0
2026-09-17 17:10:00,0.08169471,-0.002089724457070323,1.1099999751895666,11.979999732226133,0.03598222225858541,1.000432320311843,1.0364145425704285,1.1160195253877951,0.006518641168156775,8.0
2026-09-17 17:20:00,0.08169471,0.019345844016653308,1.1099999751895666,11.979999732226133,0.03598222225858541,1.000432320311843,1.0364145425704285,1.1374550938615189,0.006518641168156775,8.0
2026-09-17 17:30:00,0.08169471,0.03970851508749342,1.1099999751895666,11.979999732226133,0.03598222225858541,1.000432320311843,1.0364145425704285,1.1578177649323589,0.006518641168156775,8.0
2026-09-17 17:40:00,0.08169471,0.05889076390631386,1.1099999751895666,11.979999732226133,0.03598222225858541,1.000432320311843,1.0364145425704285,1.1770000137511794,0.006518641168156775,8.0
2026-09-17 17:50:00,0.08169471,0.07679877153297884,1.1099999751895666,11.979999732226133,0.03598222225858541,1.000432320311843,1.0364145425704285,1.1949080213778442,0.006518641168156775,8.0
2026-09-17 18:00:00,0.08169471,0.09335302120199439,1.1099999751895666,11.909999733790755,0.03577197555089752,0.9945867224469157,1.0303586979978132,1.2054064264742446,0.006518641168156775,8.0
2026-09-17 18:10:00,0.08169471,0.10848852149208005,1.1099999751895666,11.909999733790755,0.03577197555089752,0.9945867224469157,1.0303586979978132,1.2205419267643303,0.006518641168156775,8.0
2026-09-17 18:20:00,0.08169471,0.12215460112087628,1.1099999751895666,11.909999733790755,0.03577197555089752,0.9945867224469157,1.0303586979978132,1.2342080063931264,0.006518641168156775,8.0
2026-09-17 18:30:00,0.08169471,0.1343142536642164,1.1099999751895666,11.909999733790755,0.03577197555089752,0.9945867224469157,1.0303586979978132,1.2463676589364665,0.006518641168156775,8.0
2026-09-17 18:40:00,0.08169471,0.14494304907937272,1.1099999751895666,11.909999733790755,0.03577197555089752,0.9945867224469157,1.0303586979978132,1.256996454351623,0.006518641168156775,8.0
2026-09-17 18:50:00,0.08169471,0.15402766832052303,1.1099999751895666,11.909999733790755,0.03577197555089752,0.9945867224469157,1.0303586979978132,1.2660810735927732,0.006518641168156775,8.0
2026-09-17 19:00:00,0.08169471,0.16156415373583546,1.1099999751895666,11.909999733790755,0.03577197555089752,0.9945867224469157,1.0303586979978132,1.2736175590080856,0.006518641168156775,8.0
2026-09-17 19:10:00,0.08169471,0.16755599748236782,1.1099999751895666,11.909999733790755,0.03577197555089752,0.9945867224469157,1.0303586979978132,1.2796094027546179,0.006518641168156775,8.0
2026-09-17 19:20:00,0.08169471,0.17201220960650257,1.1099999751895666,11.909999733790755,0.03577197555089752,0.9945867224469157,1.0303586979978132,1.2840656148787528,0.006518641168156775,8.0
2026-09-17 19:30:00,0.08169471,0.17494551474257233,1.1099999751895666,11.909999733790755,0.03577197555089752,0.9945867224469157,1.0303586979978132,1.2869989200148226,0.006518641168156775,8.0
2026-09-17 19:40:00,0.08169471,0.17637082036688356,1.1099999751895666,11.909999733790755,0.03577197555089752,0.9945867224469157,1.0303586979978132,1.2884242256391336,0.006518641168156775,8.0
2026-09-17 19:50:00,0.08169471,0.17630408071277753,1.1099999751895666,11.909999733790755,0.03577197555089752,0.9945867224469157,1.0303586979978132,1.2883574859850278,0.006518641168156775,8.0
2026-09-17 20:00:00,0.08169471,0.1747616502759638,1.1099999751895666,11.909999733790755,0.03577197555089752,0.9945867224469157,1.0303586979978132,1.2868150555482138,0.006518641168156775,8.0
2026-09-17 20:10:00,0.08169471,0.17176018213847297,1.1099999751895666,11.909999733790755,0.03577197555089752,0.9945867224469157,1.0303586979978132,1.283813587410723,0.006518641168156775,8.0
2026-09-17 20:20:00,0.08169471,0.1673170825272838,1.1099999751895666,11.909999733790755,0.03577197555089752,0.9945867224469157,1.0303586979978132,1.279370487799534,0.006518641168156775,8.0
2026-09-17 20:30:00,0.08169471,0.16145148820553448,1.1099999751895666,11.909999733790755,0.03577197555089752,0.9945867224469157,1.0303586979978132,1.2735048934777846,0.006518641168156775,8.0
2026-09-17 20:40:00,0.08169471,0.15418569148534067,1.1099999751895666,11.909999733790755,0.03577197555089752,0.9945867224469157,1.0303586979978132,1.266239096757591,0.006518641168156775,8.0
2026-09-17 20:50:00,0.08169471,0.14554690250848504,1.1099999751895666,11.909999733790755,0.03577197555089752,0.9945867224469157,1.0303586979978132,1.2576003077807352,0.006518641168156775,8.0
2026-09-17 21:00:00,0.08169471,0.1355692130385854,1.1299999747425318,11.839999735355377,0.035880674500516074,0.9976089355164937,1.0334896100170097,1.2507535303300321,0.006518641168156775,8.0
2026-09-17 21:10:00,0.08169471,0.12429561221122631,1.1299999747425318,11.839999735355377,0.035880674500516074,0.9976089355164937,1.0334896100170097,1.2394799295026728,0.006518641168156775,8.0
2026-09-17 21:20:00,0.08169471,0.11177990339098885,1.1299999747425318,11.839999735355377,0.035880674500516074,0.9976089355164937,1.0334896100170097,1.2269642206824356,0.006518641168156775,8.0
2026-09-17 21:30:00,0.08169471,0.09808838197941416,1.1299999747425318,11.839999735355377,0.035880674500516074,0.9976089355164937,1.0334896100170097,1.2132726992708607,0.006518641168156775,8.0
2026-09-17 21:40:00,0.08169471,0.08330115519447759,1.1299999747425318,11.839999735355377,0.035880674500516074,0.9976089355164937,1.0334896100170097,1.1984854724859242,0.006518641168156775,8.0
2026-09-17 21:50:00,0.08169471,0.06751301395798566,1.1299999747425318,11.839999735355377,0.035880674500516074,0.9976089355164937,1.0334896100170097,1.1826973312494322,0.006518641168156775,8.0
2026-09-17 22:00:00,0.08169471,0.050833800965381,1.1299999747425318,11.839999735355377,0.035880674500516074,0.9976089355164937,1.0334896100170097,1.1660181182568277,0.006518641168156775,8.0
2026-09-17 22:10:00,0.08169471,0.03338825431453076,1.1299999747425318,11.839999735355377,0.035880674500516074,0.9976089355164937,1.0334896100170097,1.1485725716059774,0.006518641168156775,8.0
2026-09-17 22:20:00,0.08169471,0.015315339428262366,1.1299999747425318,11.839999735355377,0.035880674500516074,0.9976089355164937,1.0334896100170097,1.130499656719709,0.006518641168156775,8.0
2026-09-17 22:30:00,0.08169471,-0.0032328895081146203,1.1299999747425318,11.839999735355377,0.035880674500516074,0.9976089355164937,1.0334896100170097,1.111951427783332,0.006518641168156775,8.0
2026-09-17 22:40:00,0.08169471,-0.022092835885279986,1.1299999747425318,11.839999735355377,0.035880674500516074,0.9976089355164937,1.0334896100170097,1.0930914814061667,0.006518641168156775,8.0
2026-09-17 22:50:00,0.08169471,-0.041091238891498114,1.1299999747425318,11.839999735355377,0.035880674500516074,0.9976089355164937,1.0334896100170097,1.0740930783999485,0.006518641168156775,8.0
2026-09-17 23:00:00,0.08169471,-0.060047302938191834,1.1299999747425318,11.839999735355377,0.035880674500516074,0.9976089355164937,1.0334896100170097,1.0551370143532548,0.006518641168156775,8.0
2026-09-17 23:10:00,0.08169471,-0.0787750006295751,1.1299999747425318,11.839999735355377,0.035880674500516074,0.9976089355164937,1.0334896100170097,1.0364093166618715,0.006518641168156775,8.0
2026-09-17 23:20:00,0.08169471,-0.09708548067003028,1.1299999747425318,11.839999735355377,0.035880674500516074,0.9976089355164937,1.0334896100170097,1.0180988366214163,0.006518641168156775,8.0
2026-09-17 23:30:00,0.08169471,-0.11478952509792503,1.1299999747425318,11.839999735355377,0.035880674500516074,0.9976089355164937,1.0334896100170097,1.0003947921935217,0.006518641168156775,8.0
2026-09-17 23:40:00,0.08169471,-0.13170001469446374,1.1299999747425318,11.839999735355377,0.035880674500516074,0.9976089355164937,1.0334896100170097,0.9834843025969828,0.006518641168156775,8.0
2026-09-17 23:50:00,0.08169471,-0.14763437474013535,1.1299999747425318,11.839999735355377,0.035880674500516074,0.9976089355164937,1.0334896100170097,0.9675499425513112,0.006518641168156775,8.0
2026-09-18 00:00:00,0.06662342,-0.16241698357435397,1.1299999747425318,11.759999737143517,0.03563823751064773,0.9908683346008418,1.0265065721114894,0.9307130080603746,0.006518641168156775,8.0
2026-09-18 00:10:00,0.06662342,-0.175881531945208,1.1299999747425318,11.759999737143517,0.03563823751064773,0.9908683346008418,1.0265065721114894,0.9172484596895205,0.006518641168156775,8.0
2026-09-18 00:20:00,0.06662342,-0.18787332132306142,1.1299999747425318,11.759999737143517,0.03563823751064773,0.9908683346008418,1.0265065721114894,0.9052566703116671,0.006518641168156775,8.0
2026-09-18 00:30:00,0.06662342,-0.1982514843299276,1.1299999747425318,11.759999737143517,0.03563823751064773,0.9908683346008418,1.0265065721114894,0.894878507304801,0.006518641168156775,8.0
2026-09-18 00:40:00,0.06662342,-0.20689110117252,1.1299999747425318,11.759999737143517,0.03563823751064773,0.9908683346008418,1.0265065721114894,0.8862388904622086,0.006518641168156775,8.0
2026-09-18 00:50:00,0.06662342,-0.21368517414730076,1.1299999747425318,11.759999737143517,0.03563823751064773,0.9908683346008418,1.0265065721114894,0.8794448174874279,0.006518641168156775,8.0
2026-09-18 01:00:00,0.06662342,-0.21854641014759396,1.1299999747425318,11.759999737143517,0.03563823751064773,0.9908683346008418,1.0265065721114894,0.8745835814871346,0.006518641168156775,8.0
2026-09-18 01:10:00,0.06662342,-0.22140875093023496,1.1299999747425318,11.759999737143517,0.03563823751064773,0.9908683346008418,1.0265065721114894,0.8717212407044936,0.006518641168156775,8.0
2026-09-18 01:20:00,0.06662342,-0.222228584928539,1.1299999747425318,11.759999737143517,0.03563823751064773,0.9908683346008418,1.0265065721114894,0.8709014067061895,0.006518641168156775,8.0
2026-09-18 01:30:00,0.06662342,-0.2209855745002965,1.1299999747425318,11.759999737143517,0.03563823751064773,0.9908683346008418,1.0265065721114894,0.8721444171344321,0.006518641168156775,8.0
2026-09-18 01:40:00,0.06662342,-0.21768303961650726,1.1299999747425318,11.759999737143517,0.03563823751064773,0.9908683346008418,1.0265065721114894,0.8754469520182213,0.006518641168156775,8.0
2026-09-18 01:50:00,0.06662342,-0.21234785358928362,1.1299999747425318,11.759999737143517,0.03563823751064773,0.9908683346008418,1.0265065721114894,0.8807821380454449,0.006518641168156775,8.0
2026-09-18 02:00:00,0.06662342,-0.20502982758741645,1.1299999747425318,11.759999737143517,0.03563823751064773,0.9908683346008418,1.0265065721114894,0.8881001640473121,0.006518641168156775,8.0
2026-09-18 02:10:00,0.06662342,-0.19580058703800352,1.1299999747425318,11.759999737143517,0.03563823751064773,0.9908683346008418,1.0265065721114894,0.897329404596725,0.006518641168156775,8.0
2026-09-18 02:20:00,0.06662342,-0.18475197206717422,1.1299999747425318,11.759999737143517,0.03563823751064773,0.9908683346008418,1.0265065721114894,0.9083780195675544,0.006518641168156775,8.0
2026-09-18 02:30:00,0.06662342,-0.17199402320557816,1.1299999747425318,11.759999737143517,0.03563823751064773,0.9908683346008418,1.0265065721114894,0.9211359684291505,0.006518641168156775,8.0
2026-09-18 02:40:00,0.06662342,-0.15765263965105394,1.1299999747425318,11.759999737143517,0.03563823751064773,0.9908683346008418,1.0265065721114894,0.9354773519836747,0.006518641168156775,8.0
2026-09-18 02:50:00,0.06662342,-0.1418670175847633,1.1299999747425318,11.759999737143517,0.03563823751064773,0.9908683346008418,1.0265065721114894,0.9512629740499653,0.006518641168156775,8.0
2026-09-18 03:00:00,0.06662342,-0.12478698811903126,1.1199999749660492,11.649999739602208,0.035148323187894306,0.9772469935079008,1.012395316695795,0.954231748100003,0.006518641168156775,8.0
2026-09-18 03:10:00,0.06662342,-0.1065703767973332,1.1199999749660492,11.649999739602208,0.035148323187894306,0.9772469935079008,1.012395316695795,0.972448359421701,0.006518641168156775,8.0
2026-09-18 03:20:00,0.06662342,-0.08738049866003005,1.1199999749660492,11.649999739602208,0.035148323187894306,0.9772469935079008,1.012395316695795,0.9916382375590042,0.006518641168156775,8.0
2026-09-18 03:30:00,0.06662342,-0.06738388522508486,1.1199999749660492,11.649999739602208,0.035148323187894306,0.9772469935079008,1.012395316695795,1.0116348509939495,0.006518641168156775,8.0
2026-09-18 03:40:00,0.06662342,-0.046748313890487586,1.1199999749660492,11.649999739602208,0.035148323187894306,0.9772469935079008,1.012395316695795,1.0322704223285466,0.006518641168156775,8.0
2026-09-18 03:50:00,0.06662342,-0.025641178750615178,1.1199999749660492,11.649999739602208,0.035148323187894306,0.9772469935079008,1.012395316695795,1.053377557468419,0.006518641168156775,8.0
2026-09-18 04:00:00,0.06662342,-0.004228207762346516,1.1199999749660492,11.649999739602208,0.035148323187894306,0.9772469935079008,1.012395316695795,1.0747905284566877,0.006518641168156775,8.0
2026-09-18 04:10:00,0.06662342,0.017327501905839437,1.1199999749660492,11.649999739602208,0.035148323187894306,0.9772469935079008,1.012395316695795,1.0963462381248736,0.006518641168156775,8.0
2026-09-18 04:20:00,0.06662342,0.038866187205962174,1.1199999749660492,11.649999739602208,0.035148323187894306,0.9772469935079008,1.012395316695795,1.1178849234249963,0.006518641168156775,8.0
2026-09-18 04:30:00,0.06662342,0.06023193940100491,1.1199999749660492,11.649999739602208,0.035148323187894306,0.9772469935079008,1.012395316695795,1.1392506756200391,0.006518641168156775,8.0
2026-09-18 04:40:00,0.06662342,0.08127313090006082,1.1199999749660492,11.649999739602208,0.035148323187894306,0.9772469935079008,1.012395316695795,1.1602918671190952,0.006518641168156775,8.0
2026-09-18 04:50:00,0.06662342,0.10184283922886916,1.1199999749660492,11.649999739602208,0.035148323187894306,0.9772469935079008,1.012395316695795,1.1808615754479033,0.006518641168156775,8.0
2026-09-18 05:00:00,0.06662342,0.12179934835385627,1.1199999749660492,11.649999739602208,0.035148323187894306,0.9772469935079008,1.012395316695795,1.2008180845728904,0.006518641168156775,8.0
2026-09-18 05:10:00,0.06662342,0.14100678744881603,1.1199999749660492,11.649999739602208,0.035148323187894306,0.9772469935079008,1.012395316695795,1.2200255236678503,0.006518641168156775,8.0
2026-09-18 05:20:00,0.06662342,0.15933593941088714,1.1199999749660492,11.649999739602208,0.035148323187894306,0.9772469935079008,1.012395316695795,1.2383546756299213,0.006518641168156775,8.0
2026-09-18 05:30:00,0.06662342,0.17666521911778632,1.1199999749660492,11.649999739602208,0.035148323187894306,0.9772469935079008,1.012395316695795,1.2556839553368206,0.006518641168156775,8.0
2026-09-18 05:40:00,0.06662342,0.19288178823390925,1.1199999749660492,11.649999739602208,0.035148323187894306,0.9772469935079008,1.012395316695795,1.2719005244529433,0.006518641168156775,8.0
2026-09-18 05:50:00,0.06662342,0.20788274297732634,1.1199999749660492,11.649999739602208,0.035148323187894306,0.9772469935079008,1.012395316695795,1.2869014791963607,0.006518641168156775,8.0
2026-09-18 06:00:00,0.06662342,0.2215762873997346,1.0899999756366014,11.509999742731452,0.03425770355867279,0.9524846357031445,0.9867423392618172,1.274942046184791,0.006518641168156775,8.0
2026-09-18 06:10:00,0.06662342,0.23388279009491933,1.0899999756366014,11.509999742731452,0.03425770355867279,0.9524846357031445,0.9867423392618172,1.2872485488799756,0.006518641168156775,8.0
2026-09-18 06:20:00,0.06662342,0.2447356188934396,1.0899999756366014,11.509999742731452,0.03425770355867279,0.9524846357031445,0.9867423392618172,1.298101377678496,0.006518641168156775,8.0
2026-09-18 06:30:00,0.06662342,0.2540816567888606,1.0899999756366014,11.509999742731452,0.03425770355867279,0.9524846357031445,0.9867423392618172,1.3074474155739169,0.006518641168156775,8.0
2026-09-18 06:40:00,0.06662342,0.261881422416521,1.0899999756366014,11.509999742731452,0.03425770355867279,0.9524846357031445,0.9867423392618172,1.3152471812015774,0.006518641168156775,8.0
2026-09-18 06:50:00,0.06662342,0.2681087482578866,1.0899999756366014,11.509999742731452,0.03425770355867279,0.9524846357031445,0.9867423392618172,1.321474507042943,0.006518641168156775,8.0
2026-09-18 07:00:00,0.06662342,0.27275000640206276,1.0899999756366014,11.509999742731452,0.03425770355867279,0.9524846357031445,0.9867423392618172,1.3261157651871192,0.006518641168156775,8.0
2026-09-18 07:10:00,0.06662342,0.2758029116716418,1.0899999756366014,11.509999742731452,0.03425770355867279,0.9524846357031445,0.9867423392618172,1.329168670456698,0.006518641168156775,8.0
2026-09-18 07:20:00,0.06662342,0.2772749710406959,1.0899999756366014,11.509999742731452,0.03425770355867279,0.9524846357031445,0.9867423392618172,1.330640729825752,0.006518641168156775,8.0
2026-09-18 07:30:00,0.06662342,0.27718168272454125,1.0899999756366014,11.509999742731452,0.03425770355867279,0.9524846357031445,0.9867423392618172,1.3305474415095975,0.006518641168156775,8.0
2026-09-18 07:40:00,0.06662342,0.27554461434734073,1.0899999756366014,11.509999742731452,0.03425770355867279,0.9524846357031445,0.9867423392618172,1.328910373132397,0.006518641168156775,8.0
2026-09-18 07:50:00,0.06662342,0.2723895045486528,1.0899999756366014,11.509999742731452,0.03425770355867279,0.9524846357031445,0.9867423392618172,1.325755263333709,0.006518641168156775,8.0
2026-09-18 08:00:00,0.06662342,0.26774453458974107,1.0899999756366014,11.509999742731452,0.03425770355867279,0.9524846357031445,0.9867423392618172,1.3211102933747974,0.006518641168156775,8.0
2026-09-18 08:10:00,0.06662342,0.26163890546713886,1.0899999756366014,11.509999742731452,0.03425770355867279,0.9524846357031445,0.9867423392618172,1.315004664252195,0.006518641168156775,8.0
2026-09-18 08:20:00,0.06662342,0.25410183279861637,1.0899999756366014,11.509999742731452,0.03425770355867279,0.9524846357031445,0.9867423392618172,1.3074675915836727,0.006518641168156775,8.0
2026-09-18 08:30:00,0.06662342,0.2451620382576682,1.0899999756366014,11.509999742731452,0.03425770355867279,0.9524846357031445,0.9867423392618172,1.2985277970427245,0.006518641168156775,8.0
2026-09-18 08:40:00,0.06662342,0.23484777586439834,1.0899999756366014,11.509999742731452,0.03425770355867279,0.9524846357031445,0.9867423392618172,1.2882135346494548,0.006518641168156775,8.0
2026-09-18 08:50:00,0.06662342,0.22318738762505727,1.0899999756366014,11.509999742731452,0.03425770355867279,0.9524846357031445,0.9867423392618172,1.2765531464101136,0.006518641168156775,8.0
2026-09-18 09:00:00,0.06662342,0.2102103400102351,1.0799999758601189,11.319999746978283,0.033537290980709594,0.9324546325039509,0.9659919234846605,1.2428256830181348,0.006518641168156775,8.0
2026-09-18 09:10:00,0.06662342,0.19594865439017395,1.0799999758601189,11.319999746978283,0.033537290980709594,0.9324546325039509,0.9659919234846605,1.2285639973980735,0.006518641168156775,8.0
2026-09-18 09:20:00,0.06662342,0.18043861424089444,1.0799999758601189,11.319999746978283,0.033537290980709594,0.9324546325039509,0.9659919234846605,1.213053957248794,0.006518641168156775,8.0
2026-09-18 09:30:00,0.06662342,0.1637226121733986,1.0799999758601189,11.319999746978283,0.033537290980709594,0.9324546325039509,0.9659919234846605,1.1963379551812983,0.006518641168156775,8.0
2026-09-18 09:40:00,0.06662342,0.14585099205663837,1.0799999758601189,11.319999746978283,0.033537290980709594,0.9324546325039509,0.9659919234846605,1.178466335064538,0.006518641168156775,8.0
2026-09-18 09:50:00,0.06662342,0.1268837458862279,1.0799999758601189,11.319999746978283,0.033537290980709594,0.9324546325039509,0.9659919234846605,1.1594990888941274,0.006518641168156775,8.0
2026-09-18 10:00:00,0.06662342,0.10689194064458273,1.0799999758601189,11.319999746978283,0.033537290980709594,0.9324546325039509,0.9659919234846605,1.1395072836524824,0.006518641168156775,8.0
2026-09-18 10:10:00,0.06662342,0.08595877511054377,1.0799999758601189,11.319999746978283,0.033537290980709594,0.9324546325039509,0.9659919234846605,1.1185741181184434,0.006518641168156775,8.0
2026-09-18 10:20:00,0.06662342,0.0641801976487597,1.0799999758601189,11.319999746978283,0.033537290980709594,0.9324546325039509,0.9659919234846605,1.0967955406566592,0.006518641168156775,8.0
2026-09-18 10:30:00,0.06662342,0.04166505004351695,1.0799999758601189,11.319999746978283,0.033537290980709594,0.9324546325039509,0.9659919234846605,1.0742803930514166,0.006518641168156775,8.0
2026-09-18 10:40:00,0.06662342,0.01853473611390047,1.0799999758601189,11.319999746978283,0.033537290980709594,0.9324546325039509,0.9659919234846605,1.0511500791218,0.006518641168156775,8.0
2026-09-18 10:50:00,0.06662342,-0.00507755601156849,1.0799999758601189,11.319999746978283,0.033537290980709594,0.9324546325039509,0.9659919234846605,1.0275377869963311,0.006518641168156775,8.0
2026-09-18 11:00:00,0.06662342,-0.029028025076085515,1.0799999758601189,11.319999746978283,0.033537290980709594,0.9324546325039509,0.9659919234846605,1.003587317931814,0.006518641168156775,8.0
2026-09-18 11:10:00,0.06662342,-0.053163752125095456,1.0799999758601189,11.319999746978283,0.033537290980709594,0.9324546325039509,0.9659919234846605,0.9794515908828041,0.006518641168156775,8.0
2026-09-18 11:20:00,0.06662342,-0.07732444327318902,1.0799999758601189,11.319999746978283,0.033537290980709594,0.9324546325039509,0.9659919234846605,0.9552908997347106,0.006518641168156775,8.0
2026-09-18 11:30:00,0.06662342,-0.10134434326088027,1.0799999758601189,11.319999746978283,0.033537290980709594,0.9324546325039509,0.9659919234846605,0.9312709997470193,0.006518641168156775,8.0
2026-09-18 11:40:00,0.06662342,-0.12505425070813647,1.0799999758601189,11.319999746978283,0.033537290980709594,0.9324546325039509,0.9659919234846605,0.9075610922997631,0.006518641168156775,8.0
2026-09-18 11:50:00,0.06662342,-0.14828357835841977,1.0799999758601189,11.319999746978283,0.033537290980709594,0.9324546325039509,0.9659919234846605,0.8843317646494798,0.006518641168156775,8.0
2026-09-18 12:00:00,0.06662342,-0.17086241660463883,1.099999975413084,11.179999750107527,0.033427801955528705,0.9294104525552191,0.9628382545107479,0.8585992574293482,0.006518641168156775,8.0
2026-09-18 12:10:00,0.06662342,-0.19262357374466146,1.099999975413084,11.179999750107527,0.033427801955528705,0.9294104525552191,0.9628382545107479,0.8368381002893256,0.006518641168156775,8.0
2026-09-18 12:20:00,0.06662342,-0.21340457905014723,1.099999975413084,11.179999750107527,0.033427801955528705,0.9294104525552191,0.9628382545107479,0.8160570949838398,0.006518641168156775,8.0
2026-09-18 12:30:00,0.06662342,-0.23304964346586832,1.099999975413084,11.179999750107527,0.033427801955528705,0.9294104525552191,0.9628382545107479,0.7964120305681187,0.006518641168156775,8.0
2026-09-18 12:40:00,0.06662342,-0.251411575874572,1.099999975413084,11.179999750107527,0.033427801955528705,0.9294104525552191,0.9628382545107479,0.778050098159415,0.006518641168156775,8.0
2026-09-18 12:50:00,0.06662342,-0.2683536505681801,1.099999975413084,11.179999750107527,0.033427801955528705,0.9294104525552191,0.9628382545107479,0.761108023465807,0.006518641168156775,8.0
2026-09-18 13:00:00,0.06662342,-0.28375141398218534,1.099999975413084,11.179999750107527,0.033427801955528705,0.9294104525552191,0.9628382545107479,0.7457102600518017,0.006518641168156775,8.0
2026-09-18 13:10:00,0.06662342,-0.297494407615298,1.099999975413084,11.179999750107527,0.033427801955528705,0.9294104525552191,0.9628382545107479,0.731967266418689,0.006518641168156775,8.0
2026-09-18 13:20:00,0.06662342,-0.309487770998309,1.099999975413084,11.179999750107527,0.033427801955528705,0.9294104525552191,0.9628382545107479,0.719973903035678,0.006518641168156775,8.0
2026-09-18 13:30:00,0.06662342,-0.31965367621451507,1.099999975413084,11.179999750107527,0.033427801955528705,0.9294104525552191,0.9628382545107479,0.709807997819472,0.006518641168156775,8.0
2026-09-18 13:40:00,0.06662342,-0.3279325359168141,1.099999975413084,11.179999750107527,0.033427801955528705,0.9294104525552191,0.9628382545107479,0.7015291381171729,0.006518641168156775,8.0
2026-09-18 13:50:00,0.06662342,-0.3342839222617244,1.099999975413084,11.179999750107527,0.033427801955528705,0.9294104525552191,0.9628382545107479,0.6951777517722626,0.006518641168156775,8.0
2026-09-18 14:00:00,0.06662342,-0.3386871362176268,1.099999975413084,11.179999750107527,0.033427801955528705,0.9294104525552191,0.9628382545107479,0.6907745378163602,0.006518641168156775,8.0
2026-09-18 14:10:00,0.06662342,-0.34114137590290233,1.099999975413084,11.179999750107527,0.033427801955528705,0.9294104525552191,0.9628382545107479,0.6883202981310848,0.006518641168156775,8.0
2026-09-18 14:20:00,0.06662342,-0.3416654690467648,1.099999975413084,11.179999750107527,0.033427801955528705,0.9294104525552191,0.9628382545107479,0.6877962049872222,0.006518641168156775,8.0
2026-09-18 14:30:00,0.06662342,-0.34029715699651747,1.099999975413084,11.179999750107527,0.033427801955528705,0.9294104525552191,0.9628382545107479,0.6891645170374696,0.006518641168156775,8.0
2026-09-18 14:40:00,0.06662342,-0.3370919442513974,1.099999975413084,11.179999750107527,0.033427801955528705,0.9294104525552191,0.9628382545107479,0.6923697297825897,0.006518641168156775,8.0
2026-09-18 14:50:00,0.06662342,-0.3321215555377534,1.099999975413084,11.179999750107527,0.033427801955528705,0.9294104525552191,0.9628382545107479,0.6973401184962336,0.006518641168156775,8.0
2026-09-18 15:00:00,0.06662342,-0.3254720691968542,1.1099999751895666,11.069999752566218,0.033249015058642785,0.9244395480677882,0.9576885631264309,0.6988399134528158,0.006518641168156775,8.0
2026-09-18 15:10:00,0.06662342,-0.31724181814201086,1.1099999751895666,11.069999752566218,0.033249015058642785,0.9244395480677882,0.9576885631264309,0.7070701645076591,0.006518641168156775,8.0
2026-09-18 15:20:00,0.06662342,-0.30753916527561515,1.1099999751895666,11.069999752566218,0.033249015058642785,0.9244395480677882,0.9576885631264309,0.7167728173740548,0.006518641168156775,8.0
2026-09-18 15:30:00,0.06662342,-0.2964802670911763,1.1099999751895666,11.069999752566218,0.033249015058642785,0.9244395480677882,0.9576885631264309,0.7278317155584937,0.006518641168156775,8.0
2026-09-18 15:40:00,0.06662342,-0.284186936111397,1.1099999751895666,11.069999752566218,0.033249015058642785,0.9244395480677882,0.9576885631264309,0.740125046538273,0.006518641168156775,8.0
2026-09-18 15:50:00,0.06662342,-0.27078469981795245,1.1099999751895666,11.069999752566218,0.033249015058642785,0.9244395480677882,0.9576885631264309,0.7535272828317177,0.006518641168156775,8.0
2026-09-18 16:00:00,0.06662342,-0.2564011318437285,1.1099999751895666,11.069999752566218,0.033249015058642785,0.9244395480677882,0.9576885631264309,0.7679108508059416,0.006518641168156775,8.0
2026-09-18 16:10:00,0.06662342,-0.24116450244010446,1.1099999751895666,11.069999752566218,0.033249015058642785,0.9244395480677882,0.9576885631264309,0.7831474802095656,0.006518641168156775,8.0
2026-09-18 16:20:00,0.06662342,-0.22520276248471402,1.1099999751895666,11.069999752566218,0.033249015058642785,0.9244395480677882,0.9576885631264309,0.799109220164956,0.006518641168156775,8.0
2026-09-18 16:30:00,0.06662342,-0.20864284182798268,1.1099999751895666,11.069999752566218,0.033249015058642785,0.9244395480677882,0.9576885631264309,0.8156691408216874,0.006518641168156775,8.0
2026-09-18 16:40:00,0.06662342,-0.19161021215572746,1.1099999751895666,11.069999752566218,0.033249015058642785,0.9244395480677882,0.9576885631264309,0.8327017704939426,0.006518641168156775,8.0
2026-09-18 16:50:00,0.06662342,-0.17422863999560304,1.1099999751895666,11.069999752566218,0.033249015058642785,0.9244395480677882,0.9576885631264309,0.850083342654067,0.006518641168156775,8.0
2026-09-18 17:00:00,0.06662342,-0.15662003964204124,1.1099999751895666,11.069999752566218,0.033249015058642785,0.9244395480677882,0.9576885631264309,0.8676919430076289,0.006518641168156775,8.0
2026-09-18 17:10:00,0.06662342,-0.1389043305295929,1.1099999751895666,11.069999752566218,0.033249015058642785,0.9244395480677882,0.9576885631264309,0.8854076521200771,0.006518641168156775,8.0
2026-09-18 17:20:00,0.06662342,-0.12119920936562005,1.1099999751895666,11.069999752566218,0.033249015058642785,0.9244395480677882,0.9576885631264309,0.90311277328405,0.006518641168156775,8.0
2026-09-18 17:30:00,0.06662342,-0.10361976392860672,1.1099999751895666,11.069999752566218,0.033249015058642785,0.9244395480677882,0.9576885631264309,0.9206922187210633,0.006518641168156775,8.0
2026-09-18 17:40:00,0.06662342,-0.08627788074865164,1.1099999751895666,11.069999752566218,0.033249015058642785,0.9244395480677882,0.9576885631264309,0.9380341019010184,0.006518641168156775,8.0
2026-09-18 17:50:00,0.06662342,-0.06928143059978024,1.1099999751895666,11.069999752566218,0.033249015058642785,0.9244395480677882,0.9576885631264309,0.9550305520498898,0.006518641168156775,8.0
2026-09-18 18:00:00,0.06662342,-0.052733250071205086,1.1299999747425318,10.95999975502491,0.03321386761196421,0.9234623254443218,0.956676193056286,0.9705663625083201,0.006518641168156775,8.0
2026-09-18 18:10:00,0.06662342,-0.03672997091918512,1.1299999747425318,10.95999975502491,0.03321386761196421,0.9234623254443218,0.956676193056286,0.98656964166034,0.006518641168156775,8.0
2026-09-18 18:20:00,0.06662342,-0.021360777538709047,1.1299999747425318,10.95999975502491,0.03321386761196421,0.9234623254443218,0.956676193056286,1.001938835040816,0.006518641168156775,8.0
2026-09-18 18:30:00,0.06662342,-0.006706193417953265,1.1299999747425318,10.95999975502491,0.03321386761196421,0.9234623254443218,0.956676193056286,1.016593419161572,0.006518641168156775,8.0
2026-09-18 18:40:00,0.06662342,0.007162992459283289,1.1299999747425318,10.95999975502491,0.03321386761196421,0.9234623254443218,0.956676193056286,1.0304626050388084,0.006518641168156775,8.0
2026-09-18 18:50:00,0.06662342,0.02018655036501293,1.1299999747425318,10.95999975502491,0.03321386761196421,0.9234623254443218,0.956676193056286,1.043486162944538,0.006518641168156775,8.0
2026-09-18 19:00:00,0.06662342,0.032315290726345015,1.1299999747425318,10.95999975502491,0.03321386761196421,0.9234623254443218,0.956676193056286,1.0556149033058702,0.006518641168156775,8.0
2026-09-18 19:10:00,0.06662342,0.04351113138138585,1.1299999747425318,10.95999975502491,0.03321386761196421,0.9234623254443218,0.956676193056286,1.066810743960911,0.006518641168156775,8.0
2026-09-18 19:20:00,0.06662342,0.053746714951542776,1.1299999747425318,10.95999975502491,0.03321386761196421,0.9234623254443218,0.956676193056286,1.077046327531068,0.006518641168156775,8.0
2026-09-18 19:30:00,0.06662342,0.06300457930642275,1.1299999747425318,10.95999975502491,0.03321386761196421,0.9234623254443218,0.956676193056286,1.086304191885948,0.006518641168156775,8.0
2026-09-18 19:40:00,0.06662342,0.07127592470490157,1.1299999747425318,10.95999975502491,0.03321386761196421,0.9234623254443218,0.956676193056286,1.0945755372844268,0.006518641168156775,8.0
2026-09-18 19:50:00,0.06662342,0.07855905929840612,1.1299999747425318,10.95999975502491,0.03321386761196421,0.9234623254443218,0.956676193056286,1.1018586718779313,0.006518641168156775,8.0
2026-09-18 20:00:00,0.06662342,0.08485763640824814,1.1299999747425318,10.95999975502491,0.03321386761196421,0.9234623254443218,0.956676193056286,1.1081572489877733,0.006518641168156775,8.0
2026-09-18 20:10:00,0.06662342,0.09017881895268827,1.1299999747425318,10.95999975502491,0.03321386761196421,0.9234623254443218,0.956676193056286,1.1134784315322135,0.006518641168156775,8.0
2026-09-18 20:20:00,0.06662342,0.09453151645595094,1.1299999747425318,10.95999975502491,0.03321386761196421,0.9234623254443218,0.956676193056286,1.117831129035476,0.006518641168156775,8.0
2026-09-18 20:30:00,0.06662342,0.09792483696710813,1.1299999747425318,10.95999975502491,0.03321386761196421,0.9234623254443218,0.956676193056286,1.1212244495466333,0.006518641168156775,8.0
2026-09-18 20:40:00,0.06662342,0.10036688027199463,1.1299999747425318,10.95999975502491,0.03321386761196421,0.9234623254443218,0.956676193056286,1.1236664928515199,0.006518641168156775,8.0
2026-09-18 20:50:00,0.06662342,0.1018639713070062,1.1299999747425318,10.95999975502491,0.03321386761196421,0.9234623254443218,0.956676193056286,1.1251635838865313,0.006518641168156775,8.0
2026-09-18 21:00:00,0.06662342,0.10242039645291402,1.1299999747425318,10.859999757260084,0.03291082137462877,0.9150365742997569,0.9479473956743857,1.116991211650539,0.006518641168156775,8.0
2026-09-18 21:10:00,0.06662342,0.10203866367087237,1.1299999747425318,10.859999757260084,0.03291082137462877,0.9150365742997569,0.9479473956743857,1.1166094788684973,0.006518641168156775,8.0
2026-09-18 21:20:00,0.06662342,0.1007202642685433,1.1299999747425318,10.859999757260084,0.03291082137462877,0.9150365742997569,0.9479473956743857,1.1152910794661681,0.006518641168156775,8.0
2026-09-18 21:30:00,0.06662342,0.09846687344689524,1.1299999747425318,10.859999757260084,0.03291082137462877,0.9150365742997569,0.9479473956743857,1.1130376886445201,0.006518641168156775,8.0
2026-09-18 21:40:00,0.06662342,0.09528189229051258,1.1299999747425318,10.859999757260084,0.03291082137462877,0.9150365742997569,0.9479473956743857,1.1098527074881375,0.006518641168156775,8.0
2026-09-18 21:50:00,0.06662342,0.09117220862388636,1.1299999747425318,10.859999757260084,0.03291082137462877,0.9150365742997569,0.9479473956743857,1.1057430238215111,0.006518641168156775,8.0
2026-09-18 22:00:00,0.06662342,0.08615004004024249,1.1299999747425318,10.859999757260084,0.03291082137462877,0.9150365742997569,0.9479473956743857,1.1007208552378673,0.006518641168156775,8.0
2026-09-18 22:10:00,0.06662342,0.0802347203810121,1.1299999747425318,10.859999757260084,0.03291082137462877,0.9150365742997569,0.9479473956743857,1.094805535578637,0.006518641168156775,8.0
2026-09-18 22:20:00,0.06662342,0.07345430053220901,1.1299999747425318,10.859999757260084,0.03291082137462877,0.9150365742997569,0.9479473956743857,1.0880251157298337,0.006518641168156775,8.0
2026-09-18 22:30:00,0.06662342,0.06584685417193856,1.1299999747425318,10.859999757260084,0.03291082137462877,0.9150365742997569,0.9479473956743857,1.0804176693695633,0.006518641168156775,8.0
2026-09-18 22:40:00,0.06662342,0.05746140657481793,1.1299999747425318,10.859999757260084,0.03291082137462877,0.9150365742997569,0.9479473956743857,1.0720322217724427,0.006518641168156775,8.0
2026-09-18 22:50:00,0.06662342,0.04835843669584196,1.1299999747425318,10.859999757260084,0.03291082137462877,0.9150365742997569,0.9479473956743857,1.0629292518934668,0.006518641168156775,8.0
2026-09-18 23:00:00,0.06662342,0.03860993608512,1.1299999747425318,10.859999757260084,0.03291082137462877,0.9150365742997569,0.9479473956743857,1.053180751282745,0.006518641168156775,8.0
2026-09-18 23:10:00,0.06662342,0.02829903954599259,1.1299999747425318,10.859999757260084,0.03291082137462877,0.9150365742997569,0.9479473956743857,1.0428698547436175,0.006518641168156775,8.0
2026-09-18 23:20:00,0.06662342,0.017519268786477832,1.1299999747425318,10.859999757260084,0.03291082137462877,0.9150365742997569,0.9479473956743857,1.0320900839841027,0.006518641168156775,8.0
2026-09-18 23:30:00,0.06662342,0.0063734497743428474,1.1299999747425318,10.859999757260084,0.03291082137462877,0.9150365742997569,0.9479473956743857,1.0209442649719676,0.006518641168156775,8.0
2026-09-18 23:40:00,0.06662342,-0.005027624500681805,1.1299999747425318,10.859999757260084,0.03291082137462877,0.9150365742997569,0.9479473956743857,1.009543190696943,0.006518641168156775,8.0
2026-09-18 23:50:00,0.06662342,-0.016566711347666654,1.1299999747425318,10.859999757260084,0.03291082137462877,0.9150365742997569,0.9479473956743857,0.9980041038499582,0.006518641168156775,8.0
2026-09-19 00:00:00,0.06662342,-0.028121746377090747,1.1299999747425318,10.859999757260084,0.03291082137462877,0.9150365742997569,0.9479473956743857,0.9864490688205341,0.006518641168156775,8.0
2026-09-19 00:10:00,,-0.03956752370483122,,,,,,,0.006518641168156775,8.0
2026-09-19 00:20:00,,-0.050777384675988205,,,,,,,0.006518641168156775,8.0
2026-09-19 00:30:00,,-0.06162488747894159,,,,,,,0.006518641168156775,8.0
2026-09-19 00:40:00,,-0.07198544468029622,,,,,,,0.006518641168156775,8.0
2026-09-19 00:50:00,,-0.08173792709090835,,,,,,,0.006518641168156775,8.0
2026-09-19 01:00:00,,-0.0907662384622081,,,,,,,0.006518641168156775,8.0
2026-09-19 01:10:00,,-0.09896086615367265,,,,,,,0.006518641168156775,8.0
2026-09-19 01:20:00,,-0.10622040745016703,,,,,,,0.006518641168156775,8.0
2026-09-19 01:30:00,,-0.11245306143036952,,,,,,,0.006518641168156775,8.0
2026-09-19 01:40:00,,-0.11757806315667846,,,,,,,0.006518641168156775,8.0
2026-09-19 01:50:00,,-0.12152702316413179,,,,,,,0.006518641168156775,8.0
2026-09-19 02:00:00,,-0.12424512291992415,,,,,,,0.006518641168156775,8.0
2026-09-19 02:10:00,,-0.1256921084351142,,,,,,,0.006518641168156775,8.0
2026-09-19 02:20:00,,-0.1258430215383803,,,,,,,0.006518641168156775,8.0
2026-09-19 02:30:00,,-0.12468861239903456,,,,,,,0.006518641168156775,8.0
2026-09-19 02:40:00,,-0.1222353885000324,,,,,,,0.006518641168156775,8.0
2026-09-19 02:50:00,,-0.11850527330764876,,,,,,,0.006518641168156775,8.0
2026-09-19 03:00:00,,-0.11353487144600166,,,,,,,0.006518641168156775,8.0
2026-09-19 03:10:00,,-0.10737436358692558,,,,,,,0.006518641168156775,8.0
2026-09-19 03:20:00,,-0.10008608109170693,,,,,,,0.006518641168156775,8.0
2026-09-19 03:30:00,,-0.09174283463297565,,,,,,,0.006518641168156775,8.0
2026-09-19 03:40:00,,-0.08242608980387287,,,,,,,0.006518641168156775,8.0
2026-09-19 03:50:00,,-0.07222409382284688,,,,,,,0.006518641168156775,8.0
2026-09-19 04:00:00,,-0.06123005925927185,,,,,,,0.006518641168156775,8.0
2026-09-19 04:10:00,,-0.049540502677144965,,,,,,,0.006518641168156775,8.0
2026-09-19 04:20:00,,-0.03725381870612393,,,,,,,0.006518641168156775,8.0
2026-09-19 04:30:00,,-0.02446914479782916,,,,,,,0.006518641168156775,8.0
2026-09-19 04:40:00,,-0.011285541289273863,,,,,,,0.006518641168156775,8.0
2026-09-19 04:50:00,,0.0021985215366432755,,,,,,,0.006518641168156775,8.0
2026-09-19 05:00:00,,0.015885409524666737,,,,,,,0.006518641168156775,8.0
2026-09-19 05:10:00,,0.029678371189414365,,,,,,,0.006518641168156775,8.0
2026-09-19 05:20:00,,0.04348147183014455,,,,,,,0.006518641168156775,8.0
2026-09-19 05:30:00,,0.057199512127609875,,,,,,,0.006518641168156775,8.0
2026-09-19 05:40:00,,0.07073802716430667,,,,,,,0.006518641168156775,8.0
2026-09-19 05:50:00,,0.08400344945908582,,,,,,,0.006518641168156775,8.0
2026-09-19 06:00:00,,0.09690349765456718,,,,,,,0.006518641168156775,8.0
2026-09-19 06:10:00,,0.10934782253576457,,,,,,,0.006518641168156775,8.0
2026-09-19 06:20:00,,0.12124890777061766,,,,,,,0.006518641168156775,8.0
2026-09-19 06:30:00,,0.13252318746767186,,,,,,,0.006518641168156775,8.0
2026-09-19 06:40:00,,0.1430923102859774,,,,,,,0.006518641168156775,8.0
2026-09-19 06:50:00,,0.15288445416876525,,,,,,,0.006518641168156775,8.0
2026-09-19 07:00:00,,0.16183557940768237,,,,,,,0.006518641168156775,8.0
2026-09-19 07:10:00,,0.16989050323499563,,,,,,,0.006518641168156775,8.0
2026-09-19 07:20:00,,0.1770036866512118,,,,,,,0.006518641168156775,8.0
2026-09-19 07:30:00,,0.18313964394876597,,,,,,,0.006518641168156775,8.0
2026-09-19 07:40:00,,0.18827291503906693,,,,,,,0.006518641168156775,8.0
2026-09-19 07:50:00,,0.19238757792298739,,,,,,,0.006518641168156775,8.0
2026-09-19 08:00:00,,0.195476319532916,,,,,,,0.006518641168156775,8.0
2026-09-19 08:10:00,,0.19753912376763985,,,,,,,0.006518641168156775,8.0
2026-09-19 08:20:00,,0.19858167189615292,,,,,,,0.006518641168156775,8.0
2026-09-19 08:30:00,,0.19861357868770257,,,,,,,0.006518641168156775,8.0
2026-09-19 08:40:00,,0.197646605161148,,,,,,,0.006518641168156775,8.0
2026-09-19 08:50:00,,0.19569299347951633,,,,,,,0.006518641168156775,8.0
2026-09-19 09:00:00,,0.19276406120191408,,,,,,,0.006518641168156775,8.0
2026-09-19 09:10:00,,0.18886917117976704,,,,,,,0.006518641168156775,8.0
2026-09-19 09:20:00,,0.1840151622177678,,,,,,,0.006518641168156775,8.0
2026-09-19 09:30:00,,0.1782062869551148,,,,,,,0.006518641168156775,8.0
2026-09-19 09:40:00,,0.17144466112382645,,,,,,,0.006518641168156775,8.0
2026-09-19 09:50:00,,0.1637311863160577,,,,,,,0.006518641168156775,8.0
2026-09-19 10:00:00,,0.15506687056503343,,,,,,,0.006518641168156775,8.0
2026-09-19 10:10:00,,0.1454544407814512,,,,,,,0.006518641168156775,8.0
2026-09-19 10:20:00,,0.13490012095502132,,,,,,,0.006518641168156775,8.0
2026-09-19 10:30:00,,0.12341544143002764,,,,,,,0.006518641168156775,8.0
2026-09-19 10:40:00,,0.1110189478747429,,,,,,,0.006518641168156775,8.0
2026-09-19 10:50:00,,0.09773769272110962,,,,,,,0.006518641168156775,8.0
2026-09-19 11:00:00,,0.08360841504077703,,,,,,,0.006518641168156775,8.0
2026-09-19 11:10:00,,0.0686783441523586,,,,,,,0.006518641168156775,8.0
2026-09-19 11:20:00,,0.05300559450472964,,,,,,,0.006518641168156775,8.0
2026-09-19 11:30:00,,0.03665915132832833,,,,,,,0.006518641168156775,8.0
2026-09-19 11:40:00,,0.01971847473487856,,,,,,,0.006518641168156775,8.0
2026-09-19 11:50:00,,0.00227277241522795,,,,,,,0.006518641168156775,8.0
2026-09-19 12:00:00,,-0.015579994548113462,,,,,,,0.006518641168156775,8.0
2026-09-19 12:10:00,,-0.03373430192374219,,,,,,,0.006518641168156775,8.0
2026-09-19 12:20:00,,-0.05207837992849689,,,,,,,0.006518641168156775,8.0
2026-09-19 12:30:00,,-0.07049559822042707,,,,,,,0.006518641168156775,8.0
2026-09-19 12:40:00,,-0.08886587213803196,,,,,,,0.006518641168156775,8.0
2026-09-19 12:50:00,,-0.10706706022275278,,,,,,,0.006518641168156775,8.0
2026-09-19 13:00:00,,-0.12497633900652184,,,,,,,0.006518641168156775,8.0
2026-09-19 13:10:00,,-0.1424715547405174,,,,,,,0.006518641168156775,8.0
2026-09-19 13:20:00,,-0.15943256050658017,,,,,,,0.006518641168156775,8.0
2026-09-19 13:30:00,,-0.17574255077245168,,,,,,,0.006518641168156775,8.0
2026-09-19 13:40:00,,-0.19128940251870852,,,,,,,0.006518641168156775,8.0
2026-09-19 13:50:00,,-0.2059670240832533,,,,,,,0.006518641168156775,8.0
2026-09-19 14:00:00,,-0.2196767004150826,,,,,,,0.006518641168156775,8.0
2026-09-19 14:10:00,,-0.2323284089860455,,,,,,,0.006518641168156775,8.0
2026-09-19 14:20:00,,-0.24384206631910363,,,,,,,0.006518641168156775,8.0
2026-09-19 14:30:00,,-0.2541486532270262,,,,,,,0.006518641168156775,8.0
2026-09-19 14:40:00,,-0.2631911600461764,,,,,,,0.006518641168156775,8.0
2026-09-19 14:50:00,,-0.2709252922957386,,,,,,,0.006518641168156775,8.0
2026-09-19 15:00:00,,-0.27731988395761425,,,,,,,0.006518641168156775,8.0
2026-09-19 15:10:00,,-0.28235697911836566,,,,,,,0.006518641168156775,8.0
2026-09-19 15:20:00,,-0.2860315627265899,,,,,,,0.006518641168156775,8.0
2026-09-19 15:30:00,,-0.28835094539554085,,,,,,,0.006518641168156775,8.0
2026-09-19 15:40:00,,-0.28933383333279894,,,,,,,0.006518641168156775,8.0
2026-09-19 15:50:00,,-0.28900913968550823,,,,,,,0.006518641168156775,8.0
2026-09-19 16:00:00,,-0.28741461489814524,,,,,,,0.006518641168156775,8.0
2026-09-19 16:10:00,,-0.2845953886667092,,,,,,,0.006518641168156775,8.0
2026-09-19 16:20:00,,-0.28060252257454854,,,,,,,0.006518641168156775,8.0
2026-09-19 16:30:00,,-0.27549166956126164,,,,,,,0.006518641168156775,8.0
2026-09-19 16:40:00,,-0.26932192382699943,,,,,,,0.006518641168156775,8.0
2026-09-19 16:50:00,,-0.26215492362583687,,,,,,,0.006518641168156775,8.0
2026-09-19 17:00:00,,-0.2540542416548304,,,,,,,0.006518641168156775,8.0
2026-09-19 17:10:00,,-0.24508506612343448,,,,,,,0.006518641168156775,8.0
2026-09-19 17:20:00,,-0.2353141434432391,,,,,,,0.006518641168156775,8.0
2026-09-19 17:30:00,,-0.22480992425854177,,,,,,,0.006518641168156775,8.0
2026-09-19 17:40:00,,-0.2136428313528074,,,,,,,0.006518641168156775,8.0
2026-09-19 17:50:00,,-0.20188555377096531,,,,,,,0.006518641168156775,8.0
2026-09-19 18:00:00,,-0.18961326758496086,,,,,,,0.006518641168156775,8.0
2026-09-19 18:10:00,,-0.1769036912980934,,,,,,,0.006518641168156775,8.0
2026-09-19 18:20:00,,-0.16383690189341457,,,,,,,0.006518641168156775,8.0
2026-09-19 18:30:00,,-0.15049486464212167,,,,,,,0.006518641168156775,8.0
2026-09-19 18:40:00,,-0.1369606630155306,,,,,,,0.006518641168156775,8.0
2026-09-19 18:50:00,,-0.12331745111831975,,,,,,,0.006518641168156775,8.0
2026-09-19 19:00:00,,-0.10964718609323898,,,,,,,0.006518641168156775,8.0
2026-09-19 19:10:00,,-0.09602922796579001,,,,,,,0.006518641168156775,8.0
2026-09-19 19:20:00,,-0.08253891652067948,,,,,,,0.006518641168156775,8.0
2026-09-19 19:30:00,,-0.06924624573618537,,,,,,,0.006518641168156775,8.0
2026-09-19 19:40:00,,-0.056214755428853555,,,,,,,0.006518641168156775,8.0
2026-09-19 19:50:00,,-0.04350074605261321,,,,,,,0.006518641168156775,8.0
2026-09-19 20:00:00,,-0.03115289780909031,,,,,,,0.006518641168156775,8.0
2026-09-19 20:10:00,,-0.01921234112949267,,,,,,,0.006518641168156775,8.0
2026-09-19 20:20:00,,-0.007713185784227355,,,,,,,0.006518641168156775,8.0
2026-09-19 20:30:00,,0.0033165259476387256,,,,,,,0.006518641168156775,8.0
2026-09-19 20:40:00,,0.013853516307277696,,,,,,,0.006518641168156775,8.0
2026-09-19 20:50:00,,0.02387772703109141,,,,,,,0.006518641168156775,8.0
2026-09-19 21:00:00,,0.033370664205332384,,,,,,,0.006518641168156775,8.0
2026-09-19 21:10:00,,0.042313777088926016,,,,,,,0.006518641168156775,8.0
2026-09-19 21:20:00,,0.05068701424758951,,,,,,,0.006518641168156775,8.0
2026-09-19 21:30:00,,0.058467686423812656,,,,,,,0.006518641168156775,8.0
2026-09-19 21:40:00,,0.06562974013085486,,,,,,,0.006518641168156775,8.0
2026-09-19 21:50:00,,0.07214351128305027,,,,,,,0.006518641168156775,8.0
2026-09-19 22:00:00,,0.07797598775958622,,,,,,,0.006518641168156775,8.0
2026-09-19 22:10:00,,0.0830915674756135,,,,,,,0.006518641168156775,8.0
2026-09-19 22:20:00,,0.08745325824818258,,,,,,,0.006518641168156775,8.0
2026-09-19 22:30:00,,0.09102423128364777,,,,,,,0.006518641168156775,8.0
2026-09-19 22:40:00,,0.09376961435890403,,,,,,,0.006518641168156775,8.0
2026-09-19 22:50:00,,0.09565839590211274,,,,,,,0.006518641168156775,8.0
2026-09-19 23:00:00,,0.0966653080115063,,,,,,,0.006518641168156775,8.0
2026-09-19 23:10:00,,0.09677256473340023,,,,,,,0.006518641168156775,8.0
2026-09-19 23:20:00,,0.09597135021039485,,,,,,,0.006518641168156775,8.0
2026-09-19 23:30:00,,0.09426297722879728,,,,,,,0.006518641168156775,8.0
2026-09-19 23:40:00,,0.09165966723355927,,,,,,,0.006518641168156775,8.0
2026-09-19 23:50:00,,0.08818493469430953,,,,,,,0.006518641168156775,8.0
