,SSH_10min,Tide_10min,Significant_Wave_Height,Peak_Wave_Period,Wave_Setup,Wave_Swash,Wave_Runup,Total_Water_Level,beach_slope,water_depth
2026-08-01 00:00:00,0.02933721,-0.6505229992954046,0.9599999785423279,14.189999682828784,0.03963580529652215,1.1020147776105418,1.141650582907064,0.520464794192366,0.006518641168156775,8.0
2026-08-01 00:10:00,0.02933721,-0.6225313857383009,0.9599999785423279,14.189999682828784,0.03963580529652215,1.1020147776105418,1.141650582907064,0.5484564077494697,0.006518641168156775,8.0
2026-08-01 00:20:00,0.02933721,-0.5907853302326064,0.9599999785423279,14.189999682828784,0.03963580529652215,1.1020147776105418,1.141650582907064,0.5802024632551642,0.006518641168156775,8.0
2026-08-01 00:30:00,0.02933721,-0.555540966519239,0.9599999785423279,14.189999682828784,0.03963580529652215,1.1020147776105418,1.141650582907064,0.6154468269685316,0.006518641168156775,8.0
2026-08-01 00:40:00,0.02933721,-0.5170725654109078,0.9599999785423279,14.189999682828784,0.03963580529652215,1.1020147776105418,1.141650582907064,0.6539152280768628,0.006518641168156775,8.0
2026-08-01 00:50:00,0.02933721,-0.47567004933758067,0.9599999785423279,14.189999682828784,0.03963580529652215,1.1020147776105418,1.141650582907064,0.6953177441501899,0.006518641168156775,8.0
2026-08-01 01:00:00,0.02933721,-0.4316367438502537,0.9599999785423279,14.189999682828784,0.03963580529652215,1.1020147776105418,1.141650582907064,0.7393510496375169,0.006518641168156775,8.0
2026-08-01 01:10:00,0.02933721,-0.38528733687665623,0.9599999785423279,14.189999682828784,0.03963580529652215,1.1020147776105418,1.141650582907064,0.7857004566111143,0.006518641168156775,8.0
2026-08-01 01:20:00,0.02933721,-0.3369459921716495,0.9599999785423279,14.189999682828784,0.03963580529652215,1.1020147776105418,1.141650582907064,0.834041801316121,0.006518641168156775,8.0
2026-08-01 01:30:00,0.02933721,-0.2869445472618618,0.9599999785423279,14.189999682828784,0.03963580529652215,1.1020147776105418,1.141650582907064,0.8840432462259088,0.006518641168156775,8.0
2026-08-01 01:40:00,0.02933721,-0.23562072063026268,0.9599999785423279,14.189999682828784,0.03963580529652215,1.1020147776105418,1.141650582907064,0.9353670728575079,0.006518641168156775,8.0
2026-08-01 01:50:00,0.02933721,-0.18331625774758806,0.9599999785423279,14.189999682828784,0.03963580529652215,1.1020147776105418,1.141650582907064,0.9876715357401825,0.006518641168156775,8.0
2026-08-01 02:00:00,0.02933721,-0.13037496072802623,0.9599999785423279,14.189999682828784,0.03963580529652215,1.1020147776105418,1.141650582907064,1.0406128327597444,0.006518641168156775,8.0
2026-08-01 02:10:00,0.02933721,-0.07714056964677743,0.9599999785423279,14.189999682828784,0.03963580529652215,1.1020147776105418,1.141650582907064,1.093847223840993,0.006518641168156775,8.0
2026-08-01 02:20:00,0.02933721,-0.02395449239058029,0.9599999785423279,14.189999682828784,0.03963580529652215,1.1020147776105418,1.141650582907064,1.1470333010971903,0.006518641168156775,8.0
2026-08-01 02:30:00,0.02933721,0.028846589065467335,0.9599999785423279,14.189999682828784,0.03963580529652215,1.1020147776105418,1.141650582907064,1.199834382553238,0.006518641168156775,8.0
2026-08-01 02:40:00,0.02933721,0.08093317888232805,0.9599999785423279,14.189999682828784,0.03963580529652215,1.1020147776105418,1.141650582907064,1.2519209723700986,0.006518641168156775,8.0
2026-08-01 02:50:00,0.02933721,0.13198541258588625,0.9599999785423279,14.189999682828784,0.03963580529652215,1.1020147776105418,1.141650582907064,1.302973206073657,0.006518641168156775,8.0
2026-08-01 03:00:00,0.02933721,0.18169539004966181,0.9599999785423279,13.889999689534307,0.038797839011183416,1.0787163679359002,1.1175142069470836,1.328546807577452,0.006518641168156775,8.0
2026-08-01 03:10:00,0.02933721,0.22976929318935302,0.9599999785423279,13.889999689534307,0.038797839011183416,1.0787163679359002,1.1175142069470836,1.3766207107171433,0.006518641168156775,8.0
2026-08-01 03:20:00,0.02933721,0.2759291914140129,0.9599999785423279,13.889999689534307,0.038797839011183416,1.0787163679359002,1.1175142069470836,1.4227806089418031,0.006518641168156775,8.0
2026-08-01 03:30:00,0.02933721,0.31991445503450605,0.9599999785423279,13.889999689534307,0.038797839011183416,1.0787163679359002,1.1175142069470836,1.4667658725622963,0.006518641168156775,8.0
2026-08-01 03:40:00,0.02933721,0.36148272407439186,0.9599999785423279,13.889999689534307,0.038797839011183416,1.0787163679359002,1.1175142069470836,1.508334141602182,0.006518641168156775,8.0
2026-08-01 03:50:00,0.02933721,0.4004104145621063,0.9599999785423279,13.889999689534307,0.038797839011183416,1.0787163679359002,1.1175142069470836,1.5472618320898965,0.006518641168156775,8.0
2026-08-01 04:00:00,0.02933721,0.4364927829272407,0.9599999785423279,13.889999689534307,0.038797839011183416,1.0787163679359002,1.1175142069470836,1.5833442004550309,0.006518641168156775,8.0
2026-08-01 04:10:00,0.02933721,0.46954360802179934,0.9599999785423279,13.889999689534307,0.038797839011183416,1.0787163679359002,1.1175142069470836,1.6163950255495896,0.006518641168156775,8.0
2026-08-01 04:20:00,0.02933721,0.499394585015415,0.9599999785423279,13.889999689534307,0.038797839011183416,1.0787163679359002,1.1175142069470836,1.6462460025432053,0.006518641168156775,8.0
2026-08-01 04:30:00,0.02933721,0.525894552856246,0.9599999785423279,13.889999689534307,0.038797839011183416,1.0787163679359002,1.1175142069470836,1.6727459703840362,0.006518641168156775,8.0
2026-08-01 04:40:00,0.02933721,0.5489086936110991,0.9599999785423279,13.889999689534307,0.038797839011183416,1.0787163679359002,1.1175142069470836,1.6957601111388891,0.006518641168156775,8.0
2026-08-01 04:50:00,0.02933721,0.5683178462837291,0.9599999785423279,13.889999689534307,0.038797839011183416,1.0787163679359002,1.1175142069470836,1.7151692638115192,0.006518641168156775,8.0
2026-08-01 05:00:00,0.02933721,0.584018068589788,0.9599999785423279,13.889999689534307,0.038797839011183416,1.0787163679359002,1.1175142069470836,1.7308694861175782,0.006518641168156775,8.0
2026-08-01 05:10:00,0.02933721,0.595920558413671,0.9599999785423279,13.889999689534307,0.038797839011183416,1.0787163679359002,1.1175142069470836,1.7427719759414613,0.006518641168156775,8.0
2026-08-01 05:20:00,0.02933721,0.6039520140356767,0.9599999785423279,13.889999689534307,0.038797839011183416,1.0787163679359002,1.1175142069470836,1.7508034315634668,0.006518641168156775,8.0
2026-08-01 05:30:00,0.02933721,0.6080554715972177,0.9599999785423279,13.889999689534307,0.038797839011183416,1.0787163679359002,1.1175142069470836,1.754906889125008,0.006518641168156775,8.0
2026-08-01 05:40:00,0.02933721,0.6081916133786469,0.9599999785423279,13.889999689534307,0.038797839011183416,1.0787163679359002,1.1175142069470836,1.755043030906437,0.006518641168156775,8.0
2026-08-01 05:50:00,0.02933721,0.6043404953489124,0.9599999785423279,13.889999689534307,0.038797839011183416,1.0787163679359002,1.1175142069470836,1.7511919128767026,0.006518641168156775,8.0
2026-08-01 06:00:00,0.02933721,0.5965036011386017,0.9499999787658453,13.589999696239829,0.037761647492504026,1.0499065996600534,1.0876682471525574,1.7135090588718658,0.006518641168156775,8.0
2026-08-01 06:10:00,0.02933721,0.5847060958170454,0.9499999787658453,13.589999696239829,0.037761647492504026,1.0499065996600534,1.0876682471525574,1.7017115535503093,0.006518641168156775,8.0
2026-08-01 06:20:00,0.02933721,0.5689991293494624,0.9499999787658453,13.589999696239829,0.037761647492504026,1.0499065996600534,1.0876682471525574,1.6860045870827265,0.006518641168156775,8.0
2026-08-01 06:30:00,0.02933721,0.5494620283407545,0.9499999787658453,13.589999696239829,0.037761647492504026,1.0499065996600534,1.0876682471525574,1.6664674860740185,0.006518641168156775,8.0
2026-08-01 06:40:00,0.02933721,0.5262042161104564,0.9499999787658453,13.589999696239829,0.037761647492504026,1.0499065996600534,1.0876682471525574,1.6432096738437205,0.006518641168156775,8.0
2026-08-01 06:50:00,0.02933721,0.4993667147955139,0.9499999787658453,13.589999696239829,0.037761647492504026,1.0499065996600534,1.0876682471525574,1.6163721725287779,0.006518641168156775,8.0
2026-08-01 07:00:00,0.02933721,0.4691231072940535,0.9499999787658453,13.589999696239829,0.037761647492504026,1.0499065996600534,1.0876682471525574,1.5861285650273174,0.006518641168156775,8.0
2026-08-01 07:10:00,0.02933721,0.43567986864490593,0.9499999787658453,13.589999696239829,0.037761647492504026,1.0499065996600534,1.0876682471525574,1.55268532637817,0.006518641168156775,8.0
2026-08-01 07:20:00,0.02933721,0.39927601305749294,0.9499999787658453,13.589999696239829,0.037761647492504026,1.0499065996600534,1.0876682471525574,1.5162814707907568,0.006518641168156775,8.0
2026-08-01 07:30:00,0.02933721,0.3601820401800962,0.9499999787658453,13.589999696239829,0.037761647492504026,1.0499065996600534,1.0876682471525574,1.4771874979133601,0.006518641168156775,8.0
2026-08-01 07:40:00,0.02933721,0.31869819969272384,0.9499999787658453,13.589999696239829,0.037761647492504026,1.0499065996600534,1.0876682471525574,1.4357036574259878,0.006518641168156775,8.0
2026-08-01 07:50:00,0.02933721,0.27515212344985474,0.9499999787658453,13.589999696239829,0.037761647492504026,1.0499065996600534,1.0876682471525574,1.3921575811831186,0.006518641168156775,8.0
2026-08-01 08:00:00,0.02933721,0.22989589756297793,0.9499999787658453,13.589999696239829,0.037761647492504026,1.0499065996600534,1.0876682471525574,1.3469013552962419,0.006518641168156775,8.0
2026-08-01 08:10:00,0.02933721,0.1833026615256277,0.9499999787658453,13.589999696239829,0.037761647492504026,1.0499065996600534,1.0876682471525574,1.3003081192588917,0.006518641168156775,8.0
2026-08-01 08:20:00,0.02933721,0.1357628278398653,0.9499999787658453,13.589999696239829,0.037761647492504026,1.0499065996600534,1.0876682471525574,1.2527682855731292,0.006518641168156775,8.0
2026-08-01 08:30:00,0.02933721,0.08768001435466861,0.9499999787658453,13.589999696239829,0.037761647492504026,1.0499065996600534,1.0876682471525574,1.2046854720879325,0.006518641168156775,8.0
2026-08-01 08:40:00,0.02933721,0.039466774089294734,0.9499999787658453,13.589999696239829,0.037761647492504026,1.0499065996600534,1.0876682471525574,1.1564722318225586,0.006518641168156775,8.0
2026-08-01 08:50:00,0.02933721,-0.008459803531554275,0.9499999787658453,13.589999696239829,0.037761647492504026,1.0499065996600534,1.0876682471525574,1.1085456542017098,0.006518641168156775,8.0
2026-08-01 09:00:00,0.02933721,-0.05568255883176937,0.9499999787658453,13.35999970138073,0.03712256147901794,1.0321377609608766,1.0692603224398947,1.042914974188832,0.006518641168156775,8.0
2026-08-01 09:10:00,0.02933721,-0.10178874542324838,0.9499999787658453,13.35999970138073,0.03712256147901794,1.0321377609608766,1.0692603224398947,0.9968087875973529,0.006518641168156775,8.0
2026-08-01 09:20:00,0.02933721,-0.14637448980647733,0.9499999787658453,13.35999970138073,0.03712256147901794,1.0321377609608766,1.0692603224398947,0.9522230432141239,0.006518641168156775,8.0
2026-08-01 09:30:00,0.02933721,-0.18904918969149725,0.9499999787658453,13.35999970138073,0.03712256147901794,1.0321377609608766,1.0692603224398947,0.9095483433291041,0.006518641168156775,8.0
2026-08-01 09:40:00,0.02933721,-0.2294398130496444,0.9499999787658453,13.35999970138073,0.03712256147901794,1.0321377609608766,1.0692603224398947,0.8691577199709568,0.006518641168156775,8.0
2026-08-01 09:50:00,0.02933721,-0.2671950544926255,0.9499999787658453,13.35999970138073,0.03712256147901794,1.0321377609608766,1.0692603224398947,0.8314024785279758,0.006518641168156775,8.0
2026-08-01 10:00:00,0.02933721,-0.3019892967489233,0.9499999787658453,13.35999970138073,0.03712256147901794,1.0321377609608766,1.0692603224398947,0.796608236271678,0.006518641168156775,8.0
2026-08-01 10:10:00,0.02933721,-0.33352631448660214,0.9499999787658453,13.35999970138073,0.03712256147901794,1.0321377609608766,1.0692603224398947,0.7650712185339992,0.006518641168156775,8.0
2026-08-01 10:20:00,0.02933721,-0.36154264756313936,0.9499999787658453,13.35999970138073,0.03712256147901794,1.0321377609608766,1.0692603224398947,0.7370548854574619,0.006518641168156775,8.0
2026-08-01 10:30:00,0.02933721,-0.38581056353114085,0.9499999787658453,13.35999970138073,0.03712256147901794,1.0321377609608766,1.0692603224398947,0.7127869694894604,0.006518641168156775,8.0
2026-08-01 10:40:00,0.02933721,-0.4061405266748346,0.9499999787658453,13.35999970138073,0.03712256147901794,1.0321377609608766,1.0692603224398947,0.6924570063457667,0.006518641168156775,8.0
2026-08-01 10:50:00,0.02933721,-0.42238309499858395,0.9499999787658453,13.35999970138073,0.03712256147901794,1.0321377609608766,1.0692603224398947,0.6762144380220173,0.006518641168156775,8.0
2026-08-01 11:00:00,0.02933721,-0.4344301779803977,0.9499999787658453,13.35999970138073,0.03712256147901794,1.0321377609608766,1.0692603224398947,0.6641673550402036,0.006518641168156775,8.0
2026-08-01 11:10:00,0.02933721,-0.4422156068631708,0.9499999787658453,13.35999970138073,0.03712256147901794,1.0321377609608766,1.0692603224398947,0.6563819261574304,0.006518641168156775,8.0
2026-08-01 11:20:00,0.02933721,-0.44571499465603537,0.9499999787658453,13.35999970138073,0.03712256147901794,1.0321377609608766,1.0692603224398947,0.6528825383645659,0.006518641168156775,8.0
2026-08-01 11:30:00,0.02933721,-0.4449448932173633,0.9499999787658453,13.35999970138073,0.03712256147901794,1.0321377609608766,1.0692603224398947,0.653652639803238,0.006518641168156775,8.0
2026-08-01 11:40:00,0.02933721,-0.43996128722947925,0.9499999787658453,13.35999970138073,0.03712256147901794,1.0321377609608766,1.0692603224398947,0.658636245791122,0.006518641168156775,8.0
2026-08-01 11:50:00,0.02933721,-0.43085749666641693,0.9499999787658453,13.35999970138073,0.03712256147901794,1.0321377609608766,1.0692603224398947,0.6677400363541843,0.006518641168156775,8.0
2026-08-01 12:00:00,0.02933721,-0.4177615874126831,1.0099999774247408,13.209999704733491,0.037847149777542784,1.05228386387677,1.0901310136543128,0.7017066368223362,0.006518641168156775,8.0
2026-08-01 12:10:00,0.02933721,-0.40083341125874006,1.0099999774247408,13.209999704733491,0.037847149777542784,1.05228386387677,1.0901310136543128,0.7186348129762793,0.006518641168156775,8.0
2026-08-01 12:20:00,0.02933721,-0.38026140919352297,1.0099999774247408,13.209999704733491,0.037847149777542784,1.05228386387677,1.0901310136543128,0.7392068150414963,0.006518641168156775,8.0
2026-08-01 12:30:00,0.02933721,-0.3562593144247556,1.0099999774247408,13.209999704733491,0.037847149777542784,1.05228386387677,1.0901310136543128,0.7632089098102637,0.006518641168156775,8.0
2026-08-01 12:40:00,0.02933721,-0.3290628833111108,1.0099999774247408,13.209999704733491,0.037847149777542784,1.05228386387677,1.0901310136543128,0.7904053409239086,0.006518641168156775,8.0
2026-08-01 12:50:00,0.02933721,-0.2989267641889268,1.0099999774247408,13.209999704733491,0.037847149777542784,1.05228386387677,1.0901310136543128,0.8205414600460925,0.006518641168156775,8.0
2026-08-01 13:00:00,0.02933721,-0.2661215875229974,1.0099999774247408,13.209999704733491,0.037847149777542784,1.05228386387677,1.0901310136543128,0.8533466367120219,0.006518641168156775,8.0
2026-08-01 13:10:00,0.02933721,-0.23093132861515828,1.0099999774247408,13.209999704733491,0.037847149777542784,1.05228386387677,1.0901310136543128,0.888536895619861,0.006518641168156775,8.0
2026-08-01 13:20:00,0.02933721,-0.19365095943273836,1.0099999774247408,13.209999704733491,0.037847149777542784,1.05228386387677,1.0901310136543128,0.925817264802281,0.006518641168156775,8.0
2026-08-01 13:30:00,0.02933721,-0.1545843724883702,1.0099999774247408,13.209999704733491,0.037847149777542784,1.05228386387677,1.0901310136543128,0.9648838517466491,0.006518641168156775,8.0
2026-08-01 13:40:00,0.02933721,-0.11404253073073436,1.0099999774247408,13.209999704733491,0.037847149777542784,1.05228386387677,1.0901310136543128,1.005425693504285,0.006518641168156775,8.0
2026-08-01 13:50:00,0.02933721,-0.07234177569298181,1.0099999774247408,13.209999704733491,0.037847149777542784,1.05228386387677,1.0901310136543128,1.0471264485420375,0.006518641168156775,8.0
2026-08-01 14:00:00,0.02933721,-0.029802214346649872,1.0099999774247408,13.209999704733491,0.037847149777542784,1.05228386387677,1.0901310136543128,1.0896660098883695,0.006518641168156775,8.0
2026-08-01 14:10:00,0.02933721,0.013253896094965719,1.0099999774247408,13.209999704733491,0.037847149777542784,1.05228386387677,1.0901310136543128,1.132722120329985,0.006518641168156775,8.0
2026-08-01 14:20:00,0.02933721,0.0565038364709698,1.0099999774247408,13.209999704733491,0.037847149777542784,1.05228386387677,1.0901310136543128,1.1759720607059891,0.006518641168156775,8.0
2026-08-01 14:30:00,0.02933721,0.09962623890797245,1.0099999774247408,13.209999704733491,0.037847149777542784,1.05228386387677,1.0901310136543128,1.2190944631429919,0.006518641168156775,8.0
2026-08-01 14:40:00,0.02933721,0.14230305043244376,1.0099999774247408,13.209999704733491,0.037847149777542784,1.05228386387677,1.0901310136543128,1.2617712746674632,0.006518641168156775,8.0
2026-08-01 14:50:00,0.02933721,0.18422164170082372,1.0099999774247408,13.209999704733491,0.037847149777542784,1.05228386387677,1.0901310136543128,1.3036898659358431,0.006518641168156775,8.0
2026-08-01 15:00:00,0.02933721,0.2250770245200024,1.1099999751895666,13.0899997074157,0.03931613433763632,1.0931268007414043,1.1324429350790406,1.3868571701797496,0.006518641168156775,8.0
2026-08-01 15:10:00,0.02933721,0.26457411372398015,1.1099999751895666,13.0899997074157,0.03931613433763632,1.0931268007414043,1.1324429350790406,1.4263542593837273,0.006518641168156775,8.0
2026-08-01 15:20:00,0.02933721,0.3024299476121618,1.1099999751895666,13.0899997074157,0.03931613433763632,1.0931268007414043,1.1324429350790406,1.4642100932719089,0.006518641168156775,8.0
2026-08-01 15:30:00,0.02933721,0.3383757688484825,1.1099999751895666,13.0899997074157,0.03931613433763632,1.0931268007414043,1.1324429350790406,1.5001559145082297,0.006518641168156775,8.0
2026-08-01 15:40:00,0.02933721,0.3721588666093926,1.1099999751895666,13.0899997074157,0.03931613433763632,1.0931268007414043,1.1324429350790406,1.5339390122691399,0.006518641168156775,8.0
2026-08-01 15:50:00,0.02933721,0.403544091009521,1.1099999751895666,13.0899997074157,0.03931613433763632,1.0931268007414043,1.1324429350790406,1.5653242366692681,0.006518641168156775,8.0
2026-08-01 16:00:00,0.02933721,0.4323149719942234,1.1099999751895666,13.0899997074157,0.03931613433763632,1.0931268007414043,1.1324429350790406,1.5940951176539706,0.006518641168156775,8.0
2026-08-01 16:10:00,0.02933721,0.45827440488306403,1.1099999751895666,13.0899997074157,0.03931613433763632,1.0931268007414043,1.1324429350790406,1.6200545505428112,0.006518641168156775,8.0
2026-08-01 16:20:00,0.02933721,0.4812449006233958,1.1099999751895666,13.0899997074157,0.03931613433763632,1.0931268007414043,1.1324429350790406,1.643025046283143,0.006518641168156775,8.0
2026-08-01 16:30:00,0.02933721,0.5010684371508334,1.1099999751895666,13.0899997074157,0.03931613433763632,1.0931268007414043,1.1324429350790406,1.6628485828105806,0.006518641168156775,8.0
2026-08-01 16:40:00,0.02933721,0.5176059846465438,1.1099999751895666,13.0899997074157,0.03931613433763632,1.0931268007414043,1.1324429350790406,1.6793861303062911,0.006518641168156775,8.0
2026-08-01 16:50:00,0.02933721,0.5307368085923464,1.1099999751895666,13.0899997074157,0.03931613433763632,1.0931268007414043,1.1324429350790406,1.6925169542520937,0.006518641168156775,8.0
2026-08-01 17:00:00,0.02933721,0.5403576764634388,1.1099999751895666,13.0899997074157,0.03931613433763632,1.0931268007414043,1.1324429350790406,1.702137822123186,0.006518641168156775,8.0
2026-08-01 17:10:00,0.02933721,0.5463821045341545,1.1099999751895666,13.0899997074157,0.03931613433763632,1.0931268007414043,1.1324429350790406,1.7081622501939018,0.006518641168156775,8.0
2026-08-01 17:20:00,0.02933721,0.5487397789521349,1.1099999751895666,13.0899997074157,0.03931613433763632,1.0931268007414043,1.1324429350790406,1.710519924611882,0.006518641168156775,8.0
2026-08-01 17:30:00,0.02933721,0.5473762700110839,1.1099999751895666,13.0899997074157,0.03931613433763632,1.0931268007414043,1.1324429350790406,1.7091564156708312,0.006518641168156775,8.0
2026-08-01 17:40:00,0.02933721,0.5422531315456088,1.1099999751895666,13.0899997074157,0.03931613433763632,1.0931268007414043,1.1324429350790406,1.704033277205356,0.006518641168156775,8.0
2026-08-01 17:50:00,0.02933721,0.5333484409368259,1.1099999751895666,13.0899997074157,0.03931613433763632,1.0931268007414043,1.1324429350790406,1.695128586596573,0.006518641168156775,8.0
2026-08-01 18:00:00,0.02933721,0.5206577927074002,1.1199999749660492,12.999999709427357,0.0392213048448606,1.090490207347872,1.1297115121927326,1.6797065154808393,0.006518641168156775,8.0
2026-08-01 18:10:00,0.02933721,0.5041957139396563,1.1199999749660492,12.999999709427357,0.0392213048448606,1.090490207347872,1.1297115121927326,1.6632444367130956,0.006518641168156775,8.0
2026-08-01 18:20:00,0.02933721,0.4839974269027244,1.1199999749660492,12.999999709427357,0.0392213048448606,1.090490207347872,1.1297115121927326,1.6430461496761635,0.006518641168156775,8.0
2026-08-01 18:30:00,0.02933721,0.4601208471968445,1.1199999749660492,12.999999709427357,0.0392213048448606,1.090490207347872,1.1297115121927326,1.6191695699702837,0.006518641168156775,8.0
2026-08-01 18:40:00,0.02933721,0.4326486776624667,1.1199999749660492,12.999999709427357,0.0392213048448606,1.090490207347872,1.1297115121927326,1.591697400435906,0.006518641168156775,8.0
2026-08-01 18:50:00,0.02933721,0.4016904416787099,1.1199999749660492,12.999999709427357,0.0392213048448606,1.090490207347872,1.1297115121927326,1.560739164452149,0.006518641168156775,8.0
2026-08-01 19:00:00,0.02933721,0.3673842954505544,1.1199999749660492,12.999999709427357,0.0392213048448606,1.090490207347872,1.1297115121927326,1.5264330182239936,0.006518641168156775,8.0
2026-08-01 19:10:00,0.02933721,0.3298984674630632,1.1199999749660492,12.999999709427357,0.0392213048448606,1.090490207347872,1.1297115121927326,1.4889471902365023,0.006518641168156775,8.0
2026-08-01 19:20:00,0.02933721,0.289432193328305,1.1199999749660492,12.999999709427357,0.0392213048448606,1.090490207347872,1.1297115121927326,1.4484809161017442,0.006518641168156775,8.0
2026-08-01 19:30:00,0.02933721,0.24621604340086442,1.1199999749660492,12.999999709427357,0.0392213048448606,1.090490207347872,1.1297115121927326,1.4052647661743036,0.006518641168156775,8.0
2026-08-01 19:40:00,0.02933721,0.20051157598480274,1.1199999749660492,12.999999709427357,0.0392213048448606,1.090490207347872,1.1297115121927326,1.3595602987582418,0.006518641168156775,8.0
2026-08-01 19:50:00,0.02933721,0.152610287045792,1.1199999749660492,12.999999709427357,0.0392213048448606,1.090490207347872,1.1297115121927326,1.3116590098192311,0.006518641168156775,8.0
2026-08-01 20:00:00,0.02933721,0.10283186487699995,1.1199999749660492,12.999999709427357,0.0392213048448606,1.090490207347872,1.1297115121927326,1.261880587650439,0.006518641168156775,8.0
2026-08-01 20:10:00,0.02933721,0.051521791684198875,1.1199999749660492,12.999999709427357,0.0392213048448606,1.090490207347872,1.1297115121927326,1.210570514457638,0.006518641168156775,8.0
2026-08-01 20:20:00,0.02933721,-0.000951638699753366,1.1199999749660492,12.999999709427357,0.0392213048448606,1.090490207347872,1.1297115121927326,1.1580970840736857,0.006518641168156775,8.0
2026-08-01 20:30:00,0.02933721,-0.054200798619371965,1.1199999749660492,12.999999709427357,0.0392213048448606,1.090490207347872,1.1297115121927326,1.1048479241540672,0.006518641168156775,8.0
2026-08-01 20:40:00,0.02933721,-0.10782260120879579,1.1199999749660492,12.999999709427357,0.0392213048448606,1.090490207347872,1.1297115121927326,1.0512261215646435,0.006518641168156775,8.0
2026-08-01 20:50:00,0.02933721,-0.1614026709871714,1.1199999749660492,12.999999709427357,0.0392213048448606,1.090490207347872,1.1297115121927326,0.9976460517862678,0.006518641168156775,8.0
2026-08-01 21:00:00,0.02933721,-0.21451971481111373,1.1199999749660492,12.8599997125566,0.03879892156191595,1.0787464666533566,1.1175453882152726,0.9323628839848654,0.006518641168156775,8.0
2026-08-01 21:10:00,0.02933721,-0.26675000773836316,1.1199999749660492,12.8599997125566,0.03879892156191595,1.0787464666533566,1.1175453882152726,0.8801325910576161,0.006518641168156775,8.0
2026-08-01 21:20:00,0.02933721,-0.3176719216014449,1.1199999749660492,12.8599997125566,0.03879892156191595,1.0787464666533566,1.1175453882152726,0.8292106771945342,0.006518641168156775,8.0
2026-08-01 21:30:00,0.02933721,-0.36687043737164327,1.1199999749660492,12.8599997125566,0.03879892156191595,1.0787464666533566,1.1175453882152726,0.7800121614243359,0.006518641168156775,8.0
2026-08-01 21:40:00,0.02933721,-0.41394159410377407,1.1199999749660492,12.8599997125566,0.03879892156191595,1.0787464666533566,1.1175453882152726,0.7329410046922051,0.006518641168156775,8.0
2026-08-01 21:50:00,0.02933721,-0.45849683504011296,1.1199999749660492,12.8599997125566,0.03879892156191595,1.0787464666533566,1.1175453882152726,0.6883857637558662,0.006518641168156775,8.0
2026-08-01 22:00:00,0.02933721,-0.5001672146971955,1.1199999749660492,12.8599997125566,0.03879892156191595,1.0787464666533566,1.1175453882152726,0.6467153840987837,0.006518641168156775,8.0
2026-08-01 22:10:00,0.02933721,-0.5386074291611752,1.1199999749660492,12.8599997125566,0.03879892156191595,1.0787464666533566,1.1175453882152726,0.608275169634804,0.006518641168156775,8.0
2026-08-01 22:20:00,0.02933721,-0.5734996258819121,1.1199999749660492,12.8599997125566,0.03879892156191595,1.0787464666533566,1.1175453882152726,0.5733829729140671,0.006518641168156775,8.0
2026-08-01 22:30:00,0.02933721,-0.6045569407045821,1.1199999749660492,12.8599997125566,0.03879892156191595,1.0787464666533566,1.1175453882152726,0.5423256580913971,0.006518641168156775,8.0
2026-08-01 22:40:00,0.02933721,-0.6315267002978336,1.1199999749660492,12.8599997125566,0.03879892156191595,1.0787464666533566,1.1175453882152726,0.5153558984981456,0.006518641168156775,8.0
2026-08-01 22:50:00,0.02933721,-0.6541932201557995,1.1199999749660492,12.8599997125566,0.03879892156191595,1.0787464666533566,1.1175453882152726,0.4926893786401797,0.006518641168156775,8.0
2026-08-01 23:00:00,0.02933721,-0.6723801238306115,1.1199999749660492,12.8599997125566,0.03879892156191595,1.0787464666533566,1.1175453882152726,0.4745024749653677,0.006518641168156775,8.0
2026-08-01 23:10:00,0.02933721,-0.6859521102209473,1.1199999749660492,12.8599997125566,0.03879892156191595,1.0787464666533566,1.1175453882152726,0.46093048857503194,0.006518641168156775,8.0
2026-08-01 23:20:00,0.02933721,-0.6948161036199126,1.1199999749660492,12.8599997125566,0.03879892156191595,1.0787464666533566,1.1175453882152726,0.45206649517606656,0.006518641168156775,8.0
2026-08-01 23:30:00,0.02933721,-0.6989217364777498,1.1199999749660492,12.8599997125566,0.03879892156191595,1.0787464666533566,1.1175453882152726,0.4479608623182294,0.006518641168156775,8.0
2026-08-01 23:40:00,0.02933721,-0.6982611369776847,1.1199999749660492,12.8599997125566,0.03879892156191595,1.0787464666533566,1.1175453882152726,0.44862146181829454,0.006518641168156775,8.0
2026-08-01 23:50:00,0.02933721,-0.6928680211696462,1.1199999749660492,12.8599997125566,0.03879892156191595,1.0787464666533566,1.1175453882152726,0.454014577626333,0.006518641168156775,8.0
2026-08-02 00:00:00,-0.00084932765,-0.6828161205280242,1.1299999747425318,12.73999971523881,0.03860809063653504,1.0734406958175786,1.1120487864541138,0.42838333827151176,0.006518641168156775,8.0
2026-08-02 00:10:00,-0.00084932765,-0.668217007571833,1.1299999747425318,12.73999971523881,0.03860809063653504,1.0734406958175786,1.1120487864541138,0.44298245122770297,0.006518641168156775,8.0
2026-08-02 00:20:00,-0.00084932765,-0.6492174116814998,1.1299999747425318,12.73999971523881,0.03860809063653504,1.0734406958175786,1.1120487864541138,0.46198204711803614,0.006518641168156775,8.0
2026-08-02 00:30:00,-0.00084932765,-0.6259961414665013,1.1299999747425318,12.73999971523881,0.03860809063653504,1.0734406958175786,1.1120487864541138,0.4852033173330347,0.006518641168156775,8.0
2026-08-02 00:40:00,-0.00084932765,-0.5987607464215549,1.1299999747425318,12.73999971523881,0.03860809063653504,1.0734406958175786,1.1120487864541138,0.5124387123779811,0.006518641168156775,8.0
2026-08-02 00:50:00,-0.00084932765,-0.5677440572812205,1.1299999747425318,12.73999971523881,0.03860809063653504,1.0734406958175786,1.1120487864541138,0.5434554015183155,0.006518641168156775,8.0
2026-08-02 01:00:00,-0.00084932765,-0.5332007405113783,1.1299999747425318,12.73999971523881,0.03860809063653504,1.0734406958175786,1.1120487864541138,0.5779987182881576,0.006518641168156775,8.0
2026-08-02 01:10:00,-0.00084932765,-0.4954039878516022,1.1299999747425318,12.73999971523881,0.03860809063653504,1.0734406958175786,1.1120487864541138,0.6157954709479337,0.006518641168156775,8.0
2026-08-02 01:20:00,-0.00084932765,-0.45464243803616533,1.1299999747425318,12.73999971523881,0.03860809063653504,1.0734406958175786,1.1120487864541138,0.6565570207633706,0.006518641168156775,8.0
2026-08-02 01:30:00,-0.00084932765,-0.41121739688842623,1.1299999747425318,12.73999971523881,0.03860809063653504,1.0734406958175786,1.1120487864541138,0.6999820619111097,0.006518641168156775,8.0
2026-08-02 01:40:00,-0.00084932765,-0.36544038697899667,1.1299999747425318,12.73999971523881,0.03860809063653504,1.0734406958175786,1.1120487864541138,0.7457590718205394,0.006518641168156775,8.0
2026-08-02 01:50:00,-0.00084932765,-0.317631022366643,1.1299999747425318,12.73999971523881,0.03860809063653504,1.0734406958175786,1.1120487864541138,0.793568436432893,0.006518641168156775,8.0
2026-08-02 02:00:00,-0.00084932765,-0.2681151711668924,1.1299999747425318,12.73999971523881,0.03860809063653504,1.0734406958175786,1.1120487864541138,0.8430842876326436,0.006518641168156775,8.0
2026-08-02 02:10:00,-0.00084932765,-0.21722334210915253,1.1299999747425318,12.73999971523881,0.03860809063653504,1.0734406958175786,1.1120487864541138,0.8939761166903835,0.006518641168156775,8.0
2026-08-02 02:20:00,-0.00084932765,-0.16528921352679132,1.1299999747425318,12.73999971523881,0.03860809063653504,1.0734406958175786,1.1120487864541138,0.9459102452727446,0.006518641168156775,8.0
2026-08-02 02:30:00,-0.00084932765,-0.11264821605714018,1.1299999747425318,12.73999971523881,0.03860809063653504,1.0734406958175786,1.1120487864541138,0.9985512427423958,0.006518641168156775,8.0
2026-08-02 02:40:00,-0.00084932765,-0.05963608428918772,1.1299999747425318,12.73999971523881,0.03860809063653504,1.0734406958175786,1.1120487864541138,1.0515633745103483,0.006518641168156775,8.0
2026-08-02 02:50:00,-0.00084932765,-0.006587307175700976,1.1299999747425318,12.73999971523881,0.03860809063653504,1.0734406958175786,1.1120487864541138,1.104612151623835,0.006518641168156775,8.0
2026-08-02 03:00:00,-0.00084932765,0.04616656967108265,1.1199999749660492,12.449999721720815,0.03756194194757804,1.0443540831908467,1.0819160251384248,1.1272332671549297,0.006518641168156775,8.0
2026-08-02 03:10:00,-0.00084932765,0.09829880724950954,1.1199999749660492,12.449999721720815,0.03756194194757804,1.0443540831908467,1.0819160251384248,1.1793655047333564,0.006518641168156775,8.0
2026-08-02 03:20:00,-0.00084932765,0.14948948744822665,1.1199999749660492,12.449999721720815,0.03756194194757804,1.0443540831908467,1.0819160251384248,1.2305561849320736,0.006518641168156775,8.0
2026-08-02 03:30:00,-0.00084932765,0.1994276327160753,1.1199999749660492,12.449999721720815,0.03756194194757804,1.0443540831908467,1.0819160251384248,1.2804943301999223,0.006518641168156775,8.0
2026-08-02 03:40:00,-0.00084932765,0.24781335927970666,1.1199999749660492,12.449999721720815,0.03756194194757804,1.0443540831908467,1.0819160251384248,1.3288800567635537,0.006518641168156775,8.0
2026-08-02 03:50:00,-0.00084932765,0.29435997356681204,1.1199999749660492,12.449999721720815,0.03756194194757804,1.0443540831908467,1.0819160251384248,1.375426671050659,0.006518641168156775,8.0
2026-08-02 04:00:00,-0.00084932765,0.3387959132100149,1.1199999749660492,12.449999721720815,0.03756194194757804,1.0443540831908467,1.0819160251384248,1.4198626106938619,0.006518641168156775,8.0
2026-08-02 04:10:00,-0.00084932765,0.38086643711468476,1.1199999749660492,12.449999721720815,0.03756194194757804,1.0443540831908467,1.0819160251384248,1.4619331345985318,0.006518641168156775,8.0
2026-08-02 04:20:00,-0.00084932765,0.42033498344567266,1.1199999749660492,12.449999721720815,0.03756194194757804,1.0443540831908467,1.0819160251384248,1.5014016809295196,0.006518641168156775,8.0
2026-08-02 04:30:00,-0.00084932765,0.45698413893791606,1.1199999749660492,12.449999721720815,0.03756194194757804,1.0443540831908467,1.0819160251384248,1.538050836421763,0.006518641168156775,8.0
2026-08-02 04:40:00,-0.00084932765,0.49061619505594006,1.1199999749660492,12.449999721720815,0.03756194194757804,1.0443540831908467,1.0819160251384248,1.571682892539787,0.006518641168156775,8.0
2026-08-02 04:50:00,-0.00084932765,0.5210533030735376,1.1199999749660492,12.449999721720815,0.03756194194757804,1.0443540831908467,1.0819160251384248,1.6021200005573846,0.006518641168156775,8.0
2026-08-02 05:00:00,-0.00084932765,0.5481372772501895,1.1199999749660492,12.449999721720815,0.03756194194757804,1.0443540831908467,1.0819160251384248,1.6292039747340366,0.006518641168156775,8.0
2026-08-02 05:10:00,-0.00084932765,0.5717291289694871,1.1199999749660492,12.449999721720815,0.03756194194757804,1.0443540831908467,1.0819160251384248,1.652795826453334,0.006518641168156775,8.0
2026-08-02 05:20:00,-0.00084932765,0.5917084413204087,1.1199999749660492,12.449999721720815,0.03756194194757804,1.0443540831908467,1.0819160251384248,1.6727751388042558,0.006518641168156775,8.0
2026-08-02 05:30:00,-0.00084932765,0.6079727101728911,1.1199999749660492,12.449999721720815,0.03756194194757804,1.0443540831908467,1.0819160251384248,1.689039407656738,0.006518641168156775,8.0
2026-08-02 05:40:00,-0.00084932765,0.6204367822738831,1.1199999749660492,12.449999721720815,0.03756194194757804,1.0443540831908467,1.0819160251384248,1.7015034797577302,0.006518641168156775,8.0
2026-08-02 05:50:00,-0.00084932765,0.6290325125481537,1.1199999749660492,12.449999721720815,0.03756194194757804,1.0443540831908467,1.0819160251384248,1.7100992100320007,0.006518641168156775,8.0
2026-08-02 06:00:00,-0.00084932765,0.6337087420619918,1.099999975413084,12.229999726638198,0.03656726457210341,1.0166985540921585,1.0532658186642618,1.6861252330716758,0.006518641168156775,8.0
2026-08-02 06:10:00,-0.00084932765,0.6344316668398485,1.099999975413084,12.229999726638198,0.03656726457210341,1.0166985540921585,1.0532658186642618,1.6868481578495325,0.006518641168156775,8.0
2026-08-02 06:20:00,-0.00084932765,0.6311856286836224,1.099999975413084,12.229999726638198,0.03656726457210341,1.0166985540921585,1.0532658186642618,1.6836021196933064,0.006518641168156775,8.0
2026-08-02 06:30:00,-0.00084932765,0.6239743159767022,1.099999975413084,12.229999726638198,0.03656726457210341,1.0166985540921585,1.0532658186642618,1.6763908069863862,0.006518641168156775,8.0
2026-08-02 06:40:00,-0.00084932765,0.6128223191560208,1.099999975413084,12.229999726638198,0.03656726457210341,1.0166985540921585,1.0532658186642618,1.6652388101657047,0.006518641168156775,8.0
2026-08-02 06:50:00,-0.00084932765,0.5977769461265923,1.099999975413084,12.229999726638198,0.03656726457210341,1.0166985540921585,1.0532658186642618,1.6501934371362763,0.006518641168156775,8.0
2026-08-02 07:00:00,-0.00084932765,0.5789101709878616,1.099999975413084,12.229999726638198,0.03656726457210341,1.0166985540921585,1.0532658186642618,1.6313266619975457,0.006518641168156775,8.0
2026-08-02 07:10:00,-0.00084932765,0.5563205678325873,1.099999975413084,12.229999726638198,0.03656726457210341,1.0166985540921585,1.0532658186642618,1.6087370588422714,0.006518641168156775,8.0
2026-08-02 07:20:00,-0.00084932765,0.5301350719499802,1.099999975413084,12.229999726638198,0.03656726457210341,1.0166985540921585,1.0532658186642618,1.5825515629596643,0.006518641168156775,8.0
2026-08-02 07:30:00,-0.00084932765,0.500510414004434,1.099999975413084,12.229999726638198,0.03656726457210341,1.0166985540921585,1.0532658186642618,1.5529269050141181,0.006518641168156775,8.0
2026-08-02 07:40:00,-0.00084932765,0.4676340881537635,1.099999975413084,12.229999726638198,0.03656726457210341,1.0166985540921585,1.0532658186642618,1.5200505791634475,0.006518641168156775,8.0
2026-08-02 07:50:00,-0.00084932765,0.43172474081213824,1.099999975413084,12.229999726638198,0.03656726457210341,1.0166985540921585,1.0532658186642618,1.4841412318218223,0.006518641168156775,8.0
2026-08-02 08:00:00,-0.00084932765,0.39303190013809497,1.099999975413084,12.229999726638198,0.03656726457210341,1.0166985540921585,1.0532658186642618,1.445448391147779,0.006518641168156775,8.0
2026-08-02 08:10:00,-0.00084932765,0.3518350042273663,1.099999975413084,12.229999726638198,0.03656726457210341,1.0166985540921585,1.0532658186642618,1.4042514952370504,0.006518641168156775,8.0
2026-08-02 08:20:00,-0.00084932765,0.3084417246699068,1.099999975413084,12.229999726638198,0.03656726457210341,1.0166985540921585,1.0532658186642618,1.360858215679591,0.006518641168156775,8.0
2026-08-02 08:30:00,-0.00084932765,0.26318561843574384,1.099999975413084,12.229999726638198,0.03656726457210341,1.0166985540921585,1.0532658186642618,1.315602109445428,0.006518641168156775,8.0
2026-08-02 08:40:00,-0.00084932765,0.2164231718987045,1.099999975413084,12.229999726638198,0.03656726457210341,1.0166985540921585,1.0532658186642618,1.2688396629083885,0.006518641168156775,8.0
2026-08-02 08:50:00,-0.00084932765,0.16853032417925726,1.099999975413084,12.229999726638198,0.03656726457210341,1.0166985540921585,1.0532658186642618,1.2209468151889413,0.006518641168156775,8.0
2026-08-02 09:00:00,-0.00084932765,0.11989857155484815,1.099999975413084,12.009999731555581,0.035909472404821084,0.9984096185320377,1.0343190909368587,1.153368334837129,0.006518641168156775,8.0
2026-08-02 09:10:00,-0.00084932765,0.07093076043862251,1.099999975413084,12.009999731555581,0.035909472404821084,0.9984096185320377,1.0343190909368587,1.1044005237209034,0.006518641168156775,8.0
2026-08-02 09:20:00,-0.00084932765,0.022036674062525786,1.099999975413084,12.009999731555581,0.035909472404821084,0.9984096185320377,1.0343190909368587,1.0555064373448066,0.006518641168156775,8.0
2026-08-02 09:30:00,-0.00084932765,-0.026371490891857422,1.099999975413084,12.009999731555581,0.035909472404821084,0.9984096185320377,1.0343190909368587,1.0070982723904234,0.006518641168156775,8.0
2026-08-02 09:40:00,-0.00084932765,-0.07388367443970331,1.099999975413084,12.009999731555581,0.035909472404821084,0.9984096185320377,1.0343190909368587,0.9595860888425776,0.006518641168156775,8.0
2026-08-02 09:50:00,-0.00084932765,-0.12009646186951382,1.099999975413084,12.009999731555581,0.035909472404821084,0.9984096185320377,1.0343190909368587,0.9133733014127671,0.006518641168156775,8.0
2026-08-02 10:00:00,-0.00084932765,-0.1646174964333299,1.099999975413084,12.009999731555581,0.035909472404821084,0.9984096185320377,1.0343190909368587,0.868852266848951,0.006518641168156775,8.0
2026-08-02 10:10:00,-0.00084932765,-0.2070697532923028,1.099999975413084,12.009999731555581,0.035909472404821084,0.9984096185320377,1.0343190909368587,0.8264000099899781,0.006518641168156775,8.0
2026-08-02 10:20:00,-0.00084932765,-0.24709563891520941,1.099999975413084,12.009999731555581,0.035909472404821084,0.9984096185320377,1.0343190909368587,0.7863741243670714,0.006518641168156775,8.0
2026-08-02 10:30:00,-0.00084932765,-0.2843608824347431,1.099999975413084,12.009999731555581,0.035909472404821084,0.9984096185320377,1.0343190909368587,0.7491088808475378,0.006518641168156775,8.0
2026-08-02 10:40:00,-0.00084932765,-0.31855818294391935,1.099999975413084,12.009999731555581,0.035909472404821084,0.9984096185320377,1.0343190909368587,0.7149115803383616,0.006518641168156775,8.0
2026-08-02 10:50:00,-0.00084932765,-0.3494105705037176,1.099999975413084,12.009999731555581,0.035909472404821084,0.9984096185320377,1.0343190909368587,0.6840591927785633,0.006518641168156775,8.0
2026-08-02 11:00:00,-0.00084932765,-0.3766744304463474,1.099999975413084,12.009999731555581,0.035909472404821084,0.9984096185320377,1.0343190909368587,0.6567953328359335,0.006518641168156775,8.0
2026-08-02 11:10:00,-0.00084932765,-0.4001421322510068,1.099999975413084,12.009999731555581,0.035909472404821084,0.9984096185320377,1.0343190909368587,0.6333276310312741,0.006518641168156775,8.0
2026-08-02 11:20:00,-0.00084932765,-0.41964419848337536,1.099999975413084,12.009999731555581,0.035909472404821084,0.9984096185320377,1.0343190909368587,0.6138255647989055,0.006518641168156775,8.0
2026-08-02 11:30:00,-0.00084932765,-0.4350509476968181,1.099999975413084,12.009999731555581,0.035909472404821084,0.9984096185320377,1.0343190909368587,0.5984188155854628,0.006518641168156775,8.0
2026-08-02 11:40:00,-0.00084932765,-0.4462735497678305,1.099999975413084,12.009999731555581,0.035909472404821084,0.9984096185320377,1.0343190909368587,0.5871962135144504,0.006518641168156775,8.0
2026-08-02 11:50:00,-0.00084932765,-0.45326444354940365,1.099999975413084,12.009999731555581,0.035909472404821084,0.9984096185320377,1.0343190909368587,0.5802053197328773,0.006518641168156775,8.0
2026-08-02 12:00:00,-0.00084932765,-0.4560170852049691,1.1199999749660492,11.80999973602593,0.03563104693983106,0.99066841144449,1.026299458384321,0.5694330455247741,0.006518641168156775,8.0
2026-08-02 12:10:00,-0.00084932765,-0.45456502015679745,1.1199999749660492,11.80999973602593,0.03563104693983106,0.99066841144449,1.026299458384321,0.5708851105729458,0.006518641168156775,8.0
2026-08-02 12:20:00,-0.00084932765,-0.4489803005838589,1.1199999749660492,11.80999973602593,0.03563104693983106,0.99066841144449,1.026299458384321,0.5764698301458844,0.006518641168156775,8.0
2026-08-02 12:30:00,-0.00084932765,-0.43937130138632774,1.1199999749660492,11.80999973602593,0.03563104693983106,0.99066841144449,1.026299458384321,0.5860788293434155,0.006518641168156775,8.0
2026-08-02 12:40:00,-0.00084932765,-0.4258800176297472,1.1199999749660492,11.80999973602593,0.03563104693983106,0.99066841144449,1.026299458384321,0.599570113099996,0.006518641168156775,8.0
2026-08-02 12:50:00,-0.00084932765,-0.40867895268243365,1.1199999749660492,11.80999973602593,0.03563104693983106,0.99066841144449,1.026299458384321,0.6167711780473095,0.006518641168156775,8.0
2026-08-02 13:00:00,-0.00084932765,-0.3879677258211583,1.1199999749660492,11.80999973602593,0.03563104693983106,0.99066841144449,1.026299458384321,0.637482404908585,0.006518641168156775,8.0
2026-08-02 13:10:00,-0.00084932765,-0.3639695386854264,1.1199999749660492,11.80999973602593,0.03563104693983106,0.99066841144449,1.026299458384321,0.6614805920443168,0.006518641168156775,8.0
2026-08-02 13:20:00,-0.00084932765,-0.3369276403066728,1.1199999749660492,11.80999973602593,0.03563104693983106,0.99066841144449,1.026299458384321,0.6885224904230705,0.006518641168156775,8.0
2026-08-02 13:30:00,-0.00084932765,-0.3071019199799025,1.1199999749660492,11.80999973602593,0.03563104693983106,0.99066841144449,1.026299458384321,0.7183482107498407,0.006518641168156775,8.0
2026-08-02 13:40:00,-0.00084932765,-0.2747657368170775,1.1199999749660492,11.80999973602593,0.03563104693983106,0.99066841144449,1.026299458384321,0.7506843939126657,0.006518641168156775,8.0
2026-08-02 13:50:00,-0.00084932765,-0.24020306605921427,1.1199999749660492,11.80999973602593,0.03563104693983106,0.99066841144449,1.026299458384321,0.785247064670529,0.006518641168156775,8.0
2026-08-02 14:00:00,-0.00084932765,-0.2037060078237925,1.1199999749660492,11.80999973602593,0.03563104693983106,0.99066841144449,1.026299458384321,0.8217441229059508,0.006518641168156775,8.0
2026-08-02 14:10:00,-0.00084932765,-0.16557266724312977,1.1199999749660492,11.80999973602593,0.03563104693983106,0.99066841144449,1.026299458384321,0.8598774634866134,0.006518641168156775,8.0
2026-08-02 14:20:00,-0.00084932765,-0.12610537935259558,1.1199999749660492,11.80999973602593,0.03563104693983106,0.99066841144449,1.026299458384321,0.8993447513771476,0.006518641168156775,8.0
2026-08-02 14:30:00,-0.00084932765,-0.08560922134699546,1.1199999749660492,11.80999973602593,0.03563104693983106,0.99066841144449,1.026299458384321,0.9398409093827478,0.006518641168156775,8.0
2026-08-02 14:40:00,-0.00084932765,-0.04439073167542172,1.1199999749660492,11.80999973602593,0.03563104693983106,0.99066841144449,1.026299458384321,0.9810593990543215,0.006518641168156775,8.0
2026-08-02 14:50:00,-0.00084932765,-0.0027567424761970965,1.1199999749660492,11.80999973602593,0.03563104693983106,0.99066841144449,1.026299458384321,1.022693388253546,0.006518641168156775,8.0
2026-08-02 15:00:00,-0.00084932765,0.038986770068130956,1.169999973848462,11.669999739155173,0.0359859905269372,1.0005370914241896,1.0365230819511269,1.07466052436468,0.006518641168156775,8.0
2026-08-02 15:10:00,-0.00084932765,0.08053590344174903,1.169999973848462,11.669999739155173,0.0359859905269372,1.0005370914241896,1.0365230819511269,1.116209657738298,0.006518641168156775,8.0
2026-08-02 15:20:00,-0.00084932765,0.12159018111149351,1.169999973848462,11.669999739155173,0.0359859905269372,1.0005370914241896,1.0365230819511269,1.1572639354080425,0.006518641168156775,8.0
2026-08-02 15:30:00,-0.00084932765,0.16185407882708638,1.169999973848462,11.669999739155173,0.0359859905269372,1.0005370914241896,1.0365230819511269,1.1975278331236354,0.006518641168156775,8.0
2026-08-02 15:40:00,-0.00084932765,0.20103873228835503,1.169999973848462,11.669999739155173,0.0359859905269372,1.0005370914241896,1.0365230819511269,1.2367124865849042,0.006518641168156775,8.0
2026-08-02 15:50:00,-0.00084932765,0.23886380073862196,1.169999973848462,11.669999739155173,0.0359859905269372,1.0005370914241896,1.0365230819511269,1.274537555035171,0.006518641168156775,8.0
2026-08-02 16:00:00,-0.00084932765,0.27505943071653777,1.169999973848462,11.669999739155173,0.0359859905269372,1.0005370914241896,1.0365230819511269,1.3107331850130868,0.006518641168156775,8.0
2026-08-02 16:10:00,-0.00084932765,0.3093682402837669,1.169999973848462,11.669999739155173,0.0359859905269372,1.0005370914241896,1.0365230819511269,1.345041994580316,0.006518641168156775,8.0
2026-08-02 16:20:00,-0.00084932765,0.34154722900799295,1.169999973848462,11.669999739155173,0.0359859905269372,1.0005370914241896,1.0365230819511269,1.3772209833045421,0.006518641168156775,8.0
2026-08-02 16:30:00,-0.00084932765,0.37136951485800707,1.169999973848462,11.669999739155173,0.0359859905269372,1.0005370914241896,1.0365230819511269,1.4070432691545562,0.006518641168156775,8.0
2026-08-02 16:40:00,-0.00084932765,0.39862580670637904,1.169999973848462,11.669999739155173,0.0359859905269372,1.0005370914241896,1.0365230819511269,1.434299561002928,0.006518641168156775,8.0
2026-08-02 16:50:00,-0.00084932765,0.4231255393854685,1.169999973848462,11.669999739155173,0.0359859905269372,1.0005370914241896,1.0365230819511269,1.4587992936820176,0.006518641168156775,8.0
2026-08-02 17:00:00,-0.00084932765,0.44469762594133017,1.169999973848462,11.669999739155173,0.0359859905269372,1.0005370914241896,1.0365230819511269,1.4803713802378793,0.006518641168156775,8.0
2026-08-02 17:10:00,-0.00084932765,0.4631908154703207,1.169999973848462,11.669999739155173,0.0359859905269372,1.0005370914241896,1.0365230819511269,1.4988645697668699,0.006518641168156775,8.0
2026-08-02 17:20:00,-0.00084932765,0.4784736816390243,1.169999973848462,11.669999739155173,0.0359859905269372,1.0005370914241896,1.0365230819511269,1.5141474359355733,0.006518641168156775,8.0
2026-08-02 17:30:00,-0.00084932765,0.490434302366139,1.169999973848462,11.669999739155173,0.0359859905269372,1.0005370914241896,1.0365230819511269,1.5261080566626881,0.006518641168156775,8.0
2026-08-02 17:40:00,-0.00084932765,0.4989797216550816,1.169999973848462,11.669999739155173,0.0359859905269372,1.0005370914241896,1.0365230819511269,1.5346534759516306,0.006518641168156775,8.0
2026-08-02 17:50:00,-0.00084932765,0.5040353065348413,1.169999973848462,11.669999739155173,0.0359859905269372,1.0005370914241896,1.0365230819511269,1.5397090608313904,0.006518641168156775,8.0
2026-08-02 18:00:00,-0.00084932765,0.5055441232002209,1.1899999734014273,11.439999744296074,0.03557698818298019,0.9891653878913357,1.024742376074316,1.529437171619959,0.006518641168156775,8.0
2026-08-02 18:10:00,-0.00084932765,0.5034664550897812,1.1899999734014273,11.439999744296074,0.03557698818298019,0.9891653878913357,1.024742376074316,1.5273595035095193,0.006518641168156775,8.0
2026-08-02 18:20:00,-0.00084932765,0.49777957174640286,1.1899999734014273,11.439999744296074,0.03557698818298019,0.9891653878913357,1.024742376074316,1.521672620166141,0.006518641168156775,8.0
2026-08-02 18:30:00,-0.00084932765,0.48847783195656846,1.1899999734014273,11.439999744296074,0.03557698818298019,0.9891653878913357,1.024742376074316,1.5123708803763067,0.006518641168156775,8.0
2026-08-02 18:40:00,-0.00084932765,0.47557317007604943,1.1899999734014273,11.439999744296074,0.03557698818298019,0.9891653878913357,1.024742376074316,1.4994662184957877,0.006518641168156775,8.0
2026-08-02 18:50:00,-0.00084932765,0.459095973949299,1.1899999734014273,11.439999744296074,0.03557698818298019,0.9891653878913357,1.024742376074316,1.4829890223690372,0.006518641168156775,8.0
2026-08-02 19:00:00,-0.00084932765,0.43909632013095257,1.1899999734014273,11.439999744296074,0.03557698818298019,0.9891653878913357,1.024742376074316,1.4629893685506907,0.006518641168156775,8.0
2026-08-02 19:10:00,-0.00084932765,0.4156454913437889,1.1899999734014273,11.439999744296074,0.03557698818298019,0.9891653878913357,1.024742376074316,1.439538539763527,0.006518641168156775,8.0
2026-08-02 19:20:00,-0.00084932765,0.38883766602518366,1.1899999734014273,11.439999744296074,0.03557698818298019,0.9891653878913357,1.024742376074316,1.4127307144449217,0.006518641168156775,8.0
2026-08-02 19:30:00,-0.00084932765,0.3587916437058214,1.1899999734014273,11.439999744296074,0.03557698818298019,0.9891653878913357,1.024742376074316,1.3826846921255596,0.006518641168156775,8.0
2026-08-02 19:40:00,-0.00084932765,0.32565245513735386,1.1899999734014273,11.439999744296074,0.03557698818298019,0.9891653878913357,1.024742376074316,1.349545503557092,0.006518641168156775,8.0
2026-08-02 19:50:00,-0.00084932765,0.28959270377922997,1.1899999734014273,11.439999744296074,0.03557698818298019,0.9891653878913357,1.024742376074316,1.313485752198968,0.006518641168156775,8.0
2026-08-02 20:00:00,-0.00084932765,0.25081349537631775,1.1899999734014273,11.439999744296074,0.03557698818298019,0.9891653878913357,1.024742376074316,1.2747065437960559,0.006518641168156775,8.0
2026-08-02 20:10:00,-0.00084932765,0.20954483383340405,1.1899999734014273,11.439999744296074,0.03557698818298019,0.9891653878913357,1.024742376074316,1.2334378822531422,0.006518641168156775,8.0
2026-08-02 20:20:00,-0.00084932765,0.16604539194259563,1.1899999734014273,11.439999744296074,0.03557698818298019,0.9891653878913357,1.024742376074316,1.1899384403623339,0.006518641168156775,8.0
2026-08-02 20:30:00,-0.00084932765,0.12060160208044869,1.1899999734014273,11.439999744296074,0.03557698818298019,0.9891653878913357,1.024742376074316,1.144494650500187,0.006518641168156775,8.0
2026-08-02 20:40:00,-0.00084932765,0.0735260508352426,1.1899999734014273,11.439999744296074,0.03557698818298019,0.9891653878913357,1.024742376074316,1.0974190992549808,0.006518641168156775,8.0
2026-08-02 20:50:00,-0.00084932765,0.025155199679642318,1.1899999734014273,11.439999744296074,0.03557698818298019,0.9891653878913357,1.024742376074316,1.0490482480993806,0.006518641168156775,8.0
2026-08-02 21:00:00,-0.00084932765,-0.024153512426007717,1.2099999729543924,11.329999746754766,0.03552975963308985,0.9878522681120124,1.0233820277451022,0.9983791876645167,0.006518641168156775,8.0
2026-08-02 21:10:00,-0.00084932765,-0.0740251014436449,1.2099999729543924,11.329999746754766,0.03552975963308985,0.9878522681120124,1.0233820277451022,0.9485075986468795,0.006518641168156775,8.0
2026-08-02 21:20:00,-0.00084932765,-0.12407090392284156,1.2099999729543924,11.329999746754766,0.03552975963308985,0.9878522681120124,1.0233820277451022,0.8984617961676828,0.006518641168156775,8.0
2026-08-02 21:30:00,-0.00084932765,-0.17389276466727768,1.2099999729543924,11.329999746754766,0.03552975963308985,0.9878522681120124,1.0233820277451022,0.8486399354232468,0.006518641168156775,8.0
2026-08-02 21:40:00,-0.00084932765,-0.22308743428606456,1.2099999729543924,11.329999746754766,0.03552975963308985,0.9878522681120124,1.0233820277451022,0.7994452658044598,0.006518641168156775,8.0
2026-08-02 21:50:00,-0.00084932765,-0.2712510714483275,1.2099999729543924,11.329999746754766,0.03552975963308985,0.9878522681120124,1.0233820277451022,0.7512816286421969,0.006518641168156775,8.0
2026-08-02 22:00:00,-0.00084932765,-0.3179837568552555,1.2099999729543924,11.329999746754766,0.03552975963308985,0.9878522681120124,1.0233820277451022,0.704548943235269,0.006518641168156775,8.0
2026-08-02 22:10:00,-0.00084932765,-0.36289394163848265,1.2099999729543924,11.329999746754766,0.03552975963308985,0.9878522681120124,1.0233820277451022,0.6596387584520418,0.006518641168156775,8.0
2026-08-02 22:20:00,-0.00084932765,-0.40560276888829905,1.2099999729543924,11.329999746754766,0.03552975963308985,0.9878522681120124,1.0233820277451022,0.6169299312022254,0.006518641168156775,8.0
2026-08-02 22:30:00,-0.00084932765,-0.4457482215273688,1.2099999729543924,11.329999746754766,0.03552975963308985,0.9878522681120124,1.0233820277451022,0.5767844785631556,0.006518641168156775,8.0
2026-08-02 22:40:00,-0.00084932765,-0.4829890605300864,1.2099999729543924,11.329999746754766,0.03552975963308985,0.9878522681120124,1.0233820277451022,0.539543639560438,0.006518641168156775,8.0
2026-08-02 22:50:00,-0.00084932765,-0.5170085235967508,1.2099999729543924,11.329999746754766,0.03552975963308985,0.9878522681120124,1.0233820277451022,0.5055241764937737,0.006518641168156775,8.0
2026-08-02 23:00:00,-0.00084932765,-0.5475177555611522,1.2099999729543924,11.329999746754766,0.03552975963308985,0.9878522681120124,1.0233820277451022,0.4750149445293722,0.006518641168156775,8.0
2026-08-02 23:10:00,-0.00084932765,-0.5742589383361036,1.2099999729543924,11.329999746754766,0.03552975963308985,0.9878522681120124,1.0233820277451022,0.4482737617544208,0.006518641168156775,8.0
2026-08-02 23:20:00,-0.00084932765,-0.5970080818178536,1.2099999729543924,11.329999746754766,0.03552975963308985,0.9878522681120124,1.0233820277451022,0.42552461827267085,0.006518641168156775,8.0
2026-08-02 23:30:00,-0.00084932765,-0.6155774291943704,1.2099999729543924,11.329999746754766,0.03552975963308985,0.9878522681120124,1.0233820277451022,0.406955270896154,0.006518641168156775,8.0
2026-08-02 23:40:00,-0.00084932765,-0.629817423446831,1.2099999729543924,11.329999746754766,0.03552975963308985,0.9878522681120124,1.0233820277451022,0.39271527664369343,0.006518641168156775,8.0
2026-08-02 23:50:00,-0.00084932765,-0.6396181778554821,1.2099999729543924,11.329999746754766,0.03552975963308985,0.9878522681120124,1.0233820277451022,0.3829145222350423,0.006518641168156775,8.0
2026-08-03 00:00:00,-0.003541783,-0.6449103947722057,1.2499999720603228,11.239999748766422,0.03582539538093966,0.9960719815878231,1.0318973769687627,0.38344519923253606,0.006518641168156775,8.0
2026-08-03 00:10:00,-0.003541783,-0.645665684387883,1.2499999720603228,11.239999748766422,0.03582539538093966,0.9960719815878231,1.0318973769687627,0.3826899096168588,0.006518641168156775,8.0
2026-08-03 00:20:00,-0.003541783,-0.6418962497140706,1.2499999720603228,11.239999748766422,0.03582539538093966,0.9960719815878231,1.0318973769687627,0.3864593442906712,0.006518641168156775,8.0
2026-08-03 00:30:00,-0.003541783,-0.6336539249424787,1.2499999720603228,11.239999748766422,0.03582539538093966,0.9960719815878231,1.0318973769687627,0.394701669062263,0.006518641168156775,8.0
2026-08-03 00:40:00,-0.003541783,-0.6210285804711514,1.2499999720603228,11.239999748766422,0.03582539538093966,0.9960719815878231,1.0318973769687627,0.40732701353359035,0.006518641168156775,8.0
2026-08-03 00:50:00,-0.003541783,-0.6041459372121672,1.2499999720603228,11.239999748766422,0.03582539538093966,0.9960719815878231,1.0318973769687627,0.4242096567925745,0.006518641168156775,8.0
2026-08-03 01:00:00,-0.003541783,-0.5831648625995396,1.2499999720603228,11.239999748766422,0.03582539538093966,0.9960719815878231,1.0318973769687627,0.44519073140520216,0.006518641168156775,8.0
2026-08-03 01:10:00,-0.003541783,-0.5582742481004038,1.2499999720603228,11.239999748766422,0.03582539538093966,0.9960719815878231,1.0318973769687627,0.4700813459043379,0.006518641168156775,8.0
2026-08-03 01:20:00,-0.003541783,-0.5296895900705165,1.2499999720603228,11.239999748766422,0.03582539538093966,0.9960719815878231,1.0318973769687627,0.4986660039342252,0.006518641168156775,8.0
2026-08-03 01:30:00,-0.003541783,-0.4976494099688619,1.2499999720603228,11.239999748766422,0.03582539538093966,0.9960719815878231,1.0318973769687627,0.5307061840358798,0.006518641168156775,8.0
2026-08-03 01:40:00,-0.003541783,-0.4624116544142527,1.2499999720603228,11.239999748766422,0.03582539538093966,0.9960719815878231,1.0318973769687627,0.565943939590489,0.006518641168156775,8.0
2026-08-03 01:50:00,-0.003541783,-0.42425020942665526,1.2499999720603228,11.239999748766422,0.03582539538093966,0.9960719815878231,1.0318973769687627,0.6041053845780865,0.006518641168156775,8.0
2026-08-03 02:00:00,-0.003541783,-0.3834516465525385,1.2499999720603228,11.239999748766422,0.03582539538093966,0.9960719815878231,1.0318973769687627,0.6449039474522033,0.006518641168156775,8.0
2026-08-03 02:10:00,-0.003541783,-0.3403122927703498,1.2499999720603228,11.239999748766422,0.03582539538093966,0.9960719815878231,1.0318973769687627,0.688043301234392,0.006518641168156775,8.0
2026-08-03 02:20:00,-0.003541783,-0.2951356831617055,1.2499999720603228,11.239999748766422,0.03582539538093966,0.9960719815878231,1.0318973769687627,0.7332199108430362,0.006518641168156775,8.0
2026-08-03 02:30:00,-0.003541783,-0.248230418630931,1.2499999720603228,11.239999748766422,0.03582539538093966,0.9960719815878231,1.0318973769687627,0.7801251753738108,0.006518641168156775,8.0
2026-08-03 02:40:00,-0.003541783,-0.19990841350185917,1.2499999720603228,11.239999748766422,0.03582539538093966,0.9960719815878231,1.0318973769687627,0.8284471805028826,0.006518641168156775,8.0
2026-08-03 02:50:00,-0.003541783,-0.15048348381251692,1.2499999720603228,11.239999748766422,0.03582539538093966,0.9960719815878231,1.0318973769687627,0.8778721101922249,0.006518641168156775,8.0
2026-08-03 03:00:00,-0.003541783,-0.10027019925341321,1.2599999718368053,14.109999684616923,0.04515251657163537,1.2553987521129826,1.300551268684618,1.1967392864671837,0.006518641168156775,8.0
2026-08-03 03:10:00,-0.003541783,-0.0495829032304777,1.2599999718368053,14.109999684616923,0.04515251657163537,1.2553987521129826,1.300551268684618,1.2474265824901192,0.006518641168156775,8.0
2026-08-03 03:20:00,-0.003541783,0.0012652020900527606,1.2599999718368053,14.109999684616923,0.04515251657163537,1.2553987521129826,1.300551268684618,1.2982746878106497,0.006518641168156775,8.0
2026-08-03 03:30:00,-0.003541783,0.051963005011436386,1.2599999718368053,14.109999684616923,0.04515251657163537,1.2553987521129826,1.300551268684618,1.3489724907320333,0.006518641168156775,8.0
2026-08-03 03:40:00,-0.003541783,0.10220255195659492,1.2599999718368053,14.109999684616923,0.04515251657163537,1.2553987521129826,1.300551268684618,1.399212037677192,0.006518641168156775,8.0
2026-08-03 03:50:00,-0.003541783,0.15168029361371407,1.2599999718368053,14.109999684616923,0.04515251657163537,1.2553987521129826,1.300551268684618,1.448689779334311,0.006518641168156775,8.0
2026-08-03 04:00:00,-0.003541783,0.20009853865884863,1.2599999718368053,14.109999684616923,0.04515251657163537,1.2553987521129826,1.300551268684618,1.4971080243794455,0.006518641168156775,8.0
2026-08-03 04:10:00,-0.003541783,0.24716711048649864,1.2599999718368053,14.109999684616923,0.04515251657163537,1.2553987521129826,1.300551268684618,1.5441765962070955,0.006518641168156775,8.0
2026-08-03 04:20:00,-0.003541783,0.29260516890380334,1.2599999718368053,14.109999684616923,0.04515251657163537,1.2553987521129826,1.300551268684618,1.5896146546244003,0.006518641168156775,8.0
2026-08-03 04:30:00,-0.003541783,0.33614313012975233,1.2599999718368053,14.109999684616923,0.04515251657163537,1.2553987521129826,1.300551268684618,1.6331526158503493,0.006518641168156775,8.0
2026-08-03 04:40:00,-0.003541783,0.37752459709912417,1.2599999718368053,14.109999684616923,0.04515251657163537,1.2553987521129826,1.300551268684618,1.674534082819721,0.006518641168156775,8.0
2026-08-03 04:50:00,-0.003541783,0.4165082009633179,1.2599999718368053,14.109999684616923,0.04515251657163537,1.2553987521129826,1.300551268684618,1.7135176866839148,0.006518641168156775,8.0
2026-08-03 05:00:00,-0.003541783,0.4528692549932007,1.2599999718368053,14.109999684616923,0.04515251657163537,1.2553987521129826,1.300551268684618,1.7498787407137977,0.006518641168156775,8.0
2026-08-03 05:10:00,-0.003541783,0.4864011337695772,1.2599999718368053,14.109999684616923,0.04515251657163537,1.2553987521129826,1.300551268684618,1.7834106194901742,0.006518641168156775,8.0
2026-08-03 05:20:00,-0.003541783,0.5169163127964624,1.2599999718368053,14.109999684616923,0.04515251657163537,1.2553987521129826,1.300551268684618,1.8139257985170594,0.006518641168156775,8.0
2026-08-03 05:30:00,-0.003541783,0.5442470337045647,1.2599999718368053,14.109999684616923,0.04515251657163537,1.2553987521129826,1.300551268684618,1.8412565194251616,0.006518641168156775,8.0
2026-08-03 05:40:00,-0.003541783,0.568245595434265,1.2599999718368053,14.109999684616923,0.04515251657163537,1.2553987521129826,1.300551268684618,1.8652550811548618,0.006518641168156775,8.0
2026-08-03 05:50:00,-0.003541783,0.5887843077342378,1.2599999718368053,14.109999684616923,0.04515251657163537,1.2553987521129826,1.300551268684618,1.8857937934548348,0.006518641168156775,8.0
2026-08-03 06:00:00,-0.003541783,0.6057551767871776,1.2599999718368053,13.689999694004655,0.04380850119530037,1.2180303980458351,1.2618388992411356,1.8640522930642922,0.006518641168156775,8.0
2026-08-03 06:10:00,-0.003541783,0.6190694194157865,1.2599999718368053,13.689999694004655,0.04380850119530037,1.2180303980458351,1.2618388992411356,1.877366535692901,0.006518641168156775,8.0
2026-08-03 06:20:00,-0.003541783,0.628656919674796,1.2599999718368053,13.689999694004655,0.04380850119530037,1.2180303980458351,1.2618388992411356,1.8869540359519106,0.006518641168156775,8.0
2026-08-03 06:30:00,-0.003541783,0.6344657472356336,1.2599999718368053,13.689999694004655,0.04380850119530037,1.2180303980458351,1.2618388992411356,1.8927628635127483,0.006518641168156775,8.0
2026-08-03 06:40:00,-0.003541783,0.6364618501730896,1.2599999718368053,13.689999694004655,0.04380850119530037,1.2180303980458351,1.2618388992411356,1.8947589664502043,0.006518641168156775,8.0
2026-08-03 06:50:00,-0.003541783,0.634629015940283,1.2599999718368053,13.689999694004655,0.04380850119530037,1.2180303980458351,1.2618388992411356,1.8929261322173976,0.006518641168156775,8.0
2026-08-03 07:00:00,-0.003541783,0.6289691650664232,1.2599999718368053,13.689999694004655,0.04380850119530037,1.2180303980458351,1.2618388992411356,1.8872662813435377,0.006518641168156775,8.0
2026-08-03 07:10:00,-0.003541783,0.6195030052948508,1.2599999718368053,13.689999694004655,0.04380850119530037,1.2180303980458351,1.2618388992411356,1.8778001215719655,0.006518641168156775,8.0
2026-08-03 07:20:00,-0.003541783,0.6062710328959987,1.2599999718368053,13.689999694004655,0.04380850119530037,1.2180303980458351,1.2618388992411356,1.8645681491731132,0.006518641168156775,8.0
2026-08-03 07:30:00,-0.003541783,0.589334826758915,1.2599999718368053,13.689999694004655,0.04380850119530037,1.2180303980458351,1.2618388992411356,1.8476319430360295,0.006518641168156775,8.0
2026-08-03 07:40:00,-0.003541783,0.5687785435254198,1.2599999718368053,13.689999694004655,0.04380850119530037,1.2180303980458351,1.2618388992411356,1.8270756598025344,0.006518641168156775,8.0
2026-08-03 07:50:00,-0.003541783,0.544710492015557,1.2599999718368053,13.689999694004655,0.04380850119530037,1.2180303980458351,1.2618388992411356,1.8030076082926716,0.006518641168156775,8.0
2026-08-03 08:00:00,-0.003541783,0.5172646453296902,1.2599999718368053,13.689999694004655,0.04380850119530037,1.2180303980458351,1.2618388992411356,1.775561761606805,0.006518641168156775,8.0
2026-08-03 08:10:00,-0.003541783,0.4866019411203515,1.2599999718368053,13.689999694004655,0.04380850119530037,1.2180303980458351,1.2618388992411356,1.744899057397466,0.006518641168156775,8.0
2026-08-03 08:20:00,-0.003541783,0.4529112250668272,1.2599999718368053,13.689999694004655,0.04380850119530037,1.2180303980458351,1.2618388992411356,1.7112083413439418,0.006518641168156775,8.0
2026-08-03 08:30:00,-0.003541783,0.4164097091916765,1.2599999718368053,13.689999694004655,0.04380850119530037,1.2180303980458351,1.2618388992411356,1.6747068254687911,0.006518641168156775,8.0
2026-08-03 08:40:00,-0.003541783,0.37734284315991384,1.2599999718368053,13.689999694004655,0.04380850119530037,1.2180303980458351,1.2618388992411356,1.6356399594370283,0.006518641168156775,8.0
2026-08-03 08:50:00,-0.003541783,0.33598353096577993,1.2599999718368053,13.689999694004655,0.04380850119530037,1.2180303980458351,1.2618388992411356,1.5942806472428945,0.006518641168156775,8.0
2026-08-03 09:00:00,-0.003541783,0.2926306635880618,1.2499999720603228,13.369999701157212,0.04261437155188284,1.1848293944687893,1.227443766020672,1.5165326466447129,0.006518641168156775,8.0
2026-08-03 09:10:00,-0.003541783,0.24760697721503952,1.2499999720603228,13.369999701157212,0.04261437155188284,1.1848293944687893,1.227443766020672,1.4715089602716906,0.006518641168156775,8.0
2026-08-03 09:20:00,-0.003541783,0.2012562828358186,1.2499999720603228,13.369999701157212,0.04261437155188284,1.1848293944687893,1.227443766020672,1.4251582658924697,0.006518641168156775,8.0
2026-08-03 09:30:00,-0.003541783,0.15394014344533155,1.2499999720603228,13.369999701157212,0.04261437155188284,1.1848293944687893,1.227443766020672,1.3778421265019827,0.006518641168156775,8.0
2026-08-03 09:40:00,-0.003541783,0.10603409785522583,1.2499999720603228,13.369999701157212,0.04261437155188284,1.1848293944687893,1.227443766020672,1.329936080911877,0.006518641168156775,8.0
2026-08-03 09:50:00,-0.003541783,0.05792354353077137,1.2499999720603228,13.369999701157212,0.04261437155188284,1.1848293944687893,1.227443766020672,1.2818255265874225,0.006518641168156775,8.0
2026-08-03 10:00:00,-0.003541783,0.009999395392508176,1.2499999720603228,13.369999701157212,0.04261437155188284,1.1848293944687893,1.227443766020672,1.2339013784491593,0.006518641168156775,8.0
2026-08-03 10:10:00,-0.003541783,-0.03734636686729863,1.2499999720603228,13.369999701157212,0.04261437155188284,1.1848293944687893,1.227443766020672,1.1865556161893525,0.006518641168156775,8.0
2026-08-03 10:20:00,-0.003541783,-0.083725161011217,1.2499999720603228,13.369999701157212,0.04261437155188284,1.1848293944687893,1.227443766020672,1.140176822045434,0.006518641168156775,8.0
2026-08-03 10:30:00,-0.003541783,-0.12875618782714254,1.2499999720603228,13.369999701157212,0.04261437155188284,1.1848293944687893,1.227443766020672,1.0951457952295085,0.006518641168156775,8.0
2026-08-03 10:40:00,-0.003541783,-0.17207067097122095,1.2499999720603228,13.369999701157212,0.04261437155188284,1.1848293944687893,1.227443766020672,1.0518313120854301,0.006518641168156775,8.0
2026-08-03 10:50:00,-0.003541783,-0.2133158990914759,1.2499999720603228,13.369999701157212,0.04261437155188284,1.1848293944687893,1.227443766020672,1.0105860839651752,0.006518641168156775,8.0
2026-08-03 11:00:00,-0.003541783,-0.2521590322315177,1.2499999720603228,13.369999701157212,0.04261437155188284,1.1848293944687893,1.227443766020672,0.9717429508251334,0.006518641168156775,8.0
2026-08-03 11:10:00,-0.003541783,-0.2882906444181537,1.2499999720603228,13.369999701157212,0.04261437155188284,1.1848293944687893,1.227443766020672,0.9356113386384974,0.006518641168156775,8.0
2026-08-03 11:20:00,-0.003541783,-0.3214279791466754,1.2499999720603228,13.369999701157212,0.04261437155188284,1.1848293944687893,1.227443766020672,0.9024740039099757,0.006518641168156775,8.0
2026-08-03 11:30:00,-0.003541783,-0.3513178941067396,1.2499999720603228,13.369999701157212,0.04261437155188284,1.1848293944687893,1.227443766020672,0.8725840889499115,0.006518641168156775,8.0
2026-08-03 11:40:00,-0.003541783,-0.37773946738405534,1.2499999720603228,13.369999701157212,0.04261437155188284,1.1848293944687893,1.227443766020672,0.8461625156725958,0.006518641168156775,8.0
2026-08-03 11:50:00,-0.003541783,-0.4005062303417256,1.2499999720603228,13.369999701157212,0.04261437155188284,1.1848293944687893,1.227443766020672,0.8233957527149255,0.006518641168156775,8.0
2026-08-03 12:00:00,-0.003541783,-0.41946798530624224,1.2499999720603228,13.229999704286456,0.04216814776599926,1.1724228039507918,1.214590951716791,0.7915811834465278,0.006518641168156775,8.0
2026-08-03 12:10:00,-0.003541783,-0.43451216055481856,1.2499999720603228,13.229999704286456,0.04216814776599926,1.1724228039507918,1.214590951716791,0.7765370081979515,0.006518641168156775,8.0
2026-08-03 12:20:00,-0.003541783,-0.44556465359415853,1.2499999720603228,13.229999704286456,0.04216814776599926,1.1724228039507918,1.214590951716791,0.7654845151586115,0.006518641168156775,8.0
2026-08-03 12:30:00,-0.003541783,-0.45259011753693773,1.2499999720603228,13.229999704286456,0.04216814776599926,1.1724228039507918,1.214590951716791,0.7584590512158322,0.006518641168156775,8.0
2026-08-03 12:40:00,-0.003541783,-0.45559165580605504,1.2499999720603228,13.229999704286456,0.04216814776599926,1.1724228039507918,1.214590951716791,0.7554575129467149,0.006518641168156775,8.0
2026-08-03 12:50:00,-0.003541783,-0.4546099073750864,1.2499999720603228,13.229999704286456,0.04216814776599926,1.1724228039507918,1.214590951716791,0.7564392613776836,0.006518641168156775,8.0
2026-08-03 13:00:00,-0.003541783,-0.44972152753571404,1.2499999720603228,13.229999704286456,0.04216814776599926,1.1724228039507918,1.214590951716791,0.761327641217056,0.006518641168156775,8.0
2026-08-03 13:10:00,-0.003541783,-0.44103709619338766,1.2499999720603228,13.229999704286456,0.04216814776599926,1.1724228039507918,1.214590951716791,0.7700120725593824,0.006518641168156775,8.0
2026-08-03 13:20:00,-0.003541783,-0.4286985144802361,1.2499999720603228,13.229999704286456,0.04216814776599926,1.1724228039507918,1.214590951716791,0.7823506542725339,0.006518641168156775,8.0
2026-08-03 13:30:00,-0.003541783,-0.4128759783120355,1.2499999720603228,13.229999704286456,0.04216814776599926,1.1724228039507918,1.214590951716791,0.7981731904407345,0.006518641168156775,8.0
2026-08-03 13:40:00,-0.003541783,-0.39376464147747336,1.2499999720603228,13.229999704286456,0.04216814776599926,1.1724228039507918,1.214590951716791,0.8172845272752967,0.006518641168156775,8.0
2026-08-03 13:50:00,-0.003541783,-0.37158109812352147,1.2499999720603228,13.229999704286456,0.04216814776599926,1.1724228039507918,1.214590951716791,0.8394680706292486,0.006518641168156775,8.0
2026-08-03 14:00:00,-0.003541783,-0.34655982301469124,1.2499999720603228,13.229999704286456,0.04216814776599926,1.1724228039507918,1.214590951716791,0.8644893457380788,0.006518641168156775,8.0
2026-08-03 14:10:00,-0.003541783,-0.31894970616633833,1.2499999720603228,13.229999704286456,0.04216814776599926,1.1724228039507918,1.214590951716791,0.8920994625864317,0.006518641168156775,8.0
2026-08-03 14:20:00,-0.003541783,-0.2890108061263394,1.2499999720603228,13.229999704286456,0.04216814776599926,1.1724228039507918,1.214590951716791,0.9220383626264306,0.006518641168156775,8.0
2026-08-03 14:30:00,-0.003541783,-0.2570114239555421,1.2499999720603228,13.229999704286456,0.04216814776599926,1.1724228039507918,1.214590951716791,0.9540377447972279,0.006518641168156775,8.0
2026-08-03 14:40:00,-0.003541783,-0.223225569495982,1.2499999720603228,13.229999704286456,0.04216814776599926,1.1724228039507918,1.214590951716791,0.9878235992567881,0.006518641168156775,8.0
2026-08-03 14:50:00,-0.003541783,-0.18793085581405866,1.2499999720603228,13.229999704286456,0.04216814776599926,1.1724228039507918,1.214590951716791,1.0231183129387114,0.006518641168156775,8.0
2026-08-03 15:00:00,-0.003541783,-0.15140681947573673,1.2499999720603228,14.199999682605267,0.04525984113962128,1.2583827525397766,1.3036425936793978,1.14869399123964,0.006518641168156775,8.0
2026-08-03 15:10:00,-0.003541783,-0.11393362793508122,1.2499999720603228,14.199999682605267,0.04525984113962128,1.2583827525397766,1.3036425936793978,1.1861671827802955,0.006518641168156775,8.0
2026-08-03 15:20:00,-0.003541783,-0.0757911035131822,1.2499999720603228,14.199999682605267,0.04525984113962128,1.2583827525397766,1.3036425936793978,1.2243097072021947,0.006518641168156775,8.0
2026-08-03 15:30:00,-0.003541783,-0.03725796999469581,1.2499999720603228,14.199999682605267,0.04525984113962128,1.2583827525397766,1.3036425936793978,1.262842840720681,0.006518641168156775,8.0
2026-08-03 15:40:00,-0.003541783,0.001388785418195401,1.2499999720603228,14.199999682605267,0.04525984113962128,1.2583827525397766,1.3036425936793978,1.3014895961335722,0.006518641168156775,8.0
2026-08-03 15:50:00,-0.003541783,0.039874543770355424,1.2499999720603228,14.199999682605267,0.04525984113962128,1.2583827525397766,1.3036425936793978,1.3399753544857322,0.006518641168156775,8.0
2026-08-03 16:00:00,-0.003541783,0.07792777845960547,1.2499999720603228,14.199999682605267,0.04525984113962128,1.2583827525397766,1.3036425936793978,1.3780285891749824,0.006518641168156775,8.0
2026-08-03 16:10:00,-0.003541783,0.11528095044729147,1.2499999720603228,14.199999682605267,0.04525984113962128,1.2583827525397766,1.3036425936793978,1.4153817611626685,0.006518641168156775,8.0
2026-08-03 16:20:00,-0.003541783,0.1516716242666345,1.2499999720603228,14.199999682605267,0.04525984113962128,1.2583827525397766,1.3036425936793978,1.4517724349820114,0.006518641168156775,8.0
2026-08-03 16:30:00,-0.003541783,0.18684382115022286,1.2499999720603228,14.199999682605267,0.04525984113962128,1.2583827525397766,1.3036425936793978,1.4869446318655997,0.006518641168156775,8.0
2026-08-03 16:40:00,-0.003541783,0.22054959020181863,1.2499999720603228,14.199999682605267,0.04525984113962128,1.2583827525397766,1.3036425936793978,1.5206504009171955,0.006518641168156775,8.0
2026-08-03 16:50:00,-0.003541783,0.252550746129216,1.2499999720603228,14.199999682605267,0.04525984113962128,1.2583827525397766,1.3036425936793978,1.5526515568445929,0.006518641168156775,8.0
2026-08-03 17:00:00,-0.003541783,0.28262069524270794,1.2499999720603228,14.199999682605267,0.04525984113962128,1.2583827525397766,1.3036425936793978,1.5827215059580848,0.006518641168156775,8.0
2026-08-03 17:10:00,-0.003541783,0.31054625386101536,1.2499999720603228,14.199999682605267,0.04525984113962128,1.2583827525397766,1.3036425936793978,1.6106470645763922,0.006518641168156775,8.0
2026-08-03 17:20:00,-0.003541783,0.3361293564329841,1.2499999720603228,14.199999682605267,0.04525984113962128,1.2583827525397766,1.3036425936793978,1.636230167148361,0.006518641168156775,8.0
2026-08-03 17:30:00,-0.003541783,0.3591885556108603,1.2499999720603228,14.199999682605267,0.04525984113962128,1.2583827525397766,1.3036425936793978,1.6592893663262371,0.006518641168156775,8.0
2026-08-03 17:40:00,-0.003541783,0.3795602327987,1.2499999720603228,14.199999682605267,0.04525984113962128,1.2583827525397766,1.3036425936793978,1.6796610435140769,0.006518641168156775,8.0
2026-08-03 17:50:00,-0.003541783,0.3970994632207733,1.2499999720603228,14.199999682605267,0.04525984113962128,1.2583827525397766,1.3036425936793978,1.6972002739361502,0.006518641168156775,8.0
2026-08-03 18:00:00,-0.003541783,0.4116805122978701,1.2099999729543924,13.97999968752265,0.043839897587872566,1.2189033281735158,1.2627432257613884,1.6708819550952376,0.006518641168156775,8.0
2026-08-03 18:10:00,-0.003541783,0.4231969756784615,1.2099999729543924,13.97999968752265,0.043839897587872566,1.2189033281735158,1.2627432257613884,1.682398418475829,0.006518641168156775,8.0
2026-08-03 18:20:00,-0.003541783,0.4315616106447176,1.2099999729543924,13.97999968752265,0.043839897587872566,1.2189033281735158,1.2627432257613884,1.690763053442085,0.006518641168156775,8.0
2026-08-03 18:30:00,-0.003541783,0.4367059372189997,1.2099999729543924,13.97999968752265,0.043839897587872566,1.2189033281735158,1.2627432257613884,1.695907380016367,0.006518641168156775,8.0
2026-08-03 18:40:00,-0.003541783,0.43857971023736575,1.2099999729543924,13.97999968752265,0.043839897587872566,1.2189033281735158,1.2627432257613884,1.6977811530347333,0.006518641168156775,8.0
2026-08-03 18:50:00,-0.003541783,0.4371503759832532,1.2099999729543924,13.97999968752265,0.043839897587872566,1.2189033281735158,1.2627432257613884,1.6963518187806206,0.006518641168156775,8.0
2026-08-03 19:00:00,-0.003541783,0.4324026273333114,1.2099999729543924,13.97999968752265,0.043839897587872566,1.2189033281735158,1.2627432257613884,1.691604070130679,0.006518641168156775,8.0
2026-08-03 19:10:00,-0.003541783,0.424338159512736,1.2099999729543924,13.97999968752265,0.043839897587872566,1.2189033281735158,1.2627432257613884,1.6835396023101035,0.006518641168156775,8.0
2026-08-03 19:20:00,-0.003541783,0.4129757052618937,1.2099999729543924,13.97999968752265,0.043839897587872566,1.2189033281735158,1.2627432257613884,1.672177148059261,0.006518641168156775,8.0
2026-08-03 19:30:00,-0.003541783,0.39835139602455316,1.2099999729543924,13.97999968752265,0.043839897587872566,1.2189033281735158,1.2627432257613884,1.6575528388219207,0.006518641168156775,8.0
2026-08-03 19:40:00,-0.003541783,0.3805194574155417,1.2099999729543924,13.97999968752265,0.043839897587872566,1.2189033281735158,1.2627432257613884,1.6397209002129092,0.006518641168156775,8.0
2026-08-03 19:50:00,-0.003541783,0.3595532067716946,1.2099999729543924,13.97999968752265,0.043839897587872566,1.2189033281735158,1.2627432257613884,1.6187546495690621,0.006518641168156775,8.0
2026-08-03 20:00:00,-0.003541783,0.3355462817869195,1.2099999729543924,13.97999968752265,0.043839897587872566,1.2189033281735158,1.2627432257613884,1.594747724584287,0.006518641168156775,8.0
2026-08-03 20:10:00,-0.003541783,0.3086139959790336,1.2099999729543924,13.97999968752265,0.043839897587872566,1.2189033281735158,1.2627432257613884,1.567815438776401,0.006518641168156775,8.0
2026-08-03 20:20:00,-0.003541783,0.27889469218408564,1.2099999729543924,13.97999968752265,0.043839897587872566,1.2189033281735158,1.2627432257613884,1.538096134981453,0.006518641168156775,8.0
2026-08-03 20:30:00,-0.003541783,0.24655095179987987,1.2099999729543924,13.97999968752265,0.043839897587872566,1.2189033281735158,1.2627432257613884,1.5057523945972473,0.006518641168156775,8.0
2026-08-03 20:40:00,-0.003541783,0.21177051618100673,1.2099999729543924,13.97999968752265,0.043839897587872566,1.2189033281735158,1.2627432257613884,1.470971958978374,0.006518641168156775,8.0
2026-08-03 20:50:00,-0.003541783,0.1747667876517355,1.2099999729543924,13.97999968752265,0.043839897587872566,1.2189033281735158,1.2627432257613884,1.433968230449103,0.006518641168156775,8.0
2026-08-03 21:00:00,-0.003541783,0.13577879946850885,1.149999974295497,13.649999694898725,0.04173027492645309,1.160248399109407,1.20197867403586,1.334215690540348,0.006518641168156775,8.0
2026-08-03 21:10:00,-0.003541783,0.095070574968173,1.149999974295497,13.649999694898725,0.04173027492645309,1.160248399109407,1.20197867403586,1.293507466040012,0.006518641168156775,8.0
2026-08-03 21:20:00,-0.003541783,0.05292983256276759,1.149999974295497,13.649999694898725,0.04173027492645309,1.160248399109407,1.20197867403586,1.2513667236346067,0.006518641168156775,8.0
2026-08-03 21:30:00,-0.003541783,0.009666032201543611,1.149999974295497,13.649999694898725,0.04173027492645309,1.160248399109407,1.20197867403586,1.2081029232733826,0.006518641168156775,8.0
2026-08-03 21:40:00,-0.003541783,-0.03439220349577304,1.149999974295497,13.649999694898725,0.04173027492645309,1.160248399109407,1.20197867403586,1.164044687576066,0.006518641168156775,8.0
2026-08-03 21:50:00,-0.003541783,-0.07890022693856374,1.149999974295497,13.649999694898725,0.04173027492645309,1.160248399109407,1.20197867403586,1.1195366641332753,0.006518641168156775,8.0
2026-08-03 22:00:00,-0.003541783,-0.12350096934958461,1.149999974295497,13.649999694898725,0.04173027492645309,1.160248399109407,1.20197867403586,1.0749359217222545,0.006518641168156775,8.0
2026-08-03 22:10:00,-0.003541783,-0.16782890042159548,1.149999974295497,13.649999694898725,0.04173027492645309,1.160248399109407,1.20197867403586,1.0306079906502434,0.006518641168156775,8.0
2026-08-03 22:20:00,-0.003541783,-0.21151422538456144,1.149999974295497,13.649999694898725,0.04173027492645309,1.160248399109407,1.20197867403586,0.9869226656872776,0.006518641168156775,8.0
2026-08-03 22:30:00,-0.003541783,-0.25418720218282115,1.149999974295497,13.649999694898725,0.04173027492645309,1.160248399109407,1.20197867403586,0.944249688889018,0.006518641168156775,8.0
2026-08-03 22:40:00,-0.003541783,-0.29548246999848854,1.149999974295497,13.649999694898725,0.04173027492645309,1.160248399109407,1.20197867403586,0.9029544210733504,0.006518641168156775,8.0
2026-08-03 22:50:00,-0.003541783,-0.3350432951798312,1.149999974295497,13.649999694898725,0.04173027492645309,1.160248399109407,1.20197867403586,0.8633935958920078,0.006518641168156775,8.0
2026-08-03 23:00:00,-0.003541783,-0.37252565830594625,1.149999974295497,13.649999694898725,0.04173027492645309,1.160248399109407,1.20197867403586,0.8259112327658928,0.006518641168156775,8.0
2026-08-03 23:10:00,-0.003541783,-0.4076021249224357,1.149999974295497,13.649999694898725,0.04173027492645309,1.160248399109407,1.20197867403586,0.7908347661494033,0.006518641168156775,8.0
2026-08-03 23:20:00,-0.003541783,-0.4399654592740278,1.149999974295497,13.649999694898725,0.04173027492645309,1.160248399109407,1.20197867403586,0.7584714317978112,0.006518641168156775,8.0
2026-08-03 23:30:00,-0.003541783,-0.4693319536333591,1.149999974295497,13.649999694898725,0.04173027492645309,1.160248399109407,1.20197867403586,0.7291049374384799,0.006518641168156775,8.0
2026-08-03 23:40:00,-0.003541783,-0.49544445424064576,1.149999974295497,13.649999694898725,0.04173027492645309,1.160248399109407,1.20197867403586,0.7029924368311933,0.006518641168156775,8.0
2026-08-03 23:50:00,-0.003541783,-0.5180750677948825,1.149999974295497,13.649999694898725,0.04173027492645309,1.160248399109407,1.20197867403586,0.6803618232769565,0.006518641168156775,8.0
2026-08-04 00:00:00,0.0011252125,-0.5370275308521945,1.0799999758601189,13.459999699145555,0.039877379558334904,1.1087313916522241,1.148608771210559,0.6127064528843135,0.006518641168156775,8.0
2026-08-04 00:10:00,0.0011252125,-0.5521392189140181,1.0799999758601189,13.459999699145555,0.039877379558334904,1.1087313916522241,1.148608771210559,0.5975947648224899,0.006518641168156775,8.0
2026-08-04 00:20:00,0.0011252125,-0.5632827650439185,1.0799999758601189,13.459999699145555,0.039877379558334904,1.1087313916522241,1.148608771210559,0.5864512186925894,0.006518641168156775,8.0
2026-08-04 00:30:00,0.0011252125,-0.5703672510086281,1.0799999758601189,13.459999699145555,0.039877379558334904,1.1087313916522241,1.148608771210559,0.5793667327278799,0.006518641168156775,8.0
2026-08-04 00:40:00,0.0011252125,-0.5733389299158379,1.0799999758601189,13.459999699145555,0.039877379558334904,1.1087313916522241,1.148608771210559,0.57639505382067,0.006518641168156775,8.0
2026-08-04 00:50:00,0.0011252125,-0.5721814396901338,1.0799999758601189,13.459999699145555,0.039877379558334904,1.1087313916522241,1.148608771210559,0.5775525440463741,0.006518641168156775,8.0
2026-08-04 01:00:00,0.0011252125,-0.5669154730494479,1.0799999758601189,13.459999699145555,0.039877379558334904,1.1087313916522241,1.148608771210559,0.58281851068706,0.006518641168156775,8.0
2026-08-04 01:10:00,0.0011252125,-0.5575978824581052,1.0799999758601189,13.459999699145555,0.039877379558334904,1.1087313916522241,1.148608771210559,0.5921361012784028,0.006518641168156775,8.0
2026-08-04 01:20:00,0.0011252125,-0.5443202174871451,1.0799999758601189,13.459999699145555,0.039877379558334904,1.1087313916522241,1.148608771210559,0.6054137662493628,0.006518641168156775,8.0
2026-08-04 01:30:00,0.0011252125,-0.527206716061967,1.0799999758601189,13.459999699145555,0.039877379558334904,1.1087313916522241,1.148608771210559,0.6225272676745409,0.006518641168156775,8.0
2026-08-04 01:40:00,0.0011252125,-0.5064117980785444,1.0799999758601189,13.459999699145555,0.039877379558334904,1.1087313916522241,1.148608771210559,0.6433221856579635,0.006518641168156775,8.0
2026-08-04 01:50:00,0.0011252125,-0.48211713742205425,1.0799999758601189,13.459999699145555,0.039877379558334904,1.1087313916522241,1.148608771210559,0.6676168463144536,0.006518641168156775,8.0
2026-08-04 02:00:00,0.0011252125,-0.4545284135209821,1.0799999758601189,13.459999699145555,0.039877379558334904,1.1087313916522241,1.148608771210559,0.6952055702155258,0.006518641168156775,8.0
2026-08-04 02:10:00,0.0011252125,-0.42387186345420264,1.0799999758601189,13.459999699145555,0.039877379558334904,1.1087313916522241,1.148608771210559,0.7258621202823052,0.006518641168156775,8.0
2026-08-04 02:20:00,0.0011252125,-0.39039076777431064,1.0799999758601189,13.459999699145555,0.039877379558334904,1.1087313916522241,1.148608771210559,0.7593432159621973,0.006518641168156775,8.0
2026-08-04 02:30:00,0.0011252125,-0.3543420058291828,1.0799999758601189,13.459999699145555,0.039877379558334904,1.1087313916522241,1.148608771210559,0.7953919779073251,0.006518641168156775,8.0
2026-08-04 02:40:00,0.0011252125,-0.31599280852159806,1.0799999758601189,13.459999699145555,0.039877379558334904,1.1087313916522241,1.148608771210559,0.8337411752149099,0.006518641168156775,8.0
2026-08-04 02:50:00,0.0011252125,-0.2756178183674973,1.0799999758601189,13.459999699145555,0.039877379558334904,1.1087313916522241,1.148608771210559,0.8741161653690106,0.006518641168156775,8.0
2026-08-04 03:00:00,0.0011252125,-0.2334965395410975,1.029999976977706,13.279999703168869,0.0384225656892262,1.0682824498321564,1.1067050155213827,0.874333688506234,0.006518641168156775,8.0
2026-08-04 03:10:00,0.0011252125,-0.18991122670070745,1.029999976977706,13.279999703168869,0.0384225656892262,1.0682824498321564,1.1067050155213827,0.9179190013466241,0.006518641168156775,8.0
2026-08-04 03:20:00,0.0011252125,-0.14514522361430207,1.029999976977706,13.279999703168869,0.0384225656892262,1.0682824498321564,1.1067050155213827,0.9626850044330295,0.006518641168156775,8.0
2026-08-04 03:30:00,0.0011252125,-0.09948172467398127,1.029999976977706,13.279999703168869,0.0384225656892262,1.0682824498321564,1.1067050155213827,1.0083485033733504,0.006518641168156775,8.0
2026-08-04 03:40:00,0.0011252125,-0.053202897665552196,1.029999976977706,13.279999703168869,0.0384225656892262,1.0682824498321564,1.1067050155213827,1.0546273303817792,0.006518641168156775,8.0
2026-08-04 03:50:00,0.0011252125,-0.006589278267960727,1.029999976977706,13.279999703168869,0.0384225656892262,1.0682824498321564,1.1067050155213827,1.101240949779371,0.006518641168156775,8.0
2026-08-04 04:00:00,0.0011252125,0.04008067179861697,1.029999976977706,13.279999703168869,0.0384225656892262,1.0682824498321564,1.1067050155213827,1.1479108998459486,0.006518641168156775,8.0
2026-08-04 04:10:00,0.0011252125,0.08653095829887963,1.029999976977706,13.279999703168869,0.0384225656892262,1.0682824498321564,1.1067050155213827,1.1943611863462111,0.006518641168156775,8.0
2026-08-04 04:20:00,0.0011252125,0.13248851037907217,1.029999976977706,13.279999703168869,0.0384225656892262,1.0682824498321564,1.1067050155213827,1.2403187384264038,0.006518641168156775,8.0
2026-08-04 04:30:00,0.0011252125,0.1776837935909084,1.029999976977706,13.279999703168869,0.0384225656892262,1.0682824498321564,1.1067050155213827,1.28551402163824,0.006518641168156775,8.0
2026-08-04 04:40:00,0.0011252125,0.22185164908610028,1.029999976977706,13.279999703168869,0.0384225656892262,1.0682824498321564,1.1067050155213827,1.3296818771334318,0.006518641168156775,8.0
2026-08-04 04:50:00,0.0011252125,0.2647323956891394,1.029999976977706,13.279999703168869,0.0384225656892262,1.0682824498321564,1.1067050155213827,1.372562623736471,0.006518641168156775,8.0
2026-08-04 05:00:00,0.0011252125,0.306073195550699,1.029999976977706,13.279999703168869,0.0384225656892262,1.0682824498321564,1.1067050155213827,1.4139034235980306,0.006518641168156775,8.0
2026-08-04 05:10:00,0.0011252125,0.3456296487422385,1.029999976977706,13.279999703168869,0.0384225656892262,1.0682824498321564,1.1067050155213827,1.4534598767895701,0.006518641168156775,8.0
2026-08-04 05:20:00,0.0011252125,0.38316755086052334,1.029999976977706,13.279999703168869,0.0384225656892262,1.0682824498321564,1.1067050155213827,1.4909977789078548,0.006518641168156775,8.0
2026-08-04 05:30:00,0.0011252125,0.41846472406671015,1.029999976977706,13.279999703168869,0.0384225656892262,1.0682824498321564,1.1067050155213827,1.5262949521140416,0.006518641168156775,8.0
2026-08-04 05:40:00,0.0011252125,0.45131281846034854,1.029999976977706,13.279999703168869,0.0384225656892262,1.0682824498321564,1.1067050155213827,1.55914304650768,0.006518641168156775,8.0
2026-08-04 05:50:00,0.0011252125,0.4815189786149027,1.029999976977706,13.279999703168869,0.0384225656892262,1.0682824498321564,1.1067050155213827,1.5893492066622343,0.006518641168156775,8.0
2026-08-04 06:00:00,0.0011252125,0.508907279947646,0.9899999778717756,13.159999705851078,0.037328725389953056,1.0378698427177826,1.0751985681077356,1.5852310605813305,0.006518641168156775,8.0
2026-08-04 06:10:00,0.0011252125,0.5333198599904966,0.9899999778717756,13.159999705851078,0.037328725389953056,1.0378698427177826,1.0751985681077356,1.609643640624181,0.006518641168156775,8.0
2026-08-04 06:20:00,0.0011252125,0.5546176986961472,0.9899999778717756,13.159999705851078,0.037328725389953056,1.0378698427177826,1.0751985681077356,1.6309414793298318,0.006518641168156775,8.0
2026-08-04 06:30:00,0.0011252125,0.5726810361753265,0.9899999778717756,13.159999705851078,0.037328725389953056,1.0378698427177826,1.0751985681077356,1.649004816809011,0.006518641168156775,8.0
2026-08-04 06:40:00,0.0011252125,0.5874094523053837,0.9899999778717756,13.159999705851078,0.037328725389953056,1.0378698427177826,1.0751985681077356,1.6637332329390682,0.006518641168156775,8.0
2026-08-04 06:50:00,0.0011252125,0.5987216662749723,0.9899999778717756,13.159999705851078,0.037328725389953056,1.0378698427177826,1.0751985681077356,1.6750454469086566,0.006518641168156775,8.0
2026-08-04 07:00:00,0.0011252125,0.6065551418354561,0.9899999778717756,13.159999705851078,0.037328725389953056,1.0378698427177826,1.0751985681077356,1.6828789224691407,0.006518641168156775,8.0
2026-08-04 07:10:00,0.0011252125,0.6108656026103004,0.9899999778717756,13.159999705851078,0.037328725389953056,1.0378698427177826,1.0751985681077356,1.687189383243985,0.006518641168156775,8.0
2026-08-04 07:20:00,0.0011252125,0.6116265691815641,0.9899999778717756,13.159999705851078,0.037328725389953056,1.0378698427177826,1.0751985681077356,1.6879503498152486,0.006518641168156775,8.0
2026-08-04 07:30:00,0.0011252125,0.6088290248794362,0.9899999778717756,13.159999705851078,0.037328725389953056,1.0378698427177826,1.0751985681077356,1.6851528055131206,0.006518641168156775,8.0
2026-08-04 07:40:00,0.0011252125,0.6024813005023042,0.9899999778717756,13.159999705851078,0.037328725389953056,1.0378698427177826,1.0751985681077356,1.6788050811359887,0.006518641168156775,8.0
2026-08-04 07:50:00,0.0011252125,0.5926092412402185,0.9899999778717756,13.159999705851078,0.037328725389953056,1.0378698427177826,1.0751985681077356,1.6689330218739031,0.006518641168156775,8.0
2026-08-04 08:00:00,0.0011252125,0.5792566844057433,0.9899999778717756,13.159999705851078,0.037328725389953056,1.0378698427177826,1.0751985681077356,1.655580465039428,0.006518641168156775,8.0
2026-08-04 08:10:00,0.0011252125,0.5624862377065422,0.9899999778717756,13.159999705851078,0.037328725389953056,1.0378698427177826,1.0751985681077356,1.6388100183402265,0.006518641168156775,8.0
2026-08-04 08:20:00,0.0011252125,0.5423803085328303,0.9899999778717756,13.159999705851078,0.037328725389953056,1.0378698427177826,1.0751985681077356,1.6187040891665148,0.006518641168156775,8.0
2026-08-04 08:30:00,0.0011252125,0.5190422990268114,0.9899999778717756,13.159999705851078,0.037328725389953056,1.0378698427177826,1.0751985681077356,1.5953660796604958,0.006518641168156775,8.0
2026-08-04 08:40:00,0.0011252125,0.4925978530306578,0.9899999778717756,13.159999705851078,0.037328725389953056,1.0378698427177826,1.0751985681077356,1.5689216336643423,0.006518641168156775,8.0
2026-08-04 08:50:00,0.0011252125,0.4631960222300004,0.9899999778717756,13.159999705851078,0.037328725389953056,1.0378698427177826,1.0751985681077356,1.539519802863685,0.006518641168156775,8.0
2026-08-04 09:00:00,0.0011252125,0.43101021162179026,0.9499999787658453,12.989999709650874,0.03609446658775771,1.0035531074013313,1.039647573989089,1.471782998136828,0.006518641168156775,8.0
2026-08-04 09:10:00,0.0011252125,0.3962387695587064,0.9499999787658453,12.989999709650874,0.03609446658775771,1.0035531074013313,1.039647573989089,1.4370115560737442,0.006518641168156775,8.0
2026-08-04 09:20:00,0.0011252125,0.3591051043020638,0.9499999787658453,12.989999709650874,0.03609446658775771,1.0035531074013313,1.039647573989089,1.3998778908171017,0.006518641168156775,8.0
2026-08-04 09:30:00,0.0011252125,0.3198572357126169,0.9499999787658453,12.989999709650874,0.03609446658775771,1.0035531074013313,1.039647573989089,1.3606300222276548,0.006518641168156775,8.0
2026-08-04 09:40:00,0.0011252125,0.2787667245142338,0.9499999787658453,12.989999709650874,0.03609446658775771,1.0035531074013313,1.039647573989089,1.3195395110292716,0.006518641168156775,8.0
2026-08-04 09:50:00,0.0011252125,0.23612695952343102,0.9499999787658453,12.989999709650874,0.03609446658775771,1.0035531074013313,1.039647573989089,1.2768997460384688,0.006518641168156775,8.0
2026-08-04 10:00:00,0.0011252125,0.19225082153576123,0.9499999787658453,12.989999709650874,0.03609446658775771,1.0035531074013313,1.039647573989089,1.233023608050799,0.006518641168156775,8.0
2026-08-04 10:10:00,0.0011252125,0.14746777793133942,0.9499999787658453,12.989999709650874,0.03609446658775771,1.0035531074013313,1.039647573989089,1.1882405644463772,0.006518641168156775,8.0
2026-08-04 10:20:00,0.0011252125,0.1021204916424535,0.9499999787658453,12.989999709650874,0.03609446658775771,1.0035531074013313,1.039647573989089,1.1428932781574912,0.006518641168156775,8.0
2026-08-04 10:30:00,0.0011252125,0.0565610494900775,0.9499999787658453,12.989999709650874,0.03609446658775771,1.0035531074013313,1.039647573989089,1.0973338360051152,0.006518641168156775,8.0
2026-08-04 10:40:00,0.0011252125,0.01114692716720258,0.9499999787658453,12.989999709650874,0.03609446658775771,1.0035531074013313,1.039647573989089,1.0519197136822405,0.006518641168156775,8.0
2026-08-04 10:50:00,0.0011252125,-0.033763189230885886,0.9499999787658453,12.989999709650874,0.03609446658775771,1.0035531074013313,1.039647573989089,1.007009597284152,0.006518641168156775,8.0
2026-08-04 11:00:00,0.0011252125,-0.0778136110346173,0.9499999787658453,12.989999709650874,0.03609446658775771,1.0035531074013313,1.039647573989089,0.9629591754804205,0.006518641168156775,8.0
2026-08-04 11:10:00,0.0011252125,-0.1206557830386424,0.9499999787658453,12.989999709650874,0.03609446658775771,1.0035531074013313,1.039647573989089,0.9201170034763954,0.006518641168156775,8.0
2026-08-04 11:20:00,0.0011252125,-0.16195226403832877,0.9499999787658453,12.989999709650874,0.03609446658775771,1.0035531074013313,1.039647573989089,0.878820522476709,0.006518641168156775,8.0
2026-08-04 11:30:00,0.0011252125,-0.2013804876970249,0.9499999787658453,12.989999709650874,0.03609446658775771,1.0035531074013313,1.039647573989089,0.8393922988180129,0.006518641168156775,8.0
2026-08-04 11:40:00,0.0011252125,-0.2386362586034147,0.9499999787658453,12.989999709650874,0.03609446658775771,1.0035531074013313,1.039647573989089,0.802136527911623,0.006518641168156775,8.0
2026-08-04 11:50:00,0.0011252125,-0.2734369544752577,0.9499999787658453,12.989999709650874,0.03609446658775771,1.0035531074013313,1.039647573989089,0.7673358320397801,0.006518641168156775,8.0
2026-08-04 12:00:00,0.0011252125,-0.30552441724771784,0.9399999789893627,12.809999713674188,0.035406478222529764,0.9844246113449676,1.0198310895674974,0.7154318848457284,0.006518641168156775,8.0
2026-08-04 12:10:00,0.0011252125,-0.3346675221126352,0.9399999789893627,12.809999713674188,0.035406478222529764,0.9844246113449676,1.0198310895674974,0.6862887799808111,0.006518641168156775,8.0
2026-08-04 12:20:00,0.0011252125,-0.36066441461399273,0.9399999789893627,12.809999713674188,0.035406478222529764,0.9844246113449676,1.0198310895674974,0.6602918874794534,0.006518641168156775,8.0
2026-08-04 12:30:00,0.0011252125,-0.38334440248837065,0.9399999789893627,12.809999713674188,0.035406478222529764,0.9844246113449676,1.0198310895674974,0.6376118996050756,0.006518641168156775,8.0
2026-08-04 12:40:00,0.0011252125,-0.40256948248876157,0.9399999789893627,12.809999713674188,0.035406478222529764,0.9844246113449676,1.0198310895674974,0.6183868196046847,0.006518641168156775,8.0
2026-08-04 12:50:00,0.0011252125,-0.41823547513362413,0.9399999789893627,12.809999713674188,0.035406478222529764,0.9844246113449676,1.0198310895674974,0.6027208269598221,0.006518641168156775,8.0
2026-08-04 13:00:00,0.0011252125,-0.43027273426945106,0.9399999789893627,12.809999713674188,0.035406478222529764,0.9844246113449676,1.0198310895674974,0.5906835678239952,0.006518641168156775,8.0
2026-08-04 13:10:00,0.0011252125,-0.43864639575486747,0.9399999789893627,12.809999713674188,0.035406478222529764,0.9844246113449676,1.0198310895674974,0.5823099063385788,0.006518641168156775,8.0
2026-08-04 13:20:00,0.0011252125,-0.4433561320286012,0.9399999789893627,12.809999713674188,0.035406478222529764,0.9844246113449676,1.0198310895674974,0.577600170064845,0.006518641168156775,8.0
2026-08-04 13:30:00,0.0011252125,-0.4444353880013353,0.9399999789893627,12.809999713674188,0.035406478222529764,0.9844246113449676,1.0198310895674974,0.5765209140921109,0.006518641168156775,8.0
2026-08-04 13:40:00,0.0011252125,-0.4419500886812254,0.9399999789893627,12.809999713674188,0.035406478222529764,0.9844246113449676,1.0198310895674974,0.5790062134122209,0.006518641168156775,8.0
2026-08-04 13:50:00,0.0011252125,-0.4359968295954783,0.9399999789893627,12.809999713674188,0.035406478222529764,0.9844246113449676,1.0198310895674974,0.5849594724979679,0.006518641168156775,8.0
2026-08-04 14:00:00,0.0011252125,-0.4267005858165225,0.9399999789893627,12.809999713674188,0.035406478222529764,0.9844246113449676,1.0198310895674974,0.5942557162769238,0.006518641168156775,8.0
2026-08-04 14:10:00,0.0011252125,-0.41421200197929986,0.9399999789893627,12.809999713674188,0.035406478222529764,0.9844246113449676,1.0198310895674974,0.6067443001141464,0.006518641168156775,8.0
2026-08-04 14:20:00,0.0011252125,-0.39870435137320775,0.9399999789893627,12.809999713674188,0.035406478222529764,0.9844246113449676,1.0198310895674974,0.6222519507202384,0.006518641168156775,8.0
2026-08-04 14:30:00,0.0011252125,-0.38037027414754393,0.9399999789893627,12.809999713674188,0.035406478222529764,0.9844246113449676,1.0198310895674974,0.6405860279459024,0.006518641168156775,8.0
2026-08-04 14:40:00,0.0011252125,-0.35941842014729086,0.9399999789893627,12.809999713674188,0.035406478222529764,0.9844246113449676,1.0198310895674974,0.6615378819461554,0.006518641168156775,8.0
2026-08-04 14:50:00,0.0011252125,-0.3360701288112693,0.9399999789893627,12.809999713674188,0.035406478222529764,0.9844246113449676,1.0198310895674974,0.6848861732821769,0.006518641168156775,8.0
2026-08-04 15:00:00,0.0011252125,-0.3105562754233886,0.9399999789893627,12.58999971859157,0.034798404435725974,0.9675180216107059,1.002316426046432,0.6928853631489922,0.006518641168156775,8.0
2026-08-04 15:10:00,0.0011252125,-0.2831143995489828,0.9399999789893627,12.58999971859157,0.034798404435725974,0.9675180216107059,1.002316426046432,0.7203272390233979,0.006518641168156775,8.0
2026-08-04 15:20:00,0.0011252125,-0.253986208297419,0.9399999789893627,12.58999971859157,0.034798404435725974,0.9675180216107059,1.002316426046432,0.7494554302749618,0.006518641168156775,8.0
2026-08-04 15:30:00,0.0011252125,-0.22341551598364873,0.9399999789893627,12.58999971859157,0.034798404435725974,0.9675180216107059,1.002316426046432,0.780026122588732,0.006518641168156775,8.0
2026-08-04 15:40:00,0.0011252125,-0.19164664533048067,0.9399999789893627,12.58999971859157,0.034798404435725974,0.9675180216107059,1.002316426046432,0.8117949932419001,0.006518641168156775,8.0
2026-08-04 15:50:00,0.0011252125,-0.1589232770190039,0.9399999789893627,12.58999971859157,0.034798404435725974,0.9675180216107059,1.002316426046432,0.8445183615533769,0.006518641168156775,8.0
2026-08-04 16:00:00,0.0011252125,-0.12548769763986084,0.9399999789893627,12.58999971859157,0.034798404435725974,0.9675180216107059,1.002316426046432,0.8779539409325199,0.006518641168156775,8.0
2026-08-04 16:10:00,0.0011252125,-0.09158036445103207,0.9399999789893627,12.58999971859157,0.034798404435725974,0.9675180216107059,1.002316426046432,0.9118612741213488,0.006518641168156775,8.0
2026-08-04 16:20:00,0.0011252125,-0.05743968208070039,0.9399999789893627,12.58999971859157,0.034798404435725974,0.9675180216107059,1.002316426046432,0.9460019564916804,0.006518641168156775,8.0
2026-08-04 16:30:00,0.0011252125,-0.02330187344109569,0.9399999789893627,12.58999971859157,0.034798404435725974,0.9675180216107059,1.002316426046432,0.9801397651312851,0.006518641168156775,8.0
2026-08-04 16:40:00,0.0011252125,0.010599173791133183,0.9399999789893627,12.58999971859157,0.034798404435725974,0.9675180216107059,1.002316426046432,1.014040812363514,0.006518641168156775,8.0
2026-08-04 16:50:00,0.0011252125,0.044032192856871044,0.9399999789893627,12.58999971859157,0.034798404435725974,0.9675180216107059,1.002316426046432,1.0474738314292518,0.006518641168156775,8.0
2026-08-04 17:00:00,0.0011252125,0.07676904184756869,0.9399999789893627,12.58999971859157,0.034798404435725974,0.9675180216107059,1.002316426046432,1.0802106804199494,0.006518641168156775,8.0
2026-08-04 17:10:00,0.0011252125,0.10858548185543278,0.9399999789893627,12.58999971859157,0.034798404435725974,0.9675180216107059,1.002316426046432,1.1120271204278136,0.006518641168156775,8.0
2026-08-04 17:20:00,0.0011252125,0.1392622498646686,0.9399999789893627,12.58999971859157,0.034798404435725974,0.9675180216107059,1.002316426046432,1.1427038884370493,0.006518641168156775,8.0
2026-08-04 17:30:00,0.0011252125,0.16858640988582538,0.9399999789893627,12.58999971859157,0.034798404435725974,0.9675180216107059,1.002316426046432,1.1720280484582062,0.006518641168156775,8.0
2026-08-04 17:40:00,0.0011252125,0.1963529311684973,0.9399999789893627,12.58999971859157,0.034798404435725974,0.9675180216107059,1.002316426046432,1.199794569740878,0.006518641168156775,8.0
2026-08-04 17:50:00,0.0011252125,0.22236641351591352,0.9399999789893627,12.58999971859157,0.034798404435725974,0.9675180216107059,1.002316426046432,1.2258080520882944,0.006518641168156775,8.0
2026-08-04 18:00:00,0.0011252125,0.24644285996520168,0.9199999794363976,12.229999726638198,0.03344183078969583,0.9298005034813742,0.9632423342710701,1.2108104067622207,0.006518641168156775,8.0
2026-08-04 18:10:00,0.0011252125,0.2684113883627898,0.9199999794363976,12.229999726638198,0.03344183078969583,0.9298005034813742,0.9632423342710701,1.2327789351598089,0.006518641168156775,8.0
2026-08-04 18:20:00,0.0011252125,0.28811577652744375,0.9199999794363976,12.229999726638198,0.03344183078969583,0.9298005034813742,0.9632423342710701,1.2524833233244628,0.006518641168156775,8.0
2026-08-04 18:30:00,0.0011252125,0.30541575046634245,0.9199999794363976,12.229999726638198,0.03344183078969583,0.9298005034813742,0.9632423342710701,1.2697832972633614,0.006518641168156775,8.0
2026-08-04 18:40:00,0.0011252125,0.3201879497866353,0.9199999794363976,12.229999726638198,0.03344183078969583,0.9298005034813742,0.9632423342710701,1.2845554965836543,0.006518641168156775,8.0
2026-08-04 18:50:00,0.0011252125,0.3323265363534014,0.9199999794363976,12.229999726638198,0.03344183078969583,0.9298005034813742,0.9632423342710701,1.2966940831504203,0.006518641168156775,8.0
2026-08-04 19:00:00,0.0011252125,0.34174344794235095,0.9199999794363976,12.229999726638198,0.03344183078969583,0.9298005034813742,0.9632423342710701,1.3061109947393699,0.006518641168156775,8.0
2026-08-04 19:10:00,0.0011252125,0.3483683342791455,0.9199999794363976,12.229999726638198,0.03344183078969583,0.9298005034813742,0.9632423342710701,1.3127358810761645,0.006518641168156775,8.0
2026-08-04 19:20:00,0.0011252125,0.35214824440024506,0.9199999794363976,12.229999726638198,0.03344183078969583,0.9298005034813742,0.9632423342710701,1.316515791197264,0.006518641168156775,8.0
2026-08-04 19:30:00,0.0011252125,0.3530471584962209,0.9199999794363976,12.229999726638198,0.03344183078969583,0.9298005034813742,0.9632423342710701,1.31741470529324,0.006518641168156775,8.0
2026-08-04 19:40:00,0.0011252125,0.351045471382011,0.9199999794363976,12.229999726638198,0.03344183078969583,0.9298005034813742,0.9632423342710701,1.31541301817903,0.006518641168156775,8.0
2026-08-04 19:50:00,0.0011252125,0.3461395370112954,0.9199999794363976,12.229999726638198,0.03344183078969583,0.9298005034813742,0.9632423342710701,1.3105070838083144,0.006518641168156775,8.0
2026-08-04 20:00:00,0.0011252125,0.3383413736215697,0.9199999794363976,12.229999726638198,0.03344183078969583,0.9298005034813742,0.9632423342710701,1.3027089204185887,0.006518641168156775,8.0
2026-08-04 20:10:00,0.0011252125,0.32767860795723325,0.9199999794363976,12.229999726638198,0.03344183078969583,0.9298005034813742,0.9632423342710701,1.292046154754252,0.006518641168156775,8.0
2026-08-04 20:20:00,0.0011252125,0.31419470680533645,0.9199999794363976,12.229999726638198,0.03344183078969583,0.9298005034813742,0.9632423342710701,1.2785622536023555,0.006518641168156775,8.0
2026-08-04 20:30:00,0.0011252125,0.29794950767393946,0.9199999794363976,12.229999726638198,0.03344183078969583,0.9298005034813742,0.9632423342710701,1.2623170544709583,0.006518641168156775,8.0
2026-08-04 20:40:00,0.0011252125,0.27902002161467965,0.9199999794363976,12.229999726638198,0.03344183078969583,0.9298005034813742,0.9632423342710701,1.2433875684116986,0.006518641168156775,8.0
2026-08-04 20:50:00,0.0011252125,0.25750144380457024,0.9199999794363976,12.229999726638198,0.03344183078969583,0.9298005034813742,0.9632423342710701,1.2218689906015892,0.006518641168156775,8.0
2026-08-04 21:00:00,0.0011252125,0.23350827531122167,0.8899999801069498,12.07999972999096,0.03248864599712203,0.9032986141075728,0.9357872601046948,1.1704207479418653,0.006518641168156775,8.0
2026-08-04 21:10:00,0.0011252125,0.20717543568016106,0.8899999801069498,12.07999972999096,0.03248864599712203,0.9032986141075728,0.9357872601046948,1.1440879083108046,0.006518641168156775,8.0
2026-08-04 21:20:00,0.0011252125,0.1786592329343307,0.8899999801069498,12.07999972999096,0.03248864599712203,0.9032986141075728,0.9357872601046948,1.1155717055649743,0.006518641168156775,8.0
2026-08-04 21:30:00,0.0011252125,0.14813805644367198,0.8899999801069498,12.07999972999096,0.03248864599712203,0.9032986141075728,0.9357872601046948,1.0850505290743158,0.006518641168156775,8.0
2026-08-04 21:40:00,0.0011252125,0.11581266901736274,0.8899999801069498,12.07999972999096,0.03248864599712203,0.9032986141075728,0.9357872601046948,1.0527251416480063,0.006518641168156775,8.0
2026-08-04 21:50:00,0.0011252125,0.0819059961858165,0.8899999801069498,12.07999972999096,0.03248864599712203,0.9032986141075728,0.9357872601046948,1.01881846881646,0.006518641168156775,8.0
2026-08-04 22:00:00,0.0011252125,0.046662340945315385,0.8899999801069498,12.07999972999096,0.03248864599712203,0.9032986141075728,0.9357872601046948,0.9835748135759591,0.006518641168156775,8.0
2026-08-04 22:10:00,0.0011252125,0.010345988053794213,0.8899999801069498,12.07999972999096,0.03248864599712203,0.9032986141075728,0.9357872601046948,0.9472584606844379,0.006518641168156775,8.0
2026-08-04 22:20:00,0.0011252125,-0.02676079991937506,0.8899999801069498,12.07999972999096,0.03248864599712203,0.9032986141075728,0.9357872601046948,0.9101516727112686,0.006518641168156775,8.0
2026-08-04 22:30:00,0.0011252125,-0.06436035590373561,0.8899999801069498,12.07999972999096,0.03248864599712203,0.9032986141075728,0.9357872601046948,0.8725521167269081,0.006518641168156775,8.0
2026-08-04 22:40:00,0.0011252125,-0.10214267986872194,0.8899999801069498,12.07999972999096,0.03248864599712203,0.9032986141075728,0.9357872601046948,0.8347697927619218,0.006518641168156775,8.0
2026-08-04 22:50:00,0.0011252125,-0.13978891235239135,0.8899999801069498,12.07999972999096,0.03248864599712203,0.9032986141075728,0.9357872601046948,0.7971235602782524,0.006518641168156775,8.0
2026-08-04 23:00:00,0.0011252125,-0.17697509752352533,0.8899999801069498,12.07999972999096,0.03248864599712203,0.9032986141075728,0.9357872601046948,0.7599373751071183,0.006518641168156775,8.0
2026-08-04 23:10:00,0.0011252125,-0.21337611648949856,0.8899999801069498,12.07999972999096,0.03248864599712203,0.9032986141075728,0.9357872601046948,0.7235363561411452,0.006518641168156775,8.0
2026-08-04 23:20:00,0.0011252125,-0.24866967410763127,0.8899999801069498,12.07999972999096,0.03248864599712203,0.9032986141075728,0.9357872601046948,0.6882427985230124,0.006518641168156775,8.0
2026-08-04 23:30:00,0.0011252125,-0.28254023284203406,0.8899999801069498,12.07999972999096,0.03248864599712203,0.9032986141075728,0.9357872601046948,0.6543722397886096,0.006518641168156775,8.0
2026-08-04 23:40:00,0.0011252125,-0.3146828034849299,0.8899999801069498,12.07999972999096,0.03248864599712203,0.9032986141075728,0.9357872601046948,0.6222296691457139,0.006518641168156775,8.0
2026-08-04 23:50:00,0.0011252125,-0.3448065221076004,0.8899999801069498,12.07999972999096,0.03248864599712203,0.9032986141075728,0.9357872601046948,0.5921059505230433,0.006518641168156775,8.0
2026-08-05 00:00:00,0.013615133,-0.37263796294181845,0.8799999803304672,11.989999732002616,0.03206492242420184,0.8915176086382338,0.9235825310624357,0.5645597013614363,0.006518641168156775,8.0
2026-08-05 00:10:00,0.013615133,-0.39792415534217207,0.8799999803304672,11.989999732002616,0.03206492242420184,0.8915176086382338,0.9235825310624357,0.5392735089610826,0.006518641168156775,8.0
2026-08-05 00:20:00,0.013615133,-0.4204352876539664,0.8799999803304672,11.989999732002616,0.03206492242420184,0.8915176086382338,0.9235825310624357,0.5167623766492883,0.006518641168156775,8.0
2026-08-05 00:30:00,0.013615133,-0.4399670904319474,0.8799999803304672,11.989999732002616,0.03206492242420184,0.8915176086382338,0.9235825310624357,0.49723057387130726,0.006518641168156775,8.0
2026-08-05 00:40:00,0.013615133,-0.45634289533465,0.8799999803304672,11.989999732002616,0.03206492242420184,0.8915176086382338,0.9235825310624357,0.4808547689686047,0.006518641168156775,8.0
2026-08-05 00:50:00,0.013615133,-0.4694153649027055,0.8799999803304672,11.989999732002616,0.03206492242420184,0.8915176086382338,0.9235825310624357,0.46778229940054916,0.006518641168156775,8.0
2026-08-05 01:00:00,0.013615133,-0.47906788313328713,0.8799999803304672,11.989999732002616,0.03206492242420184,0.8915176086382338,0.9235825310624357,0.45812978116996755,0.006518641168156775,8.0
2026-08-05 01:10:00,0.013615133,-0.48521558946854654,0.8799999803304672,11.989999732002616,0.03206492242420184,0.8915176086382338,0.9235825310624357,0.45198207483470815,0.006518641168156775,8.0
2026-08-05 01:20:00,0.013615133,-0.48780603133957656,0.8799999803304672,11.989999732002616,0.03206492242420184,0.8915176086382338,0.9235825310624357,0.4493916329636781,0.006518641168156775,8.0
2026-08-05 01:30:00,0.013615133,-0.4868194052877062,0.8799999803304672,11.989999732002616,0.03206492242420184,0.8915176086382338,0.9235825310624357,0.4503782590155485,0.006518641168156775,8.0
2026-08-05 01:40:00,0.013615133,-0.4822683556246966,0.8799999803304672,11.989999732002616,0.03206492242420184,0.8915176086382338,0.9235825310624357,0.4549293086785581,0.006518641168156775,8.0
2026-08-05 01:50:00,0.013615133,-0.47419730418084244,0.8799999803304672,11.989999732002616,0.03206492242420184,0.8915176086382338,0.9235825310624357,0.46300036012241225,0.006518641168156775,8.0
2026-08-05 02:00:00,0.013615133,-0.4626812955665257,0.8799999803304672,11.989999732002616,0.03206492242420184,0.8915176086382338,0.9235825310624357,0.474516368736729,0.006518641168156775,8.0
2026-08-05 02:10:00,0.013615133,-0.4478243592692932,0.8799999803304672,11.989999732002616,0.03206492242420184,0.8915176086382338,0.9235825310624357,0.4893733050339615,0.006518641168156775,8.0
2026-08-05 02:20:00,0.013615133,-0.42975741183263827,0.8799999803304672,11.989999732002616,0.03206492242420184,0.8915176086382338,0.9235825310624357,0.5074402524706164,0.006518641168156775,8.0
2026-08-05 02:30:00,0.013615133,-0.40863574734347724,0.8799999803304672,11.989999732002616,0.03206492242420184,0.8915176086382338,0.9235825310624357,0.5285619169597775,0.006518641168156775,8.0
2026-08-05 02:40:00,0.013615133,-0.38463619004966854,0.8799999803304672,11.989999732002616,0.03206492242420184,0.8915176086382338,0.9235825310624357,0.5525614742535861,0.006518641168156775,8.0
2026-08-05 02:50:00,0.013615133,-0.3579540062987821,0.8799999803304672,11.989999732002616,0.03206492242420184,0.8915176086382338,0.9235825310624357,0.5792436580044726,0.006518641168156775,8.0
2026-08-05 03:00:00,0.013615133,-0.32879969134637677,0.8499999810010195,11.919999733567238,0.03132963914026229,0.8710741475159114,0.9024037866561737,0.5872192285506159,0.006518641168156775,8.0
2026-08-05 03:10:00,0.013615133,-0.29739575745762264,0.8499999810010195,11.919999733567238,0.03132963914026229,0.8710741475159114,0.9024037866561737,0.6186231624393701,0.006518641168156775,8.0
2026-08-05 03:20:00,0.013615133,-0.2639736513345529,0.8499999810010195,11.919999733567238,0.03132963914026229,0.8710741475159114,0.9024037866561737,0.6520452685624398,0.006518641168156775,8.0
2026-08-05 03:30:00,0.013615133,-0.22877092027660081,0.8499999810010195,11.919999733567238,0.03132963914026229,0.8710741475159114,0.9024037866561737,0.6872479996203918,0.006518641168156775,8.0
2026-08-05 03:40:00,0.013615133,-0.19202872787742575,0.8499999810010195,11.919999733567238,0.03132963914026229,0.8710741475159114,0.9024037866561737,0.7239901920195669,0.006518641168156775,8.0
2026-08-05 03:50:00,0.013615133,-0.15398979252565814,0.8499999810010195,11.919999733567238,0.03132963914026229,0.8710741475159114,0.9024037866561737,0.7620291273713345,0.006518641168156775,8.0
2026-08-05 04:00:00,0.013615133,-0.11489678792602552,0.8499999810010195,11.919999733567238,0.03132963914026229,0.8710741475159114,0.9024037866561737,0.8011221319709672,0.006518641168156775,8.0
2026-08-05 04:10:00,0.013615133,-0.07499120705470193,0.8499999810010195,11.919999733567238,0.03132963914026229,0.8710741475159114,0.9024037866561737,0.8410277128422907,0.006518641168156775,8.0
2026-08-05 04:20:00,0.013615133,-0.03451265313658152,0.8499999810010195,11.919999733567238,0.03132963914026229,0.8710741475159114,0.9024037866561737,0.8815062667604112,0.006518641168156775,8.0
2026-08-05 04:30:00,0.013615133,0.006301513244330425,0.8499999810010195,11.919999733567238,0.03132963914026229,0.8710741475159114,0.9024037866561737,0.9223204331413231,0.006518641168156775,8.0
2026-08-05 04:40:00,0.013615133,0.047216269339616604,0.8499999810010195,11.919999733567238,0.03132963914026229,0.8710741475159114,0.9024037866561737,0.9632351892366093,0.006518641168156775,8.0
2026-08-05 04:50:00,0.013615133,0.08799888420997666,0.8499999810010195,11.919999733567238,0.03132963914026229,0.8710741475159114,0.9024037866561737,1.0040178041069694,0.006518641168156775,8.0
2026-08-05 05:00:00,0.013615133,0.1284188545813835,0.8499999810010195,11.919999733567238,0.03132963914026229,0.8710741475159114,0.9024037866561737,1.0444377744783762,0.006518641168156775,8.0
2026-08-05 05:10:00,0.013615133,0.168247940200124,0.8499999810010195,11.919999733567238,0.03132963914026229,0.8710741475159114,0.9024037866561737,1.0842668600971166,0.006518641168156775,8.0
2026-08-05 05:20:00,0.013615133,0.20726039937888377,0.8499999810010195,11.919999733567238,0.03132963914026229,0.8710741475159114,0.9024037866561737,1.1232793192758765,0.006518641168156775,8.0
2026-08-05 05:30:00,0.013615133,0.24523349854336773,0.8499999810010195,11.919999733567238,0.03132963914026229,0.8710741475159114,0.9024037866561737,1.1612524184403603,0.006518641168156775,8.0
2026-08-05 05:40:00,0.013615133,0.28194833583844436,0.8499999810010195,11.919999733567238,0.03132963914026229,0.8710741475159114,0.9024037866561737,1.197967255735437,0.006518641168156775,8.0
2026-08-05 05:50:00,0.013615133,0.3171909813406984,0.8499999810010195,11.919999733567238,0.03132963914026229,0.8710741475159114,0.9024037866561737,1.2332099012376911,0.006518641168156775,8.0
2026-08-05 06:00:00,0.013615133,0.3507538994135959,0.8099999818950891,11.829999735578895,0.03035267197412402,0.8439110245196658,0.8742636964937899,1.2386327291482049,0.006518641168156775,8.0
2026-08-05 06:10:00,0.013615133,0.38243758574738373,0.8099999818950891,11.829999735578895,0.03035267197412402,0.8439110245196658,0.8742636964937899,1.2703164154819926,0.006518641168156775,8.0
2026-08-05 06:20:00,0.013615133,0.412052326244527,0.8099999818950891,11.829999735578895,0.03035267197412402,0.8439110245196658,0.8742636964937899,1.2999311559791358,0.006518641168156775,8.0
2026-08-05 06:30:00,0.013615133,0.43941996979790127,0.8099999818950891,11.829999735578895,0.03035267197412402,0.8439110245196658,0.8742636964937899,1.32729879953251,0.006518641168156775,8.0
2026-08-05 06:40:00,0.013615133,0.4643756034457877,0.8099999818950891,11.829999735578895,0.03035267197412402,0.8439110245196658,0.8742636964937899,1.3522544331803965,0.006518641168156775,8.0
2026-08-05 06:50:00,0.013615133,0.48676902710548475,0.8099999818950891,11.829999735578895,0.03035267197412402,0.8439110245196658,0.8742636964937899,1.3746478568400935,0.006518641168156775,8.0
2026-08-05 07:00:00,0.013615133,0.5064659445259774,0.8099999818950891,11.829999735578895,0.03035267197412402,0.8439110245196658,0.8742636964937899,1.3943447742605861,0.006518641168156775,8.0
2026-08-05 07:10:00,0.013615133,0.5233488158063602,0.8099999818950891,11.829999735578895,0.03035267197412402,0.8439110245196658,0.8742636964937899,1.411227645540969,0.006518641168156775,8.0
2026-08-05 07:20:00,0.013615133,0.5373173509573981,0.8099999818950891,11.829999735578895,0.03035267197412402,0.8439110245196658,0.8742636964937899,1.4251961806920068,0.006518641168156775,8.0
2026-08-05 07:30:00,0.013615133,0.5482886604538695,0.8099999818950891,11.829999735578895,0.03035267197412402,0.8439110245196658,0.8742636964937899,1.4361674901884784,0.006518641168156775,8.0
2026-08-05 07:40:00,0.013615133,0.5561971131750678,0.8099999818950891,11.829999735578895,0.03035267197412402,0.8439110245196658,0.8742636964937899,1.4440759429096768,0.006518641168156775,8.0
2026-08-05 07:50:00,0.013615133,0.560993980962619,0.8099999818950891,11.829999735578895,0.03035267197412402,0.8439110245196658,0.8742636964937899,1.4488728106972277,0.006518641168156775,8.0
2026-08-05 08:00:00,0.013615133,0.5626469691832102,0.8099999818950891,11.829999735578895,0.03035267197412402,0.8439110245196658,0.8742636964937899,1.450525798917819,0.006518641168156775,8.0
2026-08-05 08:10:00,0.013615133,0.5611397416943277,0.8099999818950891,11.829999735578895,0.03035267197412402,0.8439110245196658,0.8742636964937899,1.4490185714289365,0.006518641168156775,8.0
2026-08-05 08:20:00,0.013615133,0.5564715457226906,0.8099999818950891,11.829999735578895,0.03035267197412402,0.8439110245196658,0.8742636964937899,1.4443503754572995,0.006518641168156775,8.0
2026-08-05 08:30:00,0.013615133,0.5486570272835417,0.8099999818950891,11.829999735578895,0.03035267197412402,0.8439110245196658,0.8742636964937899,1.4365358570181506,0.006518641168156775,8.0
2026-08-05 08:40:00,0.013615133,0.5377263026528999,0.8099999818950891,11.829999735578895,0.03035267197412402,0.8439110245196658,0.8742636964937899,1.4256051323875087,0.006518641168156775,8.0
2026-08-05 08:50:00,0.013615133,0.5237253183265626,0.8099999818950891,11.829999735578895,0.03035267197412402,0.8439110245196658,0.8742636964937899,1.4116041480611714,0.006518641168156775,8.0
2026-08-05 09:00:00,0.013615133,0.5067164944320226,0.789999982342124,11.80999973602593,0.029924928239597557,0.8320182444196526,0.8619431726592501,1.3822748003320917,0.006518641168156775,8.0
2026-08-05 09:10:00,0.013615133,0.48677960838307194,0.789999982342124,11.80999973602593,0.029924928239597557,0.8320182444196526,0.8619431726592501,1.362337914283141,0.006518641168156775,8.0
2026-08-05 09:20:00,0.013615133,0.46401284062885695,0.789999982342124,11.80999973602593,0.029924928239597557,0.8320182444196526,0.8619431726592501,1.3395711465289262,0.006518641168156775,8.0
2026-08-05 09:30:00,0.013615133,0.43853387611116346,0.789999982342124,11.80999973602593,0.029924928239597557,0.8320182444196526,0.8619431726592501,1.3140921820112326,0.006518641168156775,8.0
2026-08-05 09:40:00,0.013615133,0.4104809363887339,0.789999982342124,11.80999973602593,0.029924928239597557,0.8320182444196526,0.8619431726592501,1.286039242288803,0.006518641168156775,8.0
2026-08-05 09:50:00,0.013615133,0.3800136099967933,0.789999982342124,11.80999973602593,0.029924928239597557,0.8320182444196526,0.8619431726592501,1.2555719158968623,0.006518641168156775,8.0
2026-08-05 10:00:00,0.013615133,0.3473133533730105,0.789999982342124,11.80999973602593,0.029924928239597557,0.8320182444196526,0.8619431726592501,1.2228716592730797,0.006518641168156775,8.0
2026-08-05 10:10:00,0.013615133,0.31258355065901894,0.789999982342124,11.80999973602593,0.029924928239597557,0.8320182444196526,0.8619431726592501,1.188141856559088,0.006518641168156775,8.0
2026-08-05 10:20:00,0.013615133,0.2760490466942958,0.789999982342124,11.80999973602593,0.029924928239597557,0.8320182444196526,0.8619431726592501,1.1516073525943649,0.006518641168156775,8.0
2026-08-05 10:30:00,0.013615133,0.2379551004226002,0.789999982342124,11.80999973602593,0.029924928239597557,0.8320182444196526,0.8619431726592501,1.1135134063226693,0.006518641168156775,8.0
2026-08-05 10:40:00,0.013615133,0.19856574292785623,0.789999982342124,11.80999973602593,0.029924928239597557,0.8320182444196526,0.8619431726592501,1.0741240488279253,0.006518641168156775,8.0
2026-08-05 10:50:00,0.013615133,0.1581615616850255,0.789999982342124,11.80999973602593,0.029924928239597557,0.8320182444196526,0.8619431726592501,1.0337198675850945,0.006518641168156775,8.0
2026-08-05 11:00:00,0.013615133,0.11703696693413713,0.789999982342124,11.80999973602593,0.029924928239597557,0.8320182444196526,0.8619431726592501,0.9925952728342062,0.006518641168156775,8.0
2026-08-05 11:10:00,0.013615133,0.07549702467689437,0.789999982342124,11.80999973602593,0.029924928239597557,0.8320182444196526,0.8619431726592501,0.9510553305769635,0.006518641168156775,8.0
2026-08-05 11:20:00,0.013615133,0.033853961043890456,0.789999982342124,11.80999973602593,0.029924928239597557,0.8320182444196526,0.8619431726592501,0.9094122669439596,0.006518641168156775,8.0
2026-08-05 11:30:00,0.013615133,-0.007576545900812187,0.789999982342124,11.80999973602593,0.029924928239597557,0.8320182444196526,0.8619431726592501,0.867981759999257,0.006518641168156775,8.0
2026-08-05 11:40:00,0.013615133,-0.04847916953405937,0.789999982342124,11.80999973602593,0.029924928239597557,0.8320182444196526,0.8619431726592501,0.8270791363660097,0.006518641168156775,8.0
2026-08-05 11:50:00,0.013615133,-0.08854272257548255,0.789999982342124,11.80999973602593,0.029924928239597557,0.8320182444196526,0.8619431726592501,0.7870155833245865,0.006518641168156775,8.0
2026-08-05 12:00:00,0.013615133,-0.12746383317874826,0.8299999814480543,11.76999973692,0.030569278136420422,0.8499334375875061,0.8805027157239265,0.7666540157859971,0.006518641168156775,8.0
2026-08-05 12:10:00,0.013615133,-0.16495043136325394,0.8299999814480543,11.76999973692,0.030569278136420422,0.8499334375875061,0.8805027157239265,0.7291674176014915,0.006518641168156775,8.0
2026-08-05 12:20:00,0.013615133,-0.20072498867571995,0.8299999814480543,11.76999973692,0.030569278136420422,0.8499334375875061,0.8805027157239265,0.6933928602890255,0.006518641168156775,8.0
2026-08-05 12:30:00,0.013615133,-0.23452747409052702,0.8299999814480543,11.76999973692,0.030569278136420422,0.8499334375875061,0.8805027157239265,0.6595903748742185,0.006518641168156775,8.0
2026-08-05 12:40:00,0.013615133,-0.26611800616398873,0.8299999814480543,11.76999973692,0.030569278136420422,0.8499334375875061,0.8805027157239265,0.6279998428007567,0.006518641168156775,8.0
2026-08-05 12:50:00,0.013615133,-0.2952791941031426,0.8299999814480543,11.76999973692,0.030569278136420422,0.8499334375875061,0.8805027157239265,0.5988386548616029,0.006518641168156775,8.0
2026-08-05 13:00:00,0.013615133,-0.32181816713841677,0.8299999814480543,11.76999973692,0.030569278136420422,0.8499334375875061,0.8805027157239265,0.5722996818263286,0.006518641168156775,8.0
2026-08-05 13:10:00,0.013615133,-0.3455682930955472,0.8299999814480543,11.76999973692,0.030569278136420422,0.8499334375875061,0.8805027157239265,0.5485495558691982,0.006518641168156775,8.0
2026-08-05 13:20:00,0.013615133,-0.36639058332399216,0.8299999814480543,11.76999973692,0.030569278136420422,0.8499334375875061,0.8805027157239265,0.5277272656407532,0.006518641168156775,8.0
2026-08-05 13:30:00,0.013615133,-0.3841747745168962,0.8299999814480543,11.76999973692,0.030569278136420422,0.8499334375875061,0.8805027157239265,0.5099430744478493,0.006518641168156775,8.0
2026-08-05 13:40:00,0.013615133,-0.39884006973039077,0.8299999814480543,11.76999973692,0.030569278136420422,0.8499334375875061,0.8805027157239265,0.4952777792343547,0.006518641168156775,8.0
2026-08-05 13:50:00,0.013615133,-0.41033551383273775,0.8299999814480543,11.76999973692,0.030569278136420422,0.8499334375875061,0.8805027157239265,0.4837823351320077,0.006518641168156775,8.0
2026-08-05 14:00:00,0.013615133,-0.41863997462997676,0.8299999814480543,11.76999973692,0.030569278136420422,0.8499334375875061,0.8805027157239265,0.4754778743347687,0.006518641168156775,8.0
2026-08-05 14:10:00,0.013615133,-0.42376170172594513,0.8299999814480543,11.76999973692,0.030569278136420422,0.8499334375875061,0.8805027157239265,0.4703561472388003,0.006518641168156775,8.0
2026-08-05 14:20:00,0.013615133,-0.4257374420945184,0.8299999814480543,11.76999973692,0.030569278136420422,0.8499334375875061,0.8805027157239265,0.46838040687022703,0.006518641168156775,8.0
2026-08-05 14:30:00,0.013615133,-0.42463110437953816,0.8299999814480543,11.76999973692,0.030569278136420422,0.8499334375875061,0.8805027157239265,0.4694867445852073,0.006518641168156775,8.0
2026-08-05 14:40:00,0.013615133,-0.4205319827899916,0.8299999814480543,11.76999973692,0.030569278136420422,0.8499334375875061,0.8805027157239265,0.47358586617475384,0.006518641168156775,8.0
2026-08-05 14:50:00,0.013615133,-0.4135525743444751,0.8299999814480543,11.76999973692,0.030569278136420422,0.8499334375875061,0.8805027157239265,0.4805652746202703,0.006518641168156775,8.0
2026-08-05 15:00:00,0.013615133,-0.40382604820639584,0.9499999787658453,14.799999669194221,0.0411237956504091,1.1433861423818095,1.1845099380322186,0.7942990230666418,0.006518641168156775,8.0
2026-08-05 15:10:00,0.013615133,-0.3915034501057526,0.9499999787658453,14.799999669194221,0.0411237956504091,1.1433861423818095,1.1845099380322186,0.806621621167285,0.006518641168156775,8.0
2026-08-05 15:20:00,0.013615133,-0.37675074562271016,0.9499999787658453,14.799999669194221,0.0411237956504091,1.1433861423818095,1.1845099380322186,0.8213743256503274,0.006518641168156775,8.0
2026-08-05 15:30:00,0.013615133,-0.359745820688414,0.9499999787658453,14.799999669194221,0.0411237956504091,1.1433861423818095,1.1845099380322186,0.8383792505846236,0.006518641168156775,8.0
2026-08-05 15:40:00,0.013615133,-0.34067556394017023,0.9499999787658453,14.799999669194221,0.0411237956504091,1.1433861423818095,1.1845099380322186,0.8574495073328674,0.006518641168156775,8.0
2026-08-05 15:50:00,0.013615133,-0.3197331520225702,0.9499999787658453,14.799999669194221,0.0411237956504091,1.1433861423818095,1.1845099380322186,0.8783919192504674,0.006518641168156775,8.0
2026-08-05 16:00:00,0.013615133,-0.2971156453692668,0.9499999787658453,14.799999669194221,0.0411237956504091,1.1433861423818095,1.1845099380322186,0.9010094259037708,0.006518641168156775,8.0
2026-08-05 16:10:00,0.013615133,-0.2730219787400569,0.9499999787658453,14.799999669194221,0.0411237956504091,1.1433861423818095,1.1845099380322186,0.9251030925329806,0.006518641168156775,8.0
2026-08-05 16:20:00,0.013615133,-0.24765140000884214,0.9499999787658453,14.799999669194221,0.0411237956504091,1.1433861423818095,1.1845099380322186,0.9504736712641955,0.006518641168156775,8.0
2026-08-05 16:30:00,0.013615133,-0.22120237444173782,0.9499999787658453,14.799999669194221,0.0411237956504091,1.1433861423818095,1.1845099380322186,0.9769226968312997,0.006518641168156775,8.0
2026-08-05 16:40:00,0.013615133,-0.1938719337870079,0.9499999787658453,14.799999669194221,0.0411237956504091,1.1433861423818095,1.1845099380322186,1.0042531374860297,0.006518641168156775,8.0
2026-08-05 16:50:00,0.013615133,-0.16585541313313418,0.9499999787658453,14.799999669194221,0.0411237956504091,1.1433861423818095,1.1845099380322186,1.0322696581399033,0.006518641168156775,8.0
2026-08-05 17:00:00,0.013615133,-0.13734648728468268,0.9499999787658453,14.799999669194221,0.0411237956504091,1.1433861423818095,1.1845099380322186,1.060778583988355,0.006518641168156775,8.0
2026-08-05 17:10:00,0.013615133,-0.10853739567226345,0.9499999787658453,14.799999669194221,0.0411237956504091,1.1433861423818095,1.1845099380322186,1.089587675600774,0.006518641168156775,8.0
2026-08-05 17:20:00,0.013615133,-0.07961923241512718,0.9499999787658453,14.799999669194221,0.0411237956504091,1.1433861423818095,1.1845099380322186,1.1185058388579103,0.006518641168156775,8.0
2026-08-05 17:30:00,0.013615133,-0.0507821780621678,0.9499999787658453,14.799999669194221,0.0411237956504091,1.1433861423818095,1.1845099380322186,1.1473428932108698,0.006518641168156775,8.0
2026-08-05 17:40:00,0.013615133,-0.022215560890738156,0.9499999787658453,14.799999669194221,0.0411237956504091,1.1433861423818095,1.1845099380322186,1.1759095103822994,0.006518641168156775,8.0
2026-08-05 17:50:00,0.013615133,0.005892341500915277,0.9499999787658453,14.799999669194221,0.0411237956504091,1.1433861423818095,1.1845099380322186,1.204017412773953,0.006518641168156775,8.0
2026-08-05 18:00:00,0.013615133,0.033354818834492324,0.979999978095293,14.94999966584146,0.04219139693510952,1.1730692126142461,1.2152606095493557,1.262230561624667,0.006518641168156775,8.0
2026-08-05 18:10:00,0.013615133,0.05998758472175512,0.979999978095293,14.94999966584146,0.04219139693510952,1.1730692126142461,1.2152606095493557,1.2888633275119297,0.006518641168156775,8.0
2026-08-05 18:20:00,0.013615133,0.08560995684115279,0.979999978095293,14.94999966584146,0.04219139693510952,1.1730692126142461,1.2152606095493557,1.3144856996313274,0.006518641168156775,8.0
2026-08-05 18:30:00,0.013615133,0.11004630840603895,0.979999978095293,14.94999966584146,0.04219139693510952,1.1730692126142461,1.2152606095493557,1.3389220511962137,0.006518641168156775,8.0
2026-08-05 18:40:00,0.013615133,0.13312770843234994,0.979999978095293,14.94999966584146,0.04219139693510952,1.1730692126142461,1.2152606095493557,1.3620034512225245,0.006518641168156775,8.0
2026-08-05 18:50:00,0.013615133,0.1546936475345822,0.979999978095293,14.94999966584146,0.04219139693510952,1.1730692126142461,1.2152606095493557,1.3835693903247568,0.006518641168156775,8.0
2026-08-05 19:00:00,0.013615133,0.17459373582326643,0.979999978095293,14.94999966584146,0.04219139693510952,1.1730692126142461,1.2152606095493557,1.4034694786134412,0.006518641168156775,8.0
2026-08-05 19:10:00,0.013615133,0.192689262066821,0.979999978095293,14.94999966584146,0.04219139693510952,1.1730692126142461,1.2152606095493557,1.4215650048569957,0.006518641168156775,8.0
2026-08-05 19:20:00,0.013615133,0.20885451699640137,0.979999978095293,14.94999966584146,0.04219139693510952,1.1730692126142461,1.2152606095493557,1.437730259786576,0.006518641168156775,8.0
2026-08-05 19:30:00,0.013615133,0.22297780827273442,0.979999978095293,14.94999966584146,0.04219139693510952,1.1730692126142461,1.2152606095493557,1.4518535510629091,0.006518641168156775,8.0
2026-08-05 19:40:00,0.013615133,0.23496212624651097,0.979999978095293,14.94999966584146,0.04219139693510952,1.1730692126142461,1.2152606095493557,1.4638378690366856,0.006518641168156775,8.0
2026-08-05 19:50:00,0.013615133,0.2447254558594816,0.979999978095293,14.94999966584146,0.04219139693510952,1.1730692126142461,1.2152606095493557,1.4736011986496562,0.006518641168156775,8.0
2026-08-05 20:00:00,0.013615133,0.25220076625387355,0.979999978095293,14.94999966584146,0.04219139693510952,1.1730692126142461,1.2152606095493557,1.481076509044048,0.006518641168156775,8.0
2026-08-05 20:10:00,0.013615133,0.2573357422339696,0.979999978095293,14.94999966584146,0.04219139693510952,1.1730692126142461,1.2152606095493557,1.4862114850241444,0.006518641168156775,8.0
2026-08-05 20:20:00,0.013615133,0.26009234725728303,0.979999978095293,14.94999966584146,0.04219139693510952,1.1730692126142461,1.2152606095493557,1.4889680900474578,0.006518641168156775,8.0
2026-08-05 20:30:00,0.013615133,0.26044632295808084,0.979999978095293,14.94999966584146,0.04219139693510952,1.1730692126142461,1.2152606095493557,1.4893220657482555,0.006518641168156775,8.0
2026-08-05 20:40:00,0.013615133,0.25838673421471464,0.979999978095293,14.94999966584146,0.04219139693510952,1.1730692126142461,1.2152606095493557,1.4872624770048892,0.006518641168156775,8.0
2026-08-05 20:50:00,0.013615133,0.2539156602822338,0.979999978095293,14.94999966584146,0.04219139693510952,1.1730692126142461,1.2152606095493557,1.4827914030724085,0.006518641168156775,8.0
2026-08-05 21:00:00,0.013615133,0.24704811305720664,0.9699999783188105,14.789999669417739,0.041526345741789435,1.1545784506018855,1.1961047963436748,1.4567680426417005,0.006518641168156775,8.0
2026-08-05 21:10:00,0.013615133,0.23781223445385472,0.9699999783188105,14.789999669417739,0.041526345741789435,1.1545784506018855,1.1961047963436748,1.4475321640383485,0.006518641168156775,8.0
2026-08-05 21:20:00,0.013615133,0.2262497896326472,0.9699999783188105,14.789999669417739,0.041526345741789435,1.1545784506018855,1.1961047963436748,1.435969719217141,0.006518641168156775,8.0
2026-08-05 21:30:00,0.013615133,0.21241693469385364,0.9699999783188105,14.789999669417739,0.041526345741789435,1.1545784506018855,1.1961047963436748,1.4221368642783474,0.006518641168156775,8.0
2026-08-05 21:40:00,0.013615133,0.19638520051398461,0.9699999783188105,14.789999669417739,0.041526345741789435,1.1545784506018855,1.1961047963436748,1.4061051300984784,0.006518641168156775,8.0
2026-08-05 21:50:00,0.013615133,0.17824260231152675,0.9699999783188105,14.789999669417739,0.041526345741789435,1.1545784506018855,1.1961047963436748,1.3879625318960205,0.006518641168156775,8.0
2026-08-05 22:00:00,0.013615133,0.15809476055695443,0.9699999783188105,14.789999669417739,0.041526345741789435,1.1545784506018855,1.1961047963436748,1.3678146901414483,0.006518641168156775,8.0
2026-08-05 22:10:00,0.013615133,0.13606590526426302,0.9699999783188105,14.789999669417739,0.041526345741789435,1.1545784506018855,1.1961047963436748,1.3457858348487568,0.006518641168156775,8.0
2026-08-05 22:20:00,0.013615133,0.11229963395659283,0.9699999783188105,14.789999669417739,0.041526345741789435,1.1545784506018855,1.1961047963436748,1.3220195635410867,0.006518641168156775,8.0
2026-08-05 22:30:00,0.013615133,0.08695930350036107,0.9699999783188105,14.789999669417739,0.041526345741789435,1.1545784506018855,1.1961047963436748,1.2966792330848549,0.006518641168156775,8.0
2026-08-05 22:40:00,0.013615133,0.06022795679005809,0.9699999783188105,14.789999669417739,0.041526345741789435,1.1545784506018855,1.1961047963436748,1.269947886374552,0.006518641168156775,8.0
2026-08-05 22:50:00,0.013615133,0.03230771441000452,0.9699999783188105,14.789999669417739,0.041526345741789435,1.1545784506018855,1.1961047963436748,1.2420276439944984,0.006518641168156775,8.0
2026-08-05 23:00:00,0.013615133,0.0034185963200557626,0.9699999783188105,14.789999669417739,0.041526345741789435,1.1545784506018855,1.1961047963436748,1.2131385259045495,0.006518641168156775,8.0
2026-08-05 23:10:00,0.013615133,-0.026203224336954975,0.9699999783188105,14.789999669417739,0.041526345741789435,1.1545784506018855,1.1961047963436748,1.1835167052475388,0.006518641168156775,8.0
2026-08-05 23:20:00,0.013615133,-0.056307697446073085,0.9699999783188105,14.789999669417739,0.041526345741789435,1.1545784506018855,1.1961047963436748,1.1534122321384208,0.006518641168156775,8.0
2026-08-05 23:30:00,0.013615133,-0.08663363278424482,0.9699999783188105,14.789999669417739,0.041526345741789435,1.1545784506018855,1.1961047963436748,1.123086296800249,0.006518641168156775,8.0
2026-08-05 23:40:00,0.013615133,-0.11691180407787913,0.9699999783188105,14.789999669417739,0.041526345741789435,1.1545784506018855,1.1961047963436748,1.0928081255066147,0.006518641168156775,8.0
2026-08-05 23:50:00,0.013615133,-0.14686831102434766,0.9699999783188105,14.789999669417739,0.041526345741789435,1.1545784506018855,1.1961047963436748,1.0628516185601462,0.006518641168156775,8.0
2026-08-06 00:00:00,0.014445191,-0.1762280841829527,0.9499999787658453,14.6399996727705,0.04067921407581008,1.131025211112817,1.171704425188627,1.0099215322549258,0.006518641168156775,8.0
2026-08-06 00:10:00,0.014445191,-0.20471842063811246,0.9499999787658453,14.6399996727705,0.04067921407581008,1.131025211112817,1.171704425188627,0.9814311957997659,0.006518641168156775,8.0
2026-08-06 00:20:00,0.014445191,-0.23207244940502353,0.9499999787658453,14.6399996727705,0.04067921407581008,1.131025211112817,1.171704425188627,0.954077167032855,0.006518641168156775,8.0
2026-08-06 00:30:00,0.014445191,-0.2580324423560896,0.9499999787658453,14.6399996727705,0.04067921407581008,1.131025211112817,1.171704425188627,0.9281171740817888,0.006518641168156775,8.0
2026-08-06 00:40:00,0.014445191,-0.2823529066462087,0.9499999787658453,14.6399996727705,0.04067921407581008,1.131025211112817,1.171704425188627,0.9037967097916697,0.006518641168156775,8.0
2026-08-06 00:50:00,0.014445191,-0.30480341550331974,0.9499999787658453,14.6399996727705,0.04067921407581008,1.131025211112817,1.171704425188627,0.8813462009345587,0.006518641168156775,8.0
2026-08-06 01:00:00,0.014445191,-0.32517115301324434,0.9499999787658453,14.6399996727705,0.04067921407581008,1.131025211112817,1.171704425188627,0.860978463424634,0.006518641168156775,8.0
2026-08-06 01:10:00,0.014445191,-0.3432631638215547,0.9499999787658453,14.6399996727705,0.04067921407581008,1.131025211112817,1.171704425188627,0.8428864526163238,0.006518641168156775,8.0
2026-08-06 01:20:00,0.014445191,-0.358908308081049,0.9499999787658453,14.6399996727705,0.04067921407581008,1.131025211112817,1.171704425188627,0.8272413083568294,0.006518641168156775,8.0
2026-08-06 01:30:00,0.014445191,-0.37195892621573445,0.9499999787658453,14.6399996727705,0.04067921407581008,1.131025211112817,1.171704425188627,0.814190690222144,0.006518641168156775,8.0
2026-08-06 01:40:00,0.014445191,-0.3822922163092903,0.9499999787658453,14.6399996727705,0.04067921407581008,1.131025211112817,1.171704425188627,0.8038574001285881,0.006518641168156775,8.0
2026-08-06 01:50:00,0.014445191,-0.3898113213850452,0.9499999787658453,14.6399996727705,0.04067921407581008,1.131025211112817,1.171704425188627,0.7963382950528333,0.006518641168156775,8.0
2026-08-06 02:00:00,0.014445191,-0.39444611551369124,0.9499999787658453,14.6399996727705,0.04067921407581008,1.131025211112817,1.171704425188627,0.7917035009241872,0.006518641168156775,8.0
2026-08-06 02:10:00,0.014445191,-0.39615366931957346,0.9499999787658453,14.6399996727705,0.04067921407581008,1.131025211112817,1.171704425188627,0.7899959471183049,0.006518641168156775,8.0
2026-08-06 02:20:00,0.014445191,-0.3949183689303334,0.9499999787658453,14.6399996727705,0.04067921407581008,1.131025211112817,1.171704425188627,0.791231247507545,0.006518641168156775,8.0
2026-08-06 02:30:00,0.014445191,-0.390751659926613,0.9499999787658453,14.6399996727705,0.04067921407581008,1.131025211112817,1.171704425188627,0.7953979565112654,0.006518641168156775,8.0
2026-08-06 02:40:00,0.014445191,-0.3836913909236757,0.9499999787658453,14.6399996727705,0.04067921407581008,1.131025211112817,1.171704425188627,0.8024582255142028,0.006518641168156775,8.0
2026-08-06 02:50:00,0.014445191,-0.37380074055422724,0.9499999787658453,14.6399996727705,0.04067921407581008,1.131025211112817,1.171704425188627,0.8123488758836512,0.006518641168156775,8.0
2026-08-06 03:00:00,0.014445191,-0.36116672706777825,0.9299999792128801,14.459999676793814,0.03975387260170459,1.1052974639112316,1.1450513365129362,0.7983298006944093,0.006518641168156775,8.0
2026-08-06 03:10:00,0.014445191,-0.34589832012702365,0.9299999792128801,14.459999676793814,0.03975387260170459,1.1052974639112316,1.1450513365129362,0.813598207635164,0.006518641168156775,8.0
2026-08-06 03:20:00,0.014445191,-0.32812419813114396,0.9299999792128801,14.459999676793814,0.03975387260170459,1.1052974639112316,1.1450513365129362,0.8313723296310436,0.006518641168156775,8.0
2026-08-06 03:30:00,0.014445191,-0.3079902188967266,0.9299999792128801,14.459999676793814,0.03975387260170459,1.1052974639112316,1.1450513365129362,0.851506308865461,0.006518641168156775,8.0
2026-08-06 03:40:00,0.014445191,-0.2856566941246557,0.9299999792128801,14.459999676793814,0.03975387260170459,1.1052974639112316,1.1450513365129362,0.8738398336375319,0.006518641168156775,8.0
2026-08-06 03:50:00,0.014445191,-0.26129557589491514,0.9299999792128801,14.459999676793814,0.03975387260170459,1.1052974639112316,1.1450513365129362,0.8982009518672724,0.006518641168156775,8.0
2026-08-06 04:00:00,0.014445191,-0.2350876741136763,0.9299999792128801,14.459999676793814,0.03975387260170459,1.1052974639112316,1.1450513365129362,0.9244088536485113,0.006518641168156775,8.0
2026-08-06 04:10:00,0.014445191,-0.20722002536435713,0.9299999792128801,14.459999676793814,0.03975387260170459,1.1052974639112316,1.1450513365129362,0.9522765023978305,0.006518641168156775,8.0
2026-08-06 04:20:00,0.014445191,-0.1778835253405404,0.9299999792128801,14.459999676793814,0.03975387260170459,1.1052974639112316,1.1450513365129362,0.9816130024216472,0.006518641168156775,8.0
2026-08-06 04:30:00,0.014445191,-0.14727091864933484,0.9299999792128801,14.459999676793814,0.03975387260170459,1.1052974639112316,1.1450513365129362,1.0122256091128528,0.006518641168156775,8.0
2026-08-06 04:40:00,0.014445191,-0.1155752129127634,0.9299999792128801,14.459999676793814,0.03975387260170459,1.1052974639112316,1.1450513365129362,1.0439213148494242,0.006518641168156775,8.0
2026-08-06 04:50:00,0.014445191,-0.08298855042097703,0.9299999792128801,14.459999676793814,0.03975387260170459,1.1052974639112316,1.1450513365129362,1.0765079773412105,0.006518641168156775,8.0
2026-08-06 05:00:00,0.014445191,-0.04970153351690377,0.9299999792128801,14.459999676793814,0.03975387260170459,1.1052974639112316,1.1450513365129362,1.1097949942452838,0.006518641168156775,8.0
2026-08-06 05:10:00,0.014445191,-0.01590296247554766,0.9299999792128801,14.459999676793814,0.03975387260170459,1.1052974639112316,1.1450513365129362,1.14359356528664,0.006518641168156775,8.0
2026-08-06 05:20:00,0.014445191,0.01822008922183731,0.9299999792128801,14.459999676793814,0.03975387260170459,1.1052974639112316,1.1450513365129362,1.177716616984025,0.006518641168156775,8.0
2026-08-06 05:30:00,0.014445191,0.05248196441684812,0.9299999792128801,14.459999676793814,0.03975387260170459,1.1052974639112316,1.1450513365129362,1.2119784921790357,0.006518641168156775,8.0
2026-08-06 05:40:00,0.014445191,0.08669799649167916,0.9299999792128801,14.459999676793814,0.03975387260170459,1.1052974639112316,1.1450513365129362,1.2461945242538668,0.006518641168156775,8.0
2026-08-06 05:50:00,0.014445191,0.12068409416255613,0.9299999792128801,14.459999676793814,0.03975387260170459,1.1052974639112316,1.1450513365129362,1.2801806219247438,0.006518641168156775,8.0
2026-08-06 06:00:00,0.014445191,0.15425645710410302,0.9199999794363976,14.279999680817127,0.03904737070129651,1.0856542264688491,1.1247015971701457,1.2934032455235,0.006518641168156775,8.0
2026-08-06 06:10:00,0.014445191,0.18723152492767114,0.9199999794363976,14.279999680817127,0.03904737070129651,1.0856542264688491,1.1247015971701457,1.3263783133470683,0.006518641168156775,8.0
2026-08-06 06:20:00,0.014445191,0.2194262349271399,0.9199999794363976,14.279999680817127,0.03904737070129651,1.0856542264688491,1.1247015971701457,1.358573023346537,0.006518641168156775,8.0
2026-08-06 06:30:00,0.014445191,0.2506586293618797,0.9199999794363976,14.279999680817127,0.03904737070129651,1.0856542264688491,1.1247015971701457,1.3898054177812769,0.006518641168156775,8.0
2026-08-06 06:40:00,0.014445191,0.2807488150597633,0.9199999794363976,14.279999680817127,0.03904737070129651,1.0856542264688491,1.1247015971701457,1.4198956034791603,0.006518641168156775,8.0
2026-08-06 06:50:00,0.014445191,0.30952024018535457,0.9199999794363976,14.279999680817127,0.03904737070129651,1.0856542264688491,1.1247015971701457,1.4486670286047516,0.006518641168156775,8.0
2026-08-06 07:00:00,0.014445191,0.3368012192141702,0.9199999794363976,14.279999680817127,0.03904737070129651,1.0856542264688491,1.1247015971701457,1.4759480076335674,0.006518641168156775,8.0
2026-08-06 07:10:00,0.014445191,0.36242661114413444,0.9199999794363976,14.279999680817127,0.03904737070129651,1.0856542264688491,1.1247015971701457,1.5015733995635316,0.006518641168156775,8.0
2026-08-06 07:20:00,0.014445191,0.38623953973742725,0.9199999794363976,14.279999680817127,0.03904737070129651,1.0856542264688491,1.1247015971701457,1.5253863281568243,0.006518641168156775,8.0
2026-08-06 07:30:00,0.014445191,0.4080930407939418,0.9199999794363976,14.279999680817127,0.03904737070129651,1.0856542264688491,1.1247015971701457,1.547239829213339,0.006518641168156775,8.0
2026-08-06 07:40:00,0.014445191,0.42785152924024333,0.9199999794363976,14.279999680817127,0.03904737070129651,1.0856542264688491,1.1247015971701457,1.5669983176596405,0.006518641168156775,8.0
2026-08-06 07:50:00,0.014445191,0.44539199838313226,0.9199999794363976,14.279999680817127,0.03904737070129651,1.0856542264688491,1.1247015971701457,1.5845387868025294,0.006518641168156775,8.0
2026-08-06 08:00:00,0.014445191,0.46060489199389004,0.9199999794363976,14.279999680817127,0.03904737070129651,1.0856542264688491,1.1247015971701457,1.5997516804132872,0.006518641168156775,8.0
2026-08-06 08:10:00,0.014445191,0.4733946245791848,0.9199999794363976,14.279999680817127,0.03904737070129651,1.0856542264688491,1.1247015971701457,1.6125414129985818,0.006518641168156775,8.0
2026-08-06 08:20:00,0.014445191,0.4836797619465978,0.9199999794363976,14.279999680817127,0.03904737070129651,1.0856542264688491,1.1247015971701457,1.6228265503659949,0.006518641168156775,8.0
2026-08-06 08:30:00,0.014445191,0.49139290953817166,0.9199999794363976,14.279999680817127,0.03904737070129651,1.0856542264688491,1.1247015971701457,1.6305396979575688,0.006518641168156775,8.0
2026-08-06 08:40:00,0.014445191,0.49648038584777765,0.9199999794363976,14.279999680817127,0.03904737070129651,1.0856542264688491,1.1247015971701457,1.6356271742671749,0.006518641168156775,8.0
2026-08-06 08:50:00,0.014445191,0.4989017793799592,0.9199999794363976,14.279999680817127,0.03904737070129651,1.0856542264688491,1.1247015971701457,1.6380485677993564,0.006518641168156775,8.0
2026-08-06 09:00:00,0.014445191,0.4986294980588107,0.9399999789893627,14.05999968573451,0.038861442920278565,1.0804847802896365,1.119346223209915,1.632420912517977,0.006518641168156775,8.0
2026-08-06 09:10:00,0.014445191,0.49564841808834637,0.9399999789893627,14.05999968573451,0.038861442920278565,1.0804847802896365,1.119346223209915,1.6294398325475128,0.006518641168156775,8.0
2026-08-06 09:20:00,0.014445191,0.4899557256797959,0.9399999789893627,14.05999968573451,0.038861442920278565,1.0804847802896365,1.119346223209915,1.6237471401389623,0.006518641168156775,8.0
2026-08-06 09:30:00,0.014445191,0.4815610207398288,0.9399999789893627,14.05999968573451,0.038861442920278565,1.0804847802896365,1.119346223209915,1.6153524351989952,0.006518641168156775,8.0
2026-08-06 09:40:00,0.014445191,0.4704867193241214,0.9399999789893627,14.05999968573451,0.038861442920278565,1.0804847802896365,1.119346223209915,1.6042781337832877,0.006518641168156775,8.0
2026-08-06 09:50:00,0.014445191,0.4567687545481771,0.9399999789893627,14.05999968573451,0.038861442920278565,1.0804847802896365,1.119346223209915,1.5905601690073434,0.006518641168156775,8.0
2026-08-06 10:00:00,0.014445191,0.44045753759760187,0.9399999789893627,14.05999968573451,0.038861442920278565,1.0804847802896365,1.119346223209915,1.5742489520567682,0.006518641168156775,8.0
2026-08-06 10:10:00,0.014445191,0.42161910530183677,0.9399999789893627,14.05999968573451,0.038861442920278565,1.0804847802896365,1.119346223209915,1.555410519761003,0.006518641168156775,8.0
2026-08-06 10:20:00,0.014445191,0.4003363520300053,0.9399999789893627,14.05999968573451,0.038861442920278565,1.0804847802896365,1.119346223209915,1.5341277664891715,0.006518641168156775,8.0
2026-08-06 10:30:00,0.014445191,0.3767102241782868,0.9399999789893627,14.05999968573451,0.038861442920278565,1.0804847802896365,1.119346223209915,1.5105016386374532,0.006518641168156775,8.0
2026-08-06 10:40:00,0.014445191,0.3508607472952271,0.9399999789893627,14.05999968573451,0.038861442920278565,1.0804847802896365,1.119346223209915,1.4846521617543935,0.006518641168156775,8.0
2026-08-06 10:50:00,0.014445191,0.32292775941498103,0.9399999789893627,14.05999968573451,0.038861442920278565,1.0804847802896365,1.119346223209915,1.4567191738741474,0.006518641168156775,8.0
2026-08-06 11:00:00,0.014445191,0.2930712391865928,0.9399999789893627,14.05999968573451,0.038861442920278565,1.0804847802896365,1.119346223209915,1.4268626536457591,0.006518641168156775,8.0
2026-08-06 11:10:00,0.014445191,0.2614711421009729,0.9399999789893627,14.05999968573451,0.038861442920278565,1.0804847802896365,1.119346223209915,1.395262556560139,0.006518641168156775,8.0
2026-08-06 11:20:00,0.014445191,0.22832669007312492,0.9399999789893627,14.05999968573451,0.038861442920278565,1.0804847802896365,1.119346223209915,1.3621181045322912,0.006518641168156775,8.0
2026-08-06 11:30:00,0.014445191,0.193855095656413,0.9399999789893627,14.05999968573451,0.038861442920278565,1.0804847802896365,1.119346223209915,1.3276465101155792,0.006518641168156775,8.0
2026-08-06 11:40:00,0.014445191,0.15828973863997328,0.9399999789893627,14.05999968573451,0.038861442920278565,1.0804847802896365,1.119346223209915,1.2920811530991396,0.006518641168156775,8.0
2026-08-06 11:50:00,0.014445191,0.1218778466499164,0.9399999789893627,14.05999968573451,0.038861442920278565,1.0804847802896365,1.119346223209915,1.2556692611090827,0.006518641168156775,8.0
2026-08-06 12:00:00,0.014445191,0.08487775915525096,0.9899999778717756,13.799999691545963,0.03914410413232158,1.0883437560414437,1.1274878601737652,1.2268108105782676,0.006518641168156775,8.0
2026-08-06 12:10:00,0.014445191,0.04755587454808177,0.9899999778717756,13.799999691545963,0.03914410413232158,1.0883437560414437,1.1274878601737652,1.1894889259710983,0.006518641168156775,8.0
2026-08-06 12:20:00,0.014445191,0.010183390598375513,0.9899999778717756,13.799999691545963,0.03914410413232158,1.0883437560414437,1.1274878601737652,1.152116442021392,0.006518641168156775,8.0
2026-08-06 12:30:00,0.014445191,-0.026967049804307596,0.9899999778717756,13.799999691545963,0.03914410413232158,1.0883437560414437,1.1274878601737652,1.114966001618709,0.006518641168156775,8.0
2026-08-06 12:40:00,0.014445191,-0.06362470299624703,0.9899999778717756,13.799999691545963,0.03914410413232158,1.0883437560414437,1.1274878601737652,1.0783083484267695,0.006518641168156775,8.0
2026-08-06 12:50:00,0.014445191,-0.09952396834743103,0.9899999778717756,13.799999691545963,0.03914410413232158,1.0883437560414437,1.1274878601737652,1.0424090830755857,0.006518641168156775,8.0
2026-08-06 13:00:00,0.014445191,-0.13440745962530629,0.9899999778717756,13.799999691545963,0.03914410413232158,1.0883437560414437,1.1274878601737652,1.0075255917977104,0.006518641168156775,8.0
2026-08-06 13:10:00,0.014445191,-0.16802885274091123,0.9899999778717756,13.799999691545963,0.03914410413232158,1.0883437560414437,1.1274878601737652,0.9739041986821053,0.006518641168156775,8.0
2026-08-06 13:20:00,0.014445191,-0.20015547861634445,0.9899999778717756,13.799999691545963,0.03914410413232158,1.0883437560414437,1.1274878601737652,0.9417775728066722,0.006518641168156775,8.0
2026-08-06 13:30:00,0.014445191,-0.23057064704301575,0.9899999778717756,13.799999691545963,0.03914410413232158,1.0883437560414437,1.1274878601737652,0.9113624043800008,0.006518641168156775,8.0
2026-08-06 13:40:00,0.014445191,-0.25907569954160165,0.9899999778717756,13.799999691545963,0.03914410413232158,1.0883437560414437,1.1274878601737652,0.8828573518814149,0.006518641168156775,8.0
2026-08-06 13:50:00,0.014445191,-0.28549179598163027,0.9899999778717756,13.799999691545963,0.03914410413232158,1.0883437560414437,1.1274878601737652,0.8564412554413863,0.006518641168156775,8.0
2026-08-06 14:00:00,0.014445191,-0.3096614403531332,0.9899999778717756,13.799999691545963,0.03914410413232158,1.0883437560414437,1.1274878601737652,0.8322716110698833,0.006518641168156775,8.0
2026-08-06 14:10:00,0.014445191,-0.3314497470780887,0.9899999778717756,13.799999691545963,0.03914410413232158,1.0883437560414437,1.1274878601737652,0.8104833043449279,0.006518641168156775,8.0
2026-08-06 14:20:00,0.014445191,-0.35074544149778597,0.9899999778717756,13.799999691545963,0.03914410413232158,1.0883437560414437,1.1274878601737652,0.7911876099252306,0.006518641168156775,8.0
2026-08-06 14:30:00,0.014445191,-0.36746157911087585,0.9899999778717756,13.799999691545963,0.03914410413232158,1.0883437560414437,1.1274878601737652,0.7744714723121408,0.006518641168156775,8.0
2026-08-06 14:40:00,0.014445191,-0.3815359598983806,0.9899999778717756,13.799999691545963,0.03914410413232158,1.0883437560414437,1.1274878601737652,0.760397091524636,0.006518641168156775,8.0
2026-08-06 14:50:00,0.014445191,-0.39293120875217646,0.9899999778717756,13.799999691545963,0.03914410413232158,1.0883437560414437,1.1274878601737652,0.7490018426708401,0.006518641168156775,8.0
2026-08-06 15:00:00,0.014445191,-0.4016344926397789,1.029999976977706,13.609999695792794,0.03937734330047956,1.0948286251668409,1.1342059684673205,0.7470166670767929,0.006518641168156775,8.0
2026-08-06 15:10:00,0.014445191,-0.40765685062108065,1.029999976977706,13.609999695792794,0.03937734330047956,1.0948286251668409,1.1342059684673205,0.7409943090954911,0.006518641168156775,8.0
2026-08-06 15:20:00,0.014445191,-0.41103212476181683,1.029999976977706,13.609999695792794,0.03937734330047956,1.0948286251668409,1.1342059684673205,0.737619034954755,0.006518641168156775,8.0
2026-08-06 15:30:00,0.014445191,-0.4118154976104978,1.029999976977706,13.609999695792794,0.03937734330047956,1.0948286251668409,1.1342059684673205,0.7368356621060741,0.006518641168156775,8.0
2026-08-06 15:40:00,0.014445191,-0.4100816639837395,1.029999976977706,13.609999695792794,0.03937734330047956,1.0948286251668409,1.1342059684673205,0.7385694957328324,0.006518641168156775,8.0
2026-08-06 15:50:00,0.014445191,-0.40592268905519563,1.029999976977706,13.609999695792794,0.03937734330047956,1.0948286251668409,1.1342059684673205,0.7427284706613762,0.006518641168156775,8.0
2026-08-06 16:00:00,0.014445191,-0.39944562863098304,1.029999976977706,13.609999695792794,0.03937734330047956,1.0948286251668409,1.1342059684673205,0.7492055310855887,0.006518641168156775,8.0
2026-08-06 16:10:00,0.014445191,-0.3907700081304364,1.029999976977706,13.609999695792794,0.03937734330047956,1.0948286251668409,1.1342059684673205,0.7578811515861354,0.006518641168156775,8.0
2026-08-06 16:20:00,0.014445191,-0.3800252715511153,1.029999976977706,13.609999695792794,0.03937734330047956,1.0948286251668409,1.1342059684673205,0.7686258881654565,0.006518641168156775,8.0
2026-08-06 16:30:00,0.014445191,-0.36734831830003495,1.029999976977706,13.609999695792794,0.03937734330047956,1.0948286251668409,1.1342059684673205,0.7813028414165368,0.006518641168156775,8.0
2026-08-06 16:40:00,0.014445191,-0.35288124291771217,1.029999976977706,13.609999695792794,0.03937734330047956,1.0948286251668409,1.1342059684673205,0.7957699167988597,0.006518641168156775,8.0
2026-08-06 16:50:00,0.014445191,-0.3367693797352756,1.029999976977706,13.609999695792794,0.03937734330047956,1.0948286251668409,1.1342059684673205,0.8118817799812963,0.006518641168156775,8.0
2026-08-06 17:00:00,0.014445191,-0.3191597322238492,1.029999976977706,13.609999695792794,0.03937734330047956,1.0948286251668409,1.1342059684673205,0.8294914274927226,0.006518641168156775,8.0
2026-08-06 17:10:00,0.014445191,-0.30019983661846683,1.029999976977706,13.609999695792794,0.03937734330047956,1.0948286251668409,1.1342059684673205,0.848451323098105,0.006518641168156775,8.0
2026-08-06 17:20:00,0.014445191,-0.28003707409711615,1.029999976977706,13.609999695792794,0.03937734330047956,1.0948286251668409,1.1342059684673205,0.8686140856194557,0.006518641168156775,8.0
2026-08-06 17:30:00,0.014445191,-0.25881840846198295,1.029999976977706,13.609999695792794,0.03937734330047956,1.0948286251668409,1.1342059684673205,0.8898327512545889,0.006518641168156775,8.0
2026-08-06 17:40:00,0.014445191,-0.23669049043823237,1.029999976977706,13.609999695792794,0.03937734330047956,1.0948286251668409,1.1342059684673205,0.9119606692783395,0.006518641168156775,8.0
2026-08-06 17:50:00,0.014445191,-0.21380003908223702,1.029999976977706,13.609999695792794,0.03937734330047956,1.0948286251668409,1.1342059684673205,0.9348511206343348,0.006518641168156775,8.0
2026-08-06 18:00:00,0.014445191,-0.19029438816071476,1.0599999763071537,13.47999969869852,0.039565121087640556,1.1000495080228931,1.1396146291105338,0.9637654321990704,0.006518641168156775,8.0
2026-08-06 18:10:00,0.014445191,-0.16632207345671926,1.0599999763071537,13.47999969869852,0.039565121087640556,1.1000495080228931,1.1396146291105338,0.9877377469030659,0.006518641168156775,8.0
2026-08-06 18:20:00,0.014445191,-0.14203333665674703,1.0599999763071537,13.47999969869852,0.039565121087640556,1.1000495080228931,1.1396146291105338,1.0120264837030382,0.006518641168156775,8.0
2026-08-06 18:30:00,0.014445191,-0.11758043336038584,1.0599999763071537,13.47999969869852,0.039565121087640556,1.1000495080228931,1.1396146291105338,1.0364793869993993,0.006518641168156775,8.0
2026-08-06 18:40:00,0.014445191,-0.09311765526554373,1.0599999763071537,13.47999969869852,0.039565121087640556,1.1000495080228931,1.1396146291105338,1.0609421650942414,0.006518641168156775,8.0
2026-08-06 18:50:00,0.014445191,-0.0688010078973087,1.0599999763071537,13.47999969869852,0.039565121087640556,1.1000495080228931,1.1396146291105338,1.0852588124624765,0.006518641168156775,8.0
2026-08-06 19:00:00,0.014445191,-0.044787521973912066,1.0599999763071537,13.47999969869852,0.039565121087640556,1.1000495080228931,1.1396146291105338,1.1092722983858732,0.006518641168156775,8.0
2026-08-06 19:10:00,0.014445191,-0.021234214946790758,1.0599999763071537,13.47999969869852,0.039565121087640556,1.1000495080228931,1.1396146291105338,1.1328256054129944,0.006518641168156775,8.0
2026-08-06 19:20:00,0.014445191,0.0017032443633569142,1.0599999763071537,13.47999969869852,0.039565121087640556,1.1000495080228931,1.1396146291105338,1.155763064723142,0.006518641168156775,8.0
2026-08-06 19:30:00,0.014445191,0.023872084729691708,1.0599999763071537,13.47999969869852,0.039565121087640556,1.1000495080228931,1.1396146291105338,1.1779319050894768,0.006518641168156775,8.0
2026-08-06 19:40:00,0.014445191,0.045124090288585404,1.0599999763071537,13.47999969869852,0.039565121087640556,1.1000495080228931,1.1396146291105338,1.1991839106483706,0.006518641168156775,8.0
2026-08-06 19:50:00,0.014445191,0.06531725217289798,1.0599999763071537,13.47999969869852,0.039565121087640556,1.1000495080228931,1.1396146291105338,1.2193770725326831,0.006518641168156775,8.0
2026-08-06 20:00:00,0.014445191,0.08431730089726365,1.0599999763071537,13.47999969869852,0.039565121087640556,1.1000495080228931,1.1396146291105338,1.238377121257049,0.006518641168156775,8.0
2026-08-06 20:10:00,0.014445191,0.10199902038420401,1.0599999763071537,13.47999969869852,0.039565121087640556,1.1000495080228931,1.1396146291105338,1.2560588407439892,0.006518641168156775,8.0
2026-08-06 20:20:00,0.014445191,0.11824726872161648,1.0599999763071537,13.47999969869852,0.039565121087640556,1.1000495080228931,1.1396146291105338,1.2723070890814017,0.006518641168156775,8.0
2026-08-06 20:30:00,0.014445191,0.13295766280984664,1.0599999763071537,13.47999969869852,0.039565121087640556,1.1000495080228931,1.1396146291105338,1.2870174831696317,0.006518641168156775,8.0
2026-08-06 20:40:00,0.014445191,0.14603692050382622,1.0599999763071537,13.47999969869852,0.039565121087640556,1.1000495080228931,1.1396146291105338,1.3000967408636113,0.006518641168156775,8.0
2026-08-06 20:50:00,0.014445191,0.1574028905946273,1.0599999763071537,13.47999969869852,0.039565121087640556,1.1000495080228931,1.1396146291105338,1.3114627109544124,0.006518641168156775,8.0
2026-08-06 21:00:00,0.014445191,0.1669843343865768,1.0899999756366014,13.349999701604247,0.0397341739798681,1.1047497729484779,1.1444839469283459,1.3259134725641741,0.006518641168156775,8.0
2026-08-06 21:10:00,0.014445191,0.17472054877362042,1.0899999756366014,13.349999701604247,0.0397341739798681,1.1047497729484779,1.1444839469283459,1.3336496869512176,0.006518641168156775,8.0
2026-08-06 21:20:00,0.014445191,0.18056093714225646,1.0899999756366014,13.349999701604247,0.0397341739798681,1.1047497729484779,1.1444839469283459,1.3394900753198538,0.006518641168156775,8.0
2026-08-06 21:30:00,0.014445191,0.1844646390040677,1.0899999756366014,13.349999701604247,0.0397341739798681,1.1047497729484779,1.1444839469283459,1.3433937771816649,0.006518641168156775,8.0
2026-08-06 21:40:00,0.014445191,0.1864003217672572,1.0899999756366014,13.349999701604247,0.0397341739798681,1.1047497729484779,1.1444839469283459,1.3453294599448544,0.006518641168156775,8.0
2026-08-06 21:50:00,0.014445191,0.1863462189470868,1.0899999756366014,13.349999701604247,0.0397341739798681,1.1047497729484779,1.1444839469283459,1.345275357124684,0.006518641168156775,8.0
2026-08-06 22:00:00,0.014445191,0.18429047052733036,1.0899999756366014,13.349999701604247,0.0397341739798681,1.1047497729484779,1.1444839469283459,1.3432196087049275,0.006518641168156775,8.0
2026-08-06 22:10:00,0.014445191,0.1802317859191621,1.0899999756366014,13.349999701604247,0.0397341739798681,1.1047497729484779,1.1444839469283459,1.3391609240967592,0.006518641168156775,8.0
2026-08-06 22:20:00,0.014445191,0.17418041165593331,1.0899999756366014,13.349999701604247,0.0397341739798681,1.1047497729484779,1.1444839469283459,1.3331095498335306,0.006518641168156775,8.0
2026-08-06 22:30:00,0.014445191,0.1661593485017788,1.0899999756366014,13.349999701604247,0.0397341739798681,1.1047497729484779,1.1444839469283459,1.325088486679376,0.006518641168156775,8.0
2026-08-06 22:40:00,0.014445191,0.15620572978031944,1.0899999756366014,13.349999701604247,0.0397341739798681,1.1047497729484779,1.1444839469283459,1.3151348679579167,0.006518641168156775,8.0
2026-08-06 22:50:00,0.014445191,0.14437224773361845,1.0899999756366014,13.349999701604247,0.0397341739798681,1.1047497729484779,1.1444839469283459,1.3033013859112157,0.006518641168156775,8.0
2026-08-06 23:00:00,0.014445191,0.13072850002210631,1.0899999756366014,13.349999701604247,0.0397341739798681,1.1047497729484779,1.1444839469283459,1.2896576381997036,0.006518641168156775,8.0
2026-08-06 23:10:00,0.014445191,0.1153621253916112,1.0899999756366014,13.349999701604247,0.0397341739798681,1.1047497729484779,1.1444839469283459,1.2742912635692085,0.006518641168156775,8.0
2026-08-06 23:20:00,0.014445191,0.09837960625938992,1.0899999756366014,13.349999701604247,0.0397341739798681,1.1047497729484779,1.1444839469283459,1.2573087444369873,0.006518641168156775,8.0
2026-08-06 23:30:00,0.014445191,0.07990663545457043,1.0899999756366014,13.349999701604247,0.0397341739798681,1.1047497729484779,1.1444839469283459,1.2388357736321676,0.006518641168156775,8.0
2026-08-06 23:40:00,0.014445191,0.06008797246635216,1.0899999756366014,13.349999701604247,0.0397341739798681,1.1047497729484779,1.1444839469283459,1.2190171106439494,0.006518641168156775,8.0
2026-08-06 23:50:00,0.014445191,0.03908674854861714,1.0899999756366014,13.349999701604247,0.0397341739798681,1.1047497729484779,1.1444839469283459,1.1980158867262143,0.006518641168156775,8.0
2026-08-07 00:00:00,-0.004818115,0.017083216358948775,1.099999975413084,13.229999704286456,0.039557228968841215,1.0998300793654336,1.139387308334275,1.1516524097754983,0.006518641168156775,8.0
2026-08-07 00:10:00,-0.004818115,-0.005727024798273151,1.099999975413084,13.229999704286456,0.039557228968841215,1.0998300793654336,1.139387308334275,1.1288421686182764,0.006518641168156775,8.0
2026-08-07 00:20:00,-0.004818115,-0.029135265927359946,1.099999975413084,13.229999704286456,0.039557228968841215,1.0998300793654336,1.139387308334275,1.1054339274891896,0.006518641168156775,8.0
2026-08-07 00:30:00,-0.004818115,-0.052922301001909144,1.099999975413084,13.229999704286456,0.039557228968841215,1.0998300793654336,1.139387308334275,1.0816468924146405,0.006518641168156775,8.0
2026-08-07 00:40:00,-0.004818115,-0.07686131316501017,1.099999975413084,13.229999704286456,0.039557228968841215,1.0998300793654336,1.139387308334275,1.0577078802515394,0.006518641168156775,8.0
2026-08-07 00:50:00,-0.004818115,-0.1007209258637516,1.099999975413084,13.229999704286456,0.039557228968841215,1.0998300793654336,1.139387308334275,1.033848267552798,0.006518641168156775,8.0
2026-08-07 01:00:00,-0.004818115,-0.12426831305454793,1.099999975413084,13.229999704286456,0.039557228968841215,1.0998300793654336,1.139387308334275,1.0103008803620017,0.006518641168156775,8.0
2026-08-07 01:10:00,-0.004818115,-0.14727227315225733,1.099999975413084,13.229999704286456,0.039557228968841215,1.0998300793654336,1.139387308334275,0.9872969202642923,0.006518641168156775,8.0
2026-08-07 01:20:00,-0.004818115,-0.1695061876447723,1.099999975413084,13.229999704286456,0.039557228968841215,1.0998300793654336,1.139387308334275,0.9650630057717773,0.006518641168156775,8.0
2026-08-07 01:30:00,-0.004818115,-0.19075080502496,1.099999975413084,13.229999704286456,0.039557228968841215,1.0998300793654336,1.139387308334275,0.9438183883915896,0.006518641168156775,8.0
2026-08-07 01:40:00,-0.004818115,-0.21079681090876787,1.099999975413084,13.229999704286456,0.039557228968841215,1.0998300793654336,1.139387308334275,0.9237723825077817,0.006518641168156775,8.0
2026-08-07 01:50:00,-0.004818115,-0.22944716360498418,1.099999975413084,13.229999704286456,0.039557228968841215,1.0998300793654336,1.139387308334275,0.9051220298115654,0.006518641168156775,8.0
2026-08-07 02:00:00,-0.004818115,-0.24651918884940072,1.099999975413084,13.229999704286456,0.039557228968841215,1.0998300793654336,1.139387308334275,0.8880500045671489,0.006518641168156775,8.0
2026-08-07 02:10:00,-0.004818115,-0.2618464365264531,1.099999975413084,13.229999704286456,0.039557228968841215,1.0998300793654336,1.139387308334275,0.8727227568900965,0.006518641168156775,8.0
2026-08-07 02:20:00,-0.004818115,-0.2752803054326601,1.099999975413084,13.229999704286456,0.039557228968841215,1.0998300793654336,1.139387308334275,0.8592888879838896,0.006518641168156775,8.0
2026-08-07 02:30:00,-0.004818115,-0.2866914398867811,1.099999975413084,13.229999704286456,0.039557228968841215,1.0998300793654336,1.139387308334275,0.8478777535297686,0.006518641168156775,8.0
2026-08-07 02:40:00,-0.004818115,-0.29597089545680705,1.099999975413084,13.229999704286456,0.039557228968841215,1.0998300793654336,1.139387308334275,0.8385982979597426,0.006518641168156775,8.0
2026-08-07 02:50:00,-0.004818115,-0.30303106187917545,1.099999975413084,13.229999704286456,0.039557228968841215,1.0998300793654336,1.139387308334275,0.8315381315373742,0.006518641168156775,8.0
2026-08-07 03:00:00,-0.004818115,-0.3078063218712427,1.1099999751895666,13.109999706968665,0.03937620482554714,1.0947969715599553,1.1341731763855023,0.8215487395965343,0.006518641168156775,8.0
2026-08-07 03:10:00,-0.004818115,-0.31025341697300585,1.1099999751895666,13.109999706968665,0.03937620482554714,1.0947969715599553,1.1341731763855023,0.8191016444947712,0.006518641168156775,8.0
2026-08-07 03:20:00,-0.004818115,-0.31035148803903045,1.1099999751895666,13.109999706968665,0.03937620482554714,1.0947969715599553,1.1341731763855023,0.8190035734287465,0.006518641168156775,8.0
2026-08-07 03:30:00,-0.004818115,-0.30810176003787315,1.1099999751895666,13.109999706968665,0.03937620482554714,1.0947969715599553,1.1341731763855023,0.8212533014299038,0.006518641168156775,8.0
2026-08-07 03:40:00,-0.004818115,-0.30352684912510564,1.1099999751895666,13.109999706968665,0.03937620482554714,1.0947969715599553,1.1341731763855023,0.8258282123426713,0.006518641168156775,8.0
2026-08-07 03:50:00,-0.004818115,-0.29666968458755183,1.1099999751895666,13.109999706968665,0.03937620482554714,1.0947969715599553,1.1341731763855023,0.8326853768802251,0.006518641168156775,8.0
2026-08-07 04:00:00,-0.004818115,-0.28759205814746,1.1099999751895666,13.109999706968665,0.03937620482554714,1.0947969715599553,1.1341731763855023,0.841763003320317,0.006518641168156775,8.0
2026-08-07 04:10:00,-0.004818115,-0.27637283654075145,1.1099999751895666,13.109999706968665,0.03937620482554714,1.0947969715599553,1.1341731763855023,0.8529822249270256,0.006518641168156775,8.0
2026-08-07 04:20:00,-0.004818115,-0.26310589778052457,1.1099999751895666,13.109999706968665,0.03937620482554714,1.0947969715599553,1.1341731763855023,0.8662491636872525,0.006518641168156775,8.0
2026-08-07 04:30:00,-0.004818115,-0.24789787436044045,1.1099999751895666,13.109999706968665,0.03937620482554714,1.0947969715599553,1.1341731763855023,0.8814571871073366,0.006518641168156775,8.0
2026-08-07 04:40:00,-0.004818115,-0.23086580500153642,1.1099999751895666,13.109999706968665,0.03937620482554714,1.0947969715599553,1.1341731763855023,0.8984892564662406,0.006518641168156775,8.0
2026-08-07 04:50:00,-0.004818115,-0.212134807933835,1.1099999751895666,13.109999706968665,0.03937620482554714,1.0947969715599553,1.1341731763855023,0.917220253533942,0.006518641168156775,8.0
2026-08-07 05:00:00,-0.004818115,-0.19183589122192185,1.1099999751895666,13.109999706968665,0.03937620482554714,1.0947969715599553,1.1341731763855023,0.9375191702458552,0.006518641168156775,8.0
2026-08-07 05:10:00,-0.004818115,-0.17010400829769942,1.1099999751895666,13.109999706968665,0.03937620482554714,1.0947969715599553,1.1341731763855023,0.9592510531700775,0.006518641168156775,8.0
2026-08-07 05:20:00,-0.004818115,-0.14707644968255154,1.1099999751895666,13.109999706968665,0.03937620482554714,1.0947969715599553,1.1341731763855023,0.9822786117852255,0.006518641168156775,8.0
2026-08-07 05:30:00,-0.004818115,-0.1228916359532329,1.1099999751895666,13.109999706968665,0.03937620482554714,1.0947969715599553,1.1341731763855023,1.0064634255145442,0.006518641168156775,8.0
2026-08-07 05:40:00,-0.004818115,-0.09768834437326442,1.1099999751895666,13.109999706968665,0.03937620482554714,1.0947969715599553,1.1341731763855023,1.0316667170945126,0.006518641168156775,8.0
2026-08-07 05:50:00,-0.004818115,-0.07160536530474382,1.1099999751895666,13.109999706968665,0.03937620482554714,1.0947969715599553,1.1341731763855023,1.0577496961630333,0.006518641168156775,8.0
2026-08-07 06:00:00,-0.004818115,-0.044781547761784245,1.1399999745190144,12.969999710097909,0.039478630263198075,1.0976447589342782,1.1371233891974761,1.0875237265179665,0.006518641168156775,8.0
2026-08-07 06:10:00,-0.004818115,-0.017356159986332186,1.1399999745190144,12.969999710097909,0.039478630263198075,1.0976447589342782,1.1371233891974761,1.1149491142934187,0.006518641168156775,8.0
2026-08-07 06:20:00,-0.004818115,0.010530535917791335,1.1399999745190144,12.969999710097909,0.039478630263198075,1.0976447589342782,1.1371233891974761,1.1428358101975422,0.006518641168156775,8.0
2026-08-07 06:30:00,-0.004818115,0.03873661386667714,1.1399999745190144,12.969999710097909,0.039478630263198075,1.0976447589342782,1.1371233891974761,1.171041888146428,0.006518641168156775,8.0
2026-08-07 06:40:00,-0.004818115,0.0671178430591469,1.1399999745190144,12.969999710097909,0.039478630263198075,1.0976447589342782,1.1371233891974761,1.1994231173388976,0.006518641168156775,8.0
2026-08-07 06:50:00,-0.004818115,0.09552719581431628,1.1399999745190144,12.969999710097909,0.039478630263198075,1.0976447589342782,1.1371233891974761,1.227832470094067,0.006518641168156775,8.0
2026-08-07 07:00:00,-0.004818115,0.1238146059776866,1.1399999745190144,12.969999710097909,0.039478630263198075,1.0976447589342782,1.1371233891974761,1.2561198802574374,0.006518641168156775,8.0
2026-08-07 07:10:00,-0.004818115,0.1518270529106243,1.1399999745190144,12.969999710097909,0.039478630263198075,1.0976447589342782,1.1371233891974761,1.284132327190375,0.006518641168156775,8.0
2026-08-07 07:20:00,-0.004818115,0.17940901176552815,1.1399999745190144,12.969999710097909,0.039478630263198075,1.0976447589342782,1.1371233891974761,1.3117142860452788,0.006518641168156775,8.0
2026-08-07 07:30:00,-0.004818115,0.20640327292082364,1.1399999745190144,12.969999710097909,0.039478630263198075,1.0976447589342782,1.1371233891974761,1.3387085472005744,0.006518641168156775,8.0
2026-08-07 07:40:00,-0.004818115,0.23265209562827172,1.1399999745190144,12.969999710097909,0.039478630263198075,1.0976447589342782,1.1371233891974761,1.3649573699080224,0.006518641168156775,8.0
2026-08-07 07:50:00,-0.004818115,0.25799862717459987,1.1399999745190144,12.969999710097909,0.039478630263198075,1.0976447589342782,1.1371233891974761,1.3903039014543506,0.006518641168156775,8.0
2026-08-07 08:00:00,-0.004818115,0.2822884927007924,1.1399999745190144,12.969999710097909,0.039478630263198075,1.0976447589342782,1.1371233891974761,1.4145937669805433,0.006518641168156775,8.0
2026-08-07 08:10:00,-0.004818115,0.30537144466215294,1.1399999745190144,12.969999710097909,0.039478630263198075,1.0976447589342782,1.1371233891974761,1.4376767189419037,0.006518641168156775,8.0
2026-08-07 08:20:00,-0.004818115,0.32710295681956053,1.1399999745190144,12.969999710097909,0.039478630263198075,1.0976447589342782,1.1371233891974761,1.4594082310993113,0.006518641168156775,8.0
2026-08-07 08:30:00,-0.004818115,0.34734565554169594,1.1399999745190144,12.969999710097909,0.039478630263198075,1.0976447589342782,1.1371233891974761,1.4796509298214469,0.006518641168156775,8.0
2026-08-07 08:40:00,-0.004818115,0.36597050063852593,1.1399999745190144,12.969999710097909,0.039478630263198075,1.0976447589342782,1.1371233891974761,1.4982757749182767,0.006518641168156775,8.0
2026-08-07 08:50:00,-0.004818115,0.38285765645158115,1.1399999745190144,12.969999710097909,0.039478630263198075,1.0976447589342782,1.1371233891974761,1.515162930731332,0.006518641168156775,8.0
2026-08-07 09:00:00,-0.004818115,0.397897028721907,1.1799999736249447,12.799999713897705,0.03963881361976913,1.1020984195764159,1.141737233196185,1.5348161470003667,0.006518641168156775,8.0
2026-08-07 09:10:00,-0.004818115,0.4109884799748951,1.1799999736249447,12.799999713897705,0.03963881361976913,1.1020984195764159,1.141737233196185,1.5479075982533548,0.006518641168156775,8.0
2026-08-07 09:20:00,-0.004818115,0.4220417718235819,1.1799999736249447,12.799999713897705,0.03963881361976913,1.1020984195764159,1.141737233196185,1.5589608901020415,0.006518641168156775,8.0
2026-08-07 09:30:00,-0.004818115,0.43097631300446865,1.1799999736249447,12.799999713897705,0.03963881361976913,1.1020984195764159,1.141737233196185,1.5678954312829283,0.006518641168156775,8.0
2026-08-07 09:40:00,-0.004818115,0.4377208136291856,1.1799999736249447,12.799999713897705,0.03963881361976913,1.1020984195764159,1.141737233196185,1.5746399319076452,0.006518641168156775,8.0
2026-08-07 09:50:00,-0.004818115,0.44221295699759405,1.1799999736249447,12.799999713897705,0.03963881361976913,1.1020984195764159,1.141737233196185,1.5791320752760538,0.006518641168156775,8.0
2026-08-07 10:00:00,-0.004818115,0.44439919887176255,1.1799999736249447,12.799999713897705,0.03963881361976913,1.1020984195764159,1.141737233196185,1.5813183171502223,0.006518641168156775,8.0
2026-08-07 10:10:00,-0.004818115,0.4442347906892,1.1799999736249447,12.799999713897705,0.03963881361976913,1.1020984195764159,1.141737233196185,1.5811539089676598,0.006518641168156775,8.0
2026-08-07 10:20:00,-0.004818115,0.4416840989039123,1.1799999736249447,12.799999713897705,0.03963881361976913,1.1020984195764159,1.141737233196185,1.578603217182372,0.006518641168156775,8.0
2026-08-07 10:30:00,-0.004818115,0.4367212601080359,1.1799999736249447,12.799999713897705,0.03963881361976913,1.1020984195764159,1.141737233196185,1.5736403783864956,0.006518641168156775,8.0
2026-08-07 10:40:00,-0.004818115,0.4293311739592847,1.1799999736249447,12.799999713897705,0.03963881361976913,1.1020984195764159,1.141737233196185,1.5662502922377444,0.006518641168156775,8.0
2026-08-07 10:50:00,-0.004818115,0.41951079710993894,1.1799999736249447,12.799999713897705,0.03963881361976913,1.1020984195764159,1.141737233196185,1.5564299153883987,0.006518641168156775,8.0
2026-08-07 11:00:00,-0.004818115,0.40727066513395754,1.1799999736249447,12.799999713897705,0.03963881361976913,1.1020984195764159,1.141737233196185,1.5441897834124172,0.006518641168156775,8.0
2026-08-07 11:10:00,-0.004818115,0.39263653950773053,1.1799999736249447,12.799999713897705,0.03963881361976913,1.1020984195764159,1.141737233196185,1.5295556577861902,0.006518641168156775,8.0
2026-08-07 11:20:00,-0.004818115,0.37565105588554626,1.1799999736249447,12.799999713897705,0.03963881361976913,1.1020984195764159,1.141737233196185,1.512570174164006,0.006518641168156775,8.0
2026-08-07 11:30:00,-0.004818115,0.35637524021474304,1.1799999736249447,12.799999713897705,0.03963881361976913,1.1020984195764159,1.141737233196185,1.4932943584932028,0.006518641168156775,8.0
2026-08-07 11:40:00,-0.004818115,0.33488976144292487,1.1799999736249447,12.799999713897705,0.03963881361976913,1.1020984195764159,1.141737233196185,1.4718088797213846,0.006518641168156775,8.0
2026-08-07 11:50:00,-0.004818115,0.3112958032157356,1.1799999736249447,12.799999713897705,0.03963881361976913,1.1020984195764159,1.141737233196185,1.4482149214941953,0.006518641168156775,8.0
2026-08-07 12:00:00,-0.004818115,0.2857154606276964,1.2299999725073576,12.519999720156193,0.03958462717932824,1.100591845970424,1.1401764731497523,1.4210738188597234,0.006518641168156775,8.0
2026-08-07 12:10:00,-0.004818115,0.25829159913131666,1.2299999725073576,12.519999720156193,0.03958462717932824,1.100591845970424,1.1401764731497523,1.3936499573633436,0.006518641168156775,8.0
2026-08-07 12:20:00,-0.004818115,0.22918714814703492,1.2299999725073576,12.519999720156193,0.03958462717932824,1.100591845970424,1.1401764731497523,1.364545506379062,0.006518641168156775,8.0
2026-08-07 12:30:00,-0.004818115,0.19858383810171507,1.2299999725073576,12.519999720156193,0.03958462717932824,1.100591845970424,1.1401764731497523,1.3339421963337421,0.006518641168156775,8.0
2026-08-07 12:40:00,-0.004818115,0.16668042345594142,1.2299999725073576,12.519999720156193,0.03958462717932824,1.100591845970424,1.1401764731497523,1.3020387816879684,0.006518641168156775,8.0
2026-08-07 12:50:00,-0.004818115,0.13369046244700347,1.2299999725073576,12.519999720156193,0.03958462717932824,1.100591845970424,1.1401764731497523,1.2690488206790305,0.006518641168156775,8.0
2026-08-07 13:00:00,-0.004818115,0.09983974496301178,1.2299999725073576,12.519999720156193,0.03958462717932824,1.100591845970424,1.1401764731497523,1.2351981031950388,0.006518641168156775,8.0
2026-08-07 13:10:00,-0.004818115,0.06536347143213604,1.2299999725073576,12.519999720156193,0.03958462717932824,1.100591845970424,1.1401764731497523,1.200721829664163,0.006518641168156775,8.0
2026-08-07 13:20:00,-0.004818115,0.03050328806828241,1.2299999725073576,12.519999720156193,0.03958462717932824,1.100591845970424,1.1401764731497523,1.1658616463003095,0.006518641168156775,8.0
2026-08-07 13:30:00,-0.004818115,-0.004495722464558048,1.2299999725073576,12.519999720156193,0.03958462717932824,1.100591845970424,1.1401764731497523,1.130862635767469,0.006518641168156775,8.0
2026-08-07 13:40:00,-0.004818115,-0.039388008892004486,1.2299999725073576,12.519999720156193,0.03958462717932824,1.100591845970424,1.1401764731497523,1.0959703493400226,0.006518641168156775,8.0
2026-08-07 13:50:00,-0.004818115,-0.07393040923907528,1.2299999725073576,12.519999720156193,0.03958462717932824,1.100591845970424,1.1401764731497523,1.0614279489929517,0.006518641168156775,8.0
2026-08-07 14:00:00,-0.004818115,-0.10788485013172175,1.2299999725073576,12.519999720156193,0.03958462717932824,1.100591845970424,1.1401764731497523,1.0274735081003052,0.006518641168156775,8.0
2026-08-07 14:10:00,-0.004818115,-0.14102085768275616,1.2299999725073576,12.519999720156193,0.03958462717932824,1.100591845970424,1.1401764731497523,0.9943375005492708,0.006518641168156775,8.0
2026-08-07 14:20:00,-0.004818115,-0.17311786642313906,1.2299999725073576,12.519999720156193,0.03958462717932824,1.100591845970424,1.1401764731497523,0.9622404918088879,0.006518641168156775,8.0
2026-08-07 14:30:00,-0.004818115,-0.2039673238892028,1.2299999725073576,12.519999720156193,0.03958462717932824,1.100591845970424,1.1401764731497523,0.9313910343428242,0.006518641168156775,8.0
2026-08-07 14:40:00,-0.004818115,-0.2333745943955683,1.2299999725073576,12.519999720156193,0.03958462717932824,1.100591845970424,1.1401764731497523,0.9019837638364587,0.006518641168156775,8.0
2026-08-07 14:50:00,-0.004818115,-0.26116066530161386,1.2299999725073576,12.519999720156193,0.03958462717932824,1.100591845970424,1.1401764731497523,0.8741976929304132,0.006518641168156775,8.0
2026-08-07 15:00:00,-0.004818115,-0.28716365416762135,1.2599999718368053,12.309999724850059,0.0393924506730568,1.0952486632537786,1.1346411139268353,0.8426593448414886,0.006518641168156775,8.0
2026-08-07 15:10:00,-0.004818115,-0.3112401066141275,1.2599999718368053,12.309999724850059,0.0393924506730568,1.0952486632537786,1.1346411139268353,0.8185828923949825,0.006518641168156775,8.0
2026-08-07 15:20:00,-0.004818115,-0.33326606475201054,1.2599999718368053,12.309999724850059,0.0393924506730568,1.0952486632537786,1.1346411139268353,0.7965569342570995,0.006518641168156775,8.0
2026-08-07 15:30:00,-0.004818115,-0.3531378769967845,1.2599999718368053,12.309999724850059,0.0393924506730568,1.0952486632537786,1.1346411139268353,0.7766851220123254,0.006518641168156775,8.0
2026-08-07 15:40:00,-0.004818115,-0.3707727139382388,1.2599999718368053,12.309999724850059,0.0393924506730568,1.0952486632537786,1.1346411139268353,0.7590502850708711,0.006518641168156775,8.0
2026-08-07 15:50:00,-0.004818115,-0.3861087538776854,1.2599999718368053,12.309999724850059,0.0393924506730568,1.0952486632537786,1.1346411139268353,0.7437142451314246,0.006518641168156775,8.0
2026-08-07 16:00:00,-0.004818115,-0.39910500653081554,1.2599999718368053,12.309999724850059,0.0393924506730568,1.0952486632537786,1.1346411139268353,0.7307179924782945,0.006518641168156775,8.0
2026-08-07 16:10:00,-0.004818115,-0.4097407549358012,1.2599999718368053,12.309999724850059,0.0393924506730568,1.0952486632537786,1.1346411139268353,0.7200822440733088,0.006518641168156775,8.0
2026-08-07 16:20:00,-0.004818115,-0.4180146130384766,1.2599999718368053,12.309999724850059,0.0393924506730568,1.0952486632537786,1.1346411139268353,0.7118083859706335,0.006518641168156775,8.0
2026-08-07 16:30:00,-0.004818115,-0.4239432185732481,1.2599999718368053,12.309999724850059,0.0393924506730568,1.0952486632537786,1.1346411139268353,0.7058797804358619,0.006518641168156775,8.0
2026-08-07 16:40:00,-0.004818115,-0.4275596054407067,1.2599999718368053,12.309999724850059,0.0393924506730568,1.0952486632537786,1.1346411139268353,0.7022633935684033,0.006518641168156775,8.0
2026-08-07 16:50:00,-0.004818115,-0.4289113242714678,1.2599999718368053,12.309999724850059,0.0393924506730568,1.0952486632537786,1.1346411139268353,0.7009116747376423,0.006518641168156775,8.0
2026-08-07 17:00:00,-0.004818115,-0.42805840136731993,1.2599999718368053,12.309999724850059,0.0393924506730568,1.0952486632537786,1.1346411139268353,0.7017645976417901,0.006518641168156775,8.0
2026-08-07 17:10:00,-0.004818115,-0.42507124202469326,1.2599999718368053,12.309999724850059,0.0393924506730568,1.0952486632537786,1.1346411139268353,0.7047517569844167,0.006518641168156775,8.0
2026-08-07 17:20:00,-0.004818115,-0.42002859211605736,1.2599999718368053,12.309999724850059,0.0393924506730568,1.0952486632537786,1.1346411139268353,0.7097944068930526,0.006518641168156775,8.0
2026-08-07 17:30:00,-0.004818115,-0.413015670242893,1.2599999718368053,12.309999724850059,0.0393924506730568,1.0952486632537786,1.1346411139268353,0.716807328766217,0.006518641168156775,8.0
2026-08-07 17:40:00,-0.004818115,-0.40412257117379485,1.2599999718368053,12.309999724850059,0.0393924506730568,1.0952486632537786,1.1346411139268353,0.7257004278353152,0.006518641168156775,8.0
2026-08-07 17:50:00,-0.004818115,-0.393443020268501,1.2599999718368053,12.309999724850059,0.0393924506730568,1.0952486632537786,1.1346411139268353,0.736379978740609,0.006518641168156775,8.0
2026-08-07 18:00:00,-0.004818115,-0.38107352959262,1.269999971613288,12.169999727979302,0.039098681579118146,1.0870808493213073,1.1261795309004254,0.7402878863900801,0.006518641168156775,8.0
2026-08-07 18:10:00,-0.004818115,-0.3671129720748644,1.269999971613288,12.169999727979302,0.039098681579118146,1.0870808493213073,1.1261795309004254,0.7542484439078357,0.006518641168156775,8.0
2026-08-07 18:20:00,-0.004818115,-0.3516625534636409,1.269999971613288,12.169999727979302,0.039098681579118146,1.0870808493213073,1.1261795309004254,0.7696988625190593,0.006518641168156775,8.0
2026-08-07 18:30:00,-0.004818115,-0.33482612644917864,1.269999971613288,12.169999727979302,0.039098681579118146,1.0870808493213073,1.1261795309004254,0.7865352895335215,0.006518641168156775,8.0
2026-08-07 18:40:00,-0.004818115,-0.3167107608882526,1.269999971613288,12.169999727979302,0.039098681579118146,1.0870808493213073,1.1261795309004254,0.8046506550944474,0.006518641168156775,8.0
2026-08-07 18:50:00,-0.004818115,-0.29742746130268727,1.269999971613288,12.169999727979302,0.039098681579118146,1.0870808493213073,1.1261795309004254,0.8239339546800128,0.006518641168156775,8.0
2026-08-07 19:00:00,-0.004818115,-0.27709191069779443,1.269999971613288,12.169999727979302,0.039098681579118146,1.0870808493213073,1.1261795309004254,0.8442695052849056,0.006518641168156775,8.0
2026-08-07 19:10:00,-0.004818115,-0.25582511883497794,1.269999971613288,12.169999727979302,0.039098681579118146,1.0870808493213073,1.1261795309004254,0.8655362971477222,0.006518641168156775,8.0
2026-08-07 19:20:00,-0.004818115,-0.23375386445629187,1.269999971613288,12.169999727979302,0.039098681579118146,1.0870808493213073,1.1261795309004254,0.8876075515264082,0.006518641168156775,8.0
2026-08-07 19:30:00,-0.004818115,-0.21101084275260001,1.269999971613288,12.169999727979302,0.039098681579118146,1.0870808493213073,1.1261795309004254,0.9103505732301,0.006518641168156775,8.0
2026-08-07 19:40:00,-0.004818115,-0.18773446003051253,1.269999971613288,12.169999727979302,0.039098681579118146,1.0870808493213073,1.1261795309004254,0.9336269559521876,0.006518641168156775,8.0
2026-08-07 19:50:00,-0.004818115,-0.1640682536045101,1.269999971613288,12.169999727979302,0.039098681579118146,1.0870808493213073,1.1261795309004254,0.95729316237819,0.006518641168156775,8.0
2026-08-07 20:00:00,-0.004818115,-0.14015995288750763,1.269999971613288,12.169999727979302,0.039098681579118146,1.0870808493213073,1.1261795309004254,0.9812014630951925,0.006518641168156775,8.0
2026-08-07 20:10:00,-0.004818115,-0.11616023362485318,1.269999971613288,12.169999727979302,0.039098681579118146,1.0870808493213073,1.1261795309004254,1.0052011823578468,0.006518641168156775,8.0
2026-08-07 20:20:00,-0.004818115,-0.09222124718112948,1.269999971613288,12.169999727979302,0.039098681579118146,1.0870808493213073,1.1261795309004254,1.0291401688015707,0.006518641168156775,8.0
2026-08-07 20:30:00,-0.004818115,-0.06849502826209523,1.269999971613288,12.169999727979302,0.039098681579118146,1.0870808493213073,1.1261795309004254,1.0528663877206048,0.006518641168156775,8.0
2026-08-07 20:40:00,-0.004818115,-0.045131894289898895,1.269999971613288,12.169999727979302,0.039098681579118146,1.0870808493213073,1.1261795309004254,1.0762295216928013,0.006518641168156775,8.0
2026-08-07 20:50:00,-0.004818115,-0.02227894787048689,1.269999971613288,12.169999727979302,0.039098681579118146,1.0870808493213073,1.1261795309004254,1.0990824681122133,0.006518641168156775,8.0
2026-08-07 21:00:00,-0.004818115,-7.877968840039551e-05,1.2499999720603228,12.049999730661511,0.03840711871355187,1.0678529695848105,1.1062600882983624,1.1013631936922368,0.006518641168156775,8.0
2026-08-07 21:10:00,-0.004818115,0.021331555105493276,1.2499999720603228,12.049999730661511,0.03840711871355187,1.0678529695848105,1.1062600882983624,1.1227735284861304,0.006518641168156775,8.0
2026-08-07 21:20:00,-0.004818115,0.04182124611583756,1.2499999720603228,12.049999730661511,0.03840711871355187,1.0678529695848105,1.1062600882983624,1.1432632194964747,0.006518641168156775,8.0
2026-08-07 21:30:00,-0.004818115,0.06126611825489341,1.2499999720603228,12.049999730661511,0.03840711871355187,1.0678529695848105,1.1062600882983624,1.1627080916355306,0.006518641168156775,8.0
2026-08-07 21:40:00,-0.004818115,0.07954873626319833,1.2499999720603228,12.049999730661511,0.03840711871355187,1.0678529695848105,1.1062600882983624,1.1809907096438355,0.006518641168156775,8.0
2026-08-07 21:50:00,-0.004818115,0.09655828954208641,1.2499999720603228,12.049999730661511,0.03840711871355187,1.0678529695848105,1.1062600882983624,1.1980002629227235,0.006518641168156775,8.0
2026-08-07 22:00:00,-0.004818115,0.11219034990210962,1.2499999720603228,12.049999730661511,0.03840711871355187,1.0678529695848105,1.1062600882983624,1.2136323232827466,0.006518641168156775,8.0
2026-08-07 22:10:00,-0.004818115,0.12634661158358665,1.2499999720603228,12.049999730661511,0.03840711871355187,1.0678529695848105,1.1062600882983624,1.2277885849642238,0.006518641168156775,8.0
2026-08-07 22:20:00,-0.004818115,0.13893472739690357,1.2499999720603228,12.049999730661511,0.03840711871355187,1.0678529695848105,1.1062600882983624,1.2403767007775406,0.006518641168156775,8.0
2026-08-07 22:30:00,-0.004818115,0.14986834738122687,1.2499999720603228,12.049999730661511,0.03840711871355187,1.0678529695848105,1.1062600882983624,1.2513103207618639,0.006518641168156775,8.0
2026-08-07 22:40:00,-0.004818115,0.1590674469387897,1.2499999720603228,12.049999730661511,0.03840711871355187,1.0678529695848105,1.1062600882983624,1.2605094203194267,0.006518641168156775,8.0
2026-08-07 22:50:00,-0.004818115,0.16645900229561292,1.2499999720603228,12.049999730661511,0.03840711871355187,1.0678529695848105,1.1062600882983624,1.26790097567625,0.006518641168156775,8.0
2026-08-07 23:00:00,-0.004818115,0.17197803516458693,1.2499999720603228,12.049999730661511,0.03840711871355187,1.0678529695848105,1.1062600882983624,1.273420008545224,0.006518641168156775,8.0
2026-08-07 23:10:00,-0.004818115,0.1755690091299039,1.2499999720603228,12.049999730661511,0.03840711871355187,1.0678529695848105,1.1062600882983624,1.277010982510541,0.006518641168156775,8.0
2026-08-07 23:20:00,-0.004818115,0.17718752161141374,1.2499999720603228,12.049999730661511,0.03840711871355187,1.0678529695848105,1.1062600882983624,1.278629494992051,0.006518641168156775,8.0
2026-08-07 23:30:00,-0.004818115,0.17680220097966273,1.2499999720603228,12.049999730661511,0.03840711871355187,1.0678529695848105,1.1062600882983624,1.2782441743603,0.006518641168156775,8.0
2026-08-07 23:40:00,-0.004818115,0.1743966918796091,1.2499999720603228,12.049999730661511,0.03840711871355187,1.0678529695848105,1.1062600882983624,1.2758386652602463,0.006518641168156775,8.0
2026-08-07 23:50:00,-0.004818115,0.16997159557421337,1.2499999720603228,12.049999730661511,0.03840711871355187,1.0678529695848105,1.1062600882983624,1.2714135689548505,0.006518641168156775,8.0
2026-08-08 00:00:00,-0.004818115,0.1635462275122391,1.2499999720603228,12.049999730661511,0.03840711871355187,1.0678529695848105,1.1062600882983624,1.2649882008928761,0.006518641168156775,8.0
2026-08-08 00:10:00,,0.15516006168635432,,,,,,,0.006518641168156775,8.0
2026-08-08 00:20:00,,0.14487374967027605,,,,,,,0.006518641168156775,8.0
2026-08-08 00:30:00,,0.1327696294515401,,,,,,,0.006518641168156775,8.0
2026-08-08 00:40:00,,0.11895167264656438,,,,,,,0.006518641168156775,8.0
2026-08-08 00:50:00,,0.10354485475862375,,,,,,,0.006518641168156775,8.0
2026-08-08 01:00:00,,0.08669396884535653,,,,,,,0.006518641168156775,8.0
2026-08-08 01:10:00,,0.06856193438690666,,,,,,,0.006518641168156775,8.0
2026-08-08 01:20:00,,0.04932767851058774,,,,,,,0.006518641168156775,8.0
2026-08-08 01:30:00,,0.029183683337743682,,,,,,,0.006518641168156775,8.0
2026-08-08 01:40:00,,0.008333300974754109,,,,,,,0.006518641168156775,8.0
2026-08-08 01:50:00,,-0.013012063610443086,,,,,,,0.006518641168156775,8.0
2026-08-08 02:00:00,,-0.034635810692553774,,,,,,,0.006518641168156775,8.0
2026-08-08 02:10:00,,-0.05631896843623601,,,,,,,0.006518641168156775,8.0
2026-08-08 02:20:00,,-0.0778429220332147,,,,,,,0.006518641168156775,8.0
2026-08-08 02:30:00,,-0.09899200989306667,,,,,,,0.006518641168156775,8.0
2026-08-08 02:40:00,,-0.11955596489125847,,,,,,,0.006518641168156775,8.0
2026-08-08 02:50:00,,-0.1393321915390841,,,,,,,0.006518641168156775,8.0
2026-08-08 03:00:00,,-0.15812787832401382,,,,,,,0.006518641168156775,8.0
2026-08-08 03:10:00,,-0.17576194640570475,,,,,,,0.006518641168156775,8.0
2026-08-08 03:20:00,,-0.192066832884205,,,,,,,0.006518641168156775,8.0
2026-08-08 03:30:00,,-0.20689009935989094,,,,,,,0.006518641168156775,8.0
2026-08-08 03:40:00,,-0.2200958465699078,,,,,,,0.006518641168156775,8.0
2026-08-08 03:50:00,,-0.23156590585821624,,,,,,,0.006518641168156775,8.0
2026-08-08 04:00:00,,-0.24120076997720286,,,,,,,0.006518641168156775,8.0
2026-08-08 04:10:00,,-0.24892022190223104,,,,,,,0.006518641168156775,8.0
2026-08-08 04:20:00,,-0.25466362187084385,,,,,,,0.006518641168156775,8.0
2026-08-08 04:30:00,,-0.2583898212419188,,,,,,,0.006518641168156775,8.0
2026-08-08 04:40:00,,-0.26007668638814285,,,,,,,0.006518641168156775,8.0
2026-08-08 04:50:00,,-0.25972023615055423,,,,,,,0.006518641168156775,8.0
2026-08-08 05:00:00,,-0.2573334204356721,,,,,,,0.006518641168156775,8.0
2026-08-08 05:10:00,,-0.2529445929325979,,,,,,,0.006518641168156775,8.0
2026-08-08 05:20:00,,-0.24659575492524055,,,,,,,0.006518641168156775,8.0
2026-08-08 05:30:00,,-0.23834066690414474,,,,,,,0.006518641168156775,8.0
2026-08-08 05:40:00,,-0.2282429375523397,,,,,,,0.006518641168156775,8.0
2026-08-08 05:50:00,,-0.21637420387098696,,,,,,,0.006518641168156775,8.0
2026-08-08 06:00:00,,-0.20281251039988493,,,,,,,0.006518641168156775,8.0
2026-08-08 06:10:00,,-0.18764097992876483,,,,,,,0.006518641168156775,8.0
2026-08-08 06:20:00,,-0.1709468434787354,,,,,,,0.006518641168156775,8.0
2026-08-08 06:30:00,,-0.15282086589059518,,,,,,,0.006518641168156775,8.0
2026-08-08 06:40:00,,-0.13335716791788954,,,,,,,0.006518641168156775,8.0
2026-08-08 06:50:00,,-0.11265340944346595,,,,,,,0.006518641168156775,8.0
2026-08-08 07:00:00,,-0.0908112653115895,,,,,,,0.006518641168156775,8.0
2026-08-08 07:10:00,,-0.06793709804538511,,,,,,,0.006518641168156775,8.0
2026-08-08 07:20:00,,-0.04414271398622378,,,,,,,0.006518641168156775,8.0
2026-08-08 07:30:00,,-0.019546082124562096,,,,,,,0.006518641168156775,8.0
2026-08-08 07:40:00,,0.005728100046240164,,,,,,,0.006518641168156775,8.0
2026-08-08 07:50:00,,0.031548093291173036,,,,,,,0.006518641168156775,8.0
2026-08-08 08:00:00,,0.05777512957735521,,,,,,,0.006518641168156775,8.0
2026-08-08 08:10:00,,0.08426379147721293,,,,,,,0.006518641168156775,8.0
2026-08-08 08:20:00,,0.11086276148315244,,,,,,,0.006518641168156775,8.0
2026-08-08 08:30:00,,0.1374159074479002,,,,,,,0.006518641168156775,8.0
2026-08-08 08:40:00,,0.16376363763668328,,,,,,,0.006518641168156775,8.0
2026-08-08 08:50:00,,0.1897444327572979,,,,,,,0.006518641168156775,8.0
2026-08-08 09:00:00,,0.21519644704879706,,,,,,,0.006518641168156775,8.0
2026-08-08 09:10:00,,0.23995906620687116,,,,,,,0.006518641168156775,8.0
2026-08-08 09:20:00,,0.26387431834300495,,,,,,,0.006518641168156775,8.0
2026-08-08 09:30:00,,0.2867880534833917,,,,,,,0.006518641168156775,8.0
2026-08-08 09:40:00,,0.30855083577846887,,,,,,,0.006518641168156775,8.0
2026-08-08 09:50:00,,0.3290185275147005,,,,,,,0.006518641168156775,8.0
2026-08-08 10:00:00,,0.3480525810924809,,,,,,,0.006518641168156775,8.0
2026-08-08 10:10:00,,0.3655200911323103,,,,,,,0.006518641168156775,8.0
2026-08-08 10:20:00,,0.38129368894683036,,,,,,,0.006518641168156775,8.0
2026-08-08 10:30:00,,0.39525138357098755,,,,,,,0.006518641168156775,8.0
2026-08-08 10:40:00,,0.4072764639440095,,,,,,,0.006518641168156775,8.0
2026-08-08 10:50:00,,0.4172575753081849,,,,,,,0.006518641168156775,8.0
2026-08-08 11:00:00,,0.4250890688178182,,,,,,,0.006518641168156775,8.0
2026-08-08 11:10:00,,0.43067169844090386,,,,,,,0.006518641168156775,8.0
2026-08-08 11:20:00,,0.43391370571241383,,,,,,,0.006518641168156775,8.0
2026-08-08 11:30:00,,0.43473229409029907,,,,,,,0.006518641168156775,8.0
2026-08-08 11:40:00,,0.43305545446843696,,,,,,,0.006518641168156775,8.0
2026-08-08 11:50:00,,0.4288240656334756,,,,,,,0.006518641168156775,8.0
2026-08-08 12:00:00,,0.4219941618355474,,,,,,,0.006518641168156775,8.0
2026-08-08 12:10:00,,0.41253923718779106,,,,,,,0.006518641168156775,8.0
2026-08-08 12:20:00,,0.4004524452222696,,,,,,,0.006518641168156775,8.0
2026-08-08 12:30:00,,0.38574855270750447,,,,,,,0.006518641168156775,8.0
2026-08-08 12:40:00,,0.36846551923304516,,,,,,,0.006518641168156775,8.0
2026-08-08 12:50:00,,0.34866559671300507,,,,,,,0.006518641168156775,8.0
2026-08-08 13:00:00,,0.3264358736099947,,,,,,,0.006518641168156775,8.0
2026-08-08 13:10:00,,0.30188822367785834,,,,,,,0.006518641168156775,8.0
2026-08-08 13:20:00,,0.27515865580395177,,,,,,,0.006518641168156775,8.0
2026-08-08 13:30:00,,0.2464060956208007,,,,,,,0.006518641168156775,8.0
2026-08-08 13:40:00,,0.21581065913205622,,,,,,,0.006518641168156775,8.0
2026-08-08 13:50:00,,0.1835715002711712,,,,,,,0.006518641168156775,8.0
2026-08-08 14:00:00,,0.14990432766414963,,,,,,,0.006518641168156775,8.0
2026-08-08 14:10:00,,0.11503868981918512,,,,,,,0.006518641168156775,8.0
2026-08-08 14:20:00,,0.07921512371732357,,,,,,,0.006518641168156775,8.0
2026-08-08 14:30:00,,0.04268225067122302,,,,,,,0.006518641168156775,8.0
2026-08-08 14:40:00,,0.005693887276880457,,,,,,,0.006518641168156775,8.0
2026-08-08 14:50:00,,-0.031493778313295376,,,,,,,0.006518641168156775,8.0
2026-08-08 15:00:00,,-0.06862491225009651,,,,,,,0.006518641168156775,8.0
2026-08-08 15:10:00,,-0.10544664484308093,,,,,,,0.006518641168156775,8.0
2026-08-08 15:20:00,,-0.14171155641312713,,,,,,,0.006518641168156775,8.0
2026-08-08 15:30:00,,-0.1771800356087511,,,,,,,0.006518641168156775,8.0
2026-08-08 15:40:00,,-0.21162250565857815,,,,,,,0.006518641168156775,8.0
2026-08-08 15:50:00,,-0.2448215080605786,,,,,,,0.006518641168156775,8.0
2026-08-08 16:00:00,,-0.2765736239058725,,,,,,,0.006518641168156775,8.0
2026-08-08 16:10:00,,-0.3066912026583431,,,,,,,0.006518641168156775,8.0
2026-08-08 16:20:00,,-0.33500385835691776,,,,,,,0.006518641168156775,8.0
2026-08-08 16:30:00,,-0.36135968717406514,,,,,,,0.006518641168156775,8.0
2026-08-08 16:40:00,,-0.38562615872465805,,,,,,,0.006518641168156775,8.0
2026-08-08 16:50:00,,-0.40769063880009543,,,,,,,0.006518641168156775,8.0
2026-08-08 17:00:00,,-0.4274605128868394,,,,,,,0.006518641168156775,8.0
2026-08-08 17:10:00,,-0.4448628980060228,,,,,,,0.006518641168156775,8.0
2026-08-08 17:20:00,,-0.4598439533522221,,,,,,,0.006518641168156775,8.0
2026-08-08 17:30:00,,-0.47236782597539895,,,,,,,0.006518641168156775,8.0
2026-08-08 17:40:00,,-0.48241529366075775,,,,,,,0.006518641168156775,8.0
2026-08-08 17:50:00,,-0.48998219024078976,,,,,,,0.006518641168156775,8.0
2026-08-08 18:00:00,,-0.49507771619918794,,,,,,,0.006518641168156775,8.0
2026-08-08 18:10:00,,-0.49772274716236553,,,,,,,0.006518641168156775,8.0
2026-08-08 18:20:00,,-0.49794825316130825,,,,,,,0.006518641168156775,8.0
2026-08-08 18:30:00,,-0.4957939317960739,,,,,,,0.006518641168156775,8.0
2026-08-08 18:40:00,,-0.4913071389810671,,,,,,,0.006518641168156775,8.0
2026-08-08 18:50:00,,-0.4845421733797579,,,,,,,0.006518641168156775,8.0
2026-08-08 19:00:00,,-0.4755599373728775,,,,,,,0.006518641168156775,8.0
2026-08-08 19:10:00,,-0.4644279613618885,,,,,,,0.006518641168156775,8.0
2026-08-08 19:20:00,,-0.45122074339336465,,,,,,,0.006518641168156775,8.0
2026-08-08 19:30:00,,-0.43602032524008205,,,,,,,0.006518641168156775,8.0
2026-08-08 19:40:00,,-0.41891700325271936,,,,,,,0.006518641168156775,8.0
2026-08-08 19:50:00,,-0.400010059011755,,,,,,,0.006518641168156775,8.0
2026-08-08 20:00:00,,-0.379408393268654,,,,,,,0.006518641168156775,8.0
2026-08-08 20:10:00,,-0.3572309565166216,,,,,,,0.006518641168156775,8.0
2026-08-08 20:20:00,,-0.3336068902542805,,,,,,,0.006518641168156775,8.0
2026-08-08 20:30:00,,-0.30867532229016986,,,,,,,0.006518641168156775,8.0
2026-08-08 20:40:00,,-0.28258479415580917,,,,,,,0.006518641168156775,8.0
2026-08-08 20:50:00,,-0.2554923357634299,,,,,,,0.006518641168156775,8.0
2026-08-08 21:00:00,,-0.2275622370102157,,,,,,,0.006518641168156775,8.0
2026-08-08 21:10:00,,-0.19896459567984995,,,,,,,0.006518641168156775,8.0
2026-08-08 21:20:00,,-0.16987374128574487,,,,,,,0.006518641168156775,8.0
2026-08-08 21:30:00,,-0.14046664435265316,,,,,,,0.006518641168156775,8.0
2026-08-08 21:40:00,,-0.11092141813470434,,,,,,,0.006518641168156775,8.0
2026-08-08 21:50:00,,-0.08141600570687048,,,,,,,0.006518641168156775,8.0
2026-08-08 22:00:00,,-0.052127120890424934,,,,,,,0.006518641168156775,8.0
2026-08-08 22:10:00,,-0.023229479185771004,,,,,,,0.006518641168156775,8.0
2026-08-08 22:20:00,,0.005104681507194238,,,,,,,0.006518641168156775,8.0
2026-08-08 22:30:00,,0.032705827787636574,,,,,,,0.006518641168156775,8.0
2026-08-08 22:40:00,,0.059407175865566195,,,,,,,0.006518641168156775,8.0
2026-08-08 22:50:00,,0.08504465195701996,,,,,,,0.006518641168156775,8.0
2026-08-08 23:00:00,,0.10945688106181269,,,,,,,0.006518641168156775,8.0
2026-08-08 23:10:00,,0.13248532163394308,,,,,,,0.006518641168156775,8.0
2026-08-08 23:20:00,,0.15397465523327752,,,,,,,0.006518641168156775,8.0
2026-08-08 23:30:00,,0.17377352017735145,,,,,,,0.006518641168156775,8.0
2026-08-08 23:40:00,,0.19173564794054365,,,,,,,0.006518641168156775,8.0
2026-08-08 23:50:00,,0.2077214237399669,,,,,,,0.006518641168156775,8.0
